0 762 0.010665 300 0
0 666.8 0.0138 0
0 666.8 0.06827 300 88
0 666.8 0.120077 300 89
0 666.8 0.170141 300 89
0 666.8 0.222572 300 89
0 661.2 0.226551 89
0 655.6 0.230026 89
0 655.6 0.278758 300 89
0 655.6 0.337291 300 89
0 655.6 0.386373 300 89
0 655.6 0.445227 300 89
0 655.6 0.491657 300 89
0 655.6 0.540791 300 89
0 655.6 0.587554 300 89
0 655.6 0.639769 300 89
0 655.6 0.691793 300 89
0 655.6 0.746917 300 89
0 655.6 0.803761 300 89
0 655.6 0.859773 300 89
0 655.6 0.912596 300 89
0 655.6 0.969923 300 89
0 655.6 1.01746 300 89
0 655.6 1.07138 300 89
0 655.6 1.12462 300 89
0 655.6 1.18185 300 89
0 655.6 1.23429 300 89
0 655.6 1.28916 300 89
0 655.6 1.33954 300 89
0 655.6 1.38973 300 89
0 655.6 1.44581 300 89
0 655.6 1.5 300 89
0 655.6 1.55896 300 89
0 655.6 1.60905 300 89
0 655.6 1.66415 300 89
0 655.6 1.7152 300 89
0 655.6 1.77302 300 89
0 655.6 1.83113 300 89
0 655.6 1.88333 300 89
0 655.6 1.93465 300 89
0 655.6 1.98977 300 89
0 655.6 2.04255 300 89
0 655.6 2.09438 300 89
0 655.6 2.15407 300 89
0 655.6 2.22446 300 89
0 655.6 2.29211 300 89
0 655.6 2.34683 300 89
0 655.6 2.4066 300 89
0 655.6 2.46449 300 89
0 655.6 2.52303 300 89
0 655.6 2.58606 300 89
0 655.6 2.6453 300 89
0 655.6 2.70839 300 89
0 655.6 2.762 300 89
0 655.6 2.8215 300 89
0 655.6 2.88064 300 89
0 655.6 2.94011 300 89
0 655.6 2.99551 300 89
0 655.6 3.05387 300 89
0 655.6 3.11328 300 89
0 655.6 3.17311 300 89
0 655.6 3.22437 300 89
0 655.6 3.28355 300 89
0 655.6 3.33563 300 89
0 655.6 3.38563 300 89
0 655.6 3.44797 300 89
0 655.6 3.50854 300 89
0 655.6 3.57086 300 89
0 655.6 3.62584 300 89
0 655.6 3.68309 300 89
0 655.6 3.73898 300 89
0 655.6 3.7951 300 89
0 655.6 3.84988 300 89
0 655.6 3.89038 300 89
0 655.6 3.95279 300 89
0 655.6 4.01183 300 89
0 655.6 4.07295 300 89
0 655.6 4.1464 300 89
0 655.6 4.22582 300 89
0 655.6 4.31563 300 89
0 655.6 4.39405 300 89
0 655.6 4.48828 300 89
0 655.6 4.57886 300 89
0 655.6 4.65707 300 89
0 655.6 4.71398 300 89
0 655.6 4.76999 300 89
0 655.6 4.82722 300 89
0 655.6 4.88221 300 89
0 655.6 4.9419 300 89
0 655.6 4.99584 300 89
0 655.6 5.05422 300 89
0 655.6 5.10968 300 89
0 655.6 5.16661 300 89
0 655.6 5.22609 300 89
0 655.6 5.28288 300 89
0 655.6 5.33597 300 89
0 655.6 5.39562 300 89
0 655.6 5.45091 300 89
0 655.6 5.50728 300 89
0 655.6 5.56137 300 89
0 655.6 5.61498 300 89
0 655.6 5.67117 300 89
0 655.6 5.73237 300 89
0 655.6 5.79017 300 89
0 655.6 5.84867 300 89
0 655.6 5.90704 300 89
0 655.6 5.96566 300 89
0 655.6 6.02446 300 89
0 655.6 6.08502 300 89
0 655.6 6.14548 300 89
0 655.6 6.20504 300 89
0 655.6 6.28941 300 89
0 655.6 6.37314 300 89
0 655.6 6.4623 300 89
0 650 6.48927 89
0 650 6.5682 300 89
0 650 6.65402 300 89
0 650 6.73584 300 89
0 650 6.82502 300 89
0 650 6.91845 300 89
0 650 7.00467 300 89
0 650 7.09468 300 89
0 650 7.18899 300 89
0 650 7.27786 300 89
0 650 7.3663 300 89
0 650 7.45307 300 89
0 650 7.54246 300 89
0 650 7.62889 300 89
0 650 7.71976 300 89
0 650 7.81081 300 89
0 650 7.9012 300 89
0 650 7.99309 300 89
0 650 8.08108 300 89
0 650 8.16985 300 89
0 650 8.26679 300 89
0 650 8.35068 300 89
0 650 8.44207 300 89
0 650 8.53867 300 89
0 650 8.63369 300 89
0 650 8.7239 300 89
0 650 8.81591 300 89
0 650 8.91088 300 89
0 650 9.0495 300 89
0 650 9.12159 300 89
0 650 9.17828 300 89
0 650 9.24445 300 89
0 650 9.30555 300 89
0 650 9.36931 300 89
0 650 9.43494 300 89
0 650 9.5017 300 89
0 650 9.56338 300 89
0 650 9.62994 300 89
0 650 9.6906 300 89
0 650 9.75557 300 89
0 650 9.81483 300 89
0 650 9.87921 300 89
0 650 9.9457 300 89
0 650 10.0092 300 89
0 650 10.0757 300 89
0 650 10.1387 300 89
0 650 10.2008 300 89
0 650 10.255 300 89
0 650 10.3203 300 89
0 650 10.3967 300 89
0 650 10.4628 300 89
0 650 10.5194 300 89
0 650 10.5752 300 89
0 650 10.6353 300 89
0 650 10.7039 300 89
0 650 10.7952 300 89
0 650 10.8858 300 89
0 650 10.9688 300 89
0 650 11.0746 300 89
0 650 11.1723 300 89
0 650 11.2394 300 89
0 650 11.3246 300 89
0 650 11.419 300 89
0 650 11.5151 300 89
0 650 11.6167 300 89
0 650 11.7071 300 89
0 650 11.7983 300 89
0 650 11.8995 300 89
0 650 12.0054 300 89
0 650 12.0986 300 89
0 650 12.1953 300 89
0 650 12.2959 300 89
0 650 12.4055 300 89
0 650 12.5096 300 89
0 650 12.6087 300 89
0 650 12.7096 300 89
0 650 12.8146 300 89
0 650 12.9113 300 89
0 650 13.0301 300 89
0 650 13.1475 300 89
0 650 13.2553 300 89
0 650 13.3543 300 89
0 650 13.4427 300 89
0 650 13.5487 300 89
0 650 13.6542 300 89
0 650 13.7624 300 89
0 650 13.856 300 89
0 650 13.9594 300 89
0 650 14.0594 300 89
0 650 14.1656 300 89
0 650 14.2703 300 89
0 650 14.3709 300 89
0 650 14.4612 300 89
0 650 14.5653 300 89
0 650 14.6735 300 89
0 650 14.7627 300 89
0 650 14.8587 300 89
0 650 14.9563 300 89
0 650 15.0592 300 89
0 650 15.1557 300 89
0 650 15.2547 300 89
0 650 15.3589 300 89
0 650 15.4526 300 89
0 650 15.5575 300 89
0 650 15.6608 300 89
0 650 15.7616 300 89
0 650 15.8671 300 89
0 650 15.9729 300 89
0 650 16.0799 300 89
0 650 16.1786 300 89
0 650 16.2757 300 89
0 650 16.3779 300 89
0 650 16.4796 300 89
0 650 16.5758 300 89
0 650 16.6944 300 89
0 650 16.7857 300 89
0 650 16.8851 300 89
0 650 16.9832 300 89
0 650 17.0879 300 89
0 650 17.181 300 89
0 650 17.2855 300 89
0 650 17.3821 300 89
0 650 17.4865 300 89
0 650 17.5943 300 89
0 650 17.7104 300 89
0 650 17.8039 300 89
0 650 17.9068 300 89
0 650 18.0061 300 89
0 650 18.1055 300 89
0 650 18.2183 300 89
0 650 18.3212 300 89
0 650 18.4207 300 89
0 650 18.5289 300 89
0 650 18.6375 300 89
0 650 18.7392 300 89
0 650 18.8367 300 89
0 650 18.9385 300 89
0 650 19.0484 300 89
0 650 19.1548 300 89
0 650 19.2571 300 89
0 650 19.3546 300 89
0 650 19.4497 300 89
0 650 19.5513 300 89
0 650 19.6527 300 89
0 650 19.7589 300 89
0 650 19.8209 300 89
0 650 19.9286 300 89
0 650 20.0263 300 89
0 650 20.1256 300 89
0 650 20.2234 300 89
0 650 20.3289 300 89
0 650 20.4307 300 89
0 650 20.5215 300 89
0 650 20.6201 300 89
0 650 20.7108 300 89
0 650 20.7874 300 89
0 650 20.8715 300 89
0 650 20.9744 300 89
0 650 21.0756 300 89
0 650 21.1718 300 89
0 650 21.2742 300 89
0 650 21.3669 300 89
0 650 21.4692 300 89
0 650 21.5694 300 89
0 650 21.6686 300 89
0 650 21.7746 300 89
0 650 21.8763 300 89
0 650 21.9762 300 89
0 650 22.0655 300 89
0 650 22.1655 300 89
0 650 22.2732 300 89
0 650 22.3685 300 89
0 650 22.4631 300 89
0 650 22.5706 300 89
0 650 22.6677 300 89
0 650 22.7518 300 89
0 650 22.8532 300 89
0 650 22.955 300 89
0 650 23.0574 300 89
0 650 23.1654 300 89
0 650 23.2726 300 89
0 650 23.3715 300 89
0 650 23.4823 300 89
0 650 23.5888 300 89
0 650 23.6929 300 89
0 650 23.795 300 89
0 650 23.9463 300 89
0 650 24.0462 300 89
0 650 24.1578 300 89
0 650 24.2542 300 89
0 650 24.3522 300 89
0 650 24.4532 300 89
0 650 24.5547 300 89
0 650 24.6617 300 89
0 650 24.7604 300 89
0 650 24.8653 300 89
0 650 24.9629 300 89
0 650 25.0664 300 89
0 650 25.1612 300 89
0 650 25.2669 300 89
0 650 25.3692 300 89
0 650 25.4684 300 89
0 650 25.5737 300 89
0 650 25.6744 300 89
0 650 25.7866 300 89
0 650 25.8852 300 89
0 650 25.9859 300 89
0 650 26.0825 300 89
0 650 26.1826 300 89
0 650 26.2852 300 89
0 650 26.3851 300 89
0 650 26.4717 300 89
0 650 26.5711 300 89
0 650 26.7092 300 89
0 650 26.8081 300 89
0 650 26.9068 300 89
0 650 27.004 300 89
0 650 27.1045 300 89
0 650 27.211 300 89
0 650 27.3187 300 89
0 650 27.4221 300 89
0 650 27.5252 300 89
0 650 27.6244 300 89
0 650 27.7222 300 89
0 650 27.8225 300 89
0 650 27.9261 300 89
0 650 28.0248 300 89
0 650 28.1272 300 89
0 650 28.226 300 89
0 650 28.3173 300 89
0 650 28.4269 300 89
0 650 28.5291 300 89
0 650 28.6297 300 89
0 650 28.7319 300 89
0 650 28.8262 300 89
0 650 28.9259 300 89
0 650 29.0276 300 89
0 650 29.1366 300 89
0 650 29.2362 300 89
0 650 29.3457 300 89
0 650 29.4392 300 89
0 650 29.5419 300 89
0 650 29.6448 300 89
0 650 29.7427 300 89
0 650 29.8469 300 89
0 650 29.9402 300 89
0 650 30.0394 300 89
0 650 30.1403 300 89
0 650 30.2349 300 89
0 650 30.334 300 89
0 650 30.4284 300 89
0 650 30.5136 300 89
0 650 30.6111 300 89
0 650 30.714 300 89
0 650 30.8064 300 89
0 650 30.9062 300 89
0 650 31.0065 300 89
0 650 31.1035 300 89
0 650 31.1971 300 89
0 650 31.3054 300 89
0 650 31.4026 300 89
0 650 31.4993 300 89
0 650 31.5911 300 89
0 650 31.6811 300 89
0 650 31.7722 300 89
0 650 31.869 300 89
0 650 31.9684 300 89
0 650 32.0708 300 89
0 650 32.1664 300 89
0 650 32.26 300 89
0 650 32.3611 300 89
0 650 32.4637 300 89
0 650 32.5717 300 89
0 650 32.6657 300 89
0 650 32.7564 300 89
0 650 32.8435 300 89
0 650 32.9287 300 89
0 650 33.0355 300 89
0 650 33.1245 300 89
0 650 33.2113 300 89
0 650 33.3064 300 89
0 650 33.4032 300 89
0 650 33.5 300 89
0 650 33.5984 300 89
0 650 33.6909 300 89
0 650 33.7863 300 89
0 650 33.8891 300 89
0 650 33.9958 300 89
0 650 34.0934 300 89
0 650 34.1845 300 89
0 650 34.2747 300 89
0 650 34.3764 300 89
0 650 34.4717 300 89
0 650 34.5662 300 89
0 650 34.6697 300 89
0 650 34.7636 300 89
0 650 34.8607 300 89
0 650 34.9702 300 89
0 650 35.0774 300 89
0 650 35.1723 300 89
0 650 35.2689 300 89
0 650 35.3654 300 89
0 650 35.4642 300 89
0 650 35.5508 300 89
0 650 35.6462 300 89
0 650 35.741 300 89
0 650 35.8463 300 89
0 650 35.9499 300 89
0 650 36.0456 300 89
0 650 36.1503 300 89
0 650 36.2437 300 89
0 650 36.3457 300 89
0 650 36.4363 300 89
0 650 36.534 300 89
0 650 36.6302 300 89
0 650 36.7289 300 89
0 650 36.8156 300 89
0 650 36.9174 300 89
0 650 37.0161 300 89
0 650 37.107 300 89
0 650 37.1999 300 89
0 650 37.2936 300 89
0 650 37.3867 300 89
0 650 37.4792 300 89
0 650 37.5769 300 89
0 650 37.6684 300 89
0 650 37.7591 300 89
0 650 37.8516 300 89
0 650 37.9487 300 89
0 650 38.0359 300 89
0 650 38.1265 300 89
0 650 38.2196 300 89
0 650 38.3205 300 89
0 650 38.4165 300 89
0 650 38.5061 300 89
0 650 38.6018 300 89
0 650 38.7081 300 89
0 650 38.809 300 89
0 650 38.9045 300 89
0 650 38.9947 300 89
0 650 39.0782 300 89
0 650 39.18 300 89
0 650 39.2768 300 89
0 650 39.378 300 89
0 650 39.4733 300 89
0 650 39.5692 300 89
0 650 39.6698 300 89
0 650 39.7651 300 89
0 650 39.8491 300 89
0 650 39.9507 300 89
0 650 40.0569 300 89
0 650 40.147 300 89
0 650 40.2447 300 89
0 650 40.3449 300 89
0 650 40.4439 300 89
0 650 40.5457 300 89
0 650 40.6291 300 89
0 650 40.7141 300 89
0 650 40.8025 300 89
0 650 40.8926 300 89
0 650 40.984 300 89
0 650 41.0867 300 89
0 650 41.1734 300 89
0 650 41.2586 300 89
0 650 41.3563 300 89
0 650 41.449 300 89
0 650 41.5338 300 89
0 650 41.6258 300 89
0 650 41.7273 300 89
0 650 41.8175 300 89
0 650 41.9113 300 89
0 650 41.9919 300 89
0 650 42.0846 300 89
0 650 42.1784 300 89
0 650 42.2709 300 89
0 650 42.3765 300 89
0 650 42.4782 300 89
0 650 42.5739 300 89
0 650 42.6693 300 89
0 650 42.7584 300 89
0 650 42.8434 300 89
0 650 42.9305 300 89
0 650 43.0222 300 89
0 650 43.1111 300 89
0 650 43.2004 300 89
0 650 43.2925 300 89
0 650 43.3746 300 89
0 650 43.4696 300 89
0 650 43.5594 300 89
0 650 43.6473 300 89
0 650 43.7301 300 89
0 650 43.8254 300 89
0 650 43.9155 300 89
0 650 44.0102 300 89
0 650 44.0979 300 89
0 650 44.1801 300 89
0 650 44.2649 300 89
0 650 44.317 300 89
0 650 44.4105 300 89
0 650 44.506 300 89
0 650 44.5908 300 89
0 650 44.6789 300 89
0 650 44.7668 300 89
0 650 44.8615 300 89
0 650 44.9411 300 89
0 650 45.0285 300 89
0 650 45.1168 300 89
0 650 45.1997 300 89
0 650 45.2828 300 89
0 650 45.3692 300 89
0 650 45.4602 300 89
0 650 45.5437 300 89
0 650 45.6207 300 89
0 650 45.7071 300 89
0 650 45.7917 300 89
0 650 45.8743 300 89
0 650 45.9625 300 89
0 650 46.0471 300 89
0 650 46.1304 300 89
0 650 46.2071 300 89
0 650 46.2995 300 89
0 650 46.3909 300 89
0 650 46.4794 300 89
0 650 46.5672 300 89
0 650 46.6524 300 89
0 650 46.75 300 89
0 650 46.8378 300 89
0 650 46.9306 300 89
0 650 47.0087 300 89
0 650 47.1031 300 89
0 650 47.1888 300 89
0 650 47.2753 300 89
0 650 47.3588 300 89
0 650 47.4614 300 89
0 650 47.5559 300 89
0 650 47.6505 300 89
0 650 47.7367 300 89
0 650 47.8196 300 89
0 650 47.9065 300 89
0 650 47.994 300 89
0 650 48.0826 300 89
0 650 48.1662 300 89
0 650 48.2448 300 89
0 650 48.3221 300 89
0 650 48.4041 300 89
0 650 48.483 300 89
0 650 48.5699 300 89
0 650 48.6468 300 89
0 650 48.7334 300 89
0 650 48.8225 300 89
0 650 48.9019 300 89
0 650 48.9941 300 89
0 650 49.0772 300 89
0 650 49.1688 300 89
0 650 49.2508 300 89
0 650 49.3472 300 89
0 650 49.4389 300 89
0 650 49.5211 300 89
0 650 49.6114 300 89
0 650 49.6993 300 89
0 650 49.7801 300 89
0 650 49.8617 300 89
0 650 49.9571 300 89
0 650 50.0443 300 89
0 650 50.1391 300 89
0 650 50.2267 300 89
0 650 50.3174 300 89
0 650 50.4001 300 89
0 650 50.4832 300 89
0 650 50.5729 300 89
0 650 50.6626 300 89
0 650 50.7502 300 89
0 650 50.8477 300 89
0 650 50.9375 300 89
0 650 51.0204 300 89
0 650 51.1107 300 89
0 650 51.1887 300 89
0 650 51.2849 300 89
0 650 51.3782 300 89
0 650 51.4774 300 89
0 650 51.5645 300 89
0 650 51.6468 300 89
0 650 51.7366 300 89
0 650 51.8377 300 89
0 650 51.9364 300 89
0 650 52.0212 300 89
0 650 52.117 300 89
0 650 52.1942 300 89
0 650 52.288 300 89
0 650 52.3741 300 89
0 650 52.4501 300 89
0 650 52.5349 300 89
0 650 52.6212 300 89
0 650 52.7054 300 89
0 650 52.7886 300 89
0 650 52.8669 300 89
0 650 52.9496 300 89
0 650 53.0317 300 89
0 650 53.1206 300 89
0 650 53.1971 300 89
0 650 53.2776 300 89
0 650 53.3602 300 89
0 650 53.443 300 89
0 650 53.5202 300 89
0 650 53.6106 300 89
0 650 53.6953 300 89
0 650 53.7821 300 89
0 650 53.8615 300 89
0 650 53.9513 300 89
0 650 54.0363 300 89
0 650 54.1266 300 89
0 650 54.2205 300 89
0 650 54.3041 300 89
0 650 54.4021 300 89
0 650 54.4861 300 89
0 650 54.5841 300 89
0 650 54.6711 300 89
0 650 54.7624 300 89
0 650 54.8506 300 89
0 650 54.9435 300 89
0 650 55.0211 300 89
0 650 55.099 300 89
0 650 55.1825 300 89
0 650 55.262 300 89
0 650 55.3461 300 89
0 650 55.4327 300 89
0 650 55.5191 300 89
0 650 55.6019 300 89
0 650 55.6892 300 89
0 650 55.7681 300 89
0 650 55.8339 300 89
0 650 55.896 300 89
0 650 55.958 300 89
0 650 56.0238 300 89
0 650 56.0769 300 89
0 650 56.1363 300 89
0 650 56.1965 300 89
0 650 56.2521 300 89
0 650 56.342 300 89
0 650 56.454 300 89
0 650 56.5571 300 89
0 650 56.6433 300 89
0 650 56.7265 300 89
0 650 56.7968 300 89
0 650 56.8763 300 89
0 650 56.9586 300 89
0 650 57.0434 300 89
0 650 57.1694 300 89
0 650 57.2544 300 89
0 650 57.3315 300 89
0 650 57.4186 300 89
0 650 57.5027 300 89
0 650 57.5857 300 89
0 650 57.6645 300 89
0 650 57.7466 300 89
0 650 57.8315 300 89
0 650 57.9146 300 89
0 650 57.9998 300 89
0 650 58.091 300 89
0 650 58.1728 300 89
0 650 58.2533 300 89
0 650 58.3354 300 89
0 650 58.414 300 89
0 650 58.4934 300 89
0 650 58.5795 300 89
0 650 58.6592 300 89
0 650 58.7483 300 89
0 650 58.8284 300 89
0 650 58.9667 300 89
0 650 59.1331 300 89
0 650 59.2556 300 89
0 650 59.3798 300 89
0 650 59.4595 300 89
0 650 59.5297 300 89
0 650 59.6125 300 89
0 650 59.6913 300 89
0 650 59.7727 300 89
0 650 59.8488 300 89
0 650 59.9266 300 89
0 650 60.0281 300 89
0 650 60.1163 300 89
0 650 60.2399 300 89
0 650 60.3465 300 89
0 650 60.4431 300 89
0 650 60.5439 300 89
0 650 60.6508 300 89
0 650 60.7459 300 89
0 650 60.8321 300 89
0 650 60.9068 300 89
0 650 60.989 300 89
0 650 61.0788 300 89
0 650 61.1711 300 89
0 650 61.2536 300 89
0 650 61.336 300 89
0 650 61.4101 300 89
0 650 61.4929 300 89
0 650 61.5663 300 89
0 650 61.6408 300 89
0 650 61.7184 300 89
0 650 61.8047 300 89
0 650 61.8786 300 89
0 650 61.9629 300 89
0 650 62.0428 300 89
0 650 62.1312 300 89
0 650 62.2107 300 89
0 650 62.2941 300 89
0 650 62.3893 300 89
0 650 62.497 300 89
0 650 62.5843 300 89
0 650 62.6696 300 89
0 650 62.757 300 89
0 650 62.8378 300 89
0 650 62.9233 300 89
0 650 63.011 300 89
0 650 63.0943 300 89
0 650 63.1758 300 89
0 650 63.2563 300 89
0 650 63.3399 300 89
0 650 63.4489 300 89
0 650 63.5323 300 89
0 650 63.6066 300 89
0 650 63.6912 300 89
0 650 63.7654 300 89
0 650 63.8513 300 89
0 650 63.9335 300 89
0 650 64.0247 300 89
0 650 64.109 300 89
0 650 64.1972 300 89
0 650 64.2801 300 89
0 650 64.3769 300 89
0 650 64.4636 300 89
0 650 64.5519 300 89
0 650 64.6398 300 89
0 650 64.7262 300 89
0 650 64.8062 300 89
0 650 64.8843 300 89
0 650 64.9624 300 89
0 650 65.0534 300 89
0 650 65.1373 300 89
0 650 65.2275 300 89
0 650 65.3175 300 89
0 650 65.404 300 89
0 650 65.4866 300 89
0 650 65.5836 300 89
0 650 65.6698 300 89
0 650 65.7565 300 89
0 650 65.8511 300 89
0 650 65.9434 300 89
0 650 66.0317 300 89
0 650 66.1231 300 89
0 650 66.2287 300 89
0 650 66.3233 300 89
0 650 66.4124 300 89
0 650 66.5051 300 89
0 650 66.5953 300 89
0 650 66.6731 300 89
0 650 66.7691 300 89
0 650 66.8607 300 89
0 650 66.9416 300 89
0 650 67.015 300 89
0 650 67.1069 300 89
0 650 67.1954 300 89
0 650 67.2842 300 89
0 650 67.3771 300 89
0 650 67.4717 300 89
0 650 67.5637 300 89
0 650 67.6565 300 89
0 650 67.7422 300 89
0 650 67.8329 300 89
0 650 67.9222 300 89
0 650 68.0195 300 89
0 650 68.101 300 89
0 650 68.1859 300 89
0 650 68.2651 300 89
0 650 68.3549 300 89
0 650 68.4395 300 89
0 650 68.5231 300 89
0 650 68.6072 300 89
0 650 68.6938 300 89
0 650 68.7809 300 89
0 650 68.8681 300 89
0 650 68.9573 300 89
0 650 69.0376 300 89
0 650 69.1285 300 89
0 650 69.2248 300 89
0 650 69.3195 300 89
0 650 69.4356 300 89
0 650 69.5475 300 89
0 650 69.6597 300 89
0 650 69.771 300 89
0 650 69.8543 300 89
0 650 69.9401 300 89
0 650 70.0233 300 89
0 650 70.1092 300 89
0 650 70.1956 300 89
0 650 70.2782 300 89
0 650 70.3625 300 89
0 650 70.4653 300 89
0 650 70.5644 300 89
0 650 70.6436 300 89
0 650 70.7313 300 89
0 650 70.8063 300 89
0 650 70.8869 300 89
0 650 70.9791 300 89
0 650 71.0642 300 89
0 650 71.1448 300 89
0 650 71.2294 300 89
0 650 71.3116 300 89
0 650 71.4067 300 89
0 650 71.5168 300 89
0 650 71.6641 300 89
0 650 71.7911 300 89
0 650 71.8961 300 89
0 650 71.9697 300 89
0 650 72.0538 300 89
0 650 72.1463 300 89
0 650 72.2425 300 89
0 650 72.331 300 89
0 650 72.4126 300 89
0 650 72.509 300 89
0 650 72.6494 300 89
0 650 72.7312 300 89
0 650 72.8172 300 89
0 650 72.9562 300 89
0 650 73.0396 300 89
0 650 73.1236 300 89
0 650 73.2115 300 89
0 650 73.2981 300 89
0 650 73.3879 300 89
0 650 73.4862 300 89
0 650 73.5801 300 89
0 650 73.6726 300 89
0 650 73.775 300 89
0 650 73.8804 300 89
0 650 73.9826 300 89
0 650 74.0762 300 89
0 650 74.1758 300 89
0 650 74.2839 300 89
0 650 74.3888 300 89
0 650 74.4717 300 89
0 650 74.5567 300 89
0 650 74.6591 300 89
0 650 74.7665 300 89
0 650 74.8473 300 89
0 650 74.9364 300 89
0 650 75.0218 300 89
0 650 75.0958 300 89
0 650 75.1736 300 89
0 650 75.2585 300 89
0 650 75.3538 300 89
0 650 75.4353 300 89
0 650 75.5569 300 89
0 650 75.6389 300 89
0 650 75.722 300 89
0 650 75.8075 300 89
0 650 75.891 300 89
0 650 75.9786 300 89
0 650 76.0652 300 89
0 650 76.1559 300 89
0 650 76.2452 300 89
0 650 76.3444 300 89
0 650 76.4375 300 89
0 650 76.5473 300 89
0 650 76.6632 300 89
0 650 76.7741 300 89
0 650 76.8454 300 89
0 650 76.9069 300 89
0 650 76.9951 300 89
0 650 77.0599 300 89
0 650 77.1636 300 89
0 650 77.2871 300 89
0 650 77.3928 300 89
0 650 77.4789 300 89
0 650 77.5537 300 89
0 650 77.6406 300 89
0 650 77.7513 300 89
0 650 77.8479 300 89
0 650 77.9401 300 89
0 650 78.025 300 89
0 650 78.106 300 89
0 650 78.1839 300 89
0 650 78.2665 300 89
0 650 78.3502 300 89
0 650 78.4353 300 89
0 650 78.5092 300 89
0 650 78.6265 300 89
0 650 78.7152 300 89
0 650 78.8002 300 89
0 650 78.8614 300 89
0 650 78.9243 300 89
0 650 78.9916 300 89
0 650 79.0478 300 89
0 650 79.1016 300 89
0 650 79.1574 300 89
0 650 79.2141 300 89
0 650 79.2716 300 89
0 650 79.3299 300 89
0 650 79.3847 300 89
0 650 79.4405 300 89
0 650 79.5058 300 89
0 650 79.5694 300 89
0 650 79.6314 300 89
0 650 79.6917 300 89
0 650 79.7497 300 89
0 650 79.8098 300 89
0 650 79.8659 300 89
0 650 79.9282 300 89
0 650 79.9869 300 89
0 650 80.0504 300 89
0 650 80.1067 300 89
0 650 80.1659 300 89
0 650 80.2294 300 89
0 650 80.2904 300 89
0 650 80.3508 300 89
0 650 80.4156 300 89
0 650 80.4763 300 89
0 650 80.5401 300 89
0 650 80.6009 300 89
0 650 80.6525 300 89
0 650 80.71 300 89
0 650 80.7692 300 89
0 650 80.829 300 89
0 650 80.8896 300 89
0 650 80.9498 300 89
0 650 81.0119 300 89
0 650 81.0766 300 89
0 650 81.142 300 89
0 650 81.1999 300 89
0 650 81.2835 300 89
0 650 81.3649 300 89
0 650 81.4501 300 89
0 650 81.5422 300 89
0 650 81.6299 300 89
0 650 81.7132 300 89
0 650 81.8093 300 89
0 650 81.9059 300 89
0 650 82.0087 300 89
0 650 82.0955 300 89
0 650 82.1908 300 89
0 650 82.2789 300 89
0 650 82.3581 300 89
0 650 82.4361 300 89
0 650 82.5261 300 89
0 650 82.6127 300 89
0 650 82.6997 300 89
0 650 82.7841 300 89
0 650 82.8764 300 89
0 650 82.9603 300 89
0 650 83.052 300 89
0 650 83.1412 300 89
0 650 83.2263 300 89
0 650 83.3123 300 89
0 650 83.4002 300 89
0 650 83.4905 300 89
0 650 83.579 300 89
0 650 83.665 300 89
0 650 83.804 300 89
0 650 83.8886 300 89
0 650 83.9763 300 89
0 650 84.0576 300 89
0 650 84.1491 300 89
0 650 84.2334 300 89
0 650 84.3197 300 89
0 650 84.4003 300 89
0 650 84.4831 300 89
0 650 84.5635 300 89
0 650 84.6508 300 89
0 650 84.7397 300 89
0 650 84.8215 300 89
0 650 84.8933 300 89
0 650 84.9825 300 89
0 650 85.0412 300 89
0 650 85.1335 300 89
0 650 85.2188 300 89
0 650 85.3014 300 89
0 650 85.3565 300 89
0 650 85.4374 300 89
0 650 85.5187 300 89
0 650 85.5938 300 89
0 650 85.6781 300 89
0 650 85.7646 300 89
0 650 85.8565 300 89
0 650 85.9437 300 89
0 650 86.0329 300 89
0 650 86.1243 300 89
0 650 86.2109 300 89
0 650 86.298 300 89
0 650 86.3953 300 89
0 650 86.4839 300 89
0 650 86.5719 300 89
0 650 86.657 300 89
0 650 86.751 300 89
0 650 86.843 300 89
0 650 86.9346 300 89
0 650 87.029 300 89
0 650 87.1109 300 89
0 650 87.1968 300 89
0 650 87.288 300 89
0 650 87.3701 300 89
0 650 87.4618 300 89
0 650 87.5546 300 89
0 650 87.6409 300 89
0 650 87.7307 300 89
0 650 87.8214 300 89
0 650 87.9085 300 89
0 650 87.9894 300 89
0 650 88.0489 300 89
0 650 88.109 300 89
0 650 88.1689 300 89
0 650 88.2292 300 89
0 650 88.2929 300 89
0 650 88.3552 300 89
0 650 88.4134 300 89
0 650 88.4765 300 89
0 650 88.5405 300 89
0 650 88.6045 300 89
0 650 88.6602 300 89
0 650 88.7169 300 89
0 650 88.7776 300 89
0 650 88.8285 300 89
0 650 88.8929 300 89
0 650 88.9467 300 89
0 650 89.0045 300 89
0 650 89.0692 300 89
0 650 89.1282 300 89
0 650 89.1855 300 89
0 650 89.2415 300 89
0 650 89.3004 300 89
0 650 89.3577 300 89
0 650 89.4287 300 89
0 650 89.5101 300 89
0 650 89.6025 300 89
0 650 89.6843 300 89
0 650 89.7696 300 89
0 650 89.8458 300 89
0 650 89.9303 300 89
0 650 90.0241 300 89
0 650 90.1115 300 89
0 650 90.2223 300 89
0 650 90.3056 300 89
0 650 90.3897 300 89
0 650 90.4783 300 89
0 650 90.5631 300 89
0 650 90.6537 300 89
0 650 90.7417 300 89
0 650 90.8322 300 89
0 650 90.9336 300 89
0 650 91.0232 300 89
0 650 91.1073 300 89
0 650 91.1964 300 89
0 650 91.2756 300 89
0 650 91.3618 300 89
0 650 91.4415 300 89
0 650 91.5341 300 89
0 650 91.6182 300 89
0 650 91.7046 300 89
0 650 91.7865 300 89
0 650 91.8743 300 89
0 650 91.9662 300 89
0 650 92.0501 300 89
0 650 92.1336 300 89
0 650 92.1957 300 89
0 650 92.2541 300 89
0 650 92.3121 300 89
0 650 92.4124 300 89
0 650 92.4699 300 89
0 650 92.535 300 89
0 650 92.5987 300 89
0 650 92.6546 300 89
0 650 92.7149 300 89
0 650 92.789 300 89
0 650 92.8909 300 89
0 650 92.9824 300 89
0 650 93.0725 300 89
0 650 93.158 300 89
0 650 93.2406 300 89
0 650 93.2965 300 89
0 650 93.3822 300 89
0 650 93.461 300 89
0 650 93.5411 300 89
0 650 93.6222 300 89
0 650 93.7029 300 89
0 650 93.7918 300 89
0 650 93.876 300 89
0 650 93.9546 300 89
0 650 94.0437 300 89
0 650 94.1345 300 89
0 650 94.2304 300 89
0 650 94.3298 300 89
0 650 94.4164 300 89
0 650 94.5133 300 89
0 650 94.6163 300 89
0 650 94.7031 300 89
0 650 94.7808 300 89
0 650 94.8575 300 89
0 650 94.9391 300 89
0 650 95.0284 300 89
0 650 95.1022 300 89
0 650 95.1752 300 89
0 650 95.2487 300 89
0 650 95.3395 300 89
0 650 95.4218 300 89
0 650 95.5063 300 89
0 650 95.5939 300 89
0 650 95.6781 300 89
0 650 95.7576 300 89
0 650 95.8361 300 89
0 650 95.9166 300 89
0 650 96.0073 300 89
0 650 96.0894 300 89
0 650 96.1743 300 89
0 650 96.2592 300 89
0 650 96.3597 300 89
0 650 96.4644 300 89
0 650 96.5515 300 89
0 650 96.644 300 89
0 650 96.7454 300 89
0 650 96.8509 300 89
0 650 96.948 300 89
0 650 97.0348 300 89
0 650 97.1201 300 89
0 650 97.2288 300 89
0 650 97.3295 300 89
0 650 97.4235 300 89
0 650 97.509 300 89
0 650 97.5888 300 89
0 650 97.6717 300 89
0 650 97.7634 300 89
0 650 97.8551 300 89
0 650 97.9392 300 89
0 650 98.0209 300 89
0 650 98.1028 300 89
0 650 98.1844 300 89
0 650 98.2662 300 89
0 650 98.3438 300 89
0 650 98.4303 300 89
0 650 98.5158 300 89
0 650 98.6011 300 89
0 650 98.6852 300 89
0 650 98.7704 300 89
0 650 98.8534 300 89
0 650 98.9356 300 89
0 650 99.025 300 89
0 650 99.1102 300 89
0 650 99.211 300 89
0 650 99.3056 300 89
0 650 99.3997 300 89
0 650 99.4908 300 89
0 650 99.5981 300 89
0 650 99.7156 300 89
0 650 99.8174 300 89
0 650 99.8962 300 89
0 650 99.9787 300 89
0 650 100.063 300 89
0 650 100.15 300 89
0 650 100.236 300 89
0 650 100.328 300 89
0 650 100.419 300 89
0 650 100.508 300 89
0 650 100.593 300 89
0 650 100.673 300 89
0 650 100.754 300 89
0 650 100.832 300 89
0 650 100.922 300 89
0 650 101.007 300 89
0 650 101.088 300 89
0 650 101.171 300 89
0 650 101.255 300 89
0 650 101.342 300 89
0 650 101.432 300 89
0 650 101.53 300 89
0 650 101.632 300 89
0 650 101.723 300 89
0 650 101.811 300 89
0 650 101.881 300 89
0 650 101.969 300 89
0 650 102.049 300 89
0 650 102.132 300 89
0 650 102.261 300 89
0 650 102.348 300 89
0 650 102.426 300 89
0 650 102.512 300 89
0 650 102.593 300 89
0 650 102.672 300 89
0 650 102.751 300 89
0 650 102.837 300 89
0 650 102.912 300 89
0 650 103.005 300 89
0 650 103.1 300 89
0 650 103.194 300 89
0 650 103.29 300 89
0 650 103.396 300 89
0 650 103.492 300 89
0 650 103.581 300 89
0 650 103.665 300 89
0 650 103.752 300 89
0 650 103.837 300 89
0 650 103.926 300 89
0 650 104.013 300 89
0 650 104.1 300 89
0 650 104.187 300 89
0 650 104.268 300 89
0 650 104.349 300 89
0 650 104.438 300 89
0 650 104.521 300 89
0 650 104.599 300 89
0 650 104.684 300 89
0 650 104.771 300 89
0 650 104.847 300 89
0 650 104.932 300 89
0 650 105.013 300 89
0 650 105.107 300 89
0 650 105.205 300 89
0 650 105.326 300 89
0 650 105.426 300 89
0 650 105.52 300 89
0 650 105.605 300 89
0 650 105.684 300 89
0 650 105.769 300 89
0 650 105.855 300 89
0 650 105.949 300 89
0 650 106.036 300 89
0 650 106.122 300 89
0 650 106.207 300 89
0 650 106.289 300 89
0 650 106.379 300 89
0 650 106.463 300 89
0 650 106.545 300 89
0 650 106.624 300 89
0 650 106.705 300 89
0 650 106.788 300 89
0 650 106.875 300 89
0 650 106.96 300 89
0 650 107.047 300 89
0 650 107.147 300 89
0 650 107.245 300 89
0 650 107.351 300 89
0 650 107.456 300 89
0 650 107.557 300 89
0 650 107.64 300 89
0 650 107.728 300 89
0 650 107.813 300 89
0 650 107.893 300 89
0 650 107.978 300 89
0 650 108.079 300 89
0 650 108.168 300 89
0 650 108.25 300 89
0 650 108.338 300 89
0 650 108.421 300 89
0 650 108.506 300 89
0 650 108.591 300 89
0 650 108.662 300 89
0 650 108.751 300 89
0 650 108.835 300 89
0 650 108.924 300 89
0 650 109.008 300 89
0 650 109.095 300 89
0 650 109.182 300 89
0 650 109.282 300 89
0 650 109.388 300 89
0 650 109.485 300 89
0 650 109.566 300 89
0 650 109.65 300 89
0 650 109.756 300 89
0 650 109.837 300 89
0 650 109.928 300 89
0 650 110.025 300 89
0 650 110.135 300 89
0 650 110.231 300 89
0 650 110.311 300 89
0 650 110.4 300 89
0 650 110.487 300 89
0 650 110.571 300 89
0 650 110.652 300 89
0 650 110.749 300 89
0 650 110.834 300 89
0 650 110.916 300 89
0 650 111.004 300 89
0 650 111.075 300 89
0 650 111.166 300 89
0 650 111.244 300 89
0 650 111.331 300 89
0 650 111.422 300 89
0 650 111.502 300 89
0 650 111.588 300 89
0 650 111.679 300 89
0 650 111.768 300 89
0 650 111.851 300 89
0 650 111.941 300 89
0 650 112.014 300 89
0 650 112.071 300 89
0 650 112.133 300 89
0 650 112.197 300 89
0 650 112.255 300 89
0 650 112.314 300 89
0 650 112.371 300 89
0 650 112.43 300 89
0 650 112.489 300 89
0 650 112.547 300 89
0 650 112.608 300 89
0 650 112.668 300 89
0 650 112.733 300 89
0 650 112.792 300 89
0 650 112.854 300 89
0 650 112.917 300 89
0 650 112.973 300 89
0 650 113.051 300 89
0 650 113.133 300 89
0 650 113.216 300 89
0 650 113.306 300 89
0 650 113.391 300 89
0 650 113.486 300 89
0 650 113.568 300 89
0 650 113.657 300 89
0 650 113.744 300 89
0 650 113.836 300 89
0 650 113.934 300 89
0 650 114.026 300 89
0 650 114.118 300 89
0 650 114.205 300 89
0 650 114.293 300 89
0 650 114.386 300 89
0 650 114.472 300 89
0 650 114.564 300 89
0 650 114.648 300 89
0 650 114.736 300 89
0 650 114.835 300 89
0 650 114.933 300 89
0 650 115.029 300 89
0 650 115.128 300 89
0 650 115.22 300 89
0 650 115.304 300 89
0 650 115.394 300 89
0 650 115.479 300 89
0 650 115.565 300 89
0 650 115.651 300 89
0 650 115.735 300 89
0 650 115.816 300 89
0 650 115.899 300 89
0 650 115.989 300 89
0 650 116.081 300 89
0 650 116.18 300 89
0 650 116.268 300 89
0 650 116.357 300 89
0 650 116.435 300 89
0 650 116.519 300 89
0 650 116.604 300 89
0 650 116.686 300 89
0 650 116.777 300 89
0 650 116.862 300 89
0 650 116.952 300 89
0 650 117.036 300 89
0 650 117.121 300 89
0 650 117.211 300 89
0 650 117.293 300 89
0 650 117.388 300 89
0 650 117.478 300 89
0 650 117.571 300 89
0 650 117.656 300 89
0 650 117.737 300 89
0 650 117.829 300 89
0 650 117.917 300 89
0 650 117.996 300 89
0 650 118.072 300 89
0 650 118.161 300 89
0 650 118.249 300 89
0 650 118.345 300 89
0 650 118.448 300 89
0 650 118.584 300 89
0 650 118.661 300 89
0 650 118.749 300 89
0 650 118.842 300 89
0 650 118.936 300 89
0 650 119.025 300 89
0 650 119.11 300 89
0 650 119.196 300 89
0 650 119.287 300 89
0 650 119.385 300 89
0 650 119.47 300 89
0 650 119.558 300 89
0 650 119.645 300 89
0 650 119.735 300 89
0 650 119.822 300 89
0 650 119.912 300 89
0 650 119.994 300 89
0 650 120.079 300 89
0 650 120.162 300 89
0 650 120.245 300 89
0 650 120.332 300 89
0 650 120.421 300 89
0 650 120.509 300 89
0 650 120.596 300 89
0 650 120.696 300 89
0 650 120.783 300 89
0 650 120.873 300 89
0 650 120.966 300 89
0 650 121.051 300 89
0 650 121.128 300 89
0 650 121.221 300 89
0 650 121.305 300 89
0 650 121.402 300 89
0 650 121.493 300 89
0 650 121.584 300 89
0 650 121.673 300 89
0 650 121.763 300 89
0 650 121.852 300 89
0 650 121.945 300 89
0 650 122.032 300 89
0 650 122.123 300 89
0 650 122.219 300 89
0 650 122.313 300 89
0 650 122.41 300 89
0 650 122.497 300 89
0 650 122.587 300 89
0 650 122.672 300 89
0 650 122.755 300 89
0 650 122.84 300 89
0 650 122.93 300 89
0 650 123.025 300 89
0 650 123.119 300 89
0 650 123.191 300 89
0 650 123.281 300 89
0 650 123.37 300 89
0 650 123.458 300 89
0 650 123.526 300 89
0 650 123.583 300 89
0 650 123.649 300 89
0 650 123.704 300 89
0 650 123.763 300 89
0 650 123.824 300 89
0 650 123.888 300 89
0 650 123.953 300 89
0 650 124.015 300 89
0 650 124.076 300 89
0 650 124.136 300 89
0 650 124.197 300 89
0 650 124.256 300 89
0 650 124.313 300 89
0 650 124.377 300 89
0 650 124.455 300 89
0 650 124.549 300 89
0 650 124.651 300 89
0 650 124.738 300 89
0 650 124.824 300 89
0 650 124.918 300 89
0 650 125.01 300 89
0 650 125.095 300 89
0 650 125.184 300 89
0 650 125.274 300 89
0 650 125.366 300 89
0 650 125.454 300 89
0 650 125.543 300 89
0 650 125.636 300 89
0 650 125.728 300 89
0 650 125.82 300 89
0 650 125.911 300 89
0 650 126.006 300 89
0 650 126.098 300 89
0 650 126.186 300 89
0 650 126.268 300 89
0 650 126.335 300 89
0 650 126.425 300 89
0 650 126.517 300 89
0 650 126.612 300 89
0 650 126.672 300 89
0 650 126.76 300 89
0 650 126.852 300 89
0 650 126.948 300 89
0 650 127.04 300 89
0 650 127.121 300 89
0 650 127.214 300 89
0 650 127.301 300 89
0 650 127.393 300 89
0 650 127.482 300 89
0 650 127.566 300 89
0 650 127.652 300 89
0 650 127.735 300 89
0 650 127.82 300 89
0 650 127.908 300 89
0 650 127.996 300 89
0 650 128.084 300 89
0 650 128.181 300 89
0 650 128.267 300 89
0 650 128.348 300 89
0 650 128.427 300 89
0 650 128.518 300 89
0 650 128.61 300 89
0 650 128.707 300 89
0 650 128.787 300 89
0 650 128.882 300 89
0 650 128.976 300 89
0 650 129.071 300 89
0 650 129.164 300 89
0 650 129.255 300 89
0 650 129.332 300 89
0 650 129.391 300 89
0 650 129.445 300 89
0 650 129.508 300 89
0 650 129.567 300 89
0 650 129.626 300 89
0 650 129.684 300 89
0 650 129.746 300 89
0 650 129.808 300 89
0 650 129.874 300 89
0 650 129.963 300 89
0 650 130.05 300 89
0 650 130.141 300 89
0 650 130.224 300 89
0 650 130.309 300 89
0 650 130.391 300 89
0 650 130.471 300 89
0 650 130.561 300 89
0 650 130.639 300 89
0 650 130.769 300 89
0 650 130.856 300 89
0 650 130.951 300 89
0 650 131.039 300 89
0 650 131.128 300 89
0 650 131.21 300 89
0 650 131.298 300 89
0 650 131.385 300 89
0 650 131.465 300 89
0 650 131.543 300 89
0 650 131.632 300 89
0 650 131.72 300 89
0 650 131.801 300 89
0 650 131.888 300 89
0 650 131.973 300 89
0 650 132.062 300 89
0 650 132.151 300 89
0 650 132.241 300 89
0 650 132.328 300 89
0 650 132.42 300 89
0 650 132.508 300 89
0 650 132.596 300 89
0 650 132.687 300 89
0 650 132.782 300 89
0 650 132.867 300 89
0 650 132.957 300 89
0 650 133.039 300 89
0 650 133.127 300 89
0 650 133.216 300 89
0 650 133.303 300 89
0 650 133.4 300 89
0 650 133.489 300 89
0 650 133.572 300 89
0 650 133.664 300 89
0 650 133.748 300 89
0 650 133.833 300 89
0 650 133.922 300 89
0 650 134.004 300 89
0 650 134.088 300 89
0 650 134.168 300 89
0 650 134.252 300 89
0 650 134.345 300 89
0 650 134.437 300 89
0 650 134.526 300 89
0 650 134.613 300 89
0 650 134.699 300 89
0 650 134.781 300 89
0 650 134.868 300 89
0 650 134.948 300 89
0 650 135.041 300 89
0 650 135.138 300 89
0 650 135.23 300 89
0 650 135.37 300 89
0 650 135.453 300 89
0 650 135.539 300 89
0 650 135.628 300 89
0 650 135.723 300 89
0 650 135.813 300 89
0 650 135.909 300 89
0 650 135.996 300 89
0 650 136.085 300 89
0 650 136.179 300 89
0 650 136.281 300 89
0 650 136.371 300 89
0 650 136.457 300 89
0 650 136.546 300 89
0 650 136.629 300 89
0 650 136.728 300 89
0 650 136.817 300 89
0 650 136.905 300 89
0 650 136.996 300 89
0 650 137.13 300 89
0 650 137.219 300 89
0 650 137.32 300 89
0 650 137.415 300 89
0 650 137.5 300 89
0 650 137.588 300 89
0 650 137.673 300 89
0 650 137.767 300 89
0 650 137.852 300 89
0 650 137.943 300 89
0 650 138.03 300 89
0 650 138.116 300 89
0 650 138.206 300 89
0 650 138.293 300 89
0 650 138.388 300 89
0 650 138.479 300 89
0 650 138.571 300 89
0 650 138.661 300 89
0 650 138.746 300 89
0 650 138.84 300 89
0 650 138.93 300 89
0 650 139.011 300 89
0 650 139.103 300 89
0 650 139.192 300 89
0 650 139.275 300 89
0 650 139.363 300 89
0 650 139.463 300 89
0 650 139.557 300 89
0 650 139.666 300 89
0 650 139.757 300 89
0 650 139.839 300 89
0 650 139.926 300 89
0 650 140.02 300 89
0 650 140.117 300 89
0 650 140.202 300 89
0 650 140.296 300 89
0 650 140.386 300 89
0 650 140.458 300 89
0 650 140.541 300 89
0 650 140.63 300 89
0 650 140.725 300 89
0 650 140.823 300 89
0 650 140.907 300 89
0 650 140.995 300 89
0 650 141.094 300 89
0 650 141.19 300 89
0 650 141.287 300 89
0 650 141.385 300 89
0 650 141.484 300 89
0 650 141.578 300 89
0 650 141.663 300 89
0 650 141.747 300 89
0 650 141.834 300 89
0 650 141.929 300 89
0 650 142.039 300 89
0 650 142.131 300 89
0 650 142.216 300 89
0 650 142.302 300 89
0 650 142.395 300 89
0 650 142.488 300 89
0 650 142.582 300 89
0 650 142.673 300 89
0 650 142.753 300 89
0 650 142.844 300 89
0 650 142.932 300 89
0 650 143.025 300 89
0 650 143.116 300 89
0 650 143.21 300 89
0 650 143.303 300 89
0 650 143.398 300 89
0 650 143.48 300 89
0 650 143.58 300 89
0 650 143.662 300 89
0 650 143.758 300 89
0 650 143.852 300 89
0 650 143.946 300 89
0 650 144.028 300 89
0 650 144.126 300 89
0 650 144.22 300 89
0 650 144.303 300 89
0 650 144.394 300 89
0 650 144.477 300 89
0 650 144.57 300 89
0 650 144.656 300 89
0 650 144.744 300 89
0 650 144.831 300 89
0 650 144.922 300 89
0 650 145.008 300 89
0 650 145.095 300 89
0 650 145.187 300 89
0 650 145.275 300 89
0 650 145.363 300 89
0 650 145.457 300 89
0 650 145.545 300 89
0 650 145.634 300 89
0 650 145.722 300 89
0 650 145.816 300 89
0 650 145.912 300 89
0 650 146.005 300 89
0 650 146.095 300 89
0 650 146.184 300 89
0 650 146.276 300 89
0 650 146.358 300 89
0 650 146.451 300 89
0 650 146.536 300 89
0 650 146.628 300 89
0 650 146.723 300 89
0 650 146.813 300 89
0 650 146.899 300 89
0 650 146.988 300 89
0 650 147.074 300 89
0 650 147.172 300 89
0 650 147.265 300 89
0 650 147.358 300 89
0 650 147.453 300 89
0 650 147.543 300 89
0 650 147.625 300 89
0 650 147.714 300 89
0 650 147.807 300 89
0 650 147.897 300 89
0 650 147.991 300 89
0 650 148.089 300 89
0 650 148.182 300 89
0 650 148.282 300 89
0 650 148.373 300 89
0 650 148.473 300 89
0 650 148.593 300 89
0 650 148.68 300 89
0 650 148.759 300 89
0 650 148.857 300 89
0 650 148.955 300 89
0 650 149.049 300 89
0 650 149.135 300 89
0 650 149.238 300 89
0 650 149.328 300 89
0 650 149.428 300 89
0 650 149.53 300 89
0 650 149.628 300 89
0 650 149.726 300 89
0 650 149.819 300 89
0 650 149.913 300 89
0 650 150.007 300 89
0 650 150.111 300 89
0 650 150.215 300 89
0 650 150.316 300 89
0 650 150.414 300 89
0 650 150.497 300 89
0 650 150.584 300 89
0 650 150.647 300 89
0 650 150.747 300 89
0 650 150.832 300 89
0 650 150.925 300 89
0 650 151.021 300 89
0 650 151.112 300 89
0 650 151.21 300 89
0 650 151.3 300 89
0 650 151.388 300 89
0 650 151.478 300 89
0 650 151.566 300 89
0 650 151.659 300 89
0 650 151.756 300 89
0 650 151.852 300 89
0 650 151.947 300 89
0 650 152.044 300 89
0 650 152.145 300 89
0 650 152.231 300 89
0 650 152.314 300 89
0 650 152.404 300 89
0 650 152.498 300 89
0 650 152.589 300 89
0 650 152.674 300 89
0 650 152.769 300 89
0 650 152.861 300 89
0 650 152.961 300 89
0 650 153.042 300 89
0 650 153.142 300 89
0 650 153.233 300 89
0 650 153.324 300 89
0 650 153.415 300 89
0 650 153.515 300 89
0 650 153.61 300 89
0 650 153.71 300 89
0 650 153.798 300 89
0 650 153.895 300 89
0 650 153.985 300 89
0 650 154.078 300 89
0 650 154.165 300 89
0 650 154.257 300 89
0 650 154.349 300 89
0 650 154.443 300 89
0 650 154.535 300 89
0 650 154.629 300 89
0 650 154.714 300 89
0 650 154.805 300 89
0 650 154.906 300 89
0 650 155.001 300 89
0 650 155.091 300 89
0 650 155.185 300 89
0 650 155.283 300 89
0 650 155.382 300 89
0 650 155.479 300 89
0 650 155.573 300 89
0 650 155.676 300 89
0 650 155.766 300 89
0 650 155.86 300 89
0 650 155.952 300 89
0 650 156.044 300 89
0 650 156.129 300 89
0 650 156.227 300 89
0 650 156.319 300 89
0 650 156.407 300 89
0 650 156.5 300 89
0 650 156.599 300 89
0 650 156.693 300 89
0 650 156.778 300 89
0 650 156.874 300 89
0 650 156.972 300 89
0 650 157.065 300 89
0 650 157.155 300 89
0 650 157.248 300 89
0 650 157.332 300 89
0 650 157.418 300 89
0 650 157.515 300 89
0 650 157.606 300 89
0 650 157.696 300 89
0 650 157.778 300 89
0 650 157.863 300 89
0 650 157.959 300 89
0 650 158.04 300 89
0 650 158.122 300 89
0 650 158.214 300 89
0 650 158.302 300 89
0 650 158.395 300 89
0 650 158.491 300 89
0 650 158.577 300 89
0 650 158.677 300 89
0 650 158.771 300 89
0 650 158.868 300 89
0 650 158.965 300 89
0 650 159.062 300 89
0 650 159.151 300 89
0 650 159.244 300 89
0 650 159.329 300 89
0 650 159.414 300 89
0 650 159.502 300 89
0 650 159.596 300 89
0 650 159.685 300 89
0 650 159.778 300 89
0 650 159.861 300 89
0 650 159.952 300 89
0 650 160.048 300 89
0 650 160.141 300 89
0 650 160.233 300 89
0 650 160.37 300 89
0 650 160.463 300 89
0 650 160.548 300 89
0 650 160.638 300 89
0 650 160.73 300 89
0 650 160.82 300 89
0 650 160.911 300 89
0 650 160.999 300 89
0 650 161.089 300 89
0 650 161.173 300 89
0 650 161.266 300 89
0 650 161.355 300 89
0 650 161.449 300 89
0 650 161.538 300 89
0 650 161.623 300 89
0 650 161.699 300 89
0 650 161.789 300 89
0 650 161.87 300 89
0 650 161.974 300 89
0 650 162.05 300 89
0 650 162.125 300 89
0 650 162.215 300 89
0 650 162.305 300 89
0 650 162.394 300 89
0 650 162.477 300 89
0 650 162.572 300 89
0 650 162.664 300 89
0 650 162.755 300 89
0 650 162.842 300 89
0 650 162.928 300 89
0 650 163.025 300 89
0 650 163.104 300 89
0 650 163.193 300 89
0 650 163.281 300 89
0 650 163.386 300 89
0 650 163.478 300 89
0 650 163.567 300 89
0 650 163.664 300 89
0 650 163.76 300 89
0 650 163.853 300 89
0 650 163.939 300 89
0 650 164.026 300 89
0 650 164.119 300 89
0 650 164.207 300 89
0 650 164.298 300 89
0 650 164.389 300 89
0 650 164.451 300 89
0 650 164.509 300 89
0 650 164.569 300 89
0 650 164.629 300 89
0 650 164.691 300 89
0 650 164.747 300 89
0 650 164.806 300 89
0 650 164.863 300 89
0 650 164.928 300 89
0 650 165.01 300 89
0 650 165.092 300 89
0 650 165.18 300 89
0 650 165.267 300 89
0 650 165.356 300 89
0 650 165.44 300 89
0 650 165.525 300 89
0 650 165.609 300 89
0 650 165.7 300 89
0 650 165.789 300 89
0 650 165.878 300 89
0 650 165.956 300 89
0 650 166.043 300 89
0 650 166.13 300 89
0 650 166.217 300 89
0 650 166.305 300 89
0 650 166.398 300 89
0 650 166.475 300 89
0 650 166.56 300 89
0 650 166.651 300 89
0 650 166.741 300 89
0 650 166.822 300 89
0 650 166.915 300 89
0 650 167.006 300 89
0 650 167.091 300 89
0 650 167.182 300 89
0 650 167.26 300 89
0 650 167.352 300 89
0 650 167.44 300 89
0 650 167.532 300 89
0 650 167.62 300 89
0 650 167.706 300 89
0 650 167.8 300 89
0 650 167.884 300 89
0 650 167.968 300 89
0 650 168.05 300 89
0 650 168.137 300 89
0 650 168.23 300 89
0 650 168.312 300 89
0 650 168.399 300 89
0 650 168.49 300 89
0 650 168.577 300 89
0 650 168.66 300 89
0 650 168.745 300 89
0 650 168.835 300 89
0 650 168.956 300 89
0 650 169.047 300 89
0 650 169.132 300 89
0 650 169.219 300 89
0 650 169.296 300 89
0 650 169.388 300 89
0 650 169.479 300 89
0 650 169.569 300 89
0 650 169.653 300 89
0 650 169.738 300 89
0 650 169.823 300 89
0 650 169.913 300 89
0 650 170.004 300 89
0 650 170.094 300 89
0 650 170.184 300 89
0 650 170.273 300 89
0 650 170.36 300 89
0 650 170.446 300 89
0 650 170.535 300 89
0 650 170.612 300 89
0 650 170.699 300 89
0 650 170.788 300 89
0 650 170.874 300 89
0 650 170.96 300 89
0 650 171.045 300 89
0 650 171.137 300 89
0 650 171.224 300 89
0 650 171.305 300 89
0 650 171.383 300 89
0 650 171.47 300 89
0 650 171.555 300 89
0 650 171.644 300 89
0 650 171.723 300 89
0 650 171.803 300 89
0 650 171.887 300 89
0 650 171.973 300 89
0 650 172.059 300 89
0 650 172.139 300 89
0 650 172.215 300 89
0 650 172.306 300 89
0 650 172.398 300 89
0 650 172.48 300 89
0 650 172.565 300 89
0 650 172.649 300 89
0 650 172.73 300 89
0 650 172.822 300 89
0 650 172.912 300 89
0 650 173 300 89
0 650 173.082 300 89
0 650 173.177 300 89
0 650 173.26 300 89
0 650 173.352 300 89
0 650 173.435 300 89
0 650 173.522 300 89
0 650 173.613 300 89
0 650 173.699 300 89
0 650 173.784 300 89
0 650 173.868 300 89
0 650 173.962 300 89
0 650 174.042 300 89
0 650 174.124 300 89
0 650 174.21 300 89
0 650 174.33 300 89
0 650 174.409 300 89
0 650 174.499 300 89
0 650 174.589 300 89
0 650 174.684 300 89
0 650 174.773 300 89
0 650 174.857 300 89
0 650 174.938 300 89
0 650 175.031 300 89
0 650 175.118 300 89
0 650 175.205 300 89
0 650 175.295 300 89
0 650 175.382 300 89
0 650 175.465 300 89
0 650 175.543 300 89
0 650 175.636 300 89
0 650 175.731 300 89
0 650 175.826 300 89
0 650 175.881 300 89
0 650 175.967 300 89
0 650 176.054 300 89
0 650 176.139 300 89
0 650 176.218 300 89
0 650 176.294 300 89
0 650 176.378 300 89
0 650 176.46 300 89
0 650 176.549 300 89
0 650 176.636 300 89
0 650 176.721 300 89
0 650 176.806 300 89
0 650 176.892 300 89
0 650 176.984 300 89
0 650 177.073 300 89
0 650 177.163 300 89
0 650 177.253 300 89
0 650 177.344 300 89
0 650 177.426 300 89
0 650 177.51 300 89
0 650 177.594 300 89
0 650 177.682 300 89
0 650 177.766 300 89
0 650 177.847 300 89
0 650 177.934 300 89
0 650 178.018 300 89
0 650 178.099 300 89
0 650 178.185 300 89
0 650 178.27 300 89
0 650 178.353 300 89
0 650 178.439 300 89
0 650 178.52 300 89
0 650 178.606 300 89
0 650 178.694 300 89
0 650 178.778 300 89
0 650 178.857 300 89
0 650 178.936 300 89
0 650 179.017 300 89
0 650 179.097 300 89
0 650 179.185 300 89
0 650 179.265 300 89
0 650 179.347 300 89
0 650 179.432 300 89
0 650 179.519 300 89
0 650 179.611 300 89
0 650 179.691 300 89
0 650 179.856 300 89
0 650 179.94 300 89
0 650 180.031 300 89
0 650 180.113 300 89
0 650 180.193 300 89
0 650 180.278 300 89
0 650 180.366 300 89
0 650 180.455 300 89
0 650 180.523 300 89
0 650 180.618 300 89
0 650 180.707 300 89
0 650 180.795 300 89
0 650 180.922 300 89
0 650 181.001 300 89
0 650 181.086 300 89
0 650 181.17 300 89
0 650 181.261 300 89
0 650 181.36 300 89
0 650 181.439 300 89
0 650 181.521 300 89
0 650 181.598 300 89
0 650 181.681 300 89
0 650 181.763 300 89
0 650 181.847 300 89
0 650 181.933 300 89
0 650 182.017 300 89
0 650 182.102 300 89
0 650 182.193 300 89
0 650 182.28 300 89
0 650 182.369 300 89
0 650 182.454 300 89
0 650 182.547 300 89
0 650 182.633 300 89
0 650 182.717 300 89
0 650 182.797 300 89
0 650 182.888 300 89
0 650 182.983 300 89
0 650 183.067 300 89
0 650 183.15 300 89
0 650 183.236 300 89
0 650 183.322 300 89
0 650 183.405 300 89
0 650 183.487 300 89
0 650 183.576 300 89
0 650 183.664 300 89
0 650 183.743 300 89
0 650 183.826 300 89
0 650 183.91 300 89
0 650 183.995 300 89
0 650 184.082 300 89
0 650 184.163 300 89
0 650 184.252 300 89
0 650 184.35 300 89
0 650 184.406 300 89
0 650 184.484 300 89
0 650 184.559 300 89
0 650 184.641 300 89
0 650 184.73 300 89
0 650 184.811 300 89
0 650 184.872 300 89
0 650 184.93 300 89
0 650 184.988 300 89
0 650 185.046 300 89
0 650 185.104 300 89
0 650 185.167 300 89
0 650 185.225 300 89
0 650 185.283 300 89
0 650 185.357 300 89
0 650 185.434 300 89
0 650 185.521 300 89
0 650 185.607 300 89
0 650 185.697 300 89
0 650 185.789 300 89
0 650 185.871 300 89
0 650 185.928 300 89
0 650 185.984 300 89
0 650 186.039 300 89
0 650 186.098 300 89
0 650 186.155 300 89
0 650 186.22 300 89
0 650 186.281 300 89
0 650 186.336 300 89
0 650 186.414 300 89
0 650 186.49 300 89
0 650 186.576 300 89
0 650 186.665 300 89
0 650 186.754 300 89
0 650 186.847 300 89
0 650 186.92 300 89
0 650 186.978 300 89
0 650 187.037 300 89
0 650 187.113 300 89
0 650 187.189 300 89
0 650 187.268 300 89
0 650 187.351 300 89
0 650 187.43 300 89
0 650 187.512 300 89
0 650 187.595 300 89
0 650 187.685 300 89
0 650 187.775 300 89
0 650 187.863 300 89
0 650 187.947 300 89
0 650 188.035 300 89
0 650 188.125 300 89
0 650 188.215 300 89
0 650 188.303 300 89
0 650 188.384 300 89
0 650 188.465 300 89
0 650 188.553 300 89
0 650 188.634 300 89
0 650 188.724 300 89
0 650 188.809 300 89
0 650 188.9 300 89
0 650 188.985 300 89
0 650 189.072 300 89
0 650 189.17 300 89
0 650 189.256 300 89
0 650 189.335 300 89
0 650 189.425 300 89
0 650 189.511 300 89
0 650 189.6 300 89
0 650 189.658 300 89
0 650 189.715 300 89
0 650 189.772 300 89
0 650 189.823 300 89
0 650 189.886 300 89
0 650 189.943 300 89
0 650 189.999 300 89
0 650 190.063 300 89
0 650 190.126 300 89
0 650 190.188 300 89
0 650 190.284 300 89
0 650 190.34 300 89
0 650 190.396 300 89
0 650 190.451 300 89
0 650 190.511 300 89
0 650 190.573 300 89
0 650 190.634 300 89
0 650 190.69 300 89
0 650 190.748 300 89
0 650 190.805 300 89
0 650 190.863 300 89
0 650 190.924 300 89
0 650 190.984 300 89
0 650 191.04 300 89
0 650 191.092 300 89
0 650 191.161 300 89
0 650 191.22 300 89
0 650 191.278 300 89
0 650 191.329 300 89
0 650 191.388 300 89
0 650 191.446 300 89
0 650 191.507 300 89
0 650 191.566 300 89
0 650 191.625 300 89
0 650 191.687 300 89
0 650 191.745 300 89
0 650 191.806 300 89
0 650 191.867 300 89
0 650 191.927 300 89
0 650 191.982 300 89
0 650 192.039 300 89
0 650 192.097 300 89
0 650 192.159 300 89
0 650 192.222 300 89
0 650 192.272 300 89
0 650 192.332 300 89
0 650 192.398 300 89
0 650 192.455 300 89
0 650 192.517 300 89
0 650 192.576 300 89
0 650 192.632 300 89
0 650 192.692 300 89
0 650 192.75 300 89
0 650 192.805 300 89
0 650 192.866 300 89
0 650 192.925 300 89
0 650 192.989 300 89
0 650 193.047 300 89
0 650 193.105 300 89
0 650 193.161 300 89
0 650 193.216 300 89
0 650 193.272 300 89
0 650 193.326 300 89
0 650 193.383 300 89
0 650 193.421 300 89
0 650 193.467 300 89
0 650 193.525 300 89
0 650 193.584 300 89
0 650 193.644 300 89
0 650 193.707 300 89
0 650 193.776 300 89
0 650 193.858 300 89
0 650 193.939 300 89
0 650 194.019 300 89
0 650 194.095 300 89
0 650 194.173 300 89
0 650 194.253 300 89
0 650 194.337 300 89
0 650 194.414 300 89
0 650 194.494 300 89
0 650 194.568 300 89
0 650 194.651 300 89
0 650 194.745 300 89
0 650 194.833 300 89
0 650 194.921 300 89
0 650 195 300 89
0 650 195.079 300 89
0 650 195.174 300 89
0 650 195.26 300 89
0 650 195.342 300 89
0 650 195.429 300 89
0 650 195.516 300 89
0 650 195.604 300 89
0 650 195.676 300 89
0 650 195.755 300 89
0 650 195.843 300 89
0 650 195.925 300 89
0 650 196.002 300 89
0 650 196.082 300 89
0 650 196.165 300 89
0 650 196.255 300 89
0 650 196.326 300 89
0 650 196.415 300 89
0 650 196.498 300 89
0 650 196.579 300 89
0 650 196.659 300 89
0 650 196.737 300 89
0 650 196.818 300 89
0 650 196.896 300 89
0 650 196.985 300 89
0 650 197.075 300 89
0 650 197.165 300 89
0 650 197.253 300 89
0 650 197.342 300 89
0 650 197.435 300 89
0 650 197.523 300 89
0 650 197.619 300 89
0 650 197.701 300 89
0 650 197.792 300 89
0 650 197.875 300 89
0 650 197.973 300 89
0 650 198.059 300 89
0 650 198.147 300 89
0 650 198.233 300 89
0 650 198.324 300 89
0 650 198.414 300 89
0 650 198.499 300 89
0 650 198.58 300 89
0 650 198.666 300 89
0 650 198.756 300 89
0 650 198.849 300 89
0 650 198.926 300 89
0 650 199.011 300 89
0 650 199.099 300 89
0 650 199.193 300 89
0 650 199.289 300 89
0 650 199.373 300 89
0 650 199.435 300 89
0 650 199.523 300 89
0 650 199.614 300 89
0 650 199.697 300 89
0 650 199.785 300 89
0 650 199.876 300 89
0 650 199.963 300 89
0 650 200.048 300 89
0 650 200.141 300 89
0 650 200.224 300 89
0 650 200.31 300 89
0 650 200.397 300 89
0 650 200.48 300 89
0 650 200.564 300 89
0 650 200.66 300 89
0 650 200.748 300 89
0 650 200.84 300 89
0 650 200.927 300 89
0 650 201.012 300 89
0 650 201.106 300 89
0 650 201.211 300 89
0 650 201.318 300 89
0 650 201.425 300 89
0 650 201.542 300 89
0 650 201.653 300 89
0 650 201.763 300 89
0 650 201.867 300 89
0 650 201.98 300 89
0 650 202.092 300 89
0 650 202.198 300 89
0 650 202.307 300 89
0 650 202.419 300 89
0 650 202.529 300 89
0 650 202.643 300 89
0 650 202.753 300 89
0 650 202.873 300 89
0 650 202.99 300 89
0 650 203.096 300 89
0 650 203.212 300 89
0 650 203.318 300 89
0 650 203.426 300 89
0 650 203.529 300 89
0 650 203.628 300 89
0 650 203.736 300 89
0 650 203.842 300 89
0 650 203.952 300 89
0 650 204.053 300 89
0 650 204.166 300 89
0 650 204.28 300 89
0 650 204.391 300 89
0 650 204.496 300 89
0 650 204.615 300 89
0 650 204.719 300 89
0 650 204.832 300 89
0 650 204.955 300 89
0 650 205.068 300 89
0 650 205.175 300 89
0 650 205.292 300 89
0 650 205.404 300 89
0 650 205.522 300 89
0 650 205.634 300 89
0 650 205.747 300 89
0 650 205.868 300 89
0 650 205.983 300 89
0 650 206.097 300 89
0 650 206.212 300 89
0 650 206.325 300 89
0 650 206.436 300 89
0 650 206.543 300 89
0 650 206.649 300 89
0 650 206.759 300 89
0 650 206.868 300 89
0 650 206.983 300 89
0 650 207.096 300 89
0 650 207.227 300 89
0 650 207.357 300 89
0 650 207.481 300 89
0 650 207.597 300 89
0 650 207.72 300 89
0 650 207.835 300 89
0 650 207.948 300 89
0 650 208.059 300 89
0 650 208.168 300 89
0 650 208.281 300 89
0 650 208.404 300 89
0 650 208.518 300 89
0 650 208.63 300 89
0 650 208.74 300 89
0 650 208.861 300 89
0 650 208.973 300 89
0 650 209.099 300 89
0 650 209.21 300 89
0 650 209.288 300 89
0 650 209.402 300 89
0 650 209.523 300 89
0 650 209.644 300 89
0 650 209.749 300 89
0 650 209.869 300 89
0 650 209.988 300 89
0 650 210.115 300 89
0 650 210.235 300 89
0 650 210.347 300 89
0 650 210.463 300 89
0 650 210.575 300 89
0 650 210.693 300 89
0 650 210.81 300 89
0 650 210.92 300 89
0 650 211.053 300 89
0 650 211.168 300 89
0 650 211.287 300 89
0 650 211.402 300 89
0 650 211.52 300 89
0 650 211.629 300 89
0 650 211.753 300 89
0 650 211.871 300 89
0 650 211.974 300 89
0 650 212.073 300 89
0 650 212.183 300 89
0 650 212.29 300 89
0 650 212.4 300 89
0 650 212.499 300 89
0 650 212.602 300 89
0 650 212.72 300 89
0 650 212.822 300 89
0 650 212.929 300 89
0 650 213.032 300 89
0 650 213.135 300 89
0 650 213.254 300 89
0 650 213.36 300 89
0 650 213.474 300 89
0 650 213.566 300 89
0 650 213.629 300 89
0 650 213.696 300 89
0 650 213.761 300 89
0 650 213.828 300 89
0 650 213.888 300 89
0 650 213.974 300 89
0 650 214.075 300 89
0 650 214.164 300 89
0 650 214.25 300 89
0 650 214.348 300 89
0 650 214.444 300 89
0 650 214.539 300 89
0 650 214.633 300 89
0 650 214.723 300 89
0 650 214.806 300 89
0 650 214.9 300 89
0 650 214.99 300 89
0 650 215.079 300 89
0 650 215.159 300 89
0 650 215.254 300 89
0 650 215.351 300 89
0 650 215.44 300 89
0 650 215.535 300 89
0 650 215.623 300 89
0 650 215.716 300 89
0 650 215.812 300 89
0 650 215.907 300 89
0 650 215.997 300 89
0 650 216.086 300 89
0 650 216.182 300 89
0 650 216.27 300 89
0 650 216.352 300 89
0 650 216.45 300 89
0 650 216.535 300 89
0 650 216.625 300 89
0 650 216.713 300 89
0 650 216.798 300 89
0 650 216.894 300 89
0 650 216.98 300 89
0 650 217.071 300 89
0 650 217.164 300 89
0 650 217.255 300 89
0 650 217.348 300 89
0 650 217.443 300 89
0 650 217.525 300 89
0 650 217.618 300 89
0 650 217.713 300 89
0 650 217.804 300 89
0 650 217.859 300 89
0 650 217.954 300 89
0 650 218.048 300 89
0 650 218.141 300 89
0 650 218.233 300 89
0 650 218.319 300 89
0 650 218.41 300 89
0 650 218.503 300 89
0 650 218.597 300 89
0 650 218.685 300 89
0 650 218.776 300 89
0 650 218.871 300 89
0 650 218.968 300 89
0 650 219.049 300 89
0 650 219.147 300 89
0 650 219.244 300 89
0 650 219.331 300 89
0 650 219.424 300 89
0 650 219.499 300 89
0 650 219.56 300 89
0 650 219.618 300 89
0 650 219.683 300 89
0 650 219.753 300 89
0 650 219.82 300 89
0 650 219.89 300 89
0 650 219.951 300 89
0 650 220.022 300 89
0 650 220.082 300 89
0 650 220.143 300 89
0 650 220.211 300 89
0 650 220.274 300 89
0 650 220.342 300 89
0 650 220.409 300 89
0 650 220.484 300 89
0 650 220.552 300 89
0 650 220.623 300 89
0 650 220.689 300 89
0 650 220.754 300 89
0 650 220.822 300 89
0 650 220.881 300 89
0 650 220.951 300 89
0 650 221.016 300 89
0 650 221.085 300 89
0 650 221.152 300 89
0 650 221.218 300 89
0 650 221.301 300 89
0 650 221.397 300 89
0 650 221.486 300 89
0 650 221.579 300 89
0 650 221.66 300 89
0 650 221.763 300 89
0 650 221.854 300 89
0 650 221.949 300 89
0 650 222.048 300 89
0 650 222.149 300 89
0 650 222.239 300 89
0 650 222.335 300 89
0 650 222.425 300 89
0 650 222.515 300 89
0 650 222.628 300 89
0 650 222.716 300 89
0 650 222.805 300 89
0 650 222.901 300 89
0 650 223.004 300 89
0 650 223.094 300 89
0 650 223.185 300 89
0 650 223.269 300 89
0 650 223.359 300 89
0 650 223.457 300 89
0 650 223.548 300 89
0 650 223.637 300 89
0 650 223.731 300 89
0 650 223.826 300 89
0 650 223.923 300 89
0 650 224.016 300 89
0 650 224.108 300 89
0 650 224.204 300 89
0 650 224.312 300 89
0 650 224.4 300 89
0 650 224.503 300 89
0 650 224.599 300 89
0 650 224.685 300 89
0 650 224.783 300 89
0 650 224.865 300 89
0 650 224.96 300 89
0 650 225.056 300 89
0 650 225.151 300 89
0 650 225.239 300 89
0 650 225.33 300 89
0 650 225.408 300 89
0 650 225.507 300 89
0 650 225.59 300 89
0 650 225.689 300 89
0 650 225.777 300 89
0 650 225.869 300 89
0 650 225.949 300 89
0 650 226.041 300 89
0 650 226.127 300 89
0 650 226.219 300 89
0 650 226.318 300 89
0 650 226.414 300 89
0 650 226.51 300 89
0 650 226.604 300 89
0 650 226.692 300 89
0 650 226.778 300 89
0 650 226.868 300 89
0 650 226.953 300 89
0 650 227.056 300 89
0 650 227.149 300 89
0 650 227.236 300 89
0 650 227.324 300 89
0 650 227.418 300 89
0 650 227.514 300 89
0 650 227.595 300 89
0 650 227.691 300 89
0 650 227.781 300 89
0 650 227.859 300 89
0 650 227.948 300 89
0 650 228.036 300 89
0 650 228.124 300 89
0 650 228.221 300 89
0 650 228.317 300 89
0 650 228.406 300 89
0 650 228.503 300 89
0 650 228.568 300 89
0 650 228.657 300 89
0 650 228.792 300 89
0 650 228.889 300 89
0 650 228.977 300 89
0 650 229.068 300 89
0 650 229.164 300 89
0 650 229.247 300 89
0 650 229.338 300 89
0 650 229.425 300 89
0 650 229.512 300 89
0 650 229.609 300 89
0 650 229.693 300 89
0 650 229.772 300 89
0 650 229.87 300 89
0 650 229.967 300 89
0 650 230.061 300 89
0 650 230.155 300 89
0 650 230.246 300 89
0 650 230.342 300 89
0 650 230.433 300 89
0 650 230.52 300 89
0 650 230.612 300 89
0 650 230.709 300 89
0 650 230.801 300 89
0 650 230.864 300 89
0 650 230.955 300 89
0 650 231.051 300 89
0 650 231.149 300 89
0 650 231.242 300 89
0 650 231.343 300 89
0 650 231.483 300 89
0 650 231.568 300 89
0 650 231.66 300 89
0 650 231.757 300 89
0 650 231.845 300 89
0 650 231.939 300 89
0 650 232.027 300 89
0 650 232.118 300 89
0 650 232.205 300 89
0 650 232.291 300 89
0 650 232.385 300 89
0 650 232.467 300 89
0 650 232.546 300 89
0 650 232.636 300 89
0 650 232.725 300 89
0 650 232.814 300 89
0 650 232.904 300 89
0 650 232.991 300 89
0 650 233.076 300 89
0 650 233.163 300 89
0 650 233.25 300 89
0 650 233.335 300 89
0 650 233.42 300 89
0 650 233.514 300 89
0 650 233.602 300 89
0 650 233.691 300 89
0 650 233.777 300 89
0 650 233.863 300 89
0 650 233.949 300 89
0 650 234.032 300 89
0 650 234.11 300 89
0 650 234.198 300 89
0 650 234.287 300 89
0 650 234.371 300 89
0 650 234.461 300 89
0 650 234.545 300 89
0 650 234.628 300 89
0 650 234.727 300 89
0 650 234.816 300 89
0 650 234.897 300 89
0 650 234.981 300 89
0 650 235.078 300 89
0 650 235.18 300 89
0 650 235.267 300 89
0 650 235.355 300 89
0 650 235.443 300 89
0 650 235.534 300 89
0 650 235.624 300 89
0 650 235.709 300 89
0 650 235.794 300 89
0 650 235.881 300 89
0 650 235.971 300 89
0 650 236.059 300 89
0 650 236.149 300 89
0 650 236.24 300 89
0 650 236.331 300 89
0 650 236.405 300 89
0 650 236.495 300 89
0 650 236.583 300 89
0 650 236.676 300 89
0 650 236.75 300 89
0 650 236.841 300 89
0 650 236.936 300 89
0 650 237.027 300 89
0 650 237.122 300 89
0 650 237.214 300 89
0 650 237.302 300 89
0 650 237.395 300 89
0 650 237.482 300 89
0 650 237.569 300 89
0 650 237.661 300 89
0 650 237.754 300 89
0 650 237.851 300 89
0 650 237.944 300 89
0 650 238.033 300 89
0 650 238.114 300 89
0 650 238.193 300 89
0 650 238.285 300 89
0 650 238.385 300 89
0 650 238.469 300 89
0 650 238.548 300 89
0 650 238.633 300 89
0 650 238.721 300 89
0 650 238.808 300 89
0 650 238.905 300 89
0 650 238.995 300 89
0 650 239.095 300 89
0 650 239.189 300 89
0 650 239.276 300 89
0 650 239.37 300 89
0 650 239.462 300 89
0 650 239.55 300 89
0 650 239.643 300 89
0 650 239.737 300 89
0 650 239.828 300 89
0 650 239.913 300 89
0 650 240.006 300 89
0 650 240.096 300 89
0 650 240.175 300 89
0 650 240.269 300 89
0 650 240.364 300 89
0 650 240.454 300 89
0 650 240.542 300 89
0 650 240.624 300 89
0 650 240.716 300 89
0 650 240.81 300 89
0 650 240.907 300 89
0 650 241.002 300 89
0 650 241.087 300 89
0 650 241.181 300 89
0 650 241.294 300 89
0 650 241.379 300 89
0 650 241.473 300 89
0 650 241.563 300 89
0 650 241.658 300 89
0 650 241.758 300 89
0 650 241.845 300 89
0 650 241.932 300 89
0 650 242.021 300 89
0 650 242.105 300 89
0 650 242.187 300 89
0 650 242.282 300 89
0 650 242.376 300 89
0 650 242.459 300 89
0 650 242.553 300 89
0 650 242.643 300 89
0 650 242.733 300 89
0 650 242.833 300 89
0 650 242.925 300 89
0 650 242.989 300 89
0 650 243.079 300 89
0 650 243.156 300 89
0 650 243.238 300 89
0 650 243.326 300 89
0 650 243.417 300 89
0 650 243.497 300 89
0 650 243.585 300 89
0 650 243.682 300 89
0 650 243.768 300 89
0 650 243.855 300 89
0 650 243.951 300 89
0 650 244.034 300 89
0 650 244.124 300 89
0 650 244.219 300 89
0 650 244.311 300 89
0 650 244.386 300 89
0 650 244.478 300 89
0 650 244.568 300 89
0 650 244.652 300 89
0 650 244.742 300 89
0 650 244.833 300 89
0 650 244.919 300 89
0 650 245.003 300 89
0 650 245.086 300 89
0 650 245.174 300 89
0 650 245.264 300 89
0 650 245.349 300 89
0 650 245.44 300 89
0 650 245.527 300 89
0 650 245.617 300 89
0 650 245.706 300 89
0 650 245.795 300 89
0 650 245.886 300 89
0 650 245.97 300 89
0 650 246.06 300 89
0 650 246.146 300 89
0 650 246.239 300 89
0 650 246.322 300 89
0 650 246.408 300 89
0 650 246.493 300 89
0 650 246.59 300 89
0 650 246.675 300 89
0 650 246.774 300 89
0 650 246.864 300 89
0 650 246.958 300 89
0 650 247.045 300 89
0 650 247.135 300 89
0 650 247.219 300 89
0 650 247.315 300 89
0 650 247.409 300 89
0 650 247.503 300 89
0 650 247.586 300 89
0 650 247.675 300 89
0 650 247.766 300 89
0 650 247.859 300 89
0 650 247.947 300 89
0 650 248.042 300 89
0 650 248.128 300 89
0 650 248.202 300 89
0 650 248.294 300 89
0 650 248.381 300 89
0 650 248.469 300 89
0 650 248.568 300 89
0 650 248.66 300 89
0 650 248.753 300 89
0 650 248.841 300 89
0 650 248.937 300 89
0 650 249.028 300 89
0 650 249.125 300 89
0 650 249.217 300 89
0 650 249.303 300 89
0 650 249.398 300 89
0 650 249.481 300 89
0 650 249.57 300 89
0 650 249.662 300 89
0 650 249.754 300 89
0 650 249.853 300 89
0 650 249.944 300 89
0 650 250.041 300 89
0 650 250.137 300 89
0 650 250.229 300 89
0 650 250.329 300 89
0 650 250.409 300 89
0 650 250.503 300 89
0 650 250.591 300 89
0 650 250.683 300 89
0 650 250.784 300 89
0 650 250.875 300 89
0 650 250.973 300 89
0 650 251.063 300 89
0 650 251.152 300 89
0 650 251.233 300 89
0 650 251.296 300 89
0 650 251.376 300 89
0 650 251.469 300 89
0 650 251.569 300 89
0 650 251.669 300 89
0 650 251.755 300 89
0 650 251.841 300 89
0 650 251.933 300 89
0 650 252.024 300 89
0 650 252.118 300 89
0 650 252.216 300 89
0 650 252.299 300 89
0 650 252.391 300 89
0 650 252.477 300 89
0 650 252.573 300 89
0 650 252.674 300 89
0 650 252.774 300 89
0 650 252.873 300 89
0 650 252.965 300 89
0 650 253.056 300 89
0 650 253.152 300 89
0 650 253.242 300 89
0 650 253.335 300 89
0 650 253.428 300 89
0 650 253.515 300 89
0 650 253.598 300 89
0 650 253.689 300 89
0 650 253.776 300 89
0 650 253.861 300 89
0 650 253.959 300 89
0 650 254.056 300 89
0 650 254.145 300 89
0 650 254.237 300 89
0 650 254.325 300 89
0 650 254.414 300 89
0 650 254.506 300 89
0 650 254.592 300 89
0 650 254.656 300 89
0 650 254.724 300 89
0 650 254.785 300 89
0 650 254.844 300 89
0 650 254.903 300 89
0 650 254.969 300 89
0 650 255.03 300 89
0 650 255.094 300 89
0 650 255.15 300 89
0 650 255.217 300 89
0 650 255.277 300 89
0 650 255.343 300 89
0 650 255.402 300 89
0 650 255.473 300 89
0 650 255.559 300 89
0 650 255.667 300 89
0 650 255.763 300 89
0 650 255.86 300 89
0 650 255.946 300 89
0 650 256.036 300 89
0 650 256.13 300 89
0 650 256.221 300 89
0 650 256.314 300 89
0 650 256.407 300 89
0 650 256.484 300 89
0 650 256.576 300 89
0 650 256.67 300 89
0 650 256.768 300 89
0 650 256.865 300 89
0 650 256.961 300 89
0 650 257.057 300 89
0 650 257.151 300 89
0 650 257.237 300 89
0 650 257.328 300 89
0 650 257.421 300 89
0 650 257.509 300 89
0 650 257.601 300 89
0 650 257.684 300 89
0 650 257.773 300 89
0 650 257.862 300 89
0 650 257.951 300 89
0 650 258.036 300 89
0 650 258.131 300 89
0 650 258.208 300 89
0 650 258.276 300 89
0 650 258.341 300 89
0 650 258.409 300 89
0 650 258.477 300 89
0 650 258.537 300 89
0 650 258.599 300 89
0 650 258.673 300 89
0 650 258.736 300 89
0 650 258.8 300 89
0 650 258.864 300 89
0 650 258.951 300 89
0 650 259.05 300 89
0 650 259.145 300 89
0 650 259.242 300 89
0 650 259.351 300 89
0 650 259.453 300 89
0 650 259.541 300 89
0 650 259.633 300 89
0 650 259.718 300 89
0 650 259.809 300 89
0 650 259.904 300 89
0 650 259.992 300 89
0 650 260.083 300 89
0 650 260.179 300 89
0 650 260.279 300 89
0 650 260.378 300 89
0 650 260.479 300 89
0 650 260.575 300 89
0 650 260.679 300 89
0 650 260.77 300 89
0 650 260.865 300 89
0 650 260.967 300 89
0 650 261.057 300 89
0 650 261.146 300 89
0 650 261.233 300 89
0 650 261.318 300 89
0 650 261.384 300 89
0 650 261.449 300 89
0 650 261.52 300 89
0 650 261.585 300 89
0 650 261.675 300 89
0 650 261.767 300 89
0 650 261.866 300 89
0 650 261.954 300 89
0 650 262.08 300 89
0 650 262.182 300 89
0 650 262.27 300 89
0 650 262.362 300 89
0 650 262.451 300 89
0 650 262.551 300 89
0 650 262.646 300 89
0 650 262.74 300 89
0 650 262.832 300 89
0 650 262.917 300 89
0 650 263.007 300 89
0 650 263.102 300 89
0 650 263.196 300 89
0 650 263.329 300 89
0 650 263.421 300 89
0 650 263.509 300 89
0 650 263.597 300 89
0 650 263.689 300 89
0 650 263.78 300 89
0 650 263.877 300 89
0 650 263.968 300 89
0 650 264.06 300 89
0 650 264.159 300 89
0 650 264.261 300 89
0 650 264.35 300 89
0 650 264.44 300 89
0 650 264.527 300 89
0 650 264.621 300 89
0 650 264.71 300 89
0 650 264.81 300 89
0 650 264.893 300 89
0 650 264.992 300 89
0 650 265.078 300 89
0 650 265.176 300 89
0 650 265.265 300 89
0 650 265.365 300 89
0 650 265.453 300 89
0 650 265.537 300 89
0 650 265.636 300 89
0 650 265.733 300 89
0 650 265.828 300 89
0 650 265.916 300 89
0 650 266.009 300 89
0 650 266.099 300 89
0 650 266.192 300 89
0 650 266.293 300 89
0 650 266.385 300 89
0 650 266.476 300 89
0 650 266.573 300 89
0 650 266.665 300 89
0 650 266.819 300 89
0 650 266.913 300 89
0 650 267.001 300 89
0 650 267.086 300 89
0 650 267.175 300 89
0 650 267.272 300 89
0 650 267.369 300 89
0 650 267.461 300 89
0 650 267.55 300 89
0 650 267.637 300 89
0 650 267.727 300 89
0 650 267.809 300 89
0 650 267.907 300 89
0 650 268.007 300 89
0 650 268.105 300 89
0 650 268.2 300 89
0 650 268.299 300 89
0 650 268.388 300 89
0 650 268.483 300 89
0 650 268.578 300 89
0 650 268.67 300 89
0 650 268.766 300 89
0 650 268.859 300 89
0 650 268.949 300 89
0 650 269.042 300 89
0 650 269.134 300 89
0 650 269.221 300 89
0 650 269.312 300 89
0 650 269.405 300 89
0 650 269.495 300 89
0 650 269.585 300 89
0 650 269.681 300 89
0 650 269.769 300 89
0 650 269.86 300 89
0 650 269.959 300 89
0 650 270.055 300 89
0 650 270.155 300 89
0 650 270.25 300 89
0 650 270.347 300 89
0 650 270.439 300 89
0 650 270.521 300 89
0 650 270.618 300 89
0 650 270.71 300 89
0 650 270.811 300 89
0 650 270.909 300 89
0 650 270.997 300 89
0 650 271.079 300 89
0 650 271.172 300 89
0 650 271.273 300 89
0 650 271.366 300 89
0 650 271.462 300 89
0 650 271.562 300 89
0 650 271.659 300 89
0 650 271.719 300 89
0 650 271.811 300 89
0 650 271.887 300 89
0 650 271.973 300 89
0 650 272.072 300 89
0 650 272.164 300 89
0 650 272.257 300 89
0 650 272.351 300 89
0 650 272.449 300 89
0 650 272.545 300 89
0 650 272.63 300 89
0 650 272.719 300 89
0 650 272.818 300 89
0 650 272.913 300 89
0 650 273.004 300 89
0 650 273.1 300 89
0 650 273.2 300 89
0 650 273.296 300 89
0 650 273.39 300 89
0 650 273.484 300 89
0 650 273.58 300 89
0 650 273.682 300 89
0 650 273.772 300 89
0 650 273.859 300 89
0 650 273.951 300 89
0 650 274.046 300 89
0 650 274.132 300 89
0 650 274.223 300 89
0 650 274.322 300 89
0 650 274.415 300 89
0 650 274.508 300 89
0 650 274.606 300 89
0 650 274.693 300 89
0 650 274.79 300 89
0 650 274.893 300 89
0 650 274.992 300 89
0 650 275.096 300 89
0 650 275.19 300 89
0 650 275.28 300 89
0 650 275.364 300 89
0 650 275.444 300 89
0 650 275.538 300 89
0 650 275.638 300 89
0 650 275.714 300 89
0 650 275.8 300 89
0 650 275.943 300 89
0 650 276.032 300 89
0 650 276.121 300 89
0 650 276.22 300 89
0 650 276.319 300 89
0 650 276.415 300 89
0 650 276.504 300 89
0 650 276.603 300 89
0 650 276.693 300 89
0 650 276.78 300 89
0 650 276.876 300 89
0 650 276.968 300 89
0 650 277.054 300 89
0 650 277.144 300 89
0 650 277.234 300 89
0 650 277.32 300 89
0 650 277.417 300 89
0 650 277.514 300 89
0 650 277.612 300 89
0 650 277.704 300 89
0 650 277.793 300 89
0 650 277.883 300 89
0 650 277.973 300 89
0 650 278.064 300 89
0 650 278.147 300 89
0 650 278.241 300 89
0 650 278.336 300 89
0 650 278.433 300 89
0 650 278.515 300 89
0 650 278.579 300 89
0 650 278.639 300 89
0 650 278.697 300 89
0 650 278.761 300 89
0 650 278.821 300 89
0 650 278.886 300 89
0 650 278.947 300 89
0 650 279.006 300 89
0 650 279.069 300 89
0 650 279.133 300 89
0 650 279.193 300 89
0 650 279.256 300 89
0 650 279.317 300 89
0 650 279.381 300 89
0 650 279.44 300 89
0 650 279.504 300 89
0 650 279.572 300 89
0 650 279.638 300 89
0 650 279.702 300 89
0 650 279.772 300 89
0 650 279.847 300 89
0 650 279.941 300 89
0 650 280.036 300 89
0 650 280.12 300 89
0 650 280.228 300 89
0 650 280.33 300 89
0 650 280.426 300 89
0 650 280.517 300 89
0 650 280.631 300 89
0 650 280.723 300 89
0 650 280.814 300 89
0 650 280.912 300 89
0 650 281.034 300 89
0 650 281.115 300 89
0 650 281.211 300 89
0 650 281.3 300 89
0 650 281.398 300 89
0 650 281.492 300 89
0 650 281.588 300 89
0 650 281.678 300 89
0 650 281.768 300 89
0 650 281.854 300 89
0 650 281.95 300 89
0 650 282.034 300 89
0 650 282.126 300 89
0 650 282.214 300 89
0 650 282.306 300 89
0 650 282.397 300 89
0 650 282.486 300 89
0 650 282.571 300 89
0 650 282.658 300 89
0 650 282.742 300 89
0 650 282.832 300 89
0 650 282.922 300 89
0 650 283.017 300 89
0 650 283.103 300 89
0 650 283.197 300 89
0 650 283.285 300 89
0 650 283.371 300 89
0 650 283.465 300 89
0 650 283.557 300 89
0 650 283.636 300 89
0 650 283.726 300 89
0 650 283.831 300 89
0 650 283.928 300 89
0 650 284.012 300 89
0 650 284.092 300 89
0 650 284.176 300 89
0 650 284.274 300 89
0 650 284.363 300 89
0 650 284.451 300 89
0 650 284.534 300 89
0 650 284.622 300 89
0 650 284.718 300 89
0 650 284.815 300 89
0 650 284.907 300 89
0 650 284.995 300 89
0 650 285.081 300 89
0 650 285.164 300 89
0 650 285.258 300 89
0 650 285.342 300 89
0 650 285.431 300 89
0 650 285.522 300 89
0 650 285.608 300 89
0 650 285.71 300 89
0 650 285.82 300 89
0 650 285.902 300 89
0 650 285.999 300 89
0 650 286.095 300 89
0 650 286.197 300 89
0 650 286.287 300 89
0 650 286.378 300 89
0 650 286.464 300 89
0 650 286.558 300 89
0 650 286.652 300 89
0 650 286.739 300 89
0 650 286.84 300 89
0 650 286.933 300 89
0 650 287.024 300 89
0 650 287.114 300 89
0 650 287.204 300 89
0 650 287.294 300 89
0 650 287.375 300 89
0 650 287.469 300 89
0 650 287.566 300 89
0 650 287.661 300 89
0 650 287.745 300 89
0 650 287.844 300 89
0 650 287.926 300 89
0 650 288.015 300 89
0 650 288.1 300 89
0 650 288.205 300 89
0 650 288.298 300 89
0 650 288.384 300 89
0 650 288.472 300 89
0 650 288.548 300 89
0 650 288.642 300 89
0 650 288.731 300 89
0 650 288.824 300 89
0 650 288.938 300 89
0 650 289.016 300 89
0 650 289.101 300 89
0 650 289.195 300 89
0 650 289.289 300 89
0 650 289.382 300 89
0 650 289.474 300 89
0 650 289.557 300 89
0 650 289.639 300 89
0 650 289.722 300 89
0 650 289.803 300 89
0 650 289.891 300 89
0 650 289.978 300 89
0 650 290.057 300 89
0 650 290.134 300 89
0 650 290.226 300 89
0 650 290.315 300 89
0 650 290.388 300 89
0 650 290.474 300 89
0 650 290.554 300 89
0 650 290.637 300 89
0 650 290.725 300 89
0 650 290.812 300 89
0 650 290.905 300 89
0 650 291.003 300 89
0 650 291.103 300 89
0 650 291.193 300 89
0 650 291.288 300 89
0 650 291.374 300 89
0 650 291.454 300 89
0 650 291.54 300 89
0 650 291.63 300 89
0 650 291.716 300 89
0 650 291.796 300 89
0 650 291.886 300 89
0 650 291.968 300 89
0 650 292.05 300 89
0 650 292.137 300 89
0 650 292.226 300 89
0 650 292.304 300 89
0 650 292.39 300 89
0 650 292.475 300 89
0 650 292.562 300 89
0 650 292.647 300 89
0 650 292.741 300 89
0 650 292.816 300 89
0 650 292.898 300 89
0 650 292.979 300 89
0 650 293.067 300 89
0 650 293.155 300 89
0 650 293.24 300 89
0 650 293.327 300 89
0 650 293.409 300 89
0 650 293.5 300 89
0 650 293.598 300 89
0 650 293.69 300 89
0 650 293.775 300 89
0 650 293.87 300 89
0 650 293.961 300 89
0 650 294.046 300 89
0 650 294.14 300 89
0 650 294.233 300 89
0 650 294.318 300 89
0 650 294.408 300 89
0 650 294.495 300 89
0 650 294.586 300 89
0 650 294.67 300 89
0 650 294.763 300 89
0 650 294.862 300 89
0 650 294.951 300 89
0 650 295.036 300 89
0 650 295.12 300 89
0 650 295.21 300 89
0 650 295.297 300 89
0 650 295.379 300 89
0 650 295.472 300 89
0 650 295.526 300 89
0 650 295.619 300 89
0 650 295.71 300 89
0 650 295.797 300 89
0 650 295.884 300 89
0 650 295.972 300 89
0 650 296.068 300 89
0 650 296.158 300 89
0 650 296.25 300 89
0 650 296.34 300 89
0 650 296.435 300 89
0 650 296.523 300 89
0 650 296.615 300 89
0 650 296.7 300 89
0 650 296.791 300 89
0 650 296.888 300 89
0 650 296.977 300 89
0 650 297.059 300 89
0 650 297.149 300 89
0 650 297.233 300 89
0 650 297.306 300 89
0 650 297.387 300 89
0 650 297.475 300 89
0 650 297.563 300 89
0 650 297.649 300 89
0 650 297.731 300 89
0 650 297.813 300 89
0 650 297.893 300 89
0 650 297.982 300 89
0 650 298.065 300 89
0 650 298.153 300 89
0 650 298.24 300 89
0 650 298.331 300 89
0 650 298.422 300 89
0 650 298.511 300 89
0 650 298.596 300 89
0 650 298.685 300 89
0 650 298.77 300 89
0 650 298.857 300 89
0 650 298.948 300 89
0 650 299.036 300 89
0 650 299.121 300 89
0 650 299.206 300 89
0 650 299.29 300 89
0 650 299.378 300 89
0 650 299.473 300 89
0 650 299.561 300 89
0 650 299.641 300 89
0 650 299.729 300 89
0 650 299.783 300 89
0 650 299.869 300 89
0 650 299.954 300 89
0 650 300.041 300 89
0 650 300.135 300 89
0 650 300.22 300 89
0 650 300.302 300 89
0 650 300.387 300 89
0 650 300.474 300 89
0 650 300.557 300 89
0 650 300.648 300 89
0 650 300.732 300 89
0 650 300.814 300 89
0 650 300.899 300 89
0 650 300.982 300 89
0 650 301.069 300 89
0 650 301.173 300 89
0 650 301.233 300 89
0 650 301.29 300 89
0 650 301.351 300 89
0 650 301.413 300 89
0 650 301.471 300 89
0 650 301.527 300 89
0 650 301.583 300 89
0 650 301.645 300 89
0 650 301.706 300 89
0 650 301.771 300 89
0 650 301.829 300 89
0 650 301.886 300 89
0 650 301.944 300 89
0 650 302.008 300 89
0 650 302.072 300 89
0 650 302.135 300 89
0 650 302.2 300 89
0 650 302.26 300 89
0 650 302.319 300 89
0 650 302.377 300 89
0 650 302.455 300 89
0 650 302.54 300 89
0 650 302.627 300 89
0 650 302.723 300 89
0 650 302.805 300 89
0 650 302.892 300 89
0 650 302.972 300 89
0 650 303.061 300 89
0 650 303.153 300 89
0 650 303.243 300 89
0 650 303.334 300 89
0 650 303.425 300 89
0 650 303.514 300 89
0 650 303.596 300 89
0 650 303.685 300 89
0 650 303.764 300 89
0 650 303.846 300 89
0 650 303.937 300 89
0 650 303.997 300 89
0 650 304.086 300 89
0 650 304.167 300 89
0 650 304.252 300 89
0 650 304.333 300 89
0 650 304.418 300 89
0 650 304.502 300 89
0 650 304.583 300 89
0 650 304.672 300 89
0 650 304.758 300 89
0 650 304.844 300 89
0 650 304.931 300 89
0 650 305.017 300 89
0 650 305.11 300 89
0 650 305.198 300 89
0 650 305.286 300 89
0 650 305.369 300 89
0 650 305.46 300 89
0 650 305.545 300 89
0 650 305.635 300 89
0 650 305.724 300 89
0 650 305.81 300 89
0 650 305.888 300 89
0 650 305.971 300 89
0 650 306.064 300 89
0 650 306.149 300 89
0 650 306.24 300 89
0 650 306.327 300 89
0 650 306.42 300 89
0 650 306.483 300 89
0 650 306.568 300 89
0 650 306.658 300 89
0 650 306.744 300 89
0 650 306.826 300 89
0 650 306.907 300 89
0 650 306.989 300 89
0 650 307.084 300 89
0 650 307.173 300 89
0 650 307.259 300 89
0 650 307.341 300 89
0 650 307.425 300 89
0 650 307.509 300 89
0 650 307.603 300 89
0 650 307.689 300 89
0 650 307.773 300 89
0 650 307.859 300 89
0 650 307.944 300 89
0 650 308.031 300 89
0 650 308.116 300 89
0 650 308.203 300 89
0 650 308.29 300 89
0 650 308.374 300 89
0 650 308.457 300 89
0 650 308.542 300 89
0 650 308.619 300 89
0 650 308.701 300 89
0 650 308.779 300 89
0 650 308.867 300 89
0 650 308.948 300 89
0 650 309.025 300 89
0 650 309.107 300 89
0 650 309.176 300 89
0 650 309.273 300 89
0 650 309.357 300 89
0 650 309.424 300 89
0 650 309.508 300 89
0 650 309.595 300 89
0 650 309.676 300 89
0 650 309.754 300 89
0 650 309.834 300 89
0 650 309.917 300 89
0 650 310.001 300 89
0 650 310.087 300 89
0 650 310.168 300 89
0 650 310.261 300 89
0 650 310.344 300 89
0 650 310.432 300 89
0 650 310.514 300 89
0 650 310.597 300 89
0 650 310.675 300 89
0 650 310.759 300 89
0 650 310.844 300 89
0 650 310.921 300 89
0 650 311.009 300 89
0 650 311.093 300 89
0 650 311.177 300 89
0 650 311.261 300 89
0 650 311.343 300 89
0 650 311.43 300 89
0 650 311.52 300 89
0 650 311.606 300 89
0 650 311.682 300 89
0 650 311.772 300 89
0 650 311.859 300 89
0 650 311.943 300 89
0 650 312.025 300 89
0 650 312.111 300 89
0 650 312.195 300 89
0 650 312.28 300 89
0 650 312.365 300 89
0 650 312.452 300 89
0 650 312.528 300 89
0 650 312.615 300 89
0 650 312.7 300 89
0 650 312.785 300 89
0 650 312.873 300 89
0 650 312.951 300 89
0 650 313.039 300 89
0 650 313.126 300 89
0 650 313.202 300 89
0 650 313.293 300 89
0 650 313.38 300 89
0 650 313.468 300 89
0 650 313.557 300 89
0 650 313.639 300 89
0 650 313.724 300 89
0 650 313.811 300 89
0 650 313.9 300 89
0 650 313.989 300 89
0 650 314.076 300 89
0 650 314.164 300 89
0 650 314.249 300 89
0 650 314.336 300 89
0 650 314.417 300 89
0 650 314.504 300 89
0 650 314.591 300 89
0 650 314.678 300 89
0 650 314.754 300 89
0 650 314.839 300 89
0 650 314.936 300 89
0 650 315.024 300 89
0 650 315.106 300 89
0 650 315.195 300 89
0 650 315.279 300 89
0 650 315.366 300 89
0 650 315.451 300 89
0 650 315.541 300 89
0 650 315.625 300 89
0 650 315.713 300 89
0 650 315.803 300 89
0 650 315.888 300 89
0 650 315.966 300 89
0 650 316.079 300 89
0 650 316.15 300 89
0 650 316.228 300 89
0 650 316.318 300 89
0 650 316.401 300 89
0 650 316.487 300 89
0 650 316.577 300 89
0 650 316.669 300 89
0 650 316.76 300 89
0 650 316.858 300 89
0 650 316.95 300 89
0 650 317.033 300 89
0 650 317.123 300 89
0 650 317.213 300 89
0 650 317.301 300 89
0 650 317.4 300 89
0 650 317.49 300 89
0 650 317.593 300 89
0 650 317.681 300 89
0 650 317.778 300 89
0 650 317.91 300 89
0 650 317.996 300 89
0 650 318.078 300 89
0 650 318.169 300 89
0 650 318.256 300 89
0 650 318.343 300 89
0 650 318.444 300 89
0 650 318.543 300 89
0 650 318.636 300 89
0 650 318.722 300 89
0 650 318.829 300 89
0 650 318.922 300 89
0 650 319.016 300 89
0 650 319.103 300 89
0 650 319.196 300 89
0 650 319.269 300 89
0 650 319.373 300 89
0 650 319.467 300 89
0 650 319.558 300 89
0 650 319.648 300 89
0 650 319.739 300 89
0 650 319.814 300 89
0 650 319.899 300 89
0 650 319.989 300 89
0 650 320.075 300 89
0 650 320.167 300 89
0 650 320.254 300 89
0 650 320.343 300 89
0 650 320.429 300 89
0 650 320.516 300 89
0 650 320.601 300 89
0 650 320.688 300 89
0 650 320.777 300 89
0 650 320.858 300 89
0 650 320.946 300 89
0 650 321.032 300 89
0 650 321.126 300 89
0 650 321.215 300 89
0 650 321.3 300 89
0 650 321.386 300 89
0 650 321.492 300 89
0 650 321.583 300 89
0 650 321.69 300 89
0 650 321.784 300 89
0 650 321.875 300 89
0 650 321.969 300 89
0 650 322.067 300 89
0 650 322.163 300 89
0 650 322.255 300 89
0 650 322.339 300 89
0 650 322.428 300 89
0 650 322.51 300 89
0 650 322.592 300 89
0 650 322.681 300 89
0 650 322.771 300 89
0 650 322.87 300 89
0 650 322.964 300 89
0 650 323.045 300 89
0 650 323.13 300 89
0 650 323.22 300 89
0 650 323.312 300 89
0 650 323.402 300 89
0 650 323.491 300 89
0 650 323.578 300 89
0 650 323.663 300 89
0 650 323.767 300 89
0 650 323.859 300 89
0 650 323.961 300 89
0 650 324.075 300 89
0 650 324.164 300 89
0 650 324.257 300 89
0 650 324.341 300 89
0 650 324.42 300 89
0 650 324.509 300 89
0 650 324.596 300 89
0 650 324.688 300 89
0 650 324.783 300 89
0 650 324.864 300 89
0 650 324.955 300 89
0 650 325.039 300 89
0 650 325.121 300 89
0 650 325.212 300 89
0 650 325.304 300 89
0 650 325.403 300 89
0 650 325.503 300 89
0 650 325.593 300 89
0 650 325.682 300 89
0 650 325.775 300 89
0 650 325.861 300 89
0 650 325.946 300 89
0 650 326.039 300 89
0 650 326.133 300 89
0 650 326.224 300 89
0 650 326.317 300 89
0 650 326.403 300 89
0 650 326.504 300 89
0 650 326.597 300 89
0 650 326.684 300 89
0 650 326.772 300 89
0 650 326.855 300 89
0 650 326.931 300 89
0 650 327.016 300 89
0 650 327.111 300 89
0 650 327.167 300 89
0 650 327.261 300 89
0 650 327.348 300 89
0 650 327.438 300 89
0 650 327.522 300 89
0 650 327.618 300 89
0 650 327.705 300 89
0 650 327.804 300 89
0 650 327.888 300 89
0 650 327.98 300 89
0 650 328.071 300 89
0 650 328.161 300 89
0 650 328.255 300 89
0 650 328.336 300 89
0 650 328.425 300 89
0 650 328.512 300 89
0 650 328.602 300 89
0 650 328.696 300 89
0 650 328.789 300 89
0 650 328.888 300 89
0 650 328.971 300 89
0 650 329.056 300 89
0 650 329.155 300 89
0 650 329.237 300 89
0 650 329.314 300 89
0 650 329.406 300 89
0 650 329.501 300 89
0 650 329.59 300 89
0 650 329.672 300 89
0 650 329.76 300 89
0 650 329.848 300 89
0 650 329.931 300 89
0 650 330.014 300 89
0 650 330.102 300 89
0 650 330.176 300 89
0 650 330.291 300 89
0 650 330.391 300 89
0 650 330.484 300 89
0 650 330.575 300 89
0 650 330.664 300 89
0 650 330.75 300 89
0 650 330.847 300 89
0 650 330.949 300 89
0 650 331.05 300 89
0 650 331.168 300 89
0 650 331.273 300 89
0 650 331.358 300 89
0 650 331.447 300 89
0 650 331.544 300 89
0 650 331.634 300 89
0 650 331.716 300 89
0 650 331.799 300 89
0 650 331.888 300 89
0 650 331.973 300 89
0 650 332.072 300 89
0 650 332.164 300 89
0 650 332.255 300 89
0 650 332.311 300 89
0 650 332.4 300 89
0 650 332.49 300 89
0 650 332.573 300 89
0 650 332.661 300 89
0 650 332.755 300 89
0 650 332.841 300 89
0 650 332.93 300 89
0 650 333.018 300 89
0 650 333.107 300 89
0 650 333.192 300 89
0 650 333.294 300 89
0 650 333.383 300 89
0 650 333.477 300 89
0 650 333.567 300 89
0 650 333.657 300 89
0 650 333.741 300 89
0 650 333.828 300 89
0 650 333.91 300 89
0 650 333.994 300 89
0 650 334.09 300 89
0 650 334.18 300 89
0 650 334.274 300 89
0 650 334.371 300 89
0 650 334.469 300 89
0 650 334.571 300 89
0 650 334.657 300 89
0 650 334.748 300 89
0 650 334.825 300 89
0 650 334.918 300 89
0 650 335.004 300 89
0 650 335.092 300 89
0 650 335.18 300 89
0 650 335.277 300 89
0 650 335.378 300 89
0 650 335.471 300 89
0 650 335.554 300 89
0 650 335.647 300 89
0 650 335.743 300 89
0 650 335.841 300 89
0 650 335.924 300 89
0 650 336.019 300 89
0 650 336.102 300 89
0 650 336.195 300 89
0 650 336.289 300 89
0 650 336.383 300 89
0 650 336.484 300 89
0 650 336.576 300 89
0 650 336.669 300 89
0 650 336.755 300 89
0 650 336.854 300 89
0 650 336.948 300 89
0 650 337.032 300 89
0 650 337.126 300 89
0 650 337.214 300 89
0 650 337.303 300 89
0 650 337.397 300 89
0 650 337.486 300 89
0 650 337.58 300 89
0 650 337.677 300 89
0 650 337.797 300 89
0 650 337.895 300 89
0 650 337.954 300 89
0 650 338.043 300 89
0 650 338.133 300 89
0 650 338.228 300 89
0 650 338.319 300 89
0 650 338.414 300 89
0 650 338.506 300 89
0 650 338.605 300 89
0 650 338.698 300 89
0 650 338.792 300 89
0 650 338.87 300 89
0 650 338.97 300 89
0 650 339.065 300 89
0 650 339.156 300 89
0 650 339.242 300 89
0 650 339.326 300 89
0 650 339.428 300 89
0 650 339.521 300 89
0 650 339.62 300 89
0 650 339.715 300 89
0 650 339.8 300 89
0 650 339.865 300 89
0 650 339.919 300 89
0 650 339.977 300 89
0 650 340.042 300 89
0 650 340.111 300 89
0 650 340.17 300 89
0 650 340.232 300 89
0 650 340.295 300 89
0 650 340.35 300 89
0 650 340.403 300 89
0 650 340.459 300 89
0 650 340.525 300 89
0 650 340.586 300 89
0 650 340.649 300 89
0 650 340.71 300 89
0 650 340.77 300 89
0 650 340.832 300 89
0 650 340.893 300 89
0 650 340.959 300 89
0 650 341.024 300 89
0 650 341.089 300 89
0 650 341.154 300 89
0 650 341.221 300 89
0 650 341.283 300 89
0 650 341.342 300 89
0 650 341.407 300 89
0 650 341.465 300 89
0 650 341.524 300 89
0 650 341.588 300 89
0 650 341.649 300 89
0 650 341.714 300 89
0 650 341.778 300 89
0 650 341.836 300 89
0 650 341.898 300 89
0 650 341.962 300 89
0 650 342.022 300 89
0 650 342.082 300 89
0 650 342.138 300 89
0 650 342.196 300 89
0 650 342.257 300 89
0 650 342.317 300 89
0 650 342.375 300 89
0 650 342.436 300 89
0 650 342.497 300 89
0 650 342.561 300 89
0 650 342.625 300 89
0 650 342.678 300 89
0 650 342.742 300 89
0 650 342.804 300 89
0 650 342.863 300 89
0 650 342.927 300 89
0 650 342.99 300 89
0 650 343.048 300 89
0 650 343.105 300 89
0 650 343.172 300 89
0 650 343.238 300 89
0 650 343.301 300 89
0 650 343.363 300 89
0 650 343.423 300 89
0 650 343.486 300 89
0 650 343.548 300 89
0 650 343.613 300 89
0 650 343.681 300 89
0 650 343.743 300 89
0 650 343.814 300 89
0 650 343.876 300 89
0 650 343.934 300 89
0 650 343.992 300 89
0 650 344.049 300 89
0 650 344.105 300 89
0 650 344.168 300 89
0 650 344.229 300 89
0 650 344.293 300 89
0 650 344.35 300 89
0 650 344.438 300 89
0 650 344.527 300 89
0 650 344.618 300 89
0 650 344.708 300 89
0 650 344.798 300 89
0 650 344.883 300 89
0 650 344.969 300 89
0 650 345.062 300 89
0 650 345.156 300 89
0 650 345.249 300 89
0 650 345.337 300 89
0 650 345.424 300 89
0 650 345.519 300 89
0 650 345.61 300 89
0 650 345.702 300 89
0 650 345.837 300 89
0 650 345.93 300 89
0 650 346.021 300 89
0 650 346.114 300 89
0 650 346.21 300 89
0 650 346.303 300 89
0 650 346.402 300 89
0 650 346.493 300 89
0 650 346.585 300 89
0 650 346.679 300 89
0 650 346.769 300 89
0 650 346.863 300 89
0 650 346.951 300 89
0 650 347.039 300 89
0 650 347.136 300 89
0 650 347.228 300 89
0 650 347.319 300 89
0 650 347.409 300 89
0 650 347.501 300 89
0 650 347.595 300 89
0 650 347.693 300 89
0 650 347.785 300 89
0 650 347.879 300 89
0 650 347.973 300 89
0 650 348.053 300 89
0 650 348.146 300 89
0 650 348.223 300 89
0 650 348.287 300 89
0 650 348.376 300 89
0 650 348.47 300 89
0 650 348.561 300 89
0 650 348.656 300 89
0 650 348.734 300 89
0 650 348.823 300 89
0 650 348.914 300 89
0 650 349.008 300 89
0 650 349.102 300 89
0 650 349.184 300 89
0 650 349.262 300 89
0 650 349.345 300 89
0 650 349.441 300 89
0 650 349.531 300 89
0 650 349.622 300 89
0 650 349.711 300 89
0 650 349.79 300 89
0 650 349.88 300 89
0 650 349.955 300 89
0 650 350.035 300 89
0 650 350.113 300 89
0 650 350.2 300 89
0 650 350.283 300 89
0 650 350.367 300 89
0 650 350.458 300 89
0 650 350.549 300 89
0 650 350.635 300 89
0 650 350.724 300 89
0 650 350.822 300 89
0 650 350.909 300 89
0 650 351.008 300 89
0 650 351.102 300 89
0 650 351.201 300 89
0 650 351.295 300 89
0 650 351.387 300 89
0 650 351.547 300 89
0 650 351.639 300 89
0 650 351.738 300 89
0 650 351.832 300 89
0 650 351.92 300 89
0 650 352.02 300 89
0 650 352.116 300 89
0 650 352.205 300 89
0 650 352.301 300 89
0 650 352.396 300 89
0 650 352.484 300 89
0 650 352.577 300 89
0 650 352.662 300 89
0 650 352.752 300 89
0 650 352.843 300 89
0 650 352.936 300 89
0 650 353.022 300 89
0 650 353.082 300 89
0 650 353.178 300 89
0 650 353.266 300 89
0 650 353.356 300 89
0 650 353.446 300 89
0 650 353.536 300 89
0 650 353.627 300 89
0 650 353.71 300 89
0 650 353.807 300 89
0 650 353.892 300 89
0 650 353.979 300 89
0 650 354.065 300 89
0 650 354.151 300 89
0 650 354.238 300 89
0 650 354.333 300 89
0 650 354.406 300 89
0 650 354.493 300 89
0 650 354.585 300 89
0 650 354.672 300 89
0 650 354.755 300 89
0 650 354.847 300 89
0 650 354.904 300 89
0 650 354.995 300 89
0 650 355.078 300 89
0 650 355.175 300 89
0 650 355.265 300 89
0 650 355.354 300 89
0 650 355.447 300 89
0 650 355.53 300 89
0 650 355.615 300 89
0 650 355.713 300 89
0 650 355.803 300 89
0 650 355.884 300 89
0 650 355.973 300 89
0 650 356.069 300 89
0 650 356.151 300 89
0 650 356.246 300 89
0 650 356.334 300 89
0 650 356.429 300 89
0 650 356.522 300 89
0 650 356.614 300 89
0 650 356.706 300 89
0 650 356.801 300 89
0 650 356.897 300 89
0 650 356.988 300 89
0 650 357.068 300 89
0 650 357.169 300 89
0 650 357.25 300 89
0 650 357.343 300 89
0 650 357.426 300 89
0 650 357.517 300 89
0 650 357.609 300 89
0 650 357.706 300 89
0 650 357.816 300 89
0 650 357.906 300 89
0 650 357.994 300 89
0 650 358.083 300 89
0 650 358.172 300 89
0 650 358.264 300 89
0 650 358.345 300 89
0 650 358.433 300 89
0 650 358.524 300 89
0 650 358.617 300 89
0 650 358.712 300 89
0 650 358.798 300 89
0 650 358.895 300 89
0 650 359.037 300 89
0 650 359.125 300 89
0 650 359.213 300 89
0 650 359.297 300 89
0 650 359.444 300 89
0 650 359.538 300 89
0 650 359.631 300 89
0 650 359.721 300 89
0 650 359.811 300 89
0 650 359.895 300 89
0 650 359.981 300 89
0 650 360.064 300 89
0 650 360.152 300 89
0 650 360.235 300 89
0 650 360.311 300 89
0 650 360.392 300 89
0 650 360.483 300 89
0 650 360.572 300 89
0 650 360.655 300 89
0 650 360.749 300 89
0 650 360.84 300 89
0 650 360.937 300 89
0 650 361.018 300 89
0 650 361.103 300 89
0 650 361.195 300 89
0 650 361.287 300 89
0 650 361.379 300 89
0 650 361.467 300 89
0 650 361.561 300 89
0 650 361.644 300 89
0 650 361.752 300 89
0 650 361.826 300 89
0 650 361.917 300 89
0 650 362.017 300 89
0 650 362.1 300 89
0 650 362.19 300 89
0 650 362.283 300 89
0 650 362.382 300 89
0 650 362.478 300 89
0 650 362.571 300 89
0 650 362.657 300 89
0 650 362.741 300 89
0 650 362.83 300 89
0 650 362.934 300 89
0 650 363.016 300 89
0 650 363.107 300 89
0 650 363.186 300 89
0 650 363.276 300 89
0 650 363.361 300 89
0 650 363.453 300 89
0 650 363.539 300 89
0 650 363.632 300 89
0 650 363.718 300 89
0 650 363.805 300 89
0 650 363.903 300 89
0 650 363.99 300 89
0 650 364.086 300 89
0 650 364.177 300 89
0 650 364.271 300 89
0 650 364.362 300 89
0 650 364.446 300 89
0 650 364.534 300 89
0 650 364.612 300 89
0 650 364.708 300 89
0 650 364.8 300 89
0 650 364.889 300 89
0 650 364.996 300 89
0 650 365.075 300 89
0 650 365.171 300 89
0 650 365.265 300 89
0 650 365.344 300 89
0 650 365.44 300 89
0 650 365.534 300 89
0 650 365.618 300 89
0 650 365.703 300 89
0 650 365.794 300 89
0 650 365.887 300 89
0 650 365.974 300 89
0 650 366.066 300 89
0 650 366.155 300 89
0 650 366.243 300 89
0 650 366.334 300 89
0 650 366.425 300 89
0 650 366.499 300 89
0 650 366.59 300 89
0 650 366.685 300 89
0 650 366.778 300 89
0 650 366.864 300 89
0 650 366.954 300 89
0 650 367.04 300 89
0 650 367.129 300 89
0 650 367.211 300 89
0 650 367.294 300 89
0 650 367.39 300 89
0 650 367.477 300 89
0 650 367.559 300 89
0 650 367.674 300 89
0 650 367.761 300 89
0 650 367.851 300 89
0 650 367.945 300 89
0 650 368.029 300 89
0 650 368.111 300 89
0 650 368.207 300 89
0 650 368.286 300 89
0 650 368.382 300 89
0 650 368.466 300 89
0 650 368.552 300 89
0 650 368.64 300 89
0 650 368.73 300 89
0 650 368.826 300 89
0 650 368.912 300 89
0 650 369.002 300 89
0 650 369.095 300 89
0 650 369.185 300 89
0 650 369.279 300 89
0 650 369.373 300 89
0 650 369.469 300 89
0 650 369.56 300 89
0 650 369.647 300 89
0 650 369.744 300 89
0 650 369.832 300 89
0 650 369.929 300 89
0 650 370.026 300 89
0 650 370.123 300 89
0 650 370.218 300 89
0 650 370.335 300 89
0 650 370.425 300 89
0 650 370.512 300 89
0 650 370.607 300 89
0 650 370.693 300 89
0 650 370.788 300 89
0 650 370.877 300 89
0 650 370.967 300 89
0 650 371.064 300 89
0 650 371.161 300 89
0 650 371.249 300 89
0 650 371.341 300 89
0 650 371.434 300 89
0 650 371.517 300 89
0 650 371.603 300 89
0 650 371.693 300 89
0 650 371.793 300 89
0 650 371.884 300 89
0 650 371.974 300 89
0 650 372.062 300 89
0 650 372.148 300 89
0 650 372.243 300 89
0 650 372.328 300 89
0 650 372.419 300 89
0 650 372.507 300 89
0 650 372.59 300 89
0 650 372.674 300 89
0 650 372.762 300 89
0 650 372.851 300 89
0 650 372.984 300 89
0 650 373.066 300 89
0 650 373.158 300 89
0 650 373.239 300 89
0 650 373.322 300 89
0 650 373.41 300 89
0 650 373.497 300 89
0 650 373.587 300 89
0 650 373.649 300 89
0 650 373.745 300 89
0 650 373.836 300 89
0 650 373.927 300 89
0 650 374.022 300 89
0 650 374.119 300 89
0 650 374.21 300 89
0 650 374.305 300 89
0 650 374.398 300 89
0 650 374.484 300 89
0 650 374.574 300 89
0 650 374.649 300 89
0 650 374.738 300 89
0 650 374.825 300 89
0 650 374.92 300 89
0 650 375.012 300 89
0 650 375.1 300 89
0 650 375.187 300 89
0 650 375.28 300 89
0 650 375.369 300 89
0 650 375.514 300 89
0 650 375.61 300 89
0 650 375.706 300 89
0 650 375.802 300 89
0 650 375.893 300 89
0 650 375.981 300 89
0 650 376.074 300 89
0 650 376.159 300 89
0 650 376.244 300 89
0 650 376.335 300 89
0 650 376.423 300 89
0 650 376.511 300 89
0 650 376.605 300 89
0 650 376.711 300 89
0 650 376.849 300 89
0 650 376.941 300 89
0 650 377.03 300 89
0 650 377.121 300 89
0 650 377.216 300 89
0 650 377.311 300 89
0 650 377.412 300 89
0 650 377.508 300 89
0 650 377.596 300 89
0 650 377.693 300 89
0 650 377.776 300 89
0 650 377.865 300 89
0 650 377.958 300 89
0 650 378.046 300 89
0 650 378.14 300 89
0 650 378.232 300 89
0 650 378.322 300 89
0 650 378.408 300 89
0 650 378.469 300 89
0 650 378.558 300 89
0 650 378.65 300 89
0 650 378.746 300 89
0 650 378.825 300 89
0 650 378.915 300 89
0 650 378.999 300 89
0 650 379.082 300 89
0 650 379.143 300 89
0 650 379.234 300 89
0 650 379.327 300 89
0 650 379.421 300 89
0 650 379.512 300 89
0 650 379.606 300 89
0 650 379.688 300 89
0 650 379.783 300 89
0 650 379.875 300 89
0 650 379.967 300 89
0 650 380.061 300 89
0 650 380.149 300 89
0 650 380.241 300 89
0 650 380.337 300 89
0 650 380.431 300 89
0 650 380.518 300 89
0 650 380.602 300 89
0 650 380.689 300 89
0 650 380.78 300 89
0 650 380.87 300 89
0 650 380.958 300 89
0 650 381.046 300 89
0 650 381.132 300 89
0 650 381.227 300 89
0 650 381.318 300 89
0 650 381.408 300 89
0 650 381.5 300 89
0 650 381.589 300 89
0 650 381.68 300 89
0 650 381.767 300 89
0 650 381.86 300 89
0 650 381.948 300 89
0 650 382.029 300 89
0 650 382.119 300 89
0 650 382.216 300 89
0 650 382.303 300 89
0 650 382.398 300 89
0 650 382.49 300 89
0 650 382.57 300 89
0 650 382.66 300 89
0 650 382.747 300 89
0 650 382.835 300 89
0 650 382.928 300 89
0 650 383.019 300 89
0 650 383.112 300 89
0 650 383.21 300 89
0 650 383.308 300 89
0 650 383.391 300 89
0 650 383.483 300 89
0 650 383.576 300 89
0 650 383.668 300 89
0 650 383.755 300 89
0 650 383.844 300 89
0 650 383.927 300 89
0 650 384.013 300 89
0 650 384.093 300 89
0 650 384.182 300 89
0 650 384.268 300 89
0 650 384.35 300 89
0 650 384.44 300 89
0 650 384.529 300 89
0 650 384.628 300 89
0 650 384.721 300 89
0 650 384.808 300 89
0 650 384.892 300 89
0 650 384.981 300 89
0 650 385.069 300 89
0 650 385.158 300 89
0 650 385.248 300 89
0 650 385.335 300 89
0 650 385.422 300 89
0 650 385.512 300 89
0 650 385.595 300 89
0 650 385.682 300 89
0 650 385.77 300 89
0 650 385.866 300 89
0 650 385.954 300 89
0 650 386.04 300 89
0 650 386.133 300 89
0 650 386.228 300 89
0 650 386.322 300 89
0 650 386.416 300 89
0 650 386.498 300 89
0 650 386.588 300 89
0 650 386.677 300 89
0 650 386.764 300 89
0 650 386.855 300 89
0 650 386.97 300 89
0 650 387.062 300 89
0 650 387.15 300 89
0 650 387.233 300 89
0 650 387.326 300 89
0 650 387.414 300 89
0 650 387.508 300 89
0 650 387.605 300 89
0 650 387.694 300 89
0 650 387.785 300 89
0 650 387.882 300 89
0 650 387.98 300 89
0 650 388.07 300 89
0 650 388.163 300 89
0 650 388.259 300 89
0 650 388.341 300 89
0 650 388.444 300 89
0 650 388.553 300 89
0 650 388.672 300 89
0 650 388.759 300 89
0 650 388.858 300 89
0 650 388.947 300 89
0 650 389.048 300 89
0 650 389.142 300 89
0 650 389.233 300 89
0 650 389.329 300 89
0 650 389.425 300 89
0 650 389.521 300 89
0 650 389.628 300 89
0 650 389.723 300 89
0 650 389.822 300 89
0 650 389.927 300 89
0 650 390.037 300 89
0 650 390.136 300 89
0 650 390.227 300 89
0 650 390.327 300 89
0 650 390.43 300 89
0 650 390.525 300 89
0 650 390.623 300 89
0 650 390.719 300 89
0 650 390.818 300 89
0 650 390.912 300 89
0 650 390.995 300 89
0 650 391.089 300 89
0 650 391.182 300 89
0 650 391.281 300 89
0 650 391.373 300 89
0 650 391.476 300 89
0 650 391.559 300 89
0 650 391.644 300 89
0 650 391.734 300 89
0 650 391.827 300 89
0 650 391.927 300 89
0 650 392.013 300 89
0 650 392.107 300 89
0 650 392.196 300 89
0 650 392.289 300 89
0 650 392.383 300 89
0 650 392.469 300 89
0 650 392.555 300 89
0 650 392.647 300 89
0 650 392.74 300 89
0 650 392.825 300 89
0 650 392.914 300 89
0 650 393.01 300 89
0 650 393.106 300 89
0 650 393.194 300 89
0 650 393.28 300 89
0 650 393.372 300 89
0 650 393.467 300 89
0 650 393.557 300 89
0 650 393.649 300 89
0 650 393.727 300 89
0 650 393.82 300 89
0 650 393.912 300 89
0 650 393.991 300 89
0 650 394.073 300 89
0 650 394.166 300 89
0 650 394.219 300 89
0 650 394.297 300 89
0 650 394.391 300 89
0 650 394.483 300 89
0 650 394.575 300 89
0 650 394.664 300 89
0 650 394.757 300 89
0 650 394.864 300 89
0 650 394.961 300 89
0 650 395.048 300 89
0 650 395.136 300 89
0 650 395.219 300 89
0 650 395.316 300 89
0 650 395.401 300 89
0 650 395.489 300 89
0 650 395.58 300 89
0 650 395.672 300 89
0 650 395.756 300 89
0 650 395.849 300 89
0 650 395.941 300 89
0 650 396.038 300 89
0 650 396.132 300 89
0 650 396.227 300 89
0 650 396.323 300 89
0 650 396.41 300 89
0 650 396.499 300 89
0 650 396.587 300 89
0 650 396.682 300 89
0 650 396.769 300 89
0 650 396.851 300 89
0 650 396.944 300 89
0 650 397.04 300 89
0 650 397.131 300 89
0 650 397.217 300 89
0 650 397.316 300 89
0 650 397.406 300 89
0 650 397.503 300 89
0 650 397.596 300 89
0 650 397.687 300 89
0 650 397.783 300 89
0 650 397.882 300 89
0 650 397.974 300 89
0 650 398.063 300 89
0 650 398.157 300 89
0 650 398.254 300 89
0 650 398.345 300 89
0 650 398.434 300 89
0 650 398.533 300 89
0 650 398.618 300 89
0 650 398.701 300 89
0 650 398.799 300 89
0 650 398.889 300 89
0 650 398.985 300 89
0 650 399.052 300 89
0 650 399.119 300 89
0 650 399.175 300 89
0 650 399.233 300 89
0 650 399.294 300 89
0 650 399.354 300 89
0 650 399.417 300 89
0 650 399.479 300 89
0 650 399.555 300 89
0 650 399.649 300 89
0 650 399.739 300 89
0 650 399.831 300 89
0 650 399.918 300 89
0 650 400.012 300 89
0 650 400.107 300 89
0 650 400.2 300 89
0 650 400.287 300 89
0 650 400.375 300 89
0 650 400.466 300 89
0 650 400.569 300 89
0 650 400.669 300 89
0 650 400.758 300 89
0 650 400.858 300 89
0 650 400.945 300 89
0 650 401.044 300 89
0 650 401.131 300 89
0 650 401.219 300 89
0 650 401.313 300 89
0 650 401.403 300 89
0 650 401.488 300 89
0 650 401.581 300 89
0 650 401.668 300 89
0 650 401.758 300 89
0 650 401.842 300 89
0 650 401.93 300 89
0 650 402.023 300 89
0 650 402.113 300 89
0 650 402.206 300 89
0 650 402.289 300 89
0 650 402.387 300 89
0 650 402.474 300 89
0 650 402.569 300 89
0 650 402.66 300 89
0 650 402.751 300 89
0 650 402.848 300 89
0 650 402.934 300 89
0 650 403.027 300 89
0 650 403.118 300 89
0 650 403.206 300 89
0 650 403.299 300 89
0 650 403.388 300 89
0 650 403.475 300 89
0 650 403.565 300 89
0 650 403.659 300 89
0 650 403.745 300 89
0 650 403.828 300 89
0 650 403.918 300 89
0 650 404.011 300 89
0 650 404.104 300 89
0 650 404.196 300 89
0 650 404.291 300 89
0 650 404.376 300 89
0 650 404.462 300 89
0 650 404.548 300 89
0 650 404.618 300 89
0 650 404.677 300 89
0 650 404.738 300 89
0 650 404.803 300 89
0 650 404.86 300 89
0 650 404.923 300 89
0 650 404.991 300 89
0 650 405.074 300 89
0 650 405.14 300 89
0 650 405.198 300 89
0 650 405.26 300 89
0 650 405.304 300 89
0 650 405.362 300 89
0 650 405.42 300 89
0 650 405.489 300 89
0 650 405.549 300 89
0 650 405.601 300 89
0 650 405.659 300 89
0 650 405.721 300 89
0 650 405.784 300 89
0 650 405.849 300 89
0 650 405.909 300 89
0 650 405.968 300 89
0 650 406.031 300 89
0 650 406.097 300 89
0 650 406.157 300 89
0 650 406.22 300 89
0 650 406.278 300 89
0 650 406.344 300 89
0 650 406.434 300 89
0 650 406.533 300 89
0 650 406.62 300 89
0 650 406.707 300 89
0 650 406.806 300 89
0 650 406.89 300 89
0 650 406.977 300 89
0 650 407.059 300 89
0 650 407.163 300 89
0 650 407.254 300 89
0 650 407.393 300 89
0 650 407.483 300 89
0 650 407.576 300 89
0 650 407.66 300 89
0 650 407.751 300 89
0 650 407.844 300 89
0 650 407.934 300 89
0 650 408.027 300 89
0 650 408.108 300 89
0 650 408.21 300 89
0 650 408.301 300 89
0 650 408.399 300 89
0 650 408.474 300 89
0 650 408.537 300 89
0 650 408.615 300 89
0 650 408.698 300 89
0 650 408.796 300 89
0 650 408.889 300 89
0 650 408.977 300 89
0 650 409.069 300 89
0 650 409.202 300 89
0 650 409.29 300 89
0 650 409.379 300 89
0 650 409.461 300 89
0 650 409.548 300 89
0 650 409.636 300 89
0 650 409.719 300 89
0 650 409.808 300 89
0 650 409.891 300 89
0 650 409.983 300 89
0 650 410.066 300 89
0 650 410.168 300 89
0 650 410.258 300 89
0 650 410.343 300 89
0 650 410.465 300 89
0 650 410.552 300 89
0 650 410.648 300 89
0 650 410.747 300 89
0 650 410.836 300 89
0 650 410.926 300 89
0 650 411.012 300 89
0 650 411.101 300 89
0 650 411.189 300 89
0 650 411.281 300 89
0 650 411.389 300 89
0 650 411.484 300 89
0 650 411.573 300 89
0 650 411.663 300 89
0 650 411.747 300 89
0 650 411.841 300 89
0 650 411.929 300 89
0 650 412.022 300 89
0 650 412.152 300 89
0 650 412.243 300 89
0 650 412.334 300 89
0 650 412.437 300 89
0 650 412.582 300 89
0 650 412.668 300 89
0 650 412.756 300 89
0 650 412.855 300 89
0 650 412.927 300 89
0 650 413.021 300 89
0 650 413.108 300 89
0 650 413.191 300 89
0 650 413.281 300 89
0 650 413.366 300 89
0 650 413.454 300 89
0 650 413.54 300 89
0 650 413.626 300 89
0 650 413.716 300 89
0 650 413.805 300 89
0 650 413.892 300 89
0 650 413.992 300 89
0 650 414.082 300 89
0 650 414.172 300 89
0 650 414.268 300 89
0 650 414.358 300 89
0 650 414.451 300 89
0 650 414.534 300 89
0 650 414.609 300 89
0 650 414.695 300 89
0 650 414.787 300 89
0 650 414.865 300 89
0 650 414.959 300 89
0 650 415.048 300 89
0 650 415.143 300 89
0 650 415.235 300 89
0 650 415.322 300 89
0 650 415.418 300 89
0 650 415.508 300 89
0 650 415.594 300 89
0 650 415.678 300 89
0 650 415.74 300 89
0 650 415.832 300 89
0 650 415.937 300 89
0 650 416.024 300 89
0 650 416.12 300 89
0 650 416.202 300 89
0 650 416.297 300 89
0 650 416.396 300 89
0 650 416.485 300 89
0 650 416.573 300 89
0 650 416.657 300 89
0 650 416.741 300 89
0 650 416.838 300 89
0 650 416.924 300 89
0 650 417.015 300 89
0 650 417.102 300 89
0 650 417.191 300 89
0 650 417.274 300 89
0 650 417.356 300 89
0 650 417.436 300 89
0 650 417.525 300 89
0 650 417.618 300 89
0 650 417.696 300 89
0 650 417.761 300 89
0 650 417.825 300 89
0 650 417.892 300 89
0 650 417.952 300 89
0 650 418.02 300 89
0 650 418.082 300 89
0 650 418.145 300 89
0 650 418.214 300 89
0 650 418.31 300 89
0 650 418.403 300 89
0 650 418.496 300 89
0 650 418.581 300 89
0 650 418.668 300 89
0 650 418.757 300 89
0 650 418.837 300 89
0 650 418.923 300 89
0 650 419.029 300 89
0 650 419.135 300 89
0 650 419.224 300 89
0 650 419.306 300 89
0 650 419.388 300 89
0 650 419.465 300 89
0 650 419.586 300 89
0 650 419.655 300 89
0 650 419.766 300 89
0 650 419.859 300 89
0 650 419.945 300 89
0 650 420.033 300 89
0 650 420.12 300 89
0 650 420.212 300 89
0 650 420.293 300 89
0 650 420.376 300 89
0 650 420.473 300 89
0 650 420.561 300 89
0 650 420.656 300 89
0 650 420.761 300 89
0 650 420.854 300 89
0 650 420.954 300 89
0 650 421.063 300 89
0 650 421.145 300 89
0 650 421.246 300 89
0 650 421.327 300 89
0 650 421.41 300 89
0 650 421.503 300 89
0 650 421.599 300 89
0 650 421.71 300 89
0 650 421.801 300 89
0 650 421.89 300 89
0 650 421.972 300 89
0 650 422.054 300 89
0 650 422.133 300 89
0 650 422.218 300 89
0 650 422.302 300 89
0 650 422.391 300 89
0 650 422.479 300 89
0 650 422.562 300 89
0 650 422.647 300 89
0 650 422.736 300 89
0 650 422.831 300 89
0 650 422.909 300 89
0 650 422.97 300 89
0 650 423.031 300 89
0 650 423.095 300 89
0 650 423.155 300 89
0 650 423.224 300 89
0 650 423.283 300 89
0 650 423.349 300 89
0 650 423.431 300 89
0 650 423.49 300 89
0 650 423.555 300 89
0 650 423.617 300 89
0 650 423.678 300 89
0 650 423.742 300 89
0 650 423.801 300 89
0 650 423.864 300 89
0 650 423.928 300 89
0 650 423.989 300 89
0 650 424.052 300 89
0 650 424.1 300 89
0 650 424.168 300 89
0 650 424.274 300 89
0 650 424.366 300 89
0 650 424.453 300 89
0 650 424.552 300 89
0 650 424.657 300 89
0 650 424.763 300 89
0 650 424.86 300 89
0 650 424.953 300 89
0 650 425.072 300 89
0 650 425.201 300 89
0 650 425.264 300 89
0 650 425.355 300 89
0 650 425.453 300 89
0 650 425.558 300 89
0 650 425.687 300 89
0 650 425.796 300 89
0 650 425.881 300 89
0 650 425.972 300 89
0 650 426.083 300 89
0 650 426.169 300 89
0 650 426.252 300 89
0 650 426.342 300 89
0 650 426.424 300 89
0 650 426.512 300 89
0 650 426.587 300 89
0 650 426.671 300 89
0 650 426.763 300 89
0 650 426.841 300 89
0 650 426.93 300 89
0 650 427.011 300 89
0 650 427.1 300 89
0 650 427.191 300 89
0 650 427.279 300 89
0 650 427.374 300 89
0 650 427.462 300 89
0 650 427.554 300 89
0 650 427.638 300 89
0 650 427.729 300 89
0 650 427.818 300 89
0 650 427.905 300 89
0 650 428.013 300 89
0 650 428.11 300 89
0 650 428.2 300 89
0 650 428.288 300 89
0 650 428.409 300 89
0 650 428.506 300 89
0 650 428.591 300 89
0 650 428.678 300 89
0 650 428.763 300 89
0 650 428.85 300 89
0 650 428.947 300 89
0 650 429.043 300 89
0 650 429.13 300 89
0 650 429.22 300 89
0 650 429.309 300 89
0 650 429.401 300 89
0 650 429.488 300 89
0 650 429.579 300 89
0 650 429.669 300 89
0 650 429.759 300 89
0 650 429.847 300 89
0 650 429.94 300 89
0 650 430.037 300 89
0 650 430.101 300 89
0 650 430.166 300 89
0 650 430.231 300 89
0 650 430.295 300 89
0 650 430.358 300 89
0 650 430.417 300 89
0 650 430.476 300 89
0 650 430.534 300 89
0 650 430.59 300 89
0 650 430.651 300 89
0 650 430.713 300 89
0 650 430.775 300 89
0 650 430.84 300 89
0 650 430.901 300 89
0 650 430.961 300 89
0 650 431.019 300 89
0 650 431.077 300 89
0 650 431.139 300 89
0 650 431.202 300 89
0 650 431.267 300 89
0 650 431.335 300 89
0 650 431.41 300 89
0 650 431.476 300 89
0 650 431.536 300 89
0 650 431.596 300 89
0 650 431.671 300 89
0 650 431.751 300 89
0 650 431.81 300 89
0 650 431.872 300 89
0 650 431.935 300 89
0 650 431.998 300 89
0 650 432.059 300 89
0 650 432.126 300 89
0 650 432.188 300 89
0 650 432.249 300 89
0 650 432.31 300 89
0 650 432.373 300 89
0 650 432.441 300 89
0 650 432.506 300 89
0 650 432.59 300 89
0 650 432.675 300 89
0 650 432.76 300 89
0 650 432.848 300 89
0 650 432.947 300 89
0 650 433.04 300 89
0 650 433.127 300 89
0 650 433.22 300 89
0 650 433.313 300 89
0 650 433.397 300 89
0 650 433.481 300 89
0 650 433.561 300 89
0 650 433.648 300 89
0 650 433.735 300 89
0 650 433.828 300 89
0 650 433.912 300 89
0 650 434.006 300 89
0 650 434.08 300 89
0 650 434.167 300 89
0 650 434.244 300 89
0 650 434.33 300 89
0 650 434.412 300 89
0 650 434.492 300 89
0 650 434.582 300 89
0 650 434.668 300 89
0 650 434.737 300 89
0 650 434.82 300 89
0 650 434.908 300 89
0 650 434.997 300 89
0 650 435.083 300 89
0 650 435.17 300 89
0 650 435.255 300 89
0 650 435.328 300 89
0 650 435.42 300 89
0 650 435.513 300 89
0 650 435.6 300 89
0 650 435.691 300 89
0 650 435.78 300 89
0 650 435.867 300 89
0 650 435.954 300 89
0 650 436.045 300 89
0 650 436.127 300 89
0 650 436.207 300 89
0 650 436.287 300 89
0 650 436.378 300 89
0 650 436.463 300 89
0 650 436.548 300 89
0 650 436.636 300 89
0 650 436.717 300 89
0 650 436.803 300 89
0 650 436.886 300 89
0 650 436.976 300 89
0 650 437.058 300 89
0 650 437.153 300 89
0 650 437.247 300 89
0 650 437.344 300 89
0 650 437.44 300 89
0 650 437.526 300 89
0 650 437.613 300 89
0 650 437.704 300 89
0 650 437.789 300 89
0 650 437.878 300 89
0 650 437.971 300 89
0 650 438.065 300 89
0 650 438.158 300 89
0 650 438.245 300 89
0 650 438.335 300 89
0 650 438.423 300 89
0 650 438.519 300 89
0 650 438.611 300 89
0 650 438.703 300 89
0 650 438.798 300 89
0 650 438.888 300 89
0 650 438.969 300 89
0 650 439.053 300 89
0 650 439.146 300 89
0 650 439.233 300 89
0 650 439.317 300 89
0 650 439.404 300 89
0 650 439.501 300 89
0 650 439.595 300 89
0 650 439.682 300 89
0 650 439.768 300 89
0 650 439.857 300 89
0 650 439.946 300 89
0 650 440.036 300 89
0 650 440.121 300 89
0 650 440.214 300 89
0 650 440.303 300 89
0 650 440.384 300 89
0 650 440.462 300 89
0 650 440.544 300 89
0 650 440.634 300 89
0 650 440.73 300 89
0 650 440.823 300 89
0 650 440.912 300 89
0 650 440.979 300 89
0 650 441.063 300 89
0 650 441.153 300 89
0 650 441.224 300 89
0 650 441.286 300 89
0 650 441.346 300 89
0 650 441.409 300 89
0 650 441.474 300 89
0 650 441.54 300 89
0 650 441.598 300 89
0 650 441.661 300 89
0 650 441.73 300 89
0 650 441.823 300 89
0 650 441.898 300 89
0 650 441.994 300 89
0 650 442.092 300 89
0 650 442.173 300 89
0 650 442.275 300 89
0 650 442.359 300 89
0 650 442.457 300 89
0 650 442.529 300 89
0 650 442.622 300 89
0 650 442.723 300 89
0 650 442.821 300 89
0 650 442.911 300 89
0 650 443.001 300 89
0 650 443.098 300 89
0 650 443.195 300 89
0 650 443.28 300 89
0 650 443.371 300 89
0 650 443.462 300 89
0 650 443.555 300 89
0 650 443.661 300 89
0 650 443.758 300 89
0 650 443.851 300 89
0 650 443.951 300 89
0 650 444.034 300 89
0 650 444.129 300 89
0 650 444.216 300 89
0 650 444.31 300 89
0 650 444.395 300 89
0 650 444.496 300 89
0 650 444.592 300 89
0 650 444.688 300 89
0 650 444.782 300 89
0 650 444.873 300 89
0 650 444.97 300 89
0 650 445.084 300 89
0 650 445.175 300 89
0 650 445.276 300 89
0 650 445.365 300 89
0 650 445.466 300 89
0 650 445.562 300 89
0 650 445.65 300 89
0 650 445.743 300 89
0 650 445.841 300 89
0 650 445.937 300 89
0 650 446.023 300 89
0 650 446.115 300 89
0 650 446.21 300 89
0 650 446.299 300 89
0 650 446.39 300 89
0 650 446.484 300 89
0 650 446.581 300 89
0 650 446.673 300 89
0 650 446.765 300 89
0 650 446.859 300 89
0 650 446.953 300 89
0 650 447.045 300 89
0 650 447.141 300 89
0 650 447.234 300 89
0 650 447.329 300 89
0 650 447.423 300 89
0 650 447.523 300 89
0 650 447.62 300 89
0 650 447.725 300 89
0 650 447.82 300 89
0 650 447.914 300 89
0 650 448.011 300 89
0 650 448.101 300 89
0 650 448.195 300 89
0 650 448.285 300 89
0 650 448.381 300 89
0 650 448.445 300 89
0 650 448.546 300 89
0 650 448.638 300 89
0 650 448.733 300 89
0 650 448.823 300 89
0 650 448.922 300 89
0 650 449.022 300 89
0 650 449.115 300 89
0 650 449.21 300 89
0 650 449.306 300 89
0 650 449.396 300 89
0 650 449.492 300 89
0 650 449.588 300 89
0 650 449.686 300 89
0 650 449.781 300 89
0 650 449.864 300 89
0 650 449.957 300 89
0 650 450.052 300 89
0 650 450.147 300 89
0 650 450.229 300 89
0 650 450.323 300 89
0 650 450.41 300 89
0 650 450.499 300 89
0 650 450.591 300 89
0 650 450.682 300 89
0 650 450.769 300 89
0 650 450.861 300 89
0 650 450.947 300 89
0 650 451.034 300 89
0 650 451.123 300 89
0 650 451.226 300 89
0 650 451.315 300 89
0 650 451.409 300 89
0 650 451.506 300 89
0 650 451.605 300 89
0 650 451.698 300 89
0 650 451.789 300 89
0 650 451.885 300 89
0 650 451.975 300 89
0 650 452.065 300 89
0 650 452.161 300 89
0 650 452.261 300 89
0 650 452.344 300 89
0 650 452.439 300 89
0 650 452.535 300 89
0 650 452.629 300 89
0 650 452.725 300 89
0 650 452.808 300 89
0 650 452.929 300 89
0 650 453.016 300 89
0 650 453.106 300 89
0 650 453.198 300 89
0 650 453.297 300 89
0 650 453.39 300 89
0 650 453.485 300 89
0 650 453.582 300 89
0 650 453.678 300 89
0 650 453.771 300 89
0 650 453.864 300 89
0 650 453.944 300 89
0 650 454.037 300 89
0 650 454.133 300 89
0 650 454.23 300 89
0 650 454.326 300 89
0 650 454.417 300 89
0 650 454.509 300 89
0 650 454.595 300 89
0 650 454.696 300 89
0 650 454.788 300 89
0 650 454.884 300 89
0 650 454.974 300 89
0 650 455.072 300 89
0 650 455.166 300 89
0 650 455.259 300 89
0 650 455.345 300 89
0 650 455.434 300 89
0 650 455.532 300 89
0 650 455.619 300 89
0 650 455.711 300 89
0 650 455.802 300 89
0 650 455.898 300 89
0 650 456 300 89
0 650 456.091 300 89
0 650 456.185 300 89
0 650 456.283 300 89
0 650 456.381 300 89
0 650 456.447 300 89
0 650 456.545 300 89
0 650 456.646 300 89
0 650 456.749 300 89
0 650 456.843 300 89
0 650 456.937 300 89
0 650 457.029 300 89
0 650 457.117 300 89
0 650 457.219 300 89
0 650 457.314 300 89
0 650 457.413 300 89
0 650 457.503 300 89
0 650 457.589 300 89
0 650 457.682 300 89
0 650 457.766 300 89
0 650 457.857 300 89
0 650 457.951 300 89
0 650 458.037 300 89
0 650 458.123 300 89
0 650 458.217 300 89
0 650 458.317 300 89
0 650 458.407 300 89
0 650 458.504 300 89
0 650 458.604 300 89
0 650 458.699 300 89
0 650 458.779 300 89
0 650 458.866 300 89
0 650 458.952 300 89
0 650 459.014 300 89
0 650 459.083 300 89
0 650 459.152 300 89
0 650 459.22 300 89
0 650 459.286 300 89
0 650 459.356 300 89
0 650 459.436 300 89
0 650 459.524 300 89
0 650 459.618 300 89
0 650 459.71 300 89
0 650 459.809 300 89
0 650 459.903 300 89
0 650 460 300 89
0 650 460.081 300 89
0 650 460.177 300 89
0 650 460.265 300 89
0 650 460.361 300 89
0 650 460.442 300 89
0 650 460.531 300 89
0 650 460.624 300 89
0 650 460.726 300 89
0 650 460.816 300 89
0 650 460.897 300 89
0 650 460.994 300 89
0 650 461.086 300 89
0 650 461.176 300 89
0 650 461.273 300 89
0 650 461.377 300 89
0 650 461.474 300 89
0 650 461.569 300 89
0 650 461.657 300 89
0 650 461.752 300 89
0 650 461.847 300 89
0 650 461.941 300 89
0 650 462.033 300 89
0 650 462.121 300 89
0 650 462.212 300 89
0 650 462.305 300 89
0 650 462.401 300 89
0 650 462.487 300 89
0 650 462.58 300 89
0 650 462.667 300 89
0 650 462.756 300 89
0 650 462.853 300 89
0 650 462.949 300 89
0 650 463.042 300 89
0 650 463.134 300 89
0 650 463.233 300 89
0 650 463.328 300 89
0 650 463.418 300 89
0 650 463.512 300 89
0 650 463.605 300 89
0 650 463.701 300 89
0 650 463.801 300 89
0 650 463.892 300 89
0 650 463.986 300 89
0 650 464.082 300 89
0 650 464.177 300 89
0 650 464.267 300 89
0 650 464.369 300 89
0 650 464.466 300 89
0 650 464.564 300 89
0 650 464.656 300 89
0 650 464.747 300 89
0 650 464.838 300 89
0 650 464.936 300 89
0 650 465.026 300 89
0 650 465.117 300 89
0 650 465.215 300 89
0 650 465.302 300 89
0 650 465.39 300 89
0 650 465.48 300 89
0 650 465.565 300 89
0 650 465.655 300 89
0 650 465.752 300 89
0 650 465.83 300 89
0 650 465.922 300 89
0 650 466.015 300 89
0 650 466.108 300 89
0 650 466.196 300 89
0 650 466.286 300 89
0 650 466.381 300 89
0 650 466.473 300 89
0 650 466.57 300 89
0 650 466.674 300 89
0 650 466.761 300 89
0 650 466.854 300 89
0 650 466.946 300 89
0 650 467.036 300 89
0 650 467.129 300 89
0 650 467.218 300 89
0 650 467.306 300 89
0 650 467.396 300 89
0 650 467.488 300 89
0 650 467.578 300 89
0 650 467.669 300 89
0 650 467.759 300 89
0 650 467.846 300 89
0 650 467.939 300 89
0 650 468.026 300 89
0 650 468.117 300 89
0 650 468.208 300 89
0 650 468.296 300 89
0 650 468.39 300 89
0 650 468.485 300 89
0 650 468.546 300 89
0 650 468.629 300 89
0 650 468.719 300 89
0 650 468.814 300 89
0 650 468.907 300 89
0 650 469 300 89
0 650 469.103 300 89
0 650 469.191 300 89
0 650 469.286 300 89
0 650 469.378 300 89
0 650 469.483 300 89
0 650 469.576 300 89
0 650 469.668 300 89
0 650 469.766 300 89
0 650 469.857 300 89
0 650 469.948 300 89
0 650 470.046 300 89
0 650 470.134 300 89
0 650 470.218 300 89
0 650 470.306 300 89
0 650 470.404 300 89
0 650 470.49 300 89
0 650 470.578 300 89
0 650 470.672 300 89
0 650 470.766 300 89
0 650 470.856 300 89
0 650 470.941 300 89
0 650 471.03 300 89
0 650 471.123 300 89
0 650 471.21 300 89
0 650 471.311 300 89
0 650 471.397 300 89
0 650 471.489 300 89
0 650 471.578 300 89
0 650 471.67 300 89
0 650 471.763 300 89
0 650 471.856 300 89
0 650 471.948 300 89
0 650 472.043 300 89
0 650 472.14 300 89
0 650 472.262 300 89
0 650 472.352 300 89
0 650 472.44 300 89
0 650 472.526 300 89
0 650 472.584 300 89
0 650 472.673 300 89
0 650 472.749 300 89
0 650 472.848 300 89
0 650 472.936 300 89
0 650 473.031 300 89
0 650 473.123 300 89
0 650 473.212 300 89
0 650 473.294 300 89
0 650 473.394 300 89
0 650 473.485 300 89
0 650 473.583 300 89
0 650 473.675 300 89
0 650 473.762 300 89
0 650 473.85 300 89
0 650 473.943 300 89
0 650 474.029 300 89
0 650 474.106 300 89
0 650 474.2 300 89
0 650 474.286 300 89
0 650 474.367 300 89
0 650 474.456 300 89
0 650 474.546 300 89
0 650 474.634 300 89
0 650 474.719 300 89
0 650 474.796 300 89
0 650 474.887 300 89
0 650 474.982 300 89
0 650 475.073 300 89
0 650 475.168 300 89
0 650 475.241 300 89
0 650 475.332 300 89
0 650 475.422 300 89
0 650 475.512 300 89
0 650 475.607 300 89
0 650 475.703 300 89
0 650 475.792 300 89
0 650 475.89 300 89
0 650 475.979 300 89
0 650 476.077 300 89
0 650 476.172 300 89
0 650 476.265 300 89
0 650 476.353 300 89
0 650 476.441 300 89
0 650 476.532 300 89
0 650 476.62 300 89
0 650 476.708 300 89
0 650 476.81 300 89
0 650 476.889 300 89
0 650 476.962 300 89
0 650 477.044 300 89
0 650 477.14 300 89
0 650 477.228 300 89
0 650 477.311 300 89
0 650 477.406 300 89
0 650 477.505 300 89
0 650 477.601 300 89
0 650 477.689 300 89
0 650 477.777 300 89
0 650 477.872 300 89
0 650 477.96 300 89
0 650 478.058 300 89
0 650 478.155 300 89
0 650 478.247 300 89
0 650 478.346 300 89
0 650 478.435 300 89
0 650 478.521 300 89
0 650 478.611 300 89
0 650 478.706 300 89
0 650 478.796 300 89
0 650 478.885 300 89
0 650 478.981 300 89
0 650 479.075 300 89
0 650 479.165 300 89
0 650 479.25 300 89
0 650 479.34 300 89
0 650 479.415 300 89
0 650 479.492 300 89
0 650 479.57 300 89
0 650 479.663 300 89
0 650 479.757 300 89
0 650 479.853 300 89
0 650 479.95 300 89
0 650 480.043 300 89
0 650 480.116 300 89
0 650 480.174 300 89
0 650 480.23 300 89
0 650 480.294 300 89
0 650 480.367 300 89
0 650 480.468 300 89
0 650 480.584 300 89
0 650 480.686 300 89
0 650 480.776 300 89
0 650 480.951 300 89
0 650 481.052 300 89
0 650 481.142 300 89
0 650 481.209 300 89
0 650 481.304 300 89
0 650 481.401 300 89
0 650 481.493 300 89
0 650 481.589 300 89
0 650 481.676 300 89
0 650 481.79 300 89
0 650 481.897 300 89
0 650 481.98 300 89
0 650 482.075 300 89
0 650 482.165 300 89
0 650 482.254 300 89
0 650 482.346 300 89
0 650 482.443 300 89
0 650 482.529 300 89
0 650 482.62 300 89
0 650 482.708 300 89
0 650 482.804 300 89
0 650 482.894 300 89
0 650 482.987 300 89
0 650 483.077 300 89
0 650 483.165 300 89
0 650 483.259 300 89
0 650 483.369 300 89
0 650 483.469 300 89
0 650 483.564 300 89
0 650 483.663 300 89
0 650 483.752 300 89
0 650 483.84 300 89
0 650 483.932 300 89
0 650 484.023 300 89
0 650 484.113 300 89
0 650 484.207 300 89
0 650 484.301 300 89
0 650 484.4 300 89
0 650 484.499 300 89
0 650 484.597 300 89
0 650 484.688 300 89
0 650 484.785 300 89
0 650 484.88 300 89
0 650 484.972 300 89
0 650 485.063 300 89
0 650 485.147 300 89
0 650 485.235 300 89
0 650 485.328 300 89
0 650 485.416 300 89
0 650 485.517 300 89
0 650 485.606 300 89
0 650 485.688 300 89
0 650 485.774 300 89
0 650 485.85 300 89
0 650 485.933 300 89
0 650 486.026 300 89
0 650 486.118 300 89
0 650 486.214 300 89
0 650 486.31 300 89
0 650 486.4 300 89
0 650 486.497 300 89
0 650 486.595 300 89
0 650 486.69 300 89
0 650 486.786 300 89
0 650 486.879 300 89
0 650 486.963 300 89
0 650 487.055 300 89
0 650 487.147 300 89
0 650 487.239 300 89
0 650 487.324 300 89
0 650 487.408 300 89
0 650 487.506 300 89
0 650 487.595 300 89
0 650 487.685 300 89
0 650 487.776 300 89
0 650 487.863 300 89
0 650 487.955 300 89
0 650 488.041 300 89
0 650 488.118 300 89
0 650 488.202 300 89
0 650 488.291 300 89
0 650 488.381 300 89
0 650 488.462 300 89
0 650 488.528 300 89
0 650 488.62 300 89
0 650 488.725 300 89
0 650 488.82 300 89
0 650 488.907 300 89
0 650 489.004 300 89
0 650 489.089 300 89
0 650 489.181 300 89
0 650 489.267 300 89
0 650 489.358 300 89
0 650 489.437 300 89
0 650 489.519 300 89
0 650 489.607 300 89
0 650 489.693 300 89
0 650 489.781 300 89
0 650 489.868 300 89
0 650 489.96 300 89
0 650 490.054 300 89
0 650 490.125 300 89
0 650 490.212 300 89
0 650 490.298 300 89
0 650 490.393 300 89
0 650 490.483 300 89
0 650 490.565 300 89
0 650 490.653 300 89
0 650 490.737 300 89
0 650 490.825 300 89
0 650 490.912 300 89
0 650 491.001 300 89
0 650 491.074 300 89
0 650 491.158 300 89
0 650 491.256 300 89
0 650 491.345 300 89
0 650 491.435 300 89
0 650 491.522 300 89
0 650 491.618 300 89
0 650 491.715 300 89
0 650 491.796 300 89
0 650 491.893 300 89
0 650 491.969 300 89
0 650 492.062 300 89
0 650 492.154 300 89
0 650 492.239 300 89
0 650 492.328 300 89
0 650 492.412 300 89
0 650 492.494 300 89
0 650 492.587 300 89
0 650 492.683 300 89
0 650 492.777 300 89
0 650 492.867 300 89
0 650 492.957 300 89
0 650 493.045 300 89
0 650 493.134 300 89
0 650 493.227 300 89
0 650 493.315 300 89
0 650 493.407 300 89
0 650 493.495 300 89
0 650 493.581 300 89
0 650 493.667 300 89
0 650 493.758 300 89
0 650 493.852 300 89
0 650 493.942 300 89
0 650 494.031 300 89
0 650 494.118 300 89
0 650 494.207 300 89
0 650 494.305 300 89
0 650 494.395 300 89
0 650 494.492 300 89
0 650 494.584 300 89
0 650 494.678 300 89
0 650 494.768 300 89
0 650 494.86 300 89
0 650 494.946 300 89
0 650 495.035 300 89
0 650 495.127 300 89
0 650 495.205 300 89
0 650 495.299 300 89
0 650 495.388 300 89
0 650 495.482 300 89
0 650 495.572 300 89
0 650 495.657 300 89
0 650 495.747 300 89
0 650 495.838 300 89
0 650 495.925 300 89
0 650 496.018 300 89
0 650 496.102 300 89
0 650 496.183 300 89
0 650 496.268 300 89
0 650 496.354 300 89
0 650 496.443 300 89
0 650 496.529 300 89
0 650 496.61 300 89
0 650 496.692 300 89
0 650 496.782 300 89
0 650 496.87 300 89
0 650 496.961 300 89
0 650 497.049 300 89
0 650 497.138 300 89
0 650 497.227 300 89
0 650 497.316 300 89
0 650 497.406 300 89
0 650 497.485 300 89
0 650 497.56 300 89
0 650 497.647 300 89
0 650 497.743 300 89
0 650 497.83 300 89
0 650 497.923 300 89
0 650 498.012 300 89
0 650 498.098 300 89
0 650 498.19 300 89
0 650 498.279 300 89
0 650 498.365 300 89
0 650 498.456 300 89
0 650 498.541 300 89
0 650 498.626 300 89
0 650 498.713 300 89
0 650 498.797 300 89
0 650 498.888 300 89
0 650 498.975 300 89
0 650 499.065 300 89
0 650 499.155 300 89
0 650 499.242 300 89
0 650 499.328 300 89
0 650 499.411 300 89
0 650 499.509 300 89
0 650 499.597 300 89
0 650 499.683 300 89
0 650 499.772 300 89
0 650 499.862 300 89
0 650 499.959 300 89
0 650 500.055 300 89
0 650 500.143 300 89
0 650 500.229 300 89
0 650 500.319 300 89
0 650 500.41 300 89
0 650 500.494 300 89
0 650 500.594 300 89
0 650 500.681 300 89
0 650 500.774 300 89
0 650 500.868 300 89
0 650 500.961 300 89
0 650 501.047 300 89
0 650 501.133 300 89
0 650 501.211 300 89
0 650 501.299 300 89
0 650 501.395 300 89
0 650 501.488 300 89
0 650 501.576 300 89
0 650 501.672 300 89
0 650 501.759 300 89
0 650 501.842 300 89
0 650 501.94 300 89
0 650 502.03 300 89
0 650 502.113 300 89
0 650 502.206 300 89
0 650 502.297 300 89
0 650 502.395 300 89
0 650 502.494 300 89
0 650 502.585 300 89
0 650 502.68 300 89
0 650 502.773 300 89
0 650 502.866 300 89
0 650 502.961 300 89
0 650 503.05 300 89
0 650 503.142 300 89
0 650 503.233 300 89
0 650 503.318 300 89
0 650 503.406 300 89
0 650 503.5 300 89
0 650 503.589 300 89
0 650 503.686 300 89
0 650 503.779 300 89
0 650 503.879 300 89
0 650 503.963 300 89
0 650 504.06 300 89
0 650 504.16 300 89
0 650 504.258 300 89
0 650 504.35 300 89
0 650 504.448 300 89
0 650 504.554 300 89
0 650 504.651 300 89
0 650 504.747 300 89
0 650 504.846 300 89
0 650 504.94 300 89
0 650 505.035 300 89
0 650 505.116 300 89
0 650 505.21 300 89
0 650 505.288 300 89
0 650 505.387 300 89
0 650 505.473 300 89
0 650 505.57 300 89
0 650 505.666 300 89
0 650 505.758 300 89
0 650 505.857 300 89
0 650 505.953 300 89
0 650 506.044 300 89
0 650 506.13 300 89
0 650 506.227 300 89
0 650 506.323 300 89
0 650 506.413 300 89
0 650 506.507 300 89
0 650 506.599 300 89
0 650 506.695 300 89
0 650 506.786 300 89
0 650 506.883 300 89
0 650 506.969 300 89
0 650 507.063 300 89
0 650 507.153 300 89
0 650 507.246 300 89
0 650 507.338 300 89
0 650 507.435 300 89
0 650 507.532 300 89
0 650 507.621 300 89
0 650 507.715 300 89
0 650 507.809 300 89
0 650 507.9 300 89
0 650 507.991 300 89
0 650 508.085 300 89
0 650 508.187 300 89
0 650 508.265 300 89
0 650 508.356 300 89
0 650 508.451 300 89
0 650 508.547 300 89
0 650 508.639 300 89
0 650 508.723 300 89
0 650 508.818 300 89
0 650 508.908 300 89
0 650 509.002 300 89
0 650 509.088 300 89
0 650 509.184 300 89
0 650 509.285 300 89
0 650 509.377 300 89
0 650 509.472 300 89
0 650 509.577 300 89
0 650 509.678 300 89
0 650 509.758 300 89
0 650 509.844 300 89
0 650 509.926 300 89
0 650 510.02 300 89
0 650 510.111 300 89
0 650 510.211 300 89
0 650 510.32 300 89
0 650 510.455 300 89
0 650 510.561 300 89
0 650 510.67 300 89
0 650 510.793 300 89
0 650 510.907 300 89
0 650 511.032 300 89
0 650 511.156 300 89
0 650 511.262 300 89
0 650 511.377 300 89
0 650 511.494 300 89
0 650 511.604 300 89
0 650 511.722 300 89
0 650 511.837 300 89
0 650 511.946 300 89
0 650 512.061 300 89
0 650 512.184 300 89
0 650 512.29 300 89
0 650 512.402 300 89
0 650 512.523 300 89
0 650 512.639 300 89
0 650 512.749 300 89
0 650 512.866 300 89
0 650 512.993 300 89
0 650 513.103 300 89
0 650 513.217 300 89
0 650 513.328 300 89
0 650 513.434 300 89
0 650 513.537 300 89
0 650 513.663 300 89
0 650 513.78 300 89
0 650 513.882 300 89
0 650 513.964 300 89
0 650 514.079 300 89
0 650 514.193 300 89
0 650 514.304 300 89
0 650 514.42 300 89
0 650 514.529 300 89
0 650 514.646 300 89
0 650 514.768 300 89
0 650 514.886 300 89
0 650 514.998 300 89
0 650 515.115 300 89
0 650 515.229 300 89
0 650 515.347 300 89
0 650 515.464 300 89
0 650 515.575 300 89
0 650 515.685 300 89
0 650 515.8 300 89
0 650 515.908 300 89
0 650 516.02 300 89
0 650 516.135 300 89
0 650 516.253 300 89
0 650 516.373 300 89
0 650 516.48 300 89
0 650 516.584 300 89
0 650 516.701 300 89
0 650 516.808 300 89
0 650 516.929 300 89
0 650 517.038 300 89
0 650 517.157 300 89
0 650 517.272 300 89
0 650 517.385 300 89
0 650 517.503 300 89
0 650 517.607 300 89
0 650 517.714 300 89
0 650 517.83 300 89
0 650 517.935 300 89
0 650 518.031 300 89
0 650 518.143 300 89
0 650 518.257 300 89
0 650 518.366 300 89
0 650 518.473 300 89
0 650 518.58 300 89
0 650 518.693 300 89
0 650 518.803 300 89
0 650 518.917 300 89
0 650 519.033 300 89
0 650 519.142 300 89
0 650 519.248 300 89
0 650 519.361 300 89
0 650 519.473 300 89
0 650 519.582 300 89
0 650 519.696 300 89
0 650 519.809 300 89
0 650 519.917 300 89
0 650 520.036 300 89
0 650 520.147 300 89
0 650 520.257 300 89
0 650 520.37 300 89
0 650 520.479 300 89
0 650 520.599 300 89
0 650 520.71 300 89
0 650 520.817 300 89
0 650 520.932 300 89
0 650 521.04 300 89
0 650 521.151 300 89
0 650 521.263 300 89
0 650 521.378 300 89
0 650 521.486 300 89
0 650 521.593 300 89
0 650 521.697 300 89
0 650 521.814 300 89
0 650 521.928 300 89
0 650 522.042 300 89
0 650 522.166 300 89
0 650 522.275 300 89
0 650 522.39 300 89
0 650 522.489 300 89
0 650 522.6 300 89
0 650 522.716 300 89
0 650 522.829 300 89
0 650 522.949 300 89
0 650 523.07 300 89
0 650 523.162 300 89
0 650 523.269 300 89
0 650 523.383 300 89
0 650 523.495 300 89
0 650 523.613 300 89
0 650 523.723 300 89
0 650 523.841 300 89
0 650 523.947 300 89
0 650 524.066 300 89
0 650 524.177 300 89
0 650 524.288 300 89
0 650 524.396 300 89
0 650 524.505 300 89
0 650 524.617 300 89
0 650 524.735 300 89
0 650 524.856 300 89
0 650 524.964 300 89
0 650 525.079 300 89
0 650 525.191 300 89
0 650 525.305 300 89
0 650 525.423 300 89
0 650 525.53 300 89
0 650 525.634 300 89
0 650 525.742 300 89
0 650 525.849 300 89
0 650 525.962 300 89
0 650 526.07 300 89
0 650 526.18 300 89
0 650 526.288 300 89
0 650 526.398 300 89
0 650 526.507 300 89
0 650 526.608 300 89
0 650 526.721 300 89
0 650 526.834 300 89
0 650 526.952 300 89
0 650 527.073 300 89
0 650 527.185 300 89
0 650 527.295 300 89
0 650 527.414 300 89
0 650 527.529 300 89
0 650 527.627 300 89
0 650 527.737 300 89
0 650 527.843 300 89
0 650 527.942 300 89
0 650 528.042 300 89
0 650 528.153 300 89
0 650 528.27 300 89
0 650 528.382 300 89
0 650 528.498 300 89
0 650 528.619 300 89
0 650 528.745 300 89
0 650 528.858 300 89
0 650 528.958 300 89
0 650 529.077 300 89
0 650 529.182 300 89
0 650 529.301 300 89
0 650 529.403 300 89
0 650 529.503 300 89
0 650 529.602 300 89
0 650 529.707 300 89
0 650 529.805 300 89
0 650 529.906 300 89
0 650 529.998 300 89
0 650 530.111 300 89
0 650 530.215 300 89
0 650 530.322 300 89
0 650 530.423 300 89
0 650 530.53 300 89
0 650 530.636 300 89
0 650 530.736 300 89
0 650 530.842 300 89
0 650 530.94 300 89
0 650 531.036 300 89
0 650 531.135 300 89
0 650 531.233 300 89
0 650 531.317 300 89
0 650 531.409 300 89
0 650 531.498 300 89
0 650 531.585 300 89
0 650 531.665 300 89
0 650 531.746 300 89
0 650 531.824 300 89
0 650 531.901 300 89
0 650 531.976 300 89
0 650 532.054 300 89
0 650 532.139 300 89
0 650 532.225 300 89
0 650 532.359 300 89
0 650 532.455 300 89
0 650 532.537 300 89
0 650 532.636 300 89
0 650 532.729 300 89
0 650 532.831 300 89
0 650 532.921 300 89
0 650 533.009 300 89
0 650 533.103 300 89
0 650 533.202 300 89
0 650 533.298 300 89
0 650 533.386 300 89
0 650 533.475 300 89
0 650 533.564 300 89
0 650 533.649 300 89
0 650 533.746 300 89
0 650 533.828 300 89
0 650 533.916 300 89
0 650 533.995 300 89
0 650 534.074 300 89
0 650 534.149 300 89
0 650 534.237 300 89
0 650 534.321 300 89
0 650 534.403 300 89
0 650 534.494 300 89
0 650 534.58 300 89
0 650 534.661 300 89
0 650 534.753 300 89
0 650 534.835 300 89
0 650 534.933 300 89
0 650 535.019 300 89
0 650 535.101 300 89
0 650 535.181 300 89
0 650 535.254 300 89
0 650 535.336 300 89
0 650 535.418 300 89
0 650 535.498 300 89
0 650 535.585 300 89
0 650 535.677 300 89
0 650 535.871 300 89
0 650 535.991 300 89
0 650 536.078 300 89
0 650 536.173 300 89
0 650 536.272 300 89
0 650 536.374 300 89
0 650 536.475 300 89
0 650 536.574 300 89
0 650 536.664 300 89
0 650 536.75 300 89
0 650 536.84 300 89
0 650 536.938 300 89
0 650 537.061 300 89
0 650 537.165 300 89
0 650 537.249 300 89
0 650 537.338 300 89
0 650 537.42 300 89
0 650 537.53 300 89
0 650 537.638 300 89
0 650 537.729 300 89
0 650 537.814 300 89
0 650 537.901 300 89
0 650 537.986 300 89
0 650 538.063 300 89
0 650 538.158 300 89
0 650 538.255 300 89
0 650 538.313 300 89
0 650 538.395 300 89
0 650 538.482 300 89
0 650 538.563 300 89
0 650 538.64 300 89
0 650 538.728 300 89
0 650 538.81 300 89
0 650 538.898 300 89
0 650 538.975 300 89
0 650 539.064 300 89
0 650 539.146 300 89
0 650 539.217 300 89
0 650 539.304 300 89
0 650 539.394 300 89
0 650 539.476 300 89
0 650 539.558 300 89
0 650 539.638 300 89
0 650 539.717 300 89
0 650 539.799 300 89
0 650 539.883 300 89
0 650 539.978 300 89
0 650 540.068 300 89
0 650 540.164 300 89
0 650 540.314 300 89
0 650 540.416 300 89
0 650 540.521 300 89
0 650 540.635 300 89
0 650 540.737 300 89
0 650 540.843 300 89
0 650 540.938 300 89
0 650 541.046 300 89
0 650 541.15 300 89
0 650 541.246 300 89
0 650 541.327 300 89
0 650 541.412 300 89
0 650 541.5 300 89
0 650 541.587 300 89
0 650 541.666 300 89
0 650 541.751 300 89
0 650 541.831 300 89
0 650 541.908 300 89
0 650 541.996 300 89
0 650 542.074 300 89
0 650 542.156 300 89
0 650 542.238 300 89
0 650 542.319 300 89
0 650 542.404 300 89
0 650 542.483 300 89
0 650 542.562 300 89
0 650 542.646 300 89
0 650 542.73 300 89
0 650 542.812 300 89
0 650 542.896 300 89
0 650 542.996 300 89
0 650 543.104 300 89
0 650 543.185 300 89
0 650 543.258 300 89
0 650 543.345 300 89
0 650 543.443 300 89
0 650 543.536 300 89
0 650 543.633 300 89
0 650 543.727 300 89
0 650 543.815 300 89
0 650 543.909 300 89
0 650 544.008 300 89
0 650 544.099 300 89
0 650 544.203 300 89
0 650 544.302 300 89
0 650 544.391 300 89
0 650 544.482 300 89
0 650 544.57 300 89
0 650 544.651 300 89
0 650 544.737 300 89
0 650 544.827 300 89
0 650 544.915 300 89
0 650 545.001 300 89
0 650 545.084 300 89
0 650 545.159 300 89
0 650 545.249 300 89
0 650 545.343 300 89
0 650 545.438 300 89
0 650 545.528 300 89
0 650 545.618 300 89
0 650 545.71 300 89
0 650 545.791 300 89
0 650 545.873 300 89
0 650 545.955 300 89
0 650 546.042 300 89
0 650 546.149 300 89
0 650 546.25 300 89
0 650 546.343 300 89
0 650 546.434 300 89
0 650 546.522 300 89
0 650 546.606 300 89
0 650 546.694 300 89
0 650 546.781 300 89
0 650 546.873 300 89
0 650 546.966 300 89
0 650 547.058 300 89
0 650 547.146 300 89
0 650 547.23 300 89
0 650 547.316 300 89
0 650 547.402 300 89
0 650 547.48 300 89
0 650 547.588 300 89
0 650 547.671 300 89
0 650 547.752 300 89
0 650 547.83 300 89
0 650 547.911 300 89
0 650 547.998 300 89
0 650 548.08 300 89
0 650 548.15 300 89
0 650 548.231 300 89
0 650 548.307 300 89
0 650 548.385 300 89
0 650 548.461 300 89
0 650 548.541 300 89
0 650 548.626 300 89
0 650 548.712 300 89
0 650 548.828 300 89
0 650 548.956 300 89
0 650 549.042 300 89
0 650 549.133 300 89
0 650 549.228 300 89
0 650 549.336 300 89
0 650 549.431 300 89
0 650 549.527 300 89
0 650 549.616 300 89
0 650 549.709 300 89
0 650 549.793 300 89
0 650 549.879 300 89
0 650 549.966 300 89
0 650 550.055 300 89
0 650 550.142 300 89
0 650 550.241 300 89
0 650 550.325 300 89
0 650 550.404 300 89
0 650 550.49 300 89
0 650 550.583 300 89
0 650 550.666 300 89
0 650 550.759 300 89
0 650 550.836 300 89
0 650 550.922 300 89
0 650 551.006 300 89
0 650 551.085 300 89
0 650 551.172 300 89
0 650 551.261 300 89
0 650 551.346 300 89
0 650 551.445 300 89
0 650 551.546 300 89
0 650 551.653 300 89
0 650 551.741 300 89
0 650 551.823 300 89
0 650 551.906 300 89
0 650 551.984 300 89
0 650 552.069 300 89
0 650 552.162 300 89
0 650 552.25 300 89
0 650 552.337 300 89
0 650 552.42 300 89
0 650 552.496 300 89
0 650 552.582 300 89
0 650 552.666 300 89
0 650 552.754 300 89
0 650 552.838 300 89
0 650 552.924 300 89
0 650 552.998 300 89
0 650 553.086 300 89
0 650 553.169 300 89
0 650 553.246 300 89
0 650 553.338 300 89
0 650 553.433 300 89
0 650 553.535 300 89
0 650 553.635 300 89
0 650 553.72 300 89
0 650 553.811 300 89
0 650 553.918 300 89
0 650 554.015 300 89
0 650 554.109 300 89
0 650 554.191 300 89
0 650 554.273 300 89
0 650 554.354 300 89
0 650 554.448 300 89
0 650 554.537 300 89
0 650 554.627 300 89
0 650 554.712 300 89
0 650 554.801 300 89
0 650 554.885 300 89
0 650 554.969 300 89
0 650 555.051 300 89
0 650 555.133 300 89
0 650 555.22 300 89
0 650 555.305 300 89
0 650 555.398 300 89
0 650 555.482 300 89
0 650 555.554 300 89
0 650 555.641 300 89
0 650 555.721 300 89
0 650 555.833 300 89
0 650 555.931 300 89
0 650 556.029 300 89
0 650 556.121 300 89
0 650 556.21 300 89
0 650 556.291 300 89
0 650 556.384 300 89
0 650 556.475 300 89
0 650 556.572 300 89
0 650 556.659 300 89
0 650 556.739 300 89
0 650 556.833 300 89
0 650 556.924 300 89
0 650 557.015 300 89
0 650 557.1 300 89
0 650 557.188 300 89
0 650 557.269 300 89
0 650 557.359 300 89
0 650 557.447 300 89
0 650 557.543 300 89
0 650 557.635 300 89
0 650 557.725 300 89
0 650 557.829 300 89
0 650 557.932 300 89
0 650 558.03 300 89
0 650 558.119 300 89
0 650 558.241 300 89
0 650 558.343 300 89
0 650 558.434 300 89
0 650 558.521 300 89
0 650 558.619 300 89
0 650 558.721 300 89
0 650 558.814 300 89
0 650 558.902 300 89
0 650 558.989 300 89
0 650 559.086 300 89
0 650 559.184 300 89
0 650 559.28 300 89
0 650 559.379 300 89
0 650 559.48 300 89
0 650 559.563 300 89
0 650 559.659 300 89
0 650 559.741 300 89
0 650 559.811 300 89
0 650 559.899 300 89
0 650 559.984 300 89
0 650 560.07 300 89
0 650 560.162 300 89
0 650 560.255 300 89
0 650 560.343 300 89
0 650 560.437 300 89
0 650 560.527 300 89
0 650 560.607 300 89
0 650 560.692 300 89
0 650 560.789 300 89
0 650 560.868 300 89
0 650 560.959 300 89
0 650 561.05 300 89
0 650 561.144 300 89
0 650 561.233 300 89
0 650 561.326 300 89
0 650 561.404 300 89
0 650 561.499 300 89
0 650 561.589 300 89
0 650 561.671 300 89
0 650 561.757 300 89
0 650 561.848 300 89
0 650 561.932 300 89
0 650 562.023 300 89
0 650 562.107 300 89
0 650 562.189 300 89
0 650 562.276 300 89
0 650 562.359 300 89
0 650 562.452 300 89
0 650 562.535 300 89
0 650 562.635 300 89
0 650 562.716 300 89
0 650 562.809 300 89
0 650 562.899 300 89
0 650 562.997 300 89
0 650 563.086 300 89
0 650 563.177 300 89
0 650 563.273 300 89
0 650 563.37 300 89
0 650 563.463 300 89
0 650 563.554 300 89
0 650 563.635 300 89
0 650 563.725 300 89
0 650 563.808 300 89
0 650 563.891 300 89
0 650 563.967 300 89
0 650 564.054 300 89
0 650 564.141 300 89
0 650 564.229 300 89
0 650 564.312 300 89
0 650 564.397 300 89
0 650 564.491 300 89
0 650 564.585 300 89
0 650 564.677 300 89
0 650 564.772 300 89
0 650 564.86 300 89
0 650 564.954 300 89
0 650 565.04 300 89
0 650 565.124 300 89
0 650 565.217 300 89
0 650 565.303 300 89
0 650 565.393 300 89
0 650 565.479 300 89
0 650 565.565 300 89
0 650 565.656 300 89
0 650 565.748 300 89
0 650 565.835 300 89
0 650 565.918 300 89
0 650 566.003 300 89
0 650 566.09 300 89
0 650 566.178 300 89
0 650 566.269 300 89
0 650 566.359 300 89
0 650 566.449 300 89
0 650 566.539 300 89
0 650 566.626 300 89
0 650 566.714 300 89
0 650 566.807 300 89
0 650 566.894 300 89
0 650 566.983 300 89
0 650 567.073 300 89
0 650 567.159 300 89
0 650 567.243 300 89
0 650 567.329 300 89
0 650 567.419 300 89
0 650 567.511 300 89
0 650 567.598 300 89
0 650 567.686 300 89
0 650 567.778 300 89
0 650 567.864 300 89
0 650 567.956 300 89
0 650 568.038 300 89
0 650 568.13 300 89
0 650 568.223 300 89
0 650 568.316 300 89
0 650 568.402 300 89
0 650 568.493 300 89
0 650 568.583 300 89
0 650 568.666 300 89
0 650 568.758 300 89
0 650 568.843 300 89
0 650 568.924 300 89
0 650 568.983 300 89
0 650 569.055 300 89
0 650 569.115 300 89
0 650 569.173 300 89
0 650 569.234 300 89
0 650 569.294 300 89
0 650 569.356 300 89
0 650 569.421 300 89
0 650 569.479 300 89
0 650 569.549 300 89
0 650 569.614 300 89
0 650 569.675 300 89
0 650 569.763 300 89
0 650 569.853 300 89
0 650 569.94 300 89
0 650 570.029 300 89
0 650 570.11 300 89
0 650 570.193 300 89
0 650 570.285 300 89
0 650 570.371 300 89
0 650 570.457 300 89
0 650 570.548 300 89
0 650 570.639 300 89
0 650 570.729 300 89
0 650 570.818 300 89
0 650 570.915 300 89
0 650 571.004 300 89
0 650 571.091 300 89
0 650 571.183 300 89
0 650 571.277 300 89
0 650 571.368 300 89
0 650 571.465 300 89
0 650 571.558 300 89
0 650 571.634 300 89
0 650 571.718 300 89
0 650 571.803 300 89
0 650 571.862 300 89
0 650 571.922 300 89
0 650 571.985 300 89
0 650 572.047 300 89
0 650 572.112 300 89
0 650 572.179 300 89
0 650 572.231 300 89
0 650 572.293 300 89
0 650 572.354 300 89
0 650 572.414 300 89
0 650 572.474 300 89
0 650 572.537 300 89
0 650 572.597 300 89
0 650 572.658 300 89
0 650 572.725 300 89
0 650 572.791 300 89
0 650 572.873 300 89
0 650 572.955 300 89
0 650 573.046 300 89
0 650 573.129 300 89
0 650 573.209 300 89
0 650 573.301 300 89
0 650 573.389 300 89
0 650 573.493 300 89
0 650 573.625 300 89
0 650 573.713 300 89
0 650 573.808 300 89
0 650 573.907 300 89
0 650 574.013 300 89
0 650 574.106 300 89
0 650 574.193 300 89
0 650 574.274 300 89
0 650 574.352 300 89
0 650 574.441 300 89
0 650 574.525 300 89
0 650 574.619 300 89
0 650 574.706 300 89
0 650 574.785 300 89
0 650 574.861 300 89
0 650 574.939 300 89
0 650 575.029 300 89
0 650 575.114 300 89
0 650 575.202 300 89
0 650 575.283 300 89
0 650 575.364 300 89
0 650 575.455 300 89
0 650 575.544 300 89
0 650 575.632 300 89
0 650 575.722 300 89
0 650 575.83 300 89
0 650 575.935 300 89
0 650 576.026 300 89
0 650 576.113 300 89
0 650 576.196 300 89
0 650 576.284 300 89
0 650 576.365 300 89
0 650 576.451 300 89
0 650 576.546 300 89
0 650 576.634 300 89
0 650 576.719 300 89
0 650 576.811 300 89
0 650 576.893 300 89
0 650 576.979 300 89
0 650 577.062 300 89
0 650 577.146 300 89
0 650 577.232 300 89
0 650 577.313 300 89
0 650 577.395 300 89
0 650 577.479 300 89
0 650 577.565 300 89
0 650 577.673 300 89
0 650 577.772 300 89
0 650 577.86 300 89
0 650 577.948 300 89
0 650 578.058 300 89
0 650 578.143 300 89
0 650 578.231 300 89
0 650 578.322 300 89
0 650 578.405 300 89
0 650 578.489 300 89
0 650 578.576 300 89
0 650 578.665 300 89
0 650 578.755 300 89
0 650 578.848 300 89
0 650 578.931 300 89
0 650 579.009 300 89
0 650 579.094 300 89
0 650 579.182 300 89
0 650 579.259 300 89
0 650 579.331 300 89
0 650 579.415 300 89
0 650 579.497 300 89
0 650 579.581 300 89
0 650 579.658 300 89
0 650 579.747 300 89
0 650 579.839 300 89
0 650 579.944 300 89
0 650 580.043 300 89
0 650 580.127 300 89
0 650 580.21 300 89
0 650 580.306 300 89
0 650 580.393 300 89
0 650 580.484 300 89
0 650 580.567 300 89
0 650 580.651 300 89
0 650 580.74 300 89
0 650 580.826 300 89
0 650 580.924 300 89
0 650 581.009 300 89
0 650 581.093 300 89
0 650 581.178 300 89
0 650 581.27 300 89
0 650 581.357 300 89
0 650 581.445 300 89
0 650 581.541 300 89
0 650 581.63 300 89
0 650 581.709 300 89
0 650 581.792 300 89
0 650 581.888 300 89
0 650 581.971 300 89
0 650 582.049 300 89
0 650 582.13 300 89
0 650 582.22 300 89
0 650 582.311 300 89
0 650 582.401 300 89
0 650 582.48 300 89
0 650 582.566 300 89
0 650 582.651 300 89
0 650 582.742 300 89
0 650 582.831 300 89
0 650 582.916 300 89
0 650 582.999 300 89
0 650 583.087 300 89
0 650 583.174 300 89
0 650 583.268 300 89
0 650 583.37 300 89
0 650 583.466 300 89
0 650 583.55 300 89
0 650 583.632 300 89
0 650 583.721 300 89
0 650 583.806 300 89
0 650 583.897 300 89
0 650 583.985 300 89
0 650 584.075 300 89
0 650 584.161 300 89
0 650 584.258 300 89
0 650 584.353 300 89
0 650 584.437 300 89
0 650 584.522 300 89
0 650 584.603 300 89
0 650 584.691 300 89
0 650 584.775 300 89
0 650 584.86 300 89
0 650 584.949 300 89
0 650 585.033 300 89
0 650 585.119 300 89
0 650 585.203 300 89
0 650 585.279 300 89
0 650 585.369 300 89
0 650 585.455 300 89
0 650 585.552 300 89
0 650 585.633 300 89
0 650 585.718 300 89
0 650 585.806 300 89
0 650 585.899 300 89
0 650 585.991 300 89
0 650 586.071 300 89
0 650 586.163 300 89
0 650 586.253 300 89
0 650 586.337 300 89
0 650 586.427 300 89
0 650 586.52 300 89
0 650 586.609 300 89
0 650 586.686 300 89
0 650 586.773 300 89
0 650 586.864 300 89
0 650 586.945 300 89
0 650 587.038 300 89
0 650 587.118 300 89
0 650 587.206 300 89
0 650 587.291 300 89
0 650 587.376 300 89
0 650 587.462 300 89
0 650 587.547 300 89
0 650 587.634 300 89
0 650 587.716 300 89
0 650 587.795 300 89
0 650 587.89 300 89
0 650 587.973 300 89
0 650 588.061 300 89
0 650 588.154 300 89
0 650 588.236 300 89
0 650 588.329 300 89
0 650 588.445 300 89
0 650 588.532 300 89
0 650 588.605 300 89
0 650 588.691 300 89
0 650 588.776 300 89
0 650 588.86 300 89
0 650 588.946 300 89
0 650 589.03 300 89
0 650 589.115 300 89
0 650 589.198 300 89
0 650 589.287 300 89
0 650 589.37 300 89
0 650 589.457 300 89
0 650 589.541 300 89
0 650 589.632 300 89
0 650 589.722 300 89
0 650 589.804 300 89
0 650 589.891 300 89
0 650 589.982 300 89
0 650 590.078 300 89
0 650 590.166 300 89
0 650 590.255 300 89
0 650 590.34 300 89
0 650 590.433 300 89
0 650 590.521 300 89
0 650 590.605 300 89
0 650 590.685 300 89
0 650 590.768 300 89
0 650 590.854 300 89
0 650 590.943 300 89
0 650 591.025 300 89
0 650 591.116 300 89
0 650 591.207 300 89
0 650 591.299 300 89
0 650 591.387 300 89
0 650 591.476 300 89
0 650 591.568 300 89
0 650 591.653 300 89
0 650 591.736 300 89
0 650 591.833 300 89
0 650 591.925 300 89
0 650 592.013 300 89
0 650 592.098 300 89
0 650 592.191 300 89
0 650 592.276 300 89
0 650 592.368 300 89
0 650 592.454 300 89
0 650 592.542 300 89
0 650 592.627 300 89
0 650 592.715 300 89
0 650 592.807 300 89
0 650 592.901 300 89
0 650 592.988 300 89
0 650 593.082 300 89
0 650 593.173 300 89
0 650 593.262 300 89
0 650 593.359 300 89
0 650 593.448 300 89
0 650 593.537 300 89
0 650 593.638 300 89
0 650 593.718 300 89
0 650 593.806 300 89
0 650 593.892 300 89
0 650 593.979 300 89
0 650 594.067 300 89
0 650 594.155 300 89
0 650 594.243 300 89
0 650 594.333 300 89
0 650 594.415 300 89
0 650 594.504 300 89
0 650 594.59 300 89
0 650 594.683 300 89
0 650 594.776 300 89
0 650 594.871 300 89
0 650 594.96 300 89
0 650 595.051 300 89
0 650 595.145 300 89
0 650 595.238 300 89
0 650 595.326 300 89
0 650 595.416 300 89
0 650 595.506 300 89
0 650 595.595 300 89
0 650 595.682 300 89
0 650 595.769 300 89
0 650 595.849 300 89
0 650 595.941 300 89
0 650 596.031 300 89
0 650 596.115 300 89
0 650 596.191 300 89
0 650 596.283 300 89
0 650 596.372 300 89
0 650 596.448 300 89
0 650 596.543 300 89
0 650 596.631 300 89
0 650 596.72 300 89
0 650 596.807 300 89
0 650 596.895 300 89
0 650 596.983 300 89
0 650 597.063 300 89
0 650 597.146 300 89
0 650 597.272 300 89
0 650 597.359 300 89
0 650 597.451 300 89
0 650 597.539 300 89
0 650 597.632 300 89
0 650 597.72 300 89
0 650 597.805 300 89
0 650 597.891 300 89
0 650 598.021 300 89
0 650 598.131 300 89
0 650 598.218 300 89
0 650 598.305 300 89
0 650 598.392 300 89
0 650 598.47 300 89
0 650 598.565 300 89
0 650 598.658 300 89
0 650 598.754 300 89
0 650 598.839 300 89
0 650 598.93 300 89
0 650 599.021 300 89
0 650 599.108 300 89
0 650 599.198 300 89
0 650 599.291 300 89
0 650 599.375 300 89
0 650 599.465 300 89
0 650 599.561 300 89
0 650 599.649 300 89
0 650 599.739 300 89
0 650 599.824 300 89
0 650 599.906 300 89
0 650 600.001 300 89
0 650 600.113 300 89
0 650 600.23 300 89
0 650 600.348 300 89
0 650 600.481 300 89
0 650 600.599 300 89
0 650 600.725 300 89
0 650 600.849 300 89
0 650 600.965 300 89
0 650 601.084 300 89
0 650 601.193 300 89
0 650 601.304 300 89
0 650 601.427 300 89
0 650 601.539 300 89
0 650 601.657 300 89
0 650 601.781 300 89
0 650 601.893 300 89
0 650 602.003 300 89
0 650 602.125 300 89
0 650 602.246 300 89
0 650 602.37 300 89
0 650 602.495 300 89
0 650 602.623 300 89
0 650 602.758 300 89
0 650 602.87 300 89
0 650 602.966 300 89
0 650 603.082 300 89
0 650 603.202 300 89
0 650 603.321 300 89
0 650 603.431 300 89
0 650 603.548 300 89
0 650 603.671 300 89
0 650 603.777 300 89
0 650 603.887 300 89
0 650 604.011 300 89
0 650 604.128 300 89
0 650 604.237 300 89
0 650 604.358 300 89
0 650 604.495 300 89
0 650 604.632 300 89
0 650 604.752 300 89
0 650 604.86 300 89
0 650 604.983 300 89
0 650 605.104 300 89
0 650 605.234 300 89
0 650 605.353 300 89
0 650 605.481 300 89
0 650 605.599 300 89
0 650 605.708 300 89
0 650 605.804 300 89
0 650 605.924 300 89
0 650 606.043 300 89
0 650 606.16 300 89
0 650 606.283 300 89
0 650 606.404 300 89
0 650 606.526 300 89
0 650 606.659 300 89
0 650 606.774 300 89
0 650 606.897 300 89
0 650 607.023 300 89
0 650 607.147 300 89
0 650 607.265 300 89
0 650 607.381 300 89
0 650 607.507 300 89
0 650 607.62 300 89
0 650 607.734 300 89
0 650 607.863 300 89
0 650 607.986 300 89
0 650 608.099 300 89
0 650 608.22 300 89
0 650 608.345 300 89
0 650 608.464 300 89
0 650 608.573 300 89
0 650 608.695 300 89
0 650 608.809 300 89
0 650 608.946 300 89
0 650 609.058 300 89
0 650 609.178 300 89
0 650 609.294 300 89
0 650 609.412 300 89
0 650 609.528 300 89
0 650 609.651 300 89
0 650 609.776 300 89
0 650 609.896 300 89
0 650 610.007 300 89
0 650 610.119 300 89
0 650 610.233 300 89
0 650 610.344 300 89
0 650 610.464 300 89
0 650 610.574 300 89
0 650 610.695 300 89
0 650 610.811 300 89
0 650 610.921 300 89
0 650 611.039 300 89
0 650 611.165 300 89
0 650 611.301 300 89
0 650 611.425 300 89
0 650 611.546 300 89
0 650 611.665 300 89
0 650 611.803 300 89
0 650 611.932 300 89
0 650 612.04 300 89
0 650 612.16 300 89
0 650 612.271 300 89
0 650 612.384 300 89
0 650 612.501 300 89
0 650 612.613 300 89
0 650 612.725 300 89
0 650 612.838 300 89
0 650 612.949 300 89
0 650 613.079 300 89
0 650 613.199 300 89
0 650 613.31 300 89
0 650 613.438 300 89
0 650 613.56 300 89
0 650 613.666 300 89
0 650 613.786 300 89
0 650 613.913 300 89
0 650 614.033 300 89
0 650 614.157 300 89
0 650 614.282 300 89
0 650 614.41 300 89
0 650 614.53 300 89
0 650 614.65 300 89
0 650 614.758 300 89
0 650 614.867 300 89
0 650 614.972 300 89
0 650 615.095 300 89
0 650 615.215 300 89
0 650 615.336 300 89
0 650 615.465 300 89
0 650 615.595 300 89
0 650 615.721 300 89
0 650 615.872 300 89
0 650 615.987 300 89
0 650 616.108 300 89
0 650 616.227 300 89
0 650 616.338 300 89
0 650 616.458 300 89
0 650 616.576 300 89
0 650 616.691 300 89
0 650 616.806 300 89
0 650 616.91 300 89
0 650 617.017 300 89
0 650 617.127 300 89
0 650 617.248 300 89
0 650 617.367 300 89
0 650 617.498 300 89
0 650 617.611 300 89
0 650 617.736 300 89
0 650 617.859 300 89
0 650 617.973 300 89
0 650 618.104 300 89
0 650 618.232 300 89
0 650 618.355 300 89
0 650 618.464 300 89
0 650 618.573 300 89
0 650 618.69 300 89
0 650 618.803 300 89
0 650 618.935 300 89
0 650 619.048 300 89
0 650 619.168 300 89
0 650 619.293 300 89
0 650 619.434 300 89
0 650 619.55 300 89
0 650 619.661 300 89
0 650 619.775 300 89
0 650 619.893 300 89
0 650 619.999 300 89
0 650 620.112 300 89
0 650 620.235 300 89
0 650 620.351 300 89
0 650 620.472 300 89
0 650 620.577 300 89
0 650 620.691 300 89
0 650 620.809 300 89
0 650 620.905 300 89
0 650 621.025 300 89
0 650 621.146 300 89
0 650 621.256 300 89
0 650 621.37 300 89
0 650 621.468 300 89
0 650 621.593 300 89
0 650 621.727 300 89
0 650 621.837 300 89
0 650 621.953 300 89
0 650 622.089 300 89
0 650 622.204 300 89
0 650 622.308 300 89
0 650 622.425 300 89
0 650 622.551 300 89
0 650 622.673 300 89
0 650 622.79 300 89
0 650 622.909 300 89
0 650 623.031 300 89
0 650 623.143 300 89
0 650 623.258 300 89
0 650 623.38 300 89
0 650 623.496 300 89
0 650 623.607 300 89
0 650 623.726 300 89
0 650 623.83 300 89
0 650 623.952 300 89
0 650 624.072 300 89
0 650 624.18 300 89
0 650 624.294 300 89
0 650 624.4 300 89
0 650 624.519 300 89
0 650 624.641 300 89
0 650 624.754 300 89
0 650 624.869 300 89
0 650 624.983 300 89
0 650 625.102 300 89
0 650 625.21 300 89
0 650 625.323 300 89
0 650 625.438 300 89
0 650 625.558 300 89
0 650 625.678 300 89
0 650 625.798 300 89
0 650 625.915 300 89
0 650 626.03 300 89
0 650 626.132 300 89
0 650 626.242 300 89
0 650 626.351 300 89
0 650 626.532 300 89
0 650 626.651 300 89
0 650 626.763 300 89
0 650 626.871 300 89
0 650 626.987 300 89
0 650 627.095 300 89
0 650 627.211 300 89
0 650 627.309 300 89
0 650 627.429 300 89
0 650 627.546 300 89
0 650 627.665 300 89
0 650 627.784 300 89
0 650 627.891 300 89
0 650 628 300 89
0 650 628.073 300 89
0 650 628.179 300 89
0 650 628.292 300 89
0 650 628.401 300 89
0 650 628.503 300 89
0 650 628.6 300 89
0 650 628.712 300 89
0 650 628.811 300 89
0 650 628.917 300 89
0 650 629.023 300 89
0 650 629.126 300 89
0 650 629.227 300 89
0 650 629.328 300 89
0 650 629.43 300 89
0 650 629.527 300 89
0 650 629.614 300 89
0 650 629.708 300 89
0 650 629.79 300 89
0 650 629.881 300 89
0 650 629.972 300 89
0 650 630.062 300 89
0 650 630.156 300 89
0 650 630.239 300 89
0 650 630.313 300 89
0 650 630.405 300 89
0 650 630.494 300 89
0 650 630.641 300 89
0 650 630.739 300 89
0 650 630.841 300 89
0 650 630.951 300 89
0 650 631.078 300 89
0 650 631.196 300 89
0 650 631.295 300 89
0 650 631.449 300 89
0 650 631.582 300 89
0 650 631.683 300 89
0 650 631.779 300 89
0 650 631.87 300 89
0 650 631.97 300 89
0 650 632.071 300 89
0 650 632.168 300 89
0 650 632.267 300 89
0 650 632.364 300 89
0 650 632.443 300 89
0 650 632.534 300 89
0 650 632.631 300 89
0 650 632.72 300 89
0 650 632.81 300 89
0 650 632.907 300 89
0 650 632.996 300 89
0 650 633.093 300 89
0 650 633.178 300 89
0 650 633.275 300 89
0 650 633.378 300 89
0 650 633.482 300 89
0 650 633.571 300 89
0 650 633.668 300 89
0 650 633.76 300 89
0 650 633.862 300 89
0 650 633.959 300 89
0 650 634.062 300 89
0 650 634.172 300 89
0 650 634.275 300 89
0 650 634.366 300 89
0 650 634.48 300 89
0 650 634.64 300 89
0 650 634.739 300 89
0 650 634.837 300 89
0 650 634.948 300 89
0 650 635.067 300 89
0 650 635.164 300 89
0 650 635.267 300 89
0 650 635.358 300 89
0 650 635.447 300 89
0 650 635.542 300 89
0 650 635.639 300 89
0 650 635.756 300 89
0 650 635.852 300 89
0 650 635.951 300 89
0 650 636.044 300 89
0 650 636.135 300 89
0 650 636.223 300 89
0 650 636.3 300 89
0 650 636.397 300 89
0 650 636.487 300 89
0 650 636.578 300 89
0 650 636.668 300 89
0 650 636.763 300 89
0 650 636.861 300 89
0 650 636.953 300 89
0 650 637.041 300 89
0 650 637.131 300 89
0 650 637.222 300 89
0 650 637.308 300 89
0 650 637.397 300 89
0 650 637.489 300 89
0 650 637.602 300 89
0 650 637.764 300 89
0 650 637.866 300 89
0 650 637.977 300 89
0 650 638.08 300 89
0 650 638.195 300 89
0 650 638.294 300 89
0 650 638.389 300 89
0 650 638.496 300 89
0 650 638.585 300 89
0 650 638.678 300 89
0 650 638.776 300 89
0 650 638.88 300 89
0 650 638.988 300 89
0 650 639.082 300 89
0 650 639.174 300 89
0 650 639.299 300 89
0 650 639.389 300 89
0 650 639.479 300 89
0 650 639.562 300 89
0 650 639.653 300 89
0 650 639.743 300 89
0 650 639.833 300 89
0 650 639.921 300 89
0 650 640.014 300 89
0 650 640.104 300 89
0 650 640.22 300 89
0 650 640.307 300 89
0 650 640.369 300 89
0 650 640.462 300 89
0 650 640.557 300 89
0 650 640.652 300 89
0 650 640.746 300 89
0 650 640.835 300 89
0 650 640.925 300 89
0 650 641.035 300 89
0 650 641.142 300 89
0 650 641.235 300 89
0 650 641.321 300 89
0 650 641.401 300 89
0 650 641.495 300 89
0 650 641.585 300 89
0 650 641.677 300 89
0 650 641.781 300 89
0 650 641.87 300 89
0 650 641.965 300 89
0 650 642.048 300 89
0 650 642.137 300 89
0 650 642.233 300 89
0 650 642.319 300 89
0 650 642.406 300 89
0 650 642.465 300 89
0 650 642.562 300 89
0 650 642.656 300 89
0 650 642.756 300 89
0 650 642.847 300 89
0 650 642.96 300 89
0 650 643.062 300 89
0 650 643.15 300 89
0 650 643.236 300 89
0 650 643.325 300 89
0 650 643.412 300 89
0 650 643.494 300 89
0 650 643.582 300 89
0 650 643.674 300 89
0 650 643.761 300 89
0 650 643.858 300 89
0 650 643.942 300 89
0 650 644.036 300 89
0 650 644.127 300 89
0 650 644.216 300 89
0 650 644.299 300 89
0 650 644.382 300 89
0 650 644.466 300 89
0 650 644.552 300 89
0 650 644.641 300 89
0 650 644.732 300 89
0 650 644.838 300 89
0 650 644.924 300 89
0 650 645.007 300 89
0 650 645.091 300 89
0 650 645.173 300 89
0 650 645.248 300 89
0 650 645.352 300 89
0 650 645.456 300 89
0 650 645.556 300 89
0 650 645.662 300 89
0 650 645.767 300 89
0 650 645.874 300 89
0 650 645.968 300 89
0 650 646.063 300 89
0 650 646.146 300 89
0 650 646.248 300 89
0 650 646.372 300 89
0 650 646.461 300 89
0 650 646.547 300 89
0 650 646.635 300 89
0 650 646.72 300 89
0 650 646.815 300 89
0 650 646.9 300 89
0 650 646.979 300 89
0 650 647.063 300 89
0 650 647.148 300 89
0 650 647.237 300 89
0 650 647.326 300 89
0 650 647.398 300 89
0 650 647.488 300 89
0 650 647.581 300 89
0 650 647.665 300 89
0 650 647.769 300 89
0 650 647.877 300 89
0 650 647.968 300 89
0 650 648.058 300 89
0 650 648.144 300 89
0 650 648.238 300 89
0 650 648.33 300 89
0 650 648.415 300 89
0 650 648.503 300 89
0 650 648.593 300 89
0 650 648.681 300 89
0 650 648.769 300 89
0 650 648.852 300 89
0 650 648.945 300 89
0 650 649.037 300 89
0 650 649.125 300 89
0 650 649.216 300 89
0 650 649.298 300 89
0 650 649.39 300 89
0 650 649.479 300 89
0 650 649.563 300 89
0 650 649.644 300 89
0 650 649.729 300 89
0 650 649.807 300 89
0 650 649.89 300 89
0 650 649.979 300 89
0 650 650.064 300 89
0 650 650.15 300 89
0 650 650.231 300 89
0 650 650.32 300 89
0 650 650.413 300 89
0 650 650.51 300 89
0 650 650.596 300 89
0 650 650.69 300 89
0 650 650.775 300 89
0 650 650.868 300 89
0 650 650.954 300 89
0 650 651.05 300 89
0 650 651.134 300 89
0 650 651.227 300 89
0 650 651.321 300 89
0 650 651.41 300 89
0 650 651.492 300 89
0 650 651.576 300 89
0 650 651.665 300 89
0 650 651.753 300 89
0 650 651.836 300 89
0 650 651.921 300 89
0 650 652.007 300 89
0 650 652.097 300 89
0 650 652.182 300 89
0 650 652.263 300 89
0 650 652.345 300 89
0 650 652.439 300 89
0 650 652.521 300 89
0 650 652.605 300 89
0 650 652.685 300 89
0 650 652.778 300 89
0 650 652.858 300 89
0 650 652.952 300 89
0 650 653.041 300 89
0 650 653.127 300 89
0 650 653.212 300 89
0 650 653.3 300 89
0 650 653.379 300 89
0 650 653.458 300 89
0 650 653.516 300 89
0 650 653.6 300 89
0 650 653.685 300 89
0 650 653.78 300 89
0 650 653.87 300 89
0 650 653.952 300 89
0 650 654.033 300 89
0 650 654.12 300 89
0 650 654.209 300 89
0 650 654.293 300 89
0 650 654.38 300 89
0 650 654.478 300 89
0 650 654.563 300 89
0 650 654.65 300 89
0 650 654.736 300 89
0 650 654.817 300 89
0 650 654.906 300 89
0 650 654.994 300 89
0 650 655.077 300 89
0 650 655.162 300 89
0 650 655.255 300 89
0 650 655.35 300 89
0 650 655.439 300 89
0 650 655.526 300 89
0 650 655.613 300 89
0 650 655.687 300 89
0 650 655.764 300 89
0 650 655.857 300 89
0 650 655.946 300 89
0 650 656.035 300 89
0 650 656.117 300 89
0 650 656.202 300 89
0 650 656.286 300 89
0 650 656.365 300 89
0 650 656.447 300 89
0 650 656.526 300 89
0 650 656.617 300 89
0 650 656.706 300 89
0 650 656.783 300 89
0 650 656.867 300 89
0 650 656.957 300 89
0 650 657.038 300 89
0 650 657.123 300 89
0 650 657.213 300 89
0 650 657.305 300 89
0 650 657.393 300 89
0 650 657.475 300 89
0 650 657.561 300 89
0 650 657.644 300 89
0 650 657.733 300 89
0 650 657.819 300 89
0 650 657.898 300 89
0 650 657.988 300 89
0 650 658.077 300 89
0 650 658.167 300 89
0 650 658.225 300 89
0 650 658.287 300 89
0 650 658.345 300 89
0 650 658.41 300 89
0 650 658.493 300 89
0 650 658.592 300 89
0 650 658.677 300 89
0 650 658.762 300 89
0 650 658.849 300 89
0 650 658.937 300 89
0 650 659.023 300 89
0 650 659.102 300 89
0 650 659.194 300 89
0 650 659.278 300 89
0 650 659.356 300 89
0 650 659.449 300 89
0 650 659.541 300 89
0 650 659.63 300 89
0 650 659.717 300 89
0 650 659.801 300 89
0 650 659.893 300 89
0 650 659.98 300 89
0 650 660.074 300 89
0 650 660.16 300 89
0 650 660.25 300 89
0 650 660.344 300 89
0 650 660.439 300 89
0 650 660.537 300 89
0 650 660.625 300 89
0 650 660.714 300 89
0 650 660.795 300 89
0 650 660.854 300 89
0 650 660.94 300 89
0 650 661.033 300 89
0 650 661.121 300 89
0 650 661.213 300 89
0 650 661.309 300 89
0 650 661.401 300 89
0 650 661.493 300 89
0 650 661.584 300 89
0 650 661.671 300 89
0 650 661.757 300 89
0 650 661.856 300 89
0 650 661.952 300 89
0 650 662.043 300 89
0 650 662.136 300 89
0 650 662.228 300 89
0 650 662.321 300 89
0 650 662.408 300 89
0 650 662.503 300 89
0 650 662.586 300 89
0 650 662.674 300 89
0 650 662.759 300 89
0 650 662.846 300 89
0 650 662.937 300 89
0 650 663.024 300 89
0 650 663.108 300 89
0 650 663.19 300 89
0 650 663.28 300 89
0 650 663.36 300 89
0 650 663.449 300 89
0 650 663.541 300 89
0 650 663.625 300 89
0 650 663.708 300 89
0 650 663.809 300 89
0 650 663.892 300 89
0 650 663.982 300 89
0 650 664.07 300 89
0 650 664.165 300 89
0 650 664.255 300 89
0 650 664.336 300 89
0 650 664.434 300 89
0 650 664.521 300 89
0 650 664.598 300 89
0 650 664.683 300 89
0 650 664.775 300 89
0 650 664.868 300 89
0 650 664.955 300 89
0 650 665.049 300 89
0 650 665.123 300 89
0 650 665.216 300 89
0 650 665.294 300 89
0 650 665.382 300 89
0 650 665.478 300 89
0 650 665.564 300 89
0 650 665.655 300 89
0 650 665.747 300 89
0 650 665.821 300 89
0 650 665.906 300 89
0 650 665.988 300 89
0 650 666.084 300 89
0 650 666.175 300 89
0 650 666.264 300 89
0 650 666.352 300 89
0 650 666.443 300 89
0 650 666.502 300 89
0 650 666.588 300 89
0 650 666.681 300 89
0 650 666.771 300 89
0 650 666.861 300 89
0 650 666.943 300 89
0 650 667.023 300 89
0 650 667.114 300 89
0 650 667.197 300 89
0 650 667.283 300 89
0 650 667.37 300 89
0 650 667.452 300 89
0 650 667.544 300 89
0 650 667.617 300 89
0 650 667.707 300 89
0 650 667.804 300 89
0 650 667.899 300 89
0 650 667.984 300 89
0 650 668.081 300 89
0 650 668.165 300 89
0 650 668.253 300 89
0 650 668.349 300 89
0 650 668.435 300 89
0 650 668.526 300 89
0 650 668.619 300 89
0 650 668.704 300 89
0 650 668.789 300 89
0 650 668.864 300 89
0 650 668.943 300 89
0 650 669.023 300 89
0 650 669.118 300 89
0 650 669.204 300 89
0 650 669.289 300 89
0 650 669.383 300 89
0 650 669.483 300 89
0 650 669.573 300 89
0 650 669.67 300 89
0 650 669.76 300 89
0 650 669.849 300 89
0 650 669.94 300 89
0 650 670.033 300 89
0 650 670.13 300 89
0 650 670.218 300 89
0 650 670.303 300 89
0 650 670.392 300 89
0 650 670.478 300 89
0 650 670.566 300 89
0 650 670.659 300 89
0 650 670.75 300 89
0 650 670.839 300 89
0 650 670.93 300 89
0 650 671.008 300 89
0 650 671.104 300 89
0 650 671.193 300 89
0 650 671.288 300 89
0 650 671.378 300 89
0 650 671.469 300 89
0 650 671.614 300 89
0 650 671.705 300 89
0 650 671.799 300 89
0 650 671.891 300 89
0 650 671.984 300 89
0 650 672.078 300 89
0 650 672.165 300 89
0 650 672.253 300 89
0 650 672.346 300 89
0 650 672.444 300 89
0 650 672.535 300 89
0 650 672.626 300 89
0 650 672.712 300 89
0 650 672.802 300 89
0 650 672.891 300 89
0 650 672.985 300 89
0 650 673.077 300 89
0 650 673.166 300 89
0 650 673.266 300 89
0 650 673.36 300 89
0 650 673.44 300 89
0 650 673.53 300 89
0 650 673.628 300 89
0 650 673.722 300 89
0 650 673.816 300 89
0 650 673.908 300 89
0 650 673.995 300 89
0 650 674.09 300 89
0 650 674.183 300 89
0 650 674.266 300 89
0 650 674.347 300 89
0 650 674.439 300 89
0 650 674.529 300 89
0 650 674.617 300 89
0 650 674.698 300 89
0 650 674.789 300 89
0 650 674.88 300 89
0 650 674.972 300 89
0 650 675.053 300 89
0 650 675.139 300 89
0 650 675.225 300 89
0 650 675.31 300 89
0 650 675.407 300 89
0 650 675.507 300 89
0 650 675.596 300 89
0 650 675.681 300 89
0 650 675.772 300 89
0 650 675.861 300 89
0 650 675.954 300 89
0 650 676.045 300 89
0 650 676.141 300 89
0 650 676.237 300 89
0 650 676.33 300 89
0 650 676.423 300 89
0 650 676.511 300 89
0 650 676.598 300 89
0 650 676.685 300 89
0 650 676.778 300 89
0 650 676.872 300 89
0 650 676.967 300 89
0 650 677.068 300 89
0 650 677.158 300 89
0 650 677.249 300 89
0 650 677.341 300 89
0 650 677.434 300 89
0 650 677.519 300 89
0 650 677.608 300 89
0 650 677.704 300 89
0 650 677.797 300 89
0 650 677.892 300 89
0 650 677.986 300 89
0 650 678.082 300 89
0 650 678.178 300 89
0 650 678.268 300 89
0 650 678.349 300 89
0 650 678.444 300 89
0 650 678.543 300 89
0 650 678.641 300 89
0 650 678.728 300 89
0 650 678.814 300 89
0 650 678.907 300 89
0 650 678.995 300 89
0 650 679.089 300 89
0 650 679.185 300 89
0 650 679.282 300 89
0 650 679.368 300 89
0 650 679.458 300 89
0 650 679.543 300 89
0 650 679.62 300 89
0 650 679.696 300 89
0 650 679.788 300 89
0 650 679.871 300 89
0 650 679.971 300 89
0 650 680.064 300 89
0 650 680.16 300 89
0 650 680.257 300 89
0 650 680.345 300 89
0 650 680.424 300 89
0 650 680.521 300 89
0 650 680.614 300 89
0 650 680.71 300 89
0 650 680.799 300 89
0 650 680.889 300 89
0 650 680.983 300 89
0 650 681.073 300 89
0 650 681.168 300 89
0 650 681.256 300 89
0 650 681.343 300 89
0 650 681.427 300 89
0 650 681.517 300 89
0 650 681.606 300 89
0 650 681.693 300 89
0 650 681.787 300 89
0 650 681.863 300 89
0 650 681.941 300 89
0 650 682.034 300 89
0 650 682.123 300 89
0 650 682.217 300 89
0 650 682.303 300 89
0 650 682.395 300 89
0 650 682.494 300 89
0 650 682.585 300 89
0 650 682.669 300 89
0 650 682.764 300 89
0 650 682.852 300 89
0 650 682.949 300 89
0 650 683.039 300 89
0 650 683.127 300 89
0 650 683.218 300 89
0 650 683.274 300 89
0 650 683.367 300 89
0 650 683.455 300 89
0 650 683.549 300 89
0 650 683.645 300 89
0 650 683.725 300 89
0 650 683.815 300 89
0 650 683.905 300 89
0 650 683.996 300 89
0 650 684.088 300 89
0 650 684.176 300 89
0 650 684.267 300 89
0 650 684.354 300 89
0 650 684.452 300 89
0 650 684.547 300 89
0 650 684.641 300 89
0 650 684.728 300 89
0 650 684.81 300 89
0 650 684.896 300 89
0 650 684.991 300 89
0 650 685.075 300 89
0 650 685.162 300 89
0 650 685.256 300 89
0 650 685.345 300 89
0 650 685.435 300 89
0 650 685.526 300 89
0 650 685.618 300 89
0 650 685.713 300 89
0 650 685.799 300 89
0 650 685.889 300 89
0 650 685.981 300 89
0 650 686.062 300 89
0 650 686.156 300 89
0 650 686.248 300 89
0 650 686.346 300 89
0 650 686.464 300 89
0 650 686.557 300 89
0 650 686.656 300 89
0 650 686.746 300 89
0 650 686.842 300 89
0 650 686.932 300 89
0 650 687.023 300 89
0 650 687.113 300 89
0 650 687.197 300 89
0 650 687.289 300 89
0 650 687.384 300 89
0 650 687.481 300 89
0 650 687.568 300 89
0 650 687.655 300 89
0 650 687.739 300 89
0 650 687.836 300 89
0 650 687.934 300 89
0 650 688.022 300 89
0 650 688.109 300 89
0 650 688.204 300 89
0 650 688.302 300 89
0 650 688.382 300 89
0 650 688.473 300 89
0 650 688.568 300 89
0 650 688.657 300 89
0 650 688.741 300 89
0 650 688.833 300 89
0 650 688.927 300 89
0 650 689.017 300 89
0 650 689.106 300 89
0 650 689.186 300 89
0 650 689.277 300 89
0 650 689.373 300 89
0 650 689.469 300 89
0 650 689.56 300 89
0 650 689.657 300 89
0 650 689.752 300 89
0 650 689.848 300 89
0 650 689.94 300 89
0 650 690.03 300 89
0 650 690.127 300 89
0 650 690.22 300 89
0 650 690.306 300 89
0 650 690.39 300 89
0 650 690.479 300 89
0 650 690.573 300 89
0 650 690.674 300 89
0 650 690.772 300 89
0 650 690.862 300 89
0 650 690.96 300 89
0 650 691.048 300 89
0 650 691.136 300 89
0 650 691.223 300 89
0 650 691.315 300 89
0 650 691.402 300 89
0 650 691.493 300 89
0 650 691.579 300 89
0 650 691.669 300 89
0 650 691.76 300 89
0 650 691.845 300 89
0 650 691.938 300 89
0 650 692.026 300 89
0 650 692.115 300 89
0 650 692.216 300 89
0 650 692.32 300 89
0 650 692.413 300 89
0 650 692.5 300 89
0 650 692.552 300 89
0 650 692.648 300 89
0 650 692.723 300 89
0 650 692.819 300 89
0 650 692.906 300 89
0 650 693.008 300 89
0 650 693.1 300 89
0 650 693.191 300 89
0 650 693.284 300 89
0 650 693.372 300 89
0 650 693.462 300 89
0 650 693.54 300 89
0 650 693.631 300 89
0 650 693.716 300 89
0 650 693.806 300 89
0 650 693.896 300 89
0 650 693.976 300 89
0 650 694.069 300 89
0 650 694.158 300 89
0 650 694.242 300 89
0 650 694.333 300 89
0 650 694.432 300 89
0 650 694.521 300 89
0 650 694.611 300 89
0 650 694.714 300 89
0 650 694.807 300 89
0 650 694.911 300 89
0 650 695.012 300 89
0 650 695.104 300 89
0 650 695.194 300 89
0 650 695.276 300 89
0 650 695.362 300 89
0 650 695.451 300 89
0 650 695.546 300 89
0 650 695.64 300 89
0 650 695.734 300 89
0 650 695.821 300 89
0 650 695.909 300 89
0 650 695.987 300 89
0 650 696.073 300 89
0 650 696.16 300 89
0 650 696.245 300 89
0 650 696.33 300 89
0 650 696.417 300 89
0 650 696.499 300 89
0 650 696.582 300 89
0 650 696.672 300 89
0 650 696.756 300 89
0 650 696.847 300 89
0 650 696.934 300 89
0 650 697.01 300 89
0 650 697.107 300 89
0 650 697.198 300 89
0 650 697.292 300 89
0 650 697.388 300 89
0 650 697.478 300 89
0 650 697.56 300 89
0 650 697.655 300 89
0 650 697.747 300 89
0 650 697.834 300 89
0 650 697.925 300 89
0 650 698.012 300 89
0 650 698.099 300 89
0 650 698.192 300 89
0 650 698.278 300 89
0 650 698.372 300 89
0 650 698.467 300 89
0 650 698.563 300 89
0 650 698.664 300 89
0 650 698.746 300 89
0 650 698.84 300 89
0 650 698.933 300 89
0 650 699.023 300 89
0 650 699.108 300 89
0 650 699.19 300 89
0 650 699.271 300 89
0 650 699.357 300 89
0 650 699.445 300 89
0 650 699.538 300 89
0 650 699.626 300 89
0 650 699.71 300 89
0 650 699.784 300 89
0 650 699.873 300 89
0 650 699.962 300 89
0 650 700.05 300 89
0 650 700.133 300 89
0 650 700.21 300 89
0 650 700.303 300 89
0 650 700.391 300 89
0 650 700.474 300 89
0 650 700.553 300 89
0 650 700.638 300 89
0 650 700.732 300 89
0 650 700.82 300 89
0 650 700.913 300 89
0 650 701.009 300 89
0 650 701.09 300 89
0 650 701.18 300 89
0 650 701.265 300 89
0 650 701.349 300 89
0 650 701.435 300 89
0 650 701.523 300 89
0 650 701.606 300 89
0 650 701.698 300 89
0 650 701.785 300 89
0 650 701.876 300 89
0 650 701.979 300 89
0 650 702.061 300 89
0 650 702.145 300 89
0 650 702.232 300 89
0 650 702.325 300 89
0 650 702.412 300 89
0 650 702.496 300 89
0 650 702.578 300 89
0 650 702.666 300 89
0 650 702.749 300 89
0 650 702.831 300 89
0 650 702.92 300 89
0 650 703.014 300 89
0 650 703.102 300 89
0 650 703.188 300 89
0 650 703.271 300 89
0 650 703.36 300 89
0 650 703.448 300 89
0 650 703.538 300 89
0 650 703.626 300 89
0 650 703.72 300 89
0 650 703.802 300 89
0 650 703.892 300 89
0 650 703.981 300 89
0 650 704.068 300 89
0 650 704.145 300 89
0 650 704.239 300 89
0 650 704.322 300 89
0 650 704.408 300 89
0 650 704.495 300 89
0 650 704.577 300 89
0 650 704.667 300 89
0 650 704.747 300 89
0 650 704.832 300 89
0 650 704.916 300 89
0 650 705.007 300 89
0 650 705.115 300 89
0 650 705.218 300 89
0 650 705.309 300 89
0 650 705.404 300 89
0 650 705.497 300 89
0 650 705.583 300 89
0 650 705.676 300 89
0 650 705.765 300 89
0 650 705.859 300 89
0 650 705.945 300 89
0 650 706.039 300 89
0 650 706.137 300 89
0 650 706.227 300 89
0 650 706.31 300 89
0 650 706.396 300 89
0 650 706.482 300 89
0 650 706.568 300 89
0 650 706.657 300 89
0 650 706.746 300 89
0 650 706.829 300 89
0 650 706.919 300 89
0 650 707.011 300 89
0 650 707.093 300 89
0 650 707.181 300 89
0 650 707.274 300 89
0 650 707.365 300 89
0 650 707.463 300 89
0 650 707.551 300 89
0 650 707.65 300 89
0 650 707.742 300 89
0 650 707.882 300 89
0 650 707.98 300 89
0 650 708.07 300 89
0 650 708.154 300 89
0 650 708.25 300 89
0 650 708.336 300 89
0 650 708.431 300 89
0 650 708.538 300 89
0 650 708.636 300 89
0 650 708.727 300 89
0 650 708.814 300 89
0 650 708.911 300 89
0 650 709.004 300 89
0 650 709.104 300 89
0 650 709.19 300 89
0 650 709.285 300 89
0 650 709.377 300 89
0 650 709.466 300 89
0 650 709.557 300 89
0 650 709.646 300 89
0 650 709.736 300 89
0 650 709.823 300 89
0 650 709.919 300 89
0 650 710.013 300 89
0 650 710.103 300 89
0 650 710.19 300 89
0 650 710.28 300 89
0 650 710.37 300 89
0 650 710.467 300 89
0 650 710.561 300 89
0 650 710.652 300 89
0 650 710.739 300 89
0 650 710.829 300 89
0 650 710.916 300 89
0 650 711.015 300 89
0 650 711.104 300 89
0 650 711.197 300 89
0 650 711.295 300 89
0 650 711.391 300 89
0 650 711.48 300 89
0 650 711.571 300 89
0 650 711.67 300 89
0 650 711.765 300 89
0 650 711.863 300 89
0 650 711.957 300 89
0 650 712.045 300 89
0 650 712.134 300 89
0 650 712.221 300 89
0 650 712.316 300 89
0 650 712.405 300 89
0 650 712.502 300 89
0 650 712.59 300 89
0 650 712.682 300 89
0 650 712.775 300 89
0 650 712.874 300 89
0 650 712.974 300 89
0 650 713.061 300 89
0 650 713.155 300 89
0 650 713.239 300 89
0 650 713.332 300 89
0 650 713.421 300 89
0 650 713.504 300 89
0 650 713.608 300 89
0 650 713.687 300 89
0 650 713.775 300 89
0 650 713.868 300 89
0 650 713.953 300 89
0 650 714.039 300 89
0 650 714.125 300 89
0 650 714.214 300 89
0 650 714.304 300 89
0 650 714.389 300 89
0 650 714.474 300 89
0 650 714.562 300 89
0 650 714.656 300 89
0 650 714.749 300 89
0 650 714.843 300 89
0 650 714.933 300 89
0 650 715.016 300 89
0 650 715.109 300 89
0 650 715.205 300 89
0 650 715.299 300 89
0 650 715.398 300 89
0 650 715.482 300 89
0 650 715.561 300 89
0 650 715.653 300 89
0 650 715.752 300 89
0 650 715.846 300 89
0 650 715.938 300 89
0 650 716.022 300 89
0 650 716.112 300 89
0 650 716.204 300 89
0 650 716.297 300 89
0 650 716.383 300 89
0 650 716.475 300 89
0 650 716.564 300 89
0 650 716.666 300 89
0 650 716.757 300 89
0 650 716.853 300 89
0 650 716.954 300 89
0 650 717.052 300 89
0 650 717.147 300 89
0 650 717.237 300 89
0 650 717.311 300 89
0 650 717.4 300 89
0 650 717.498 300 89
0 650 717.587 300 89
0 650 717.679 300 89
0 650 717.764 300 89
0 650 717.849 300 89
0 650 717.94 300 89
0 650 718.024 300 89
0 650 718.109 300 89
0 650 718.204 300 89
0 650 718.294 300 89
0 650 718.379 300 89
0 650 718.471 300 89
0 650 718.561 300 89
0 650 718.656 300 89
0 650 718.747 300 89
0 650 718.842 300 89
0 650 718.902 300 89
0 650 718.994 300 89
0 650 719.087 300 89
0 650 719.176 300 89
0 650 719.274 300 89
0 650 719.361 300 89
0 650 719.46 300 89
0 650 719.557 300 89
0 650 719.643 300 89
0 650 719.743 300 89
0 650 719.829 300 89
0 650 719.922 300 89
0 650 720.011 300 89
0 650 720.109 300 89
0 650 720.197 300 89
0 650 720.284 300 89
0 650 720.367 300 89
0 650 720.463 300 89
0 650 720.553 300 89
0 650 720.646 300 89
0 650 720.737 300 89
0 650 720.829 300 89
0 650 720.916 300 89
0 650 721.01 300 89
0 650 721.104 300 89
0 650 721.187 300 89
0 650 721.285 300 89
0 650 721.368 300 89
0 650 721.457 300 89
0 650 721.546 300 89
0 650 721.627 300 89
0 650 721.715 300 89
0 650 721.802 300 89
0 650 721.89 300 89
0 650 721.982 300 89
0 650 722.076 300 89
0 650 722.164 300 89
0 650 722.25 300 89
0 650 722.345 300 89
0 650 722.428 300 89
0 650 722.523 300 89
0 650 722.611 300 89
0 650 722.7 300 89
0 650 722.79 300 89
0 650 722.878 300 89
0 650 722.97 300 89
0 650 723.06 300 89
0 650 723.153 300 89
0 650 723.241 300 89
0 650 723.332 300 89
0 650 723.43 300 89
0 650 723.521 300 89
0 650 723.603 300 89
0 650 723.692 300 89
0 650 723.782 300 89
0 650 723.874 300 89
0 650 723.964 300 89
0 650 724.045 300 89
0 650 724.139 300 89
0 650 724.223 300 89
0 650 724.313 300 89
0 650 724.398 300 89
0 650 724.487 300 89
0 650 724.565 300 89
0 650 724.665 300 89
0 650 724.761 300 89
0 650 724.852 300 89
0 650 724.944 300 89
0 650 725.035 300 89
0 650 725.135 300 89
0 650 725.218 300 89
0 650 725.315 300 89
0 650 725.397 300 89
0 650 725.492 300 89
0 650 725.582 300 89
0 650 725.673 300 89
0 650 725.761 300 89
0 650 725.844 300 89
0 650 725.93 300 89
0 650 726.024 300 89
0 650 726.118 300 89
0 650 726.204 300 89
0 650 726.301 300 89
0 650 726.392 300 89
0 650 726.478 300 89
0 650 726.573 300 89
0 650 726.659 300 89
0 650 726.753 300 89
0 650 726.844 300 89
0 650 726.94 300 89
0 650 727.035 300 89
0 650 727.123 300 89
0 650 727.208 300 89
0 650 727.298 300 89
0 650 727.386 300 89
0 650 727.47 300 89
0 650 727.557 300 89
0 650 727.638 300 89
0 650 727.73 300 89
0 650 727.824 300 89
0 650 727.917 300 89
0 650 728.004 300 89
0 650 728.096 300 89
0 650 728.185 300 89
0 650 728.268 300 89
0 650 728.353 300 89
0 650 728.437 300 89
0 650 728.528 300 89
0 650 728.615 300 89
0 650 728.702 300 89
0 650 728.796 300 89
0 650 728.891 300 89
0 650 728.981 300 89
0 650 729.073 300 89
0 650 729.163 300 89
0 650 729.244 300 89
0 650 729.332 300 89
0 650 729.417 300 89
0 650 729.503 300 89
0 650 729.598 300 89
0 650 729.701 300 89
0 650 729.792 300 89
0 650 729.878 300 89
0 650 729.965 300 89
0 650 730.059 300 89
0 650 730.153 300 89
0 650 730.246 300 89
0 650 730.339 300 89
0 650 730.433 300 89
0 650 730.522 300 89
0 650 730.602 300 89
0 650 730.693 300 89
0 650 730.779 300 89
0 650 730.867 300 89
0 650 730.951 300 89
0 650 731.045 300 89
0 650 731.143 300 89
0 650 731.233 300 89
0 650 731.329 300 89
0 650 731.424 300 89
0 650 731.517 300 89
0 650 731.61 300 89
0 650 731.698 300 89
0 650 731.788 300 89
0 650 731.878 300 89
0 650 731.978 300 89
0 650 732.068 300 89
0 650 732.159 300 89
0 650 732.252 300 89
0 650 732.338 300 89
0 650 732.441 300 89
0 650 732.536 300 89
0 650 732.631 300 89
0 650 732.75 300 89
0 650 732.835 300 89
0 650 732.928 300 89
0 650 733.011 300 89
0 650 733.108 300 89
0 650 733.204 300 89
0 650 733.303 300 89
0 650 733.394 300 89
0 650 733.485 300 89
0 650 733.575 300 89
0 650 733.674 300 89
0 650 733.77 300 89
0 650 733.86 300 89
0 650 733.961 300 89
0 650 734.04 300 89
0 650 734.133 300 89
0 650 734.225 300 89
0 650 734.321 300 89
0 650 734.406 300 89
0 650 734.497 300 89
0 650 734.593 300 89
0 650 734.703 300 89
0 650 734.793 300 89
0 650 734.882 300 89
0 650 734.98 300 89
0 650 735.068 300 89
0 650 735.154 300 89
0 650 735.249 300 89
0 650 735.34 300 89
0 650 735.432 300 89
0 650 735.515 300 89
0 650 735.604 300 89
0 650 735.696 300 89
0 650 735.794 300 89
0 650 735.894 300 89
0 650 735.982 300 89
0 650 736.075 300 89
0 650 736.172 300 89
0 650 736.263 300 89
0 650 736.356 300 89
0 650 736.451 300 89
0 650 736.549 300 89
0 650 736.643 300 89
0 650 736.734 300 89
0 650 736.839 300 89
0 650 736.897 300 89
0 650 736.989 300 89
0 650 737.082 300 89
0 650 737.168 300 89
0 650 737.255 300 89
0 650 737.359 300 89
0 650 737.455 300 89
0 650 737.547 300 89
0 650 737.641 300 89
0 650 737.73 300 89
0 650 737.835 300 89
0 650 737.922 300 89
0 650 738.012 300 89
0 650 738.112 300 89
0 650 738.199 300 89
0 650 738.293 300 89
0 650 738.385 300 89
0 650 738.48 300 89
0 650 738.582 300 89
0 650 738.673 300 89
0 650 738.771 300 89
0 650 738.869 300 89
0 650 738.96 300 89
0 650 739.045 300 89
0 650 739.145 300 89
0 650 739.237 300 89
0 650 739.337 300 89
0 650 739.425 300 89
0 650 739.517 300 89
0 650 739.613 300 89
0 650 739.703 300 89
0 650 739.763 300 89
0 650 739.858 300 89
0 650 739.95 300 89
0 650 740.045 300 89
0 650 740.135 300 89
0 650 740.227 300 89
0 650 740.317 300 89
0 650 740.402 300 89
0 650 740.484 300 89
0 650 740.584 300 89
0 650 740.681 300 89
0 650 740.774 300 89
0 650 740.866 300 89
0 650 740.953 300 89
0 650 741.043 300 89
0 650 741.136 300 89
0 650 741.233 300 89
0 650 741.316 300 89
0 650 741.405 300 89
0 650 741.499 300 89
0 650 741.589 300 89
0 650 741.688 300 89
0 650 741.78 300 89
0 650 741.874 300 89
0 650 741.974 300 89
0 650 742.067 300 89
0 650 742.158 300 89
0 650 742.278 300 89
0 650 742.371 300 89
0 650 742.459 300 89
0 650 742.551 300 89
0 650 742.643 300 89
0 650 742.745 300 89
0 650 742.848 300 89
0 650 742.939 300 89
0 650 743.023 300 89
0 650 743.118 300 89
0 650 743.208 300 89
0 650 743.304 300 89
0 650 743.392 300 89
0 650 743.485 300 89
0 650 743.571 300 89
0 650 743.663 300 89
0 650 743.759 300 89
0 650 743.856 300 89
0 650 743.945 300 89
0 650 744.056 300 89
0 650 744.146 300 89
0 650 744.231 300 89
0 650 744.317 300 89
0 650 744.394 300 89
0 650 744.476 300 89
0 650 744.57 300 89
0 650 744.655 300 89
0 650 744.74 300 89
0 650 744.828 300 89
0 650 744.912 300 89
0 650 744.994 300 89
0 650 745.079 300 89
0 650 745.168 300 89
0 650 745.262 300 89
0 650 745.35 300 89
0 650 745.446 300 89
0 650 745.542 300 89
0 650 745.63 300 89
0 650 745.714 300 89
0 650 745.81 300 89
0 650 745.896 300 89
0 650 745.987 300 89
0 650 746.071 300 89
0 650 746.16 300 89
0 650 746.254 300 89
0 650 746.341 300 89
0 650 746.434 300 89
0 650 746.524 300 89
0 650 746.587 300 89
0 650 746.679 300 89
0 650 746.772 300 89
0 650 746.86 300 89
0 650 746.945 300 89
0 650 747.03 300 89
0 650 747.124 300 89
0 650 747.209 300 89
0 650 747.286 300 89
0 650 747.381 300 89
0 650 747.47 300 89
0 650 747.568 300 89
0 650 747.67 300 89
0 650 747.763 300 89
0 650 747.851 300 89
0 650 747.946 300 89
0 650 748.033 300 89
0 650 748.119 300 89
0 650 748.203 300 89
0 650 748.28 300 89
0 650 748.368 300 89
0 650 748.463 300 89
0 650 748.557 300 89
0 650 748.644 300 89
0 650 748.738 300 89
0 650 748.833 300 89
0 650 748.92 300 89
0 650 749.013 300 89
0 650 749.101 300 89
0 650 749.193 300 89
0 650 749.275 300 89
0 650 749.355 300 89
0 650 749.447 300 89
0 650 749.539 300 89
0 650 749.632 300 89
0 650 749.718 300 89
0 650 749.804 300 89
0 650 749.892 300 89
0 650 749.979 300 89
0 650 750.053 300 89
0 650 750.11 300 89
0 650 750.167 300 89
0 650 750.228 300 89
0 650 750.286 300 89
0 650 750.346 300 89
0 650 750.413 300 89
0 650 750.473 300 89
0 650 750.531 300 89
0 650 750.59 300 89
0 650 750.653 300 89
0 650 750.718 300 89
0 650 750.782 300 89
0 650 750.844 300 89
0 650 750.904 300 89
0 650 750.964 300 89
0 650 751.017 300 89
0 650 751.102 300 89
0 650 751.194 300 89
0 650 751.285 300 89
0 650 751.37 300 89
0 650 751.463 300 89
0 650 751.551 300 89
0 650 751.635 300 89
0 650 751.727 300 89
0 650 751.835 300 89
0 650 751.926 300 89
0 650 752.061 300 89
0 650 752.149 300 89
0 650 752.238 300 89
0 650 752.327 300 89
0 650 752.406 300 89
0 650 752.501 300 89
0 650 752.593 300 89
0 650 752.692 300 89
0 650 752.78 300 89
0 650 752.87 300 89
0 650 752.958 300 89
0 650 753.052 300 89
0 650 753.15 300 89
0 650 753.245 300 89
0 650 753.337 300 89
0 650 753.426 300 89
0 650 753.521 300 89
0 650 753.601 300 89
0 650 753.685 300 89
0 650 753.768 300 89
0 650 753.861 300 89
0 650 753.954 300 89
0 650 754.042 300 89
0 650 754.135 300 89
0 650 754.23 300 89
0 650 754.312 300 89
0 650 754.412 300 89
0 650 754.504 300 89
0 650 754.588 300 89
0 650 754.685 300 89
0 650 754.777 300 89
0 650 754.829 300 89
0 650 754.946 300 89
0 650 755.039 300 89
0 650 755.129 300 89
0 650 755.22 300 89
0 650 755.311 300 89
0 650 755.404 300 89
0 650 755.499 300 89
0 650 755.584 300 89
0 650 755.672 300 89
0 650 755.753 300 89
0 650 755.837 300 89
0 650 755.937 300 89
0 650 756.018 300 89
0 650 756.106 300 89
0 650 756.202 300 89
0 650 756.3 300 89
0 650 756.394 300 89
0 650 756.484 300 89
0 650 756.574 300 89
0 650 756.665 300 89
0 650 756.761 300 89
0 650 756.847 300 89
0 650 756.937 300 89
0 650 757.027 300 89
0 650 757.118 300 89
0 650 757.199 300 89
0 650 757.282 300 89
0 650 757.345 300 89
0 650 757.435 300 89
0 650 757.522 300 89
0 650 757.612 300 89
0 650 757.698 300 89
0 650 757.784 300 89
0 650 757.875 300 89
0 650 757.974 300 89
0 650 758.062 300 89
0 650 758.154 300 89
0 650 758.238 300 89
0 650 758.337 300 89
0 650 758.438 300 89
0 650 758.526 300 89
0 650 758.62 300 89
0 650 758.715 300 89
0 650 758.803 300 89
0 650 758.896 300 89
0 650 758.979 300 89
0 650 759.071 300 89
0 650 759.16 300 89
0 650 759.253 300 89
0 650 759.346 300 89
0 650 759.433 300 89
0 650 759.53 300 89
0 650 759.623 300 89
0 650 759.717 300 89
0 650 759.804 300 89
0 650 759.895 300 89
0 650 759.985 300 89
0 650 760.082 300 89
0 650 760.142 300 89
0 650 760.234 300 89
0 650 760.324 300 89
0 650 760.414 300 89
0 650 760.495 300 89
0 650 760.587 300 89
0 650 760.681 300 89
0 650 760.776 300 89
0 650 760.871 300 89
0 650 760.964 300 89
0 650 761.06 300 89
0 650 761.147 300 89
0 650 761.234 300 89
0 650 761.319 300 89
0 650 761.4 300 89
0 650 761.485 300 89
0 650 761.572 300 89
0 650 761.662 300 89
0 650 761.752 300 89
0 650 761.839 300 89
0 650 761.934 300 89
0 650 762.024 300 89
0 650 762.113 300 89
0 650 762.205 300 89
0 650 762.288 300 89
0 650 762.377 300 89
0 650 762.466 300 89
0 650 762.551 300 89
0 650 762.642 300 89
0 650 762.737 300 89
0 650 762.82 300 89
0 650 762.919 300 89
0 650 763.013 300 89
0 650 763.095 300 89
0 650 763.182 300 89
0 650 763.261 300 89
0 650 763.352 300 89
0 650 763.441 300 89
0 650 763.536 300 89
0 650 763.624 300 89
0 650 763.71 300 89
0 650 763.801 300 89
0 650 763.894 300 89
0 650 763.986 300 89
0 650 764.079 300 89
0 650 764.174 300 89
0 650 764.265 300 89
0 650 764.342 300 89
0 650 764.427 300 89
0 650 764.512 300 89
0 650 764.595 300 89
0 650 764.68 300 89
0 650 764.769 300 89
0 650 764.867 300 89
0 650 764.973 300 89
0 650 765.063 300 89
0 650 765.162 300 89
0 650 765.243 300 89
0 650 765.331 300 89
0 650 765.416 300 89
0 650 765.502 300 89
0 650 765.596 300 89
0 650 765.681 300 89
0 650 765.771 300 89
0 650 765.864 300 89
0 650 765.956 300 89
0 650 766.047 300 89
0 650 766.143 300 89
0 650 766.226 300 89
0 650 766.317 300 89
0 650 766.403 300 89
0 650 766.489 300 89
0 650 766.571 300 89
0 650 766.66 300 89
0 650 766.745 300 89
0 650 766.829 300 89
0 650 766.925 300 89
0 650 767.014 300 89
0 650 767.104 300 89
0 650 767.188 300 89
0 650 767.28 300 89
0 650 767.377 300 89
0 650 767.466 300 89
0 650 767.524 300 89
0 650 767.612 300 89
0 650 767.708 300 89
0 650 767.796 300 89
0 650 767.893 300 89
0 650 767.98 300 89
0 650 768.075 300 89
0 650 768.211 300 89
0 650 768.296 300 89
0 650 768.354 300 89
0 650 768.416 300 89
0 650 768.477 300 89
0 650 768.538 300 89
0 650 768.598 300 89
0 650 768.676 300 89
0 650 768.764 300 89
0 650 768.847 300 89
0 650 768.942 300 89
0 650 769.034 300 89
0 650 769.127 300 89
0 650 769.223 300 89
0 650 769.321 300 89
0 650 769.411 300 89
0 650 769.492 300 89
0 650 769.581 300 89
0 650 769.671 300 89
0 650 769.757 300 89
0 650 769.84 300 89
0 650 769.925 300 89
0 650 770.014 300 89
0 650 770.107 300 89
0 650 770.2 300 89
0 650 770.287 300 89
0 650 770.367 300 89
0 650 770.452 300 89
0 650 770.576 300 89
0 650 770.667 300 89
0 650 770.757 300 89
0 650 770.853 300 89
0 650 770.951 300 89
0 650 771.046 300 89
0 650 771.146 300 89
0 650 771.237 300 89
0 650 771.327 300 89
0 650 771.423 300 89
0 650 771.571 300 89
0 650 771.661 300 89
0 650 771.76 300 89
0 650 771.852 300 89
0 650 771.927 300 89
0 650 771.987 300 89
0 650 772.045 300 89
0 650 772.134 300 89
0 650 772.197 300 89
0 650 772.295 300 89
0 650 772.386 300 89
0 650 772.473 300 89
0 650 772.548 300 89
0 650 772.644 300 89
0 650 772.735 300 89
0 650 772.825 300 89
0 650 772.914 300 89
0 650 773.006 300 89
0 650 773.097 300 89
0 650 773.188 300 89
0 650 773.279 300 89
0 650 773.375 300 89
0 650 773.475 300 89
0 650 773.572 300 89
0 650 773.659 300 89
0 650 773.751 300 89
0 650 773.841 300 89
0 650 773.939 300 89
0 650 774.036 300 89
0 650 774.13 300 89
0 650 774.22 300 89
0 650 774.313 300 89
0 650 774.403 300 89
0 650 774.493 300 89
0 650 774.582 300 89
0 650 774.673 300 89
0 650 774.76 300 89
0 650 774.845 300 89
0 650 774.939 300 89
0 650 775.024 300 89
0 650 775.112 300 89
0 650 775.204 300 89
0 650 775.303 300 89
0 650 775.393 300 89
0 650 775.486 300 89
0 650 775.576 300 89
0 650 775.662 300 89
0 650 775.749 300 89
0 650 775.838 300 89
0 650 775.938 300 89
0 650 776.032 300 89
0 650 776.122 300 89
0 650 776.213 300 89
0 650 776.31 300 89
0 650 776.393 300 89
0 650 776.48 300 89
0 650 776.575 300 89
0 650 776.685 300 89
0 650 776.78 300 89
0 650 776.876 300 89
0 650 776.969 300 89
0 650 777.063 300 89
0 650 777.167 300 89
0 650 777.26 300 89
0 650 777.345 300 89
0 650 777.433 300 89
0 650 777.521 300 89
0 650 777.618 300 89
0 650 777.708 300 89
0 650 777.877 300 89
0 650 777.962 300 89
0 650 778.069 300 89
0 650 778.167 300 89
0 650 778.247 300 89
0 650 778.341 300 89
0 650 778.432 300 89
0 650 778.529 300 89
0 650 778.615 300 89
0 650 778.71 300 89
0 650 778.798 300 89
0 650 778.886 300 89
0 650 778.973 300 89
0 650 779.069 300 89
0 650 779.145 300 89
0 650 779.262 300 89
0 650 779.353 300 89
0 650 779.451 300 89
0 650 779.54 300 89
0 650 779.654 300 89
0 650 779.754 300 89
0 650 779.846 300 89
0 650 779.936 300 89
0 650 780.026 300 89
0 650 780.112 300 89
0 650 780.199 300 89
0 650 780.296 300 89
0 650 780.389 300 89
0 650 780.487 300 89
0 650 780.571 300 89
0 650 780.655 300 89
0 650 780.746 300 89
0 650 780.841 300 89
0 650 780.922 300 89
0 650 781.004 300 89
0 650 781.093 300 89
0 650 781.173 300 89
0 650 781.263 300 89
0 650 781.354 300 89
0 650 781.442 300 89
0 650 781.53 300 89
0 650 781.625 300 89
0 650 781.72 300 89
0 650 781.814 300 89
0 650 781.908 300 89
0 650 781.993 300 89
0 650 782.082 300 89
0 650 782.169 300 89
0 650 782.243 300 89
0 650 782.327 300 89
0 650 782.414 300 89
0 650 782.51 300 89
0 650 782.603 300 89
0 650 782.7 300 89
0 650 782.775 300 89
0 650 782.863 300 89
0 650 782.95 300 89
0 650 783.04 300 89
0 650 783.129 300 89
0 650 783.224 300 89
0 650 783.318 300 89
0 650 783.408 300 89
0 650 783.507 300 89
0 650 783.598 300 89
0 650 783.69 300 89
0 650 783.783 300 89
0 650 783.877 300 89
0 650 783.972 300 89
0 650 784.062 300 89
0 650 784.143 300 89
0 650 784.239 300 89
0 650 784.326 300 89
0 650 784.412 300 89
0 650 784.498 300 89
0 650 784.581 300 89
0 650 784.664 300 89
0 650 784.746 300 89
0 650 784.837 300 89
0 650 784.916 300 89
0 650 785.004 300 89
0 650 785.093 300 89
0 650 785.189 300 89
0 650 785.278 300 89
0 650 785.372 300 89
0 650 785.46 300 89
0 650 785.546 300 89
0 650 785.639 300 89
0 650 785.728 300 89
0 650 785.818 300 89
0 650 785.906 300 89
0 650 785.999 300 89
0 650 786.09 300 89
0 650 786.175 300 89
0 650 786.269 300 89
0 650 786.361 300 89
0 650 786.452 300 89
0 650 786.545 300 89
0 650 786.629 300 89
0 650 786.718 300 89
0 650 786.807 300 89
0 650 786.895 300 89
0 650 786.975 300 89
0 650 787.061 300 89
0 650 787.157 300 89
0 650 787.254 300 89
0 650 787.346 300 89
0 650 787.436 300 89
0 650 787.53 300 89
0 650 787.624 300 89
0 650 787.719 300 89
0 650 787.811 300 89
0 650 787.898 300 89
0 650 787.994 300 89
0 650 788.086 300 89
0 650 788.177 300 89
0 650 788.269 300 89
0 650 788.367 300 89
0 650 788.467 300 89
0 650 788.558 300 89
0 650 788.651 300 89
0 650 788.732 300 89
0 650 788.821 300 89
0 650 788.912 300 89
0 650 789.004 300 89
0 650 789.091 300 89
0 650 789.164 300 89
0 650 789.253 300 89
0 650 789.345 300 89
0 650 789.427 300 89
0 650 789.509 300 89
0 650 789.597 300 89
0 650 789.674 300 89
0 650 789.764 300 89
0 650 789.855 300 89
0 650 789.944 300 89
0 650 790.037 300 89
0 650 790.134 300 89
0 650 790.225 300 89
0 650 790.31 300 89
0 650 790.41 300 89
0 650 790.503 300 89
0 650 790.595 300 89
0 650 790.694 300 89
0 650 790.785 300 89
0 650 790.877 300 89
0 650 790.964 300 89
0 650 791.045 300 89
0 650 791.144 300 89
0 650 791.231 300 89
0 650 791.323 300 89
0 650 791.411 300 89
0 650 791.499 300 89
0 650 791.59 300 89
0 650 791.688 300 89
0 650 791.783 300 89
0 650 791.866 300 89
0 650 791.956 300 89
0 650 792.045 300 89
0 650 792.137 300 89
0 650 792.228 300 89
0 650 792.321 300 89
0 650 792.414 300 89
0 650 792.502 300 89
0 650 792.59 300 89
0 650 792.684 300 89
0 650 792.771 300 89
0 650 792.857 300 89
0 650 792.94 300 89
0 650 793.03 300 89
0 650 793.113 300 89
0 650 793.197 300 89
0 650 793.289 300 89
0 650 793.386 300 89
0 650 793.481 300 89
0 650 793.567 300 89
0 650 793.656 300 89
0 650 793.748 300 89
0 650 793.848 300 89
0 650 793.949 300 89
0 650 794.049 300 89
0 650 794.144 300 89
0 650 794.234 300 89
0 650 794.334 300 89
0 650 794.435 300 89
0 650 794.53 300 89
0 650 794.621 300 89
0 650 794.711 300 89
0 650 794.821 300 89
0 650 794.941 300 89
0 650 795.036 300 89
0 650 795.118 300 89
0 650 795.201 300 89
0 650 795.294 300 89
0 650 795.385 300 89
0 650 795.482 300 89
0 650 795.572 300 89
0 650 795.648 300 89
0 650 795.74 300 89
0 650 795.823 300 89
0 650 795.905 300 89
0 650 795.988 300 89
0 650 796.07 300 89
0 650 796.148 300 89
0 650 796.231 300 89
0 650 796.314 300 89
0 650 796.403 300 89
0 650 796.492 300 89
0 650 796.585 300 89
0 650 796.684 300 89
0 650 796.781 300 89
0 650 796.841 300 89
0 650 796.942 300 89
0 650 797.041 300 89
0 650 797.149 300 89
0 650 797.264 300 89
0 650 797.349 300 89
0 650 797.428 300 89
0 650 797.516 300 89
0 650 797.61 300 89
0 650 797.696 300 89
0 650 797.822 300 89
0 650 797.91 300 89
0 650 797.997 300 89
0 650 798.087 300 89
0 650 798.172 300 89
0 650 798.266 300 89
0 650 798.363 300 89
0 650 798.458 300 89
0 650 798.54 300 89
0 650 798.625 300 89
0 650 798.711 300 89
0 650 798.801 300 89
0 650 798.896 300 89
0 650 798.986 300 89
0 650 799.085 300 89
0 650 799.187 300 89
0 650 799.292 300 89
0 650 799.382 300 89
0 650 799.47 300 89
0 650 799.579 300 89
0 650 799.668 300 89
0 650 799.744 300 89
0 650 799.806 300 89
0 650 799.872 300 89
0 650 799.937 300 89
0 650 799.988 300 89
