0 773.2 0.01534 300 0
0 666.8 0.01878 1
0 666.8 0.072792 300 88
0 666.8 0.129489 300 88
0 666.8 0.182327 300 88
0 661.2 0.187567 88
0 661.2 0.245084 300 88
0 661.2 0.300992 300 88
0 655.6 0.329762 88
0 655.6 0.376546 300 88
0 655.6 0.427167 300 88
0 655.6 0.479616 300 88
0 655.6 0.533824 300 88
0 655.6 0.587838 300 88
0 655.6 0.640372 300 88
0 655.6 0.698342 300 88
0 655.6 0.750515 300 88
0 655.6 0.803173 300 88
0 655.6 0.854975 300 88
0 655.6 0.908673 300 88
0 655.6 0.967483 300 88
0 655.6 1.01665 300 88
0 655.6 1.06762 300 88
0 655.6 1.11558 300 88
0 655.6 1.17335 300 88
0 655.6 1.2245 300 88
0 655.6 1.27524 300 89
0 655.6 1.32999 300 89
0 655.6 1.3846 300 89
0 655.6 1.43579 300 89
0 655.6 1.48628 300 89
0 655.6 1.54572 300 89
0 655.6 1.60467 300 89
0 655.6 1.65742 300 89
0 655.6 1.71418 300 89
0 655.6 1.76354 300 89
0 655.6 1.81952 300 89
0 655.6 1.87282 300 89
0 655.6 1.92465 300 89
0 655.6 1.98069 300 89
0 655.6 2.04124 300 89
0 655.6 2.09419 300 89
0 655.6 2.14764 300 89
0 655.6 2.19985 300 89
0 655.6 2.25541 300 89
0 655.6 2.31079 300 89
0 655.6 2.34519 300 89
0 655.6 2.4107 300 89
0 655.6 2.46947 300 89
0 655.6 2.53201 300 89
0 655.6 2.59278 300 89
0 655.6 2.65025 300 89
0 655.6 2.70834 300 89
0 655.6 2.7737 300 89
0 655.6 2.83079 300 89
0 655.6 2.88708 300 89
0 655.6 2.94419 300 89
0 655.6 2.98158 300 89
0 655.6 3.03822 300 89
0 655.6 3.09214 300 89
0 655.6 3.14864 300 89
0 655.6 3.2054 300 89
0 655.6 3.25924 300 89
0 655.6 3.32021 300 89
0 655.6 3.37231 300 89
0 655.6 3.43072 300 89
0 655.6 3.49074 300 89
0 655.6 3.54712 300 89
0 655.6 3.61017 300 89
0 655.6 3.66509 300 89
0 655.6 3.72353 300 89
0 655.6 3.77625 300 89
0 655.6 3.83434 300 89
0 655.6 3.89275 300 89
0 655.6 3.95391 300 89
0 655.6 4.01194 300 89
0 655.6 4.06816 300 89
0 655.6 4.12708 300 89
0 655.6 4.18492 300 89
0 655.6 4.24236 300 89
0 655.6 4.29509 300 89
0 655.6 4.35488 300 89
0 655.6 4.4122 300 89
0 655.6 4.47672 300 89
0 655.6 4.53306 300 89
0 655.6 4.59266 300 89
0 655.6 4.64586 300 89
0 655.6 4.7075 300 89
0 655.6 4.7712 300 89
0 655.6 4.82474 300 89
0 655.6 4.88027 300 89
0 655.6 4.94055 300 89
0 655.6 5.00257 300 89
0 655.6 5.05734 300 89
0 655.6 5.11519 300 89
0 655.6 5.18281 300 89
0 655.6 5.2398 300 89
0 655.6 5.29422 300 89
0 655.6 5.3513 300 89
0 655.6 5.40905 300 89
0 655.6 5.47531 300 89
0 655.6 5.53732 300 89
0 655.6 5.5929 300 89
0 655.6 5.64903 300 89
0 655.6 5.70739 300 89
0 655.6 5.76273 300 89
0 655.6 5.8207 300 89
0 655.6 5.87634 300 89
0 655.6 5.93353 300 89
0 655.6 5.99852 300 89
0 655.6 6.04784 300 89
0 655.6 6.10623 300 89
0 655.6 6.16369 300 89
0 655.6 6.22257 300 89
0 655.6 6.26529 300 89
0 655.6 6.3223 300 89
0 655.6 6.38017 300 89
0 655.6 6.44287 300 89
0 655.6 6.50996 300 89
0 655.6 6.57223 300 89
0 655.6 6.63156 300 89
0 655.6 6.69211 300 89
0 655.6 6.75388 300 89
0 655.6 6.81672 300 89
0 655.6 6.87298 300 89
0 655.6 6.93264 300 89
0 655.6 6.99381 300 89
0 655.6 7.05883 300 89
0 655.6 7.09943 300 89
0 655.6 7.16243 300 89
0 655.6 7.22476 300 89
0 655.6 7.28554 300 89
0 655.6 7.34874 300 89
0 655.6 7.40882 300 89
0 655.6 7.49948 300 89
0 655.6 7.57928 300 89
0 655.6 7.64787 300 89
0 655.6 7.71021 300 89
0 655.6 7.76779 300 89
0 655.6 7.82975 300 89
0 655.6 7.89254 300 89
0 655.6 7.95749 300 89
0 655.6 8.02464 300 89
0 655.6 8.08274 300 89
0 655.6 8.14284 300 89
0 655.6 8.20429 300 89
0 655.6 8.26586 300 89
0 655.6 8.3305 300 89
0 655.6 8.3906 300 89
0 655.6 8.45124 300 89
0 655.6 8.51433 300 89
0 655.6 8.57617 300 89
0 655.6 8.63974 300 89
0 655.6 8.69819 300 89
0 655.6 8.76364 300 89
0 655.6 8.82336 300 89
0 655.6 8.8849 300 89
0 655.6 8.97633 300 89
0 655.6 9.07465 300 89
0 655.6 9.16599 300 89
0 655.6 9.25185 300 89
0 655.6 9.34118 300 89
0 655.6 9.43563 300 89
0 655.6 9.52083 300 89
0 655.6 9.61106 300 89
0 655.6 9.70744 300 89
0 655.6 9.80143 300 89
0 655.6 9.89443 300 89
0 655.6 9.98541 300 89
0 655.6 10.0868 300 89
0 655.6 10.1806 300 89
0 655.6 10.2805 300 89
0 655.6 10.3721 300 89
0 655.6 10.4624 300 89
0 655.6 10.5512 300 89
0 655.6 10.6385 300 89
0 655.6 10.7397 300 89
0 655.6 10.8464 300 89
0 655.6 10.9437 300 89
0 655.6 11.0517 300 89
0 655.6 11.1623 300 89
0 655.6 11.2615 300 89
0 655.6 11.356 300 89
0 655.6 11.4588 300 89
0 655.6 11.5597 300 89
0 655.6 11.6661 300 89
0 655.6 11.7615 300 89
0 655.6 11.8648 300 89
0 655.6 11.9707 300 89
0 655.6 12.0699 300 89
0 655.6 12.1697 300 89
0 655.6 12.3106 300 89
0 655.6 12.4224 300 89
0 655.6 12.5272 300 89
0 655.6 12.6167 300 89
0 655.6 12.7184 300 89
0 655.6 12.8225 300 89
0 655.6 12.9179 300 89
0 655.6 13.0188 300 89
0 655.6 13.1098 300 89
0 655.6 13.2061 300 89
0 655.6 13.3036 300 89
0 655.6 13.4029 300 89
0 655.6 13.5091 300 89
0 655.6 13.6115 300 89
0 655.6 13.7112 300 89
0 655.6 13.8253 300 89
0 655.6 13.9439 300 89
0 655.6 14.0512 300 89
0 655.6 14.1598 300 89
0 655.6 14.267 300 89
0 655.6 14.389 300 89
0 655.6 14.4978 300 89
0 655.6 14.6088 300 89
0 655.6 14.7096 300 89
0 655.6 14.8376 300 89
0 655.6 14.9543 300 89
0 655.6 15.0684 300 89
0 655.6 15.186 300 89
0 655.6 15.299 300 89
0 655.6 15.4112 300 89
0 655.6 15.5191 300 89
0 655.6 15.6378 300 89
0 655.6 15.7532 300 89
0 655.6 15.8707 300 89
0 655.6 15.9903 300 89
0 655.6 16.1097 300 89
0 655.6 16.2287 300 89
0 655.6 16.3495 300 89
0 655.6 16.4683 300 89
0 655.6 16.5835 300 89
0 655.6 16.686 300 89
0 655.6 16.7991 300 89
0 655.6 16.9191 300 89
0 655.6 17.0329 300 89
0 655.6 17.134 300 89
0 655.6 17.2378 300 89
0 655.6 17.3445 300 89
0 655.6 17.4479 300 89
0 655.6 17.5554 300 89
0 655.6 17.6634 300 89
0 655.6 17.7709 300 89
0 655.6 17.875 300 89
0 655.6 17.9686 300 89
0 655.6 18.075 300 89
0 655.6 18.1814 300 89
0 655.6 18.2866 300 89
0 655.6 18.3899 300 89
0 655.6 18.4858 300 89
0 655.6 18.588 300 89
0 655.6 18.6919 300 89
0 655.6 18.8007 300 89
0 655.6 18.9003 300 89
0 655.6 19.0176 300 89
0 655.6 19.1218 300 89
0 655.6 19.2335 300 89
0 655.6 19.3395 300 89
0 655.6 19.4489 300 89
0 655.6 19.5493 300 89
0 655.6 19.6652 300 89
0 655.6 19.7553 300 89
0 655.6 19.8525 300 89
0 655.6 19.9557 300 89
0 655.6 20.0674 300 89
0 655.6 20.1759 300 89
0 655.6 20.2757 300 89
0 655.6 20.3836 300 89
0 655.6 20.4888 300 89
0 655.6 20.5985 300 89
0 655.6 20.7158 300 89
0 655.6 20.8152 300 89
0 655.6 20.9222 300 89
0 655.6 21.0299 300 89
0 655.6 21.1259 300 89
0 655.6 21.233 300 89
0 655.6 21.3331 300 89
0 655.6 21.4353 300 89
0 655.6 21.5351 300 89
0 655.6 21.6298 300 89
0 655.6 21.7413 300 89
0 655.6 21.8449 300 89
0 655.6 21.9523 300 89
0 655.6 22.0455 300 89
0 655.6 22.1509 300 89
0 655.6 22.2508 300 89
0 655.6 22.3536 300 89
0 655.6 22.4588 300 89
0 655.6 22.5586 300 89
0 655.6 22.6566 300 89
0 655.6 22.7591 300 89
0 655.6 22.8593 300 89
0 655.6 22.9683 300 89
0 655.6 23.0693 300 89
0 655.6 23.167 300 89
0 655.6 23.2642 300 89
0 655.6 23.3668 300 89
0 655.6 23.4639 300 89
0 655.6 23.5648 300 89
0 655.6 23.6745 300 89
0 655.6 23.7651 300 89
0 655.6 23.8719 300 89
0 655.6 23.9732 300 89
0 655.6 24.0815 300 89
0 655.6 24.1754 300 89
0 655.6 24.2818 300 89
0 655.6 24.3864 300 89
0 655.6 24.4968 300 89
0 655.6 24.5966 300 89
0 655.6 24.6991 300 89
0 655.6 24.7998 300 89
0 655.6 24.898 300 89
0 655.6 24.9914 300 89
0 655.6 25.0957 300 89
0 655.6 25.2017 300 89
0 655.6 25.2987 300 89
0 655.6 25.4003 300 89
0 655.6 25.5018 300 89
0 655.6 25.6103 300 89
0 655.6 25.7105 300 89
0 655.6 25.8091 300 89
0 655.6 25.8843 300 89
0 655.6 25.9516 300 89
0 655.6 26.0254 300 89
0 655.6 26.0952 300 89
0 655.6 26.1642 300 89
0 655.6 26.2297 300 89
0 655.6 26.3017 300 89
0 655.6 26.4252 300 89
0 655.6 26.5567 300 89
0 655.6 26.6854 300 89
0 655.6 26.8252 300 89
0 655.6 26.9519 300 89
0 655.6 27.1169 300 89
0 655.6 27.2443 300 89
0 655.6 27.3675 300 89
0 655.6 27.4907 300 89
0 655.6 27.6151 300 89
0 655.6 27.702 300 89
0 655.6 27.7702 300 89
0 655.6 27.8404 300 89
0 655.6 27.9177 300 89
0 655.6 27.989 300 89
0 655.6 28.0599 300 89
0 655.6 28.1334 300 89
0 655.6 28.1966 300 89
0 655.6 28.2648 300 89
0 655.6 28.3337 300 89
0 655.6 28.408 300 89
0 655.6 28.5062 300 89
0 655.6 28.616 300 89
0 655.6 28.714 300 89
0 655.6 28.8197 300 89
0 655.6 28.9209 300 89
0 655.6 29.0244 300 89
0 655.6 29.1201 300 89
0 655.6 29.2261 300 89
0 655.6 29.3316 300 89
0 655.6 29.4365 300 89
0 655.6 29.5356 300 89
0 655.6 29.6335 300 89
0 655.6 29.7301 300 89
0 655.6 29.8223 300 89
0 655.6 29.9338 300 89
0 655.6 30.0365 300 89
0 655.6 30.1429 300 89
0 655.6 30.24 300 89
0 655.6 30.3434 300 89
0 655.6 30.4253 300 89
0 655.6 30.5288 300 89
0 655.6 30.6291 300 89
0 655.6 30.7333 300 89
0 655.6 30.8391 300 89
0 655.6 30.946 300 89
0 655.6 31.0415 300 89
0 655.6 31.1482 300 89
0 655.6 31.2468 300 89
0 655.6 31.3489 300 89
0 655.6 31.446 300 89
0 655.6 31.5583 300 89
0 655.6 31.6583 300 89
0 655.6 31.7635 300 89
0 655.6 31.8689 300 89
0 655.6 31.9689 300 89
0 655.6 32.0655 300 89
0 655.6 32.161 300 89
0 655.6 32.2644 300 89
0 655.6 32.3577 300 89
0 655.6 32.4535 300 89
0 655.6 32.5547 300 89
0 655.6 32.6521 300 89
0 655.6 32.7489 300 89
0 655.6 32.8508 300 89
0 655.6 32.9442 300 89
0 655.6 33.0356 300 89
0 655.6 33.1294 300 89
0 655.6 33.2236 300 89
0 655.6 33.3204 300 89
0 655.6 33.4122 300 89
0 655.6 33.4927 300 89
0 655.6 33.5872 300 89
0 655.6 33.6787 300 89
0 655.6 33.7766 300 89
0 655.6 33.8761 300 89
0 655.6 33.9641 300 89
0 655.6 34.0623 300 89
0 655.6 34.1631 300 89
0 655.6 34.2612 300 89
0 655.6 34.3588 300 89
0 655.6 34.4526 300 89
0 655.6 34.5457 300 89
0 655.6 34.6323 300 89
0 655.6 34.7216 300 89
0 655.6 34.8142 300 89
0 655.6 34.921 300 89
0 655.6 35.0141 300 89
0 655.6 35.1118 300 89
0 655.6 35.208 300 89
0 655.6 35.3052 300 89
0 655.6 35.4023 300 89
0 655.6 35.487 300 89
0 655.6 35.5842 300 89
0 650 35.5919 89
0 650 35.6838 300 89
0 650 35.778 300 89
0 650 35.8787 300 89
0 650 35.9778 300 89
0 650 36.0769 300 89
0 650 36.174 300 89
0 650 36.269 300 89
0 650 36.3741 300 89
0 650 36.4647 300 89
0 650 36.5646 300 89
0 650 36.6554 300 89
0 650 36.749 300 89
0 650 36.8451 300 89
0 650 36.946 300 89
0 650 37.0451 300 89
0 650 37.146 300 89
0 650 37.2443 300 89
0 650 37.3392 300 89
0 650 37.4355 300 89
0 650 37.5273 300 89
0 650 37.6583 300 89
0 650 37.7524 300 89
0 650 37.8531 300 89
0 650 37.9482 300 89
0 650 38.0381 300 89
0 650 38.1339 300 89
0 650 38.2396 300 89
0 650 38.3248 300 89
0 650 38.4164 300 89
0 650 38.5192 300 89
0 650 38.6183 300 89
0 650 38.716 300 89
0 650 38.8139 300 89
0 650 38.9113 300 89
0 650 39.0357 300 89
0 650 39.1399 300 89
0 650 39.2503 300 89
0 650 39.3569 300 89
0 650 39.4495 300 89
0 650 39.5508 300 89
0 650 39.6527 300 89
0 650 39.7528 300 89
0 650 39.8499 300 89
0 650 39.9474 300 89
0 650 40.0449 300 89
0 650 40.1392 300 89
0 650 40.2358 300 89
0 650 40.3289 300 89
0 650 40.4228 300 89
0 650 40.5128 300 89
0 650 40.6023 300 89
0 650 40.6971 300 89
0 650 40.7984 300 89
0 650 40.8984 300 89
0 650 40.987 300 89
0 650 41.0852 300 89
0 650 41.1793 300 89
0 650 41.2671 300 89
0 650 41.363 300 89
0 650 41.4599 300 89
0 650 41.5532 300 89
0 650 41.6465 300 89
0 650 41.7412 300 89
0 650 41.8339 300 89
0 650 41.9297 300 89
0 650 42.0255 300 89
0 650 42.119 300 89
0 650 42.2145 300 89
0 650 42.3152 300 89
0 650 42.4005 300 89
0 650 42.5031 300 89
0 650 42.5967 300 89
0 650 42.6865 300 89
0 650 42.7852 300 89
0 650 42.8766 300 89
0 650 42.9735 300 89
0 650 43.0609 300 89
0 650 43.1523 300 89
0 650 43.2441 300 89
0 650 43.3335 300 89
0 650 43.4277 300 89
0 650 43.5237 300 89
0 650 43.6082 300 89
0 650 43.7184 300 89
0 650 43.8115 300 89
0 650 43.9006 300 89
0 650 43.993 300 89
0 650 44.0801 300 89
0 650 44.1751 300 89
0 650 44.2678 300 89
0 650 44.3638 300 89
0 650 44.4584 300 89
0 650 44.5457 300 89
0 650 44.6384 300 89
0 650 44.7266 300 89
0 650 44.8176 300 89
0 650 44.9046 300 89
0 650 44.9984 300 89
0 650 45.0877 300 89
0 650 45.1772 300 89
0 650 45.2682 300 89
0 650 45.361 300 89
0 650 45.4551 300 89
0 650 45.5535 300 89
0 650 45.6416 300 89
0 650 45.739 300 89
0 650 45.8282 300 89
0 650 45.9227 300 89
0 650 46.0086 300 89
0 650 46.0968 300 89
0 650 46.1806 300 89
0 650 46.2733 300 89
0 650 46.3668 300 89
0 650 46.455 300 89
0 650 46.5418 300 89
0 650 46.6222 300 89
0 650 46.708 300 89
0 650 46.8008 300 89
0 650 46.8964 300 89
0 650 46.9811 300 89
0 650 47.0688 300 89
0 650 47.1554 300 89
0 650 47.245 300 89
0 650 47.3346 300 89
0 650 47.436 300 89
0 650 47.5237 300 89
0 650 47.614 300 89
0 650 47.704 300 89
0 650 47.794 300 89
0 650 47.8831 300 89
0 650 47.9714 300 89
0 650 48.0597 300 89
0 650 48.1493 300 89
0 650 48.2353 300 89
0 650 48.3266 300 89
0 650 48.419 300 89
0 650 48.5117 300 89
0 650 48.6004 300 89
0 650 48.6939 300 89
0 650 48.7776 300 89
0 650 48.8787 300 89
0 650 48.9624 300 89
0 650 49.0621 300 89
0 650 49.1603 300 89
0 650 49.2487 300 89
0 650 49.3416 300 89
0 650 49.4339 300 89
0 650 49.5661 300 89
0 650 49.6591 300 89
0 650 49.7514 300 89
0 650 49.8363 300 89
0 650 49.932 300 89
0 650 50.0177 300 89
0 650 50.1061 300 89
0 650 50.1952 300 89
0 650 50.2789 300 89
0 650 50.3613 300 89
0 650 50.4551 300 89
0 650 50.5415 300 89
0 650 50.6358 300 89
0 650 50.7306 300 89
0 650 50.8203 300 89
0 650 50.879 300 89
0 650 50.9671 300 89
0 650 51.0552 300 89
0 650 51.1462 300 89
0 650 51.2152 300 89
0 650 51.2737 300 89
0 650 51.336 300 89
0 650 51.3972 300 89
0 650 51.4511 300 89
0 650 51.5154 300 89
0 650 51.5968 300 89
0 650 51.656 300 89
0 650 51.7177 300 89
0 650 51.7915 300 89
0 650 51.871 300 89
0 650 51.9454 300 89
0 650 52.0385 300 89
0 650 52.1269 300 89
0 650 52.2084 300 89
0 650 52.2948 300 89
0 650 52.3759 300 89
0 650 52.4566 300 89
0 650 52.5485 300 89
0 650 52.6417 300 89
0 650 52.7247 300 89
0 650 52.8178 300 89
0 650 52.9039 300 89
0 650 52.9848 300 89
0 650 53.0679 300 89
0 650 53.1591 300 89
0 650 53.2406 300 89
0 650 53.328 300 89
0 650 53.4107 300 89
0 650 53.4942 300 89
0 650 53.5853 300 89
0 650 53.6744 300 89
0 650 53.7646 300 89
0 650 53.8568 300 89
0 650 53.9463 300 89
0 650 54.0406 300 89
0 650 54.1331 300 89
0 650 54.2181 300 89
0 650 54.3096 300 89
0 650 54.3897 300 89
0 650 54.4646 300 89
0 650 54.5606 300 89
0 650 54.6513 300 89
0 650 54.8021 300 89
0 650 54.9052 300 89
0 650 54.9949 300 89
0 650 55.09 300 89
0 650 55.1721 300 89
0 650 55.2606 300 89
0 650 55.3557 300 89
0 650 55.4451 300 89
0 650 55.5363 300 89
0 650 55.6231 300 89
0 650 55.7121 300 89
0 650 55.8023 300 89
0 650 55.8892 300 89
0 650 55.9738 300 89
0 650 56.0661 300 89
0 650 56.1524 300 89
0 650 56.239 300 89
0 650 56.3225 300 89
0 650 56.416 300 89
0 650 56.5157 300 89
0 650 56.603 300 89
0 650 56.6971 300 89
0 650 56.7919 300 89
0 650 56.8767 300 89
0 650 56.9672 300 89
0 650 57.0609 300 89
0 650 57.1615 300 89
0 650 57.2561 300 89
0 650 57.3586 300 89
0 650 57.4546 300 89
0 650 57.5462 300 89
0 650 57.6338 300 89
0 650 57.7369 300 89
0 650 57.8273 300 89
0 650 57.9182 300 89
0 650 58.006 300 89
0 650 58.098 300 89
0 650 58.2426 300 89
0 650 58.3319 300 89
0 650 58.4225 300 89
0 650 58.5091 300 89
0 650 58.591 300 89
0 650 58.6763 300 89
0 650 58.7638 300 89
0 650 58.8432 300 89
0 650 58.9189 300 89
0 650 59.0067 300 89
0 650 59.0967 300 89
0 650 59.1832 300 89
0 650 59.2787 300 89
0 650 59.3768 300 89
0 650 59.4717 300 89
0 650 59.5686 300 89
0 650 59.6651 300 89
0 650 59.7487 300 89
0 650 59.8425 300 89
0 650 59.9315 300 89
0 650 60.0225 300 89
0 650 60.1102 300 89
0 650 60.1945 300 89
0 650 60.2837 300 89
0 650 60.3762 300 89
0 650 60.4603 300 89
0 650 60.553 300 89
0 650 60.6332 300 89
0 650 60.7259 300 89
0 650 60.8117 300 89
0 650 60.8957 300 89
0 650 60.9853 300 89
0 650 61.071 300 89
0 650 61.1611 300 89
0 650 61.2496 300 89
0 650 61.3401 300 89
0 650 61.4266 300 89
0 650 61.516 300 89
0 650 61.5987 300 89
0 650 61.6876 300 89
0 650 61.7725 300 89
0 650 61.8627 300 89
0 650 61.9503 300 89
0 650 62.0375 300 89
0 650 62.1254 300 89
0 650 62.2115 300 89
0 650 62.2962 300 89
0 650 62.3834 300 89
0 650 62.4687 300 89
0 650 62.5572 300 89
0 650 62.6473 300 89
0 650 62.7401 300 89
0 650 62.833 300 89
0 650 62.9257 300 89
0 650 63.0135 300 89
0 650 63.1064 300 89
0 650 63.1888 300 89
0 650 63.2802 300 89
0 650 63.3741 300 89
0 650 63.4626 300 89
0 650 63.5443 300 89
0 650 63.6304 300 89
0 650 63.7329 300 89
0 650 63.8177 300 89
0 650 63.9121 300 89
0 650 64.0003 300 89
0 650 64.0895 300 89
0 650 64.1871 300 89
0 650 64.2737 300 89
0 650 64.3638 300 89
0 650 64.4534 300 89
0 650 64.54 300 89
0 650 64.622 300 89
0 650 64.7162 300 89
0 650 64.8041 300 89
0 650 64.8974 300 89
0 650 64.9848 300 89
0 650 65.0707 300 89
0 650 65.1595 300 89
0 650 65.2529 300 89
0 650 65.3441 300 89
0 650 65.4368 300 89
0 650 65.5236 300 89
0 650 65.6146 300 89
0 650 65.6964 300 89
0 650 65.7847 300 89
0 650 65.8753 300 89
0 650 65.963 300 89
0 650 66.0552 300 89
0 650 66.1436 300 89
0 650 66.2366 300 89
0 650 66.3201 300 89
0 650 66.4026 300 89
0 650 66.4917 300 89
0 650 66.5824 300 89
0 650 66.6644 300 89
0 650 66.7497 300 89
0 650 66.8346 300 89
0 650 66.9253 300 89
0 650 67.0065 300 89
0 650 67.0942 300 89
0 650 67.1826 300 89
0 650 67.275 300 89
0 650 67.372 300 89
0 650 67.4656 300 89
0 650 67.5496 300 89
0 650 67.639 300 89
0 650 67.7217 300 89
0 650 67.8129 300 89
0 650 67.8994 300 89
0 650 67.9862 300 89
0 650 68.0771 300 89
0 650 68.1646 300 89
0 650 68.2596 300 89
0 650 68.3526 300 89
0 650 68.4398 300 89
0 650 68.5212 300 89
0 650 68.6247 300 89
0 650 68.7086 300 89
0 650 68.8003 300 89
0 650 68.8882 300 89
0 650 68.9753 300 89
0 650 69.0645 300 89
0 650 69.1431 300 89
0 650 69.2451 300 89
0 650 69.3249 300 89
0 650 69.4134 300 89
0 650 69.5017 300 89
0 650 69.5949 300 89
0 650 69.6779 300 89
0 650 69.7773 300 89
0 650 69.8615 300 89
0 650 69.9422 300 89
0 650 70.0312 300 89
0 650 70.1188 300 89
0 650 70.1977 300 89
0 650 70.2879 300 89
0 650 70.3764 300 89
0 650 70.4642 300 89
0 650 70.5514 300 89
0 650 70.6384 300 89
0 650 70.7207 300 89
0 650 70.8114 300 89
0 650 70.9048 300 89
0 650 70.9992 300 89
0 650 71.0844 300 89
0 650 71.1777 300 89
0 650 71.2591 300 89
0 650 71.3558 300 89
0 650 71.4407 300 89
0 650 71.5342 300 89
0 650 71.6106 300 89
0 650 71.7059 300 89
0 650 71.7971 300 89
0 650 71.8884 300 89
0 650 71.9808 300 89
0 650 72.0685 300 89
0 650 72.1635 300 89
0 650 72.2539 300 89
0 650 72.344 300 89
0 650 72.4305 300 89
0 650 72.5233 300 89
0 650 72.6125 300 89
0 650 72.6992 300 89
0 650 72.7854 300 89
0 650 72.8789 300 89
0 650 72.9699 300 89
0 650 73.0631 300 89
0 650 73.1495 300 89
0 650 73.2411 300 89
0 650 73.3272 300 89
0 650 73.4149 300 89
0 650 73.4961 300 89
0 650 73.5944 300 89
0 650 73.6825 300 89
0 650 73.776 300 89
0 650 73.8675 300 89
0 650 73.9557 300 89
0 650 74.0422 300 89
0 650 74.1199 300 89
0 650 74.1753 300 89
0 650 74.2643 300 89
0 650 74.3526 300 89
0 650 74.4344 300 89
0 650 74.5183 300 89
0 650 74.5966 300 89
0 650 74.6836 300 89
0 650 74.767 300 89
0 650 74.8595 300 89
0 650 74.9387 300 89
0 650 75.0282 300 89
0 650 75.1115 300 89
0 650 75.1968 300 89
0 650 75.2912 300 89
0 650 75.3771 300 89
0 650 75.4603 300 89
0 650 75.5533 300 89
0 650 75.6504 300 89
0 650 75.7535 300 89
0 650 75.8486 300 89
0 650 75.9444 300 89
0 650 76.0368 300 89
0 650 76.1248 300 89
0 650 76.2228 300 89
0 650 76.3126 300 89
0 650 76.405 300 89
0 650 76.4836 300 89
0 650 76.5688 300 89
0 650 76.6602 300 89
0 650 76.7472 300 89
0 650 76.8355 300 89
0 650 76.9251 300 89
0 650 77.0197 300 89
0 650 77.1102 300 89
0 650 77.199 300 89
0 650 77.2961 300 89
0 650 77.3889 300 89
0 650 77.479 300 89
0 650 77.5709 300 89
0 650 77.6643 300 89
0 650 77.7522 300 89
0 650 77.8334 300 89
0 650 77.926 300 89
0 650 78.02 300 89
0 650 78.1055 300 89
0 650 78.1926 300 89
0 650 78.2875 300 89
0 650 78.3808 300 89
0 650 78.4651 300 89
0 650 78.5587 300 89
0 650 78.655 300 89
0 650 78.7482 300 89
0 650 78.8226 300 89
0 650 78.9048 300 89
0 650 78.9938 300 89
0 650 79.0854 300 89
0 650 79.1836 300 89
0 650 79.2798 300 89
0 650 79.3654 300 89
0 650 79.4543 300 89
0 650 79.5345 300 89
0 650 79.635 300 89
0 650 79.7361 300 89
0 650 79.8354 300 89
0 650 79.9237 300 89
0 650 80.0173 300 89
0 650 80.1052 300 89
0 650 80.1887 300 89
0 650 80.2824 300 89
0 650 80.3659 300 89
0 650 80.4585 300 89
0 650 80.5507 300 89
0 650 80.6411 300 89
0 650 80.7355 300 89
0 650 80.8256 300 89
0 650 80.9155 300 89
0 650 81.0046 300 89
0 650 81.0869 300 89
0 650 81.1802 300 89
0 650 81.2733 300 89
0 650 81.369 300 89
0 650 81.4665 300 89
0 650 81.5555 300 89
0 650 81.6414 300 89
0 650 81.72 300 89
0 650 81.807 300 89
0 650 81.8924 300 89
0 650 81.9771 300 89
0 650 82.0641 300 89
0 650 82.1479 300 89
0 650 82.2397 300 89
0 650 82.3315 300 89
0 650 82.4183 300 89
0 650 82.5072 300 89
0 650 82.6054 300 89
0 650 82.6907 300 89
0 650 82.7818 300 89
0 650 82.8698 300 89
0 650 82.9628 300 89
0 650 83.0555 300 89
0 650 83.1472 300 89
0 650 83.2414 300 89
0 650 83.3268 300 89
0 650 83.4141 300 89
0 650 83.5035 300 89
0 650 83.5932 300 89
0 650 83.6854 300 89
0 650 83.7764 300 89
0 650 83.8615 300 89
0 650 83.949 300 89
0 650 84.0397 300 89
0 650 84.139 300 89
0 650 84.2431 300 89
0 650 84.327 300 89
0 650 84.4114 300 89
0 650 84.5067 300 89
0 650 84.5956 300 89
0 650 84.6888 300 89
0 650 84.7815 300 89
0 650 84.8718 300 89
0 650 84.9653 300 89
0 650 85.0445 300 89
0 650 85.1303 300 89
0 650 85.213 300 89
0 650 85.2961 300 89
0 650 85.3826 300 89
0 650 85.4758 300 89
0 650 85.5653 300 89
0 650 85.6374 300 89
0 650 85.695 300 89
0 650 85.7869 300 89
0 650 85.8712 300 89
0 650 85.9562 300 89
0 650 86.0424 300 89
0 650 86.13 300 89
0 650 86.2159 300 89
0 650 86.3026 300 89
0 650 86.3848 300 89
0 650 86.4695 300 89
0 650 86.5579 300 89
0 650 86.6479 300 89
0 650 86.734 300 89
0 650 86.825 300 89
0 650 86.921 300 89
0 650 87.0045 300 89
0 650 87.099 300 89
0 650 87.1825 300 89
0 650 87.2614 300 89
0 650 87.3545 300 89
0 650 87.4356 300 89
0 650 87.5265 300 89
0 650 87.6103 300 89
0 650 87.6984 300 89
0 650 87.7837 300 89
0 650 87.8708 300 89
0 650 87.9605 300 89
0 650 88.0507 300 89
0 650 88.1275 300 89
0 650 88.2108 300 89
0 650 88.2897 300 89
0 650 88.3757 300 89
0 650 88.4687 300 89
0 650 88.5567 300 89
0 650 88.647 300 89
0 650 88.7413 300 89
0 650 88.8322 300 89
0 650 88.9229 300 89
0 650 89.0071 300 89
0 650 89.1007 300 89
0 650 89.1919 300 89
0 650 89.2808 300 89
0 650 89.3713 300 89
0 650 89.4546 300 89
0 650 89.5451 300 89
0 650 89.6278 300 89
0 650 89.7328 300 89
0 650 89.8219 300 89
0 650 89.9008 300 89
0 650 89.9867 300 89
0 650 90.0857 300 89
0 650 90.1635 300 89
0 650 90.2515 300 89
0 650 90.3399 300 89
0 650 90.4311 300 89
0 650 90.5157 300 89
0 650 90.6069 300 89
0 650 90.696 300 89
0 650 90.7833 300 89
0 650 90.8642 300 89
0 650 90.9521 300 89
0 650 91.0392 300 89
0 650 91.1316 300 89
0 650 91.2321 300 89
0 650 91.3234 300 89
0 650 91.4099 300 89
0 650 91.4971 300 89
0 650 91.5792 300 89
0 650 91.6628 300 89
0 650 91.7505 300 89
0 650 91.8347 300 89
0 650 91.9236 300 89
0 650 92.0079 300 89
0 650 92.086 300 89
0 650 92.1708 300 89
0 650 92.2609 300 89
0 650 92.3337 300 89
0 650 92.4266 300 89
0 650 92.5121 300 89
0 650 92.6025 300 89
0 650 92.6835 300 89
0 650 92.7857 300 89
0 650 92.873 300 89
0 650 92.9616 300 89
0 650 93.0496 300 89
0 650 93.1361 300 89
0 650 93.2219 300 89
0 650 93.3156 300 89
0 650 93.402 300 89
0 650 93.4856 300 89
0 650 93.5736 300 89
0 650 93.6535 300 89
0 650 93.7415 300 89
0 650 93.8321 300 89
0 650 93.9164 300 89
0 650 94.0011 300 89
0 650 94.097 300 89
0 650 94.1834 300 89
0 650 94.2612 300 89
0 650 94.35 300 89
0 650 94.4346 300 89
0 650 94.5253 300 89
0 650 94.6057 300 89
0 650 94.7024 300 89
0 650 94.7933 300 89
0 650 94.8825 300 89
0 650 94.9749 300 89
0 650 95.0681 300 89
0 650 95.1538 300 89
0 650 95.2431 300 89
0 650 95.3372 300 89
0 650 95.4329 300 89
0 650 95.5128 300 89
0 650 95.5942 300 89
0 650 95.6886 300 89
0 650 95.7733 300 89
0 650 95.8613 300 89
0 650 95.9366 300 89
0 650 96.0224 300 89
0 650 96.1148 300 89
0 650 96.2017 300 89
0 650 96.285 300 89
0 650 96.3746 300 89
0 650 96.4545 300 89
0 650 96.5329 300 89
0 650 96.6267 300 89
0 650 96.7154 300 89
0 650 96.8047 300 89
0 650 96.8911 300 89
0 650 96.9802 300 89
0 650 97.0652 300 89
0 650 97.151 300 89
0 650 97.2363 300 89
0 650 97.3184 300 89
0 650 97.3992 300 89
0 650 97.4778 300 89
0 650 97.5633 300 89
0 650 97.6497 300 89
0 650 97.7344 300 89
0 650 97.8222 300 89
0 650 97.9149 300 89
0 650 97.9999 300 89
0 650 98.0926 300 89
0 650 98.1851 300 89
0 650 98.2761 300 89
0 650 98.3679 300 89
0 650 98.4573 300 89
0 650 98.5407 300 89
0 650 98.6332 300 89
0 650 98.7204 300 89
0 650 98.8103 300 89
0 650 98.9017 300 89
0 650 98.9959 300 89
0 650 99.079 300 89
0 650 99.1782 300 89
0 650 99.271 300 89
0 650 99.362 300 89
0 650 99.4636 300 89
0 650 99.5667 300 89
0 650 99.6581 300 89
0 650 99.75 300 89
0 650 99.839 300 89
0 650 99.9239 300 89
0 650 100.011 300 89
0 650 100.089 300 89
0 650 100.177 300 89
0 650 100.261 300 89
0 650 100.344 300 89
0 650 100.431 300 89
0 650 100.52 300 89
0 650 100.61 300 89
0 650 100.699 300 89
0 650 100.789 300 89
0 650 100.877 300 89
0 650 100.963 300 89
0 650 101.049 300 89
0 650 101.141 300 89
0 650 101.232 300 89
0 650 101.328 300 89
0 650 101.429 300 89
0 650 101.516 300 89
0 650 101.609 300 89
0 650 101.703 300 89
0 650 101.786 300 89
0 650 101.873 300 89
0 650 101.963 300 89
0 650 102.05 300 89
0 650 102.134 300 89
0 650 102.222 300 89
0 650 102.298 300 89
0 650 102.386 300 89
0 650 102.467 300 89
0 650 102.551 300 89
0 650 102.639 300 89
0 650 102.729 300 89
0 650 102.81 300 89
0 650 102.889 300 89
0 650 102.97 300 89
0 650 103.058 300 89
0 650 103.141 300 89
0 650 103.232 300 89
0 650 103.316 300 89
0 650 103.395 300 89
0 650 103.483 300 89
0 650 103.578 300 89
0 650 103.665 300 89
0 650 103.748 300 89
0 650 103.841 300 89
0 650 103.912 300 89
0 650 103.993 300 89
0 650 104.081 300 89
0 650 104.166 300 89
0 650 104.256 300 89
0 650 104.344 300 89
0 650 104.439 300 89
0 650 104.529 300 89
0 650 104.619 300 89
0 650 104.714 300 89
0 650 104.803 300 89
0 650 104.894 300 89
0 650 104.978 300 89
0 650 105.067 300 89
0 650 105.154 300 89
0 650 105.242 300 89
0 650 105.328 300 89
0 650 105.409 300 89
0 650 105.497 300 89
0 650 105.581 300 89
0 650 105.666 300 89
0 650 105.753 300 89
0 650 105.835 300 89
0 650 105.917 300 89
0 650 105.994 300 89
0 650 106.074 300 89
0 650 106.162 300 89
0 650 106.258 300 89
0 650 106.337 300 89
0 650 106.422 300 89
0 650 106.498 300 89
0 650 106.574 300 89
0 650 106.657 300 89
0 650 106.742 300 89
0 650 106.832 300 89
0 650 106.922 300 89
0 650 107.008 300 89
0 650 107.088 300 89
0 650 107.179 300 89
0 650 107.254 300 89
0 650 107.334 300 89
0 650 107.424 300 89
0 650 107.511 300 89
0 650 107.597 300 89
0 650 107.679 300 89
0 650 107.773 300 89
0 650 107.859 300 89
0 650 107.946 300 89
0 650 108.033 300 89
0 650 108.118 300 89
0 650 108.195 300 89
0 650 108.286 300 89
0 650 108.369 300 89
0 650 108.457 300 89
0 650 108.543 300 89
0 650 108.633 300 89
0 650 108.72 300 89
0 650 108.803 300 89
0 650 108.887 300 89
0 650 108.972 300 89
0 650 109.057 300 89
0 650 109.151 300 89
0 650 109.237 300 89
0 650 109.32 300 89
0 650 109.41 300 89
0 650 109.488 300 89
0 650 109.578 300 89
0 650 109.659 300 89
0 650 109.742 300 89
0 650 109.836 300 89
0 650 109.916 300 89
0 650 110.004 300 89
0 650 110.097 300 89
0 650 110.185 300 89
0 650 110.266 300 89
0 650 110.355 300 89
0 650 110.445 300 89
0 650 110.527 300 89
0 650 110.608 300 89
0 650 110.701 300 89
0 650 110.796 300 89
0 650 110.88 300 89
0 650 110.98 300 89
0 650 111.07 300 89
0 650 111.149 300 89
0 650 111.233 300 89
0 650 111.318 300 89
0 650 111.401 300 89
0 650 111.489 300 89
0 650 111.584 300 89
0 650 111.672 300 89
0 650 111.766 300 89
0 650 111.852 300 89
0 650 111.942 300 89
0 650 112.031 300 89
0 650 112.122 300 89
0 650 112.205 300 89
0 650 112.29 300 89
0 650 112.382 300 89
0 650 112.472 300 89
0 650 112.568 300 89
0 650 112.655 300 89
0 650 112.747 300 89
0 650 112.832 300 89
0 650 112.917 300 89
0 650 112.997 300 89
0 650 113.081 300 89
0 650 113.157 300 89
0 650 113.245 300 89
0 650 113.328 300 89
0 650 113.418 300 89
0 650 113.502 300 89
0 650 113.593 300 89
0 650 113.686 300 89
0 650 113.774 300 89
0 650 113.859 300 89
0 650 113.95 300 89
0 650 114.041 300 89
0 650 114.127 300 89
0 650 114.208 300 89
0 650 114.291 300 89
0 650 114.373 300 89
0 650 114.457 300 89
0 650 114.543 300 89
0 650 114.633 300 89
0 650 114.72 300 89
0 650 114.814 300 89
0 650 114.905 300 89
0 650 114.986 300 89
0 650 115.073 300 89
0 650 115.165 300 89
0 650 115.251 300 89
0 650 115.334 300 89
0 650 115.418 300 89
0 650 115.503 300 89
0 650 115.586 300 89
0 650 115.677 300 89
0 650 115.766 300 89
0 650 115.855 300 89
0 650 115.94 300 89
0 650 116.032 300 89
0 650 116.115 300 89
0 650 116.23 300 89
0 650 116.343 300 89
0 650 116.462 300 89
0 650 116.572 300 89
0 650 116.657 300 89
0 650 116.747 300 89
0 650 116.831 300 89
0 650 116.918 300 89
0 650 117.011 300 89
0 650 117.133 300 89
0 650 117.23 300 89
0 650 117.323 300 89
0 650 117.427 300 89
0 650 117.524 300 89
0 650 117.618 300 89
0 650 117.742 300 89
0 650 117.837 300 89
0 650 117.924 300 89
0 650 118.006 300 89
0 650 118.088 300 89
0 650 118.176 300 89
0 650 118.233 300 89
0 650 118.325 300 89
0 650 118.421 300 89
0 650 118.535 300 89
0 650 118.638 300 89
0 650 118.716 300 89
0 650 118.805 300 89
0 650 118.902 300 89
0 650 119.012 300 89
0 650 119.101 300 89
0 650 119.178 300 89
0 650 119.264 300 89
0 650 119.338 300 89
0 650 119.416 300 89
0 650 119.502 300 89
0 650 119.62 300 89
0 650 119.724 300 89
0 650 119.809 300 89
0 650 119.898 300 89
0 650 119.984 300 89
0 650 120.066 300 89
0 650 120.167 300 89
0 650 120.253 300 89
0 650 120.337 300 89
0 650 120.428 300 89
0 650 120.524 300 89
0 650 120.633 300 89
0 650 120.723 300 89
0 650 120.812 300 89
0 650 120.923 300 89
0 650 121.018 300 89
0 650 121.111 300 89
0 650 121.201 300 89
0 650 121.284 300 89
0 650 121.369 300 89
0 650 121.457 300 89
0 650 121.553 300 89
0 650 121.641 300 89
0 650 121.728 300 89
0 650 121.813 300 89
0 650 121.899 300 89
0 650 121.974 300 89
0 650 122.059 300 89
0 650 122.142 300 89
0 650 122.229 300 89
0 650 122.323 300 89
0 650 122.419 300 89
0 650 122.508 300 89
0 650 122.618 300 89
0 650 122.719 300 89
0 650 122.811 300 89
0 650 122.911 300 89
0 650 123.012 300 89
0 650 123.109 300 89
0 650 123.202 300 89
0 650 123.313 300 89
0 650 123.418 300 89
0 650 123.51 300 89
0 650 123.598 300 89
0 650 123.686 300 89
0 650 123.767 300 89
0 650 123.851 300 89
0 650 123.946 300 89
0 650 124.048 300 89
0 650 124.129 300 89
0 650 124.221 300 89
0 650 124.307 300 89
0 650 124.394 300 89
0 650 124.475 300 89
0 650 124.555 300 89
0 650 124.636 300 89
0 650 124.727 300 89
0 650 124.819 300 89
0 650 124.912 300 89
0 650 124.997 300 89
0 650 125.097 300 89
0 650 125.199 300 89
0 650 125.294 300 89
0 650 125.399 300 89
0 650 125.491 300 89
0 650 125.575 300 89
0 650 125.655 300 89
0 650 125.734 300 89
0 650 125.823 300 89
0 650 125.92 300 89
0 650 126.022 300 89
0 650 126.115 300 89
0 650 126.192 300 89
0 650 126.282 300 89
0 650 126.368 300 89
0 650 126.441 300 89
0 650 126.522 300 89
0 650 126.603 300 89
0 650 126.687 300 89
0 650 126.764 300 89
0 650 126.842 300 89
0 650 126.926 300 89
0 650 127.013 300 89
0 650 127.109 300 89
0 650 127.206 300 89
0 650 127.32 300 89
0 650 127.421 300 89
0 650 127.506 300 89
0 650 127.588 300 89
0 650 127.718 300 89
0 650 127.815 300 89
0 650 127.936 300 89
0 650 128.029 300 89
0 650 128.119 300 89
0 650 128.203 300 89
0 650 128.297 300 89
0 650 128.379 300 89
0 650 128.46 300 89
0 650 128.549 300 89
0 650 128.623 300 89
0 650 128.706 300 89
0 650 128.795 300 89
0 650 128.878 300 89
0 650 128.95 300 89
0 650 129.038 300 89
0 650 129.13 300 89
0 650 129.221 300 89
0 650 129.332 300 89
0 650 129.428 300 89
0 650 129.519 300 89
0 650 129.608 300 89
0 650 129.729 300 89
0 650 129.794 300 89
0 650 129.906 300 89
0 650 130.004 300 89
0 650 130.1 300 89
0 650 130.193 300 89
0 650 130.294 300 89
0 650 130.391 300 89
0 650 130.477 300 89
0 650 130.562 300 89
0 650 130.66 300 89
0 650 130.763 300 89
0 650 130.85 300 89
0 650 130.938 300 89
0 650 131.046 300 89
0 650 131.144 300 89
0 650 131.227 300 89
0 650 131.324 300 89
0 650 131.421 300 89
0 650 131.506 300 89
0 650 131.599 300 89
0 650 131.696 300 89
0 650 131.794 300 89
0 650 131.887 300 89
0 650 131.983 300 89
0 650 132.066 300 89
0 650 132.156 300 89
0 650 132.233 300 89
0 650 132.318 300 89
0 650 132.41 300 89
0 650 132.494 300 89
0 650 132.582 300 89
0 650 132.666 300 89
0 650 132.745 300 89
0 650 132.83 300 89
0 650 132.929 300 89
0 650 133.029 300 89
0 650 133.121 300 89
0 650 133.207 300 89
0 650 133.294 300 89
0 650 133.39 300 89
0 650 133.478 300 89
0 650 133.571 300 89
0 650 133.675 300 89
0 650 133.762 300 89
0 650 133.859 300 89
0 650 133.959 300 89
0 650 134.051 300 89
0 650 134.134 300 89
0 650 134.211 300 89
0 650 134.299 300 89
0 650 134.385 300 89
0 650 134.473 300 89
0 650 134.557 300 89
0 650 134.635 300 89
0 650 134.719 300 89
0 650 134.803 300 89
0 650 134.911 300 89
0 650 135.01 300 89
0 650 135.107 300 89
0 650 135.197 300 89
0 650 135.281 300 89
0 650 135.363 300 89
0 650 135.447 300 89
0 650 135.525 300 89
0 650 135.613 300 89
0 650 135.71 300 89
0 650 135.79 300 89
0 650 135.886 300 89
0 650 135.962 300 89
0 650 136.05 300 89
0 650 136.132 300 89
0 650 136.218 300 89
0 650 136.308 300 89
0 650 136.402 300 89
0 650 136.5 300 89
0 650 136.588 300 89
0 650 136.699 300 89
0 650 136.798 300 89
0 650 136.893 300 89
0 650 136.99 300 89
0 650 137.098 300 89
0 650 137.184 300 89
0 650 137.263 300 89
0 650 137.352 300 89
0 650 137.434 300 89
0 650 137.568 300 89
0 650 137.661 300 89
0 650 137.748 300 89
0 650 137.83 300 89
0 650 137.913 300 89
0 650 138.005 300 89
0 650 138.103 300 89
0 650 138.193 300 89
0 650 138.287 300 89
0 650 138.382 300 89
0 650 138.475 300 89
0 650 138.569 300 89
0 650 138.677 300 89
0 650 138.796 300 89
0 650 138.896 300 89
0 650 139.01 300 89
0 650 139.146 300 89
0 650 139.255 300 89
0 650 139.351 300 89
0 650 139.443 300 89
0 650 139.556 300 89
0 650 139.671 300 89
0 650 139.765 300 89
0 650 139.867 300 89
0 650 139.969 300 89
0 650 140.063 300 89
0 650 140.158 300 89
0 650 140.282 300 89
0 650 140.384 300 89
0 650 140.478 300 89
0 650 140.587 300 89
0 650 140.683 300 89
0 650 140.768 300 89
0 650 140.862 300 89
0 650 140.975 300 89
0 650 141.068 300 89
0 650 141.16 300 89
0 650 141.276 300 89
0 650 141.375 300 89
0 650 141.466 300 89
0 650 141.564 300 89
0 650 141.668 300 89
0 650 141.756 300 89
0 650 141.843 300 89
0 650 141.929 300 89
0 650 142.024 300 89
0 650 142.118 300 89
0 650 142.203 300 89
0 650 142.303 300 89
0 650 142.401 300 89
0 650 142.487 300 89
0 650 142.566 300 89
0 650 142.655 300 89
0 650 142.741 300 89
0 650 142.836 300 89
0 650 142.923 300 89
0 650 143.014 300 89
0 650 143.098 300 89
0 650 143.175 300 89
0 650 143.264 300 89
0 650 143.349 300 89
0 650 143.439 300 89
0 650 143.545 300 89
0 650 143.658 300 89
0 650 143.754 300 89
0 650 143.85 300 89
0 650 143.936 300 89
0 650 144.018 300 89
0 650 144.095 300 89
0 650 144.182 300 89
0 650 144.27 300 89
0 650 144.361 300 89
0 650 144.45 300 89
0 650 144.537 300 89
0 650 144.621 300 89
0 650 144.708 300 89
0 650 144.814 300 89
0 650 144.9 300 89
0 650 145 300 89
0 650 145.099 300 89
0 650 145.192 300 89
0 650 145.304 300 89
0 650 145.434 300 89
0 650 145.528 300 89
0 650 145.634 300 89
0 650 145.767 300 89
0 650 145.888 300 89
0 650 145.995 300 89
0 650 146.082 300 89
0 650 146.185 300 89
0 650 146.297 300 89
0 650 146.39 300 89
0 650 146.485 300 89
0 650 146.596 300 89
0 650 146.687 300 89
0 650 146.767 300 89
0 650 146.863 300 89
0 650 146.968 300 89
0 650 147.064 300 89
0 650 147.168 300 89
0 650 147.257 300 89
0 650 147.359 300 89
0 650 147.451 300 89
0 650 147.544 300 89
0 650 147.638 300 89
0 650 147.733 300 89
0 650 147.826 300 89
0 650 147.912 300 89
0 650 148.001 300 89
0 650 148.094 300 89
0 650 148.185 300 89
0 650 148.279 300 89
0 650 148.364 300 89
0 650 148.455 300 89
0 650 148.551 300 89
0 650 148.652 300 89
0 650 148.74 300 89
0 650 148.826 300 89
0 650 148.91 300 89
0 650 148.997 300 89
0 650 149.088 300 89
0 650 149.182 300 89
0 650 149.302 300 89
0 650 149.398 300 89
0 650 149.488 300 89
0 650 149.586 300 89
0 650 149.676 300 89
0 650 149.759 300 89
0 650 149.821 300 89
0 650 149.888 300 89
0 650 149.947 300 89
0 650 150.009 300 89
0 650 150.074 300 89
0 650 150.133 300 89
0 650 150.199 300 89
0 650 150.268 300 89
0 650 150.334 300 89
0 650 150.392 300 89
0 650 150.461 300 89
0 650 150.522 300 89
0 650 150.581 300 89
0 650 150.647 300 89
0 650 150.712 300 89
0 650 150.782 300 89
0 650 150.842 300 89
0 650 150.909 300 89
0 650 150.973 300 89
0 650 151.04 300 89
0 650 151.129 300 89
0 650 151.226 300 89
0 650 151.32 300 89
0 650 151.412 300 89
0 650 151.535 300 89
0 650 151.62 300 89
0 650 151.704 300 89
0 650 151.783 300 89
0 650 151.872 300 89
0 650 151.955 300 89
0 650 152.037 300 89
0 650 152.125 300 89
0 650 152.21 300 89
0 650 152.294 300 89
0 650 152.381 300 89
0 650 152.46 300 89
0 650 152.57 300 89
0 650 152.656 300 89
0 650 152.738 300 89
0 650 152.82 300 89
0 650 152.912 300 89
0 650 153.009 300 89
0 650 153.099 300 89
0 650 153.19 300 89
0 650 153.275 300 89
0 650 153.361 300 89
0 650 153.449 300 89
0 650 153.54 300 89
0 650 153.625 300 89
0 650 153.711 300 89
0 650 153.799 300 89
0 650 153.892 300 89
0 650 153.968 300 89
0 650 154.051 300 89
0 650 154.171 300 89
0 650 154.259 300 89
0 650 154.344 300 89
0 650 154.435 300 89
0 650 154.517 300 89
0 650 154.61 300 89
0 650 154.697 300 89
0 650 154.79 300 89
0 650 154.879 300 89
0 650 154.951 300 89
0 650 155.042 300 89
0 650 155.129 300 89
0 650 155.218 300 89
0 650 155.305 300 89
0 650 155.395 300 89
0 650 155.479 300 89
0 650 155.561 300 89
0 650 155.623 300 89
0 650 155.706 300 89
0 650 155.794 300 89
0 650 155.884 300 89
0 650 155.974 300 89
0 650 156.066 300 89
0 650 156.16 300 89
0 650 156.241 300 89
0 650 156.32 300 89
0 650 156.413 300 89
0 650 156.507 300 89
0 650 156.601 300 89
0 650 156.694 300 89
0 650 156.777 300 89
0 650 156.87 300 89
0 650 156.954 300 89
0 650 157.043 300 89
0 650 157.135 300 89
0 650 157.225 300 89
0 650 157.314 300 89
0 650 157.399 300 89
0 650 157.488 300 89
0 650 157.57 300 89
0 650 157.664 300 89
0 650 157.755 300 89
0 650 157.835 300 89
0 650 157.929 300 89
0 650 158.022 300 89
0 650 158.112 300 89
0 650 158.203 300 89
0 650 158.286 300 89
0 650 158.379 300 89
0 650 158.469 300 89
0 650 158.561 300 89
0 650 158.653 300 89
0 650 158.742 300 89
0 650 158.84 300 89
0 650 158.935 300 89
0 650 159.023 300 89
0 650 159.112 300 89
0 650 159.202 300 89
0 650 159.295 300 89
0 650 159.385 300 89
0 650 159.479 300 89
0 650 159.57 300 89
0 650 159.659 300 89
0 650 159.742 300 89
0 650 159.814 300 89
0 650 159.896 300 89
0 650 159.982 300 89
0 650 160.068 300 89
0 650 160.158 300 89
0 650 160.245 300 89
0 650 160.335 300 89
0 650 160.42 300 89
0 650 160.509 300 89
0 650 160.587 300 89
0 650 160.668 300 89
0 650 160.753 300 89
0 650 160.846 300 89
0 650 160.94 300 89
0 650 161.026 300 89
0 650 161.11 300 89
0 650 161.173 300 89
0 650 161.263 300 89
0 650 161.359 300 89
0 650 161.45 300 89
0 650 161.538 300 89
0 650 161.625 300 89
0 650 161.708 300 89
0 650 161.796 300 89
0 650 161.884 300 89
0 650 161.961 300 89
0 650 162.046 300 89
0 650 162.129 300 89
0 650 162.205 300 89
0 650 162.285 300 89
0 650 162.372 300 89
0 650 162.461 300 89
0 650 162.548 300 89
0 650 162.633 300 89
0 650 162.721 300 89
0 650 162.809 300 89
0 650 162.906 300 89
0 650 162.985 300 89
0 650 163.079 300 89
0 650 163.168 300 89
0 650 163.256 300 89
0 650 163.344 300 89
0 650 163.428 300 89
0 650 163.51 300 89
0 650 163.584 300 89
0 650 163.67 300 89
0 650 163.753 300 89
0 650 163.84 300 89
0 650 163.931 300 89
0 650 164.024 300 89
0 650 164.117 300 89
0 650 164.206 300 89
0 650 164.293 300 89
0 650 164.372 300 89
0 650 164.458 300 89
0 650 164.547 300 89
0 650 164.634 300 89
0 650 164.728 300 89
0 650 164.814 300 89
0 650 164.904 300 89
0 650 164.995 300 89
0 650 165.082 300 89
0 650 165.168 300 89
0 650 165.257 300 89
0 650 165.344 300 89
0 650 165.431 300 89
0 650 165.517 300 89
0 650 165.603 300 89
0 650 165.693 300 89
0 650 165.777 300 89
0 650 165.857 300 89
0 650 165.968 300 89
0 650 166.049 300 89
0 650 166.126 300 89
0 650 166.21 300 89
0 650 166.3 300 89
0 650 166.394 300 89
0 650 166.487 300 89
0 650 166.58 300 89
0 650 166.667 300 89
0 650 166.755 300 89
0 650 166.839 300 89
0 650 166.927 300 89
0 650 167.013 300 89
0 650 167.075 300 89
0 650 167.164 300 89
0 650 167.247 300 89
0 650 167.359 300 89
0 650 167.437 300 89
0 650 167.522 300 89
0 650 167.606 300 89
0 650 167.692 300 89
0 650 167.783 300 89
0 650 167.871 300 89
0 650 167.962 300 89
0 650 168.044 300 89
0 650 168.13 300 89
0 650 168.211 300 89
0 650 168.29 300 89
0 650 168.379 300 89
0 650 168.467 300 89
0 650 168.555 300 89
0 650 168.645 300 89
0 650 168.731 300 89
0 650 168.818 300 89
0 650 168.896 300 89
0 650 168.981 300 89
0 650 169.064 300 89
0 650 169.152 300 89
0 650 169.239 300 89
0 650 169.324 300 89
0 650 169.415 300 89
0 650 169.495 300 89
0 650 169.579 300 89
0 650 169.723 300 89
0 650 169.81 300 89
0 650 169.885 300 89
0 650 169.964 300 89
0 650 170.058 300 89
0 650 170.144 300 89
0 650 170.225 300 89
0 650 170.312 300 89
0 650 170.396 300 89
0 650 170.488 300 89
0 650 170.575 300 89
0 650 170.665 300 89
0 650 170.75 300 89
0 650 170.833 300 89
0 650 170.915 300 89
0 650 171.002 300 89
0 650 171.093 300 89
0 650 171.181 300 89
0 650 171.272 300 89
0 650 171.358 300 89
0 650 171.442 300 89
0 650 171.528 300 89
0 650 171.617 300 89
0 650 171.708 300 89
0 650 171.797 300 89
0 650 171.891 300 89
0 650 171.985 300 89
0 650 172.074 300 89
0 650 172.16 300 89
0 650 172.24 300 89
0 650 172.323 300 89
0 650 172.414 300 89
0 650 172.502 300 89
0 650 172.584 300 89
0 650 172.675 300 89
0 650 172.762 300 89
0 650 172.847 300 89
0 650 172.93 300 89
0 650 173.011 300 89
0 650 173.091 300 89
0 650 173.171 300 89
0 650 173.258 300 89
0 650 173.347 300 89
0 650 173.431 300 89
0 650 173.519 300 89
0 650 173.602 300 89
0 650 173.693 300 89
0 650 173.782 300 89
0 650 173.869 300 89
0 650 173.942 300 89
0 650 174.031 300 89
0 650 174.111 300 89
0 650 174.194 300 89
0 650 174.286 300 89
0 650 174.372 300 89
0 650 174.46 300 89
0 650 174.545 300 89
0 650 174.635 300 89
0 650 174.726 300 89
0 650 174.811 300 89
0 650 174.893 300 89
0 650 174.975 300 89
0 650 175.063 300 89
0 650 175.147 300 89
0 650 175.239 300 89
0 650 175.334 300 89
0 650 175.417 300 89
0 650 175.496 300 89
0 650 175.584 300 89
0 650 175.666 300 89
0 650 175.75 300 89
0 650 175.836 300 89
0 650 175.919 300 89
0 650 175.999 300 89
0 650 176.087 300 89
0 650 176.168 300 89
0 650 176.251 300 89
0 650 176.335 300 89
0 650 176.419 300 89
0 650 176.498 300 89
0 650 176.575 300 89
0 650 176.664 300 89
0 650 176.756 300 89
0 650 176.835 300 89
0 650 176.924 300 89
0 650 177.01 300 89
0 650 177.094 300 89
0 650 177.18 300 89
0 650 177.266 300 89
0 650 177.359 300 89
0 650 177.45 300 89
0 650 177.531 300 89
0 650 177.619 300 89
0 650 177.704 300 89
0 650 177.792 300 89
0 650 177.878 300 89
0 650 177.933 300 89
0 650 178.022 300 89
0 650 178.102 300 89
0 650 178.193 300 89
0 650 178.273 300 89
0 650 178.362 300 89
0 650 178.444 300 89
0 650 178.528 300 89
0 650 178.617 300 89
0 650 178.701 300 89
0 650 178.793 300 89
0 650 178.878 300 89
0 650 178.957 300 89
0 650 179.05 300 89
0 650 179.167 300 89
0 650 179.258 300 89
0 650 179.344 300 89
0 650 179.425 300 89
0 650 179.51 300 89
0 650 179.596 300 89
0 650 179.689 300 89
0 650 179.77 300 89
0 650 179.853 300 89
0 650 179.934 300 89
0 650 180.019 300 89
0 650 180.099 300 89
0 650 180.189 300 89
0 650 180.28 300 89
0 650 180.362 300 89
0 650 180.44 300 89
0 650 180.517 300 89
0 650 180.602 300 89
0 650 180.687 300 89
0 650 180.777 300 89
0 650 180.876 300 89
0 650 180.965 300 89
0 650 181.063 300 89
0 650 181.152 300 89
0 650 181.245 300 89
0 650 181.334 300 89
0 650 181.426 300 89
0 650 181.518 300 89
0 650 181.603 300 89
0 650 181.694 300 89
0 650 181.789 300 89
0 650 181.883 300 89
0 650 181.966 300 89
0 650 182.045 300 89
0 650 182.132 300 89
0 650 182.217 300 89
0 650 182.296 300 89
0 650 182.386 300 89
0 650 182.462 300 89
0 650 182.534 300 89
0 650 182.618 300 89
0 650 182.703 300 89
0 650 182.791 300 89
0 650 182.87 300 89
0 650 182.955 300 89
0 650 183.044 300 89
0 650 183.128 300 89
0 650 183.213 300 89
0 650 183.304 300 89
0 650 183.394 300 89
0 650 183.486 300 89
0 650 183.579 300 89
0 650 183.664 300 89
0 650 183.745 300 89
0 650 183.829 300 89
0 650 183.909 300 89
0 650 183.996 300 89
0 650 184.086 300 89
0 650 184.174 300 89
0 650 184.255 300 89
0 650 184.336 300 89
0 650 184.42 300 89
0 650 184.508 300 89
0 650 184.597 300 89
0 650 184.678 300 89
0 650 184.759 300 89
0 650 184.843 300 89
0 650 184.925 300 89
0 650 185.009 300 89
0 650 185.085 300 89
0 650 185.169 300 89
0 650 185.257 300 89
0 650 185.335 300 89
0 650 185.421 300 89
0 650 185.516 300 89
0 650 185.604 300 89
0 650 185.686 300 89
0 650 185.767 300 89
0 650 185.855 300 89
0 650 185.943 300 89
0 650 186.019 300 89
0 650 186.103 300 89
0 650 186.187 300 89
0 650 186.272 300 89
0 650 186.366 300 89
0 650 186.453 300 89
0 650 186.54 300 89
0 650 186.619 300 89
0 650 186.701 300 89
0 650 186.788 300 89
0 650 186.875 300 89
0 650 186.96 300 89
0 650 187.041 300 89
0 650 187.121 300 89
0 650 187.208 300 89
0 650 187.291 300 89
0 650 187.38 300 89
0 650 187.446 300 89
0 650 187.521 300 89
0 650 187.606 300 89
0 650 187.689 300 89
0 650 187.806 300 89
0 650 187.89 300 89
0 650 187.973 300 89
0 650 188.057 300 89
0 650 188.145 300 89
0 650 188.234 300 89
0 650 188.323 300 89
0 650 188.409 300 89
0 650 188.503 300 89
0 650 188.583 300 89
0 650 188.669 300 89
0 650 188.758 300 89
0 650 188.848 300 89
0 650 188.931 300 89
0 650 189.019 300 89
0 650 189.113 300 89
0 650 189.186 300 89
0 650 189.27 300 89
0 650 189.357 300 89
0 650 189.444 300 89
0 650 189.526 300 89
0 650 189.612 300 89
0 650 189.689 300 89
0 650 189.778 300 89
0 650 189.865 300 89
0 650 189.954 300 89
0 650 190.062 300 89
0 650 190.15 300 89
0 650 190.237 300 89
0 650 190.318 300 89
0 650 190.41 300 89
0 650 190.496 300 89
0 650 190.581 300 89
0 650 190.668 300 89
0 650 190.756 300 89
0 650 190.839 300 89
0 650 190.923 300 89
0 650 191.004 300 89
0 650 191.089 300 89
0 650 191.176 300 89
0 650 191.264 300 89
0 650 191.347 300 89
0 650 191.442 300 89
0 650 191.532 300 89
0 650 191.615 300 89
0 650 191.702 300 89
0 650 191.786 300 89
0 650 191.867 300 89
0 650 191.958 300 89
0 650 192.048 300 89
0 650 192.121 300 89
0 650 192.198 300 89
0 650 192.281 300 89
0 650 192.374 300 89
0 650 192.458 300 89
0 650 192.546 300 89
0 650 192.635 300 89
0 650 192.724 300 89
0 650 192.811 300 89
0 650 192.896 300 89
0 650 192.953 300 89
0 650 193.04 300 89
0 650 193.126 300 89
0 650 193.208 300 89
0 650 193.293 300 89
0 650 193.374 300 89
0 650 193.45 300 89
0 650 193.537 300 89
0 650 193.632 300 89
0 650 193.716 300 89
0 650 193.803 300 89
0 650 193.886 300 89
0 650 193.961 300 89
0 650 194.05 300 89
0 650 194.134 300 89
0 650 194.223 300 89
0 650 194.318 300 89
0 650 194.413 300 89
0 650 194.496 300 89
0 650 194.581 300 89
0 650 194.663 300 89
0 650 194.746 300 89
0 650 194.832 300 89
0 650 194.907 300 89
0 650 194.989 300 89
0 650 195.061 300 89
0 650 195.147 300 89
0 650 195.226 300 89
0 650 195.302 300 89
0 650 195.396 300 89
0 650 195.481 300 89
0 650 195.561 300 89
0 650 195.648 300 89
0 650 195.732 300 89
0 650 195.81 300 89
0 650 195.891 300 89
0 650 195.976 300 89
0 650 196.062 300 89
0 650 196.153 300 89
0 650 196.243 300 89
0 650 196.32 300 89
0 650 196.407 300 89
0 650 196.494 300 89
0 650 196.577 300 89
0 650 196.655 300 89
0 650 196.734 300 89
0 650 196.823 300 89
0 650 196.944 300 89
0 650 197.029 300 89
0 650 197.118 300 89
0 650 197.201 300 89
0 650 197.286 300 89
0 650 197.371 300 89
0 650 197.454 300 89
0 650 197.54 300 89
0 650 197.621 300 89
0 650 197.72 300 89
0 650 197.805 300 89
0 650 197.889 300 89
0 650 197.979 300 89
0 650 198.068 300 89
0 650 198.154 300 89
0 650 198.242 300 89
0 650 198.32 300 89
0 650 198.404 300 89
0 650 198.49 300 89
0 650 198.574 300 89
0 650 198.656 300 89
0 650 198.742 300 89
0 650 198.829 300 89
0 650 198.907 300 89
0 650 198.99 300 89
0 650 199.069 300 89
0 650 199.152 300 89
0 650 199.235 300 89
0 650 199.326 300 89
0 650 199.403 300 89
0 650 199.494 300 89
0 650 199.584 300 89
0 650 199.669 300 89
0 650 199.753 300 89
0 650 199.828 300 89
0 650 199.916 300 89
0 650 200.002 300 89
0 650 200.082 300 89
0 650 200.164 300 89
0 650 200.251 300 89
0 650 200.334 300 89
0 650 200.425 300 89
0 650 200.51 300 89
0 650 200.599 300 89
0 650 200.669 300 89
0 650 200.757 300 89
0 650 200.847 300 89
0 650 200.945 300 89
0 650 201.035 300 89
0 650 201.126 300 89
0 650 201.213 300 89
0 650 201.304 300 89
0 650 201.39 300 89
0 650 201.482 300 89
0 650 201.565 300 89
0 650 201.641 300 89
0 650 201.727 300 89
0 650 201.815 300 89
0 650 201.903 300 89
0 650 201.989 300 89
0 650 202.078 300 89
0 650 202.16 300 89
0 650 202.253 300 89
0 650 202.339 300 89
0 650 202.421 300 89
0 650 202.502 300 89
0 650 202.588 300 89
0 650 202.675 300 89
0 650 202.759 300 89
0 650 202.846 300 89
0 650 202.932 300 89
0 650 203.013 300 89
0 650 203.101 300 89
0 650 203.176 300 89
0 650 203.254 300 89
0 650 203.337 300 89
0 650 203.424 300 89
0 650 203.517 300 89
0 650 203.603 300 89
0 650 203.691 300 89
0 650 203.787 300 89
0 650 203.884 300 89
0 650 203.977 300 89
0 650 204.064 300 89
0 650 204.153 300 89
0 650 204.245 300 89
0 650 204.338 300 89
0 650 204.422 300 89
0 650 204.504 300 89
0 650 204.596 300 89
0 650 204.689 300 89
0 650 204.781 300 89
0 650 204.873 300 89
0 650 204.962 300 89
0 650 205.048 300 89
0 650 205.136 300 89
0 650 205.224 300 89
0 650 205.324 300 89
0 650 205.422 300 89
0 650 205.511 300 89
0 650 205.605 300 89
0 650 205.697 300 89
0 650 205.784 300 89
0 650 205.879 300 89
0 650 205.964 300 89
0 650 206.051 300 89
0 650 206.145 300 89
0 650 206.24 300 89
0 650 206.33 300 89
0 650 206.428 300 89
0 650 206.523 300 89
0 650 206.62 300 89
0 650 206.717 300 89
0 650 206.805 300 89
0 650 206.909 300 89
0 650 207 300 89
0 650 207.09 300 89
0 650 207.181 300 89
0 650 207.276 300 89
0 650 207.364 300 89
0 650 207.452 300 89
0 650 207.547 300 89
0 650 207.626 300 89
0 650 207.72 300 89
0 650 207.807 300 89
0 650 207.91 300 89
0 650 208 300 89
0 650 208.09 300 89
0 650 208.186 300 89
0 650 208.264 300 89
0 650 208.359 300 89
0 650 208.454 300 89
0 650 208.544 300 89
0 650 208.639 300 89
0 650 208.725 300 89
0 650 208.828 300 89
0 650 208.918 300 89
0 650 209.005 300 89
0 650 209.098 300 89
0 650 209.192 300 89
0 650 209.287 300 89
0 650 209.368 300 89
0 650 209.457 300 89
0 650 209.545 300 89
0 650 209.641 300 89
0 650 209.726 300 89
0 650 209.864 300 89
0 650 209.95 300 89
0 650 210.048 300 89
0 650 210.147 300 89
0 650 210.303 300 89
0 650 210.395 300 89
0 650 210.524 300 89
0 650 210.609 300 89
0 650 210.7 300 89
0 650 210.79 300 89
0 650 210.88 300 89
0 650 210.963 300 89
0 650 211.063 300 89
0 650 211.156 300 89
0 650 211.249 300 89
0 650 211.341 300 89
0 650 211.44 300 89
0 650 211.533 300 89
0 650 211.623 300 89
0 650 211.724 300 89
0 650 211.816 300 89
0 650 211.907 300 89
0 650 212.004 300 89
0 650 212.108 300 89
0 650 212.203 300 89
0 650 212.29 300 89
0 650 212.381 300 89
0 650 212.469 300 89
0 650 212.548 300 89
0 650 212.64 300 89
0 650 212.729 300 89
0 650 212.823 300 89
0 650 212.91 300 89
0 650 213.001 300 89
0 650 213.097 300 89
0 650 213.19 300 89
0 650 213.273 300 89
0 650 213.348 300 89
0 650 213.439 300 89
0 650 213.528 300 89
0 650 213.628 300 89
0 650 213.715 300 89
0 650 213.804 300 89
0 650 213.889 300 89
0 650 213.98 300 89
0 650 214.07 300 89
0 650 214.164 300 89
0 650 214.257 300 89
0 650 214.348 300 89
0 650 214.446 300 89
0 650 214.542 300 89
0 650 214.639 300 89
0 650 214.732 300 89
0 650 214.827 300 89
0 650 214.92 300 89
0 650 215.013 300 89
0 650 215.091 300 89
0 650 215.184 300 89
0 650 215.275 300 89
0 650 215.367 300 89
0 650 215.462 300 89
0 650 215.56 300 89
0 650 215.654 300 89
0 650 215.747 300 89
0 650 215.838 300 89
0 650 215.937 300 89
0 650 216.033 300 89
0 650 216.122 300 89
0 650 216.216 300 89
0 650 216.319 300 89
0 650 216.422 300 89
0 650 216.515 300 89
0 650 216.615 300 89
0 650 216.704 300 89
0 650 216.792 300 89
0 650 216.885 300 89
0 650 216.973 300 89
0 650 217.064 300 89
0 650 217.157 300 89
0 650 217.253 300 89
0 650 217.337 300 89
0 650 217.438 300 89
0 650 217.531 300 89
0 650 217.626 300 89
0 650 217.718 300 89
0 650 217.799 300 89
0 650 217.893 300 89
0 650 217.99 300 89
0 650 218.083 300 89
0 650 218.179 300 89
0 650 218.279 300 89
0 650 218.373 300 89
0 650 218.459 300 89
0 650 218.557 300 89
0 650 218.661 300 89
0 650 218.765 300 89
0 650 218.854 300 89
0 650 218.944 300 89
0 650 219.039 300 89
0 650 219.135 300 89
0 650 219.229 300 89
0 650 219.326 300 89
0 650 219.435 300 89
0 650 219.522 300 89
0 650 219.614 300 89
0 650 219.701 300 89
0 650 219.792 300 89
0 650 219.893 300 89
0 650 219.994 300 89
0 650 220.09 300 89
0 650 220.178 300 89
0 650 220.268 300 89
0 650 220.362 300 89
0 650 220.454 300 89
0 650 220.556 300 89
0 650 220.634 300 89
0 650 220.717 300 89
0 650 220.814 300 89
0 650 220.903 300 89
0 650 220.988 300 89
0 650 221.092 300 89
0 650 221.195 300 89
0 650 221.291 300 89
0 650 221.391 300 89
0 650 221.481 300 89
0 650 221.576 300 89
0 650 221.668 300 89
0 650 221.761 300 89
0 650 221.866 300 89
0 650 221.956 300 89
0 650 222.078 300 89
0 650 222.17 300 89
0 650 222.259 300 89
0 650 222.356 300 89
0 650 222.453 300 89
0 650 222.557 300 89
0 650 222.658 300 89
0 650 222.751 300 89
0 650 222.844 300 89
0 650 222.935 300 89
0 650 223.027 300 89
0 650 223.128 300 89
0 650 223.226 300 89
0 650 223.325 300 89
0 650 223.421 300 89
0 650 223.519 300 89
0 650 223.611 300 89
0 650 223.707 300 89
0 650 223.802 300 89
0 650 223.899 300 89
0 650 223.99 300 89
0 650 224.084 300 89
0 650 224.184 300 89
0 650 224.282 300 89
0 650 224.374 300 89
0 650 224.467 300 89
0 650 224.557 300 89
0 650 224.653 300 89
0 650 224.752 300 89
0 650 224.847 300 89
0 650 224.938 300 89
0 650 225.038 300 89
0 650 225.137 300 89
0 650 225.228 300 89
0 650 225.322 300 89
0 650 225.41 300 89
0 650 225.505 300 89
0 650 225.598 300 89
0 650 225.696 300 89
0 650 225.796 300 89
0 650 225.889 300 89
0 650 225.988 300 89
0 650 226.082 300 89
0 650 226.173 300 89
0 650 226.269 300 89
0 650 226.419 300 89
0 650 226.513 300 89
0 650 226.607 300 89
0 650 226.687 300 89
0 650 226.78 300 89
0 650 226.871 300 89
0 650 226.966 300 89
0 650 227.06 300 89
0 650 227.154 300 89
0 650 227.232 300 89
0 650 227.318 300 89
0 650 227.412 300 89
0 650 227.503 300 89
0 650 227.592 300 89
0 650 227.688 300 89
0 650 227.779 300 89
0 650 227.871 300 89
0 650 227.964 300 89
0 650 228.062 300 89
0 650 228.152 300 89
0 650 228.242 300 89
0 650 228.323 300 89
0 650 228.414 300 89
0 650 228.506 300 89
0 650 228.601 300 89
0 650 228.694 300 89
0 650 228.769 300 89
0 650 228.859 300 89
0 650 228.951 300 89
0 650 229.042 300 89
0 650 229.135 300 89
0 650 229.226 300 89
0 650 229.321 300 89
0 650 229.419 300 89
0 650 229.515 300 89
0 650 229.616 300 89
0 650 229.721 300 89
0 650 229.819 300 89
0 650 229.912 300 89
0 650 230.008 300 89
0 650 230.102 300 89
0 650 230.167 300 89
0 650 230.258 300 89
0 650 230.342 300 89
0 650 230.431 300 89
0 650 230.522 300 89
0 650 230.603 300 89
0 650 230.699 300 89
0 650 230.786 300 89
0 650 230.881 300 89
0 650 230.967 300 89
0 650 231.058 300 89
0 650 231.154 300 89
0 650 231.249 300 89
0 650 231.35 300 89
0 650 231.442 300 89
0 650 231.535 300 89
0 650 231.662 300 89
0 650 231.756 300 89
0 650 231.841 300 89
0 650 231.925 300 89
0 650 232.014 300 89
0 650 232.112 300 89
0 650 232.206 300 89
0 650 232.296 300 89
0 650 232.394 300 89
0 650 232.491 300 89
0 650 232.579 300 89
0 650 232.667 300 89
0 650 232.758 300 89
0 650 232.849 300 89
0 650 232.934 300 89
0 650 233.02 300 89
0 650 233.114 300 89
0 650 233.212 300 89
0 650 233.289 300 89
0 650 233.382 300 89
0 650 233.482 300 89
0 650 233.575 300 89
0 650 233.666 300 89
0 650 233.758 300 89
0 650 233.845 300 89
0 650 233.934 300 89
0 650 234.029 300 89
0 650 234.121 300 89
0 650 234.212 300 89
0 650 234.305 300 89
0 650 234.396 300 89
0 650 234.488 300 89
0 650 234.575 300 89
0 650 234.662 300 89
0 650 234.751 300 89
0 650 234.84 300 89
0 650 234.931 300 89
0 650 235.025 300 89
0 650 235.113 300 89
0 650 235.194 300 89
0 650 235.284 300 89
0 650 235.372 300 89
0 650 235.456 300 89
0 650 235.53 300 89
0 650 235.624 300 89
0 650 235.709 300 89
0 650 235.793 300 89
0 650 235.896 300 89
0 650 235.98 300 89
0 650 236.079 300 89
0 650 236.167 300 89
0 650 236.255 300 89
0 650 236.349 300 89
0 650 236.438 300 89
0 650 236.537 300 89
0 650 236.634 300 89
0 650 236.728 300 89
0 650 236.815 300 89
0 650 236.896 300 89
0 650 236.985 300 89
0 650 237.08 300 89
0 650 237.164 300 89
0 650 237.257 300 89
0 650 237.346 300 89
0 650 237.44 300 89
0 650 237.531 300 89
0 650 237.624 300 89
0 650 237.719 300 89
0 650 237.81 300 89
0 650 237.901 300 89
0 650 237.984 300 89
0 650 238.068 300 89
0 650 238.152 300 89
0 650 238.238 300 89
0 650 238.33 300 89
0 650 238.418 300 89
0 650 238.506 300 89
0 650 238.593 300 89
0 650 238.678 300 89
0 650 238.759 300 89
0 650 238.841 300 89
0 650 238.93 300 89
0 650 239.012 300 89
0 650 239.103 300 89
0 650 239.197 300 89
0 650 239.269 300 89
0 650 239.36 300 89
0 650 239.451 300 89
0 650 239.542 300 89
0 650 239.633 300 89
0 650 239.723 300 89
0 650 239.814 300 89
0 650 239.906 300 89
0 650 239.995 300 89
0 650 240.084 300 89
0 650 240.174 300 89
0 650 240.264 300 89
0 650 240.359 300 89
0 650 240.453 300 89
0 650 240.548 300 89
0 650 240.648 300 89
0 650 240.742 300 89
0 650 240.837 300 89
0 650 240.923 300 89
0 650 241.012 300 89
0 650 241.105 300 89
0 650 241.202 300 89
0 650 241.293 300 89
0 650 241.388 300 89
0 650 241.482 300 89
0 650 241.575 300 89
0 650 241.663 300 89
0 650 241.755 300 89
0 650 241.85 300 89
0 650 241.951 300 89
0 650 242.038 300 89
0 650 242.131 300 89
0 650 242.225 300 89
0 650 242.319 300 89
0 650 242.433 300 89
0 650 242.527 300 89
0 650 242.617 300 89
0 650 242.703 300 89
0 650 242.8 300 89
0 650 242.893 300 89
0 650 242.987 300 89
0 650 243.076 300 89
0 650 243.168 300 89
0 650 243.255 300 89
0 650 243.348 300 89
0 650 243.435 300 89
0 650 243.528 300 89
0 650 243.617 300 89
0 650 243.724 300 89
0 650 243.821 300 89
0 650 243.912 300 89
0 650 243.968 300 89
0 650 244.074 300 89
0 650 244.168 300 89
0 650 244.263 300 89
0 650 244.351 300 89
0 650 244.453 300 89
0 650 244.54 300 89
0 650 244.633 300 89
0 650 244.72 300 89
0 650 244.812 300 89
0 650 244.9 300 89
0 650 244.988 300 89
0 650 245.081 300 89
0 650 245.171 300 89
0 650 245.264 300 89
0 650 245.357 300 89
0 650 245.449 300 89
0 650 245.537 300 89
0 650 245.633 300 89
0 650 245.73 300 89
0 650 245.827 300 89
0 650 245.922 300 89
0 650 246.015 300 89
0 650 246.113 300 89
0 650 246.199 300 89
0 650 246.294 300 89
0 650 246.385 300 89
0 650 246.481 300 89
0 650 246.577 300 89
0 650 246.673 300 89
0 650 246.827 300 89
0 650 246.914 300 89
0 650 247 300 89
0 650 247.085 300 89
0 650 247.163 300 89
0 650 247.252 300 89
0 650 247.35 300 89
0 650 247.44 300 89
0 650 247.536 300 89
0 650 247.633 300 89
0 650 247.733 300 89
0 650 247.824 300 89
0 650 247.919 300 89
0 650 248.018 300 89
0 650 248.113 300 89
0 650 248.202 300 89
0 650 248.306 300 89
0 650 248.394 300 89
0 650 248.482 300 89
0 650 248.575 300 89
0 650 248.67 300 89
0 650 248.759 300 89
0 650 248.84 300 89
0 650 248.928 300 89
0 650 249.026 300 89
0 650 249.115 300 89
0 650 249.199 300 89
0 650 249.296 300 89
0 650 249.38 300 89
0 650 249.469 300 89
0 650 249.563 300 89
0 650 249.659 300 89
0 650 249.751 300 89
0 650 249.84 300 89
0 650 249.938 300 89
0 650 250.074 300 89
0 650 250.157 300 89
0 650 250.249 300 89
0 650 250.343 300 89
0 650 250.443 300 89
0 650 250.537 300 89
0 650 250.638 300 89
0 650 250.736 300 89
0 650 250.839 300 89
0 650 250.936 300 89
0 650 251.032 300 89
0 650 251.129 300 89
0 650 251.228 300 89
0 650 251.321 300 89
0 650 251.411 300 89
0 650 251.502 300 89
0 650 251.601 300 89
0 650 251.685 300 89
0 650 251.77 300 89
0 650 251.863 300 89
0 650 251.958 300 89
0 650 252.053 300 89
0 650 252.147 300 89
0 650 252.24 300 89
0 650 252.329 300 89
0 650 252.417 300 89
0 650 252.504 300 89
0 650 252.597 300 89
0 650 252.692 300 89
0 650 252.789 300 89
0 650 252.879 300 89
0 650 252.976 300 89
0 650 253.069 300 89
0 650 253.148 300 89
0 650 253.233 300 89
0 650 253.329 300 89
0 650 253.422 300 89
0 650 253.501 300 89
0 650 253.593 300 89
0 650 253.678 300 89
0 650 253.769 300 89
0 650 253.857 300 89
0 650 253.951 300 89
0 650 254.047 300 89
0 650 254.142 300 89
0 650 254.238 300 89
0 650 254.316 300 89
0 650 254.407 300 89
0 650 254.497 300 89
0 650 254.598 300 89
0 650 254.689 300 89
0 650 254.781 300 89
0 650 254.878 300 89
0 650 254.968 300 89
0 650 255.028 300 89
0 650 255.104 300 89
0 650 255.17 300 89
0 650 255.233 300 89
0 650 255.3 300 89
0 650 255.364 300 89
0 650 255.433 300 89
0 650 255.499 300 89
0 650 255.56 300 89
0 650 255.625 300 89
0 650 255.694 300 89
0 650 255.761 300 89
0 650 255.829 300 89
0 650 255.894 300 89
0 650 255.961 300 89
0 650 256.038 300 89
0 650 256.103 300 89
0 650 256.172 300 89
0 650 256.237 300 89
0 650 256.309 300 89
0 650 256.372 300 89
0 650 256.432 300 89
0 650 256.492 300 89
0 650 256.556 300 89
0 650 256.62 300 89
0 650 256.692 300 89
0 650 256.756 300 89
0 650 256.816 300 89
0 650 256.883 300 89
0 650 256.951 300 89
0 650 257.016 300 89
0 650 257.112 300 89
0 650 257.175 300 89
0 650 257.239 300 89
0 650 257.305 300 89
0 650 257.371 300 89
0 650 257.426 300 89
0 650 257.485 300 89
0 650 257.549 300 89
0 650 257.617 300 89
0 650 257.674 300 89
0 650 257.738 300 89
0 650 257.807 300 89
0 650 257.875 300 89
0 650 257.931 300 89
0 650 257.999 300 89
0 650 258.06 300 89
0 650 258.126 300 89
0 650 258.185 300 89
0 650 258.29 300 89
0 650 258.383 300 89
0 650 258.475 300 89
0 650 258.572 300 89
0 650 258.663 300 89
0 650 258.751 300 89
0 650 258.84 300 89
0 650 258.928 300 89
0 650 259.027 300 89
0 650 259.109 300 89
0 650 259.169 300 89
0 650 259.259 300 89
0 650 259.349 300 89
0 650 259.432 300 89
0 650 259.525 300 89
0 650 259.613 300 89
0 650 259.708 300 89
0 650 259.802 300 89
0 650 259.89 300 89
0 650 259.975 300 89
0 650 260.064 300 89
0 650 260.156 300 89
0 650 260.247 300 89
0 650 260.345 300 89
0 650 260.442 300 89
0 650 260.528 300 89
0 650 260.621 300 89
0 650 260.712 300 89
0 650 260.805 300 89
0 650 260.892 300 89
0 650 261.024 300 89
0 650 261.119 300 89
0 650 261.21 300 89
0 650 261.308 300 89
0 650 261.408 300 89
0 650 261.494 300 89
0 650 261.584 300 89
0 650 261.677 300 89
0 650 261.773 300 89
0 650 261.858 300 89
0 650 261.947 300 89
0 650 262.034 300 89
0 650 262.127 300 89
0 650 262.215 300 89
0 650 262.306 300 89
0 650 262.401 300 89
0 650 262.49 300 89
0 650 262.58 300 89
0 650 262.678 300 89
0 650 262.773 300 89
0 650 262.869 300 89
0 650 262.966 300 89
0 650 263.047 300 89
0 650 263.132 300 89
0 650 263.213 300 89
0 650 263.309 300 89
0 650 263.394 300 89
0 650 263.487 300 89
0 650 263.581 300 89
0 650 263.668 300 89
0 650 263.749 300 89
0 650 263.839 300 89
0 650 263.935 300 89
0 650 264.02 300 89
0 650 264.112 300 89
0 650 264.203 300 89
0 650 264.291 300 89
0 650 264.385 300 89
0 650 264.475 300 89
0 650 264.563 300 89
0 650 264.658 300 89
0 650 264.753 300 89
0 650 264.831 300 89
0 650 264.894 300 89
0 650 264.988 300 89
0 650 265.08 300 89
0 650 265.167 300 89
0 650 265.268 300 89
0 650 265.359 300 89
0 650 265.446 300 89
0 650 265.538 300 89
0 650 265.629 300 89
0 650 265.725 300 89
0 650 265.817 300 89
0 650 265.901 300 89
0 650 265.991 300 89
0 650 266.086 300 89
0 650 266.182 300 89
0 650 266.282 300 89
0 650 266.367 300 89
0 650 266.46 300 89
0 650 266.544 300 89
0 650 266.637 300 89
0 650 266.727 300 89
0 650 266.821 300 89
0 650 266.905 300 89
0 650 266.994 300 89
0 650 267.082 300 89
0 650 267.168 300 89
0 650 267.265 300 89
0 650 267.355 300 89
0 650 267.445 300 89
0 650 267.531 300 89
0 650 267.625 300 89
0 650 267.719 300 89
0 650 267.808 300 89
0 650 267.899 300 89
0 650 267.997 300 89
0 650 268.089 300 89
0 650 268.184 300 89
0 650 268.279 300 89
0 650 268.356 300 89
0 650 268.45 300 89
0 650 268.548 300 89
0 650 268.634 300 89
0 650 268.715 300 89
0 650 268.808 300 89
0 650 268.906 300 89
0 650 269.003 300 89
0 650 269.099 300 89
0 650 269.19 300 89
0 650 269.309 300 89
0 650 269.413 300 89
0 650 269.502 300 89
0 650 269.598 300 89
0 650 269.696 300 89
0 650 269.786 300 89
0 650 269.874 300 89
0 650 269.968 300 89
0 650 270.057 300 89
0 650 270.153 300 89
0 650 270.265 300 89
0 650 270.352 300 89
0 650 270.444 300 89
0 650 270.54 300 89
0 650 270.63 300 89
0 650 270.729 300 89
0 650 270.825 300 89
0 650 270.922 300 89
0 650 271.012 300 89
0 650 271.103 300 89
0 650 271.195 300 89
0 650 271.294 300 89
0 650 271.385 300 89
0 650 271.482 300 89
0 650 271.573 300 89
0 650 271.66 300 89
0 650 271.755 300 89
0 650 271.843 300 89
0 650 271.931 300 89
0 650 272.019 300 89
0 650 272.109 300 89
0 650 272.195 300 89
0 650 272.282 300 89
0 650 272.368 300 89
0 650 272.465 300 89
0 650 272.553 300 89
0 650 272.643 300 89
0 650 272.734 300 89
0 650 272.827 300 89
0 650 272.957 300 89
0 650 273.043 300 89
0 650 273.135 300 89
0 650 273.224 300 89
0 650 273.304 300 89
0 650 273.397 300 89
0 650 273.481 300 89
0 650 273.577 300 89
0 650 273.667 300 89
0 650 273.761 300 89
0 650 273.856 300 89
0 650 273.946 300 89
0 650 274.039 300 89
0 650 274.125 300 89
0 650 274.215 300 89
0 650 274.279 300 89
0 650 274.374 300 89
0 650 274.465 300 89
0 650 274.561 300 89
0 650 274.65 300 89
0 650 274.736 300 89
0 650 274.82 300 89
0 650 274.912 300 89
0 650 275.003 300 89
0 650 275.096 300 89
0 650 275.185 300 89
0 650 275.276 300 89
0 650 275.358 300 89
0 650 275.451 300 89
0 650 275.542 300 89
0 650 275.619 300 89
0 650 275.706 300 89
0 650 275.798 300 89
0 650 275.892 300 89
0 650 275.985 300 89
0 650 276.072 300 89
0 650 276.164 300 89
0 650 276.228 300 89
0 650 276.341 300 89
0 650 276.443 300 89
0 650 276.524 300 89
0 650 276.614 300 89
0 650 276.71 300 89
0 650 276.8 300 89
0 650 276.885 300 89
0 650 276.966 300 89
0 650 277.06 300 89
0 650 277.152 300 89
0 650 277.243 300 89
0 650 277.325 300 89
0 650 277.417 300 89
0 650 277.51 300 89
0 650 277.592 300 89
0 650 277.684 300 89
0 650 277.775 300 89
0 650 277.862 300 89
0 650 277.961 300 89
0 650 278.044 300 89
0 650 278.134 300 89
0 650 278.225 300 89
0 650 278.311 300 89
0 650 278.366 300 89
0 650 278.456 300 89
0 650 278.543 300 89
0 650 278.637 300 89
0 650 278.728 300 89
0 650 278.818 300 89
0 650 278.901 300 89
0 650 278.988 300 89
0 650 279.046 300 89
0 650 279.134 300 89
0 650 279.233 300 89
0 650 279.314 300 89
0 650 279.406 300 89
0 650 279.504 300 89
0 650 279.596 300 89
0 650 279.681 300 89
0 650 279.776 300 89
0 650 279.864 300 89
0 650 279.951 300 89
0 650 280.044 300 89
0 650 280.137 300 89
0 650 280.237 300 89
0 650 280.328 300 89
0 650 280.422 300 89
0 650 280.515 300 89
0 650 280.602 300 89
0 650 280.702 300 89
0 650 280.789 300 89
0 650 280.879 300 89
0 650 280.969 300 89
0 650 281.05 300 89
0 650 281.14 300 89
0 650 281.227 300 89
0 650 281.324 300 89
0 650 281.411 300 89
0 650 281.51 300 89
0 650 281.615 300 89
0 650 281.717 300 89
0 650 281.811 300 89
0 650 281.905 300 89
0 650 282.006 300 89
0 650 282.102 300 89
0 650 282.194 300 89
0 650 282.282 300 89
0 650 282.368 300 89
0 650 282.463 300 89
0 650 282.544 300 89
0 650 282.633 300 89
0 650 282.728 300 89
0 650 282.817 300 89
0 650 282.902 300 89
0 650 283.032 300 89
0 650 283.121 300 89
0 650 283.212 300 89
0 650 283.306 300 89
0 650 283.393 300 89
0 650 283.486 300 89
0 650 283.583 300 89
0 650 283.673 300 89
0 650 283.764 300 89
0 650 283.848 300 89
0 650 283.95 300 89
0 650 284.044 300 89
0 650 284.14 300 89
0 650 284.229 300 89
0 650 284.317 300 89
0 650 284.409 300 89
0 650 284.493 300 89
0 650 284.586 300 89
0 650 284.681 300 89
0 650 284.768 300 89
0 650 284.856 300 89
0 650 284.947 300 89
0 650 285.041 300 89
0 650 285.138 300 89
0 650 285.23 300 89
0 650 285.323 300 89
0 650 285.423 300 89
0 650 285.524 300 89
0 650 285.621 300 89
0 650 285.713 300 89
0 650 285.798 300 89
0 650 285.883 300 89
0 650 285.97 300 89
0 650 286.059 300 89
0 650 286.143 300 89
0 650 286.238 300 89
0 650 286.329 300 89
0 650 286.41 300 89
0 650 286.501 300 89
0 650 286.586 300 89
0 650 286.671 300 89
0 650 286.768 300 89
0 650 286.861 300 89
0 650 286.944 300 89
0 650 287.024 300 89
0 650 287.111 300 89
0 650 287.206 300 89
0 650 287.289 300 89
0 650 287.374 300 89
0 650 287.461 300 89
0 650 287.554 300 89
0 650 287.646 300 89
0 650 287.735 300 89
0 650 287.822 300 89
0 650 287.943 300 89
0 650 288.031 300 89
0 650 288.119 300 89
0 650 288.213 300 89
0 650 288.305 300 89
0 650 288.401 300 89
0 650 288.496 300 89
0 650 288.577 300 89
0 650 288.663 300 89
0 650 288.747 300 89
0 650 288.839 300 89
0 650 288.919 300 89
0 650 289.007 300 89
0 650 289.101 300 89
0 650 289.187 300 89
0 650 289.312 300 89
0 650 289.403 300 89
0 650 289.495 300 89
0 650 289.585 300 89
0 650 289.666 300 89
0 650 289.758 300 89
0 650 289.856 300 89
0 650 289.948 300 89
0 650 290.034 300 89
0 650 290.119 300 89
0 650 290.202 300 89
0 650 290.293 300 89
0 650 290.375 300 89
0 650 290.468 300 89
0 650 290.56 300 89
0 650 290.648 300 89
0 650 290.74 300 89
0 650 290.844 300 89
0 650 290.934 300 89
0 650 291.026 300 89
0 650 291.124 300 89
0 650 291.214 300 89
0 650 291.292 300 89
0 650 291.38 300 89
0 650 291.47 300 89
0 650 291.562 300 89
0 650 291.659 300 89
0 650 291.744 300 89
0 650 291.83 300 89
0 650 291.918 300 89
0 650 292.009 300 89
0 650 292.095 300 89
0 650 292.176 300 89
0 650 292.264 300 89
0 650 292.356 300 89
0 650 292.434 300 89
0 650 292.517 300 89
0 650 292.606 300 89
0 650 292.698 300 89
0 650 292.792 300 89
0 650 292.879 300 89
0 650 292.987 300 89
0 650 293.08 300 89
0 650 293.167 300 89
0 650 293.256 300 89
0 650 293.337 300 89
0 650 293.42 300 89
0 650 293.506 300 89
0 650 293.597 300 89
0 650 293.684 300 89
0 650 293.771 300 89
0 650 293.857 300 89
0 650 293.948 300 89
0 650 294.032 300 89
0 650 294.119 300 89
0 650 294.208 300 89
0 650 294.316 300 89
0 650 294.4 300 89
0 650 294.482 300 89
0 650 294.568 300 89
0 650 294.658 300 89
0 650 294.743 300 89
0 650 294.836 300 89
0 650 294.936 300 89
0 650 295.016 300 89
0 650 295.107 300 89
0 650 295.193 300 89
0 650 295.291 300 89
0 650 295.376 300 89
0 650 295.465 300 89
0 650 295.558 300 89
0 650 295.653 300 89
0 650 295.736 300 89
0 650 295.825 300 89
0 650 295.911 300 89
0 650 295.996 300 89
0 650 296.084 300 89
0 650 296.176 300 89
0 650 296.261 300 89
0 650 296.352 300 89
0 650 296.435 300 89
0 650 296.53 300 89
0 650 296.612 300 89
0 650 296.744 300 89
0 650 296.832 300 89
0 650 296.922 300 89
0 650 297.007 300 89
0 650 297.094 300 89
0 650 297.166 300 89
0 650 297.249 300 89
0 650 297.34 300 89
0 650 297.425 300 89
0 650 297.517 300 89
0 650 297.612 300 89
0 650 297.701 300 89
0 650 297.783 300 89
0 650 297.853 300 89
0 650 297.937 300 89
0 650 298.021 300 89
0 650 298.112 300 89
0 650 298.198 300 89
0 650 298.294 300 89
0 650 298.387 300 89
0 650 298.473 300 89
0 650 298.563 300 89
0 650 298.648 300 89
0 650 298.739 300 89
0 650 298.814 300 89
0 650 298.9 300 89
0 650 299.02 300 89
0 650 299.104 300 89
0 650 299.196 300 89
0 650 299.272 300 89
0 650 299.361 300 89
0 650 299.449 300 89
0 650 299.534 300 89
0 650 299.612 300 89
0 650 299.707 300 89
0 650 299.793 300 89
0 650 299.878 300 89
0 650 299.967 300 89
0 650 300.048 300 89
0 650 300.125 300 89
0 650 300.211 300 89
0 650 300.296 300 89
0 650 300.386 300 89
0 650 300.47 300 89
0 650 300.558 300 89
0 650 300.652 300 89
0 650 300.737 300 89
0 650 300.819 300 89
0 650 300.887 300 89
0 650 300.977 300 89
0 650 301.058 300 89
0 650 301.138 300 89
0 650 301.214 300 89
0 650 301.302 300 89
0 650 301.388 300 89
0 650 301.472 300 89
0 650 301.567 300 89
0 650 301.646 300 89
0 650 301.734 300 89
0 650 301.822 300 89
0 650 301.905 300 89
0 650 301.96 300 89
0 650 302.052 300 89
0 650 302.135 300 89
0 650 302.226 300 89
0 650 302.317 300 89
0 650 302.413 300 89
0 650 302.498 300 89
0 650 302.587 300 89
0 650 302.675 300 89
0 650 302.765 300 89
0 650 302.84 300 89
0 650 302.925 300 89
0 650 303.011 300 89
0 650 303.094 300 89
0 650 303.184 300 89
0 650 303.297 300 89
0 650 303.39 300 89
0 650 303.485 300 89
0 650 303.571 300 89
0 650 303.651 300 89
0 650 303.73 300 89
0 650 303.817 300 89
0 650 303.9 300 89
0 650 303.984 300 89
0 650 304.074 300 89
0 650 304.158 300 89
0 650 304.244 300 89
0 650 304.329 300 89
0 650 304.412 300 89
0 650 304.505 300 89
0 650 304.593 300 89
0 650 304.674 300 89
0 650 304.76 300 89
0 650 304.845 300 89
0 650 304.931 300 89
0 650 305.029 300 89
0 650 305.12 300 89
0 650 305.204 300 89
0 650 305.294 300 89
0 650 305.381 300 89
0 650 305.458 300 89
0 650 305.543 300 89
0 650 305.62 300 89
0 650 305.71 300 89
0 650 305.799 300 89
0 650 305.886 300 89
0 650 305.968 300 89
0 650 306.055 300 89
0 650 306.14 300 89
0 650 306.229 300 89
0 650 306.319 300 89
0 650 306.407 300 89
0 650 306.496 300 89
0 650 306.581 300 89
0 650 306.663 300 89
0 650 306.752 300 89
0 650 306.835 300 89
0 650 306.921 300 89
0 650 307.004 300 89
0 650 307.091 300 89
0 650 307.176 300 89
0 650 307.259 300 89
0 650 307.344 300 89
0 650 307.434 300 89
0 650 307.527 300 89
0 650 307.618 300 89
0 650 307.707 300 89
0 650 307.796 300 89
0 650 307.888 300 89
0 650 307.973 300 89
0 650 308.062 300 89
0 650 308.132 300 89
0 650 308.196 300 89
0 650 308.253 300 89
0 650 308.331 300 89
0 650 308.42 300 89
0 650 308.499 300 89
0 650 308.585 300 89
0 650 308.681 300 89
0 650 308.761 300 89
0 650 308.848 300 89
0 650 308.93 300 89
0 650 309.011 300 89
0 650 309.099 300 89
0 650 309.17 300 89
0 650 309.262 300 89
0 650 309.344 300 89
0 650 309.431 300 89
0 650 309.515 300 89
0 650 309.605 300 89
0 650 309.701 300 89
0 650 309.81 300 89
0 650 309.905 300 89
0 650 309.986 300 89
0 650 310.073 300 89
0 650 310.144 300 89
0 650 310.226 300 89
0 650 310.307 300 89
0 650 310.389 300 89
0 650 310.469 300 89
0 650 310.56 300 89
0 650 310.64 300 89
0 650 310.724 300 89
0 650 310.808 300 89
0 650 310.891 300 89
0 650 310.974 300 89
0 650 311.063 300 89
0 650 311.157 300 89
0 650 311.244 300 89
0 650 311.332 300 89
0 650 311.449 300 89
0 650 311.548 300 89
0 650 311.645 300 89
0 650 311.725 300 89
0 650 311.812 300 89
0 650 311.899 300 89
0 650 311.98 300 89
0 650 312.067 300 89
0 650 312.149 300 89
0 650 312.242 300 89
0 650 312.326 300 89
0 650 312.415 300 89
0 650 312.489 300 89
0 650 312.575 300 89
0 650 312.66 300 89
0 650 312.747 300 89
0 650 312.826 300 89
0 650 312.911 300 89
0 650 312.999 300 89
0 650 313.1 300 89
0 650 313.185 300 89
0 650 313.275 300 89
0 650 313.37 300 89
0 650 313.468 300 89
0 650 313.564 300 89
0 650 313.656 300 89
0 650 313.742 300 89
0 650 313.83 300 89
0 650 313.913 300 89
0 650 314.005 300 89
0 650 314.087 300 89
0 650 314.173 300 89
0 650 314.259 300 89
0 650 314.345 300 89
0 650 314.428 300 89
0 650 314.514 300 89
0 650 314.595 300 89
0 650 314.686 300 89
0 650 314.77 300 89
0 650 314.853 300 89
0 650 314.941 300 89
0 650 315.028 300 89
0 650 315.106 300 89
0 650 315.202 300 89
0 650 315.291 300 89
0 650 315.397 300 89
0 650 315.492 300 89
0 650 315.581 300 89
0 650 315.668 300 89
0 650 315.754 300 89
0 650 315.838 300 89
0 650 315.917 300 89
0 650 315.974 300 89
0 650 316.061 300 89
0 650 316.153 300 89
0 650 316.232 300 89
0 650 316.314 300 89
0 650 316.396 300 89
0 650 316.481 300 89
0 650 316.566 300 89
0 650 316.647 300 89
0 650 316.729 300 89
0 650 316.818 300 89
0 650 316.899 300 89
0 650 316.986 300 89
0 650 317.077 300 89
0 650 317.16 300 89
0 650 317.25 300 89
0 650 317.347 300 89
0 650 317.44 300 89
0 650 317.522 300 89
0 650 317.605 300 89
0 650 317.683 300 89
0 650 317.775 300 89
0 650 317.86 300 89
0 650 317.943 300 89
0 650 318.028 300 89
0 650 318.105 300 89
0 650 318.192 300 89
0 650 318.28 300 89
0 650 318.364 300 89
0 650 318.449 300 89
0 650 318.53 300 89
0 650 318.617 300 89
0 650 318.708 300 89
0 650 318.799 300 89
0 650 318.879 300 89
0 650 318.969 300 89
0 650 319.061 300 89
0 650 319.171 300 89
0 650 319.267 300 89
0 650 319.352 300 89
0 650 319.436 300 89
0 650 319.53 300 89
0 650 319.63 300 89
0 650 319.723 300 89
0 650 319.803 300 89
0 650 319.89 300 89
0 650 319.972 300 89
0 650 320.051 300 89
0 650 320.128 300 89
0 650 320.208 300 89
0 650 320.298 300 89
0 650 320.377 300 89
0 650 320.463 300 89
0 650 320.519 300 89
0 650 320.604 300 89
0 650 320.693 300 89
0 650 320.779 300 89
0 650 320.872 300 89
0 650 320.961 300 89
0 650 321.045 300 89
0 650 321.126 300 89
0 650 321.216 300 89
0 650 321.311 300 89
0 650 321.412 300 89
0 650 321.508 300 89
0 650 321.595 300 89
0 650 321.683 300 89
0 650 321.786 300 89
0 650 321.876 300 89
0 650 321.961 300 89
0 650 322.039 300 89
0 650 322.129 300 89
0 650 322.237 300 89
0 650 322.348 300 89
0 650 322.442 300 89
0 650 322.524 300 89
0 650 322.611 300 89
0 650 322.698 300 89
0 650 322.787 300 89
0 650 322.873 300 89
0 650 322.962 300 89
0 650 323.054 300 89
0 650 323.134 300 89
0 650 323.218 300 89
0 650 323.302 300 89
0 650 323.381 300 89
0 650 323.466 300 89
0 650 323.545 300 89
0 650 323.628 300 89
0 650 323.706 300 89
0 650 323.789 300 89
0 650 323.866 300 89
0 650 323.958 300 89
0 650 324.044 300 89
0 650 324.145 300 89
0 650 324.251 300 89
0 650 324.346 300 89
0 650 324.424 300 89
0 650 324.513 300 89
0 650 324.601 300 89
0 650 324.683 300 89
0 650 324.766 300 89
0 650 324.842 300 89
0 650 324.917 300 89
0 650 325.009 300 89
0 650 325.093 300 89
0 650 325.175 300 89
0 650 325.261 300 89
0 650 325.347 300 89
0 650 325.424 300 89
0 650 325.501 300 89
0 650 325.588 300 89
0 650 325.682 300 89
0 650 325.763 300 89
0 650 325.855 300 89
0 650 325.943 300 89
0 650 326.03 300 89
0 650 326.127 300 89
0 650 326.217 300 89
0 650 326.31 300 89
0 650 326.398 300 89
0 650 326.511 300 89
0 650 326.611 300 89
0 650 326.705 300 89
0 650 326.799 300 89
0 650 326.902 300 89
0 650 326.989 300 89
0 650 327.077 300 89
0 650 327.178 300 89
0 650 327.281 300 89
0 650 327.375 300 89
0 650 327.461 300 89
0 650 327.549 300 89
0 650 327.63 300 89
0 650 327.713 300 89
0 650 327.766 300 89
0 650 327.848 300 89
0 650 327.93 300 89
0 650 328.021 300 89
0 650 328.099 300 89
0 650 328.178 300 89
0 650 328.26 300 89
0 650 328.336 300 89
0 650 328.417 300 89
0 650 328.498 300 89
0 650 328.589 300 89
0 650 328.667 300 89
0 650 328.759 300 89
0 650 328.833 300 89
0 650 328.917 300 89
0 650 329.003 300 89
0 650 329.106 300 89
0 650 329.207 300 89
0 650 329.286 300 89
0 650 329.364 300 89
0 650 329.438 300 89
0 650 329.518 300 89
0 650 329.595 300 89
0 650 329.679 300 89
0 650 329.767 300 89
0 650 329.853 300 89
0 650 329.936 300 89
0 650 330.019 300 89
0 650 330.101 300 89
0 650 330.186 300 89
0 650 330.274 300 89
0 650 330.355 300 89
0 650 330.44 300 89
0 650 330.531 300 89
0 650 330.609 300 89
0 650 330.704 300 89
0 650 330.793 300 89
0 650 330.889 300 89
0 650 330.984 300 89
0 650 331.075 300 89
0 650 331.159 300 89
0 650 331.243 300 89
0 650 331.334 300 89
0 650 331.424 300 89
0 650 331.509 300 89
0 650 331.601 300 89
0 650 331.688 300 89
0 650 331.775 300 89
0 650 331.867 300 89
0 650 331.95 300 89
0 650 332.034 300 89
0 650 332.117 300 89
0 650 332.203 300 89
0 650 332.287 300 89
0 650 332.371 300 89
0 650 332.453 300 89
0 650 332.539 300 89
0 650 332.628 300 89
0 650 332.715 300 89
0 650 332.8 300 89
0 650 332.884 300 89
0 650 332.973 300 89
0 650 333.058 300 89
0 650 333.141 300 89
0 650 333.227 300 89
0 650 333.309 300 89
0 650 333.383 300 89
0 650 333.47 300 89
0 650 333.558 300 89
0 650 333.648 300 89
0 650 333.725 300 89
0 650 333.817 300 89
0 650 333.91 300 89
0 650 333.998 300 89
0 650 334.082 300 89
0 650 334.169 300 89
0 650 334.25 300 89
0 650 334.338 300 89
0 650 334.423 300 89
0 650 334.507 300 89
0 650 334.594 300 89
0 650 334.679 300 89
0 650 334.763 300 89
0 650 334.853 300 89
0 650 334.94 300 89
0 650 335.025 300 89
0 650 335.109 300 89
0 650 335.192 300 89
0 650 335.28 300 89
0 650 335.369 300 89
0 650 335.454 300 89
0 650 335.535 300 89
0 650 335.617 300 89
0 650 335.707 300 89
0 650 335.792 300 89
0 650 335.883 300 89
0 650 335.97 300 89
0 650 336.056 300 89
0 650 336.141 300 89
0 650 336.228 300 89
0 650 336.314 300 89
0 650 336.398 300 89
0 650 336.482 300 89
0 650 336.579 300 89
0 650 336.665 300 89
0 650 336.765 300 89
0 650 336.85 300 89
0 650 336.933 300 89
0 650 337.019 300 89
0 650 337.104 300 89
0 650 337.194 300 89
0 650 337.283 300 89
0 650 337.369 300 89
0 650 337.453 300 89
0 650 337.536 300 89
0 650 337.617 300 89
0 650 337.703 300 89
0 650 337.792 300 89
0 650 337.874 300 89
0 650 337.961 300 89
0 650 338.049 300 89
0 650 338.105 300 89
0 650 338.196 300 89
0 650 338.278 300 89
0 650 338.349 300 89
0 650 338.427 300 89
0 650 338.509 300 89
0 650 338.611 300 89
0 650 338.699 300 89
0 650 338.772 300 89
0 650 338.857 300 89
0 650 338.946 300 89
0 650 339.03 300 89
0 650 339.114 300 89
0 650 339.191 300 89
0 650 339.282 300 89
0 650 339.369 300 89
0 650 339.453 300 89
0 650 339.504 300 89
0 650 339.593 300 89
0 650 339.68 300 89
0 650 339.761 300 89
0 650 339.853 300 89
0 650 339.942 300 89
0 650 340.037 300 89
0 650 340.112 300 89
0 650 340.207 300 89
0 650 340.297 300 89
0 650 340.383 300 89
0 650 340.47 300 89
0 650 340.554 300 89
0 650 340.63 300 89
0 650 340.712 300 89
0 650 340.797 300 89
0 650 340.887 300 89
0 650 340.975 300 89
0 650 341.06 300 89
0 650 341.142 300 89
0 650 341.23 300 89
0 650 341.319 300 89
0 650 341.398 300 89
0 650 341.489 300 89
0 650 341.576 300 89
0 650 341.668 300 89
0 650 341.759 300 89
0 650 341.843 300 89
0 650 341.925 300 89
0 650 342.016 300 89
0 650 342.093 300 89
0 650 342.182 300 89
0 650 342.27 300 89
0 650 342.348 300 89
0 650 342.475 300 89
0 650 342.559 300 89
0 650 342.65 300 89
0 650 342.741 300 89
0 650 342.833 300 89
0 650 342.915 300 89
0 650 343.001 300 89
0 650 343.09 300 89
0 650 343.186 300 89
0 650 343.277 300 89
0 650 343.37 300 89
0 650 343.464 300 89
0 650 343.55 300 89
0 650 343.63 300 89
0 650 343.705 300 89
0 650 343.793 300 89
0 650 343.878 300 89
0 650 343.965 300 89
0 650 344.04 300 89
0 650 344.129 300 89
0 650 344.215 300 89
0 650 344.302 300 89
0 650 344.371 300 89
0 650 344.457 300 89
0 650 344.544 300 89
0 650 344.633 300 89
0 650 344.722 300 89
0 650 344.814 300 89
0 650 344.9 300 89
0 650 344.99 300 89
0 650 345.084 300 89
0 650 345.176 300 89
0 650 345.262 300 89
0 650 345.352 300 89
0 650 345.44 300 89
0 650 345.531 300 89
0 650 345.617 300 89
0 650 345.7 300 89
0 650 345.786 300 89
0 650 345.87 300 89
0 650 345.951 300 89
0 650 346.032 300 89
0 650 346.119 300 89
0 650 346.2 300 89
0 650 346.29 300 89
0 650 346.385 300 89
0 650 346.475 300 89
0 650 346.563 300 89
0 650 346.645 300 89
0 650 346.726 300 89
0 650 346.814 300 89
0 650 346.905 300 89
0 650 346.988 300 89
0 650 347.063 300 89
0 650 347.151 300 89
0 650 347.236 300 89
0 650 347.321 300 89
0 650 347.408 300 89
0 650 347.492 300 89
0 650 347.631 300 89
0 650 347.718 300 89
0 650 347.804 300 89
0 650 347.887 300 89
0 650 347.97 300 89
0 650 348.059 300 89
0 650 348.145 300 89
0 650 348.228 300 89
0 650 348.324 300 89
0 650 348.408 300 89
0 650 348.495 300 89
0 650 348.589 300 89
0 650 348.673 300 89
0 650 348.764 300 89
0 650 348.853 300 89
0 650 348.927 300 89
0 650 349.019 300 89
0 650 349.107 300 89
0 650 349.19 300 89
0 650 349.275 300 89
0 650 349.364 300 89
0 650 349.452 300 89
0 650 349.539 300 89
0 650 349.623 300 89
0 650 349.707 300 89
0 650 349.784 300 89
0 650 349.87 300 89
0 650 349.953 300 89
0 650 350.04 300 89
0 650 350.129 300 89
0 650 350.21 300 89
0 650 350.294 300 89
0 650 350.38 300 89
0 650 350.468 300 89
0 650 350.553 300 89
0 650 350.639 300 89
0 650 350.727 300 89
0 650 350.815 300 89
0 650 350.902 300 89
0 650 350.997 300 89
0 650 351.087 300 89
0 650 351.172 300 89
0 650 351.258 300 89
0 650 351.345 300 89
0 650 351.44 300 89
0 650 351.521 300 89
0 650 351.609 300 89
0 650 351.685 300 89
0 650 351.772 300 89
0 650 351.86 300 89
0 650 351.954 300 89
0 650 352.036 300 89
0 650 352.126 300 89
0 650 352.21 300 89
0 650 352.297 300 89
0 650 352.385 300 89
0 650 352.476 300 89
0 650 352.56 300 89
0 650 352.62 300 89
0 650 352.717 300 89
0 650 352.799 300 89
0 650 352.892 300 89
0 650 352.979 300 89
0 650 353.065 300 89
0 650 353.15 300 89
0 650 353.258 300 89
0 650 353.342 300 89
0 650 353.433 300 89
0 650 353.515 300 89
0 650 353.59 300 89
0 650 353.679 300 89
0 650 353.769 300 89
0 650 353.855 300 89
0 650 353.948 300 89
0 650 354.035 300 89
0 650 354.113 300 89
0 650 354.202 300 89
0 650 354.29 300 89
0 650 354.366 300 89
0 650 354.449 300 89
0 650 354.54 300 89
0 650 354.627 300 89
0 650 354.715 300 89
0 650 354.788 300 89
0 650 354.881 300 89
0 650 354.97 300 89
0 650 355.027 300 89
0 650 355.112 300 89
0 650 355.194 300 89
0 650 355.28 300 89
0 650 355.374 300 89
0 650 355.459 300 89
0 650 355.549 300 89
0 650 355.634 300 89
0 650 355.724 300 89
0 650 355.812 300 89
0 650 355.91 300 89
0 650 356 300 89
0 650 356.057 300 89
0 650 356.147 300 89
0 650 356.231 300 89
0 650 356.322 300 89
0 650 356.409 300 89
0 650 356.494 300 89
0 650 356.588 300 89
0 650 356.677 300 89
0 650 356.763 300 89
0 650 356.842 300 89
0 650 356.928 300 89
0 650 357.014 300 89
0 650 357.106 300 89
0 650 357.196 300 89
0 650 357.285 300 89
0 650 357.377 300 89
0 650 357.457 300 89
0 650 357.517 300 89
0 650 357.58 300 89
0 650 357.638 300 89
0 650 357.696 300 89
0 650 357.754 300 89
0 650 357.812 300 89
0 650 357.879 300 89
0 650 357.934 300 89
0 650 358 300 89
0 650 358.063 300 89
0 650 358.126 300 89
0 650 358.163 300 89
0 650 358.226 300 89
0 650 358.284 300 89
0 650 358.341 300 89
0 650 358.404 300 89
0 650 358.46 300 89
0 650 358.517 300 89
0 650 358.575 300 89
0 650 358.641 300 89
0 650 358.701 300 89
0 650 358.758 300 89
0 650 358.818 300 89
0 650 358.878 300 89
0 650 358.942 300 89
0 650 359.001 300 89
0 650 359.063 300 89
0 650 359.122 300 89
0 650 359.186 300 89
0 650 359.25 300 89
0 650 359.31 300 89
0 650 359.372 300 89
0 650 359.429 300 89
0 650 359.489 300 89
0 650 359.554 300 89
0 650 359.611 300 89
0 650 359.675 300 89
0 650 359.731 300 89
0 650 359.784 300 89
0 650 359.841 300 89
0 650 359.903 300 89
0 650 359.963 300 89
0 650 360.028 300 89
0 650 360.089 300 89
0 650 360.158 300 89
0 650 360.214 300 89
0 650 360.274 300 89
0 650 360.338 300 89
0 650 360.395 300 89
0 650 360.452 300 89
0 650 360.51 300 89
0 650 360.571 300 89
0 650 360.626 300 89
0 650 360.686 300 89
0 650 360.745 300 89
0 650 360.801 300 89
0 650 360.861 300 89
0 650 360.92 300 89
0 650 360.981 300 89
0 650 361.047 300 89
0 650 361.106 300 89
0 650 361.166 300 89
0 650 361.226 300 89
0 650 361.28 300 89
0 650 361.329 300 89
0 650 361.388 300 89
0 650 361.447 300 89
0 650 361.5 300 89
0 650 361.562 300 89
0 650 361.627 300 89
0 650 361.683 300 89
0 650 361.741 300 89
0 650 361.795 300 89
0 650 361.852 300 89
0 650 361.914 300 89
0 650 361.995 300 89
0 650 362.085 300 89
0 650 362.17 300 89
0 650 362.256 300 89
0 650 362.355 300 89
0 650 362.442 300 89
0 650 362.529 300 89
0 650 362.605 300 89
0 650 362.692 300 89
0 650 362.781 300 89
0 650 362.866 300 89
0 650 362.943 300 89
0 650 363.027 300 89
0 650 363.116 300 89
0 650 363.196 300 89
0 650 363.281 300 89
0 650 363.365 300 89
0 650 363.454 300 89
0 650 363.532 300 89
0 650 363.609 300 89
0 650 363.69 300 89
0 650 363.774 300 89
0 650 363.864 300 89
0 650 363.954 300 89
0 650 364.04 300 89
0 650 364.125 300 89
0 650 364.216 300 89
0 650 364.309 300 89
0 650 364.404 300 89
0 650 364.492 300 89
0 650 364.58 300 89
0 650 364.658 300 89
0 650 364.738 300 89
0 650 364.833 300 89
0 650 364.923 300 89
0 650 365.008 300 89
0 650 365.096 300 89
0 650 365.193 300 89
0 650 365.279 300 89
0 650 365.366 300 89
0 650 365.451 300 89
0 650 365.51 300 89
0 650 365.59 300 89
0 650 365.686 300 89
0 650 365.781 300 89
0 650 365.868 300 89
0 650 365.955 300 89
0 650 366.045 300 89
0 650 366.137 300 89
0 650 366.226 300 89
0 650 366.31 300 89
0 650 366.401 300 89
0 650 366.498 300 89
0 650 366.586 300 89
0 650 366.674 300 89
0 650 366.752 300 89
0 650 366.839 300 89
0 650 366.933 300 89
0 650 367.021 300 89
0 650 367.107 300 89
0 650 367.2 300 89
0 650 367.287 300 89
0 650 367.365 300 89
0 650 367.449 300 89
0 650 367.531 300 89
0 650 367.625 300 89
0 650 367.723 300 89
0 650 367.865 300 89
0 650 367.952 300 89
0 650 368.047 300 89
0 650 368.138 300 89
0 650 368.224 300 89
0 650 368.304 300 89
0 650 368.389 300 89
0 650 368.484 300 89
0 650 368.578 300 89
0 650 368.668 300 89
0 650 368.759 300 89
0 650 368.855 300 89
0 650 368.951 300 89
0 650 369.041 300 89
0 650 369.126 300 89
0 650 369.276 300 89
0 650 369.359 300 89
0 650 369.456 300 89
0 650 369.549 300 89
0 650 369.635 300 89
0 650 369.724 300 89
0 650 369.819 300 89
0 650 369.911 300 89
0 650 370.009 300 89
0 650 370.099 300 89
0 650 370.19 300 89
0 650 370.287 300 89
0 650 370.377 300 89
0 650 370.467 300 89
0 650 370.553 300 89
0 650 370.654 300 89
0 650 370.744 300 89
0 650 370.833 300 89
0 650 370.928 300 89
0 650 371.026 300 89
0 650 371.111 300 89
0 650 371.196 300 89
0 650 371.279 300 89
0 650 371.376 300 89
0 650 371.468 300 89
0 650 371.554 300 89
0 650 371.644 300 89
0 650 371.729 300 89
0 650 371.858 300 89
0 650 371.947 300 89
0 650 372.026 300 89
0 650 372.119 300 89
0 650 372.212 300 89
0 650 372.299 300 89
0 650 372.391 300 89
0 650 372.478 300 89
0 650 372.57 300 89
0 650 372.657 300 89
0 650 372.742 300 89
0 650 372.832 300 89
0 650 372.923 300 89
0 650 373.016 300 89
0 650 373.099 300 89
0 650 373.188 300 89
0 650 373.28 300 89
0 650 373.374 300 89
0 650 373.466 300 89
0 650 373.564 300 89
0 650 373.662 300 89
0 650 373.744 300 89
0 650 373.837 300 89
0 650 373.922 300 89
0 650 374.013 300 89
0 650 374.099 300 89
0 650 374.195 300 89
0 650 374.284 300 89
0 650 374.381 300 89
0 650 374.467 300 89
0 650 374.557 300 89
0 650 374.658 300 89
0 650 374.758 300 89
0 650 374.854 300 89
0 650 374.948 300 89
0 650 375.036 300 89
0 650 375.136 300 89
0 650 375.228 300 89
0 650 375.324 300 89
0 650 375.419 300 89
0 650 375.504 300 89
0 650 375.593 300 89
0 650 375.687 300 89
0 650 375.784 300 89
0 650 375.875 300 89
0 650 375.968 300 89
0 650 376.059 300 89
0 650 376.154 300 89
0 650 376.243 300 89
0 650 376.337 300 89
0 650 376.426 300 89
0 650 376.522 300 89
0 650 376.615 300 89
0 650 376.704 300 89
0 650 376.787 300 89
0 650 376.882 300 89
0 650 376.97 300 89
0 650 377.063 300 89
0 650 377.156 300 89
0 650 377.248 300 89
0 650 377.337 300 89
0 650 377.434 300 89
0 650 377.514 300 89
0 650 377.606 300 89
0 650 377.706 300 89
0 650 377.797 300 89
0 650 377.897 300 89
0 650 377.99 300 89
0 650 378.086 300 89
0 650 378.175 300 89
0 650 378.272 300 89
0 650 378.356 300 89
0 650 378.45 300 89
0 650 378.544 300 89
0 650 378.637 300 89
0 650 378.724 300 89
0 650 378.817 300 89
0 650 378.914 300 89
0 650 378.99 300 89
0 650 379.085 300 89
0 650 379.18 300 89
0 650 379.274 300 89
0 650 379.366 300 89
0 650 379.461 300 89
0 650 379.552 300 89
0 650 379.632 300 89
0 650 379.692 300 89
0 650 379.787 300 89
0 650 379.882 300 89
0 650 379.974 300 89
0 650 380.052 300 89
0 650 380.187 300 89
0 650 380.279 300 89
0 650 380.368 300 89
0 650 380.452 300 89
0 650 380.543 300 89
0 650 380.635 300 89
0 650 380.716 300 89
0 650 380.807 300 89
0 650 380.902 300 89
0 650 380.998 300 89
0 650 381.087 300 89
0 650 381.18 300 89
0 650 381.28 300 89
0 650 381.37 300 89
0 650 381.45 300 89
0 650 381.544 300 89
0 650 381.632 300 89
0 650 381.729 300 89
0 650 381.82 300 89
0 650 381.912 300 89
0 650 382.008 300 89
0 650 382.098 300 89
0 650 382.181 300 89
0 650 382.263 300 89
0 650 382.35 300 89
0 650 382.432 300 89
0 650 382.529 300 89
0 650 382.612 300 89
0 650 382.7 300 89
0 650 382.783 300 89
0 650 382.874 300 89
0 650 382.961 300 89
0 650 383.049 300 89
0 650 383.138 300 89
0 650 383.224 300 89
0 650 383.318 300 89
0 650 383.415 300 89
0 650 383.487 300 89
0 650 383.558 300 89
0 650 383.623 300 89
0 650 383.693 300 89
0 650 383.76 300 89
0 650 383.826 300 89
0 650 383.886 300 89
0 650 383.949 300 89
0 650 384.01 300 89
0 650 384.072 300 89
0 650 384.137 300 89
0 650 384.208 300 89
0 650 384.27 300 89
0 650 384.331 300 89
0 650 384.4 300 89
0 650 384.468 300 89
0 650 384.531 300 89
0 650 384.593 300 89
0 650 384.659 300 89
0 650 384.721 300 89
0 650 384.79 300 89
0 650 384.852 300 89
0 650 384.914 300 89
0 650 384.976 300 89
0 650 385.038 300 89
0 650 385.101 300 89
0 650 385.159 300 89
0 650 385.227 300 89
0 650 385.29 300 89
0 650 385.355 300 89
0 650 385.414 300 89
0 650 385.479 300 89
0 650 385.543 300 89
0 650 385.604 300 89
0 650 385.663 300 89
0 650 385.726 300 89
0 650 385.794 300 89
0 650 385.857 300 89
0 650 385.921 300 89
0 650 385.982 300 89
0 650 386.044 300 89
0 650 386.106 300 89
0 650 386.174 300 89
0 650 386.228 300 89
0 650 386.296 300 89
0 650 386.363 300 89
0 650 386.426 300 89
0 650 386.479 300 89
0 650 386.542 300 89
0 650 386.628 300 89
0 650 386.689 300 89
0 650 386.752 300 89
0 650 386.816 300 89
0 650 386.886 300 89
0 650 386.949 300 89
0 650 387.013 300 89
0 650 387.076 300 89
0 650 387.14 300 89
0 650 387.202 300 89
0 650 387.271 300 89
0 650 387.336 300 89
0 650 387.397 300 89
0 650 387.458 300 89
0 650 387.524 300 89
0 650 387.587 300 89
0 650 387.654 300 89
0 650 387.714 300 89
0 650 387.777 300 89
0 650 387.842 300 89
0 650 387.906 300 89
0 650 387.969 300 89
0 650 388.04 300 89
0 650 388.109 300 89
0 650 388.175 300 89
0 650 388.239 300 89
0 650 388.305 300 89
0 650 388.369 300 89
0 650 388.428 300 89
0 650 388.491 300 89
0 650 388.55 300 89
0 650 388.617 300 89
0 650 388.681 300 89
0 650 388.742 300 89
0 650 388.809 300 89
0 650 388.854 300 89
0 650 388.919 300 89
0 650 388.983 300 89
0 650 389.045 300 89
0 650 389.09 300 89
0 650 389.154 300 89
0 650 389.225 300 89
0 650 389.296 300 89
0 650 389.359 300 89
0 650 389.423 300 89
0 650 389.487 300 89
0 650 389.551 300 89
0 650 389.593 300 89
0 650 389.653 300 89
0 650 389.72 300 89
0 650 389.777 300 89
0 650 389.842 300 89
0 650 389.899 300 89
0 650 389.964 300 89
0 650 390.029 300 89
0 650 390.094 300 89
0 650 390.161 300 89
0 650 390.228 300 89
0 650 390.29 300 89
0 650 390.355 300 89
0 650 390.405 300 89
0 650 390.471 300 89
0 650 390.535 300 89
0 650 390.599 300 89
0 650 390.665 300 89
0 650 390.733 300 89
0 650 390.803 300 89
0 650 390.866 300 89
0 650 390.93 300 89
0 650 390.996 300 89
0 650 391.061 300 89
0 650 391.129 300 89
0 650 391.191 300 89
0 650 391.258 300 89
0 650 391.319 300 89
0 650 391.382 300 89
0 650 391.439 300 89
0 650 391.497 300 89
0 650 391.559 300 89
0 650 391.624 300 89
0 650 391.689 300 89
0 650 391.754 300 89
0 650 391.817 300 89
0 650 391.882 300 89
0 650 391.944 300 89
0 650 392.005 300 89
0 650 392.065 300 89
0 650 392.126 300 89
0 650 392.189 300 89
0 650 392.249 300 89
0 650 392.31 300 89
0 650 392.376 300 89
0 650 392.436 300 89
0 650 392.499 300 89
0 650 392.56 300 89
0 650 392.622 300 89
0 650 392.687 300 89
0 650 392.744 300 89
0 650 392.803 300 89
0 650 392.857 300 89
0 650 392.922 300 89
0 650 392.989 300 89
0 650 393.048 300 89
0 650 393.108 300 89
0 650 393.174 300 89
0 650 393.232 300 89
0 650 393.292 300 89
0 650 393.387 300 89
0 650 393.476 300 89
0 650 393.564 300 89
0 650 393.653 300 89
0 650 393.736 300 89
0 650 393.825 300 89
0 650 393.906 300 89
0 650 393.996 300 89
0 650 394.083 300 89
0 650 394.173 300 89
0 650 394.266 300 89
0 650 394.362 300 89
0 650 394.459 300 89
0 650 394.546 300 89
0 650 394.633 300 89
0 650 394.723 300 89
0 650 394.814 300 89
0 650 394.902 300 89
0 650 394.99 300 89
0 650 395.073 300 89
0 650 395.163 300 89
0 650 395.251 300 89
0 650 395.341 300 89
0 650 395.418 300 89
0 650 395.513 300 89
0 650 395.613 300 89
0 650 395.702 300 89
0 650 395.795 300 89
0 650 395.882 300 89
0 650 395.982 300 89
0 650 396.081 300 89
0 650 396.18 300 89
0 650 396.271 300 89
0 650 396.366 300 89
0 650 396.462 300 89
0 650 396.559 300 89
0 650 396.662 300 89
0 650 396.756 300 89
0 650 396.842 300 89
0 650 396.927 300 89
0 650 397.015 300 89
0 650 397.107 300 89
0 650 397.197 300 89
0 650 397.284 300 89
0 650 397.376 300 89
0 650 397.475 300 89
0 650 397.573 300 89
0 650 397.677 300 89
0 650 397.767 300 89
0 650 397.853 300 89
0 650 397.947 300 89
0 650 398.038 300 89
0 650 398.128 300 89
0 650 398.22 300 89
0 650 398.301 300 89
0 650 398.399 300 89
0 650 398.494 300 89
0 650 398.554 300 89
0 650 398.646 300 89
0 650 398.738 300 89
0 650 398.82 300 89
0 650 398.912 300 89
0 650 398.994 300 89
0 650 399.077 300 89
0 650 399.167 300 89
0 650 399.256 300 89
0 650 399.347 300 89
0 650 399.432 300 89
0 650 399.524 300 89
0 650 399.612 300 89
0 650 399.71 300 89
0 650 399.799 300 89
0 650 399.89 300 89
0 650 399.968 300 89
0 650 400.031 300 89
0 650 400.095 300 89
0 650 400.16 300 89
0 650 400.227 300 89
0 650 400.287 300 89
0 650 400.349 300 89
0 650 400.41 300 89
0 650 400.469 300 89
0 650 400.535 300 89
0 650 400.602 300 89
0 650 400.689 300 89
0 650 400.783 300 89
0 650 400.884 300 89
0 650 400.977 300 89
0 650 401.068 300 89
0 650 401.162 300 89
0 650 401.252 300 89
0 650 401.349 300 89
0 650 401.438 300 89
0 650 401.523 300 89
0 650 401.603 300 89
0 650 401.684 300 89
0 650 401.768 300 89
0 650 401.856 300 89
0 650 401.938 300 89
0 650 402.022 300 89
0 650 402.115 300 89
0 650 402.211 300 89
0 650 402.299 300 89
0 650 402.388 300 89
0 650 402.485 300 89
0 650 402.573 300 89
0 650 402.652 300 89
0 650 402.75 300 89
0 650 402.838 300 89
0 650 402.929 300 89
0 650 403.014 300 89
0 650 403.103 300 89
0 650 403.2 300 89
0 650 403.28 300 89
0 650 403.376 300 89
0 650 403.466 300 89
0 650 403.55 300 89
0 650 403.642 300 89
0 650 403.73 300 89
0 650 403.81 300 89
0 650 403.904 300 89
0 650 403.984 300 89
0 650 404.076 300 89
0 650 404.169 300 89
0 650 404.256 300 89
0 650 404.345 300 89
0 650 404.416 300 89
0 650 404.506 300 89
0 650 404.591 300 89
0 650 404.677 300 89
0 650 404.77 300 89
0 650 404.847 300 89
0 650 404.941 300 89
0 650 405.027 300 89
0 650 405.108 300 89
0 650 405.193 300 89
0 650 405.285 300 89
0 650 405.365 300 89
0 650 405.443 300 89
0 650 405.528 300 89
0 650 405.617 300 89
0 650 405.701 300 89
0 650 405.792 300 89
0 650 405.88 300 89
0 650 405.958 300 89
0 650 406.055 300 89
0 650 406.152 300 89
0 650 406.242 300 89
0 650 406.335 300 89
0 650 406.422 300 89
0 650 406.509 300 89
0 650 406.597 300 89
0 650 406.687 300 89
0 650 406.781 300 89
0 650 406.867 300 89
0 650 406.952 300 89
0 650 407.045 300 89
0 650 407.139 300 89
0 650 407.202 300 89
0 650 407.268 300 89
0 650 407.354 300 89
0 650 407.44 300 89
0 650 407.524 300 89
0 650 407.614 300 89
0 650 407.723 300 89
0 650 407.817 300 89
0 650 407.915 300 89
0 650 408.006 300 89
0 650 408.095 300 89
0 650 408.194 300 89
0 650 408.283 300 89
0 650 408.375 300 89
0 650 408.461 300 89
0 650 408.548 300 89
0 650 408.641 300 89
0 650 408.735 300 89
0 650 408.825 300 89
0 650 408.919 300 89
0 650 409.009 300 89
0 650 409.111 300 89
0 650 409.201 300 89
0 650 409.3 300 89
0 650 409.387 300 89
0 650 409.475 300 89
0 650 409.572 300 89
0 650 409.664 300 89
0 650 409.754 300 89
0 650 409.843 300 89
0 650 409.932 300 89
0 650 410.018 300 89
0 650 410.099 300 89
0 650 410.209 300 89
0 650 410.299 300 89
0 650 410.392 300 89
0 650 410.478 300 89
0 650 410.576 300 89
0 650 410.666 300 89
0 650 410.762 300 89
0 650 410.853 300 89
0 650 410.945 300 89
0 650 411.045 300 89
0 650 411.137 300 89
0 650 411.215 300 89
0 650 411.311 300 89
0 650 411.404 300 89
0 650 411.507 300 89
0 650 411.601 300 89
0 650 411.694 300 89
0 650 411.783 300 89
0 650 411.869 300 89
0 650 411.966 300 89
0 650 412.055 300 89
0 650 412.149 300 89
0 650 412.275 300 89
0 650 412.36 300 89
0 650 412.452 300 89
0 650 412.545 300 89
0 650 412.637 300 89
0 650 412.733 300 89
0 650 412.829 300 89
0 650 412.933 300 89
0 650 413.026 300 89
0 650 413.116 300 89
0 650 413.213 300 89
0 650 413.311 300 89
0 650 413.408 300 89
0 650 413.495 300 89
0 650 413.591 300 89
0 650 413.683 300 89
0 650 413.764 300 89
0 650 413.857 300 89
0 650 413.951 300 89
0 650 414.039 300 89
0 650 414.141 300 89
0 650 414.227 300 89
0 650 414.315 300 89
0 650 414.404 300 89
0 650 414.497 300 89
0 650 414.59 300 89
0 650 414.68 300 89
0 650 414.776 300 89
0 650 414.86 300 89
0 650 414.936 300 89
0 650 415.023 300 89
0 650 415.115 300 89
0 650 415.201 300 89
0 650 415.293 300 89
0 650 415.387 300 89
0 650 415.477 300 89
0 650 415.566 300 89
0 650 415.651 300 89
0 650 415.736 300 89
0 650 415.823 300 89
0 650 415.908 300 89
0 650 416.002 300 89
0 650 416.092 300 89
0 650 416.179 300 89
0 650 416.264 300 89
0 650 416.362 300 89
0 650 416.46 300 89
0 650 416.557 300 89
0 650 416.655 300 89
0 650 416.745 300 89
0 650 416.837 300 89
0 650 416.927 300 89
0 650 417.01 300 89
0 650 417.107 300 89
0 650 417.201 300 89
0 650 417.296 300 89
0 650 417.387 300 89
0 650 417.472 300 89
0 650 417.561 300 89
0 650 417.653 300 89
0 650 417.737 300 89
0 650 417.825 300 89
0 650 417.913 300 89
0 650 417.999 300 89
0 650 418.091 300 89
0 650 418.185 300 89
0 650 418.276 300 89
0 650 418.363 300 89
0 650 418.448 300 89
0 650 418.536 300 89
0 650 418.651 300 89
0 650 418.731 300 89
0 650 418.817 300 89
0 650 418.897 300 89
0 650 418.976 300 89
0 650 419.061 300 89
0 650 419.162 300 89
0 650 419.244 300 89
0 650 419.332 300 89
0 650 419.42 300 89
0 650 419.493 300 89
0 650 419.585 300 89
0 650 419.667 300 89
0 650 419.756 300 89
0 650 419.844 300 89
0 650 419.934 300 89
0 650 420.017 300 89
0 650 420.101 300 89
0 650 420.195 300 89
0 650 420.286 300 89
0 650 420.377 300 89
0 650 420.462 300 89
0 650 420.576 300 89
0 650 420.679 300 89
0 650 420.778 300 89
0 650 420.875 300 89
0 650 420.962 300 89
0 650 421.052 300 89
0 650 421.141 300 89
0 650 421.232 300 89
0 650 421.321 300 89
0 650 421.41 300 89
0 650 421.503 300 89
0 650 421.597 300 89
0 650 421.691 300 89
0 650 421.786 300 89
0 650 421.854 300 89
0 650 421.944 300 89
0 650 422.028 300 89
0 650 422.11 300 89
0 650 422.21 300 89
0 650 422.303 300 89
0 650 422.391 300 89
0 650 422.474 300 89
0 650 422.558 300 89
0 650 422.652 300 89
0 650 422.739 300 89
0 650 422.827 300 89
0 650 422.926 300 89
0 650 423.025 300 89
0 650 423.121 300 89
0 650 423.214 300 89
0 650 423.299 300 89
0 650 423.382 300 89
0 650 423.478 300 89
0 650 423.562 300 89
0 650 423.648 300 89
0 650 423.739 300 89
0 650 423.827 300 89
0 650 423.91 300 89
0 650 424.004 300 89
0 650 424.09 300 89
0 650 424.183 300 89
0 650 424.273 300 89
0 650 424.373 300 89
0 650 424.462 300 89
0 650 424.56 300 89
0 650 424.648 300 89
0 650 424.738 300 89
0 650 424.832 300 89
0 650 424.917 300 89
0 650 425.005 300 89
0 650 425.096 300 89
0 650 425.185 300 89
0 650 425.269 300 89
0 650 425.366 300 89
0 650 425.462 300 89
0 650 425.55 300 89
0 650 425.637 300 89
0 650 425.712 300 89
0 650 425.792 300 89
0 650 425.909 300 89
0 650 425.994 300 89
0 650 426.085 300 89
0 650 426.168 300 89
0 650 426.259 300 89
0 650 426.345 300 89
0 650 426.428 300 89
0 650 426.51 300 89
0 650 426.596 300 89
0 650 426.686 300 89
0 650 426.777 300 89
0 650 426.855 300 89
0 650 426.942 300 89
0 650 427.026 300 89
0 650 427.118 300 89
0 650 427.205 300 89
0 650 427.284 300 89
0 650 427.374 300 89
0 650 427.462 300 89
0 650 427.542 300 89
0 650 427.622 300 89
0 650 427.702 300 89
0 650 427.782 300 89
0 650 427.868 300 89
0 650 427.967 300 89
0 650 428.054 300 89
0 650 428.14 300 89
0 650 428.221 300 89
0 650 428.3 300 89
0 650 428.396 300 89
0 650 428.487 300 89
0 650 428.617 300 89
0 650 428.705 300 89
0 650 428.788 300 89
0 650 428.877 300 89
0 650 428.959 300 89
0 650 429.047 300 89
0 650 429.132 300 89
0 650 429.22 300 89
0 650 429.292 300 89
0 650 429.38 300 89
0 650 429.465 300 89
0 650 429.553 300 89
0 650 429.637 300 89
0 650 429.708 300 89
0 650 429.796 300 89
0 650 429.878 300 89
0 650 429.958 300 89
0 650 430.025 300 89
0 650 430.104 300 89
0 650 430.19 300 89
0 650 430.277 300 89
0 650 430.366 300 89
0 650 430.453 300 89
0 650 430.532 300 89
0 650 430.615 300 89
0 650 430.707 300 89
0 650 430.792 300 89
0 650 430.873 300 89
0 650 430.967 300 89
0 650 431.051 300 89
0 650 431.139 300 89
0 650 431.23 300 89
0 650 431.325 300 89
0 650 431.415 300 89
0 650 431.502 300 89
0 650 431.586 300 89
0 650 431.669 300 89
0 650 431.753 300 89
0 650 431.84 300 89
0 650 431.924 300 89
0 650 432.006 300 89
0 650 432.09 300 89
0 650 432.177 300 89
0 650 432.262 300 89
0 650 432.37 300 89
0 650 432.455 300 89
0 650 432.546 300 89
0 650 432.637 300 89
0 650 432.718 300 89
0 650 432.8 300 89
0 650 432.885 300 89
0 650 432.964 300 89
0 650 433.04 300 89
0 650 433.129 300 89
0 650 433.215 300 89
0 650 433.304 300 89
0 650 433.394 300 89
0 650 433.47 300 89
0 650 433.562 300 89
0 650 433.65 300 89
0 650 433.725 300 89
0 650 433.809 300 89
0 650 433.893 300 89
0 650 433.985 300 89
0 650 434.047 300 89
0 650 434.134 300 89
0 650 434.217 300 89
0 650 434.303 300 89
0 650 434.386 300 89
0 650 434.47 300 89
0 650 434.561 300 89
0 650 434.646 300 89
0 650 434.724 300 89
0 650 434.806 300 89
0 650 434.895 300 89
0 650 434.983 300 89
0 650 435.073 300 89
0 650 435.165 300 89
0 650 435.257 300 89
0 650 435.338 300 89
0 650 435.421 300 89
0 650 435.508 300 89
0 650 435.597 300 89
0 650 435.686 300 89
0 650 435.77 300 89
0 650 435.864 300 89
0 650 435.954 300 89
0 650 436.042 300 89
0 650 436.126 300 89
0 650 436.214 300 89
0 650 436.301 300 89
0 650 436.386 300 89
0 650 436.475 300 89
0 650 436.574 300 89
0 650 436.733 300 89
0 650 436.831 300 89
0 650 436.98 300 89
0 650 437.083 300 89
0 650 437.174 300 89
0 650 437.262 300 89
0 650 437.349 300 89
0 650 437.441 300 89
0 650 437.542 300 89
0 650 437.636 300 89
0 650 437.719 300 89
0 650 437.806 300 89
0 650 437.895 300 89
0 650 437.982 300 89
0 650 438.067 300 89
0 650 438.124 300 89
0 650 438.219 300 89
0 650 438.297 300 89
0 650 438.379 300 89
0 650 438.456 300 89
0 650 438.542 300 89
0 650 438.634 300 89
0 650 438.719 300 89
0 650 438.807 300 89
0 650 438.897 300 89
0 650 438.987 300 89
0 650 439.071 300 89
0 650 439.158 300 89
0 650 439.246 300 89
0 650 439.339 300 89
0 650 439.414 300 89
0 650 439.497 300 89
0 650 439.58 300 89
0 650 439.662 300 89
0 650 439.751 300 89
0 650 439.837 300 89
0 650 439.929 300 89
0 650 440.026 300 89
0 650 440.116 300 89
0 650 440.199 300 89
0 650 440.293 300 89
0 650 440.387 300 89
0 650 440.474 300 89
0 650 440.565 300 89
0 650 440.654 300 89
0 650 440.734 300 89
0 650 440.822 300 89
0 650 440.907 300 89
0 650 440.992 300 89
0 650 441.092 300 89
0 650 441.18 300 89
0 650 441.274 300 89
0 650 441.365 300 89
0 650 441.448 300 89
0 650 441.528 300 89
0 650 441.611 300 89
0 650 441.699 300 89
0 650 441.79 300 89
0 650 441.878 300 89
0 650 441.966 300 89
0 650 442.053 300 89
0 650 442.174 300 89
0 650 442.264 300 89
0 650 442.346 300 89
0 650 442.436 300 89
0 650 442.532 300 89
0 650 442.614 300 89
0 650 442.695 300 89
0 650 442.78 300 89
0 650 442.87 300 89
0 650 442.96 300 89
0 650 443.054 300 89
0 650 443.138 300 89
0 650 443.237 300 89
0 650 443.327 300 89
0 650 443.418 300 89
0 650 443.511 300 89
0 650 443.596 300 89
0 650 443.682 300 89
0 650 443.767 300 89
0 650 443.853 300 89
0 650 443.945 300 89
0 650 444.035 300 89
0 650 444.124 300 89
0 650 444.219 300 89
0 650 444.308 300 89
0 650 444.394 300 89
0 650 444.485 300 89
0 650 444.579 300 89
0 650 444.665 300 89
0 650 444.761 300 89
0 650 444.853 300 89
0 650 444.945 300 89
0 650 445.032 300 89
0 650 445.119 300 89
0 650 445.21 300 89
0 650 445.297 300 89
0 650 445.385 300 89
0 650 445.47 300 89
0 650 445.563 300 89
0 650 445.652 300 89
0 650 445.739 300 89
0 650 445.83 300 89
0 650 445.922 300 89
0 650 446.015 300 89
0 650 446.115 300 89
0 650 446.205 300 89
0 650 446.291 300 89
0 650 446.381 300 89
0 650 446.473 300 89
0 650 446.566 300 89
0 650 446.657 300 89
0 650 446.743 300 89
0 650 446.839 300 89
0 650 446.932 300 89
0 650 447.019 300 89
0 650 447.111 300 89
0 650 447.199 300 89
0 650 447.278 300 89
0 650 447.367 300 89
0 650 447.456 300 89
0 650 447.546 300 89
0 650 447.641 300 89
0 650 447.729 300 89
0 650 447.792 300 89
0 650 447.877 300 89
0 650 447.975 300 89
0 650 448.064 300 89
0 650 448.158 300 89
0 650 448.246 300 89
0 650 448.336 300 89
0 650 448.423 300 89
0 650 448.494 300 89
0 650 448.586 300 89
0 650 448.67 300 89
0 650 448.763 300 89
0 650 448.849 300 89
0 650 448.926 300 89
0 650 449.015 300 89
0 650 449.1 300 89
0 650 449.193 300 89
0 650 449.281 300 89
0 650 449.36 300 89
0 650 449.446 300 89
0 650 449.535 300 89
0 650 449.628 300 89
0 650 449.718 300 89
0 650 449.807 300 89
0 650 449.9 300 89
0 650 449.997 300 89
0 650 450.09 300 89
0 650 450.18 300 89
0 650 450.271 300 89
0 650 450.368 300 89
0 650 450.453 300 89
0 650 450.541 300 89
0 650 450.642 300 89
0 650 450.715 300 89
0 650 450.812 300 89
0 650 450.905 300 89
0 650 451 300 89
0 650 451.095 300 89
0 650 451.199 300 89
0 650 451.287 300 89
0 650 451.375 300 89
0 650 451.466 300 89
0 650 451.551 300 89
0 650 451.642 300 89
0 650 451.739 300 89
0 650 451.83 300 89
0 650 451.953 300 89
0 650 452.047 300 89
0 650 452.13 300 89
0 650 452.215 300 89
0 650 452.309 300 89
0 650 452.398 300 89
0 650 452.494 300 89
0 650 452.583 300 89
0 650 452.672 300 89
0 650 452.759 300 89
0 650 452.852 300 89
0 650 452.942 300 89
0 650 453.015 300 89
0 650 453.073 300 89
0 650 453.142 300 89
0 650 453.203 300 89
0 650 453.273 300 89
0 650 453.333 300 89
0 650 453.388 300 89
0 650 453.447 300 89
0 650 453.555 300 89
0 650 453.62 300 89
0 650 453.685 300 89
0 650 453.747 300 89
0 650 453.811 300 89
0 650 453.873 300 89
0 650 453.939 300 89
0 650 454.012 300 89
0 650 454.074 300 89
0 650 454.139 300 89
0 650 454.201 300 89
0 650 454.263 300 89
0 650 454.323 300 89
0 650 454.384 300 89
0 650 454.442 300 89
0 650 454.501 300 89
0 650 454.564 300 89
0 650 454.625 300 89
0 650 454.679 300 89
0 650 454.74 300 89
0 650 454.801 300 89
0 650 454.866 300 89
0 650 454.927 300 89
0 650 454.992 300 89
0 650 455.071 300 89
0 650 455.135 300 89
0 650 455.203 300 89
0 650 455.267 300 89
0 650 455.345 300 89
0 650 455.404 300 89
0 650 455.468 300 89
0 650 455.527 300 89
0 650 455.589 300 89
0 650 455.652 300 89
0 650 455.71 300 89
0 650 455.776 300 89
0 650 455.838 300 89
0 650 455.896 300 89
0 650 455.961 300 89
0 650 456.025 300 89
0 650 456.087 300 89
0 650 456.153 300 89
0 650 456.218 300 89
0 650 456.28 300 89
0 650 456.343 300 89
0 650 456.406 300 89
0 650 456.469 300 89
0 650 456.53 300 89
0 650 456.612 300 89
0 650 456.672 300 89
0 650 456.738 300 89
0 650 456.805 300 89
0 650 456.868 300 89
0 650 456.929 300 89
0 650 456.989 300 89
0 650 457.05 300 89
0 650 457.111 300 89
0 650 457.176 300 89
0 650 457.241 300 89
0 650 457.306 300 89
0 650 457.376 300 89
0 650 457.437 300 89
0 650 457.503 300 89
0 650 457.561 300 89
0 650 457.626 300 89
0 650 457.69 300 89
0 650 457.75 300 89
0 650 457.81 300 89
0 650 457.871 300 89
0 650 457.933 300 89
0 650 458.012 300 89
0 650 458.115 300 89
0 650 458.211 300 89
0 650 458.313 300 89
0 650 458.393 300 89
0 650 458.49 300 89
0 650 458.578 300 89
0 650 458.672 300 89
0 650 458.768 300 89
0 650 458.855 300 89
0 650 458.96 300 89
0 650 459.045 300 89
0 650 459.132 300 89
0 650 459.232 300 89
0 650 459.322 300 89
0 650 459.405 300 89
0 650 459.49 300 89
0 650 459.585 300 89
0 650 459.671 300 89
0 650 459.763 300 89
0 650 459.85 300 89
0 650 459.942 300 89
0 650 460.029 300 89
0 650 460.108 300 89
0 650 460.195 300 89
0 650 460.288 300 89
0 650 460.377 300 89
0 650 460.467 300 89
0 650 460.564 300 89
0 650 460.66 300 89
0 650 460.755 300 89
0 650 460.852 300 89
0 650 460.953 300 89
0 650 461.038 300 89
0 650 461.137 300 89
0 650 461.225 300 89
0 650 461.317 300 89
0 650 461.41 300 89
0 650 461.502 300 89
0 650 461.598 300 89
0 650 461.699 300 89
0 650 461.789 300 89
0 650 461.881 300 89
0 650 461.974 300 89
0 650 462.075 300 89
0 650 462.165 300 89
0 650 462.258 300 89
0 650 462.349 300 89
0 650 462.44 300 89
0 650 462.545 300 89
0 650 462.644 300 89
0 650 462.737 300 89
0 650 462.834 300 89
0 650 462.929 300 89
0 650 463.021 300 89
0 650 463.109 300 89
0 650 463.192 300 89
0 650 463.282 300 89
0 650 463.375 300 89
0 650 463.466 300 89
0 650 463.552 300 89
0 650 463.65 300 89
0 650 463.739 300 89
0 650 463.826 300 89
0 650 463.924 300 89
0 650 464.015 300 89
0 650 464.11 300 89
0 650 464.199 300 89
0 650 464.295 300 89
0 650 464.385 300 89
0 650 464.483 300 89
0 650 464.572 300 89
0 650 464.666 300 89
0 650 464.755 300 89
0 650 464.843 300 89
0 650 464.944 300 89
0 650 465.027 300 89
0 650 465.111 300 89
0 650 465.194 300 89
0 650 465.288 300 89
0 650 465.381 300 89
0 650 465.477 300 89
0 650 465.568 300 89
0 650 465.657 300 89
0 650 465.743 300 89
0 650 465.835 300 89
0 650 465.922 300 89
0 650 466.016 300 89
0 650 466.112 300 89
0 650 466.197 300 89
0 650 466.281 300 89
0 650 466.367 300 89
0 650 466.46 300 89
0 650 466.551 300 89
0 650 466.633 300 89
0 650 466.724 300 89
0 650 466.812 300 89
0 650 466.895 300 89
0 650 466.984 300 89
0 650 467.067 300 89
0 650 467.146 300 89
0 650 467.227 300 89
0 650 467.283 300 89
0 650 467.359 300 89
0 650 467.448 300 89
0 650 467.545 300 89
0 650 467.632 300 89
0 650 467.721 300 89
0 650 467.81 300 89
0 650 467.892 300 89
0 650 467.976 300 89
0 650 468.07 300 89
0 650 468.162 300 89
0 650 468.254 300 89
0 650 468.343 300 89
0 650 468.432 300 89
0 650 468.519 300 89
0 650 468.605 300 89
0 650 468.697 300 89
0 650 468.785 300 89
0 650 468.872 300 89
0 650 468.964 300 89
0 650 469.047 300 89
0 650 469.127 300 89
0 650 469.221 300 89
0 650 469.313 300 89
0 650 469.412 300 89
0 650 469.499 300 89
0 650 469.592 300 89
0 650 469.685 300 89
0 650 469.776 300 89
0 650 469.885 300 89
0 650 469.971 300 89
0 650 470.059 300 89
0 650 470.148 300 89
0 650 470.242 300 89
0 650 470.34 300 89
0 650 470.436 300 89
0 650 470.523 300 89
0 650 470.603 300 89
0 650 470.689 300 89
0 650 470.768 300 89
0 650 470.863 300 89
0 650 470.95 300 89
0 650 471.042 300 89
0 650 471.143 300 89
0 650 471.228 300 89
0 650 471.315 300 89
0 650 471.409 300 89
0 650 471.507 300 89
0 650 471.6 300 89
0 650 471.694 300 89
0 650 471.78 300 89
0 650 471.876 300 89
0 650 471.975 300 89
0 650 472.071 300 89
0 650 472.167 300 89
0 650 472.259 300 89
0 650 472.354 300 89
0 650 472.454 300 89
0 650 472.556 300 89
0 650 472.648 300 89
0 650 472.736 300 89
0 650 472.829 300 89
0 650 472.921 300 89
0 650 473.012 300 89
0 650 473.1 300 89
0 650 473.192 300 89
0 650 473.293 300 89
0 650 473.381 300 89
0 650 473.467 300 89
0 650 473.563 300 89
0 650 473.661 300 89
0 650 473.75 300 89
0 650 473.843 300 89
0 650 473.939 300 89
0 650 474.024 300 89
0 650 474.119 300 89
0 650 474.21 300 89
0 650 474.307 300 89
0 650 474.403 300 89
0 650 474.492 300 89
0 650 474.593 300 89
0 650 474.683 300 89
0 650 474.78 300 89
0 650 474.872 300 89
0 650 474.967 300 89
0 650 475.051 300 89
0 650 475.151 300 89
0 650 475.239 300 89
0 650 475.343 300 89
0 650 475.442 300 89
0 650 475.537 300 89
0 650 475.634 300 89
0 650 475.74 300 89
0 650 475.834 300 89
0 650 475.926 300 89
0 650 476.022 300 89
0 650 476.119 300 89
0 650 476.22 300 89
0 650 476.31 300 89
0 650 476.397 300 89
0 650 476.501 300 89
0 650 476.601 300 89
0 650 476.692 300 89
0 650 476.792 300 89
0 650 476.888 300 89
0 650 476.988 300 89
0 650 477.087 300 89
0 650 477.175 300 89
0 650 477.271 300 89
0 650 477.359 300 89
0 650 477.46 300 89
0 650 477.557 300 89
0 650 477.651 300 89
0 650 477.74 300 89
0 650 477.828 300 89
0 650 477.924 300 89
0 650 478.028 300 89
0 650 478.121 300 89
0 650 478.2 300 89
0 650 478.295 300 89
0 650 478.399 300 89
0 650 478.478 300 89
0 650 478.544 300 89
0 650 478.61 300 89
0 650 478.673 300 89
0 650 478.742 300 89
0 650 478.828 300 89
0 650 478.921 300 89
0 650 478.973 300 89
0 650 479.065 300 89
0 650 479.157 300 89
0 650 479.243 300 89
0 650 479.327 300 89
0 650 479.412 300 89
0 650 479.504 300 89
0 650 479.6 300 89
0 650 479.692 300 89
0 650 479.789 300 89
0 650 479.877 300 89
0 650 479.982 300 89
0 650 480.103 300 89
0 650 480.237 300 89
0 650 480.33 300 89
0 650 480.429 300 89
0 650 480.523 300 89
0 650 480.619 300 89
0 650 480.728 300 89
0 650 480.831 300 89
0 650 480.928 300 89
0 650 481.016 300 89
0 650 481.11 300 89
0 650 481.191 300 89
0 650 481.281 300 89
0 650 481.37 300 89
0 650 481.464 300 89
0 650 481.553 300 89
0 650 481.644 300 89
0 650 481.733 300 89
0 650 481.799 300 89
0 650 481.892 300 89
0 650 481.99 300 89
0 650 482.079 300 89
0 650 482.172 300 89
0 650 482.274 300 89
0 650 482.376 300 89
0 650 482.469 300 89
0 650 482.586 300 89
0 650 482.698 300 89
0 650 482.793 300 89
0 650 482.892 300 89
0 650 483.003 300 89
0 650 483.121 300 89
0 650 483.221 300 89
0 650 483.312 300 89
0 650 483.439 300 89
0 650 483.544 300 89
0 650 483.63 300 89
0 650 483.722 300 89
0 650 483.817 300 89
0 650 483.916 300 89
0 650 484.013 300 89
0 650 484.118 300 89
0 650 484.213 300 89
0 650 484.294 300 89
0 650 484.384 300 89
0 650 484.476 300 89
0 650 484.567 300 89
0 650 484.66 300 89
0 650 484.754 300 89
0 650 484.873 300 89
0 650 484.971 300 89
0 650 485.077 300 89
0 650 485.182 300 89
0 650 485.276 300 89
0 650 485.375 300 89
0 650 485.469 300 89
0 650 485.597 300 89
0 650 485.71 300 89
0 650 485.815 300 89
0 650 485.911 300 89
0 650 486.036 300 89
0 650 486.136 300 89
0 650 486.194 300 89
0 650 486.281 300 89
0 650 486.373 300 89
0 650 486.469 300 89
0 650 486.565 300 89
0 650 486.66 300 89
0 650 486.754 300 89
0 650 486.834 300 89
0 650 486.918 300 89
0 650 487.009 300 89
0 650 487.097 300 89
0 650 487.192 300 89
0 650 487.282 300 89
0 650 487.377 300 89
0 650 487.458 300 89
0 650 487.563 300 89
0 650 487.665 300 89
0 650 487.765 300 89
0 650 487.85 300 89
0 650 487.947 300 89
0 650 488.062 300 89
0 650 488.155 300 89
0 650 488.239 300 89
0 650 488.353 300 89
0 650 488.467 300 89
0 650 488.561 300 89
0 650 488.658 300 89
0 650 488.746 300 89
0 650 488.838 300 89
0 650 488.926 300 89
0 650 489.019 300 89
0 650 489.115 300 89
0 650 489.209 300 89
0 650 489.294 300 89
0 650 489.357 300 89
0 650 489.451 300 89
0 650 489.545 300 89
0 650 489.641 300 89
0 650 489.736 300 89
0 650 489.827 300 89
0 650 489.926 300 89
0 650 490.018 300 89
0 650 490.12 300 89
0 650 490.231 300 89
0 650 490.328 300 89
0 650 490.42 300 89
0 650 490.478 300 89
0 650 490.587 300 89
0 650 490.696 300 89
0 650 490.782 300 89
0 650 490.868 300 89
0 650 490.957 300 89
0 650 491.053 300 89
0 650 491.138 300 89
0 650 491.23 300 89
0 650 491.321 300 89
0 650 491.407 300 89
0 650 491.475 300 89
0 650 491.54 300 89
0 650 491.603 300 89
0 650 491.662 300 89
0 650 491.729 300 89
0 650 491.793 300 89
0 650 491.86 300 89
0 650 491.922 300 89
0 650 491.998 300 89
0 650 492.092 300 89
0 650 492.187 300 89
0 650 492.277 300 89
0 650 492.368 300 89
0 650 492.464 300 89
0 650 492.559 300 89
0 650 492.65 300 89
0 650 492.744 300 89
0 650 492.838 300 89
0 650 492.93 300 89
0 650 493.022 300 89
0 650 493.114 300 89
0 650 493.198 300 89
0 650 493.279 300 89
0 650 493.375 300 89
0 650 493.457 300 89
0 650 493.553 300 89
0 650 493.645 300 89
0 650 493.742 300 89
0 650 493.831 300 89
0 650 493.924 300 89
0 650 494.021 300 89
0 650 494.121 300 89
0 650 494.21 300 89
0 650 494.297 300 89
0 650 494.359 300 89
0 650 494.418 300 89
0 650 494.481 300 89
0 650 494.546 300 89
0 650 494.605 300 89
0 650 494.667 300 89
0 650 494.74 300 89
0 650 494.806 300 89
0 650 494.869 300 89
0 650 494.93 300 89
0 650 494.988 300 89
0 650 495.049 300 89
0 650 495.115 300 89
0 650 495.174 300 89
0 650 495.239 300 89
0 650 495.301 300 89
0 650 495.365 300 89
0 650 495.424 300 89
0 650 495.488 300 89
0 650 495.55 300 89
0 650 495.619 300 89
0 650 495.675 300 89
0 650 495.736 300 89
0 650 495.802 300 89
0 650 495.889 300 89
0 650 495.986 300 89
0 650 496.076 300 89
0 650 496.162 300 89
0 650 496.25 300 89
0 650 496.336 300 89
0 650 496.429 300 89
0 650 496.517 300 89
0 650 496.573 300 89
0 650 496.66 300 89
0 650 496.758 300 89
0 650 496.85 300 89
0 650 496.936 300 89
0 650 497.025 300 89
0 650 497.112 300 89
0 650 497.204 300 89
0 650 497.299 300 89
0 650 497.394 300 89
0 650 497.476 300 89
0 650 497.559 300 89
0 650 497.653 300 89
0 650 497.743 300 89
0 650 497.827 300 89
0 650 497.91 300 89
0 650 498.007 300 89
0 650 498.097 300 89
0 650 498.191 300 89
0 650 498.279 300 89
0 650 498.37 300 89
0 650 498.464 300 89
0 650 498.549 300 89
0 650 498.636 300 89
0 650 498.721 300 89
0 650 498.807 300 89
0 650 498.899 300 89
0 650 498.986 300 89
0 650 499.077 300 89
0 650 499.167 300 89
0 650 499.26 300 89
0 650 499.35 300 89
0 650 499.44 300 89
0 650 499.523 300 89
0 650 499.61 300 89
0 650 499.708 300 89
0 650 499.803 300 89
0 650 499.89 300 89
0 650 499.987 300 89
0 650 500.092 300 89
0 650 500.18 300 89
0 650 500.258 300 89
0 650 500.354 300 89
0 650 500.451 300 89
0 650 500.541 300 89
0 650 500.634 300 89
0 650 500.726 300 89
0 650 500.822 300 89
0 650 500.921 300 89
0 650 501.009 300 89
0 650 501.107 300 89
0 650 501.191 300 89
0 650 501.288 300 89
0 650 501.379 300 89
0 650 501.472 300 89
0 650 501.563 300 89
0 650 501.658 300 89
0 650 501.754 300 89
0 650 501.852 300 89
0 650 501.94 300 89
0 650 502.015 300 89
0 650 502.106 300 89
0 650 502.204 300 89
0 650 502.29 300 89
0 650 502.371 300 89
0 650 502.473 300 89
0 650 502.56 300 89
0 650 502.66 300 89
0 650 502.756 300 89
0 650 502.845 300 89
0 650 502.936 300 89
0 650 503.022 300 89
0 650 503.117 300 89
0 650 503.212 300 89
0 650 503.311 300 89
0 650 503.397 300 89
0 650 503.493 300 89
0 650 503.584 300 89
0 650 503.68 300 89
0 650 503.773 300 89
0 650 503.866 300 89
0 650 503.959 300 89
0 650 504.051 300 89
0 650 504.152 300 89
0 650 504.253 300 89
0 650 504.35 300 89
0 650 504.453 300 89
0 650 504.547 300 89
0 650 504.638 300 89
0 650 504.733 300 89
0 650 504.85 300 89
0 650 504.945 300 89
0 650 505.039 300 89
0 650 505.126 300 89
0 650 505.22 300 89
0 650 505.32 300 89
0 650 505.415 300 89
0 650 505.514 300 89
0 650 505.602 300 89
0 650 505.694 300 89
0 650 505.788 300 89
0 650 505.882 300 89
0 650 505.971 300 89
0 650 506.064 300 89
0 650 506.156 300 89
0 650 506.248 300 89
0 650 506.343 300 89
0 650 506.434 300 89
0 650 506.512 300 89
0 650 506.604 300 89
0 650 506.705 300 89
0 650 506.797 300 89
0 650 506.896 300 89
0 650 506.98 300 89
0 650 507.073 300 89
0 650 507.172 300 89
0 650 507.271 300 89
0 650 507.36 300 89
0 650 507.454 300 89
0 650 507.553 300 89
0 650 507.642 300 89
0 650 507.743 300 89
0 650 507.849 300 89
0 650 507.947 300 89
0 650 508.04 300 89
0 650 508.134 300 89
0 650 508.23 300 89
0 650 508.327 300 89
0 650 508.417 300 89
0 650 508.51 300 89
0 650 508.608 300 89
0 650 508.695 300 89
0 650 508.784 300 89
0 650 508.876 300 89
0 650 508.971 300 89
0 650 509.062 300 89
0 650 509.149 300 89
0 650 509.246 300 89
0 650 509.342 300 89
0 650 509.402 300 89
0 650 509.498 300 89
0 650 509.578 300 89
0 650 509.67 300 89
0 650 509.758 300 89
0 650 509.853 300 89
0 650 509.944 300 89
0 650 510.037 300 89
0 650 510.131 300 89
0 650 510.215 300 89
0 650 510.309 300 89
0 650 510.398 300 89
0 650 510.485 300 89
0 650 510.581 300 89
0 650 510.679 300 89
0 650 510.776 300 89
0 650 510.864 300 89
0 650 510.96 300 89
0 650 511.055 300 89
0 650 511.122 300 89
0 650 511.186 300 89
0 650 511.248 300 89
0 650 511.318 300 89
0 650 511.386 300 89
0 650 511.453 300 89
0 650 511.518 300 89
0 650 511.578 300 89
0 650 511.636 300 89
0 650 511.704 300 89
0 650 511.78 300 89
0 650 511.842 300 89
0 650 511.909 300 89
0 650 511.967 300 89
0 650 512.031 300 89
0 650 512.102 300 89
0 650 512.193 300 89
0 650 512.284 300 89
0 650 512.38 300 89
0 650 512.473 300 89
0 650 512.569 300 89
0 650 512.658 300 89
0 650 512.751 300 89
0 650 512.841 300 89
0 650 512.93 300 89
0 650 513.02 300 89
0 650 513.114 300 89
0 650 513.197 300 89
0 650 513.297 300 89
0 650 513.38 300 89
0 650 513.468 300 89
0 650 513.557 300 89
0 650 513.645 300 89
0 650 513.741 300 89
0 650 513.825 300 89
0 650 513.916 300 89
0 650 514.005 300 89
0 650 514.102 300 89
0 650 514.189 300 89
0 650 514.28 300 89
0 650 514.363 300 89
0 650 514.462 300 89
0 650 514.558 300 89
0 650 514.647 300 89
0 650 514.736 300 89
0 650 514.832 300 89
0 650 514.912 300 89
0 650 514.998 300 89
0 650 515.09 300 89
0 650 515.192 300 89
0 650 515.274 300 89
0 650 515.356 300 89
0 650 515.442 300 89
0 650 515.534 300 89
0 650 515.62 300 89
0 650 515.71 300 89
0 650 515.802 300 89
0 650 515.895 300 89
0 650 515.984 300 89
0 650 516.075 300 89
0 650 516.158 300 89
0 650 516.255 300 89
0 650 516.36 300 89
0 650 516.457 300 89
0 650 516.542 300 89
0 650 516.632 300 89
0 650 516.727 300 89
0 650 516.812 300 89
0 650 516.912 300 89
0 650 517.002 300 89
0 650 517.098 300 89
0 650 517.188 300 89
0 650 517.28 300 89
0 650 517.376 300 89
0 650 517.473 300 89
0 650 517.567 300 89
0 650 517.656 300 89
0 650 517.737 300 89
0 650 517.829 300 89
0 650 517.925 300 89
0 650 518.015 300 89
0 650 518.109 300 89
0 650 518.19 300 89
0 650 518.279 300 89
0 650 518.369 300 89
0 650 518.457 300 89
0 650 518.54 300 89
0 650 518.624 300 89
0 650 518.716 300 89
0 650 518.802 300 89
0 650 518.898 300 89
0 650 518.991 300 89
0 650 519.08 300 89
0 650 519.172 300 89
0 650 519.265 300 89
0 650 519.361 300 89
0 650 519.459 300 89
0 650 519.551 300 89
0 650 519.646 300 89
0 650 519.742 300 89
0 650 519.831 300 89
0 650 519.926 300 89
0 650 520.019 300 89
0 650 520.111 300 89
0 650 520.205 300 89
0 650 520.301 300 89
0 650 520.395 300 89
0 650 520.477 300 89
0 650 520.566 300 89
0 650 520.67 300 89
0 650 520.757 300 89
0 650 520.835 300 89
0 650 520.926 300 89
0 650 521.01 300 89
0 650 521.102 300 89
0 650 521.192 300 89
0 650 521.34 300 89
0 650 521.436 300 89
0 650 521.53 300 89
0 650 521.621 300 89
0 650 521.708 300 89
0 650 521.8 300 89
0 650 521.887 300 89
0 650 521.976 300 89
0 650 522.063 300 89
0 650 522.149 300 89
0 650 522.242 300 89
0 650 522.335 300 89
0 650 522.425 300 89
0 650 522.521 300 89
0 650 522.62 300 89
0 650 522.709 300 89
0 650 522.807 300 89
0 650 522.888 300 89
0 650 522.973 300 89
0 650 523.06 300 89
0 650 523.154 300 89
0 650 523.241 300 89
0 650 523.332 300 89
0 650 523.422 300 89
0 650 523.515 300 89
0 650 523.618 300 89
0 650 523.697 300 89
0 650 523.778 300 89
0 650 523.87 300 89
0 650 523.954 300 89
0 650 524.045 300 89
0 650 524.143 300 89
0 650 524.232 300 89
0 650 524.32 300 89
0 650 524.41 300 89
0 650 524.502 300 89
0 650 524.596 300 89
0 650 524.686 300 89
0 650 524.769 300 89
0 650 524.866 300 89
0 650 524.947 300 89
0 650 525.04 300 89
0 650 525.136 300 89
0 650 525.22 300 89
0 650 525.321 300 89
0 650 525.428 300 89
0 650 525.519 300 89
0 650 525.611 300 89
0 650 525.703 300 89
0 650 525.799 300 89
0 650 525.89 300 89
0 650 525.98 300 89
0 650 526.071 300 89
0 650 526.166 300 89
0 650 526.264 300 89
0 650 526.383 300 89
0 650 526.474 300 89
0 650 526.575 300 89
0 650 526.67 300 89
0 650 526.752 300 89
0 650 526.838 300 89
0 650 526.926 300 89
0 650 527.025 300 89
0 650 527.114 300 89
0 650 527.203 300 89
0 650 527.293 300 89
0 650 527.384 300 89
0 650 527.477 300 89
0 650 527.572 300 89
0 650 527.664 300 89
0 650 527.753 300 89
0 650 527.84 300 89
0 650 527.924 300 89
0 650 528.009 300 89
0 650 528.093 300 89
0 650 528.17 300 89
0 650 528.261 300 89
0 650 528.351 300 89
0 650 528.448 300 89
0 650 528.54 300 89
0 650 528.639 300 89
0 650 528.725 300 89
0 650 528.805 300 89
0 650 528.897 300 89
0 650 528.99 300 89
0 650 529.111 300 89
0 650 529.21 300 89
0 650 529.305 300 89
0 650 529.392 300 89
0 650 529.48 300 89
0 650 529.566 300 89
0 650 529.663 300 89
0 650 529.76 300 89
0 650 529.859 300 89
0 650 529.952 300 89
0 650 530.041 300 89
0 650 530.138 300 89
0 650 530.235 300 89
0 650 530.324 300 89
0 650 530.42 300 89
0 650 530.518 300 89
0 650 530.609 300 89
0 650 530.701 300 89
0 650 530.784 300 89
0 650 530.873 300 89
0 650 530.966 300 89
0 650 531.057 300 89
0 650 531.143 300 89
0 650 531.236 300 89
0 650 531.332 300 89
0 650 531.441 300 89
0 650 531.533 300 89
0 650 531.646 300 89
0 650 531.744 300 89
0 650 531.836 300 89
0 650 531.919 300 89
0 650 532.016 300 89
0 650 532.112 300 89
0 650 532.171 300 89
0 650 532.255 300 89
0 650 532.35 300 89
0 650 532.438 300 89
0 650 532.535 300 89
0 650 532.631 300 89
0 650 532.725 300 89
0 650 532.812 300 89
0 650 532.898 300 89
0 650 532.99 300 89
0 650 533.088 300 89
0 650 533.164 300 89
0 650 533.228 300 89
0 650 533.293 300 89
0 650 533.357 300 89
0 650 533.419 300 89
0 650 533.476 300 89
0 650 533.516 300 89
0 650 533.606 300 89
0 650 533.691 300 89
0 650 533.782 300 89
0 650 533.877 300 89
0 650 533.966 300 89
0 650 534.054 300 89
0 650 534.148 300 89
0 650 534.233 300 89
0 650 534.322 300 89
0 650 534.407 300 89
0 650 534.496 300 89
0 650 534.589 300 89
0 650 534.683 300 89
0 650 534.775 300 89
0 650 534.87 300 89
0 650 534.951 300 89
0 650 535.041 300 89
0 650 535.133 300 89
0 650 535.222 300 89
0 650 535.312 300 89
0 650 535.413 300 89
0 650 535.51 300 89
0 650 535.604 300 89
0 650 535.705 300 89
0 650 535.798 300 89
0 650 535.889 300 89
0 650 535.974 300 89
0 650 536.066 300 89
0 650 536.155 300 89
0 650 536.25 300 89
0 650 536.348 300 89
0 650 536.433 300 89
0 650 536.528 300 89
0 650 536.614 300 89
0 650 536.693 300 89
0 650 536.783 300 89
0 650 536.863 300 89
0 650 536.954 300 89
0 650 537.047 300 89
0 650 537.136 300 89
0 650 537.23 300 89
0 650 537.324 300 89
0 650 537.415 300 89
0 650 537.509 300 89
0 650 537.615 300 89
0 650 537.706 300 89
0 650 537.787 300 89
0 650 537.877 300 89
0 650 537.971 300 89
0 650 538.064 300 89
0 650 538.151 300 89
0 650 538.243 300 89
0 650 538.336 300 89
0 650 538.409 300 89
0 650 538.501 300 89
0 650 538.6 300 89
0 650 538.7 300 89
0 650 538.788 300 89
0 650 538.901 300 89
0 650 538.994 300 89
0 650 539.086 300 89
0 650 539.182 300 89
0 650 539.274 300 89
0 650 539.369 300 89
0 650 539.455 300 89
0 650 539.543 300 89
0 650 539.632 300 89
0 650 539.724 300 89
0 650 539.81 300 89
0 650 539.904 300 89
0 650 539.986 300 89
0 650 540.076 300 89
0 650 540.166 300 89
0 650 540.244 300 89
0 650 540.33 300 89
0 650 540.425 300 89
0 650 540.516 300 89
0 650 540.607 300 89
0 650 540.698 300 89
0 650 540.784 300 89
0 650 540.872 300 89
0 650 540.96 300 89
0 650 541.052 300 89
0 650 541.158 300 89
0 650 541.235 300 89
0 650 541.324 300 89
0 650 541.415 300 89
0 650 541.491 300 89
0 650 541.571 300 89
0 650 541.663 300 89
0 650 541.757 300 89
0 650 541.836 300 89
0 650 541.922 300 89
0 650 542.018 300 89
0 650 542.115 300 89
0 650 542.204 300 89
0 650 542.292 300 89
0 650 542.363 300 89
0 650 542.426 300 89
0 650 542.492 300 89
0 650 542.553 300 89
0 650 542.615 300 89
0 650 542.674 300 89
0 650 542.735 300 89
0 650 542.797 300 89
0 650 542.855 300 89
0 650 542.921 300 89
0 650 542.985 300 89
0 650 543.044 300 89
0 650 543.108 300 89
0 650 543.168 300 89
0 650 543.232 300 89
0 650 543.296 300 89
0 650 543.357 300 89
0 650 543.421 300 89
0 650 543.482 300 89
0 650 543.547 300 89
0 650 543.607 300 89
0 650 543.67 300 89
0 650 543.738 300 89
0 650 543.801 300 89
0 650 543.862 300 89
0 650 543.924 300 89
0 650 543.982 300 89
0 650 544.044 300 89
0 650 544.106 300 89
0 650 544.17 300 89
0 650 544.232 300 89
0 650 544.292 300 89
0 650 544.355 300 89
0 650 544.413 300 89
0 650 544.472 300 89
0 650 544.535 300 89
0 650 544.588 300 89
0 650 544.647 300 89
0 650 544.704 300 89
0 650 544.765 300 89
0 650 544.822 300 89
0 650 544.88 300 89
0 650 544.943 300 89
0 650 545.006 300 89
0 650 545.07 300 89
0 650 545.135 300 89
0 650 545.198 300 89
0 650 545.26 300 89
0 650 545.324 300 89
0 650 545.378 300 89
0 650 545.448 300 89
0 650 545.512 300 89
0 650 545.565 300 89
0 650 545.628 300 89
0 650 545.686 300 89
0 650 545.749 300 89
0 650 545.804 300 89
0 650 545.863 300 89
0 650 545.929 300 89
0 650 546.03 300 89
0 650 546.122 300 89
0 650 546.21 300 89
0 650 546.306 300 89
0 650 546.398 300 89
0 650 546.484 300 89
0 650 546.551 300 89
0 650 546.644 300 89
0 650 546.742 300 89
0 650 546.848 300 89
0 650 546.955 300 89
0 650 547.07 300 89
0 650 547.188 300 89
0 650 547.293 300 89
0 650 547.399 300 89
0 650 547.52 300 89
0 650 547.622 300 89
0 650 547.717 300 89
0 650 547.822 300 89
0 650 547.938 300 89
0 650 548.058 300 89
0 650 548.174 300 89
0 650 548.27 300 89
0 650 548.358 300 89
0 650 548.443 300 89
0 650 548.537 300 89
0 650 548.633 300 89
0 650 548.725 300 89
0 650 548.838 300 89
0 650 548.989 300 89
0 650 549.078 300 89
0 650 549.171 300 89
0 650 549.261 300 89
0 650 549.34 300 89
0 650 549.425 300 89
0 650 549.522 300 89
0 650 549.62 300 89
0 650 549.717 300 89
0 650 549.813 300 89
0 650 549.902 300 89
0 650 549.999 300 89
0 650 550.1 300 89
0 650 550.212 300 89
0 650 550.332 300 89
0 650 550.416 300 89
0 650 550.505 300 89
0 650 550.609 300 89
0 650 550.706 300 89
0 650 550.802 300 89
0 650 550.898 300 89
0 650 550.994 300 89
0 650 551.088 300 89
0 650 551.187 300 89
0 650 551.281 300 89
0 650 551.376 300 89
0 650 551.46 300 89
0 650 551.55 300 89
0 650 551.662 300 89
0 650 551.756 300 89
0 650 551.848 300 89
0 650 551.93 300 89
0 650 552.022 300 89
0 650 552.129 300 89
0 650 552.245 300 89
0 650 552.369 300 89
0 650 552.496 300 89
0 650 552.595 300 89
0 650 552.681 300 89
0 650 552.762 300 89
0 650 552.853 300 89
0 650 552.944 300 89
0 650 553.036 300 89
0 650 553.131 300 89
0 650 553.218 300 89
0 650 553.307 300 89
0 650 553.392 300 89
0 650 553.484 300 89
0 650 553.57 300 89
0 650 553.662 300 89
0 650 553.745 300 89
0 650 553.839 300 89
0 650 553.931 300 89
0 650 554.026 300 89
0 650 554.128 300 89
0 650 554.22 300 89
0 650 554.325 300 89
0 650 554.444 300 89
0 650 554.553 300 89
0 650 554.647 300 89
0 650 554.732 300 89
0 650 554.811 300 89
0 650 554.897 300 89
0 650 554.985 300 89
0 650 555.083 300 89
0 650 555.185 300 89
0 650 555.265 300 89
0 650 555.358 300 89
0 650 555.448 300 89
0 650 555.537 300 89
0 650 555.623 300 89
0 650 555.706 300 89
0 650 555.793 300 89
0 650 555.89 300 89
0 650 555.997 300 89
0 650 556.093 300 89
0 650 556.189 300 89
0 650 556.298 300 89
0 650 556.423 300 89
0 650 556.529 300 89
0 650 556.616 300 89
0 650 556.704 300 89
0 650 556.799 300 89
0 650 556.89 300 89
0 650 556.98 300 89
0 650 557.071 300 89
0 650 557.179 300 89
0 650 557.264 300 89
0 650 557.36 300 89
0 650 557.448 300 89
0 650 557.541 300 89
0 650 557.625 300 89
0 650 557.709 300 89
0 650 557.803 300 89
0 650 557.899 300 89
0 650 558.008 300 89
0 650 558.104 300 89
0 650 558.207 300 89
0 650 558.298 300 89
0 650 558.404 300 89
0 650 558.502 300 89
0 650 558.588 300 89
0 650 558.676 300 89
0 650 558.761 300 89
0 650 558.857 300 89
0 650 558.94 300 89
0 650 559.036 300 89
0 650 559.138 300 89
0 650 559.216 300 89
0 650 559.311 300 89
0 650 559.402 300 89
0 650 559.495 300 89
0 650 559.587 300 89
0 650 559.673 300 89
0 650 559.77 300 89
0 650 559.856 300 89
0 650 559.938 300 89
0 650 560.034 300 89
0 650 560.122 300 89
0 650 560.227 300 89
0 650 560.347 300 89
0 650 560.453 300 89
0 650 560.542 300 89
0 650 560.638 300 89
0 650 560.74 300 89
0 650 560.855 300 89
0 650 560.946 300 89
0 650 561.034 300 89
0 650 561.131 300 89
0 650 561.22 300 89
0 650 561.305 300 89
0 650 561.386 300 89
0 650 561.468 300 89
0 650 561.555 300 89
0 650 561.638 300 89
0 650 561.721 300 89
0 650 561.799 300 89
0 650 561.893 300 89
0 650 561.983 300 89
0 650 562.076 300 89
0 650 562.166 300 89
0 650 562.252 300 89
0 650 562.34 300 89
0 650 562.434 300 89
0 650 562.528 300 89
0 650 562.626 300 89
0 650 562.739 300 89
0 650 562.85 300 89
0 650 562.955 300 89
0 650 563.036 300 89
0 650 563.185 300 89
0 650 563.279 300 89
0 650 563.368 300 89
0 650 563.462 300 89
0 650 563.546 300 89
0 650 563.64 300 89
0 650 563.725 300 89
0 650 563.821 300 89
0 650 563.905 300 89
0 650 563.993 300 89
0 650 564.08 300 89
0 650 564.169 300 89
0 650 564.258 300 89
0 650 564.351 300 89
0 650 564.429 300 89
0 650 564.523 300 89
0 650 564.623 300 89
0 650 564.715 300 89
0 650 564.79 300 89
0 650 564.917 300 89
0 650 565.045 300 89
0 650 565.152 300 89
0 650 565.238 300 89
0 650 565.333 300 89
0 650 565.42 300 89
0 650 565.513 300 89
0 650 565.605 300 89
0 650 565.694 300 89
0 650 565.789 300 89
0 650 565.88 300 89
0 650 565.953 300 89
0 650 566.041 300 89
0 650 566.124 300 89
0 650 566.211 300 89
0 650 566.301 300 89
0 650 566.385 300 89
0 650 566.468 300 89
0 650 566.557 300 89
0 650 566.632 300 89
0 650 566.72 300 89
0 650 566.811 300 89
0 650 566.914 300 89
0 650 567.005 300 89
0 650 567.089 300 89
0 650 567.176 300 89
0 650 567.264 300 89
0 650 567.348 300 89
0 650 567.438 300 89
0 650 567.535 300 89
0 650 567.629 300 89
0 650 567.756 300 89
0 650 567.867 300 89
0 650 567.966 300 89
0 650 568.067 300 89
0 650 568.179 300 89
0 650 568.269 300 89
0 650 568.363 300 89
0 650 568.446 300 89
0 650 568.541 300 89
0 650 568.625 300 89
0 650 568.713 300 89
0 650 568.806 300 89
0 650 568.9 300 89
0 650 568.985 300 89
0 650 569.08 300 89
0 650 569.172 300 89
0 650 569.259 300 89
0 650 569.344 300 89
0 650 569.437 300 89
0 650 569.522 300 89
0 650 569.612 300 89
0 650 569.7 300 89
0 650 569.8 300 89
0 650 569.891 300 89
0 650 570.002 300 89
0 650 570.11 300 89
0 650 570.204 300 89
0 650 570.297 300 89
0 650 570.383 300 89
0 650 570.474 300 89
0 650 570.562 300 89
0 650 570.639 300 89
0 650 570.738 300 89
0 650 570.83 300 89
0 650 570.921 300 89
0 650 571.005 300 89
0 650 571.095 300 89
0 650 571.179 300 89
0 650 571.268 300 89
0 650 571.358 300 89
0 650 571.443 300 89
0 650 571.532 300 89
0 650 571.619 300 89
0 650 571.704 300 89
0 650 571.786 300 89
0 650 571.879 300 89
0 650 571.976 300 89
0 650 572.09 300 89
0 650 572.222 300 89
0 650 572.326 300 89
0 650 572.422 300 89
0 650 572.529 300 89
0 650 572.636 300 89
0 650 572.741 300 89
0 650 572.84 300 89
0 650 572.937 300 89
0 650 573.04 300 89
0 650 573.146 300 89
0 650 573.244 300 89
0 650 573.328 300 89
0 650 573.411 300 89
0 650 573.497 300 89
0 650 573.591 300 89
0 650 573.683 300 89
0 650 573.781 300 89
0 650 573.863 300 89
0 650 573.953 300 89
0 650 574.042 300 89
0 650 574.118 300 89
0 650 574.21 300 89
0 650 574.298 300 89
0 650 574.392 300 89
0 650 574.472 300 89
0 650 574.563 300 89
0 650 574.658 300 89
0 650 574.743 300 89
0 650 574.829 300 89
0 650 574.92 300 89
0 650 575.017 300 89
0 650 575.136 300 89
0 650 575.246 300 89
0 650 575.338 300 89
0 650 575.428 300 89
0 650 575.518 300 89
0 650 575.601 300 89
0 650 575.683 300 89
0 650 575.781 300 89
0 650 575.886 300 89
0 650 575.992 300 89
0 650 576.091 300 89
0 650 576.181 300 89
0 650 576.27 300 89
0 650 576.353 300 89
0 650 576.443 300 89
0 650 576.528 300 89
0 650 576.616 300 89
0 650 576.704 300 89
0 650 576.789 300 89
0 650 576.865 300 89
0 650 576.955 300 89
0 650 577.042 300 89
0 650 577.14 300 89
0 650 577.253 300 89
0 650 577.343 300 89
0 650 577.423 300 89
0 650 577.504 300 89
0 650 577.59 300 89
0 650 577.674 300 89
0 650 577.754 300 89
0 650 577.848 300 89
0 650 577.934 300 89
0 650 578.023 300 89
0 650 578.109 300 89
0 650 578.192 300 89
0 650 578.282 300 89
0 650 578.368 300 89
0 650 578.444 300 89
0 650 578.534 300 89
0 650 578.63 300 89
0 650 578.729 300 89
0 650 578.843 300 89
0 650 578.945 300 89
0 650 579.036 300 89
0 650 579.156 300 89
0 650 579.261 300 89
0 650 579.34 300 89
0 650 579.43 300 89
0 650 579.517 300 89
0 650 579.603 300 89
0 650 579.694 300 89
0 650 579.783 300 89
0 650 579.883 300 89
0 650 579.97 300 89
0 650 580.064 300 89
0 650 580.152 300 89
0 650 580.24 300 89
0 650 580.325 300 89
0 650 580.407 300 89
0 650 580.495 300 89
0 650 580.586 300 89
0 650 580.669 300 89
0 650 580.759 300 89
0 650 580.847 300 89
0 650 580.948 300 89
0 650 581.049 300 89
0 650 581.145 300 89
0 650 581.253 300 89
0 650 581.348 300 89
0 650 581.44 300 89
0 650 581.525 300 89
0 650 581.634 300 89
0 650 581.745 300 89
0 650 581.841 300 89
0 650 581.943 300 89
0 650 582.032 300 89
0 650 582.141 300 89
0 650 582.226 300 89
0 650 582.317 300 89
0 650 582.404 300 89
0 650 582.51 300 89
0 650 582.621 300 89
0 650 582.714 300 89
0 650 582.792 300 89
0 650 582.879 300 89
0 650 582.961 300 89
0 650 583.042 300 89
0 650 583.129 300 89
0 650 583.228 300 89
0 650 583.323 300 89
0 650 583.411 300 89
0 650 583.504 300 89
0 650 583.594 300 89
0 650 583.683 300 89
0 650 583.773 300 89
0 650 583.851 300 89
0 650 583.936 300 89
0 650 584.03 300 89
0 650 584.112 300 89
0 650 584.2 300 89
0 650 584.288 300 89
0 650 584.377 300 89
0 650 584.462 300 89
0 650 584.578 300 89
0 650 584.7 300 89
0 650 584.783 300 89
0 650 584.872 300 89
0 650 584.961 300 89
0 650 585.043 300 89
0 650 585.127 300 89
0 650 585.21 300 89
0 650 585.308 300 89
0 650 585.394 300 89
0 650 585.481 300 89
0 650 585.561 300 89
0 650 585.65 300 89
0 650 585.739 300 89
0 650 585.831 300 89
0 650 585.91 300 89
0 650 585.995 300 89
0 650 586.082 300 89
0 650 586.17 300 89
0 650 586.259 300 89
0 650 586.348 300 89
0 650 586.452 300 89
0 650 586.551 300 89
0 650 586.667 300 89
0 650 586.769 300 89
0 650 586.856 300 89
0 650 586.939 300 89
0 650 587.025 300 89
0 650 587.112 300 89
0 650 587.206 300 89
0 650 587.299 300 89
0 650 587.405 300 89
0 650 587.496 300 89
0 650 587.585 300 89
0 650 587.68 300 89
0 650 587.774 300 89
0 650 587.864 300 89
0 650 587.956 300 89
0 650 588.043 300 89
0 650 588.132 300 89
0 650 588.221 300 89
0 650 588.303 300 89
0 650 588.397 300 89
0 650 588.482 300 89
0 650 588.58 300 89
0 650 588.689 300 89
0 650 588.797 300 89
0 650 588.887 300 89
0 650 588.975 300 89
0 650 589.063 300 89
0 650 589.149 300 89
0 650 589.243 300 89
0 650 589.337 300 89
0 650 589.445 300 89
0 650 589.544 300 89
0 650 589.64 300 89
0 650 589.732 300 89
0 650 589.827 300 89
0 650 589.926 300 89
0 650 590.018 300 89
0 650 590.113 300 89
0 650 590.207 300 89
0 650 590.299 300 89
0 650 590.398 300 89
0 650 590.499 300 89
0 650 590.608 300 89
0 650 590.724 300 89
0 650 590.831 300 89
0 650 590.938 300 89
0 650 591.032 300 89
0 650 591.122 300 89
0 650 591.239 300 89
0 650 591.332 300 89
0 650 591.466 300 89
0 650 591.56 300 89
0 650 591.656 300 89
0 650 591.745 300 89
0 650 591.836 300 89
0 650 591.935 300 89
0 650 592.023 300 89
0 650 592.119 300 89
0 650 592.224 300 89
0 650 592.314 300 89
0 650 592.409 300 89
0 650 592.498 300 89
0 650 592.58 300 89
0 650 592.682 300 89
0 650 592.8 300 89
0 650 592.921 300 89
0 650 593.061 300 89
0 650 593.161 300 89
0 650 593.247 300 89
0 650 593.333 300 89
0 650 593.417 300 89
0 650 593.513 300 89
0 650 593.617 300 89
0 650 593.73 300 89
0 650 593.83 300 89
0 650 593.927 300 89
0 650 594.027 300 89
0 650 594.128 300 89
0 650 594.223 300 89
0 650 594.314 300 89
0 650 594.409 300 89
0 650 594.501 300 89
0 650 594.582 300 89
0 650 594.673 300 89
0 650 594.76 300 89
0 650 594.846 300 89
0 650 594.949 300 89
0 650 595.056 300 89
0 650 595.144 300 89
0 650 595.238 300 89
0 650 595.337 300 89
0 650 595.435 300 89
0 650 595.532 300 89
0 650 595.622 300 89
0 650 595.71 300 89
0 650 595.806 300 89
0 650 595.898 300 89
0 650 596.005 300 89
0 650 596.102 300 89
0 650 596.19 300 89
0 650 596.281 300 89
0 650 596.37 300 89
0 650 596.471 300 89
0 650 596.567 300 89
0 650 596.662 300 89
0 650 596.747 300 89
0 650 596.844 300 89
0 650 596.964 300 89
0 650 597.064 300 89
0 650 597.164 300 89
0 650 597.254 300 89
0 650 597.349 300 89
0 650 597.425 300 89
0 650 597.516 300 89
0 650 597.611 300 89
0 650 597.701 300 89
0 650 597.796 300 89
0 650 597.893 300 89
0 650 597.992 300 89
0 650 598.09 300 89
0 650 598.184 300 89
0 650 598.281 300 89
0 650 598.375 300 89
0 650 598.477 300 89
0 650 598.576 300 89
0 650 598.692 300 89
0 650 598.799 300 89
0 650 598.914 300 89
0 650 599.013 300 89
0 650 599.105 300 89
0 650 599.231 300 89
0 650 599.337 300 89
0 650 599.426 300 89
0 650 599.518 300 89
0 650 599.62 300 89
0 650 599.707 300 89
0 650 599.811 300 89
0 650 599.903 300 89
0 650 600.018 300 89
0 650 600.107 300 89
0 650 600.202 300 89
0 650 600.295 300 89
0 650 600.4 300 89
0 650 600.491 300 89
0 650 600.593 300 89
0 650 600.702 300 89
0 650 600.814 300 89
0 650 600.939 300 89
0 650 601.038 300 89
0 650 601.159 300 89
0 650 601.275 300 89
0 650 601.366 300 89
0 650 601.458 300 89
0 650 601.578 300 89
0 650 601.686 300 89
0 650 601.789 300 89
0 650 601.876 300 89
0 650 601.972 300 89
0 650 602.059 300 89
0 650 602.158 300 89
0 650 602.256 300 89
0 650 602.353 300 89
0 650 602.444 300 89
0 650 602.544 300 89
0 650 602.643 300 89
0 650 602.727 300 89
0 650 602.83 300 89
0 650 602.929 300 89
0 650 603.036 300 89
0 650 603.131 300 89
0 650 603.229 300 89
0 650 603.335 300 89
0 650 603.451 300 89
0 650 603.56 300 89
0 650 603.663 300 89
0 650 603.77 300 89
0 650 603.889 300 89
0 650 604.003 300 89
0 650 604.1 300 89
0 650 604.197 300 89
0 650 604.281 300 89
0 650 604.343 300 89
0 650 604.434 300 89
0 650 604.527 300 89
0 650 604.63 300 89
0 650 604.724 300 89
0 650 604.816 300 89
0 650 604.907 300 89
0 650 605.001 300 89
0 650 605.092 300 89
0 650 605.188 300 89
0 650 605.278 300 89
0 650 605.373 300 89
0 650 605.465 300 89
0 650 605.55 300 89
0 650 605.641 300 89
0 650 605.734 300 89
0 650 605.836 300 89
0 650 605.954 300 89
0 650 606.057 300 89
0 650 606.14 300 89
0 650 606.23 300 89
0 650 606.312 300 89
0 650 606.41 300 89
0 650 606.498 300 89
0 650 606.598 300 89
0 650 606.686 300 89
0 650 606.778 300 89
0 650 606.869 300 89
0 650 606.972 300 89
0 650 607.074 300 89
0 650 607.164 300 89
0 650 607.257 300 89
0 650 607.347 300 89
0 650 607.45 300 89
0 650 607.547 300 89
0 650 607.653 300 89
0 650 607.772 300 89
0 650 607.886 300 89
0 650 607.98 300 89
0 650 608.073 300 89
0 650 608.169 300 89
0 650 608.26 300 89
0 650 608.362 300 89
0 650 608.47 300 89
0 650 608.573 300 89
0 650 608.667 300 89
0 650 608.764 300 89
0 650 608.865 300 89
0 650 608.965 300 89
0 650 609.054 300 89
0 650 609.148 300 89
0 650 609.242 300 89
0 650 609.337 300 89
0 650 609.43 300 89
0 650 609.52 300 89
0 650 609.615 300 89
0 650 609.715 300 89
0 650 609.826 300 89
0 650 609.95 300 89
0 650 610.045 300 89
0 650 610.132 300 89
0 650 610.231 300 89
0 650 610.325 300 89
0 650 610.424 300 89
0 650 610.518 300 89
0 650 610.605 300 89
0 650 610.692 300 89
0 650 610.781 300 89
0 650 610.862 300 89
0 650 610.955 300 89
0 650 611.042 300 89
0 650 611.133 300 89
0 650 611.217 300 89
0 650 611.3 300 89
0 650 611.389 300 89
0 650 611.476 300 89
0 650 611.562 300 89
0 650 611.648 300 89
0 650 611.744 300 89
0 650 611.829 300 89
0 650 611.935 300 89
0 650 612.037 300 89
0 650 612.132 300 89
0 650 612.241 300 89
0 650 612.348 300 89
0 650 612.435 300 89
0 650 612.525 300 89
0 650 612.622 300 89
0 650 612.707 300 89
0 650 612.799 300 89
0 650 612.89 300 89
0 650 612.978 300 89
0 650 613.073 300 89
0 650 613.163 300 89
0 650 613.259 300 89
0 650 613.348 300 89
0 650 613.444 300 89
0 650 613.533 300 89
0 650 613.617 300 89
0 650 613.706 300 89
0 650 613.791 300 89
0 650 613.883 300 89
0 650 613.978 300 89
0 650 614.074 300 89
0 650 614.15 300 89
0 650 614.261 300 89
0 650 614.348 300 89
0 650 614.435 300 89
0 650 614.54 300 89
0 650 614.644 300 89
0 650 614.729 300 89
0 650 614.823 300 89
0 650 614.922 300 89
0 650 615.016 300 89
0 650 615.108 300 89
0 650 615.203 300 89
0 650 615.299 300 89
0 650 615.391 300 89
0 650 615.492 300 89
0 650 615.582 300 89
0 650 615.674 300 89
0 650 615.762 300 89
0 650 615.854 300 89
0 650 615.949 300 89
0 650 616.024 300 89
0 650 616.11 300 89
0 650 616.202 300 89
0 650 616.297 300 89
0 650 616.387 300 89
0 650 616.49 300 89
0 650 616.61 300 89
0 650 616.699 300 89
0 650 616.779 300 89
0 650 616.871 300 89
0 650 616.962 300 89
0 650 617.112 300 89
0 650 617.195 300 89
0 650 617.282 300 89
0 650 617.374 300 89
0 650 617.465 300 89
0 650 617.557 300 89
0 650 617.646 300 89
0 650 617.739 300 89
0 650 617.883 300 89
0 650 617.98 300 89
0 650 618.079 300 89
0 650 618.192 300 89
0 650 618.28 300 89
0 650 618.359 300 89
0 650 618.468 300 89
0 650 618.535 300 89
0 650 618.601 300 89
0 650 618.663 300 89
0 650 618.729 300 89
0 650 618.799 300 89
0 650 618.875 300 89
0 650 618.946 300 89
0 650 619.015 300 89
0 650 619.081 300 89
0 650 619.141 300 89
0 650 619.203 300 89
0 650 619.261 300 89
0 650 619.328 300 89
0 650 619.391 300 89
0 650 619.454 300 89
0 650 619.522 300 89
0 650 619.587 300 89
0 650 619.648 300 89
0 650 619.708 300 89
0 650 619.775 300 89
0 650 619.84 300 89
0 650 619.904 300 89
0 650 619.97 300 89
0 650 620.037 300 89
0 650 620.105 300 89
0 650 620.167 300 89
0 650 620.219 300 89
0 650 620.278 300 89
0 650 620.344 300 89
0 650 620.408 300 89
0 650 620.473 300 89
0 650 620.54 300 89
0 650 620.606 300 89
0 650 620.674 300 89
0 650 620.752 300 89
0 650 620.82 300 89
0 650 620.886 300 89
0 650 620.945 300 89
0 650 621.003 300 89
0 650 621.066 300 89
0 650 621.134 300 89
0 650 621.198 300 89
0 650 621.256 300 89
0 650 621.321 300 89
0 650 621.382 300 89
0 650 621.45 300 89
0 650 621.517 300 89
0 650 621.586 300 89
0 650 621.652 300 89
0 650 621.72 300 89
0 650 621.785 300 89
0 650 621.844 300 89
0 650 621.915 300 89
0 650 621.956 300 89
0 650 622.019 300 89
0 650 622.084 300 89
0 650 622.154 300 89
0 650 622.22 300 89
0 650 622.282 300 89
0 650 622.342 300 89
0 650 622.398 300 89
0 650 622.461 300 89
0 650 622.533 300 89
0 650 622.625 300 89
0 650 622.718 300 89
0 650 622.819 300 89
0 650 622.912 300 89
0 650 623.003 300 89
0 650 623.1 300 89
0 650 623.187 300 89
0 650 623.283 300 89
0 650 623.369 300 89
0 650 623.469 300 89
0 650 623.563 300 89
0 650 623.655 300 89
0 650 623.741 300 89
0 650 623.833 300 89
0 650 623.915 300 89
0 650 624.004 300 89
0 650 624.095 300 89
0 650 624.193 300 89
0 650 624.297 300 89
0 650 624.387 300 89
0 650 624.479 300 89
0 650 624.578 300 89
0 650 624.667 300 89
0 650 624.756 300 89
0 650 624.847 300 89
0 650 624.944 300 89
0 650 625.037 300 89
0 650 625.13 300 89
0 650 625.222 300 89
0 650 625.317 300 89
0 650 625.416 300 89
0 650 625.506 300 89
0 650 625.598 300 89
0 650 625.695 300 89
0 650 625.782 300 89
0 650 625.87 300 89
0 650 625.961 300 89
0 650 626.057 300 89
0 650 626.141 300 89
0 650 626.233 300 89
0 650 626.335 300 89
0 650 626.43 300 89
0 650 626.525 300 89
0 650 626.612 300 89
0 650 626.707 300 89
0 650 626.804 300 89
0 650 626.905 300 89
0 650 626.993 300 89
0 650 627.089 300 89
0 650 627.173 300 89
0 650 627.256 300 89
0 650 627.348 300 89
0 650 627.447 300 89
0 650 627.537 300 89
0 650 627.631 300 89
0 650 627.717 300 89
0 650 627.803 300 89
0 650 627.891 300 89
0 650 627.976 300 89
0 650 628.065 300 89
0 650 628.154 300 89
0 650 628.238 300 89
0 650 628.319 300 89
0 650 628.409 300 89
0 650 628.49 300 89
0 650 628.566 300 89
0 650 628.657 300 89
0 650 628.75 300 89
0 650 628.842 300 89
0 650 628.935 300 89
0 650 629.032 300 89
0 650 629.121 300 89
0 650 629.201 300 89
0 650 629.29 300 89
0 650 629.385 300 89
0 650 629.469 300 89
0 650 629.559 300 89
0 650 629.648 300 89
0 650 629.767 300 89
0 650 629.859 300 89
0 650 629.953 300 89
0 650 630.043 300 89
0 650 630.136 300 89
0 650 630.225 300 89
0 650 630.306 300 89
0 650 630.407 300 89
0 650 630.51 300 89
0 650 630.602 300 89
0 650 630.696 300 89
0 650 630.787 300 89
0 650 630.874 300 89
0 650 630.966 300 89
0 650 631.055 300 89
0 650 631.15 300 89
0 650 631.249 300 89
0 650 631.343 300 89
0 650 631.439 300 89
0 650 631.53 300 89
0 650 631.614 300 89
0 650 631.708 300 89
0 650 631.801 300 89
0 650 631.898 300 89
0 650 631.986 300 89
0 650 632.049 300 89
0 650 632.117 300 89
0 650 632.179 300 89
0 650 632.244 300 89
0 650 632.307 300 89
0 650 632.366 300 89
0 650 632.433 300 89
0 650 632.5 300 89
0 650 632.566 300 89
0 650 632.63 300 89
0 650 632.696 300 89
0 650 632.758 300 89
0 650 632.826 300 89
0 650 632.891 300 89
0 650 632.953 300 89
0 650 633.016 300 89
0 650 633.083 300 89
0 650 633.155 300 89
0 650 633.224 300 89
0 650 633.285 300 89
0 650 633.39 300 89
0 650 633.459 300 89
0 650 633.524 300 89
0 650 633.586 300 89
0 650 633.653 300 89
0 650 633.719 300 89
0 650 633.783 300 89
0 650 633.864 300 89
0 650 633.949 300 89
0 650 634.043 300 89
0 650 634.116 300 89
0 650 634.181 300 89
0 650 634.242 300 89
0 650 634.328 300 89
0 650 634.418 300 89
0 650 634.508 300 89
0 650 634.595 300 89
0 650 634.694 300 89
0 650 634.789 300 89
0 650 634.884 300 89
0 650 634.978 300 89
0 650 635.067 300 89
0 650 635.164 300 89
0 650 635.265 300 89
0 650 635.358 300 89
0 650 635.457 300 89
0 650 635.555 300 89
0 650 635.652 300 89
0 650 635.711 300 89
0 650 635.798 300 89
0 650 635.896 300 89
0 650 635.99 300 89
0 650 636.074 300 89
0 650 636.162 300 89
0 650 636.259 300 89
0 650 636.351 300 89
0 650 636.436 300 89
0 650 636.53 300 89
0 650 636.618 300 89
0 650 636.698 300 89
0 650 636.794 300 89
0 650 636.885 300 89
0 650 636.978 300 89
0 650 637.066 300 89
0 650 637.153 300 89
0 650 637.251 300 89
0 650 637.347 300 89
0 650 637.44 300 89
0 650 637.535 300 89
0 650 637.627 300 89
0 650 637.718 300 89
0 650 637.807 300 89
0 650 637.896 300 89
0 650 637.988 300 89
0 650 638.071 300 89
0 650 638.157 300 89
0 650 638.249 300 89
0 650 638.339 300 89
0 650 638.431 300 89
0 650 638.488 300 89
0 650 638.575 300 89
0 650 638.666 300 89
0 650 638.756 300 89
0 650 638.848 300 89
0 650 638.945 300 89
0 650 639.034 300 89
0 650 639.13 300 89
0 650 639.217 300 89
0 650 639.304 300 89
0 650 639.386 300 89
0 650 639.477 300 89
0 650 639.566 300 89
0 650 639.658 300 89
0 650 639.724 300 89
0 650 639.787 300 89
0 650 639.849 300 89
0 650 639.906 300 89
0 650 639.975 300 89
0 650 640.038 300 89
0 650 640.102 300 89
0 650 640.195 300 89
0 650 640.253 300 89
0 650 640.316 300 89
0 650 640.375 300 89
0 650 640.44 300 89
0 650 640.498 300 89
0 650 640.56 300 89
0 650 640.626 300 89
0 650 640.695 300 89
0 650 640.75 300 89
0 650 640.814 300 89
0 650 640.872 300 89
0 650 640.929 300 89
0 650 640.992 300 89
0 650 641.029 300 89
0 650 641.092 300 89
0 650 641.175 300 89
0 650 641.255 300 89
0 650 641.337 300 89
0 650 641.434 300 89
0 650 641.524 300 89
0 650 641.627 300 89
0 650 641.728 300 89
0 650 641.82 300 89
0 650 641.882 300 89
0 650 641.944 300 89
0 650 642.006 300 89
0 650 642.062 300 89
0 650 642.121 300 89
0 650 642.183 300 89
0 650 642.242 300 89
0 650 642.303 300 89
0 650 642.369 300 89
0 650 642.432 300 89
0 650 642.488 300 89
0 650 642.55 300 89
0 650 642.61 300 89
0 650 642.669 300 89
0 650 642.729 300 89
0 650 642.791 300 89
0 650 642.845 300 89
0 650 642.903 300 89
0 650 642.967 300 89
0 650 643.022 300 89
0 650 643.078 300 89
0 650 643.14 300 89
0 650 643.202 300 89
0 650 643.278 300 89
0 650 643.343 300 89
0 650 643.428 300 89
0 650 643.502 300 89
0 650 643.593 300 89
0 650 643.679 300 89
0 650 643.773 300 89
0 650 643.863 300 89
0 650 643.952 300 89
0 650 644.037 300 89
0 650 644.133 300 89
0 650 644.212 300 89
0 650 644.298 300 89
0 650 644.383 300 89
0 650 644.473 300 89
0 650 644.548 300 89
0 650 644.607 300 89
0 650 644.668 300 89
0 650 644.729 300 89
0 650 644.79 300 89
0 650 644.841 300 89
0 650 644.908 300 89
0 650 644.969 300 89
0 650 645.028 300 89
0 650 645.088 300 89
0 650 645.152 300 89
0 650 645.213 300 89
0 650 645.275 300 89
0 650 645.339 300 89
0 650 645.403 300 89
0 650 645.455 300 89
0 650 645.514 300 89
0 650 645.57 300 89
0 650 645.63 300 89
0 650 645.692 300 89
0 650 645.754 300 89
0 650 645.816 300 89
0 650 645.876 300 89
0 650 645.933 300 89
0 650 645.989 300 89
0 650 646.048 300 89
0 650 646.109 300 89
0 650 646.169 300 89
0 650 646.226 300 89
0 650 646.285 300 89
0 650 646.348 300 89
0 650 646.406 300 89
0 650 646.466 300 89
0 650 646.526 300 89
0 650 646.594 300 89
0 650 646.679 300 89
0 650 646.765 300 89
0 650 646.847 300 89
0 650 646.933 300 89
0 650 647.014 300 89
0 650 647.093 300 89
0 650 647.18 300 89
0 650 647.259 300 89
0 650 647.348 300 89
0 650 647.429 300 89
0 650 647.517 300 89
0 650 647.592 300 89
0 650 647.684 300 89
0 650 647.773 300 89
0 650 647.861 300 89
0 650 647.948 300 89
0 650 648.046 300 89
0 650 648.135 300 89
0 650 648.225 300 89
0 650 648.309 300 89
0 650 648.397 300 89
0 650 648.485 300 89
0 650 648.571 300 89
0 650 648.649 300 89
0 650 648.708 300 89
0 650 648.77 300 89
0 650 648.833 300 89
0 650 648.895 300 89
0 650 648.963 300 89
0 650 649.022 300 89
0 650 649.09 300 89
0 650 649.178 300 89
0 650 649.269 300 89
0 650 649.351 300 89
0 650 649.436 300 89
0 650 649.522 300 89
0 650 649.603 300 89
0 650 649.69 300 89
0 650 649.779 300 89
0 650 649.865 300 89
0 650 649.945 300 89
0 650 650.039 300 89
0 650 650.116 300 89
0 650 650.205 300 89
0 650 650.293 300 89
0 650 650.397 300 89
0 650 650.484 300 89
0 650 650.571 300 89
0 650 650.662 300 89
0 650 650.756 300 89
0 650 650.833 300 89
0 650 650.918 300 89
0 650 651.013 300 89
0 650 651.106 300 89
0 650 651.193 300 89
0 650 651.272 300 89
0 650 651.359 300 89
0 650 651.448 300 89
0 650 651.525 300 89
0 650 651.613 300 89
0 650 651.698 300 89
0 650 651.783 300 89
0 650 651.869 300 89
0 650 651.956 300 89
0 650 652.044 300 89
0 650 652.138 300 89
0 650 652.219 300 89
0 650 652.305 300 89
0 650 652.399 300 89
0 650 652.482 300 89
0 650 652.572 300 89
0 650 652.661 300 89
0 650 652.744 300 89
0 650 652.828 300 89
0 650 652.914 300 89
0 650 653.005 300 89
0 650 653.091 300 89
0 650 653.181 300 89
0 650 653.27 300 89
0 650 653.351 300 89
0 650 653.441 300 89
0 650 653.528 300 89
0 650 653.612 300 89
0 650 653.698 300 89
0 650 653.79 300 89
0 650 653.882 300 89
0 650 653.962 300 89
0 650 654.047 300 89
0 650 654.129 300 89
0 650 654.224 300 89
0 650 654.315 300 89
0 650 654.407 300 89
0 650 654.495 300 89
0 650 654.581 300 89
0 650 654.671 300 89
0 650 654.759 300 89
0 650 654.849 300 89
0 650 654.93 300 89
0 650 655.014 300 89
0 650 655.1 300 89
0 650 655.193 300 89
0 650 655.283 300 89
0 650 655.373 300 89
0 650 655.466 300 89
0 650 655.541 300 89
0 650 655.637 300 89
0 650 655.725 300 89
0 650 655.807 300 89
0 650 655.895 300 89
0 650 655.979 300 89
0 650 656.069 300 89
0 650 656.153 300 89
0 650 656.242 300 89
0 650 656.325 300 89
0 650 656.415 300 89
0 650 656.504 300 89
0 650 656.591 300 89
0 650 656.673 300 89
0 650 656.757 300 89
0 650 656.838 300 89
0 650 656.916 300 89
0 650 656.997 300 89
0 650 657.076 300 89
0 650 657.164 300 89
0 650 657.253 300 89
0 650 657.336 300 89
0 650 657.425 300 89
0 650 657.512 300 89
0 650 657.602 300 89
0 650 657.697 300 89
0 650 657.776 300 89
0 650 657.863 300 89
0 650 657.95 300 89
0 650 658.034 300 89
0 650 658.126 300 89
0 650 658.215 300 89
0 650 658.309 300 89
0 650 658.389 300 89
0 650 658.479 300 89
0 650 658.567 300 89
0 650 658.652 300 89
0 650 658.739 300 89
0 650 658.824 300 89
0 650 658.944 300 89
0 650 659.026 300 89
0 650 659.115 300 89
0 650 659.198 300 89
0 650 659.284 300 89
0 650 659.364 300 89
0 650 659.444 300 89
0 650 659.524 300 89
0 650 659.607 300 89
0 650 659.694 300 89
0 650 659.775 300 89
0 650 659.866 300 89
0 650 659.948 300 89
0 650 660.031 300 89
0 650 660.111 300 89
0 650 660.199 300 89
0 650 660.286 300 89
0 650 660.376 300 89
0 650 660.46 300 89
0 650 660.546 300 89
0 650 660.655 300 89
0 650 660.743 300 89
0 650 660.822 300 89
0 650 660.905 300 89
0 650 660.989 300 89
0 650 661.075 300 89
0 650 661.156 300 89
0 650 661.241 300 89
0 650 661.325 300 89
0 650 661.41 300 89
0 650 661.494 300 89
0 650 661.585 300 89
0 650 661.67 300 89
0 650 661.763 300 89
0 650 661.847 300 89
0 650 661.934 300 89
0 650 662.017 300 89
0 650 662.091 300 89
0 650 662.182 300 89
0 650 662.267 300 89
0 650 662.355 300 89
0 650 662.441 300 89
0 650 662.526 300 89
0 650 662.605 300 89
0 650 662.691 300 89
0 650 662.778 300 89
0 650 662.866 300 89
0 650 662.955 300 89
0 650 663.041 300 89
0 650 663.126 300 89
0 650 663.211 300 89
0 650 663.301 300 89
0 650 663.389 300 89
0 650 663.476 300 89
0 650 663.567 300 89
0 650 663.648 300 89
0 650 663.746 300 89
0 650 663.835 300 89
0 650 663.922 300 89
0 650 664.003 300 89
0 650 664.096 300 89
0 650 664.184 300 89
0 650 664.267 300 89
0 650 664.353 300 89
0 650 664.442 300 89
0 650 664.533 300 89
0 650 664.625 300 89
0 650 664.712 300 89
0 650 664.801 300 89
0 650 664.887 300 89
0 650 664.978 300 89
0 650 665.07 300 89
0 650 665.15 300 89
0 650 665.243 300 89
0 650 665.33 300 89
0 650 665.415 300 89
0 650 665.503 300 89
0 650 665.592 300 89
0 650 665.682 300 89
0 650 665.759 300 89
0 650 665.846 300 89
0 650 665.935 300 89
0 650 666.018 300 89
0 650 666.101 300 89
0 650 666.185 300 89
0 650 666.275 300 89
0 650 666.356 300 89
0 650 666.446 300 89
0 650 666.531 300 89
0 650 666.616 300 89
0 650 666.694 300 89
0 650 666.778 300 89
0 650 666.861 300 89
0 650 666.951 300 89
0 650 667.034 300 89
0 650 667.119 300 89
0 650 667.203 300 89
0 650 667.278 300 89
0 650 667.362 300 89
0 650 667.45 300 89
0 650 667.543 300 89
0 650 667.627 300 89
0 650 667.719 300 89
0 650 667.789 300 89
0 650 667.873 300 89
0 650 667.961 300 89
0 650 668.041 300 89
0 650 668.134 300 89
0 650 668.217 300 89
0 650 668.31 300 89
0 650 668.386 300 89
0 650 668.476 300 89
0 650 668.566 300 89
0 650 668.649 300 89
0 650 668.736 300 89
0 650 668.823 300 89
0 650 668.903 300 89
0 650 668.993 300 89
0 650 669.067 300 89
0 650 669.147 300 89
0 650 669.228 300 89
0 650 669.321 300 89
0 650 669.397 300 89
0 650 669.481 300 89
0 650 669.57 300 89
0 650 669.661 300 89
0 650 669.744 300 89
0 650 669.827 300 89
0 650 669.913 300 89
0 650 670.002 300 89
0 650 670.091 300 89
0 650 670.171 300 89
0 650 670.26 300 89
0 650 670.345 300 89
0 650 670.436 300 89
0 650 670.524 300 89
0 650 670.604 300 89
0 650 670.682 300 89
0 650 670.768 300 89
0 650 670.853 300 89
0 650 670.941 300 89
0 650 671.021 300 89
0 650 671.115 300 89
0 650 671.201 300 89
0 650 671.286 300 89
0 650 671.369 300 89
0 650 671.464 300 89
0 650 671.545 300 89
0 650 671.626 300 89
0 650 671.712 300 89
0 650 671.798 300 89
0 650 671.885 300 89
0 650 671.975 300 89
0 650 672.064 300 89
0 650 672.156 300 89
0 650 672.235 300 89
0 650 672.32 300 89
0 650 672.406 300 89
0 650 672.48 300 89
0 650 672.563 300 89
0 650 672.644 300 89
0 650 672.73 300 89
0 650 672.82 300 89
0 650 672.903 300 89
0 650 672.99 300 89
0 650 673.078 300 89
0 650 673.168 300 89
0 650 673.261 300 89
0 650 673.351 300 89
0 650 673.441 300 89
0 650 673.53 300 89
0 650 673.625 300 89
0 650 673.711 300 89
0 650 673.803 300 89
0 650 673.887 300 89
0 650 673.977 300 89
0 650 674.061 300 89
0 650 674.147 300 89
0 650 674.232 300 89
0 650 674.316 300 89
0 650 674.401 300 89
0 650 674.484 300 89
0 650 674.583 300 89
0 650 674.672 300 89
0 650 674.76 300 89
0 650 674.842 300 89
0 650 674.922 300 89
0 650 674.98 300 89
0 650 675.04 300 89
0 650 675.107 300 89
0 650 675.165 300 89
0 650 675.252 300 89
0 650 675.342 300 89
0 650 675.431 300 89
0 650 675.52 300 89
0 650 675.603 300 89
0 650 675.692 300 89
0 650 675.779 300 89
0 650 675.852 300 89
0 650 675.932 300 89
0 650 676.023 300 89
0 650 676.114 300 89
0 650 676.196 300 89
0 650 676.289 300 89
0 650 676.374 300 89
0 650 676.463 300 89
0 650 676.549 300 89
0 650 676.632 300 89
0 650 676.72 300 89
0 650 676.8 300 89
0 650 676.89 300 89
0 650 676.977 300 89
0 650 677.068 300 89
0 650 677.147 300 89
0 650 677.231 300 89
0 650 677.314 300 89
0 650 677.404 300 89
0 650 677.498 300 89
0 650 677.581 300 89
0 650 677.669 300 89
0 650 677.765 300 89
0 650 677.848 300 89
0 650 677.937 300 89
0 650 678.024 300 89
0 650 678.101 300 89
0 650 678.195 300 89
0 650 678.281 300 89
0 650 678.365 300 89
0 650 678.451 300 89
0 650 678.534 300 89
0 650 678.614 300 89
0 650 678.697 300 89
0 650 678.787 300 89
0 650 678.877 300 89
0 650 678.965 300 89
0 650 679.055 300 89
0 650 679.138 300 89
0 650 679.221 300 89
0 650 679.304 300 89
0 650 679.379 300 89
0 650 679.472 300 89
0 650 679.555 300 89
0 650 679.645 300 89
0 650 679.731 300 89
0 650 679.81 300 89
0 650 679.901 300 89
0 650 679.987 300 89
0 650 680.077 300 89
0 650 680.162 300 89
0 650 680.249 300 89
0 650 680.336 300 89
0 650 680.422 300 89
0 650 680.502 300 89
0 650 680.578 300 89
0 650 680.664 300 89
0 650 680.748 300 89
0 650 680.839 300 89
0 650 680.925 300 89
0 650 681.005 300 89
0 650 681.089 300 89
0 650 681.17 300 89
0 650 681.255 300 89
0 650 681.341 300 89
0 650 681.431 300 89
0 650 681.501 300 89
0 650 681.591 300 89
0 650 681.676 300 89
0 650 681.756 300 89
0 650 681.841 300 89
0 650 681.925 300 89
0 650 682.01 300 89
0 650 682.097 300 89
0 650 682.185 300 89
0 650 682.273 300 89
0 650 682.361 300 89
0 650 682.445 300 89
0 650 682.533 300 89
0 650 682.611 300 89
0 650 682.701 300 89
0 650 682.785 300 89
0 650 682.865 300 89
0 650 682.953 300 89
0 650 683.039 300 89
0 650 683.125 300 89
0 650 683.218 300 89
0 650 683.294 300 89
0 650 683.369 300 89
0 650 683.448 300 89
0 650 683.535 300 89
0 650 683.619 300 89
0 650 683.701 300 89
0 650 683.79 300 89
0 650 683.886 300 89
0 650 683.965 300 89
0 650 684.052 300 89
0 650 684.142 300 89
0 650 684.228 300 89
0 650 684.306 300 89
0 650 684.39 300 89
0 650 684.468 300 89
0 650 684.561 300 89
0 650 684.649 300 89
0 650 684.739 300 89
0 650 684.825 300 89
0 650 684.913 300 89
0 650 685.003 300 89
0 650 685.094 300 89
0 650 685.183 300 89
0 650 685.267 300 89
0 650 685.35 300 89
0 650 685.441 300 89
0 650 685.528 300 89
0 650 685.623 300 89
0 650 685.677 300 89
0 650 685.762 300 89
0 650 685.851 300 89
0 650 685.934 300 89
0 650 686.023 300 89
0 650 686.113 300 89
0 650 686.197 300 89
0 650 686.28 300 89
0 650 686.37 300 89
0 650 686.453 300 89
0 650 686.537 300 89
0 650 686.627 300 89
0 650 686.688 300 89
0 650 686.778 300 89
0 650 686.86 300 89
0 650 686.956 300 89
0 650 687.044 300 89
0 650 687.131 300 89
0 650 687.219 300 89
0 650 687.303 300 89
0 650 687.385 300 89
0 650 687.447 300 89
0 650 687.523 300 89
0 650 687.615 300 89
0 650 687.697 300 89
0 650 687.786 300 89
0 650 687.87 300 89
0 650 687.951 300 89
0 650 688.031 300 89
0 650 688.119 300 89
0 650 688.209 300 89
0 650 688.3 300 89
0 650 688.384 300 89
0 650 688.462 300 89
0 650 688.559 300 89
0 650 688.642 300 89
0 650 688.723 300 89
0 650 688.806 300 89
0 650 688.895 300 89
0 650 688.982 300 89
0 650 689.077 300 89
0 650 689.162 300 89
0 650 689.243 300 89
0 650 689.329 300 89
0 650 689.416 300 89
0 650 689.503 300 89
0 650 689.593 300 89
0 650 689.686 300 89
0 650 689.773 300 89
0 650 689.861 300 89
0 650 689.945 300 89
0 650 690.031 300 89
0 650 690.109 300 89
0 650 690.191 300 89
0 650 690.271 300 89
0 650 690.362 300 89
0 650 690.447 300 89
0 650 690.534 300 89
0 650 690.619 300 89
0 650 690.708 300 89
0 650 690.794 300 89
0 650 690.882 300 89
0 650 690.965 300 89
0 650 691.039 300 89
0 650 691.126 300 89
0 650 691.207 300 89
0 650 691.3 300 89
0 650 691.377 300 89
0 650 691.457 300 89
0 650 691.54 300 89
0 650 691.627 300 89
0 650 691.719 300 89
0 650 691.808 300 89
0 650 691.905 300 89
0 650 691.991 300 89
0 650 692.084 300 89
0 650 692.169 300 89
0 650 692.255 300 89
0 650 692.337 300 89
0 650 692.428 300 89
0 650 692.514 300 89
0 650 692.595 300 89
0 650 692.722 300 89
0 650 692.808 300 89
0 650 692.899 300 89
0 650 692.979 300 89
0 650 693.058 300 89
0 650 693.141 300 89
0 650 693.225 300 89
0 650 693.303 300 89
0 650 693.38 300 89
0 650 693.469 300 89
0 650 693.548 300 89
0 650 693.642 300 89
0 650 693.731 300 89
0 650 693.809 300 89
0 650 693.892 300 89
0 650 693.938 300 89
0 650 694.026 300 89
0 650 694.115 300 89
0 650 694.196 300 89
0 650 694.285 300 89
0 650 694.376 300 89
0 650 694.458 300 89
0 650 694.54 300 89
0 650 694.623 300 89
0 650 694.701 300 89
0 650 694.787 300 89
0 650 694.864 300 89
0 650 694.941 300 89
0 650 695.029 300 89
0 650 695.12 300 89
0 650 695.209 300 89
0 650 695.287 300 89
0 650 695.376 300 89
0 650 695.466 300 89
0 650 695.545 300 89
0 650 695.631 300 89
0 650 695.716 300 89
0 650 695.805 300 89
0 650 695.889 300 89
0 650 695.973 300 89
0 650 696.057 300 89
0 650 696.143 300 89
0 650 696.222 300 89
0 650 696.314 300 89
0 650 696.395 300 89
0 650 696.472 300 89
0 650 696.552 300 89
0 650 696.636 300 89
0 650 696.725 300 89
0 650 696.802 300 89
0 650 696.879 300 89
0 650 696.969 300 89
0 650 697.076 300 89
0 650 697.161 300 89
0 650 697.241 300 89
0 650 697.334 300 89
0 650 697.418 300 89
0 650 697.505 300 89
0 650 697.591 300 89
0 650 697.679 300 89
0 650 697.773 300 89
0 650 697.875 300 89
0 650 697.958 300 89
0 650 698.032 300 89
0 650 698.114 300 89
0 650 698.203 300 89
0 650 698.284 300 89
0 650 698.374 300 89
0 650 698.463 300 89
0 650 698.548 300 89
0 650 698.637 300 89
0 650 698.716 300 89
0 650 698.801 300 89
0 650 698.882 300 89
0 650 698.968 300 89
0 650 699.045 300 89
0 650 699.135 300 89
0 650 699.218 300 89
0 650 699.296 300 89
0 650 699.382 300 89
0 650 699.467 300 89
0 650 699.558 300 89
0 650 699.643 300 89
0 650 699.729 300 89
0 650 699.812 300 89
0 650 699.905 300 89
0 650 699.997 300 89
0 650 700.082 300 89
0 650 700.172 300 89
0 650 700.258 300 89
0 650 700.344 300 89
0 650 700.426 300 89
0 650 700.511 300 89
0 650 700.597 300 89
0 650 700.679 300 89
0 650 700.765 300 89
0 650 700.852 300 89
0 650 700.936 300 89
0 650 701.018 300 89
0 650 701.11 300 89
0 650 701.198 300 89
0 650 701.281 300 89
0 650 701.366 300 89
0 650 701.49 300 89
0 650 701.582 300 89
0 650 701.663 300 89
0 650 701.746 300 89
0 650 701.83 300 89
0 650 701.91 300 89
0 650 701.997 300 89
0 650 702.078 300 89
0 650 702.157 300 89
0 650 702.238 300 89
0 650 702.322 300 89
0 650 702.406 300 89
0 650 702.491 300 89
0 650 702.577 300 89
0 650 702.663 300 89
0 650 702.739 300 89
0 650 702.82 300 89
0 650 702.911 300 89
0 650 702.995 300 89
0 650 703.087 300 89
0 650 703.179 300 89
0 650 703.267 300 89
0 650 703.353 300 89
0 650 703.441 300 89
0 650 703.515 300 89
0 650 703.604 300 89
0 650 703.693 300 89
0 650 703.773 300 89
0 650 703.856 300 89
0 650 703.946 300 89
0 650 704.033 300 89
0 650 704.121 300 89
0 650 704.227 300 89
0 650 704.312 300 89
0 650 704.394 300 89
0 650 704.482 300 89
0 650 704.565 300 89
0 650 704.653 300 89
0 650 704.744 300 89
0 650 704.825 300 89
0 650 704.909 300 89
0 650 704.993 300 89
0 650 705.11 300 89
0 650 705.198 300 89
0 650 705.293 300 89
0 650 705.38 300 89
0 650 705.463 300 89
0 650 705.544 300 89
0 650 705.625 300 89
0 650 705.711 300 89
0 650 705.801 300 89
0 650 705.888 300 89
0 650 705.981 300 89
0 650 706.063 300 89
0 650 706.151 300 89
0 650 706.239 300 89
0 650 706.325 300 89
0 650 706.416 300 89
0 650 706.505 300 89
0 650 706.589 300 89
0 650 706.68 300 89
0 650 706.761 300 89
0 650 706.832 300 89
0 650 706.887 300 89
0 650 706.977 300 89
0 650 707.057 300 89
0 650 707.144 300 89
0 650 707.218 300 89
0 650 707.306 300 89
0 650 707.402 300 89
0 650 707.495 300 89
0 650 707.578 300 89
0 650 707.666 300 89
0 650 707.751 300 89
0 650 707.836 300 89
0 650 707.921 300 89
0 650 708.011 300 89
0 650 708.101 300 89
0 650 708.187 300 89
0 650 708.274 300 89
0 650 708.359 300 89
0 650 708.448 300 89
0 650 708.534 300 89
0 650 708.627 300 89
0 650 708.712 300 89
0 650 708.8 300 89
0 650 708.881 300 89
0 650 708.965 300 89
0 650 709.049 300 89
0 650 709.136 300 89
0 650 709.225 300 89
0 650 709.315 300 89
0 650 709.407 300 89
0 650 709.494 300 89
0 650 709.583 300 89
0 650 709.667 300 89
0 650 709.754 300 89
0 650 709.844 300 89
0 650 709.933 300 89
0 650 710.024 300 89
0 650 710.105 300 89
0 650 710.196 300 89
0 650 710.281 300 89
0 650 710.379 300 89
0 650 710.462 300 89
0 650 710.549 300 89
0 650 710.636 300 89
0 650 710.73 300 89
0 650 710.819 300 89
0 650 710.911 300 89
0 650 710.999 300 89
0 650 711.083 300 89
0 650 711.176 300 89
0 650 711.262 300 89
0 650 711.335 300 89
0 650 711.426 300 89
0 650 711.516 300 89
0 650 711.6 300 89
0 650 711.688 300 89
0 650 711.778 300 89
0 650 711.864 300 89
0 650 711.949 300 89
0 650 712.04 300 89
0 650 712.13 300 89
0 650 712.216 300 89
0 650 712.299 300 89
0 650 712.395 300 89
0 650 712.483 300 89
0 650 712.576 300 89
0 650 712.661 300 89
0 650 712.744 300 89
0 650 712.826 300 89
0 650 712.909 300 89
0 650 712.968 300 89
0 650 713.053 300 89
0 650 713.14 300 89
0 650 713.225 300 89
0 650 713.311 300 89
0 650 713.406 300 89
0 650 713.489 300 89
0 650 713.576 300 89
0 650 713.663 300 89
0 650 713.752 300 89
0 650 713.84 300 89
0 650 713.927 300 89
0 650 714.02 300 89
0 650 714.112 300 89
0 650 714.203 300 89
0 650 714.288 300 89
0 650 714.371 300 89
0 650 714.45 300 89
0 650 714.541 300 89
0 650 714.632 300 89
0 650 714.717 300 89
0 650 714.806 300 89
0 650 714.893 300 89
0 650 714.98 300 89
0 650 715.07 300 89
0 650 715.159 300 89
0 650 715.24 300 89
0 650 715.339 300 89
0 650 715.428 300 89
0 650 715.525 300 89
0 650 715.618 300 89
0 650 715.708 300 89
0 650 715.795 300 89
0 650 715.874 300 89
0 650 715.962 300 89
0 650 716.049 300 89
0 650 716.14 300 89
0 650 716.255 300 89
0 650 716.343 300 89
0 650 716.431 300 89
0 650 716.513 300 89
0 650 716.593 300 89
0 650 716.675 300 89
0 650 716.759 300 89
0 650 716.842 300 89
0 650 716.925 300 89
0 650 717.011 300 89
0 650 717.095 300 89
0 650 717.185 300 89
0 650 717.29 300 89
0 650 717.378 300 89
0 650 717.468 300 89
0 650 717.544 300 89
0 650 717.635 300 89
0 650 717.737 300 89
0 650 717.83 300 89
0 650 717.919 300 89
0 650 718.004 300 89
0 650 718.096 300 89
0 650 718.183 300 89
0 650 718.268 300 89
0 650 718.36 300 89
0 650 718.445 300 89
0 650 718.54 300 89
0 650 718.629 300 89
0 650 718.725 300 89
0 650 718.813 300 89
0 650 718.9 300 89
0 650 718.98 300 89
0 650 719.066 300 89
0 650 719.154 300 89
0 650 719.24 300 89
0 650 719.325 300 89
0 650 719.406 300 89
0 650 719.498 300 89
0 650 719.58 300 89
0 650 719.673 300 89
0 650 719.761 300 89
0 650 719.849 300 89
0 650 719.931 300 89
0 650 720.025 300 89
0 650 720.116 300 89
0 650 720.196 300 89
0 650 720.286 300 89
0 650 720.374 300 89
0 650 720.458 300 89
0 650 720.546 300 89
0 650 720.641 300 89
0 650 720.73 300 89
0 650 720.823 300 89
0 650 720.911 300 89
0 650 720.963 300 89
0 650 721.049 300 89
0 650 721.136 300 89
0 650 721.222 300 89
0 650 721.314 300 89
0 650 721.406 300 89
0 650 721.497 300 89
0 650 721.584 300 89
0 650 721.673 300 89
0 650 721.751 300 89
0 650 721.836 300 89
0 650 721.916 300 89
0 650 722.006 300 89
0 650 722.092 300 89
0 650 722.18 300 89
0 650 722.27 300 89
0 650 722.359 300 89
0 650 722.445 300 89
0 650 722.529 300 89
0 650 722.611 300 89
0 650 722.7 300 89
0 650 722.786 300 89
0 650 722.88 300 89
0 650 722.967 300 89
0 650 723.053 300 89
0 650 723.142 300 89
0 650 723.232 300 89
0 650 723.321 300 89
0 650 723.415 300 89
0 650 723.492 300 89
0 650 723.577 300 89
0 650 723.672 300 89
0 650 723.755 300 89
0 650 723.842 300 89
0 650 723.935 300 89
0 650 724.016 300 89
0 650 724.101 300 89
0 650 724.188 300 89
0 650 724.271 300 89
0 650 724.353 300 89
0 650 724.444 300 89
0 650 724.531 300 89
0 650 724.623 300 89
0 650 724.71 300 89
0 650 724.793 300 89
0 650 724.876 300 89
0 650 724.967 300 89
0 650 725.059 300 89
0 650 725.151 300 89
0 650 725.24 300 89
0 650 725.319 300 89
0 650 725.407 300 89
0 650 725.492 300 89
0 650 725.582 300 89
0 650 725.661 300 89
0 650 725.757 300 89
0 650 725.85 300 89
0 650 725.933 300 89
0 650 726.018 300 89
0 650 726.11 300 89
0 650 726.192 300 89
0 650 726.278 300 89
0 650 726.367 300 89
0 650 726.456 300 89
0 650 726.549 300 89
0 650 726.608 300 89
0 650 726.69 300 89
0 650 726.77 300 89
0 650 726.852 300 89
0 650 726.939 300 89
0 650 727.022 300 89
0 650 727.113 300 89
0 650 727.194 300 89
0 650 727.282 300 89
0 650 727.376 300 89
0 650 727.466 300 89
0 650 727.547 300 89
0 650 727.642 300 89
0 650 727.724 300 89
0 650 727.817 300 89
0 650 727.901 300 89
0 650 727.986 300 89
0 650 728.068 300 89
0 650 728.151 300 89
0 650 728.239 300 89
0 650 728.332 300 89
0 650 728.417 300 89
0 650 728.568 300 89
0 650 728.652 300 89
0 650 728.742 300 89
0 650 728.826 300 89
0 650 728.907 300 89
0 650 728.993 300 89
0 650 729.078 300 89
0 650 729.166 300 89
0 650 729.257 300 89
0 650 729.346 300 89
0 650 729.433 300 89
0 650 729.488 300 89
0 650 729.58 300 89
0 650 729.67 300 89
0 650 729.76 300 89
0 650 729.853 300 89
0 650 729.957 300 89
0 650 730.043 300 89
0 650 730.14 300 89
0 650 730.226 300 89
0 650 730.317 300 89
0 650 730.41 300 89
0 650 730.492 300 89
0 650 730.583 300 89
0 650 730.674 300 89
0 650 730.754 300 89
0 650 730.85 300 89
0 650 731.016 300 89
0 650 731.103 300 89
0 650 731.192 300 89
0 650 731.28 300 89
0 650 731.377 300 89
0 650 731.466 300 89
0 650 731.555 300 89
0 650 731.646 300 89
0 650 731.734 300 89
0 650 731.829 300 89
0 650 731.915 300 89
0 650 731.994 300 89
0 650 732.072 300 89
0 650 732.164 300 89
0 650 732.262 300 89
0 650 732.354 300 89
0 650 732.445 300 89
0 650 732.538 300 89
0 650 732.625 300 89
0 650 732.737 300 89
0 650 732.831 300 89
0 650 732.913 300 89
0 650 733.002 300 89
0 650 733.092 300 89
0 650 733.181 300 89
0 650 733.268 300 89
0 650 733.355 300 89
0 650 733.447 300 89
0 650 733.538 300 89
0 650 733.621 300 89
0 650 733.702 300 89
0 650 733.794 300 89
0 650 733.879 300 89
0 650 733.973 300 89
0 650 734.068 300 89
0 650 734.167 300 89
0 650 734.251 300 89
0 650 734.33 300 89
0 650 734.423 300 89
0 650 734.519 300 89
0 650 734.608 300 89
0 650 734.699 300 89
0 650 734.784 300 89
0 650 734.88 300 89
0 650 734.971 300 89
0 650 735.063 300 89
0 650 735.158 300 89
0 650 735.243 300 89
0 650 735.339 300 89
0 650 735.423 300 89
0 650 735.512 300 89
0 650 735.608 300 89
0 650 735.705 300 89
0 650 735.787 300 89
0 650 735.891 300 89
0 650 735.985 300 89
0 650 736.079 300 89
0 650 736.17 300 89
0 650 736.262 300 89
0 650 736.353 300 89
0 650 736.443 300 89
0 650 736.532 300 89
0 650 736.604 300 89
0 650 736.708 300 89
0 650 736.801 300 89
0 650 736.888 300 89
0 650 736.969 300 89
0 650 737.057 300 89
0 650 737.148 300 89
0 650 737.235 300 89
0 650 737.33 300 89
0 650 737.391 300 89
0 650 737.479 300 89
0 650 737.57 300 89
0 650 737.646 300 89
0 650 737.736 300 89
0 650 737.814 300 89
0 650 737.913 300 89
0 650 737.996 300 89
0 650 738.09 300 89
0 650 738.191 300 89
0 650 738.295 300 89
0 650 738.395 300 89
0 650 738.485 300 89
0 650 738.565 300 89
0 650 738.649 300 89
0 650 738.738 300 89
0 650 738.824 300 89
0 650 738.916 300 89
0 650 738.999 300 89
0 650 739.089 300 89
0 650 739.184 300 89
0 650 739.277 300 89
0 650 739.371 300 89
0 650 739.466 300 89
0 650 739.558 300 89
0 650 739.641 300 89
0 650 739.739 300 89
0 650 739.821 300 89
0 650 739.902 300 89
0 650 739.987 300 89
0 650 740.083 300 89
0 650 740.177 300 89
0 650 740.289 300 89
0 650 740.38 300 89
0 650 740.466 300 89
0 650 740.555 300 89
0 650 740.641 300 89
0 650 740.728 300 89
0 650 740.816 300 89
0 650 740.907 300 89
0 650 740.995 300 89
0 650 741.078 300 89
0 650 741.165 300 89
0 650 741.257 300 89
0 650 741.351 300 89
0 650 741.442 300 89
0 650 741.528 300 89
0 650 741.611 300 89
0 650 741.698 300 89
0 650 741.794 300 89
0 650 741.891 300 89
0 650 741.985 300 89
0 650 742.076 300 89
0 650 742.157 300 89
0 650 742.252 300 89
0 650 742.331 300 89
0 650 742.413 300 89
0 650 742.509 300 89
0 650 742.603 300 89
0 650 742.694 300 89
0 650 742.777 300 89
0 650 742.866 300 89
0 650 742.958 300 89
0 650 743.048 300 89
0 650 743.141 300 89
0 650 743.227 300 89
0 650 743.314 300 89
0 650 743.402 300 89
0 650 743.488 300 89
0 650 743.575 300 89
0 650 743.663 300 89
0 650 743.744 300 89
0 650 743.828 300 89
0 650 743.917 300 89
0 650 744.002 300 89
0 650 744.096 300 89
0 650 744.189 300 89
0 650 744.278 300 89
0 650 744.369 300 89
0 650 744.468 300 89
0 650 744.569 300 89
0 650 744.657 300 89
0 650 744.747 300 89
0 650 744.84 300 89
0 650 744.923 300 89
0 650 745.011 300 89
0 650 745.096 300 89
0 650 745.187 300 89
0 650 745.279 300 89
0 650 745.374 300 89
0 650 745.46 300 89
0 650 745.548 300 89
0 650 745.637 300 89
0 650 745.772 300 89
0 650 745.855 300 89
0 650 745.936 300 89
0 650 746.024 300 89
0 650 746.116 300 89
0 650 746.199 300 89
0 650 746.278 300 89
0 650 746.363 300 89
0 650 746.447 300 89
0 650 746.532 300 89
0 650 746.615 300 89
0 650 746.706 300 89
0 650 746.792 300 89
0 650 746.909 300 89
0 650 747.015 300 89
0 650 747.119 300 89
0 650 747.182 300 89
0 650 747.287 300 89
0 650 747.39 300 89
0 650 747.477 300 89
0 650 747.57 300 89
0 650 747.658 300 89
0 650 747.747 300 89
0 650 747.838 300 89
0 650 747.929 300 89
0 650 748.018 300 89
0 650 748.108 300 89
0 650 748.193 300 89
0 650 748.286 300 89
0 650 748.373 300 89
0 650 748.458 300 89
0 650 748.54 300 89
0 650 748.628 300 89
0 650 748.71 300 89
0 650 748.804 300 89
0 650 748.887 300 89
0 650 748.978 300 89
0 650 749.063 300 89
0 650 749.155 300 89
0 650 749.242 300 89
0 650 749.332 300 89
0 650 749.424 300 89
0 650 749.518 300 89
0 650 749.609 300 89
0 650 749.702 300 89
0 650 749.782 300 89
0 650 749.871 300 89
0 650 749.962 300 89
0 650 750.05 300 89
0 650 750.19 300 89
0 650 750.274 300 89
0 650 750.361 300 89
0 650 750.452 300 89
0 650 750.538 300 89
0 650 750.625 300 89
0 650 750.704 300 89
0 650 750.791 300 89
0 650 750.87 300 89
0 650 750.959 300 89
0 650 751.045 300 89
0 650 751.128 300 89
0 650 751.214 300 89
0 650 751.292 300 89
0 650 751.38 300 89
0 650 751.469 300 89
0 650 751.556 300 89
0 650 751.636 300 89
0 650 751.725 300 89
0 650 751.81 300 89
0 650 751.907 300 89
0 650 752.001 300 89
0 650 752.083 300 89
0 650 752.171 300 89
0 650 752.256 300 89
0 650 752.337 300 89
0 650 752.425 300 89
0 650 752.515 300 89
0 650 752.602 300 89
0 650 752.698 300 89
0 650 752.79 300 89
0 650 752.878 300 89
0 650 752.97 300 89
0 650 753.061 300 89
0 650 753.142 300 89
0 650 753.229 300 89
0 650 753.322 300 89
0 650 753.408 300 89
0 650 753.496 300 89
0 650 753.589 300 89
0 650 753.678 300 89
0 650 753.768 300 89
0 650 753.856 300 89
0 650 753.941 300 89
0 650 754.028 300 89
0 650 754.105 300 89
0 650 754.186 300 89
0 650 754.273 300 89
0 650 754.367 300 89
0 650 754.453 300 89
0 650 754.544 300 89
0 650 754.625 300 89
0 650 754.713 300 89
0 650 754.808 300 89
0 650 754.895 300 89
0 650 754.981 300 89
0 650 755.072 300 89
0 650 755.164 300 89
0 650 755.25 300 89
0 650 755.342 300 89
0 650 755.43 300 89
0 650 755.517 300 89
0 650 755.608 300 89
0 650 755.695 300 89
0 650 755.779 300 89
0 650 755.87 300 89
0 650 755.964 300 89
0 650 756.052 300 89
0 650 756.14 300 89
0 650 756.252 300 89
0 650 756.343 300 89
0 650 756.437 300 89
0 650 756.52 300 89
0 650 756.613 300 89
0 650 756.7 300 89
0 650 756.789 300 89
0 650 756.875 300 89
0 650 756.968 300 89
0 650 757.061 300 89
0 650 757.149 300 89
0 650 757.229 300 89
0 650 757.309 300 89
0 650 757.395 300 89
0 650 757.488 300 89
0 650 757.566 300 89
0 650 757.654 300 89
0 650 757.738 300 89
0 650 757.825 300 89
0 650 757.907 300 89
0 650 757.999 300 89
0 650 758.093 300 89
0 650 758.178 300 89
0 650 758.262 300 89
0 650 758.345 300 89
0 650 758.427 300 89
0 650 758.512 300 89
0 650 758.594 300 89
0 650 758.685 300 89
0 650 758.773 300 89
0 650 758.858 300 89
0 650 758.947 300 89
0 650 759.032 300 89
0 650 759.117 300 89
0 650 759.205 300 89
0 650 759.292 300 89
0 650 759.378 300 89
0 650 759.463 300 89
0 650 759.551 300 89
0 650 759.646 300 89
0 650 759.726 300 89
0 650 759.813 300 89
0 650 759.901 300 89
0 650 759.99 300 89
0 650 760.081 300 89
0 650 760.163 300 89
0 650 760.25 300 89
0 650 760.338 300 89
0 650 760.425 300 89
0 650 760.51 300 89
0 650 760.597 300 89
0 650 760.701 300 89
0 650 760.807 300 89
0 650 760.902 300 89
0 650 760.989 300 89
0 650 761.077 300 89
0 650 761.168 300 89
0 650 761.258 300 89
0 650 761.343 300 89
0 650 761.43 300 89
0 650 761.515 300 89
0 650 761.601 300 89
0 650 761.689 300 89
0 650 761.766 300 89
0 650 761.849 300 89
0 650 761.937 300 89
0 650 762.022 300 89
0 650 762.094 300 89
0 650 762.188 300 89
0 650 762.272 300 89
0 650 762.357 300 89
0 650 762.443 300 89
0 650 762.537 300 89
0 650 762.618 300 89
0 650 762.7 300 89
0 650 762.787 300 89
0 650 762.873 300 89
0 650 762.956 300 89
0 650 763.049 300 89
0 650 763.123 300 89
0 650 763.204 300 89
0 650 763.294 300 89
0 650 763.373 300 89
0 650 763.47 300 89
0 650 763.578 300 89
0 650 763.675 300 89
0 650 763.751 300 89
0 650 763.829 300 89
0 650 763.918 300 89
0 650 764.005 300 89
0 650 764.093 300 89
0 650 764.173 300 89
0 650 764.257 300 89
0 650 764.343 300 89
0 650 764.427 300 89
0 650 764.516 300 89
0 650 764.599 300 89
0 650 764.683 300 89
0 650 764.762 300 89
0 650 764.842 300 89
0 650 764.899 300 89
0 650 764.982 300 89
0 650 765.063 300 89
0 650 765.147 300 89
0 650 765.23 300 89
0 650 765.31 300 89
0 650 765.394 300 89
0 650 765.491 300 89
0 650 765.573 300 89
0 650 765.666 300 89
0 650 765.756 300 89
0 650 765.855 300 89
0 650 765.948 300 89
0 650 766.035 300 89
0 650 766.126 300 89
0 650 766.214 300 89
0 650 766.305 300 89
0 650 766.4 300 89
0 650 766.489 300 89
0 650 766.588 300 89
0 650 766.678 300 89
0 650 766.771 300 89
0 650 766.87 300 89
0 650 766.954 300 89
0 650 767.038 300 89
0 650 767.128 300 89
0 650 767.211 300 89
0 650 767.304 300 89
0 650 767.374 300 89
0 650 767.463 300 89
0 650 767.546 300 89
0 650 767.634 300 89
0 650 767.725 300 89
0 650 767.812 300 89
0 650 767.895 300 89
0 650 767.983 300 89
0 650 768.069 300 89
0 650 768.141 300 89
0 650 768.227 300 89
0 650 768.318 300 89
0 650 768.405 300 89
0 650 768.489 300 89
0 650 768.584 300 89
0 650 768.665 300 89
0 650 768.753 300 89
0 650 768.853 300 89
0 650 768.94 300 89
0 650 769.022 300 89
0 650 769.115 300 89
0 650 769.213 300 89
0 650 769.304 300 89
0 650 769.387 300 89
0 650 769.476 300 89
0 650 769.562 300 89
0 650 769.653 300 89
0 650 769.741 300 89
0 650 769.824 300 89
0 650 769.913 300 89
0 650 770 300 89
0 650 770.078 300 89
0 650 770.165 300 89
0 650 770.253 300 89
0 650 770.343 300 89
0 650 770.44 300 89
0 650 770.516 300 89
0 650 770.603 300 89
0 650 770.697 300 89
0 650 770.78 300 89
0 650 770.865 300 89
0 650 770.962 300 89
0 650 771.063 300 89
0 650 771.154 300 89
0 650 771.233 300 89
0 650 771.326 300 89
0 650 771.418 300 89
0 650 771.499 300 89
0 650 771.589 300 89
0 650 771.679 300 89
0 650 771.759 300 89
0 650 771.845 300 89
0 650 771.935 300 89
0 650 772.021 300 89
0 650 772.11 300 89
0 650 772.198 300 89
0 650 772.286 300 89
0 650 772.381 300 89
0 650 772.469 300 89
0 650 772.546 300 89
0 650 772.642 300 89
0 650 772.725 300 89
0 650 772.819 300 89
0 650 772.911 300 89
0 650 773 300 89
0 650 773.089 300 89
0 650 773.179 300 89
0 650 773.238 300 89
0 650 773.298 300 89
0 650 773.358 300 89
0 650 773.452 300 89
0 650 773.542 300 89
0 650 773.626 300 89
0 650 773.687 300 89
0 650 773.752 300 89
0 650 773.817 300 89
0 650 773.879 300 89
0 650 773.94 300 89
0 650 773.999 300 89
0 650 774.063 300 89
0 650 774.126 300 89
0 650 774.187 300 89
0 650 774.25 300 89
0 650 774.318 300 89
0 650 774.377 300 89
0 650 774.44 300 89
0 650 774.505 300 89
0 650 774.566 300 89
0 650 774.619 300 89
0 650 774.675 300 89
0 650 774.739 300 89
0 650 774.799 300 89
0 650 774.86 300 89
0 650 774.92 300 89
0 650 774.984 300 89
0 650 775.045 300 89
0 650 775.104 300 89
0 650 775.163 300 89
0 650 775.223 300 89
0 650 775.28 300 89
0 650 775.337 300 89
0 650 775.393 300 89
0 650 775.452 300 89
0 650 775.511 300 89
0 650 775.573 300 89
0 650 775.629 300 89
0 650 775.69 300 89
0 650 775.754 300 89
0 650 775.813 300 89
0 650 775.872 300 89
0 650 775.933 300 89
0 650 775.993 300 89
0 650 776.052 300 89
0 650 776.112 300 89
0 650 776.173 300 89
0 650 776.235 300 89
0 650 776.295 300 89
0 650 776.373 300 89
0 650 776.462 300 89
0 650 776.547 300 89
0 650 776.637 300 89
0 650 776.725 300 89
0 650 776.814 300 89
0 650 776.91 300 89
0 650 777.007 300 89
0 650 777.097 300 89
0 650 777.181 300 89
0 650 777.269 300 89
0 650 777.364 300 89
0 650 777.463 300 89
0 650 777.553 300 89
0 650 777.642 300 89
0 650 777.733 300 89
0 650 777.816 300 89
0 650 777.91 300 89
0 650 777.999 300 89
0 650 778.072 300 89
0 650 778.157 300 89
0 650 778.249 300 89
0 650 778.339 300 89
0 650 778.429 300 89
0 650 778.524 300 89
0 650 778.615 300 89
0 650 778.711 300 89
0 650 778.803 300 89
0 650 778.894 300 89
0 650 778.981 300 89
0 650 779.081 300 89
0 650 779.168 300 89
0 650 779.268 300 89
0 650 779.359 300 89
0 650 779.441 300 89
0 650 779.53 300 89
0 650 779.615 300 89
0 650 779.674 300 89
0 650 779.737 300 89
0 650 779.798 300 89
0 650 779.86 300 89
0 650 779.922 300 89
0 650 779.989 300 89
0 650 780.048 300 89
0 650 780.106 300 89
0 650 780.162 300 89
0 650 780.221 300 89
0 650 780.281 300 89
0 650 780.367 300 89
0 650 780.46 300 89
0 650 780.556 300 89
0 650 780.646 300 89
0 650 780.746 300 89
0 650 780.836 300 89
0 650 780.899 300 89
0 650 780.959 300 89
0 650 781.024 300 89
0 650 781.079 300 89
0 650 781.133 300 89
0 650 781.194 300 89
0 650 781.254 300 89
0 650 781.318 300 89
0 650 781.381 300 89
0 650 781.44 300 89
0 650 781.502 300 89
0 650 781.565 300 89
0 650 781.622 300 89
0 650 781.691 300 89
0 650 781.752 300 89
0 650 781.817 300 89
0 650 781.871 300 89
0 650 781.924 300 89
0 650 781.988 300 89
0 650 782.045 300 89
0 650 782.106 300 89
0 650 782.172 300 89
0 650 782.235 300 89
0 650 782.3 300 89
0 650 782.361 300 89
0 650 782.42 300 89
0 650 782.482 300 89
0 650 782.548 300 89
0 650 782.603 300 89
0 650 782.672 300 89
0 650 782.735 300 89
0 650 782.794 300 89
0 650 782.853 300 89
0 650 782.913 300 89
0 650 782.973 300 89
0 650 783.034 300 89
0 650 783.096 300 89
0 650 783.159 300 89
0 650 783.215 300 89
0 650 783.277 300 89
0 650 783.34 300 89
0 650 783.397 300 89
0 650 783.481 300 89
0 650 783.557 300 89
0 650 783.647 300 89
0 650 783.732 300 89
0 650 783.812 300 89
0 650 783.901 300 89
0 650 783.988 300 89
0 650 784.073 300 89
0 650 784.165 300 89
0 650 784.255 300 89
0 650 784.347 300 89
0 650 784.43 300 89
0 650 784.517 300 89
0 650 784.609 300 89
0 650 784.699 300 89
0 650 784.782 300 89
0 650 784.876 300 89
0 650 784.963 300 89
0 650 785.054 300 89
0 650 785.133 300 89
0 650 785.226 300 89
0 650 785.366 300 89
0 650 785.448 300 89
0 650 785.542 300 89
0 650 785.632 300 89
0 650 785.717 300 89
0 650 785.806 300 89
0 650 785.895 300 89
0 650 785.983 300 89
0 650 786.067 300 89
0 650 786.18 300 89
0 650 786.271 300 89
0 650 786.368 300 89
0 650 786.454 300 89
0 650 786.54 300 89
0 650 786.636 300 89
0 650 786.725 300 89
0 650 786.82 300 89
0 650 786.904 300 89
0 650 786.999 300 89
0 650 787.09 300 89
0 650 787.178 300 89
0 650 787.273 300 89
0 650 787.364 300 89
0 650 787.473 300 89
0 650 787.556 300 89
0 650 787.653 300 89
0 650 787.739 300 89
0 650 787.834 300 89
0 650 787.923 300 89
0 650 788.016 300 89
0 650 788.112 300 89
0 650 788.197 300 89
0 650 788.288 300 89
0 650 788.378 300 89
0 650 788.463 300 89
0 650 788.555 300 89
0 650 788.646 300 89
0 650 788.733 300 89
0 650 788.818 300 89
0 650 788.903 300 89
0 650 788.991 300 89
0 650 789.081 300 89
0 650 789.176 300 89
0 650 789.26 300 89
0 650 789.349 300 89
0 650 789.439 300 89
0 650 789.53 300 89
0 650 789.616 300 89
0 650 789.704 300 89
0 650 789.789 300 89
0 650 789.884 300 89
0 650 789.99 300 89
0 650 790.072 300 89
0 650 790.16 300 89
0 650 790.246 300 89
0 650 790.334 300 89
0 650 790.427 300 89
0 650 790.512 300 89
0 650 790.595 300 89
0 650 790.673 300 89
0 650 790.764 300 89
0 650 790.854 300 89
0 650 790.94 300 89
0 650 791.028 300 89
0 650 791.118 300 89
0 650 791.207 300 89
0 650 791.3 300 89
0 650 791.392 300 89
0 650 791.48 300 89
0 650 791.574 300 89
0 650 791.659 300 89
0 650 791.745 300 89
0 650 791.835 300 89
0 650 791.925 300 89
0 650 792.019 300 89
0 650 792.113 300 89
0 650 792.213 300 89
0 650 792.307 300 89
0 650 792.401 300 89
0 650 792.497 300 89
0 650 792.589 300 89
0 650 792.664 300 89
0 650 792.756 300 89
0 650 792.845 300 89
0 650 792.926 300 89
0 650 793.008 300 89
0 650 793.122 300 89
0 650 793.207 300 89
0 650 793.297 300 89
0 650 793.389 300 89
0 650 793.468 300 89
0 650 793.561 300 89
0 650 793.626 300 89
0 650 793.682 300 89
0 650 793.744 300 89
0 650 793.806 300 89
0 650 793.868 300 89
0 650 793.93 300 89
0 650 794.002 300 89
0 650 794.092 300 89
0 650 794.189 300 89
0 650 794.266 300 89
0 650 794.356 300 89
0 650 794.453 300 89
0 650 794.538 300 89
0 650 794.622 300 89
0 650 794.716 300 89
0 650 794.798 300 89
0 650 794.883 300 89
0 650 794.97 300 89
0 650 795.055 300 89
0 650 795.141 300 89
0 650 795.237 300 89
0 650 795.325 300 89
0 650 795.413 300 89
0 650 795.501 300 89
0 650 795.591 300 89
0 650 795.672 300 89
0 650 795.755 300 89
0 650 795.828 300 89
0 650 795.923 300 89
0 650 796.011 300 89
0 650 796.104 300 89
0 650 796.2 300 89
0 650 796.3 300 89
0 650 796.396 300 89
0 650 796.479 300 89
0 650 796.574 300 89
0 650 796.667 300 89
0 650 796.759 300 89
0 650 796.846 300 89
0 650 796.936 300 89
0 650 797.021 300 89
0 650 797.111 300 89
0 650 797.198 300 89
0 650 797.292 300 89
0 650 797.39 300 89
0 650 797.484 300 89
0 650 797.572 300 89
0 650 797.654 300 89
0 650 797.744 300 89
0 650 797.829 300 89
0 650 797.91 300 89
0 650 797.99 300 89
0 650 798.078 300 89
0 650 798.166 300 89
0 650 798.251 300 89
0 650 798.333 300 89
0 650 798.416 300 89
0 650 798.491 300 89
0 650 798.584 300 89
0 650 798.671 300 89
0 650 798.758 300 89
0 650 798.846 300 89
0 650 798.925 300 89
0 650 799.008 300 89
0 650 799.098 300 89
0 650 799.188 300 89
0 650 799.276 300 89
0 650 799.357 300 89
0 650 799.443 300 89
0 650 799.523 300 89
0 650 799.606 300 89
0 650 799.692 300 89
0 650 799.761 300 89
0 650 799.826 300 89
0 650 799.887 300 89
0 650 799.941 300 89
0 650 799.999 300 89
