0 767.6 0.015204 300 0
0 666.8 0.019559 3
0 666.8 0.073114 300 86
0 666.8 0.127398 300 88
0 661.2 0.130593 88
0 661.2 0.187317 300 89
0 661.2 0.236036 300 89
0 661.2 0.293793 300 89
0 661.2 0.349693 300 89
0 661.2 0.406625 300 89
0 661.2 0.463841 300 89
0 661.2 0.518027 300 89
0 661.2 0.571823 300 89
0 661.2 0.618805 300 89
0 661.2 0.671302 300 89
0 661.2 0.723743 300 89
0 661.2 0.780489 300 89
0 661.2 0.836291 300 89
0 661.2 0.890982 300 89
0 661.2 0.947396 300 89
0 661.2 1.00077 300 89
0 661.2 1.05365 300 89
0 661.2 1.10572 300 89
0 661.2 1.15822 300 89
0 661.2 1.20665 300 89
0 661.2 1.25952 300 89
0 661.2 1.32189 300 89
0 661.2 1.37939 300 89
0 661.2 1.43622 300 89
0 661.2 1.48803 300 89
0 661.2 1.54323 300 89
0 661.2 1.59834 300 89
0 661.2 1.65268 300 89
0 661.2 1.70711 300 89
0 661.2 1.75642 300 89
0 661.2 1.80667 300 89
0 661.2 1.86183 300 89
0 661.2 1.90691 300 89
0 661.2 1.96179 300 89
0 661.2 2.01773 300 89
0 661.2 2.07404 300 89
0 661.2 2.1271 300 89
0 661.2 2.18538 300 89
0 661.2 2.24293 300 89
0 661.2 2.30496 300 89
0 661.2 2.3637 300 89
0 661.2 2.4248 300 89
0 661.2 2.47884 300 89
0 661.2 2.534 300 89
0 661.2 2.59268 300 89
0 661.2 2.64891 300 89
0 661.2 2.70703 300 89
0 661.2 2.76169 300 89
0 661.2 2.82683 300 89
0 655.6 2.8302 89
0 655.6 2.88018 300 89
0 655.6 2.93536 300 89
0 655.6 2.99604 300 89
0 655.6 3.05654 300 89
0 655.6 3.11577 300 89
0 655.6 3.17457 300 89
0 655.6 3.23996 300 89
0 655.6 3.29857 300 89
0 655.6 3.35596 300 89
0 655.6 3.41105 300 89
0 655.6 3.4733 300 89
0 655.6 3.52701 300 89
0 655.6 3.58633 300 89
0 655.6 3.65042 300 89
0 655.6 3.70568 300 89
0 655.6 3.76608 300 89
0 655.6 3.82044 300 89
0 655.6 3.87739 300 89
0 655.6 3.93532 300 89
0 655.6 3.98751 300 89
0 655.6 4.04151 300 89
0 655.6 4.10217 300 89
0 655.6 4.16118 300 89
0 655.6 4.22544 300 89
0 655.6 4.28266 300 89
0 655.6 4.34108 300 89
0 655.6 4.40086 300 89
0 655.6 4.45391 300 89
0 655.6 4.5175 300 89
0 655.6 4.57616 300 89
0 655.6 4.63348 300 89
0 655.6 4.69407 300 89
0 655.6 4.75465 300 89
0 655.6 4.81161 300 89
0 655.6 4.87286 300 89
0 655.6 4.93039 300 89
0 655.6 4.99159 300 89
0 655.6 5.04703 300 89
0 655.6 5.1102 300 89
0 655.6 5.16969 300 89
0 655.6 5.22331 300 89
0 655.6 5.28267 300 89
0 655.6 5.33887 300 89
0 655.6 5.39423 300 89
0 655.6 5.45368 300 89
0 655.6 5.51588 300 89
0 655.6 5.58046 300 89
0 655.6 5.6379 300 89
0 655.6 5.69777 300 89
0 655.6 5.75837 300 89
0 655.6 5.81641 300 89
0 655.6 5.87458 300 89
0 655.6 5.95533 300 89
0 655.6 6.0415 300 89
0 655.6 6.11374 300 89
0 655.6 6.16993 300 89
0 655.6 6.23271 300 89
0 655.6 6.29139 300 89
0 655.6 6.35503 300 89
0 655.6 6.41643 300 89
0 655.6 6.47611 300 89
0 655.6 6.53387 300 89
0 655.6 6.588 300 89
0 655.6 6.64817 300 89
0 655.6 6.70792 300 89
0 655.6 6.77353 300 89
0 655.6 6.83642 300 89
0 655.6 6.90045 300 89
0 655.6 6.96237 300 89
0 655.6 7.02061 300 89
0 655.6 7.08426 300 89
0 655.6 7.1439 300 89
0 655.6 7.20693 300 89
0 655.6 7.26848 300 89
0 655.6 7.33388 300 89
0 655.6 7.39231 300 89
0 655.6 7.45459 300 89
0 655.6 7.51513 300 89
0 655.6 7.58135 300 89
0 655.6 7.65208 300 89
0 655.6 7.71113 300 89
0 655.6 7.77457 300 89
0 655.6 7.83805 300 89
0 655.6 7.89718 300 89
0 655.6 7.96502 300 89
0 655.6 8.02799 300 89
0 655.6 8.08904 300 89
0 655.6 8.1674 300 89
0 655.6 8.23649 300 89
0 655.6 8.3007 300 89
0 655.6 8.36318 300 89
0 655.6 8.42668 300 89
0 655.6 8.48899 300 89
0 655.6 8.54671 300 89
0 655.6 8.60907 300 89
0 655.6 8.71131 300 89
0 655.6 8.77292 300 89
0 655.6 8.83776 300 89
0 655.6 8.89416 300 89
0 655.6 8.95299 300 89
0 655.6 9.01667 300 89
0 655.6 9.0862 300 89
0 655.6 9.15234 300 89
0 655.6 9.21797 300 89
0 655.6 9.2791 300 89
0 655.6 9.3418 300 89
0 655.6 9.40521 300 89
0 655.6 9.47246 300 89
0 655.6 9.53207 300 89
0 655.6 9.59489 300 89
0 655.6 9.65473 300 89
0 655.6 9.72628 300 89
0 655.6 9.79007 300 89
0 655.6 9.85114 300 89
0 655.6 9.91398 300 89
0 655.6 9.97823 300 89
0 655.6 10.0385 300 89
0 655.6 10.1021 300 89
0 655.6 10.1446 300 89
0 655.6 10.2095 300 89
0 655.6 10.2754 300 89
0 655.6 10.337 300 89
0 655.6 10.4035 300 89
0 655.6 10.47 300 89
0 655.6 10.5289 300 89
0 655.6 10.594 300 89
0 655.6 10.6552 300 89
0 655.6 10.7299 300 89
0 655.6 10.8263 300 89
0 655.6 10.9105 300 89
0 655.6 10.9971 300 89
0 655.6 11.0623 300 89
0 655.6 11.1349 300 89
0 655.6 11.202 300 89
0 655.6 11.2792 300 89
0 655.6 11.3524 300 89
0 655.6 11.4268 300 89
0 655.6 11.503 300 89
0 655.6 11.5824 300 89
0 655.6 11.6472 300 89
0 655.6 11.7175 300 89
0 655.6 11.7866 300 89
0 655.6 11.8547 300 89
0 655.6 11.921 300 89
0 655.6 11.9898 300 89
0 655.6 12.0629 300 89
0 655.6 12.1613 300 89
0 655.6 12.2534 300 89
0 655.6 12.3529 300 89
0 655.6 12.4519 300 89
0 655.6 12.5481 300 89
0 655.6 12.6496 300 89
0 655.6 12.7501 300 89
0 655.6 12.8473 300 89
0 655.6 12.9518 300 89
0 655.6 13.0543 300 89
0 655.6 13.1524 300 89
0 655.6 13.2557 300 89
0 655.6 13.3564 300 89
0 655.6 13.4451 300 89
0 655.6 13.5416 300 89
0 655.6 13.6429 300 89
0 655.6 13.731 300 89
0 655.6 13.8306 300 89
0 655.6 13.9332 300 89
0 655.6 14.0061 300 89
0 655.6 14.074 300 89
0 655.6 14.1375 300 89
0 655.6 14.2148 300 89
0 655.6 14.2884 300 89
0 655.6 14.3665 300 89
0 655.6 14.4506 300 89
0 655.6 14.5563 300 89
0 655.6 14.6613 300 89
0 655.6 14.7734 300 89
0 655.6 14.8744 300 89
0 655.6 14.9642 300 89
0 655.6 15.0726 300 89
0 655.6 15.1773 300 89
0 655.6 15.294 300 89
0 655.6 15.4016 300 89
0 655.6 15.5084 300 89
0 655.6 15.6112 300 89
0 655.6 15.7189 300 89
0 655.6 15.8223 300 89
0 655.6 15.9163 300 89
0 655.6 16.0053 300 89
0 655.6 16.1078 300 89
0 655.6 16.2205 300 89
0 655.6 16.3233 300 89
0 655.6 16.4215 300 89
0 650 16.4321 89
0 650 16.5204 300 89
0 650 16.6251 300 89
0 650 16.7211 300 89
0 650 16.8203 300 89
0 650 16.9245 300 89
0 650 17.0358 300 89
0 650 17.1433 300 89
0 650 17.2494 300 89
0 650 17.3522 300 89
0 650 17.4489 300 89
0 650 17.551 300 89
0 650 17.6607 300 89
0 650 17.7609 300 89
0 650 17.8655 300 89
0 650 17.966 300 89
0 650 18.0726 300 89
0 650 18.1765 300 89
0 650 18.2863 300 89
0 650 18.38 300 89
0 650 18.4853 300 89
0 650 18.5806 300 89
0 650 18.6799 300 89
0 650 18.7789 300 89
0 650 18.8853 300 89
0 650 18.9912 300 89
0 650 19.086 300 89
0 650 19.1847 300 89
0 650 19.2777 300 89
0 650 19.382 300 89
0 650 19.4744 300 89
0 650 19.5744 300 89
0 650 19.673 300 89
0 650 19.7658 300 89
0 650 19.8687 300 89
0 650 19.9425 300 89
0 650 20.0417 300 89
0 650 20.1462 300 89
0 650 20.2398 300 89
0 650 20.3465 300 89
0 650 20.4491 300 89
0 650 20.5399 300 89
0 650 20.6422 300 89
0 650 20.7473 300 89
0 650 20.8469 300 89
0 650 20.9451 300 89
0 650 21.0483 300 89
0 650 21.1491 300 89
0 650 21.248 300 89
0 650 21.3493 300 89
0 650 21.4541 300 89
0 650 21.5551 300 89
0 650 21.6599 300 89
0 650 21.7582 300 89
0 650 21.8614 300 89
0 650 21.9711 300 89
0 650 22.0759 300 89
0 650 22.1778 300 89
0 650 22.2834 300 89
0 650 22.3837 300 89
0 650 22.4972 300 89
0 650 22.5901 300 89
0 650 22.6871 300 89
0 650 22.7956 300 89
0 650 22.9021 300 89
0 650 23.0044 300 89
0 650 23.1036 300 89
0 650 23.2047 300 89
0 650 23.302 300 89
0 650 23.4073 300 89
0 650 23.496 300 89
0 650 23.6007 300 89
0 650 23.7117 300 89
0 650 23.8163 300 89
0 650 23.9221 300 89
0 650 24.0232 300 89
0 650 24.1228 300 89
0 650 24.2252 300 89
0 650 24.3238 300 89
0 650 24.416 300 89
0 650 24.5132 300 89
0 650 24.6174 300 89
0 650 24.7038 300 89
0 650 24.8136 300 89
0 650 24.9044 300 89
0 650 25.0165 300 89
0 650 25.1222 300 89
0 650 25.2207 300 89
0 650 25.323 300 89
0 650 25.433 300 89
0 650 25.5393 300 89
0 650 25.6461 300 89
0 650 25.7487 300 89
0 650 25.8481 300 89
0 650 25.9446 300 89
0 650 26.0525 300 89
0 650 26.1474 300 89
0 650 26.2498 300 89
0 650 26.3504 300 89
0 650 26.4546 300 89
0 650 26.5596 300 89
0 650 26.6571 300 89
0 650 26.7572 300 89
0 650 26.8623 300 89
0 650 26.9714 300 89
0 650 27.0736 300 89
0 650 27.1749 300 89
0 650 27.2733 300 89
0 650 27.3777 300 89
0 650 27.4875 300 89
0 650 27.5963 300 89
0 650 27.7061 300 89
0 650 27.8058 300 89
0 650 27.9053 300 89
0 650 27.9996 300 89
0 650 28.0993 300 89
0 650 28.2039 300 89
0 650 28.3125 300 89
0 650 28.4154 300 89
0 650 28.513 300 89
0 650 28.6241 300 89
0 650 28.733 300 89
0 650 28.843 300 89
0 650 28.9443 300 89
0 650 29.0492 300 89
0 650 29.1486 300 89
0 650 29.2644 300 89
0 650 29.3581 300 89
0 650 29.4555 300 89
0 650 29.5542 300 89
0 650 29.669 300 89
0 650 29.7718 300 89
0 650 29.8796 300 89
0 650 29.9893 300 89
0 650 30.0853 300 89
0 650 30.1837 300 89
0 650 30.2885 300 89
0 650 30.3935 300 89
0 650 30.4928 300 89
0 650 30.5899 300 89
0 650 30.6808 300 89
0 650 30.7848 300 89
0 650 30.8793 300 89
0 650 31.0226 300 89
0 650 31.1112 300 89
0 650 31.2092 300 89
0 650 31.3018 300 89
0 650 31.4036 300 89
0 650 31.4951 300 89
0 650 31.5964 300 89
0 650 31.697 300 89
0 650 31.7911 300 89
0 650 31.8833 300 89
0 650 31.9844 300 89
0 650 32.0833 300 89
0 650 32.1835 300 89
0 650 32.2807 300 89
0 650 32.3806 300 89
0 650 32.4745 300 89
0 650 32.5635 300 89
0 650 32.6557 300 89
0 650 32.7519 300 89
0 650 32.8537 300 89
0 650 32.9576 300 89
0 650 33.0514 300 89
0 650 33.1466 300 89
0 650 33.2415 300 89
0 650 33.3392 300 89
0 650 33.4441 300 89
0 650 33.5412 300 89
0 650 33.6433 300 89
0 650 33.7493 300 89
0 650 33.8479 300 89
0 650 33.9567 300 89
0 650 34.0565 300 89
0 650 34.1473 300 89
0 650 34.2436 300 89
0 650 34.3467 300 89
0 650 34.443 300 89
0 650 34.539 300 89
0 650 34.6479 300 89
0 650 34.7465 300 89
0 650 34.8563 300 89
0 650 34.9482 300 89
0 650 35.0412 300 89
0 650 35.1391 300 89
0 650 35.2356 300 89
0 650 35.3355 300 89
0 650 35.4251 300 89
0 650 35.5254 300 89
0 650 35.6333 300 89
0 650 35.7442 300 89
0 650 35.8512 300 89
0 650 35.954 300 89
0 650 36.0471 300 89
0 650 36.1461 300 89
0 650 36.2381 300 89
0 650 36.339 300 89
0 650 36.4382 300 89
0 650 36.542 300 89
0 650 36.6407 300 89
0 650 36.7344 300 89
0 650 36.8345 300 89
0 650 36.9278 300 89
0 650 37.027 300 89
0 650 37.1314 300 89
0 650 37.2801 300 89
0 650 37.3798 300 89
0 650 37.4738 300 89
0 650 37.5665 300 89
0 650 37.6642 300 89
0 650 37.7648 300 89
0 650 37.8728 300 89
0 650 37.9622 300 89
0 650 38.0512 300 89
0 650 38.1499 300 89
0 650 38.235 300 89
0 650 38.3247 300 89
0 650 38.4257 300 89
0 650 38.5224 300 89
0 650 38.6177 300 89
0 650 38.7114 300 89
0 650 38.8156 300 89
0 650 38.9138 300 89
0 650 39.0195 300 89
0 650 39.1044 300 89
0 650 39.1847 300 89
0 650 39.2678 300 89
0 650 39.367 300 89
0 650 39.4572 300 89
0 650 39.5537 300 89
0 650 39.6453 300 89
0 650 39.7474 300 89
0 650 39.8492 300 89
0 650 39.9408 300 89
0 650 40.0367 300 89
0 650 40.1277 300 89
0 650 40.22 300 89
0 650 40.3181 300 89
0 650 40.4182 300 89
0 650 40.5167 300 89
0 650 40.6095 300 89
0 650 40.7018 300 89
0 650 40.79 300 89
0 650 40.8825 300 89
0 650 40.9774 300 89
0 650 41.0756 300 89
0 650 41.1702 300 89
0 650 41.2457 300 89
0 650 41.3374 300 89
0 650 41.4191 300 89
0 650 41.5036 300 89
0 650 41.5973 300 89
0 650 41.6954 300 89
0 650 41.7952 300 89
0 650 41.8924 300 89
0 650 41.979 300 89
0 650 42.0639 300 89
0 650 42.1815 300 89
0 650 42.2731 300 89
0 650 42.3644 300 89
0 650 42.4504 300 89
0 650 42.5388 300 89
0 650 42.623 300 89
0 650 42.7159 300 89
0 650 42.8036 300 89
0 650 42.8972 300 89
0 650 42.9821 300 89
0 650 43.0726 300 89
0 650 43.1621 300 89
0 650 43.2518 300 89
0 650 43.3416 300 89
0 650 43.4344 300 89
0 650 43.53 300 89
0 650 43.6155 300 89
0 650 43.7038 300 89
0 650 43.7915 300 89
0 650 43.8761 300 89
0 650 43.95 300 89
0 650 44.0393 300 89
0 650 44.1247 300 89
0 650 44.216 300 89
0 650 44.3029 300 89
0 650 44.3849 300 89
0 650 44.4781 300 89
0 650 44.5543 300 89
0 650 44.6449 300 89
0 650 44.7284 300 89
0 650 44.817 300 89
0 650 44.9078 300 89
0 650 44.9926 300 89
0 650 45.0779 300 89
0 650 45.1598 300 89
0 650 45.2406 300 89
0 650 45.3228 300 89
0 650 45.412 300 89
0 650 45.4924 300 89
0 650 45.5759 300 89
0 650 45.6585 300 89
0 650 45.7375 300 89
0 650 45.8241 300 89
0 650 45.9135 300 89
0 650 46.0044 300 89
0 650 46.0921 300 89
0 650 46.1781 300 89
0 650 46.2639 300 89
0 650 46.3418 300 89
0 650 46.4225 300 89
0 650 46.5074 300 89
0 650 46.5956 300 89
0 650 46.6745 300 89
0 650 46.7655 300 89
0 650 46.8559 300 89
0 650 46.9362 300 89
0 650 47.0252 300 89
0 650 47.1033 300 89
0 650 47.1895 300 89
0 650 47.2718 300 89
0 650 47.3635 300 89
0 650 47.4469 300 89
0 650 47.5345 300 89
0 650 47.615 300 89
0 650 47.7006 300 89
0 650 47.7882 300 89
0 650 47.8719 300 89
0 650 48.007 300 89
0 650 48.0848 300 89
0 650 48.1694 300 89
0 650 48.247 300 89
0 650 48.3222 300 89
0 650 48.4098 300 89
0 650 48.4925 300 89
0 650 48.5834 300 89
0 650 48.6564 300 89
0 650 48.7424 300 89
0 650 48.8277 300 89
0 650 48.9178 300 89
0 650 49.0121 300 89
0 650 49.0954 300 89
0 650 49.185 300 89
0 650 49.2674 300 89
0 650 49.3504 300 89
0 650 49.4322 300 89
0 650 49.5113 300 89
0 650 49.5958 300 89
0 650 49.6805 300 89
0 650 49.7688 300 89
0 650 49.8592 300 89
0 650 49.9415 300 89
0 650 50.0226 300 89
0 650 50.11 300 89
0 650 50.1955 300 89
0 650 50.2833 300 89
0 650 50.3683 300 89
0 650 50.4511 300 89
0 650 50.5333 300 89
0 650 50.6162 300 89
0 650 50.699 300 89
0 650 50.7877 300 89
0 650 50.8712 300 89
0 650 50.9584 300 89
0 650 51.0385 300 89
0 650 51.1228 300 89
0 650 51.2026 300 89
0 650 51.29 300 89
0 650 51.3703 300 89
0 650 51.4596 300 89
0 650 51.5412 300 89
0 650 51.6229 300 89
0 650 51.6956 300 89
0 650 51.7766 300 89
0 650 51.8553 300 89
0 650 51.9454 300 89
0 650 52.0263 300 89
0 650 52.1113 300 89
0 650 52.1904 300 89
0 650 52.2718 300 89
0 650 52.3575 300 89
0 650 52.4412 300 89
0 650 52.5287 300 89
0 650 52.6166 300 89
0 650 52.7051 300 89
0 650 52.7846 300 89
0 650 52.8695 300 89
0 650 52.9489 300 89
0 650 53.0352 300 89
0 650 53.1133 300 89
0 650 53.1985 300 89
0 650 53.2815 300 89
0 650 53.3593 300 89
0 650 53.449 300 89
0 650 53.5313 300 89
0 650 53.6116 300 89
0 650 53.698 300 89
0 650 53.7849 300 89
0 650 53.8649 300 89
0 650 53.9466 300 89
0 650 54.0346 300 89
0 650 54.1154 300 89
0 650 54.1958 300 89
0 650 54.2727 300 89
0 650 54.3552 300 89
0 650 54.4374 300 89
0 650 54.521 300 89
0 650 54.6036 300 89
0 650 54.6893 300 89
0 650 54.774 300 89
0 650 54.8661 300 89
0 650 54.9516 300 89
0 650 55.0394 300 89
0 650 55.1249 300 89
0 650 55.2122 300 89
0 650 55.2991 300 89
0 650 55.3808 300 89
0 650 55.4689 300 89
0 650 55.5255 300 89
0 650 55.6177 300 89
0 650 55.7087 300 89
0 650 55.8109 300 89
0 650 55.8927 300 89
0 650 55.9785 300 89
0 650 56.063 300 89
0 650 56.1553 300 89
0 650 56.2481 300 89
0 650 56.3346 300 89
0 650 56.4193 300 89
0 650 56.5053 300 89
0 650 56.59 300 89
0 650 56.646 300 89
0 650 56.733 300 89
0 650 56.8133 300 89
0 650 56.8928 300 89
0 650 56.9775 300 89
0 650 57.0631 300 89
0 650 57.1474 300 89
0 650 57.2301 300 89
0 650 57.3194 300 89
0 650 57.4016 300 89
0 650 57.4831 300 89
0 650 57.5834 300 89
0 650 57.6662 300 89
0 650 57.7548 300 89
0 650 57.8447 300 89
0 650 57.9299 300 89
0 650 58.0231 300 89
0 650 58.103 300 89
0 650 58.1876 300 89
0 650 58.2785 300 89
0 650 58.3694 300 89
0 650 58.4537 300 89
0 650 58.5447 300 89
0 650 58.6186 300 89
0 650 58.7052 300 89
0 650 58.8328 300 89
0 650 58.9081 300 89
0 650 58.9862 300 89
0 650 59.0714 300 89
0 650 59.1512 300 89
0 650 59.2371 300 89
0 650 59.3153 300 89
0 650 59.3935 300 89
0 650 59.4808 300 89
0 650 59.5656 300 89
0 650 59.6524 300 89
0 650 59.7386 300 89
0 650 59.825 300 89
0 650 59.9102 300 89
0 650 60.0008 300 89
0 650 60.0765 300 89
0 650 60.1601 300 89
0 650 60.2485 300 89
0 650 60.3266 300 89
0 650 60.4147 300 89
0 650 60.4992 300 89
0 650 60.5818 300 89
0 650 60.6724 300 89
0 650 60.755 300 89
0 650 60.8383 300 89
0 650 60.922 300 89
0 650 61.0048 300 89
0 650 61.0899 300 89
0 650 61.1713 300 89
0 650 61.2584 300 89
0 650 61.3439 300 89
0 650 61.4305 300 89
0 650 61.5193 300 89
0 650 61.5986 300 89
0 650 61.6884 300 89
0 650 61.7715 300 89
0 650 61.8757 300 89
0 650 61.9689 300 89
0 650 62.0622 300 89
0 650 62.1611 300 89
0 650 62.2479 300 89
0 650 62.3258 300 89
0 650 62.405 300 89
0 650 62.4874 300 89
0 650 62.5666 300 89
0 650 62.6528 300 89
0 650 62.7334 300 89
0 650 62.8151 300 89
0 650 62.9014 300 89
0 650 62.9836 300 89
0 650 63.0737 300 89
0 650 63.1628 300 89
0 650 63.2523 300 89
0 650 63.3346 300 89
0 650 63.4212 300 89
0 650 63.5102 300 89
0 650 63.6013 300 89
0 650 63.6965 300 89
0 650 63.7847 300 89
0 650 63.8762 300 89
0 650 63.9675 300 89
0 650 64.0479 300 89
0 650 64.1379 300 89
0 650 64.2276 300 89
0 650 64.3116 300 89
0 650 64.3934 300 89
0 650 64.4748 300 89
0 650 64.5574 300 89
0 650 64.6349 300 89
0 650 64.7157 300 89
0 650 64.794 300 89
0 650 64.8677 300 89
0 650 64.9484 300 89
0 650 65.0256 300 89
0 650 65.1109 300 89
0 650 65.1999 300 89
0 650 65.2814 300 89
0 650 65.3707 300 89
0 650 65.4683 300 89
0 650 65.5557 300 89
0 650 65.6476 300 89
0 650 65.7318 300 89
0 650 65.8299 300 89
0 650 65.9255 300 89
0 650 66.0155 300 89
0 650 66.0992 300 89
0 650 66.1812 300 89
0 650 66.2687 300 89
0 650 66.3595 300 89
0 650 66.4525 300 89
0 650 66.554 300 89
0 650 66.634 300 89
0 650 66.7059 300 89
0 650 66.7834 300 89
0 650 66.8601 300 89
0 650 66.945 300 89
0 650 67.0304 300 89
0 650 67.1101 300 89
0 650 67.2052 300 89
0 650 67.2884 300 89
0 650 67.3753 300 89
0 650 67.4597 300 89
0 650 67.5471 300 89
0 650 67.6363 300 89
0 650 67.7379 300 89
0 650 67.8287 300 89
0 650 67.9075 300 89
0 650 67.9927 300 89
0 650 68.0833 300 89
0 650 68.1784 300 89
0 650 68.2655 300 89
0 650 68.3541 300 89
0 650 68.4385 300 89
0 650 68.5127 300 89
0 650 68.5997 300 89
0 650 68.688 300 89
0 650 68.7894 300 89
0 650 68.8781 300 89
0 650 68.9551 300 89
0 650 69.0399 300 89
0 650 69.1139 300 89
0 650 69.1843 300 89
0 650 69.259 300 89
0 650 69.3445 300 89
0 650 69.4281 300 89
0 650 69.5139 300 89
0 650 69.5964 300 89
0 650 69.6777 300 89
0 650 69.7576 300 89
0 650 69.8484 300 89
0 650 69.9513 300 89
0 650 70.0651 300 89
0 650 70.1736 300 89
0 650 70.2572 300 89
0 650 70.3389 300 89
0 650 70.4226 300 89
0 650 70.5035 300 89
0 650 70.589 300 89
0 650 70.6846 300 89
0 650 70.7699 300 89
0 650 70.8496 300 89
0 650 70.934 300 89
0 650 71.0196 300 89
0 650 71.1076 300 89
0 650 71.1957 300 89
0 650 71.2824 300 89
0 650 71.3575 300 89
0 650 71.4425 300 89
0 650 71.5169 300 89
0 650 71.5997 300 89
0 650 71.6833 300 89
0 650 71.7664 300 89
0 650 71.8674 300 89
0 650 71.9566 300 89
0 650 72.0427 300 89
0 650 72.126 300 89
0 650 72.2106 300 89
0 650 72.2949 300 89
0 650 72.386 300 89
0 650 72.4791 300 89
0 650 72.558 300 89
0 650 72.6352 300 89
0 650 72.7159 300 89
0 650 72.789 300 89
0 650 72.8713 300 89
0 650 72.951 300 89
0 650 73.0288 300 89
0 650 73.1082 300 89
0 650 73.185 300 89
0 650 73.269 300 89
0 650 73.3217 300 89
0 650 73.4027 300 89
0 650 73.4886 300 89
0 650 73.5822 300 89
0 650 73.6787 300 89
0 650 73.7664 300 89
0 650 73.857 300 89
0 650 73.9423 300 89
0 650 74.0398 300 89
0 650 74.1358 300 89
0 650 74.2201 300 89
0 650 74.3023 300 89
0 650 74.4239 300 89
0 650 74.5063 300 89
0 650 74.5961 300 89
0 650 74.6738 300 89
0 650 74.7527 300 89
0 650 74.8394 300 89
0 650 74.9283 300 89
0 650 75.0063 300 89
0 650 75.0822 300 89
0 650 75.16 300 89
0 650 75.2436 300 89
0 650 75.3257 300 89
0 650 75.4104 300 89
0 650 75.4986 300 89
0 650 75.5775 300 89
0 650 75.6597 300 89
0 650 75.7567 300 89
0 650 75.8495 300 89
0 650 75.9574 300 89
0 650 76.0512 300 89
0 650 76.1366 300 89
0 650 76.2159 300 89
0 650 76.3061 300 89
0 650 76.41 300 89
0 650 76.5163 300 89
0 650 76.6089 300 89
0 650 76.7044 300 89
0 650 76.7868 300 89
0 650 76.8723 300 89
0 650 76.9489 300 89
0 650 77.0396 300 89
0 650 77.1262 300 89
0 650 77.2185 300 89
0 650 77.2954 300 89
0 650 77.3733 300 89
0 650 77.4603 300 89
0 650 77.5468 300 89
0 650 77.6272 300 89
0 650 77.7088 300 89
0 650 77.791 300 89
0 650 77.8735 300 89
0 650 77.9561 300 89
0 650 78.032 300 89
0 650 78.1106 300 89
0 650 78.1951 300 89
0 650 78.2902 300 89
0 650 78.376 300 89
0 650 78.4666 300 89
0 650 78.5493 300 89
0 650 78.6332 300 89
0 650 78.7139 300 89
0 650 78.8163 300 89
0 650 78.919 300 89
0 650 79.0028 300 89
0 650 79.086 300 89
0 650 79.1686 300 89
0 650 79.2443 300 89
0 650 79.3269 300 89
0 650 79.4121 300 89
0 650 79.5016 300 89
0 650 79.583 300 89
0 650 79.6676 300 89
0 650 79.7592 300 89
0 650 79.8419 300 89
0 650 79.9266 300 89
0 650 80.033 300 89
0 650 80.1241 300 89
0 650 80.2039 300 89
0 650 80.2841 300 89
0 650 80.3732 300 89
0 650 80.458 300 89
0 650 80.5507 300 89
0 650 80.6517 300 89
0 650 80.7357 300 89
0 650 80.8227 300 89
0 650 80.9162 300 89
0 650 81.0092 300 89
0 650 81.1109 300 89
0 650 81.1887 300 89
0 650 81.2806 300 89
0 650 81.3646 300 89
0 650 81.4673 300 89
0 650 81.5667 300 89
0 650 81.6675 300 89
0 650 81.7443 300 89
0 650 81.8306 300 89
0 650 81.9035 300 89
0 650 81.9889 300 89
0 650 82.072 300 89
0 650 82.1586 300 89
0 650 82.2463 300 89
0 650 82.3331 300 89
0 650 82.4163 300 89
0 650 82.5002 300 89
0 650 82.5949 300 89
0 650 82.6669 300 89
0 650 82.7491 300 89
0 650 82.8194 300 89
0 650 82.8962 300 89
0 650 82.9735 300 89
0 650 83.0574 300 89
0 650 83.1452 300 89
0 650 83.24 300 89
0 650 83.3341 300 89
0 650 83.4301 300 89
0 650 83.5159 300 89
0 650 83.6028 300 89
0 650 83.7015 300 89
0 650 83.7984 300 89
0 650 83.8871 300 89
0 650 83.9757 300 89
0 650 84.0576 300 89
0 650 84.144 300 89
0 650 84.2195 300 89
0 650 84.3073 300 89
0 650 84.3909 300 89
0 650 84.4761 300 89
0 650 84.558 300 89
0 650 84.6258 300 89
0 650 84.701 300 89
0 650 84.7795 300 89
0 650 84.9095 300 89
0 650 84.9907 300 89
0 650 85.1014 300 89
0 650 85.1799 300 89
0 650 85.2687 300 89
0 650 85.357 300 89
0 650 85.4469 300 89
0 650 85.5398 300 89
0 650 85.6302 300 89
0 650 85.713 300 89
0 650 85.7978 300 89
0 650 85.8843 300 89
0 650 85.9744 300 89
0 650 86.074 300 89
0 650 86.1627 300 89
0 650 86.2502 300 89
0 650 86.3436 300 89
0 650 86.4461 300 89
0 650 86.5303 300 89
0 650 86.6259 300 89
0 650 86.7273 300 89
0 650 86.8227 300 89
0 650 86.9131 300 89
0 650 87.0156 300 89
0 650 87.104 300 89
0 650 87.1907 300 89
0 650 87.2897 300 89
0 650 87.3906 300 89
0 650 87.4844 300 89
0 650 87.5716 300 89
0 650 87.6462 300 89
0 650 87.7366 300 89
0 650 87.8167 300 89
0 650 87.8978 300 89
0 650 87.9883 300 89
0 650 88.0668 300 89
0 650 88.1492 300 89
0 650 88.231 300 89
0 650 88.3145 300 89
0 650 88.397 300 89
0 650 88.4804 300 89
0 650 88.5628 300 89
0 650 88.6465 300 89
0 650 88.7321 300 89
0 650 88.8117 300 89
0 650 88.9009 300 89
0 650 88.9829 300 89
0 650 89.0786 300 89
0 650 89.18 300 89
0 650 89.2635 300 89
0 650 89.342 300 89
0 650 89.4266 300 89
0 650 89.5107 300 89
0 650 89.5885 300 89
0 650 89.6789 300 89
0 650 89.77 300 89
0 650 89.8938 300 89
0 650 89.9731 300 89
0 650 90.0541 300 89
0 650 90.1359 300 89
0 650 90.2175 300 89
0 650 90.3004 300 89
0 650 90.3825 300 89
0 650 90.4625 300 89
0 650 90.5459 300 89
0 650 90.6262 300 89
0 650 90.7163 300 89
0 650 90.8011 300 89
0 650 90.8998 300 89
0 650 90.9963 300 89
0 650 91.0856 300 89
0 650 91.1725 300 89
0 650 91.262 300 89
0 650 91.3395 300 89
0 650 91.4243 300 89
0 650 91.514 300 89
0 650 91.596 300 89
0 650 91.6777 300 89
0 650 91.7582 300 89
0 650 91.839 300 89
0 650 91.9206 300 89
0 650 91.9932 300 89
0 650 92.0805 300 89
0 650 92.1604 300 89
0 650 92.2453 300 89
0 650 92.3252 300 89
0 650 92.404 300 89
0 650 92.4905 300 89
0 650 92.5751 300 89
0 650 92.6667 300 89
0 650 92.8097 300 89
0 650 92.8981 300 89
0 650 92.9796 300 89
0 650 93.0907 300 89
0 650 93.1887 300 89
0 650 93.2822 300 89
0 650 93.3653 300 89
0 650 93.4527 300 89
0 650 93.5351 300 89
0 650 93.627 300 89
0 650 93.7169 300 89
0 650 93.8058 300 89
0 650 93.8917 300 89
0 650 93.9735 300 89
0 650 94.0561 300 89
0 650 94.1419 300 89
0 650 94.2253 300 89
0 650 94.3096 300 89
0 650 94.3916 300 89
0 650 94.4719 300 89
0 650 94.5505 300 89
0 650 94.6432 300 89
0 650 94.729 300 89
0 650 94.8235 300 89
0 650 94.9131 300 89
0 650 94.9983 300 89
0 650 95.0818 300 89
0 650 95.1693 300 89
0 650 95.2556 300 89
0 650 95.3398 300 89
0 650 95.4156 300 89
0 650 95.509 300 89
0 650 95.5923 300 89
0 650 95.6693 300 89
0 650 95.7492 300 89
0 650 95.8299 300 89
0 650 95.9117 300 89
0 650 95.992 300 89
0 650 96.0702 300 89
0 650 96.1557 300 89
0 650 96.2403 300 89
0 650 96.3185 300 89
0 650 96.4065 300 89
0 650 96.5017 300 89
0 650 96.6048 300 89
0 650 96.7021 300 89
0 650 96.7927 300 89
0 650 96.8857 300 89
0 650 96.9587 300 89
0 650 97.0434 300 89
0 650 97.1273 300 89
0 650 97.2087 300 89
0 650 97.3017 300 89
0 650 97.3845 300 89
0 650 97.4711 300 89
0 650 97.5519 300 89
0 650 97.6583 300 89
0 650 97.7455 300 89
0 650 97.8238 300 89
0 650 97.8798 300 89
0 650 97.9676 300 89
0 650 98.0561 300 89
0 650 98.131 300 89
0 650 98.2149 300 89
0 650 98.3023 300 89
0 650 98.3896 300 89
0 650 98.488 300 89
0 650 98.5763 300 89
0 650 98.66 300 89
0 650 98.7426 300 89
0 650 98.8371 300 89
0 650 98.9369 300 89
0 650 99.0238 300 89
0 650 99.0958 300 89
0 650 99.186 300 89
0 650 99.2745 300 89
0 650 99.3709 300 89
0 650 99.4657 300 89
0 650 99.5546 300 89
0 650 99.6375 300 89
0 650 99.7231 300 89
0 650 99.8073 300 89
0 650 99.8856 300 89
0 650 99.9673 300 89
0 650 100.044 300 89
0 650 100.126 300 89
0 650 100.207 300 89
0 650 100.293 300 89
0 650 100.376 300 89
0 650 100.459 300 89
0 650 100.545 300 89
0 650 100.649 300 89
0 650 100.749 300 89
0 650 100.838 300 89
0 650 100.922 300 89
0 650 101.005 300 89
0 650 101.089 300 89
0 650 101.169 300 89
0 650 101.259 300 89
0 650 101.344 300 89
0 650 101.429 300 89
0 650 101.517 300 89
0 650 101.602 300 89
0 650 101.689 300 89
0 650 101.771 300 89
0 650 101.848 300 89
0 650 101.938 300 89
0 650 102.021 300 89
0 650 102.094 300 89
0 650 102.171 300 89
0 650 102.262 300 89
0 650 102.353 300 89
0 650 102.454 300 89
0 650 102.548 300 89
0 650 102.641 300 89
0 650 102.737 300 89
0 650 102.827 300 89
0 650 102.905 300 89
0 650 102.985 300 89
0 650 103.068 300 89
0 650 103.159 300 89
0 650 103.245 300 89
0 650 103.333 300 89
0 650 103.417 300 89
0 650 103.496 300 89
0 650 103.582 300 89
0 650 103.658 300 89
0 650 103.735 300 89
0 650 103.816 300 89
0 650 103.899 300 89
0 650 103.984 300 89
0 650 104.072 300 89
0 650 104.157 300 89
0 650 104.237 300 89
0 650 104.343 300 89
0 650 104.43 300 89
0 650 104.513 300 89
0 650 104.602 300 89
0 650 104.694 300 89
0 650 104.797 300 89
0 650 104.886 300 89
0 650 104.97 300 89
0 650 105.065 300 89
0 650 105.152 300 89
0 650 105.238 300 89
0 650 105.331 300 89
0 650 105.427 300 89
0 650 105.509 300 89
0 650 105.593 300 89
0 650 105.675 300 89
0 650 105.757 300 89
0 650 105.853 300 89
0 650 105.946 300 89
0 650 106.03 300 89
0 650 106.108 300 89
0 650 106.195 300 89
0 650 106.276 300 89
0 650 106.351 300 89
0 650 106.43 300 89
0 650 106.515 300 89
0 650 106.568 300 89
0 650 106.649 300 89
0 650 106.727 300 89
0 650 106.81 300 89
0 650 106.891 300 89
0 650 106.97 300 89
0 650 107.075 300 89
0 650 107.175 300 89
0 650 107.264 300 89
0 650 107.342 300 89
0 650 107.428 300 89
0 650 107.502 300 89
0 650 107.588 300 89
0 650 107.677 300 89
0 650 107.763 300 89
0 650 107.852 300 89
0 650 107.935 300 89
0 650 108.013 300 89
0 650 108.098 300 89
0 650 108.179 300 89
0 650 108.261 300 89
0 650 108.346 300 89
0 650 108.43 300 89
0 650 108.511 300 89
0 650 108.593 300 89
0 650 108.682 300 89
0 650 108.771 300 89
0 650 108.874 300 89
0 650 108.969 300 89
0 650 109.052 300 89
0 650 109.13 300 89
0 650 109.211 300 89
0 650 109.299 300 89
0 650 109.381 300 89
0 650 109.469 300 89
0 650 109.549 300 89
0 650 109.628 300 89
0 650 109.705 300 89
0 650 109.784 300 89
0 650 109.869 300 89
0 650 109.95 300 89
0 650 110.029 300 89
0 650 110.107 300 89
0 650 110.185 300 89
0 650 110.268 300 89
0 650 110.355 300 89
0 650 110.443 300 89
0 650 110.529 300 89
0 650 110.63 300 89
0 650 110.716 300 89
0 650 110.805 300 89
0 650 110.895 300 89
0 650 110.991 300 89
0 650 111.088 300 89
0 650 111.175 300 89
0 650 111.258 300 89
0 650 111.352 300 89
0 650 111.451 300 89
0 650 111.536 300 89
0 650 111.62 300 89
0 650 111.708 300 89
0 650 111.796 300 89
0 650 111.877 300 89
0 650 111.931 300 89
0 650 112.014 300 89
0 650 112.094 300 89
0 650 112.177 300 89
0 650 112.257 300 89
0 650 112.334 300 89
0 650 112.417 300 89
0 650 112.504 300 89
0 650 112.579 300 89
0 650 112.655 300 89
0 650 112.736 300 89
0 650 112.819 300 89
0 650 112.909 300 89
0 650 112.991 300 89
0 650 113.086 300 89
0 650 113.186 300 89
0 650 113.282 300 89
0 650 113.37 300 89
0 650 113.462 300 89
0 650 113.565 300 89
0 650 113.661 300 89
0 650 113.741 300 89
0 650 113.821 300 89
0 650 113.903 300 89
0 650 113.992 300 89
0 650 114.079 300 89
0 650 114.162 300 89
0 650 114.243 300 89
0 650 114.325 300 89
0 650 114.403 300 89
0 650 114.485 300 89
0 650 114.57 300 89
0 650 114.653 300 89
0 650 114.736 300 89
0 650 114.82 300 89
0 650 114.895 300 89
0 650 114.989 300 89
0 650 115.082 300 89
0 650 115.164 300 89
0 650 115.27 300 89
0 650 115.365 300 89
0 650 115.45 300 89
0 650 115.53 300 89
0 650 115.628 300 89
0 650 115.716 300 89
0 650 115.806 300 89
0 650 115.894 300 89
0 650 115.983 300 89
0 650 116.068 300 89
0 650 116.151 300 89
0 650 116.236 300 89
0 650 116.316 300 89
0 650 116.407 300 89
0 650 116.493 300 89
0 650 116.58 300 89
0 650 116.664 300 89
0 650 116.749 300 89
0 650 116.834 300 89
0 650 116.931 300 89
0 650 117.013 300 89
0 650 117.1 300 89
0 650 117.192 300 89
0 650 117.281 300 89
0 650 117.375 300 89
0 650 117.462 300 89
0 650 117.545 300 89
0 650 117.629 300 89
0 650 117.71 300 89
0 650 117.797 300 89
0 650 117.883 300 89
0 650 117.967 300 89
0 650 118.056 300 89
0 650 118.144 300 89
0 650 118.232 300 89
0 650 118.316 300 89
0 650 118.397 300 89
0 650 118.485 300 89
0 650 118.566 300 89
0 650 118.657 300 89
0 650 118.744 300 89
0 650 118.827 300 89
0 650 118.914 300 89
0 650 119.003 300 89
0 650 119.101 300 89
0 650 119.184 300 89
0 650 119.268 300 89
0 650 119.353 300 89
0 650 119.438 300 89
0 650 119.523 300 89
0 650 119.61 300 89
0 650 119.692 300 89
0 650 119.783 300 89
0 650 119.864 300 89
0 650 119.949 300 89
0 650 120.029 300 89
0 650 120.108 300 89
0 650 120.192 300 89
0 650 120.275 300 89
0 650 120.362 300 89
0 650 120.483 300 89
0 650 120.566 300 89
0 650 120.657 300 89
0 650 120.739 300 89
0 650 120.824 300 89
0 650 120.917 300 89
0 650 121 300 89
0 650 121.085 300 89
0 650 121.164 300 89
0 650 121.252 300 89
0 650 121.34 300 89
0 650 121.423 300 89
0 650 121.514 300 89
0 650 121.598 300 89
0 650 121.676 300 89
0 650 121.763 300 89
0 650 121.835 300 89
0 650 121.935 300 89
0 650 122.026 300 89
0 650 122.107 300 89
0 650 122.191 300 89
0 650 122.272 300 89
0 650 122.358 300 89
0 650 122.451 300 89
0 650 122.534 300 89
0 650 122.616 300 89
0 650 122.705 300 89
0 650 122.78 300 89
0 650 122.867 300 89
0 650 122.955 300 89
0 650 123.047 300 89
0 650 123.127 300 89
0 650 123.214 300 89
0 650 123.305 300 89
0 650 123.358 300 89
0 650 123.482 300 89
0 650 123.563 300 89
0 650 123.656 300 89
0 650 123.743 300 89
0 650 123.829 300 89
0 650 123.918 300 89
0 650 124.003 300 89
0 650 124.094 300 89
0 650 124.182 300 89
0 650 124.266 300 89
0 650 124.349 300 89
0 650 124.44 300 89
0 650 124.526 300 89
0 650 124.62 300 89
0 650 124.697 300 89
0 650 124.773 300 89
0 650 124.86 300 89
0 650 124.934 300 89
0 650 125.027 300 89
0 650 125.116 300 89
0 650 125.205 300 89
0 650 125.293 300 89
0 650 125.381 300 89
0 650 125.474 300 89
0 650 125.559 300 89
0 650 125.635 300 89
0 650 125.721 300 89
0 650 125.816 300 89
0 650 125.902 300 89
0 650 125.991 300 89
0 650 126.073 300 89
0 650 126.157 300 89
0 650 126.249 300 89
0 650 126.33 300 89
0 650 126.413 300 89
0 650 126.503 300 89
0 650 126.596 300 89
0 650 126.672 300 89
0 650 126.759 300 89
0 650 126.848 300 89
0 650 126.936 300 89
0 650 126.995 300 89
0 650 127.076 300 89
0 650 127.167 300 89
0 650 127.255 300 89
0 650 127.341 300 89
0 650 127.428 300 89
0 650 127.518 300 89
0 650 127.604 300 89
0 650 127.693 300 89
0 650 127.78 300 89
0 650 127.86 300 89
0 650 127.951 300 89
0 650 128.037 300 89
0 650 128.121 300 89
0 650 128.212 300 89
0 650 128.298 300 89
0 650 128.385 300 89
0 650 128.478 300 89
0 650 128.57 300 89
0 650 128.652 300 89
0 650 128.739 300 89
0 650 128.826 300 89
0 650 128.909 300 89
0 650 128.995 300 89
0 650 129.075 300 89
0 650 129.156 300 89
0 650 129.248 300 89
0 650 129.343 300 89
0 650 129.436 300 89
0 650 129.524 300 89
0 650 129.604 300 89
0 650 129.69 300 89
0 650 129.785 300 89
0 650 129.878 300 89
0 650 129.97 300 89
0 650 130.054 300 89
0 650 130.141 300 89
0 650 130.225 300 89
0 650 130.316 300 89
0 650 130.399 300 89
0 650 130.474 300 89
0 650 130.555 300 89
0 650 130.649 300 89
0 650 130.74 300 89
0 650 130.83 300 89
0 650 130.917 300 89
0 650 131.01 300 89
0 650 131.101 300 89
0 650 131.189 300 89
0 650 131.284 300 89
0 650 131.365 300 89
0 650 131.45 300 89
0 650 131.538 300 89
0 650 131.637 300 89
0 650 131.722 300 89
0 650 131.812 300 89
0 650 131.9 300 89
0 650 131.985 300 89
0 650 132.072 300 89
0 650 132.158 300 89
0 650 132.247 300 89
0 650 132.339 300 89
0 650 132.43 300 89
0 650 132.518 300 89
0 650 132.601 300 89
0 650 132.682 300 89
0 650 132.765 300 89
0 650 132.849 300 89
0 650 132.937 300 89
0 650 133.025 300 89
0 650 133.109 300 89
0 650 133.199 300 89
0 650 133.284 300 89
0 650 133.372 300 89
0 650 133.46 300 89
0 650 133.55 300 89
0 650 133.638 300 89
0 650 133.722 300 89
0 650 133.809 300 89
0 650 133.89 300 89
0 650 133.976 300 89
0 650 134.06 300 89
0 650 134.154 300 89
0 650 134.234 300 89
0 650 134.316 300 89
0 650 134.39 300 89
0 650 134.475 300 89
0 650 134.559 300 89
0 650 134.643 300 89
0 650 134.728 300 89
0 650 134.82 300 89
0 650 134.909 300 89
0 650 135.01 300 89
0 650 135.105 300 89
0 650 135.186 300 89
0 650 135.273 300 89
0 650 135.363 300 89
0 650 135.449 300 89
0 650 135.537 300 89
0 650 135.627 300 89
0 650 135.724 300 89
0 650 135.81 300 89
0 650 135.894 300 89
0 650 135.988 300 89
0 650 136.06 300 89
0 650 136.141 300 89
0 650 136.229 300 89
0 650 136.318 300 89
0 650 136.403 300 89
0 650 136.489 300 89
0 650 136.578 300 89
0 650 136.667 300 89
0 650 136.777 300 89
0 650 136.868 300 89
0 650 136.962 300 89
0 650 137.044 300 89
0 650 137.125 300 89
0 650 137.218 300 89
0 650 137.309 300 89
0 650 137.395 300 89
0 650 137.478 300 89
0 650 137.568 300 89
0 650 137.658 300 89
0 650 137.751 300 89
0 650 137.845 300 89
0 650 137.934 300 89
0 650 138.022 300 89
0 650 138.11 300 89
0 650 138.2 300 89
0 650 138.284 300 89
0 650 138.373 300 89
0 650 138.464 300 89
0 650 138.544 300 89
0 650 138.634 300 89
0 650 138.72 300 89
0 650 138.81 300 89
0 650 138.896 300 89
0 650 138.978 300 89
0 650 139.063 300 89
0 650 139.157 300 89
0 650 139.246 300 89
0 650 139.332 300 89
0 650 139.428 300 89
0 650 139.508 300 89
0 650 139.594 300 89
0 650 139.677 300 89
0 650 139.765 300 89
0 650 139.859 300 89
0 650 139.939 300 89
0 650 140.014 300 89
0 650 140.113 300 89
0 650 140.2 300 89
0 650 140.288 300 89
0 650 140.383 300 89
0 650 140.466 300 89
0 650 140.557 300 89
0 650 140.645 300 89
0 650 140.73 300 89
0 650 140.813 300 89
0 650 140.905 300 89
0 650 140.995 300 89
0 650 141.088 300 89
0 650 141.177 300 89
0 650 141.264 300 89
0 650 141.352 300 89
0 650 141.44 300 89
0 650 141.528 300 89
0 650 141.608 300 89
0 650 141.695 300 89
0 650 141.779 300 89
0 650 141.869 300 89
0 650 141.959 300 89
0 650 142.041 300 89
0 650 142.135 300 89
0 650 142.223 300 89
0 650 142.31 300 89
0 650 142.387 300 89
0 650 142.472 300 89
0 650 142.562 300 89
0 650 142.656 300 89
0 650 142.737 300 89
0 650 142.813 300 89
0 650 142.905 300 89
0 650 142.991 300 89
0 650 143.077 300 89
0 650 143.158 300 89
0 650 143.252 300 89
0 650 143.331 300 89
0 650 143.418 300 89
0 650 143.505 300 89
0 650 143.585 300 89
0 650 143.673 300 89
0 650 143.768 300 89
0 650 143.857 300 89
0 650 143.935 300 89
0 650 144.016 300 89
0 650 144.103 300 89
0 650 144.191 300 89
0 650 144.282 300 89
0 650 144.364 300 89
0 650 144.449 300 89
0 650 144.527 300 89
0 650 144.616 300 89
0 650 144.709 300 89
0 650 144.789 300 89
0 650 144.882 300 89
0 650 144.96 300 89
0 650 145.036 300 89
0 650 145.122 300 89
0 650 145.215 300 89
0 650 145.305 300 89
0 650 145.393 300 89
0 650 145.475 300 89
0 650 145.561 300 89
0 650 145.646 300 89
0 650 145.742 300 89
0 650 145.873 300 89
0 650 145.949 300 89
0 650 146.041 300 89
0 650 146.13 300 89
0 650 146.212 300 89
0 650 146.293 300 89
0 650 146.384 300 89
0 650 146.47 300 89
0 650 146.557 300 89
0 650 146.64 300 89
0 650 146.722 300 89
0 650 146.805 300 89
0 650 146.895 300 89
0 650 146.985 300 89
0 650 147.071 300 89
0 650 147.157 300 89
0 650 147.25 300 89
0 650 147.337 300 89
0 650 147.426 300 89
0 650 147.511 300 89
0 650 147.599 300 89
0 650 147.686 300 89
0 650 147.771 300 89
0 650 147.857 300 89
0 650 147.945 300 89
0 650 148.036 300 89
0 650 148.116 300 89
0 650 148.2 300 89
0 650 148.289 300 89
0 650 148.377 300 89
0 650 148.463 300 89
0 650 148.553 300 89
0 650 148.643 300 89
0 650 148.737 300 89
0 650 148.818 300 89
0 650 148.906 300 89
0 650 148.994 300 89
0 650 149.076 300 89
0 650 149.157 300 89
0 650 149.233 300 89
0 650 149.322 300 89
0 650 149.411 300 89
0 650 149.493 300 89
0 650 149.582 300 89
0 650 149.673 300 89
0 650 149.765 300 89
0 650 149.861 300 89
0 650 149.953 300 89
0 650 150.049 300 89
0 650 150.138 300 89
0 650 150.23 300 89
0 650 150.32 300 89
0 650 150.41 300 89
0 650 150.508 300 89
0 650 150.603 300 89
0 650 150.687 300 89
0 650 150.774 300 89
0 650 150.867 300 89
0 650 150.955 300 89
0 650 151.038 300 89
0 650 151.13 300 89
0 650 151.217 300 89
0 650 151.312 300 89
0 650 151.402 300 89
0 650 151.482 300 89
0 650 151.57 300 89
0 650 151.662 300 89
0 650 151.754 300 89
0 650 151.842 300 89
0 650 151.937 300 89
0 650 152.039 300 89
0 650 152.128 300 89
0 650 152.217 300 89
0 650 152.31 300 89
0 650 152.397 300 89
0 650 152.483 300 89
0 650 152.573 300 89
0 650 152.66 300 89
0 650 152.75 300 89
0 650 152.836 300 89
0 650 152.93 300 89
0 650 153.024 300 89
0 650 153.111 300 89
0 650 153.199 300 89
0 650 153.285 300 89
0 650 153.375 300 89
0 650 153.457 300 89
0 650 153.548 300 89
0 650 153.64 300 89
0 650 153.731 300 89
0 650 153.822 300 89
0 650 153.917 300 89
0 650 154.013 300 89
0 650 154.109 300 89
0 650 154.199 300 89
0 650 154.287 300 89
0 650 154.375 300 89
0 650 154.463 300 89
0 650 154.552 300 89
0 650 154.644 300 89
0 650 154.725 300 89
0 650 154.821 300 89
0 650 154.915 300 89
0 650 155.004 300 89
0 650 155.085 300 89
0 650 155.177 300 89
0 650 155.325 300 89
0 650 155.424 300 89
0 650 155.508 300 89
0 650 155.582 300 89
0 650 155.677 300 89
0 650 155.764 300 89
0 650 155.854 300 89
0 650 155.941 300 89
0 650 156.031 300 89
0 650 156.126 300 89
0 650 156.216 300 89
0 650 156.306 300 89
0 650 156.4 300 89
0 650 156.501 300 89
0 650 156.589 300 89
0 650 156.681 300 89
0 650 156.767 300 89
0 650 156.854 300 89
0 650 156.945 300 89
0 650 157.037 300 89
0 650 157.126 300 89
0 650 157.215 300 89
0 650 157.312 300 89
0 650 157.406 300 89
0 650 157.496 300 89
0 650 157.584 300 89
0 650 157.671 300 89
0 650 157.75 300 89
0 650 157.835 300 89
0 650 157.916 300 89
0 650 158.005 300 89
0 650 158.087 300 89
0 650 158.187 300 89
0 650 158.28 300 89
0 650 158.376 300 89
0 650 158.473 300 89
0 650 158.561 300 89
0 650 158.652 300 89
0 650 158.748 300 89
0 650 158.84 300 89
0 650 158.933 300 89
0 650 159.023 300 89
0 650 159.11 300 89
0 650 159.199 300 89
0 650 159.291 300 89
0 650 159.372 300 89
0 650 159.465 300 89
0 650 159.552 300 89
0 650 159.609 300 89
0 650 159.693 300 89
0 650 159.781 300 89
0 650 159.862 300 89
0 650 159.952 300 89
0 650 160.037 300 89
0 650 160.098 300 89
0 650 160.189 300 89
0 650 160.276 300 89
0 650 160.367 300 89
0 650 160.449 300 89
0 650 160.541 300 89
0 650 160.633 300 89
0 650 160.718 300 89
0 650 160.845 300 89
0 650 160.933 300 89
0 650 161.028 300 89
0 650 161.119 300 89
0 650 161.213 300 89
0 650 161.304 300 89
0 650 161.392 300 89
0 650 161.483 300 89
0 650 161.571 300 89
0 650 161.644 300 89
0 650 161.728 300 89
0 650 161.806 300 89
0 650 161.887 300 89
0 650 161.967 300 89
0 650 162.053 300 89
0 650 162.137 300 89
0 650 162.222 300 89
0 650 162.305 300 89
0 650 162.39 300 89
0 650 162.478 300 89
0 650 162.567 300 89
0 650 162.653 300 89
0 650 162.738 300 89
0 650 162.823 300 89
0 650 162.917 300 89
0 650 163 300 89
0 650 163.086 300 89
0 650 163.172 300 89
0 650 163.259 300 89
0 650 163.35 300 89
0 650 163.44 300 89
0 650 163.53 300 89
0 650 163.612 300 89
0 650 163.706 300 89
0 650 163.795 300 89
0 650 163.884 300 89
0 650 163.97 300 89
0 650 164.058 300 89
0 650 164.146 300 89
0 650 164.228 300 89
0 650 164.317 300 89
0 650 164.401 300 89
0 650 164.486 300 89
0 650 164.577 300 89
0 650 164.67 300 89
0 650 164.758 300 89
0 650 164.851 300 89
0 650 164.94 300 89
0 650 165.028 300 89
0 650 165.113 300 89
0 650 165.195 300 89
0 650 165.275 300 89
0 650 165.358 300 89
0 650 165.445 300 89
0 650 165.504 300 89
0 650 165.584 300 89
0 650 165.668 300 89
0 650 165.753 300 89
0 650 165.835 300 89
0 650 165.921 300 89
0 650 166.008 300 89
0 650 166.087 300 89
0 650 166.177 300 89
0 650 166.264 300 89
0 650 166.352 300 89
0 650 166.442 300 89
0 650 166.533 300 89
0 650 166.619 300 89
0 650 166.719 300 89
0 650 166.811 300 89
0 650 166.891 300 89
0 650 166.984 300 89
0 650 167.07 300 89
0 650 167.159 300 89
0 650 167.249 300 89
0 650 167.328 300 89
0 650 167.414 300 89
0 650 167.5 300 89
0 650 167.578 300 89
0 650 167.664 300 89
0 650 167.754 300 89
0 650 167.841 300 89
0 650 167.93 300 89
0 650 168.019 300 89
0 650 168.112 300 89
0 650 168.188 300 89
0 650 168.276 300 89
0 650 168.368 300 89
0 650 168.465 300 89
0 650 168.543 300 89
0 650 168.627 300 89
0 650 168.709 300 89
0 650 168.798 300 89
0 650 168.882 300 89
0 650 168.964 300 89
0 650 169.041 300 89
0 650 169.119 300 89
0 650 169.204 300 89
0 650 169.288 300 89
0 650 169.377 300 89
0 650 169.462 300 89
0 650 169.543 300 89
0 650 169.628 300 89
0 650 169.716 300 89
0 650 169.797 300 89
0 650 169.886 300 89
0 650 169.967 300 89
0 650 170.052 300 89
0 650 170.14 300 89
0 650 170.225 300 89
0 650 170.309 300 89
0 650 170.395 300 89
0 650 170.486 300 89
0 650 170.564 300 89
0 650 170.654 300 89
0 650 170.747 300 89
0 650 170.833 300 89
0 650 170.919 300 89
0 650 171.002 300 89
0 650 171.091 300 89
0 650 171.174 300 89
0 650 171.261 300 89
0 650 171.349 300 89
0 650 171.442 300 89
0 650 171.523 300 89
0 650 171.611 300 89
0 650 171.698 300 89
0 650 171.785 300 89
0 650 171.863 300 89
0 650 171.946 300 89
0 650 172.04 300 89
0 650 172.126 300 89
0 650 172.216 300 89
0 650 172.311 300 89
0 650 172.401 300 89
0 650 172.482 300 89
0 650 172.569 300 89
0 650 172.651 300 89
0 650 172.732 300 89
0 650 172.817 300 89
0 650 172.898 300 89
0 650 172.982 300 89
0 650 173.069 300 89
0 650 173.16 300 89
0 650 173.245 300 89
0 650 173.328 300 89
0 650 173.417 300 89
0 650 173.504 300 89
0 650 173.59 300 89
0 650 173.673 300 89
0 650 173.755 300 89
0 650 173.842 300 89
0 650 173.923 300 89
0 650 174.005 300 89
0 650 174.094 300 89
0 650 174.185 300 89
0 650 174.271 300 89
0 650 174.354 300 89
0 650 174.441 300 89
0 650 174.522 300 89
0 650 174.6 300 89
0 650 174.688 300 89
0 650 174.772 300 89
0 650 174.857 300 89
0 650 174.939 300 89
0 650 175.02 300 89
0 650 175.099 300 89
0 650 175.184 300 89
0 650 175.279 300 89
0 650 175.362 300 89
0 650 175.456 300 89
0 650 175.54 300 89
0 650 175.625 300 89
0 650 175.709 300 89
0 650 175.799 300 89
0 650 175.879 300 89
0 650 175.957 300 89
0 650 176.045 300 89
0 650 176.121 300 89
0 650 176.196 300 89
0 650 176.276 300 89
0 650 176.357 300 89
0 650 176.435 300 89
0 650 176.519 300 89
0 650 176.606 300 89
0 650 176.688 300 89
0 650 176.768 300 89
0 650 176.843 300 89
0 650 176.927 300 89
0 650 177.007 300 89
0 650 177.088 300 89
0 650 177.171 300 89
0 650 177.261 300 89
0 650 177.349 300 89
0 650 177.432 300 89
0 650 177.514 300 89
0 650 177.592 300 89
0 650 177.672 300 89
0 650 177.753 300 89
0 650 177.847 300 89
0 650 177.933 300 89
0 650 178.021 300 89
0 650 178.11 300 89
0 650 178.195 300 89
0 650 178.278 300 89
0 650 178.36 300 89
0 650 178.446 300 89
0 650 178.531 300 89
0 650 178.616 300 89
0 650 178.697 300 89
0 650 178.779 300 89
0 650 178.866 300 89
0 650 178.957 300 89
0 650 179.041 300 89
0 650 179.125 300 89
0 650 179.203 300 89
0 650 179.283 300 89
0 650 179.363 300 89
0 650 179.451 300 89
0 650 179.537 300 89
0 650 179.618 300 89
0 650 179.699 300 89
0 650 179.784 300 89
0 650 179.876 300 89
0 650 179.96 300 89
0 650 180.05 300 89
0 650 180.134 300 89
0 650 180.213 300 89
0 650 180.291 300 89
0 650 180.378 300 89
0 650 180.471 300 89
0 650 180.548 300 89
0 650 180.641 300 89
0 650 180.721 300 89
0 650 180.793 300 89
0 650 180.876 300 89
0 650 180.974 300 89
0 650 181.046 300 89
0 650 181.097 300 89
0 650 181.186 300 89
0 650 181.276 300 89
0 650 181.362 300 89
0 650 181.45 300 89
0 650 181.528 300 89
0 650 181.617 300 89
0 650 181.701 300 89
0 650 181.785 300 89
0 650 181.872 300 89
0 650 181.964 300 89
0 650 182.047 300 89
0 650 182.13 300 89
0 650 182.214 300 89
0 650 182.305 300 89
0 650 182.392 300 89
0 650 182.481 300 89
0 650 182.562 300 89
0 650 182.647 300 89
0 650 182.737 300 89
0 650 182.823 300 89
0 650 182.912 300 89
0 650 182.995 300 89
0 650 183.074 300 89
0 650 183.159 300 89
0 650 183.236 300 89
0 650 183.318 300 89
0 650 183.398 300 89
0 650 183.487 300 89
0 650 183.576 300 89
0 650 183.664 300 89
0 650 183.75 300 89
0 650 183.837 300 89
0 650 183.927 300 89
0 650 184.01 300 89
0 650 184.08 300 89
0 650 184.154 300 89
0 650 184.237 300 89
0 650 184.321 300 89
0 650 184.403 300 89
0 650 184.489 300 89
0 650 184.576 300 89
0 650 184.666 300 89
0 650 184.758 300 89
0 650 184.851 300 89
0 650 184.948 300 89
0 650 185.031 300 89
0 650 185.117 300 89
0 650 185.208 300 89
0 650 185.29 300 89
0 650 185.375 300 89
0 650 185.465 300 89
0 650 185.549 300 89
0 650 185.637 300 89
0 650 185.719 300 89
0 650 185.805 300 89
0 650 185.889 300 89
0 650 185.972 300 89
0 650 186.052 300 89
0 650 186.137 300 89
0 650 186.219 300 89
0 650 186.298 300 89
0 650 186.384 300 89
0 650 186.478 300 89
0 650 186.562 300 89
0 650 186.62 300 89
0 650 186.711 300 89
0 650 186.793 300 89
0 650 186.877 300 89
0 650 186.963 300 89
0 650 187.045 300 89
0 650 187.124 300 89
0 650 187.211 300 89
0 650 187.299 300 89
0 650 187.382 300 89
0 650 187.468 300 89
0 650 187.556 300 89
0 650 187.644 300 89
0 650 187.73 300 89
0 650 187.811 300 89
0 650 187.9 300 89
0 650 187.992 300 89
0 650 188.064 300 89
0 650 188.146 300 89
0 650 188.23 300 89
0 650 188.32 300 89
0 650 188.405 300 89
0 650 188.494 300 89
0 650 188.577 300 89
0 650 188.656 300 89
0 650 188.749 300 89
0 650 188.841 300 89
0 650 188.923 300 89
0 650 189.003 300 89
0 650 189.088 300 89
0 650 189.178 300 89
0 650 189.255 300 89
0 650 189.345 300 89
0 650 189.433 300 89
0 650 189.508 300 89
0 650 189.585 300 89
0 650 189.668 300 89
0 650 189.75 300 89
0 650 189.824 300 89
0 650 189.907 300 89
0 650 189.995 300 89
0 650 190.09 300 89
0 650 190.17 300 89
0 650 190.246 300 89
0 650 190.304 300 89
0 650 190.37 300 89
0 650 190.428 300 89
0 650 190.489 300 89
0 650 190.554 300 89
0 650 190.619 300 89
0 650 190.677 300 89
0 650 190.738 300 89
0 650 190.791 300 89
0 650 190.86 300 89
0 650 190.943 300 89
0 650 191.028 300 89
0 650 191.116 300 89
0 650 191.211 300 89
0 650 191.3 300 89
0 650 191.382 300 89
0 650 191.467 300 89
0 650 191.552 300 89
0 650 191.633 300 89
0 650 191.712 300 89
0 650 191.795 300 89
0 650 191.876 300 89
0 650 191.959 300 89
0 650 192.037 300 89
0 650 192.124 300 89
0 650 192.205 300 89
0 650 192.28 300 89
0 650 192.383 300 89
0 650 192.49 300 89
0 650 192.583 300 89
0 650 192.665 300 89
0 650 192.748 300 89
0 650 192.835 300 89
0 650 192.927 300 89
0 650 193.016 300 89
0 650 193.094 300 89
0 650 193.181 300 89
0 650 193.268 300 89
0 650 193.356 300 89
0 650 193.433 300 89
0 650 193.515 300 89
0 650 193.593 300 89
0 650 193.679 300 89
0 650 193.772 300 89
0 650 193.861 300 89
0 650 193.942 300 89
0 650 194.032 300 89
0 650 194.125 300 89
0 650 194.233 300 89
0 650 194.335 300 89
0 650 194.445 300 89
0 650 194.536 300 89
0 650 194.633 300 89
0 650 194.729 300 89
0 650 194.826 300 89
0 650 194.932 300 89
0 650 195.024 300 89
0 650 195.116 300 89
0 650 195.196 300 89
0 650 195.302 300 89
0 650 195.396 300 89
0 650 195.479 300 89
0 650 195.558 300 89
0 650 195.635 300 89
0 650 195.727 300 89
0 650 195.816 300 89
0 650 195.911 300 89
0 650 195.998 300 89
0 650 196.079 300 89
0 650 196.167 300 89
0 650 196.253 300 89
0 650 196.339 300 89
0 650 196.414 300 89
0 650 196.489 300 89
0 650 196.594 300 89
0 650 196.666 300 89
0 650 196.749 300 89
0 650 196.835 300 89
0 650 196.925 300 89
0 650 197.016 300 89
0 650 197.115 300 89
0 650 197.206 300 89
0 650 197.289 300 89
0 650 197.392 300 89
0 650 197.497 300 89
0 650 197.589 300 89
0 650 197.674 300 89
0 650 197.763 300 89
0 650 197.855 300 89
0 650 197.943 300 89
0 650 198.033 300 89
0 650 198.122 300 89
0 650 198.206 300 89
0 650 198.293 300 89
0 650 198.377 300 89
0 650 198.469 300 89
0 650 198.557 300 89
0 650 198.641 300 89
0 650 198.725 300 89
0 650 198.798 300 89
0 650 198.878 300 89
0 650 198.968 300 89
0 650 199.048 300 89
0 650 199.148 300 89
0 650 199.234 300 89
0 650 199.335 300 89
0 650 199.426 300 89
0 650 199.503 300 89
0 650 199.584 300 89
0 650 199.666 300 89
0 650 199.756 300 89
0 650 199.842 300 89
0 650 199.921 300 89
0 650 199.996 300 89
0 650 200.082 300 89
0 650 200.171 300 89
0 650 200.252 300 89
0 650 200.341 300 89
0 650 200.428 300 89
0 650 200.509 300 89
0 650 200.588 300 89
0 650 200.688 300 89
0 650 200.779 300 89
0 650 200.872 300 89
0 650 200.973 300 89
0 650 201.064 300 89
0 650 201.154 300 89
0 650 201.243 300 89
0 650 201.33 300 89
0 650 201.406 300 89
0 650 201.49 300 89
0 650 201.573 300 89
0 650 201.647 300 89
0 650 201.731 300 89
0 650 201.814 300 89
0 650 201.899 300 89
0 650 201.982 300 89
0 650 202.073 300 89
0 650 202.162 300 89
0 650 202.243 300 89
0 650 202.347 300 89
0 650 202.437 300 89
0 650 202.533 300 89
0 650 202.613 300 89
0 650 202.72 300 89
0 650 202.816 300 89
0 650 202.908 300 89
0 650 202.989 300 89
0 650 203.074 300 89
0 650 203.155 300 89
0 650 203.24 300 89
0 650 203.325 300 89
0 650 203.412 300 89
0 650 203.489 300 89
0 650 203.564 300 89
0 650 203.652 300 89
0 650 203.735 300 89
0 650 203.824 300 89
0 650 203.906 300 89
0 650 203.988 300 89
0 650 204.113 300 89
0 650 204.198 300 89
0 650 204.289 300 89
0 650 204.381 300 89
0 650 204.476 300 89
0 650 204.578 300 89
0 650 204.67 300 89
0 650 204.759 300 89
0 650 204.858 300 89
0 650 204.958 300 89
0 650 205.045 300 89
0 650 205.136 300 89
0 650 205.25 300 89
0 650 205.345 300 89
0 650 205.43 300 89
0 650 205.527 300 89
0 650 205.609 300 89
0 650 205.691 300 89
0 650 205.787 300 89
0 650 205.883 300 89
0 650 205.954 300 89
0 650 206.045 300 89
0 650 206.135 300 89
0 650 206.218 300 89
0 650 206.311 300 89
0 650 206.4 300 89
0 650 206.488 300 89
0 650 206.577 300 89
0 650 206.657 300 89
0 650 206.741 300 89
0 650 206.837 300 89
0 650 206.929 300 89
0 650 207.04 300 89
0 650 207.146 300 89
0 650 207.235 300 89
0 650 207.342 300 89
0 650 207.446 300 89
0 650 207.534 300 89
0 650 207.62 300 89
0 650 207.707 300 89
0 650 207.796 300 89
0 650 207.886 300 89
0 650 207.977 300 89
0 650 208.064 300 89
0 650 208.152 300 89
0 650 208.242 300 89
0 650 208.33 300 89
0 650 208.42 300 89
0 650 208.508 300 89
0 650 208.594 300 89
0 650 208.677 300 89
0 650 208.765 300 89
0 650 208.855 300 89
0 650 208.943 300 89
0 650 209.034 300 89
0 650 209.147 300 89
0 650 209.246 300 89
0 650 209.336 300 89
0 650 209.422 300 89
0 650 209.511 300 89
0 650 209.603 300 89
0 650 209.696 300 89
0 650 209.79 300 89
0 650 209.881 300 89
0 650 209.975 300 89
0 650 210.073 300 89
0 650 210.164 300 89
0 650 210.257 300 89
0 650 210.352 300 89
0 650 210.444 300 89
0 650 210.54 300 89
0 650 210.626 300 89
0 650 210.719 300 89
0 650 210.809 300 89
0 650 210.909 300 89
0 650 211.021 300 89
0 650 211.094 300 89
0 650 211.198 300 89
0 650 211.293 300 89
0 650 211.383 300 89
0 650 211.467 300 89
0 650 211.551 300 89
0 650 211.669 300 89
0 650 211.762 300 89
0 650 211.82 300 89
0 650 211.914 300 89
0 650 212.002 300 89
0 650 212.094 300 89
0 650 212.181 300 89
0 650 212.271 300 89
0 650 212.365 300 89
0 650 212.45 300 89
0 650 212.534 300 89
0 650 212.617 300 89
0 650 212.71 300 89
0 650 212.797 300 89
0 650 212.9 300 89
0 650 213.001 300 89
0 650 213.105 300 89
0 650 213.194 300 89
0 650 213.278 300 89
0 650 213.369 300 89
0 650 213.461 300 89
0 650 213.55 300 89
0 650 213.649 300 89
0 650 213.742 300 89
0 650 213.826 300 89
0 650 213.916 300 89
0 650 213.993 300 89
0 650 214.073 300 89
0 650 214.168 300 89
0 650 214.265 300 89
0 650 214.356 300 89
0 650 214.443 300 89
0 650 214.532 300 89
0 650 214.615 300 89
0 650 214.705 300 89
0 650 214.8 300 89
0 650 214.903 300 89
0 650 215.005 300 89
0 650 215.099 300 89
0 650 215.189 300 89
0 650 215.268 300 89
0 650 215.379 300 89
0 650 215.472 300 89
0 650 215.571 300 89
0 650 215.676 300 89
0 650 215.766 300 89
0 650 215.843 300 89
0 650 215.931 300 89
0 650 216.019 300 89
0 650 216.107 300 89
0 650 216.198 300 89
0 650 216.294 300 89
0 650 216.386 300 89
0 650 216.478 300 89
0 650 216.56 300 89
0 650 216.655 300 89
0 650 216.745 300 89
0 650 216.836 300 89
0 650 216.923 300 89
0 650 217.017 300 89
0 650 217.099 300 89
0 650 217.179 300 89
0 650 217.27 300 89
0 650 217.363 300 89
0 650 217.467 300 89
0 650 217.584 300 89
0 650 217.677 300 89
0 650 217.777 300 89
0 650 217.889 300 89
0 650 217.982 300 89
0 650 218.076 300 89
0 650 218.174 300 89
0 650 218.28 300 89
0 650 218.382 300 89
0 650 218.481 300 89
0 650 218.577 300 89
0 650 218.676 300 89
0 650 218.788 300 89
0 650 218.886 300 89
0 650 219.006 300 89
0 650 219.113 300 89
0 650 219.201 300 89
0 650 219.3 300 89
0 650 219.403 300 89
0 650 219.496 300 89
0 650 219.592 300 89
0 650 219.7 300 89
0 650 219.808 300 89
0 650 219.901 300 89
0 650 220.004 300 89
0 650 220.116 300 89
0 650 220.208 300 89
0 650 220.305 300 89
0 650 220.418 300 89
0 650 220.527 300 89
0 650 220.622 300 89
0 650 220.712 300 89
0 650 220.805 300 89
0 650 220.899 300 89
0 650 220.994 300 89
0 650 221.088 300 89
0 650 221.182 300 89
0 650 221.268 300 89
0 650 221.361 300 89
0 650 221.474 300 89
0 650 221.612 300 89
0 650 221.708 300 89
0 650 221.796 300 89
0 650 221.886 300 89
0 650 221.971 300 89
0 650 222.064 300 89
0 650 222.17 300 89
0 650 222.278 300 89
0 650 222.378 300 89
0 650 222.471 300 89
0 650 222.584 300 89
0 650 222.689 300 89
0 650 222.782 300 89
0 650 222.882 300 89
0 650 222.991 300 89
0 650 223.094 300 89
0 650 223.2 300 89
0 650 223.306 300 89
0 650 223.398 300 89
0 650 223.486 300 89
0 650 223.584 300 89
0 650 223.691 300 89
0 650 223.79 300 89
0 650 223.871 300 89
0 650 223.967 300 89
0 650 224.056 300 89
0 650 224.154 300 89
0 650 224.245 300 89
0 650 224.339 300 89
0 650 224.432 300 89
0 650 224.521 300 89
0 650 224.609 300 89
0 650 224.709 300 89
0 650 224.796 300 89
0 650 224.893 300 89
0 650 224.972 300 89
0 650 225.053 300 89
0 650 225.155 300 89
0 650 225.243 300 89
0 650 225.342 300 89
0 650 225.451 300 89
0 650 225.56 300 89
0 650 225.678 300 89
0 650 225.776 300 89
0 650 225.88 300 89
0 650 225.996 300 89
0 650 226.112 300 89
0 650 226.206 300 89
0 650 226.298 300 89
0 650 226.391 300 89
0 650 226.484 300 89
0 650 226.591 300 89
0 650 226.693 300 89
0 650 226.792 300 89
0 650 226.883 300 89
0 650 226.969 300 89
0 650 227.055 300 89
0 650 227.144 300 89
0 650 227.226 300 89
0 650 227.309 300 89
0 650 227.396 300 89
0 650 227.486 300 89
0 650 227.578 300 89
0 650 227.67 300 89
0 650 227.768 300 89
0 650 227.849 300 89
0 650 227.948 300 89
0 650 228.051 300 89
0 650 228.21 300 89
0 650 228.316 300 89
0 650 228.417 300 89
0 650 228.525 300 89
0 650 228.628 300 89
0 650 228.733 300 89
0 650 228.829 300 89
0 650 228.928 300 89
0 650 229.024 300 89
0 650 229.114 300 89
0 650 229.207 300 89
0 650 229.3 300 89
0 650 229.389 300 89
0 650 229.485 300 89
0 650 229.575 300 89
0 650 229.673 300 89
0 650 229.76 300 89
0 650 229.846 300 89
0 650 229.939 300 89
0 650 230.034 300 89
0 650 230.122 300 89
0 650 230.219 300 89
0 650 230.317 300 89
0 650 230.409 300 89
0 650 230.505 300 89
0 650 230.609 300 89
0 650 230.72 300 89
0 650 230.825 300 89
0 650 230.919 300 89
0 650 231.013 300 89
0 650 231.107 300 89
0 650 231.205 300 89
0 650 231.303 300 89
0 650 231.396 300 89
0 650 231.486 300 89
0 650 231.568 300 89
0 650 231.654 300 89
0 650 231.749 300 89
0 650 231.84 300 89
0 650 231.925 300 89
0 650 232.012 300 89
0 650 232.105 300 89
0 650 232.194 300 89
0 650 232.285 300 89
0 650 232.379 300 89
0 650 232.475 300 89
0 650 232.583 300 89
0 650 232.687 300 89
0 650 232.79 300 89
0 650 232.913 300 89
0 650 233.02 300 89
0 650 233.12 300 89
0 650 233.232 300 89
0 650 233.339 300 89
0 650 233.436 300 89
0 650 233.529 300 89
0 650 233.62 300 89
0 650 233.707 300 89
0 650 233.805 300 89
0 650 233.907 300 89
0 650 234 300 89
0 650 234.091 300 89
0 650 234.177 300 89
0 650 234.27 300 89
0 650 234.347 300 89
0 650 234.442 300 89
0 650 234.531 300 89
0 650 234.626 300 89
0 650 234.71 300 89
0 650 234.798 300 89
0 650 234.893 300 89
0 650 234.992 300 89
0 650 235.096 300 89
0 650 235.207 300 89
0 650 235.294 300 89
0 650 235.388 300 89
0 650 235.474 300 89
0 650 235.55 300 89
0 650 235.651 300 89
0 650 235.736 300 89
0 650 235.824 300 89
0 650 235.915 300 89
0 650 236.001 300 89
0 650 236.096 300 89
0 650 236.184 300 89
0 650 236.276 300 89
0 650 236.369 300 89
0 650 236.459 300 89
0 650 236.544 300 89
0 650 236.629 300 89
0 650 236.723 300 89
0 650 236.82 300 89
0 650 236.923 300 89
0 650 237.016 300 89
0 650 237.104 300 89
0 650 237.194 300 89
0 650 237.276 300 89
0 650 237.361 300 89
0 650 237.452 300 89
0 650 237.552 300 89
0 650 237.644 300 89
0 650 237.736 300 89
0 650 237.826 300 89
0 650 237.915 300 89
0 650 238.001 300 89
0 650 238.092 300 89
0 650 238.185 300 89
0 650 238.282 300 89
0 650 238.374 300 89
0 650 238.47 300 89
0 650 238.564 300 89
0 650 238.734 300 89
0 650 238.838 300 89
0 650 238.929 300 89
0 650 239.013 300 89
0 650 239.104 300 89
0 650 239.201 300 89
0 650 239.294 300 89
0 650 239.392 300 89
0 650 239.479 300 89
0 650 239.563 300 89
0 650 239.655 300 89
0 650 239.742 300 89
0 650 239.836 300 89
0 650 239.927 300 89
0 650 240.018 300 89
0 650 240.108 300 89
0 650 240.2 300 89
0 650 240.278 300 89
0 650 240.374 300 89
0 650 240.466 300 89
0 650 240.578 300 89
0 650 240.68 300 89
0 650 240.794 300 89
0 650 240.892 300 89
0 650 240.978 300 89
0 650 241.063 300 89
0 650 241.152 300 89
0 650 241.212 300 89
0 650 241.307 300 89
0 650 241.394 300 89
0 650 241.486 300 89
0 650 241.575 300 89
0 650 241.664 300 89
0 650 241.754 300 89
0 650 241.838 300 89
0 650 241.941 300 89
0 650 242.037 300 89
0 650 242.131 300 89
0 650 242.214 300 89
0 650 242.3 300 89
0 650 242.387 300 89
0 650 242.483 300 89
0 650 242.567 300 89
0 650 242.653 300 89
0 650 242.741 300 89
0 650 242.874 300 89
0 650 242.961 300 89
0 650 243.052 300 89
0 650 243.133 300 89
0 650 243.225 300 89
0 650 243.316 300 89
0 650 243.407 300 89
0 650 243.499 300 89
0 650 243.59 300 89
0 650 243.682 300 89
0 650 243.79 300 89
0 650 243.886 300 89
0 650 243.968 300 89
0 650 244.061 300 89
0 650 244.143 300 89
0 650 244.233 300 89
0 650 244.32 300 89
0 650 244.411 300 89
0 650 244.507 300 89
0 650 244.591 300 89
0 650 244.681 300 89
0 650 244.775 300 89
0 650 244.87 300 89
0 650 244.96 300 89
0 650 245.054 300 89
0 650 245.144 300 89
0 650 245.232 300 89
0 650 245.322 300 89
0 650 245.414 300 89
0 650 245.506 300 89
0 650 245.59 300 89
0 650 245.674 300 89
0 650 245.763 300 89
0 650 245.854 300 89
0 650 245.947 300 89
0 650 246.037 300 89
0 650 246.128 300 89
0 650 246.218 300 89
0 650 246.307 300 89
0 650 246.397 300 89
0 650 246.49 300 89
0 650 246.574 300 89
0 650 246.666 300 89
0 650 246.755 300 89
0 650 246.844 300 89
0 650 246.946 300 89
0 650 247.034 300 89
0 650 247.125 300 89
0 650 247.211 300 89
0 650 247.305 300 89
0 650 247.393 300 89
0 650 247.481 300 89
0 650 247.565 300 89
0 650 247.662 300 89
0 650 247.749 300 89
0 650 247.835 300 89
0 650 247.918 300 89
0 650 248.013 300 89
0 650 248.105 300 89
0 650 248.187 300 89
0 650 248.282 300 89
0 650 248.37 300 89
0 650 248.462 300 89
0 650 248.55 300 89
0 650 248.642 300 89
0 650 248.734 300 89
0 650 248.826 300 89
0 650 248.911 300 89
0 650 249.008 300 89
0 650 249.1 300 89
0 650 249.187 300 89
0 650 249.276 300 89
0 650 249.365 300 89
0 650 249.457 300 89
0 650 249.546 300 89
0 650 249.645 300 89
0 650 249.731 300 89
0 650 249.825 300 89
0 650 249.914 300 89
0 650 250.049 300 89
0 650 250.144 300 89
0 650 250.229 300 89
0 650 250.305 300 89
0 650 250.39 300 89
0 650 250.483 300 89
0 650 250.566 300 89
0 650 250.656 300 89
0 650 250.752 300 89
0 650 250.842 300 89
0 650 250.918 300 89
0 650 251 300 89
0 650 251.087 300 89
0 650 251.173 300 89
0 650 251.255 300 89
0 650 251.349 300 89
0 650 251.44 300 89
0 650 251.527 300 89
0 650 251.609 300 89
0 650 251.707 300 89
0 650 251.799 300 89
0 650 251.89 300 89
0 650 251.979 300 89
0 650 252.069 300 89
0 650 252.151 300 89
0 650 252.252 300 89
0 650 252.355 300 89
0 650 252.448 300 89
0 650 252.542 300 89
0 650 252.634 300 89
0 650 252.721 300 89
0 650 252.806 300 89
0 650 252.898 300 89
0 650 252.997 300 89
0 650 253.086 300 89
0 650 253.177 300 89
0 650 253.272 300 89
0 650 253.364 300 89
0 650 253.456 300 89
0 650 253.556 300 89
0 650 253.65 300 89
0 650 253.748 300 89
0 650 253.833 300 89
0 650 253.921 300 89
0 650 254.017 300 89
0 650 254.097 300 89
0 650 254.193 300 89
0 650 254.285 300 89
0 650 254.378 300 89
0 650 254.463 300 89
0 650 254.549 300 89
0 650 254.632 300 89
0 650 254.724 300 89
0 650 254.824 300 89
0 650 254.918 300 89
0 650 255.009 300 89
0 650 255.109 300 89
0 650 255.199 300 89
0 650 255.288 300 89
0 650 255.382 300 89
0 650 255.486 300 89
0 650 255.587 300 89
0 650 255.685 300 89
0 650 255.774 300 89
0 650 255.867 300 89
0 650 255.956 300 89
0 650 256.055 300 89
0 650 256.137 300 89
0 650 256.225 300 89
0 650 256.316 300 89
0 650 256.405 300 89
0 650 256.493 300 89
0 650 256.58 300 89
0 650 256.676 300 89
0 650 256.769 300 89
0 650 256.87 300 89
0 650 256.96 300 89
0 650 257.045 300 89
0 650 257.14 300 89
0 650 257.231 300 89
0 650 257.319 300 89
0 650 257.403 300 89
0 650 257.491 300 89
0 650 257.579 300 89
0 650 257.67 300 89
0 650 257.761 300 89
0 650 257.855 300 89
0 650 257.948 300 89
0 650 258.045 300 89
0 650 258.138 300 89
0 650 258.242 300 89
0 650 258.343 300 89
0 650 258.444 300 89
0 650 258.534 300 89
0 650 258.63 300 89
0 650 258.715 300 89
0 650 258.796 300 89
0 650 258.895 300 89
0 650 258.988 300 89
0 650 259.083 300 89
0 650 259.172 300 89
0 650 259.266 300 89
0 650 259.355 300 89
0 650 259.436 300 89
0 650 259.534 300 89
0 650 259.634 300 89
0 650 259.727 300 89
0 650 259.816 300 89
0 650 259.914 300 89
0 650 259.976 300 89
0 650 260.065 300 89
0 650 260.163 300 89
0 650 260.255 300 89
0 650 260.346 300 89
0 650 260.436 300 89
0 650 260.524 300 89
0 650 260.605 300 89
0 650 260.699 300 89
0 650 260.792 300 89
0 650 260.886 300 89
0 650 260.977 300 89
0 650 261.062 300 89
0 650 261.161 300 89
0 650 261.255 300 89
0 650 261.349 300 89
0 650 261.44 300 89
0 650 261.536 300 89
0 650 261.631 300 89
0 650 261.734 300 89
0 650 261.827 300 89
0 650 261.919 300 89
0 650 262.004 300 89
0 650 262.097 300 89
0 650 262.187 300 89
0 650 262.271 300 89
0 650 262.367 300 89
0 650 262.46 300 89
0 650 262.551 300 89
0 650 262.647 300 89
0 650 262.737 300 89
0 650 262.825 300 89
0 650 262.919 300 89
0 650 263.015 300 89
0 650 263.145 300 89
0 650 263.235 300 89
0 650 263.327 300 89
0 650 263.418 300 89
0 650 263.506 300 89
0 650 263.607 300 89
0 650 263.704 300 89
0 650 263.796 300 89
0 650 263.882 300 89
0 650 263.982 300 89
0 650 264.081 300 89
0 650 264.184 300 89
0 650 264.274 300 89
0 650 264.375 300 89
0 650 264.466 300 89
0 650 264.554 300 89
0 650 264.645 300 89
0 650 264.742 300 89
0 650 264.838 300 89
0 650 264.916 300 89
0 650 264.992 300 89
0 650 265.083 300 89
0 650 265.179 300 89
0 650 265.272 300 89
0 650 265.358 300 89
0 650 265.458 300 89
0 650 265.554 300 89
0 650 265.652 300 89
0 650 265.739 300 89
0 650 265.833 300 89
0 650 265.924 300 89
0 650 266.018 300 89
0 650 266.113 300 89
0 650 266.212 300 89
0 650 266.306 300 89
0 650 266.399 300 89
0 650 266.495 300 89
0 650 266.579 300 89
0 650 266.67 300 89
0 650 266.775 300 89
0 650 266.863 300 89
0 650 266.954 300 89
0 650 267.048 300 89
0 650 267.139 300 89
0 650 267.232 300 89
0 650 267.325 300 89
0 650 267.419 300 89
0 650 267.514 300 89
0 650 267.615 300 89
0 650 267.708 300 89
0 650 267.797 300 89
0 650 267.881 300 89
0 650 267.976 300 89
0 650 268.116 300 89
0 650 268.212 300 89
0 650 268.296 300 89
0 650 268.398 300 89
0 650 268.489 300 89
0 650 268.577 300 89
0 650 268.663 300 89
0 650 268.752 300 89
0 650 268.848 300 89
0 650 268.942 300 89
0 650 269.034 300 89
0 650 269.127 300 89
0 650 269.217 300 89
0 650 269.314 300 89
0 650 269.4 300 89
0 650 269.499 300 89
0 650 269.599 300 89
0 650 269.694 300 89
0 650 269.787 300 89
0 650 269.882 300 89
0 650 269.972 300 89
0 650 270.057 300 89
0 650 270.152 300 89
0 650 270.247 300 89
0 650 270.337 300 89
0 650 270.426 300 89
0 650 270.519 300 89
0 650 270.609 300 89
0 650 270.698 300 89
0 650 270.796 300 89
0 650 270.887 300 89
0 650 270.965 300 89
0 650 271.048 300 89
0 650 271.142 300 89
0 650 271.223 300 89
0 650 271.322 300 89
0 650 271.415 300 89
0 650 271.513 300 89
0 650 271.606 300 89
0 650 271.701 300 89
0 650 271.794 300 89
0 650 271.892 300 89
0 650 271.983 300 89
0 650 272.078 300 89
0 650 272.169 300 89
0 650 272.267 300 89
0 650 272.366 300 89
0 650 272.462 300 89
0 650 272.558 300 89
0 650 272.653 300 89
0 650 272.741 300 89
0 650 272.833 300 89
0 650 272.931 300 89
0 650 273.024 300 89
0 650 273.11 300 89
0 650 273.197 300 89
0 650 273.291 300 89
0 650 273.386 300 89
0 650 273.485 300 89
0 650 273.577 300 89
0 650 273.667 300 89
0 650 273.754 300 89
0 650 273.838 300 89
0 650 273.928 300 89
0 650 274.025 300 89
0 650 274.121 300 89
0 650 274.214 300 89
0 650 274.305 300 89
0 650 274.401 300 89
0 650 274.504 300 89
0 650 274.596 300 89
0 650 274.689 300 89
0 650 274.783 300 89
0 650 274.875 300 89
0 650 274.97 300 89
0 650 275.058 300 89
0 650 275.142 300 89
0 650 275.232 300 89
0 650 275.331 300 89
0 650 275.424 300 89
0 650 275.516 300 89
0 650 275.593 300 89
0 650 275.687 300 89
0 650 275.781 300 89
0 650 275.876 300 89
0 650 275.968 300 89
0 650 276.06 300 89
0 650 276.161 300 89
0 650 276.246 300 89
0 650 276.316 300 89
0 650 276.388 300 89
0 650 276.454 300 89
0 650 276.516 300 89
0 650 276.579 300 89
0 650 276.646 300 89
0 650 276.711 300 89
0 650 276.773 300 89
0 650 276.84 300 89
0 650 276.905 300 89
0 650 276.97 300 89
0 650 277.032 300 89
0 650 277.096 300 89
0 650 277.162 300 89
0 650 277.222 300 89
0 650 277.289 300 89
0 650 277.349 300 89
0 650 277.415 300 89
0 650 277.477 300 89
0 650 277.54 300 89
0 650 277.6 300 89
0 650 277.662 300 89
0 650 277.734 300 89
0 650 277.817 300 89
0 650 277.909 300 89
0 650 277.999 300 89
0 650 278.084 300 89
0 650 278.178 300 89
0 650 278.275 300 89
0 650 278.387 300 89
0 650 278.474 300 89
0 650 278.569 300 89
0 650 278.661 300 89
0 650 278.736 300 89
0 650 278.825 300 89
0 650 278.914 300 89
0 650 279.007 300 89
0 650 279.094 300 89
0 650 279.188 300 89
0 650 279.279 300 89
0 650 279.382 300 89
0 650 279.472 300 89
0 650 279.561 300 89
0 650 279.655 300 89
0 650 279.746 300 89
0 650 279.831 300 89
0 650 279.919 300 89
0 650 279.974 300 89
0 650 280.058 300 89
0 650 280.147 300 89
0 650 280.228 300 89
0 650 280.314 300 89
0 650 280.404 300 89
0 650 280.504 300 89
0 650 280.594 300 89
0 650 280.68 300 89
0 650 280.766 300 89
0 650 280.853 300 89
0 650 280.939 300 89
0 650 281.027 300 89
0 650 281.118 300 89
0 650 281.222 300 89
0 650 281.312 300 89
0 650 281.397 300 89
0 650 281.483 300 89
0 650 281.579 300 89
0 650 281.673 300 89
0 650 281.759 300 89
0 650 281.844 300 89
0 650 281.934 300 89
0 650 282.023 300 89
0 650 282.114 300 89
0 650 282.204 300 89
0 650 282.289 300 89
0 650 282.376 300 89
0 650 282.467 300 89
0 650 282.563 300 89
0 650 282.656 300 89
0 650 282.727 300 89
0 650 282.821 300 89
0 650 282.909 300 89
0 650 283.001 300 89
0 650 283.085 300 89
0 650 283.179 300 89
0 650 283.275 300 89
0 650 283.367 300 89
0 650 283.457 300 89
0 650 283.544 300 89
0 650 283.633 300 89
0 650 283.723 300 89
0 650 283.814 300 89
0 650 283.898 300 89
0 650 283.98 300 89
0 650 284.071 300 89
0 650 284.157 300 89
0 650 284.23 300 89
0 650 284.323 300 89
0 650 284.409 300 89
0 650 284.496 300 89
0 650 284.58 300 89
0 650 284.679 300 89
0 650 284.775 300 89
0 650 284.862 300 89
0 650 284.958 300 89
0 650 285.057 300 89
0 650 285.151 300 89
0 650 285.246 300 89
0 650 285.343 300 89
0 650 285.438 300 89
0 650 285.537 300 89
0 650 285.626 300 89
0 650 285.715 300 89
0 650 285.805 300 89
0 650 285.893 300 89
0 650 285.985 300 89
0 650 286.068 300 89
0 650 286.152 300 89
0 650 286.245 300 89
0 650 286.333 300 89
0 650 286.426 300 89
0 650 286.476 300 89
0 650 286.565 300 89
0 650 286.654 300 89
0 650 286.75 300 89
0 650 286.832 300 89
0 650 286.922 300 89
0 650 287.012 300 89
0 650 287.095 300 89
0 650 287.185 300 89
0 650 287.271 300 89
0 650 287.36 300 89
0 650 287.45 300 89
0 650 287.543 300 89
0 650 287.635 300 89
0 650 287.723 300 89
0 650 287.804 300 89
0 650 287.901 300 89
0 650 287.996 300 89
0 650 288.087 300 89
0 650 288.176 300 89
0 650 288.275 300 89
0 650 288.367 300 89
0 650 288.461 300 89
0 650 288.551 300 89
0 650 288.641 300 89
0 650 288.728 300 89
0 650 288.817 300 89
0 650 288.902 300 89
0 650 288.98 300 89
0 650 289.069 300 89
0 650 289.162 300 89
0 650 289.256 300 89
0 650 289.351 300 89
0 650 289.437 300 89
0 650 289.52 300 89
0 650 289.614 300 89
0 650 289.699 300 89
0 650 289.797 300 89
0 650 289.89 300 89
0 650 289.97 300 89
0 650 290.058 300 89
0 650 290.138 300 89
0 650 290.228 300 89
0 650 290.318 300 89
0 650 290.405 300 89
0 650 290.492 300 89
0 650 290.587 300 89
0 650 290.674 300 89
0 650 290.763 300 89
0 650 290.836 300 89
0 650 290.923 300 89
0 650 291.01 300 89
0 650 291.098 300 89
0 650 291.188 300 89
0 650 291.274 300 89
0 650 291.36 300 89
0 650 291.453 300 89
0 650 291.536 300 89
0 650 291.624 300 89
0 650 291.712 300 89
0 650 291.803 300 89
0 650 291.891 300 89
0 650 291.976 300 89
0 650 292.105 300 89
0 650 292.183 300 89
0 650 292.269 300 89
0 650 292.359 300 89
0 650 292.445 300 89
0 650 292.525 300 89
0 650 292.61 300 89
0 650 292.696 300 89
0 650 292.782 300 89
0 650 292.872 300 89
0 650 292.96 300 89
0 650 293.049 300 89
0 650 293.137 300 89
0 650 293.221 300 89
0 650 293.308 300 89
0 650 293.394 300 89
0 650 293.48 300 89
0 650 293.571 300 89
0 650 293.659 300 89
0 650 293.745 300 89
0 650 293.837 300 89
0 650 293.929 300 89
0 650 294.064 300 89
0 650 294.164 300 89
0 650 294.246 300 89
0 650 294.331 300 89
0 650 294.422 300 89
0 650 294.522 300 89
0 650 294.624 300 89
0 650 294.719 300 89
0 650 294.81 300 89
0 650 294.897 300 89
0 650 294.989 300 89
0 650 295.086 300 89
0 650 295.174 300 89
0 650 295.266 300 89
0 650 295.359 300 89
0 650 295.442 300 89
0 650 295.52 300 89
0 650 295.601 300 89
0 650 295.694 300 89
0 650 295.783 300 89
0 650 295.88 300 89
0 650 295.965 300 89
0 650 296.061 300 89
0 650 296.146 300 89
0 650 296.233 300 89
0 650 296.312 300 89
0 650 296.369 300 89
0 650 296.451 300 89
0 650 296.539 300 89
0 650 296.63 300 89
0 650 296.725 300 89
0 650 296.817 300 89
0 650 296.902 300 89
0 650 296.991 300 89
0 650 297.084 300 89
0 650 297.169 300 89
0 650 297.268 300 89
0 650 297.35 300 89
0 650 297.443 300 89
0 650 297.534 300 89
0 650 297.62 300 89
0 650 297.701 300 89
0 650 297.788 300 89
0 650 297.874 300 89
0 650 297.964 300 89
0 650 298.101 300 89
0 650 298.186 300 89
0 650 298.271 300 89
0 650 298.355 300 89
0 650 298.444 300 89
0 650 298.532 300 89
0 650 298.616 300 89
0 650 298.691 300 89
0 650 298.776 300 89
0 650 298.863 300 89
0 650 298.941 300 89
0 650 299.018 300 89
0 650 299.105 300 89
0 650 299.193 300 89
0 650 299.273 300 89
0 650 299.352 300 89
0 650 299.445 300 89
0 650 299.527 300 89
0 650 299.617 300 89
0 650 299.706 300 89
0 650 299.799 300 89
0 650 299.874 300 89
0 650 299.981 300 89
0 650 300.074 300 89
0 650 300.16 300 89
0 650 300.236 300 89
0 650 300.331 300 89
0 650 300.421 300 89
0 650 300.497 300 89
0 650 300.574 300 89
0 650 300.66 300 89
0 650 300.754 300 89
0 650 300.843 300 89
0 650 300.933 300 89
0 650 301.024 300 89
0 650 301.102 300 89
0 650 301.19 300 89
0 650 301.276 300 89
0 650 301.369 300 89
0 650 301.458 300 89
0 650 301.541 300 89
0 650 301.622 300 89
0 650 301.706 300 89
0 650 301.788 300 89
0 650 301.875 300 89
0 650 301.965 300 89
0 650 302.051 300 89
0 650 302.136 300 89
0 650 302.226 300 89
0 650 302.313 300 89
0 650 302.396 300 89
0 650 302.481 300 89
0 650 302.57 300 89
0 650 302.658 300 89
0 650 302.749 300 89
0 650 302.832 300 89
0 650 302.917 300 89
0 650 303.009 300 89
0 650 303.096 300 89
0 650 303.191 300 89
0 650 303.278 300 89
0 650 303.348 300 89
0 650 303.431 300 89
0 650 303.516 300 89
0 650 303.604 300 89
0 650 303.693 300 89
0 650 303.786 300 89
0 650 303.864 300 89
0 650 303.952 300 89
0 650 304.044 300 89
0 650 304.142 300 89
0 650 304.231 300 89
0 650 304.32 300 89
0 650 304.401 300 89
0 650 304.48 300 89
0 650 304.573 300 89
0 650 304.66 300 89
0 650 304.746 300 89
0 650 304.838 300 89
0 650 304.929 300 89
0 650 305.014 300 89
0 650 305.1 300 89
0 650 305.188 300 89
0 650 305.274 300 89
0 650 305.36 300 89
0 650 305.442 300 89
0 650 305.524 300 89
0 650 305.612 300 89
0 650 305.696 300 89
0 650 305.779 300 89
0 650 305.87 300 89
0 650 305.95 300 89
0 650 306.038 300 89
0 650 306.131 300 89
0 650 306.228 300 89
0 650 306.326 300 89
0 650 306.415 300 89
0 650 306.499 300 89
0 650 306.587 300 89
0 650 306.672 300 89
0 650 306.762 300 89
0 650 306.843 300 89
0 650 306.929 300 89
0 650 307.013 300 89
0 650 307.101 300 89
0 650 307.192 300 89
0 650 307.273 300 89
0 650 307.363 300 89
0 650 307.45 300 89
0 650 307.534 300 89
0 650 307.624 300 89
0 650 307.708 300 89
0 650 307.797 300 89
0 650 307.891 300 89
0 650 307.971 300 89
0 650 308.06 300 89
0 650 308.142 300 89
0 650 308.233 300 89
0 650 308.316 300 89
0 650 308.399 300 89
0 650 308.479 300 89
0 650 308.567 300 89
0 650 308.657 300 89
0 650 308.739 300 89
0 650 308.833 300 89
0 650 308.921 300 89
0 650 309.008 300 89
0 650 309.1 300 89
0 650 309.183 300 89
0 650 309.268 300 89
0 650 309.357 300 89
0 650 309.444 300 89
0 650 309.528 300 89
0 650 309.615 300 89
0 650 309.703 300 89
0 650 309.789 300 89
0 650 309.877 300 89
0 650 309.962 300 89
0 650 310.049 300 89
0 650 310.131 300 89
0 650 310.212 300 89
0 650 310.301 300 89
0 650 310.384 300 89
0 650 310.471 300 89
0 650 310.559 300 89
0 650 310.645 300 89
0 650 310.735 300 89
0 650 310.826 300 89
0 650 310.909 300 89
0 650 310.999 300 89
0 650 311.088 300 89
0 650 311.183 300 89
0 650 311.262 300 89
0 650 311.341 300 89
0 650 311.435 300 89
0 650 311.53 300 89
0 650 311.625 300 89
0 650 311.715 300 89
0 650 311.806 300 89
0 650 311.899 300 89
0 650 311.993 300 89
0 650 312.072 300 89
0 650 312.158 300 89
0 650 312.245 300 89
0 650 312.331 300 89
0 650 312.389 300 89
0 650 312.483 300 89
0 650 312.57 300 89
0 650 312.657 300 89
0 650 312.741 300 89
0 650 312.821 300 89
0 650 312.909 300 89
0 650 312.989 300 89
0 650 313.07 300 89
0 650 313.153 300 89
0 650 313.244 300 89
0 650 313.322 300 89
0 650 313.407 300 89
0 650 313.492 300 89
0 650 313.578 300 89
0 650 313.666 300 89
0 650 313.751 300 89
0 650 313.842 300 89
0 650 313.927 300 89
0 650 314.01 300 89
0 650 314.095 300 89
0 650 314.183 300 89
0 650 314.271 300 89
0 650 314.358 300 89
0 650 314.445 300 89
0 650 314.528 300 89
0 650 314.614 300 89
0 650 314.708 300 89
0 650 314.79 300 89
0 650 314.88 300 89
0 650 314.969 300 89
0 650 315.057 300 89
0 650 315.147 300 89
0 650 315.227 300 89
0 650 315.314 300 89
0 650 315.397 300 89
0 650 315.479 300 89
0 650 315.572 300 89
0 650 315.66 300 89
0 650 315.742 300 89
0 650 315.831 300 89
0 650 315.914 300 89
0 650 316.004 300 89
0 650 316.095 300 89
0 650 316.185 300 89
0 650 316.268 300 89
0 650 316.355 300 89
0 650 316.444 300 89
0 650 316.531 300 89
0 650 316.624 300 89
0 650 316.706 300 89
0 650 316.793 300 89
0 650 316.884 300 89
0 650 316.967 300 89
0 650 317.056 300 89
0 650 317.146 300 89
0 650 317.235 300 89
0 650 317.321 300 89
0 650 317.407 300 89
0 650 317.489 300 89
0 650 317.58 300 89
0 650 317.665 300 89
0 650 317.75 300 89
0 650 317.882 300 89
0 650 317.966 300 89
0 650 318.04 300 89
0 650 318.124 300 89
0 650 318.213 300 89
0 650 318.307 300 89
0 650 318.393 300 89
0 650 318.479 300 89
0 650 318.568 300 89
0 650 318.651 300 89
0 650 318.742 300 89
0 650 318.833 300 89
0 650 318.922 300 89
0 650 319.013 300 89
0 650 319.102 300 89
0 650 319.183 300 89
0 650 319.272 300 89
0 650 319.361 300 89
0 650 319.448 300 89
0 650 319.535 300 89
0 650 319.612 300 89
0 650 319.695 300 89
0 650 319.781 300 89
0 650 319.858 300 89
0 650 319.939 300 89
0 650 320.027 300 89
0 650 320.102 300 89
0 650 320.186 300 89
0 650 320.274 300 89
0 650 320.385 300 89
0 650 320.478 300 89
0 650 320.566 300 89
0 650 320.65 300 89
0 650 320.729 300 89
0 650 320.813 300 89
0 650 320.893 300 89
0 650 320.981 300 89
0 650 321.07 300 89
0 650 321.149 300 89
0 650 321.231 300 89
0 650 321.313 300 89
0 650 321.404 300 89
0 650 321.496 300 89
0 650 321.573 300 89
0 650 321.663 300 89
0 650 321.746 300 89
0 650 321.827 300 89
0 650 321.908 300 89
0 650 321.992 300 89
0 650 322.082 300 89
0 650 322.163 300 89
0 650 322.25 300 89
0 650 322.334 300 89
0 650 322.416 300 89
0 650 322.498 300 89
0 650 322.584 300 89
0 650 322.671 300 89
0 650 322.755 300 89
0 650 322.847 300 89
0 650 322.933 300 89
0 650 323.024 300 89
0 650 323.114 300 89
0 650 323.201 300 89
0 650 323.285 300 89
0 650 323.373 300 89
0 650 323.457 300 89
0 650 323.539 300 89
0 650 323.627 300 89
0 650 323.716 300 89
0 650 323.801 300 89
0 650 323.876 300 89
0 650 323.96 300 89
0 650 324.042 300 89
0 650 324.124 300 89
0 650 324.208 300 89
0 650 324.291 300 89
0 650 324.375 300 89
0 650 324.458 300 89
0 650 324.539 300 89
0 650 324.667 300 89
0 650 324.758 300 89
0 650 324.841 300 89
0 650 324.919 300 89
0 650 325.012 300 89
0 650 325.093 300 89
0 650 325.181 300 89
0 650 325.266 300 89
0 650 325.363 300 89
0 650 325.449 300 89
0 650 325.544 300 89
0 650 325.64 300 89
0 650 325.73 300 89
0 650 325.812 300 89
0 650 325.897 300 89
0 650 325.982 300 89
0 650 326.067 300 89
0 650 326.152 300 89
0 650 326.241 300 89
0 650 326.32 300 89
0 650 326.406 300 89
0 650 326.497 300 89
0 650 326.571 300 89
0 650 326.652 300 89
0 650 326.741 300 89
0 650 326.826 300 89
0 650 326.916 300 89
0 650 327.001 300 89
0 650 327.058 300 89
0 650 327.143 300 89
0 650 327.223 300 89
0 650 327.307 300 89
0 650 327.395 300 89
0 650 327.479 300 89
0 650 327.564 300 89
0 650 327.655 300 89
0 650 327.793 300 89
0 650 327.886 300 89
0 650 327.977 300 89
0 650 328.072 300 89
0 650 328.154 300 89
0 650 328.245 300 89
0 650 328.327 300 89
0 650 328.411 300 89
0 650 328.5 300 89
0 650 328.588 300 89
0 650 328.672 300 89
0 650 328.751 300 89
0 650 328.84 300 89
0 650 328.916 300 89
0 650 328.993 300 89
0 650 329.082 300 89
0 650 329.168 300 89
0 650 329.251 300 89
0 650 329.329 300 89
0 650 329.416 300 89
0 650 329.501 300 89
0 650 329.591 300 89
0 650 329.674 300 89
0 650 329.755 300 89
0 650 329.839 300 89
0 650 329.928 300 89
0 650 330.017 300 89
0 650 330.098 300 89
0 650 330.187 300 89
0 650 330.269 300 89
0 650 330.351 300 89
0 650 330.44 300 89
0 650 330.52 300 89
0 650 330.609 300 89
0 650 330.684 300 89
0 650 330.768 300 89
0 650 330.853 300 89
0 650 330.932 300 89
0 650 331.004 300 89
0 650 331.094 300 89
0 650 331.179 300 89
0 650 331.269 300 89
0 650 331.354 300 89
0 650 331.424 300 89
0 650 331.518 300 89
0 650 331.605 300 89
0 650 331.688 300 89
0 650 331.776 300 89
0 650 331.858 300 89
0 650 331.943 300 89
0 650 332.027 300 89
0 650 332.118 300 89
0 650 332.173 300 89
0 650 332.259 300 89
0 650 332.34 300 89
0 650 332.421 300 89
0 650 332.515 300 89
0 650 332.6 300 89
0 650 332.688 300 89
0 650 332.824 300 89
0 650 332.912 300 89
0 650 332.996 300 89
0 650 333.084 300 89
0 650 333.173 300 89
0 650 333.26 300 89
0 650 333.341 300 89
0 650 333.425 300 89
0 650 333.51 300 89
0 650 333.596 300 89
0 650 333.679 300 89
0 650 333.762 300 89
0 650 333.847 300 89
0 650 333.934 300 89
0 650 334.019 300 89
0 650 334.107 300 89
0 650 334.167 300 89
0 650 334.261 300 89
0 650 334.347 300 89
0 650 334.437 300 89
0 650 334.522 300 89
0 650 334.6 300 89
0 650 334.688 300 89
0 650 334.77 300 89
0 650 334.857 300 89
0 650 334.938 300 89
0 650 335.03 300 89
0 650 335.114 300 89
0 650 335.199 300 89
0 650 335.271 300 89
0 650 335.351 300 89
0 650 335.444 300 89
0 650 335.53 300 89
0 650 335.617 300 89
0 650 335.706 300 89
0 650 335.795 300 89
0 650 335.876 300 89
0 650 335.964 300 89
0 650 336.056 300 89
0 650 336.14 300 89
0 650 336.227 300 89
0 650 336.303 300 89
0 650 336.391 300 89
0 650 336.482 300 89
0 650 336.566 300 89
0 650 336.648 300 89
0 650 336.738 300 89
0 650 336.817 300 89
0 650 336.903 300 89
0 650 336.989 300 89
0 650 337.071 300 89
0 650 337.164 300 89
0 650 337.252 300 89
0 650 337.338 300 89
0 650 337.428 300 89
0 650 337.519 300 89
0 650 337.61 300 89
0 650 337.697 300 89
0 650 337.783 300 89
0 650 337.863 300 89
0 650 337.948 300 89
0 650 338.031 300 89
0 650 338.119 300 89
0 650 338.206 300 89
0 650 338.295 300 89
0 650 338.383 300 89
0 650 338.462 300 89
0 650 338.56 300 89
0 650 338.645 300 89
0 650 338.73 300 89
0 650 338.824 300 89
0 650 338.915 300 89
0 650 339.004 300 89
0 650 339.076 300 89
0 650 339.152 300 89
0 650 339.237 300 89
0 650 339.335 300 89
0 650 339.432 300 89
0 650 339.52 300 89
0 650 339.607 300 89
0 650 339.702 300 89
0 650 339.801 300 89
0 650 339.887 300 89
0 650 339.961 300 89
0 650 340.049 300 89
0 650 340.131 300 89
0 650 340.213 300 89
0 650 340.3 300 89
0 650 340.386 300 89
0 650 340.468 300 89
0 650 340.555 300 89
0 650 340.645 300 89
0 650 340.726 300 89
0 650 340.808 300 89
0 650 340.891 300 89
0 650 340.978 300 89
0 650 341.055 300 89
0 650 341.134 300 89
0 650 341.214 300 89
0 650 341.307 300 89
0 650 341.407 300 89
0 650 341.505 300 89
0 650 341.589 300 89
0 650 341.676 300 89
0 650 341.774 300 89
0 650 341.877 300 89
0 650 341.972 300 89
0 650 342.054 300 89
0 650 342.132 300 89
0 650 342.21 300 89
0 650 342.301 300 89
0 650 342.398 300 89
0 650 342.486 300 89
0 650 342.569 300 89
0 650 342.646 300 89
0 650 342.729 300 89
0 650 342.816 300 89
0 650 342.9 300 89
0 650 342.997 300 89
0 650 343.077 300 89
0 650 343.158 300 89
0 650 343.245 300 89
0 650 343.304 300 89
0 650 343.384 300 89
0 650 343.473 300 89
0 650 343.543 300 89
0 650 343.629 300 89
0 650 343.713 300 89
0 650 343.796 300 89
0 650 343.877 300 89
0 650 343.969 300 89
0 650 344.063 300 89
0 650 344.159 300 89
0 650 344.247 300 89
0 650 344.333 300 89
0 650 344.431 300 89
0 650 344.53 300 89
0 650 344.623 300 89
0 650 344.708 300 89
0 650 344.79 300 89
0 650 344.88 300 89
0 650 344.968 300 89
0 650 345.061 300 89
0 650 345.148 300 89
0 650 345.23 300 89
0 650 345.312 300 89
0 650 345.398 300 89
0 650 345.481 300 89
0 650 345.556 300 89
0 650 345.643 300 89
0 650 345.704 300 89
0 650 345.786 300 89
0 650 345.87 300 89
0 650 345.947 300 89
0 650 346.033 300 89
0 650 346.115 300 89
0 650 346.216 300 89
0 650 346.311 300 89
0 650 346.405 300 89
0 650 346.499 300 89
0 650 346.588 300 89
0 650 346.682 300 89
0 650 346.77 300 89
0 650 346.86 300 89
0 650 346.945 300 89
0 650 347.031 300 89
0 650 347.114 300 89
0 650 347.2 300 89
0 650 347.287 300 89
0 650 347.369 300 89
0 650 347.452 300 89
0 650 347.531 300 89
0 650 347.619 300 89
0 650 347.702 300 89
0 650 347.788 300 89
0 650 347.87 300 89
0 650 347.956 300 89
0 650 348.04 300 89
0 650 348.121 300 89
0 650 348.205 300 89
0 650 348.292 300 89
0 650 348.379 300 89
0 650 348.477 300 89
0 650 348.572 300 89
0 650 348.643 300 89
0 650 348.729 300 89
0 650 348.823 300 89
0 650 348.923 300 89
0 650 349.012 300 89
0 650 349.097 300 89
0 650 349.193 300 89
0 650 349.293 300 89
0 650 349.383 300 89
0 650 349.473 300 89
0 650 349.555 300 89
0 650 349.659 300 89
0 650 349.76 300 89
0 650 349.84 300 89
0 650 349.925 300 89
0 650 350.018 300 89
0 650 350.12 300 89
0 650 350.216 300 89
0 650 350.299 300 89
0 650 350.388 300 89
0 650 350.469 300 89
0 650 350.555 300 89
0 650 350.645 300 89
0 650 350.739 300 89
0 650 350.823 300 89
0 650 350.911 300 89
0 650 350.989 300 89
0 650 351.066 300 89
0 650 351.153 300 89
0 650 351.24 300 89
0 650 351.328 300 89
0 650 351.412 300 89
0 650 351.495 300 89
0 650 351.582 300 89
0 650 351.669 300 89
0 650 351.761 300 89
0 650 351.861 300 89
0 650 351.95 300 89
0 650 352.048 300 89
0 650 352.136 300 89
0 650 352.266 300 89
0 650 352.354 300 89
0 650 352.442 300 89
0 650 352.513 300 89
0 650 352.595 300 89
0 650 352.687 300 89
0 650 352.77 300 89
0 650 352.856 300 89
0 650 352.942 300 89
0 650 353.021 300 89
0 650 353.1 300 89
0 650 353.175 300 89
0 650 353.253 300 89
0 650 353.339 300 89
0 650 353.419 300 89
0 650 353.5 300 89
0 650 353.583 300 89
0 650 353.664 300 89
0 650 353.748 300 89
0 650 353.837 300 89
0 650 353.927 300 89
0 650 354.012 300 89
0 650 354.1 300 89
0 650 354.185 300 89
0 650 354.269 300 89
0 650 354.356 300 89
0 650 354.444 300 89
0 650 354.525 300 89
0 650 354.606 300 89
0 650 354.698 300 89
0 650 354.79 300 89
0 650 354.874 300 89
0 650 354.955 300 89
0 650 355.037 300 89
0 650 355.123 300 89
0 650 355.212 300 89
0 650 355.293 300 89
0 650 355.376 300 89
0 650 355.457 300 89
0 650 355.544 300 89
0 650 355.625 300 89
0 650 355.708 300 89
0 650 355.794 300 89
0 650 355.874 300 89
0 650 355.96 300 89
0 650 356.044 300 89
0 650 356.138 300 89
0 650 356.222 300 89
0 650 356.285 300 89
0 650 356.339 300 89
0 650 356.397 300 89
0 650 356.459 300 89
0 650 356.523 300 89
0 650 356.586 300 89
0 650 356.645 300 89
0 650 356.706 300 89
0 650 356.773 300 89
0 650 356.836 300 89
0 650 356.896 300 89
0 650 356.952 300 89
0 650 357.015 300 89
0 650 357.077 300 89
0 650 357.138 300 89
0 650 357.198 300 89
0 650 357.259 300 89
0 650 357.32 300 89
0 650 357.384 300 89
0 650 357.434 300 89
0 650 357.493 300 89
0 650 357.552 300 89
0 650 357.617 300 89
0 650 357.674 300 89
0 650 357.737 300 89
0 650 357.797 300 89
0 650 357.853 300 89
0 650 357.914 300 89
0 650 357.972 300 89
0 650 358.032 300 89
0 650 358.096 300 89
0 650 358.155 300 89
0 650 358.214 300 89
0 650 358.302 300 89
0 650 358.352 300 89
0 650 358.413 300 89
0 650 358.471 300 89
0 650 358.529 300 89
0 650 358.59 300 89
0 650 358.647 300 89
0 650 358.706 300 89
0 650 358.767 300 89
0 650 358.834 300 89
0 650 358.889 300 89
0 650 358.95 300 89
0 650 359.011 300 89
0 650 359.068 300 89
0 650 359.126 300 89
0 650 359.185 300 89
0 650 359.247 300 89
0 650 359.308 300 89
0 650 359.364 300 89
0 650 359.426 300 89
0 650 359.487 300 89
0 650 359.546 300 89
0 650 359.602 300 89
0 650 359.656 300 89
0 650 359.72 300 89
0 650 359.784 300 89
0 650 359.85 300 89
0 650 359.913 300 89
0 650 359.976 300 89
0 650 360.042 300 89
0 650 360.104 300 89
0 650 360.167 300 89
0 650 360.223 300 89
0 650 360.288 300 89
0 650 360.339 300 89
0 650 360.412 300 89
0 650 360.473 300 89
0 650 360.535 300 89
0 650 360.6 300 89
0 650 360.664 300 89
0 650 360.722 300 89
0 650 360.786 300 89
0 650 360.848 300 89
0 650 360.91 300 89
0 650 360.988 300 89
0 650 361.048 300 89
0 650 361.105 300 89
0 650 361.165 300 89
0 650 361.21 300 89
0 650 361.274 300 89
0 650 361.332 300 89
0 650 361.393 300 89
0 650 361.458 300 89
0 650 361.521 300 89
0 650 361.575 300 89
0 650 361.631 300 89
0 650 361.69 300 89
0 650 361.746 300 89
0 650 361.812 300 89
0 650 361.876 300 89
0 650 361.941 300 89
0 650 362.006 300 89
0 650 362.067 300 89
0 650 362.127 300 89
0 650 362.191 300 89
0 650 362.252 300 89
0 650 362.311 300 89
0 650 362.366 300 89
0 650 362.424 300 89
0 650 362.494 300 89
0 650 362.549 300 89
0 650 362.609 300 89
0 650 362.673 300 89
0 650 362.739 300 89
0 650 362.799 300 89
0 650 362.861 300 89
0 650 362.922 300 89
0 650 362.982 300 89
0 650 363.068 300 89
0 650 363.13 300 89
0 650 363.194 300 89
0 650 363.254 300 89
0 650 363.331 300 89
0 650 363.401 300 89
0 650 363.484 300 89
0 650 363.565 300 89
0 650 363.625 300 89
0 650 363.691 300 89
0 650 363.741 300 89
0 650 363.802 300 89
0 650 363.86 300 89
0 650 363.925 300 89
0 650 363.988 300 89
0 650 364.055 300 89
0 650 364.114 300 89
0 650 364.177 300 89
0 650 364.235 300 89
0 650 364.297 300 89
0 650 364.364 300 89
0 650 364.427 300 89
0 650 364.492 300 89
0 650 364.558 300 89
0 650 364.628 300 89
0 650 364.695 300 89
0 650 364.757 300 89
0 650 364.817 300 89
0 650 364.886 300 89
0 650 364.98 300 89
0 650 365.075 300 89
0 650 365.157 300 89
0 650 365.243 300 89
0 650 365.327 300 89
0 650 365.417 300 89
0 650 365.505 300 89
0 650 365.597 300 89
0 650 365.687 300 89
0 650 365.774 300 89
0 650 365.863 300 89
0 650 365.956 300 89
0 650 366.041 300 89
0 650 366.135 300 89
0 650 366.22 300 89
0 650 366.309 300 89
0 650 366.397 300 89
0 650 366.488 300 89
0 650 366.57 300 89
0 650 366.661 300 89
0 650 366.738 300 89
0 650 366.826 300 89
0 650 366.915 300 89
0 650 367.002 300 89
0 650 367.092 300 89
0 650 367.168 300 89
0 650 367.251 300 89
0 650 367.335 300 89
0 650 367.426 300 89
0 650 367.51 300 89
0 650 367.6 300 89
0 650 367.692 300 89
0 650 367.787 300 89
0 650 367.88 300 89
0 650 367.973 300 89
0 650 368.061 300 89
0 650 368.153 300 89
0 650 368.245 300 89
0 650 368.34 300 89
0 650 368.428 300 89
0 650 368.515 300 89
0 650 368.608 300 89
0 650 368.7 300 89
0 650 368.779 300 89
0 650 368.861 300 89
0 650 368.943 300 89
0 650 369.035 300 89
0 650 369.129 300 89
0 650 369.218 300 89
0 650 369.301 300 89
0 650 369.388 300 89
0 650 369.472 300 89
0 650 369.557 300 89
0 650 369.645 300 89
0 650 369.73 300 89
0 650 369.817 300 89
0 650 369.912 300 89
0 650 369.99 300 89
0 650 370.068 300 89
0 650 370.157 300 89
0 650 370.237 300 89
0 650 370.322 300 89
0 650 370.416 300 89
0 650 370.498 300 89
0 650 370.593 300 89
0 650 370.684 300 89
0 650 370.761 300 89
0 650 370.856 300 89
0 650 370.939 300 89
0 650 371.034 300 89
0 650 371.124 300 89
0 650 371.205 300 89
0 650 371.292 300 89
0 650 371.38 300 89
0 650 371.467 300 89
0 650 371.556 300 89
0 650 371.637 300 89
0 650 371.713 300 89
0 650 371.804 300 89
0 650 371.89 300 89
0 650 371.999 300 89
0 650 372.089 300 89
0 650 372.185 300 89
0 650 372.269 300 89
0 650 372.359 300 89
0 650 372.45 300 89
0 650 372.539 300 89
0 650 372.621 300 89
0 650 372.706 300 89
0 650 372.788 300 89
0 650 372.878 300 89
0 650 372.964 300 89
0 650 373.051 300 89
0 650 373.139 300 89
0 650 373.229 300 89
0 650 373.318 300 89
0 650 373.406 300 89
0 650 373.507 300 89
0 650 373.589 300 89
0 650 373.675 300 89
0 650 373.76 300 89
0 650 373.847 300 89
0 650 373.933 300 89
0 650 374.019 300 89
0 650 374.11 300 89
0 650 374.2 300 89
0 650 374.29 300 89
0 650 374.389 300 89
0 650 374.466 300 89
0 650 374.556 300 89
0 650 374.645 300 89
0 650 374.732 300 89
0 650 374.82 300 89
0 650 374.915 300 89
0 650 375.003 300 89
0 650 375.094 300 89
0 650 375.186 300 89
0 650 375.278 300 89
0 650 375.365 300 89
0 650 375.453 300 89
0 650 375.535 300 89
0 650 375.627 300 89
0 650 375.717 300 89
0 650 375.81 300 89
0 650 375.903 300 89
0 650 375.994 300 89
0 650 376.088 300 89
0 650 376.175 300 89
0 650 376.263 300 89
0 650 376.343 300 89
0 650 376.434 300 89
0 650 376.529 300 89
0 650 376.616 300 89
0 650 376.711 300 89
0 650 376.794 300 89
0 650 376.885 300 89
0 650 376.973 300 89
0 650 377.072 300 89
0 650 377.157 300 89
0 650 377.236 300 89
0 650 377.334 300 89
0 650 377.431 300 89
0 650 377.528 300 89
0 650 377.618 300 89
0 650 377.717 300 89
0 650 377.806 300 89
0 650 377.9 300 89
0 650 377.993 300 89
0 650 378.084 300 89
0 650 378.178 300 89
0 650 378.267 300 89
0 650 378.368 300 89
0 650 378.464 300 89
0 650 378.557 300 89
0 650 378.645 300 89
0 650 378.739 300 89
0 650 378.838 300 89
0 650 378.929 300 89
0 650 379.024 300 89
0 650 379.117 300 89
0 650 379.208 300 89
0 650 379.307 300 89
0 650 379.402 300 89
0 650 379.482 300 89
0 650 379.571 300 89
0 650 379.664 300 89
0 650 379.753 300 89
0 650 379.844 300 89
0 650 379.923 300 89
0 650 379.981 300 89
0 650 380.046 300 89
0 650 380.113 300 89
0 650 380.177 300 89
0 650 380.239 300 89
0 650 380.299 300 89
0 650 380.361 300 89
0 650 380.431 300 89
0 650 380.492 300 89
0 650 380.553 300 89
0 650 380.616 300 89
0 650 380.678 300 89
0 650 380.741 300 89
0 650 380.804 300 89
0 650 380.867 300 89
0 650 380.931 300 89
0 650 380.996 300 89
0 650 381.061 300 89
0 650 381.121 300 89
0 650 381.181 300 89
0 650 381.248 300 89
0 650 381.312 300 89
0 650 381.373 300 89
0 650 381.442 300 89
0 650 381.506 300 89
0 650 381.565 300 89
0 650 381.63 300 89
0 650 381.691 300 89
0 650 381.758 300 89
0 650 381.812 300 89
0 650 381.871 300 89
0 650 381.949 300 89
0 650 382.02 300 89
0 650 382.075 300 89
0 650 382.137 300 89
0 650 382.2 300 89
0 650 382.255 300 89
0 650 382.32 300 89
0 650 382.383 300 89
0 650 382.449 300 89
0 650 382.511 300 89
0 650 382.579 300 89
0 650 382.639 300 89
0 650 382.702 300 89
0 650 382.757 300 89
0 650 382.813 300 89
0 650 382.864 300 89
0 650 382.923 300 89
0 650 382.989 300 89
0 650 383.054 300 89
0 650 383.125 300 89
0 650 383.189 300 89
0 650 383.255 300 89
0 650 383.319 300 89
0 650 383.386 300 89
0 650 383.445 300 89
0 650 383.51 300 89
0 650 383.573 300 89
0 650 383.641 300 89
0 650 383.701 300 89
0 650 383.76 300 89
0 650 383.82 300 89
0 650 383.884 300 89
0 650 383.949 300 89
0 650 384.013 300 89
0 650 384.074 300 89
0 650 384.144 300 89
0 650 384.209 300 89
0 650 384.271 300 89
0 650 384.337 300 89
0 650 384.4 300 89
0 650 384.469 300 89
0 650 384.531 300 89
0 650 384.598 300 89
0 650 384.668 300 89
0 650 384.728 300 89
0 650 384.785 300 89
0 650 384.847 300 89
0 650 384.913 300 89
0 650 384.976 300 89
0 650 385.036 300 89
0 650 385.098 300 89
0 650 385.163 300 89
0 650 385.229 300 89
0 650 385.294 300 89
0 650 385.354 300 89
0 650 385.418 300 89
0 650 385.478 300 89
0 650 385.533 300 89
0 650 385.597 300 89
0 650 385.665 300 89
0 650 385.731 300 89
0 650 385.788 300 89
0 650 385.85 300 89
0 650 385.916 300 89
0 650 385.981 300 89
0 650 386.047 300 89
0 650 386.103 300 89
0 650 386.167 300 89
0 650 386.237 300 89
0 650 386.299 300 89
0 650 386.365 300 89
0 650 386.429 300 89
0 650 386.497 300 89
0 650 386.565 300 89
0 650 386.632 300 89
0 650 386.692 300 89
0 650 386.764 300 89
0 650 386.822 300 89
0 650 386.883 300 89
0 650 386.951 300 89
0 650 387.011 300 89
0 650 387.077 300 89
0 650 387.143 300 89
0 650 387.202 300 89
0 650 387.27 300 89
0 650 387.338 300 89
0 650 387.399 300 89
0 650 387.466 300 89
0 650 387.528 300 89
0 650 387.59 300 89
0 650 387.657 300 89
0 650 387.715 300 89
0 650 387.78 300 89
0 650 387.853 300 89
0 650 387.921 300 89
0 650 387.987 300 89
0 650 388.053 300 89
0 650 388.117 300 89
0 650 388.181 300 89
0 650 388.243 300 89
0 650 388.324 300 89
0 650 388.401 300 89
0 650 388.468 300 89
0 650 388.539 300 89
0 650 388.604 300 89
0 650 388.668 300 89
0 650 388.727 300 89
0 650 388.79 300 89
0 650 388.854 300 89
0 650 388.926 300 89
0 650 388.989 300 89
0 650 389.052 300 89
0 650 389.119 300 89
0 650 389.181 300 89
0 650 389.24 300 89
0 650 389.304 300 89
0 650 389.366 300 89
0 650 389.44 300 89
0 650 389.509 300 89
0 650 389.575 300 89
0 650 389.638 300 89
0 650 389.7 300 89
0 650 389.765 300 89
0 650 389.825 300 89
0 650 389.895 300 89
0 650 389.958 300 89
0 650 390.022 300 89
0 650 390.083 300 89
0 650 390.17 300 89
0 650 390.265 300 89
0 650 390.347 300 89
0 650 390.428 300 89
0 650 390.524 300 89
0 650 390.606 300 89
0 650 390.706 300 89
0 650 390.799 300 89
0 650 390.887 300 89
0 650 390.975 300 89
0 650 391.068 300 89
0 650 391.162 300 89
0 650 391.244 300 89
0 650 391.33 300 89
0 650 391.431 300 89
0 650 391.53 300 89
0 650 391.624 300 89
0 650 391.713 300 89
0 650 391.809 300 89
0 650 391.895 300 89
0 650 391.982 300 89
0 650 392.067 300 89
0 650 392.152 300 89
0 650 392.24 300 89
0 650 392.335 300 89
0 650 392.418 300 89
0 650 392.501 300 89
0 650 392.584 300 89
0 650 392.672 300 89
0 650 392.755 300 89
0 650 392.851 300 89
0 650 392.951 300 89
0 650 393.036 300 89
0 650 393.12 300 89
0 650 393.213 300 89
0 650 393.323 300 89
0 650 393.427 300 89
0 650 393.522 300 89
0 650 393.613 300 89
0 650 393.706 300 89
0 650 393.8 300 89
0 650 393.886 300 89
0 650 393.973 300 89
0 650 394.06 300 89
0 650 394.154 300 89
0 650 394.234 300 89
0 650 394.319 300 89
0 650 394.405 300 89
0 650 394.491 300 89
0 650 394.571 300 89
0 650 394.66 300 89
0 650 394.74 300 89
0 650 394.833 300 89
0 650 394.92 300 89
0 650 395.01 300 89
0 650 395.108 300 89
0 650 395.206 300 89
0 650 395.312 300 89
0 650 395.408 300 89
0 650 395.498 300 89
0 650 395.588 300 89
0 650 395.679 300 89
0 650 395.762 300 89
0 650 395.847 300 89
0 650 395.936 300 89
0 650 396.017 300 89
0 650 396.108 300 89
0 650 396.173 300 89
0 650 396.263 300 89
0 650 396.355 300 89
0 650 396.449 300 89
0 650 396.544 300 89
0 650 396.64 300 89
0 650 396.736 300 89
0 650 396.837 300 89
0 650 396.932 300 89
0 650 397.037 300 89
0 650 397.136 300 89
0 650 397.252 300 89
0 650 397.37 300 89
0 650 397.468 300 89
0 650 397.557 300 89
0 650 397.653 300 89
0 650 397.752 300 89
0 650 397.848 300 89
0 650 397.942 300 89
0 650 398.036 300 89
0 650 398.135 300 89
0 650 398.233 300 89
0 650 398.328 300 89
0 650 398.424 300 89
0 650 398.521 300 89
0 650 398.626 300 89
0 650 398.72 300 89
0 650 398.819 300 89
0 650 398.911 300 89
0 650 399.006 300 89
0 650 399.106 300 89
0 650 399.205 300 89
0 650 399.296 300 89
0 650 399.392 300 89
0 650 399.484 300 89
0 650 399.613 300 89
0 650 399.704 300 89
0 650 399.803 300 89
0 650 399.898 300 89
0 650 399.973 300 89
0 650 400.069 300 89
0 650 400.165 300 89
0 650 400.269 300 89
0 650 400.36 300 89
0 650 400.443 300 89
0 650 400.531 300 89
0 650 400.63 300 89
0 650 400.727 300 89
0 650 400.834 300 89
0 650 400.925 300 89
0 650 401.025 300 89
0 650 401.131 300 89
0 650 401.232 300 89
0 650 401.324 300 89
0 650 401.417 300 89
0 650 401.513 300 89
0 650 401.606 300 89
0 650 401.696 300 89
0 650 401.796 300 89
0 650 401.877 300 89
0 650 401.964 300 89
0 650 402.058 300 89
0 650 402.14 300 89
0 650 402.225 300 89
0 650 402.304 300 89
0 650 402.397 300 89
0 650 402.494 300 89
0 650 402.585 300 89
0 650 402.679 300 89
0 650 402.772 300 89
0 650 402.852 300 89
0 650 402.947 300 89
0 650 403.041 300 89
0 650 403.143 300 89
0 650 403.227 300 89
0 650 403.318 300 89
0 650 403.408 300 89
0 650 403.502 300 89
0 650 403.597 300 89
0 650 403.688 300 89
0 650 403.772 300 89
0 650 403.865 300 89
0 650 403.955 300 89
0 650 404.045 300 89
0 650 404.139 300 89
0 650 404.233 300 89
0 650 404.307 300 89
0 650 404.386 300 89
0 650 404.472 300 89
0 650 404.554 300 89
0 650 404.647 300 89
0 650 404.742 300 89
0 650 404.832 300 89
0 650 404.92 300 89
0 650 405.01 300 89
0 650 405.103 300 89
0 650 405.203 300 89
0 650 405.294 300 89
0 650 405.38 300 89
0 650 405.462 300 89
0 650 405.552 300 89
0 650 405.644 300 89
0 650 405.739 300 89
0 650 405.821 300 89
0 650 405.918 300 89
0 650 406.018 300 89
0 650 406.1 300 89
0 650 406.19 300 89
0 650 406.279 300 89
0 650 406.368 300 89
0 650 406.459 300 89
0 650 406.552 300 89
0 650 406.641 300 89
0 650 406.749 300 89
0 650 406.84 300 89
0 650 406.938 300 89
0 650 407.04 300 89
0 650 407.132 300 89
0 650 407.216 300 89
0 650 407.309 300 89
0 650 407.397 300 89
0 650 407.494 300 89
0 650 407.59 300 89
0 650 407.685 300 89
0 650 407.779 300 89
0 650 407.875 300 89
0 650 407.96 300 89
0 650 408.048 300 89
0 650 408.139 300 89
0 650 408.24 300 89
0 650 408.33 300 89
0 650 408.423 300 89
0 650 408.517 300 89
0 650 408.611 300 89
0 650 408.703 300 89
0 650 408.794 300 89
0 650 408.889 300 89
0 650 408.982 300 89
0 650 409.069 300 89
0 650 409.162 300 89
0 650 409.254 300 89
0 650 409.346 300 89
0 650 409.443 300 89
0 650 409.543 300 89
0 650 409.637 300 89
0 650 409.738 300 89
0 650 409.832 300 89
0 650 409.919 300 89
0 650 410.005 300 89
0 650 410.099 300 89
0 650 410.185 300 89
0 650 410.255 300 89
0 650 410.317 300 89
0 650 410.384 300 89
0 650 410.443 300 89
0 650 410.51 300 89
0 650 410.573 300 89
0 650 410.641 300 89
0 650 410.706 300 89
0 650 410.772 300 89
0 650 410.834 300 89
0 650 410.898 300 89
0 650 410.965 300 89
0 650 411.032 300 89
0 650 411.093 300 89
0 650 411.15 300 89
0 650 411.212 300 89
0 650 411.289 300 89
0 650 411.383 300 89
0 650 411.467 300 89
0 650 411.559 300 89
0 650 411.653 300 89
0 650 411.746 300 89
0 650 411.837 300 89
0 650 411.925 300 89
0 650 412.021 300 89
0 650 412.115 300 89
0 650 412.211 300 89
0 650 412.299 300 89
0 650 412.406 300 89
0 650 412.492 300 89
0 650 412.593 300 89
0 650 412.684 300 89
0 650 412.78 300 89
0 650 412.867 300 89
0 650 412.949 300 89
0 650 413.039 300 89
0 650 413.134 300 89
0 650 413.226 300 89
0 650 413.312 300 89
0 650 413.398 300 89
0 650 413.49 300 89
0 650 413.579 300 89
0 650 413.669 300 89
0 650 413.763 300 89
0 650 413.827 300 89
0 650 413.906 300 89
0 650 414.007 300 89
0 650 414.094 300 89
0 650 414.181 300 89
0 650 414.271 300 89
0 650 414.367 300 89
0 650 414.46 300 89
0 650 414.55 300 89
0 650 414.645 300 89
0 650 414.734 300 89
0 650 414.818 300 89
0 650 414.914 300 89
0 650 414.997 300 89
0 650 415.086 300 89
0 650 415.173 300 89
0 650 415.259 300 89
0 650 415.347 300 89
0 650 415.435 300 89
0 650 415.522 300 89
0 650 415.612 300 89
0 650 415.719 300 89
0 650 415.826 300 89
0 650 415.908 300 89
0 650 415.997 300 89
0 650 416.096 300 89
0 650 416.187 300 89
0 650 416.281 300 89
0 650 416.367 300 89
0 650 416.455 300 89
0 650 416.545 300 89
0 650 416.632 300 89
0 650 416.724 300 89
0 650 416.812 300 89
0 650 416.903 300 89
0 650 416.99 300 89
0 650 417.071 300 89
0 650 417.155 300 89
0 650 417.245 300 89
0 650 417.329 300 89
0 650 417.412 300 89
0 650 417.497 300 89
0 650 417.585 300 89
0 650 417.672 300 89
0 650 417.766 300 89
0 650 417.85 300 89
0 650 417.932 300 89
0 650 418.029 300 89
0 650 418.089 300 89
0 650 418.149 300 89
0 650 418.212 300 89
0 650 418.27 300 89
0 650 418.323 300 89
0 650 418.379 300 89
0 650 418.435 300 89
0 650 418.492 300 89
0 650 418.555 300 89
0 650 418.609 300 89
0 650 418.668 300 89
0 650 418.726 300 89
0 650 418.766 300 89
0 650 418.83 300 89
0 650 418.887 300 89
0 650 418.953 300 89
0 650 419.039 300 89
0 650 419.128 300 89
0 650 419.214 300 89
0 650 419.307 300 89
0 650 419.391 300 89
0 650 419.473 300 89
0 650 419.556 300 89
0 650 419.641 300 89
0 650 419.735 300 89
0 650 419.823 300 89
0 650 419.905 300 89
0 650 419.99 300 89
0 650 420.065 300 89
0 650 420.128 300 89
0 650 420.195 300 89
0 650 420.257 300 89
0 650 420.317 300 89
0 650 420.375 300 89
0 650 420.431 300 89
0 650 420.491 300 89
0 650 420.555 300 89
0 650 420.636 300 89
0 650 420.703 300 89
0 650 420.766 300 89
0 650 420.82 300 89
0 650 420.88 300 89
0 650 420.944 300 89
0 650 421.006 300 89
0 650 421.066 300 89
0 650 421.121 300 89
0 650 421.176 300 89
0 650 421.239 300 89
0 650 421.294 300 89
0 650 421.351 300 89
0 650 421.41 300 89
0 650 421.469 300 89
0 650 421.529 300 89
0 650 421.59 300 89
0 650 421.651 300 89
0 650 421.71 300 89
0 650 421.769 300 89
0 650 421.833 300 89
0 650 421.895 300 89
0 650 421.957 300 89
0 650 422.014 300 89
0 650 422.075 300 89
0 650 422.14 300 89
0 650 422.203 300 89
0 650 422.266 300 89
0 650 422.326 300 89
0 650 422.39 300 89
0 650 422.449 300 89
0 650 422.509 300 89
0 650 422.571 300 89
0 650 422.627 300 89
0 650 422.688 300 89
0 650 422.747 300 89
0 650 422.808 300 89
0 650 422.869 300 89
0 650 422.933 300 89
0 650 422.993 300 89
0 650 423.051 300 89
0 650 423.115 300 89
0 650 423.182 300 89
0 650 423.244 300 89
0 650 423.305 300 89
0 650 423.375 300 89
0 650 423.48 300 89
0 650 423.567 300 89
0 650 423.658 300 89
0 650 423.738 300 89
0 650 423.817 300 89
0 650 423.903 300 89
0 650 423.988 300 89
0 650 424.074 300 89
0 650 424.188 300 89
0 650 424.283 300 89
0 650 424.37 300 89
0 650 424.447 300 89
0 650 424.529 300 89
0 650 424.615 300 89
0 650 424.691 300 89
0 650 424.784 300 89
0 650 424.864 300 89
0 650 424.947 300 89
0 650 425.029 300 89
0 650 425.115 300 89
0 650 425.198 300 89
0 650 425.29 300 89
0 650 425.372 300 89
0 650 425.464 300 89
0 650 425.563 300 89
0 650 425.654 300 89
0 650 425.735 300 89
0 650 425.821 300 89
0 650 425.902 300 89
0 650 425.991 300 89
0 650 426.08 300 89
0 650 426.159 300 89
0 650 426.249 300 89
0 650 426.33 300 89
0 650 426.416 300 89
0 650 426.506 300 89
0 650 426.589 300 89
0 650 426.678 300 89
0 650 426.753 300 89
0 650 426.841 300 89
0 650 426.934 300 89
0 650 427.024 300 89
0 650 427.112 300 89
0 650 427.204 300 89
0 650 427.296 300 89
0 650 427.39 300 89
0 650 427.497 300 89
0 650 427.6 300 89
0 650 427.691 300 89
0 650 427.821 300 89
0 650 427.919 300 89
0 650 428.028 300 89
0 650 428.099 300 89
0 650 428.158 300 89
0 650 428.221 300 89
0 650 428.283 300 89
0 650 428.345 300 89
0 650 428.411 300 89
0 650 428.475 300 89
0 650 428.565 300 89
0 650 428.63 300 89
0 650 428.694 300 89
0 650 428.752 300 89
0 650 428.815 300 89
0 650 428.874 300 89
0 650 428.932 300 89
0 650 428.995 300 89
0 650 429.056 300 89
0 650 429.121 300 89
0 650 429.185 300 89
0 650 429.255 300 89
0 650 429.314 300 89
0 650 429.381 300 89
0 650 429.446 300 89
0 650 429.508 300 89
0 650 429.567 300 89
0 650 429.63 300 89
0 650 429.693 300 89
0 650 429.766 300 89
0 650 429.832 300 89
0 650 429.898 300 89
0 650 429.959 300 89
0 650 430.017 300 89
0 650 430.08 300 89
0 650 430.146 300 89
0 650 430.202 300 89
0 650 430.257 300 89
0 650 430.324 300 89
0 650 430.391 300 89
0 650 430.455 300 89
0 650 430.541 300 89
0 650 430.627 300 89
0 650 430.72 300 89
0 650 430.812 300 89
0 650 430.879 300 89
0 650 430.935 300 89
0 650 430.993 300 89
0 650 431.054 300 89
0 650 431.121 300 89
0 650 431.215 300 89
0 650 431.304 300 89
0 650 431.376 300 89
0 650 431.432 300 89
0 650 431.495 300 89
0 650 431.551 300 89
0 650 431.614 300 89
0 650 431.673 300 89
0 650 431.731 300 89
0 650 431.792 300 89
0 650 431.857 300 89
0 650 431.929 300 89
0 650 431.989 300 89
0 650 432.052 300 89
0 650 432.11 300 89
0 650 432.172 300 89
0 650 432.234 300 89
0 650 432.296 300 89
0 650 432.36 300 89
0 650 432.432 300 89
0 650 432.492 300 89
0 650 432.551 300 89
0 650 432.613 300 89
0 650 432.689 300 89
0 650 432.779 300 89
0 650 432.869 300 89
0 650 432.954 300 89
0 650 433.036 300 89
0 650 433.12 300 89
0 650 433.212 300 89
0 650 433.29 300 89
0 650 433.385 300 89
0 650 433.483 300 89
0 650 433.571 300 89
0 650 433.664 300 89
0 650 433.753 300 89
0 650 433.846 300 89
0 650 433.933 300 89
0 650 434.024 300 89
0 650 434.11 300 89
0 650 434.193 300 89
0 650 434.282 300 89
0 650 434.365 300 89
0 650 434.452 300 89
0 650 434.538 300 89
0 650 434.629 300 89
0 650 434.719 300 89
0 650 434.807 300 89
0 650 434.898 300 89
0 650 434.987 300 89
0 650 435.076 300 89
0 650 435.163 300 89
0 650 435.258 300 89
0 650 435.354 300 89
0 650 435.446 300 89
0 650 435.537 300 89
0 650 435.63 300 89
0 650 435.721 300 89
0 650 435.813 300 89
0 650 435.9 300 89
0 650 435.99 300 89
0 650 436.079 300 89
0 650 436.173 300 89
0 650 436.267 300 89
0 650 436.379 300 89
0 650 436.466 300 89
0 650 436.551 300 89
0 650 436.633 300 89
0 650 436.722 300 89
0 650 436.805 300 89
0 650 436.898 300 89
0 650 436.987 300 89
0 650 437.076 300 89
0 650 437.156 300 89
0 650 437.243 300 89
0 650 437.336 300 89
0 650 437.426 300 89
0 650 437.516 300 89
0 650 437.61 300 89
0 650 437.72 300 89
0 650 437.782 300 89
0 650 437.873 300 89
0 650 437.952 300 89
0 650 438.048 300 89
0 650 438.134 300 89
0 650 438.224 300 89
0 650 438.316 300 89
0 650 438.403 300 89
0 650 438.493 300 89
0 650 438.583 300 89
0 650 438.693 300 89
0 650 438.775 300 89
0 650 438.862 300 89
0 650 438.951 300 89
0 650 439.039 300 89
0 650 439.128 300 89
0 650 439.212 300 89
0 650 439.297 300 89
0 650 439.387 300 89
0 650 439.474 300 89
0 650 439.558 300 89
0 650 439.639 300 89
0 650 439.733 300 89
0 650 439.827 300 89
0 650 439.916 300 89
0 650 440.003 300 89
0 650 440.092 300 89
0 650 440.185 300 89
0 650 440.277 300 89
0 650 440.363 300 89
0 650 440.451 300 89
0 650 440.54 300 89
0 650 440.623 300 89
0 650 440.713 300 89
0 650 440.793 300 89
0 650 440.881 300 89
0 650 440.944 300 89
0 650 441.003 300 89
0 650 441.069 300 89
0 650 441.131 300 89
0 650 441.196 300 89
0 650 441.259 300 89
0 650 441.321 300 89
0 650 441.376 300 89
0 650 441.43 300 89
0 650 441.491 300 89
0 650 441.552 300 89
0 650 441.633 300 89
0 650 441.721 300 89
0 650 441.817 300 89
0 650 441.909 300 89
0 650 441.997 300 89
0 650 442.093 300 89
0 650 442.184 300 89
0 650 442.275 300 89
0 650 442.37 300 89
0 650 442.458 300 89
0 650 442.547 300 89
0 650 442.637 300 89
0 650 442.727 300 89
0 650 442.821 300 89
0 650 442.916 300 89
0 650 443.009 300 89
0 650 443.12 300 89
0 650 443.217 300 89
0 650 443.302 300 89
0 650 443.379 300 89
0 650 443.466 300 89
0 650 443.546 300 89
0 650 443.632 300 89
0 650 443.718 300 89
0 650 443.811 300 89
0 650 443.892 300 89
0 650 443.989 300 89
0 650 444.081 300 89
0 650 444.167 300 89
0 650 444.256 300 89
0 650 444.345 300 89
0 650 444.428 300 89
0 650 444.516 300 89
0 650 444.606 300 89
0 650 444.698 300 89
0 650 444.805 300 89
0 650 444.904 300 89
0 650 445.015 300 89
0 650 445.108 300 89
0 650 445.204 300 89
0 650 445.295 300 89
0 650 445.379 300 89
0 650 445.471 300 89
0 650 445.56 300 89
0 650 445.656 300 89
0 650 445.743 300 89
0 650 445.826 300 89
0 650 445.91 300 89
0 650 445.999 300 89
0 650 446.094 300 89
0 650 446.178 300 89
0 650 446.267 300 89
0 650 446.346 300 89
0 650 446.423 300 89
0 650 446.514 300 89
0 650 446.6 300 89
0 650 446.682 300 89
0 650 446.773 300 89
0 650 446.879 300 89
0 650 446.98 300 89
0 650 447.084 300 89
0 650 447.196 300 89
0 650 447.282 300 89
0 650 447.376 300 89
0 650 447.462 300 89
0 650 447.548 300 89
0 650 447.64 300 89
0 650 447.767 300 89
0 650 447.864 300 89
0 650 447.954 300 89
0 650 448.045 300 89
0 650 448.134 300 89
0 650 448.223 300 89
0 650 448.317 300 89
0 650 448.407 300 89
0 650 448.507 300 89
0 650 448.605 300 89
0 650 448.693 300 89
0 650 448.79 300 89
0 650 448.892 300 89
0 650 448.983 300 89
0 650 449.069 300 89
0 650 449.164 300 89
0 650 449.259 300 89
0 650 449.347 300 89
0 650 449.442 300 89
0 650 449.533 300 89
0 650 449.629 300 89
0 650 449.728 300 89
0 650 449.823 300 89
0 650 449.911 300 89
0 650 450.007 300 89
0 650 450.096 300 89
0 650 450.173 300 89
0 650 450.238 300 89
0 650 450.296 300 89
0 650 450.358 300 89
0 650 450.436 300 89
0 650 450.518 300 89
0 650 450.607 300 89
0 650 450.711 300 89
0 650 450.8 300 89
0 650 450.885 300 89
0 650 450.969 300 89
0 650 451.052 300 89
0 650 451.146 300 89
0 650 451.241 300 89
0 650 451.334 300 89
0 650 451.426 300 89
0 650 451.518 300 89
0 650 451.609 300 89
0 650 451.71 300 89
0 650 451.834 300 89
0 650 451.937 300 89
0 650 452.045 300 89
0 650 452.146 300 89
0 650 452.239 300 89
0 650 452.337 300 89
0 650 452.437 300 89
0 650 452.521 300 89
0 650 452.601 300 89
0 650 452.694 300 89
0 650 452.779 300 89
0 650 452.867 300 89
0 650 452.954 300 89
0 650 453.048 300 89
0 650 453.151 300 89
0 650 453.251 300 89
0 650 453.341 300 89
0 650 453.431 300 89
0 650 453.529 300 89
0 650 453.624 300 89
0 650 453.723 300 89
0 650 453.816 300 89
0 650 453.92 300 89
0 650 454.008 300 89
0 650 454.092 300 89
0 650 454.186 300 89
0 650 454.276 300 89
0 650 454.389 300 89
0 650 454.508 300 89
0 650 454.628 300 89
0 650 454.734 300 89
0 650 454.83 300 89
0 650 454.928 300 89
0 650 455.022 300 89
0 650 455.122 300 89
0 650 455.225 300 89
0 650 455.318 300 89
0 650 455.411 300 89
0 650 455.51 300 89
0 650 455.643 300 89
0 650 455.742 300 89
0 650 455.83 300 89
0 650 455.904 300 89
0 650 455.995 300 89
0 650 456.086 300 89
0 650 456.179 300 89
0 650 456.272 300 89
0 650 456.36 300 89
0 650 456.449 300 89
0 650 456.543 300 89
0 650 456.633 300 89
0 650 456.717 300 89
0 650 456.803 300 89
0 650 456.894 300 89
0 650 456.981 300 89
0 650 457.076 300 89
0 650 457.168 300 89
0 650 457.276 300 89
0 650 457.386 300 89
0 650 457.482 300 89
0 650 457.575 300 89
0 650 457.674 300 89
0 650 457.773 300 89
0 650 457.866 300 89
0 650 457.949 300 89
0 650 458.037 300 89
0 650 458.123 300 89
0 650 458.219 300 89
0 650 458.346 300 89
0 650 458.443 300 89
0 650 458.554 300 89
0 650 458.657 300 89
0 650 458.745 300 89
0 650 458.838 300 89
0 650 458.928 300 89
0 650 459.01 300 89
0 650 459.108 300 89
0 650 459.209 300 89
0 650 459.297 300 89
0 650 459.388 300 89
0 650 459.47 300 89
0 650 459.569 300 89
0 650 459.656 300 89
0 650 459.749 300 89
0 650 459.834 300 89
0 650 459.932 300 89
0 650 460.018 300 89
0 650 460.101 300 89
0 650 460.192 300 89
0 650 460.296 300 89
0 650 460.387 300 89
0 650 460.459 300 89
0 650 460.547 300 89
0 650 460.648 300 89
0 650 460.741 300 89
0 650 460.846 300 89
0 650 460.947 300 89
0 650 461.06 300 89
0 650 461.158 300 89
0 650 461.251 300 89
0 650 461.337 300 89
0 650 461.43 300 89
0 650 461.537 300 89
0 650 461.629 300 89
0 650 461.719 300 89
0 650 461.824 300 89
0 650 461.951 300 89
0 650 462.06 300 89
0 650 462.175 300 89
0 650 462.308 300 89
0 650 462.416 300 89
0 650 462.512 300 89
0 650 462.611 300 89
0 650 462.705 300 89
0 650 462.8 300 89
0 650 462.9 300 89
0 650 463 300 89
0 650 463.074 300 89
0 650 463.163 300 89
0 650 463.259 300 89
0 650 463.344 300 89
0 650 463.401 300 89
0 650 463.499 300 89
0 650 463.577 300 89
0 650 463.671 300 89
0 650 463.761 300 89
0 650 463.847 300 89
0 650 463.934 300 89
0 650 464.047 300 89
0 650 464.169 300 89
0 650 464.307 300 89
0 650 464.427 300 89
0 650 464.532 300 89
0 650 464.645 300 89
0 650 464.773 300 89
0 650 464.847 300 89
0 650 464.911 300 89
0 650 464.991 300 89
0 650 465.064 300 89
0 650 465.167 300 89
0 650 465.263 300 89
0 650 465.361 300 89
0 650 465.469 300 89
0 650 465.56 300 89
0 650 465.651 300 89
0 650 465.742 300 89
0 650 465.843 300 89
0 650 465.936 300 89
0 650 466.035 300 89
0 650 466.134 300 89
0 650 466.24 300 89
0 650 466.346 300 89
0 650 466.441 300 89
0 650 466.53 300 89
0 650 466.622 300 89
0 650 466.735 300 89
0 650 466.837 300 89
0 650 466.938 300 89
0 650 467.029 300 89
0 650 467.118 300 89
0 650 467.232 300 89
0 650 467.338 300 89
0 650 467.432 300 89
0 650 467.532 300 89
0 650 467.653 300 89
0 650 467.779 300 89
0 650 467.899 300 89
0 650 468.006 300 89
0 650 468.106 300 89
0 650 468.228 300 89
0 650 468.363 300 89
0 650 468.476 300 89
0 650 468.577 300 89
0 650 468.677 300 89
0 650 468.791 300 89
0 650 468.898 300 89
0 650 469.012 300 89
0 650 469.108 300 89
0 650 469.208 300 89
0 650 469.317 300 89
0 650 469.427 300 89
0 650 469.547 300 89
0 650 469.656 300 89
0 650 469.744 300 89
0 650 469.838 300 89
0 650 469.93 300 89
0 650 470.024 300 89
0 650 470.107 300 89
0 650 470.206 300 89
0 650 470.304 300 89
0 650 470.387 300 89
0 650 470.483 300 89
0 650 470.578 300 89
0 650 470.675 300 89
0 650 470.769 300 89
0 650 470.859 300 89
0 650 470.953 300 89
0 650 471.041 300 89
0 650 471.135 300 89
0 650 471.218 300 89
0 650 471.305 300 89
0 650 471.416 300 89
0 650 471.532 300 89
0 650 471.669 300 89
0 650 471.797 300 89
0 650 471.924 300 89
0 650 472.036 300 89
0 650 472.106 300 89
0 650 472.166 300 89
0 650 472.23 300 89
0 650 472.292 300 89
0 650 472.352 300 89
0 650 472.414 300 89
0 650 472.477 300 89
0 650 472.565 300 89
0 650 472.66 300 89
0 650 472.752 300 89
0 650 472.837 300 89
0 650 472.926 300 89
0 650 473.024 300 89
0 650 473.116 300 89
0 650 473.204 300 89
0 650 473.298 300 89
0 650 473.392 300 89
0 650 473.483 300 89
0 650 473.576 300 89
0 650 473.671 300 89
0 650 473.759 300 89
0 650 473.862 300 89
0 650 473.961 300 89
0 650 474.051 300 89
0 650 474.148 300 89
0 650 474.25 300 89
0 650 474.36 300 89
0 650 474.455 300 89
0 650 474.548 300 89
0 650 474.644 300 89
0 650 474.734 300 89
0 650 474.825 300 89
0 650 474.92 300 89
0 650 475.01 300 89
0 650 475.098 300 89
0 650 475.2 300 89
0 650 475.286 300 89
0 650 475.376 300 89
0 650 475.441 300 89
0 650 475.511 300 89
0 650 475.599 300 89
0 650 475.688 300 89
0 650 475.784 300 89
0 650 475.875 300 89
0 650 475.969 300 89
0 650 476.068 300 89
0 650 476.164 300 89
0 650 476.272 300 89
0 650 476.407 300 89
0 650 476.549 300 89
0 650 476.661 300 89
0 650 476.772 300 89
0 650 476.881 300 89
0 650 476.989 300 89
0 650 477.073 300 89
0 650 477.163 300 89
0 650 477.243 300 89
0 650 477.328 300 89
0 650 477.419 300 89
0 650 477.512 300 89
0 650 477.592 300 89
0 650 477.672 300 89
0 650 477.759 300 89
0 650 477.847 300 89
0 650 477.938 300 89
0 650 478.026 300 89
0 650 478.121 300 89
0 650 478.211 300 89
0 650 478.301 300 89
0 650 478.379 300 89
0 650 478.469 300 89
0 650 478.557 300 89
0 650 478.646 300 89
0 650 478.736 300 89
0 650 478.82 300 89
0 650 478.925 300 89
0 650 479.011 300 89
0 650 479.101 300 89
0 650 479.191 300 89
0 650 479.279 300 89
0 650 479.368 300 89
0 650 479.454 300 89
0 650 479.55 300 89
0 650 479.636 300 89
0 650 479.732 300 89
0 650 479.822 300 89
0 650 479.91 300 89
0 650 479.986 300 89
0 650 480.072 300 89
0 650 480.167 300 89
0 650 480.255 300 89
0 650 480.346 300 89
0 650 480.441 300 89
0 650 480.532 300 89
0 650 480.623 300 89
0 650 480.71 300 89
0 650 480.797 300 89
0 650 480.887 300 89
0 650 480.976 300 89
0 650 481.065 300 89
0 650 481.156 300 89
0 650 481.24 300 89
0 650 481.337 300 89
0 650 481.422 300 89
0 650 481.51 300 89
0 650 481.597 300 89
0 650 481.685 300 89
0 650 481.775 300 89
0 650 481.857 300 89
0 650 481.947 300 89
0 650 482.042 300 89
0 650 482.127 300 89
0 650 482.21 300 89
0 650 482.302 300 89
0 650 482.385 300 89
0 650 482.472 300 89
0 650 482.56 300 89
0 650 482.639 300 89
0 650 482.736 300 89
0 650 482.837 300 89
0 650 482.934 300 89
0 650 483.017 300 89
0 650 483.109 300 89
0 650 483.205 300 89
0 650 483.291 300 89
0 650 483.384 300 89
0 650 483.477 300 89
0 650 483.573 300 89
0 650 483.67 300 89
0 650 483.753 300 89
0 650 483.847 300 89
0 650 483.939 300 89
0 650 484.024 300 89
0 650 484.12 300 89
0 650 484.207 300 89
0 650 484.294 300 89
0 650 484.384 300 89
0 650 484.477 300 89
0 650 484.565 300 89
0 650 484.66 300 89
0 650 484.756 300 89
0 650 484.839 300 89
0 650 484.932 300 89
0 650 485.018 300 89
0 650 485.108 300 89
0 650 485.2 300 89
0 650 485.288 300 89
0 650 485.376 300 89
0 650 485.458 300 89
0 650 485.549 300 89
0 650 485.642 300 89
0 650 485.727 300 89
0 650 485.811 300 89
0 650 485.905 300 89
0 650 485.999 300 89
0 650 486.083 300 89
0 650 486.174 300 89
0 650 486.262 300 89
0 650 486.354 300 89
0 650 486.434 300 89
0 650 486.517 300 89
0 650 486.608 300 89
0 650 486.699 300 89
0 650 486.784 300 89
0 650 486.874 300 89
0 650 486.968 300 89
0 650 487.061 300 89
0 650 487.145 300 89
0 650 487.232 300 89
0 650 487.325 300 89
0 650 487.414 300 89
0 650 487.506 300 89
0 650 487.596 300 89
0 650 487.685 300 89
0 650 487.777 300 89
0 650 487.866 300 89
0 650 487.959 300 89
0 650 488.048 300 89
0 650 488.136 300 89
0 650 488.231 300 89
0 650 488.314 300 89
0 650 488.401 300 89
0 650 488.485 300 89
0 650 488.571 300 89
0 650 488.658 300 89
0 650 488.754 300 89
0 650 488.842 300 89
0 650 488.927 300 89
0 650 489.01 300 89
0 650 489.1 300 89
0 650 489.194 300 89
0 650 489.277 300 89
0 650 489.362 300 89
0 650 489.45 300 89
0 650 489.534 300 89
0 650 489.621 300 89
0 650 489.695 300 89
0 650 489.788 300 89
0 650 489.878 300 89
0 650 489.965 300 89
0 650 490.054 300 89
0 650 490.146 300 89
0 650 490.236 300 89
0 650 490.323 300 89
0 650 490.413 300 89
0 650 490.507 300 89
0 650 490.586 300 89
0 650 490.693 300 89
0 650 490.788 300 89
0 650 490.875 300 89
0 650 490.962 300 89
0 650 491.051 300 89
0 650 491.14 300 89
0 650 491.229 300 89
0 650 491.315 300 89
0 650 491.402 300 89
0 650 491.492 300 89
0 650 491.571 300 89
0 650 491.656 300 89
0 650 491.762 300 89
0 650 491.884 300 89
0 650 491.989 300 89
0 650 492.101 300 89
0 650 492.21 300 89
0 650 492.329 300 89
0 650 492.45 300 89
0 650 492.56 300 89
0 650 492.668 300 89
0 650 492.785 300 89
0 650 492.888 300 89
0 650 492.991 300 89
0 650 493.103 300 89
0 650 493.223 300 89
0 650 493.335 300 89
0 650 493.445 300 89
0 650 493.564 300 89
0 650 493.68 300 89
0 650 493.784 300 89
0 650 493.9 300 89
0 650 494.022 300 89
0 650 494.131 300 89
0 650 494.239 300 89
0 650 494.347 300 89
0 650 494.456 300 89
0 650 494.569 300 89
0 650 494.682 300 89
0 650 494.79 300 89
0 650 494.905 300 89
0 650 495.015 300 89
0 650 495.131 300 89
0 650 495.243 300 89
0 650 495.352 300 89
0 650 495.464 300 89
0 650 495.564 300 89
0 650 495.678 300 89
0 650 495.795 300 89
0 650 495.9 300 89
0 650 496.017 300 89
0 650 496.129 300 89
0 650 496.247 300 89
0 650 496.369 300 89
0 650 496.479 300 89
0 650 496.581 300 89
0 650 496.692 300 89
0 650 496.812 300 89
0 650 496.918 300 89
0 650 497.025 300 89
0 650 497.137 300 89
0 650 497.25 300 89
0 650 497.374 300 89
0 650 497.483 300 89
0 650 497.583 300 89
0 650 497.69 300 89
0 650 497.795 300 89
0 650 497.907 300 89
0 650 498.013 300 89
0 650 498.141 300 89
0 650 498.254 300 89
0 650 498.371 300 89
0 650 498.487 300 89
0 650 498.596 300 89
0 650 498.714 300 89
0 650 498.822 300 89
0 650 498.931 300 89
0 650 499.045 300 89
0 650 499.156 300 89
0 650 499.223 300 89
0 650 499.336 300 89
0 650 499.451 300 89
0 650 499.564 300 89
0 650 499.67 300 89
0 650 499.782 300 89
0 650 499.885 300 89
0 650 499.992 300 89
0 650 500.105 300 89
0 650 500.215 300 89
0 650 500.327 300 89
0 650 500.447 300 89
0 650 500.554 300 89
0 650 500.664 300 89
0 650 500.762 300 89
0 650 500.88 300 89
0 650 500.987 300 89
0 650 501.097 300 89
0 650 501.209 300 89
0 650 501.315 300 89
0 650 501.425 300 89
0 650 501.522 300 89
0 650 501.634 300 89
0 650 501.751 300 89
0 650 501.864 300 89
0 650 501.975 300 89
0 650 502.09 300 89
0 650 502.203 300 89
0 650 502.314 300 89
0 650 502.43 300 89
0 650 502.542 300 89
0 650 502.656 300 89
0 650 502.764 300 89
0 650 502.881 300 89
0 650 502.994 300 89
0 650 503.114 300 89
0 650 503.226 300 89
0 650 503.34 300 89
0 650 503.456 300 89
0 650 503.564 300 89
0 650 503.679 300 89
0 650 503.793 300 89
0 650 503.907 300 89
0 650 504.022 300 89
0 650 504.133 300 89
0 650 504.251 300 89
0 650 504.373 300 89
0 650 504.507 300 89
0 650 504.623 300 89
0 650 504.745 300 89
0 650 504.868 300 89
0 650 504.983 300 89
0 650 505.096 300 89
0 650 505.216 300 89
0 650 505.334 300 89
0 650 505.452 300 89
0 650 505.572 300 89
0 650 505.692 300 89
0 650 505.807 300 89
0 650 505.917 300 89
0 650 506.025 300 89
0 650 506.137 300 89
0 650 506.253 300 89
0 650 506.365 300 89
0 650 506.49 300 89
0 650 506.611 300 89
0 650 506.726 300 89
0 650 506.835 300 89
0 650 506.946 300 89
0 650 507.061 300 89
0 650 507.169 300 89
0 650 507.286 300 89
0 650 507.396 300 89
0 650 507.508 300 89
0 650 507.625 300 89
0 650 507.74 300 89
0 650 507.855 300 89
0 650 507.974 300 89
0 650 508.069 300 89
0 650 508.133 300 89
0 650 508.203 300 89
0 650 508.264 300 89
0 650 508.336 300 89
0 650 508.42 300 89
0 650 508.522 300 89
0 650 508.611 300 89
0 650 508.709 300 89
0 650 508.802 300 89
0 650 508.904 300 89
0 650 509.002 300 89
0 650 509.097 300 89
0 650 509.197 300 89
0 650 509.29 300 89
0 650 509.385 300 89
0 650 509.479 300 89
0 650 509.576 300 89
0 650 509.666 300 89
0 650 509.765 300 89
0 650 509.865 300 89
0 650 509.951 300 89
0 650 510.048 300 89
0 650 510.128 300 89
0 650 510.226 300 89
0 650 510.314 300 89
0 650 510.399 300 89
0 650 510.495 300 89
0 650 510.58 300 89
0 650 510.669 300 89
0 650 510.762 300 89
0 650 510.852 300 89
0 650 510.941 300 89
0 650 511.044 300 89
0 650 511.13 300 89
0 650 511.22 300 89
0 650 511.31 300 89
0 650 511.412 300 89
0 650 511.507 300 89
0 650 511.6 300 89
0 650 511.691 300 89
0 650 511.776 300 89
0 650 511.86 300 89
0 650 511.95 300 89
0 650 512.048 300 89
0 650 512.15 300 89
0 650 512.25 300 89
0 650 512.346 300 89
0 650 512.44 300 89
0 650 512.534 300 89
0 650 512.625 300 89
0 650 512.717 300 89
0 650 512.815 300 89
0 650 512.907 300 89
0 650 512.99 300 89
0 650 513.087 300 89
0 650 513.186 300 89
0 650 513.333 300 89
0 650 513.43 300 89
0 650 513.526 300 89
0 650 513.628 300 89
0 650 513.717 300 89
0 650 513.873 300 89
0 650 513.96 300 89
0 650 514.047 300 89
0 650 514.134 300 89
0 650 514.23 300 89
0 650 514.315 300 89
0 650 514.402 300 89
0 650 514.488 300 89
0 650 514.576 300 89
0 650 514.663 300 89
0 650 514.768 300 89
0 650 514.861 300 89
0 650 514.954 300 89
0 650 515.043 300 89
0 650 515.131 300 89
0 650 515.221 300 89
0 650 515.314 300 89
0 650 515.4 300 89
0 650 515.498 300 89
0 650 515.585 300 89
0 650 515.687 300 89
0 650 515.776 300 89
0 650 515.877 300 89
0 650 515.967 300 89
0 650 516.049 300 89
0 650 516.133 300 89
0 650 516.219 300 89
0 650 516.308 300 89
0 650 516.388 300 89
0 650 516.473 300 89
0 650 516.565 300 89
0 650 516.656 300 89
0 650 516.75 300 89
0 650 516.847 300 89
0 650 516.933 300 89
0 650 517.017 300 89
0 650 517.109 300 89
0 650 517.207 300 89
0 650 517.298 300 89
0 650 517.389 300 89
0 650 517.477 300 89
0 650 517.566 300 89
0 650 517.66 300 89
0 650 517.748 300 89
0 650 517.836 300 89
0 650 517.932 300 89
0 650 518.022 300 89
0 650 518.119 300 89
0 650 518.212 300 89
0 650 518.306 300 89
0 650 518.401 300 89
0 650 518.481 300 89
0 650 518.571 300 89
0 650 518.67 300 89
0 650 518.755 300 89
0 650 518.848 300 89
0 650 518.94 300 89
0 650 519.032 300 89
0 650 519.116 300 89
0 650 519.175 300 89
0 650 519.27 300 89
0 650 519.366 300 89
0 650 519.458 300 89
0 650 519.533 300 89
0 650 519.624 300 89
0 650 519.72 300 89
0 650 519.808 300 89
0 650 519.901 300 89
0 650 519.982 300 89
0 650 520.061 300 89
0 650 520.153 300 89
0 650 520.235 300 89
0 650 520.314 300 89
0 650 520.401 300 89
0 650 520.499 300 89
0 650 520.582 300 89
0 650 520.675 300 89
0 650 520.761 300 89
0 650 520.87 300 89
0 650 520.968 300 89
0 650 521.072 300 89
0 650 521.176 300 89
0 650 521.264 300 89
0 650 521.355 300 89
0 650 521.445 300 89
0 650 521.542 300 89
0 650 521.618 300 89
0 650 521.713 300 89
0 650 521.801 300 89
0 650 521.898 300 89
0 650 521.989 300 89
0 650 522.087 300 89
0 650 522.186 300 89
0 650 522.275 300 89
0 650 522.357 300 89
0 650 522.447 300 89
0 650 522.548 300 89
0 650 522.638 300 89
0 650 522.728 300 89
0 650 522.816 300 89
0 650 522.897 300 89
0 650 522.987 300 89
0 650 523.082 300 89
0 650 523.159 300 89
0 650 523.251 300 89
0 650 523.338 300 89
0 650 523.429 300 89
0 650 523.521 300 89
0 650 523.607 300 89
0 650 523.697 300 89
0 650 523.787 300 89
0 650 523.87 300 89
0 650 523.963 300 89
0 650 524.055 300 89
0 650 524.145 300 89
0 650 524.229 300 89
0 650 524.311 300 89
0 650 524.4 300 89
0 650 524.489 300 89
0 650 524.578 300 89
0 650 524.668 300 89
0 650 524.757 300 89
0 650 524.845 300 89
0 650 524.943 300 89
0 650 525.039 300 89
0 650 525.132 300 89
0 650 525.231 300 89
0 650 525.322 300 89
0 650 525.409 300 89
0 650 525.501 300 89
0 650 525.592 300 89
0 650 525.678 300 89
0 650 525.773 300 89
0 650 525.862 300 89
0 650 525.955 300 89
0 650 526.044 300 89
0 650 526.132 300 89
0 650 526.226 300 89
0 650 526.314 300 89
0 650 526.396 300 89
0 650 526.486 300 89
0 650 526.579 300 89
0 650 526.668 300 89
0 650 526.757 300 89
0 650 526.849 300 89
0 650 526.94 300 89
0 650 527.028 300 89
0 650 527.108 300 89
0 650 527.19 300 89
0 650 527.281 300 89
0 650 527.361 300 89
0 650 527.455 300 89
0 650 527.538 300 89
0 650 527.63 300 89
0 650 527.718 300 89
0 650 527.806 300 89
0 650 527.895 300 89
0 650 527.981 300 89
0 650 528.074 300 89
0 650 528.17 300 89
0 650 528.26 300 89
0 650 528.368 300 89
0 650 528.473 300 89
0 650 528.532 300 89
0 650 528.619 300 89
0 650 528.712 300 89
0 650 528.804 300 89
0 650 528.89 300 89
0 650 528.984 300 89
0 650 529.078 300 89
0 650 529.162 300 89
0 650 529.253 300 89
0 650 529.345 300 89
0 650 529.43 300 89
0 650 529.513 300 89
0 650 529.598 300 89
0 650 529.687 300 89
0 650 529.771 300 89
0 650 529.853 300 89
0 650 529.945 300 89
0 650 530.035 300 89
0 650 530.121 300 89
0 650 530.213 300 89
0 650 530.3 300 89
0 650 530.387 300 89
0 650 530.477 300 89
0 650 530.563 300 89
0 650 530.653 300 89
0 650 530.741 300 89
0 650 530.838 300 89
0 650 530.917 300 89
0 650 531.01 300 89
0 650 531.094 300 89
0 650 531.182 300 89
0 650 531.267 300 89
0 650 531.362 300 89
0 650 531.446 300 89
0 650 531.527 300 89
0 650 531.612 300 89
0 650 531.696 300 89
0 650 531.777 300 89
0 650 531.872 300 89
0 650 531.962 300 89
0 650 532.048 300 89
0 650 532.133 300 89
0 650 532.222 300 89
0 650 532.304 300 89
0 650 532.391 300 89
0 650 532.481 300 89
0 650 532.572 300 89
0 650 532.647 300 89
0 650 532.732 300 89
0 650 532.81 300 89
0 650 532.899 300 89
0 650 532.992 300 89
0 650 533.078 300 89
0 650 533.168 300 89
0 650 533.26 300 89
0 650 533.346 300 89
0 650 533.432 300 89
0 650 533.524 300 89
0 650 533.617 300 89
0 650 533.696 300 89
0 650 533.786 300 89
0 650 533.871 300 89
0 650 533.964 300 89
0 650 534.061 300 89
0 650 534.15 300 89
0 650 534.237 300 89
0 650 534.325 300 89
0 650 534.416 300 89
0 650 534.501 300 89
0 650 534.596 300 89
0 650 534.688 300 89
0 650 534.775 300 89
0 650 534.862 300 89
0 650 534.955 300 89
0 650 535.04 300 89
0 650 535.126 300 89
0 650 535.216 300 89
0 650 535.296 300 89
0 650 535.383 300 89
0 650 535.479 300 89
0 650 535.586 300 89
0 650 535.673 300 89
0 650 535.766 300 89
0 650 535.857 300 89
0 650 535.95 300 89
0 650 536.038 300 89
0 650 536.126 300 89
0 650 536.218 300 89
0 650 536.305 300 89
0 650 536.396 300 89
0 650 536.496 300 89
0 650 536.57 300 89
0 650 536.657 300 89
0 650 536.746 300 89
0 650 536.833 300 89
0 650 536.926 300 89
0 650 537.011 300 89
0 650 537.096 300 89
0 650 537.192 300 89
0 650 537.285 300 89
0 650 537.372 300 89
0 650 537.466 300 89
0 650 537.556 300 89
0 650 537.634 300 89
0 650 537.726 300 89
0 650 537.816 300 89
0 650 537.898 300 89
0 650 537.989 300 89
0 650 538.082 300 89
0 650 538.169 300 89
0 650 538.257 300 89
0 650 538.35 300 89
0 650 538.438 300 89
0 650 538.513 300 89
0 650 538.592 300 89
0 650 538.682 300 89
0 650 538.772 300 89
0 650 538.861 300 89
0 650 538.953 300 89
0 650 539.038 300 89
0 650 539.13 300 89
0 650 539.216 300 89
0 650 539.305 300 89
0 650 539.389 300 89
0 650 539.462 300 89
0 650 539.566 300 89
0 650 539.652 300 89
0 650 539.739 300 89
0 650 539.817 300 89
0 650 539.906 300 89
0 650 539.993 300 89
0 650 540.098 300 89
0 650 540.183 300 89
0 650 540.276 300 89
0 650 540.363 300 89
0 650 540.456 300 89
0 650 540.531 300 89
0 650 540.612 300 89
0 650 540.698 300 89
0 650 540.776 300 89
0 650 540.863 300 89
0 650 540.948 300 89
0 650 541.046 300 89
0 650 541.132 300 89
0 650 541.209 300 89
0 650 541.283 300 89
0 650 541.371 300 89
0 650 541.455 300 89
0 650 541.546 300 89
0 650 541.636 300 89
0 650 541.726 300 89
0 650 541.803 300 89
0 650 541.882 300 89
0 650 541.971 300 89
0 650 542.06 300 89
0 650 542.13 300 89
0 650 542.219 300 89
0 650 542.319 300 89
0 650 542.406 300 89
0 650 542.495 300 89
0 650 542.591 300 89
0 650 542.673 300 89
0 650 542.762 300 89
0 650 542.843 300 89
0 650 542.934 300 89
0 650 543.028 300 89
0 650 543.114 300 89
0 650 543.204 300 89
0 650 543.292 300 89
0 650 543.381 300 89
0 650 543.471 300 89
0 650 543.559 300 89
0 650 543.655 300 89
0 650 543.738 300 89
0 650 543.824 300 89
0 650 543.919 300 89
0 650 544.002 300 89
0 650 544.092 300 89
0 650 544.205 300 89
0 650 544.295 300 89
0 650 544.387 300 89
0 650 544.471 300 89
0 650 544.566 300 89
0 650 544.66 300 89
0 650 544.754 300 89
0 650 544.848 300 89
0 650 544.935 300 89
0 650 545.03 300 89
0 650 545.119 300 89
0 650 545.212 300 89
0 650 545.301 300 89
0 650 545.39 300 89
0 650 545.488 300 89
0 650 545.574 300 89
0 650 545.661 300 89
0 650 545.75 300 89
0 650 545.834 300 89
0 650 545.915 300 89
0 650 546.007 300 89
0 650 546.101 300 89
0 650 546.178 300 89
0 650 546.263 300 89
0 650 546.346 300 89
0 650 546.435 300 89
0 650 546.524 300 89
0 650 546.603 300 89
0 650 546.69 300 89
0 650 546.782 300 89
0 650 546.869 300 89
0 650 546.946 300 89
0 650 547.034 300 89
0 650 547.128 300 89
0 650 547.217 300 89
0 650 547.302 300 89
0 650 547.378 300 89
0 650 547.465 300 89
0 650 547.542 300 89
0 650 547.632 300 89
0 650 547.72 300 89
0 650 547.809 300 89
0 650 547.903 300 89
0 650 547.982 300 89
0 650 548.066 300 89
0 650 548.162 300 89
0 650 548.253 300 89
0 650 548.351 300 89
0 650 548.436 300 89
0 650 548.523 300 89
0 650 548.608 300 89
0 650 548.689 300 89
0 650 548.772 300 89
0 650 548.852 300 89
0 650 548.941 300 89
0 650 549.032 300 89
0 650 549.111 300 89
0 650 549.202 300 89
0 650 549.291 300 89
0 650 549.381 300 89
0 650 549.47 300 89
0 650 549.553 300 89
0 650 549.638 300 89
0 650 549.726 300 89
0 650 549.811 300 89
0 650 549.905 300 89
0 650 549.988 300 89
0 650 550.074 300 89
0 650 550.16 300 89
0 650 550.25 300 89
0 650 550.341 300 89
0 650 550.425 300 89
0 650 550.513 300 89
0 650 550.601 300 89
0 650 550.689 300 89
0 650 550.785 300 89
0 650 550.876 300 89
0 650 550.967 300 89
0 650 551.049 300 89
0 650 551.141 300 89
0 650 551.229 300 89
0 650 551.316 300 89
0 650 551.402 300 89
0 650 551.484 300 89
0 650 551.569 300 89
0 650 551.652 300 89
0 650 551.743 300 89
0 650 551.828 300 89
0 650 551.915 300 89
0 650 552.007 300 89
0 650 552.097 300 89
0 650 552.186 300 89
0 650 552.27 300 89
0 650 552.354 300 89
0 650 552.436 300 89
0 650 552.524 300 89
0 650 552.614 300 89
0 650 552.704 300 89
0 650 552.792 300 89
0 650 552.879 300 89
0 650 552.972 300 89
0 650 553.056 300 89
0 650 553.144 300 89
0 650 553.245 300 89
0 650 553.333 300 89
0 650 553.427 300 89
0 650 553.523 300 89
0 650 553.608 300 89
0 650 553.69 300 89
0 650 553.776 300 89
0 650 553.86 300 89
0 650 553.953 300 89
0 650 554.038 300 89
0 650 554.126 300 89
0 650 554.222 300 89
0 650 554.311 300 89
0 650 554.402 300 89
0 650 554.496 300 89
0 650 554.584 300 89
0 650 554.665 300 89
0 650 554.748 300 89
0 650 554.842 300 89
0 650 554.932 300 89
0 650 555.016 300 89
0 650 555.094 300 89
0 650 555.185 300 89
0 650 555.276 300 89
0 650 555.37 300 89
0 650 555.452 300 89
0 650 555.531 300 89
0 650 555.62 300 89
0 650 555.703 300 89
0 650 555.796 300 89
0 650 555.891 300 89
0 650 555.982 300 89
0 650 556.073 300 89
0 650 556.146 300 89
0 650 556.239 300 89
0 650 556.323 300 89
0 650 556.421 300 89
0 650 556.505 300 89
0 650 556.602 300 89
0 650 556.679 300 89
0 650 556.768 300 89
0 650 556.855 300 89
0 650 556.945 300 89
0 650 557.033 300 89
0 650 557.12 300 89
0 650 557.207 300 89
0 650 557.292 300 89
0 650 557.369 300 89
0 650 557.451 300 89
0 650 557.546 300 89
0 650 557.631 300 89
0 650 557.713 300 89
0 650 557.804 300 89
0 650 557.896 300 89
0 650 557.98 300 89
0 650 558.049 300 89
0 650 558.109 300 89
0 650 558.163 300 89
0 650 558.217 300 89
0 650 558.296 300 89
0 650 558.387 300 89
0 650 558.478 300 89
0 650 558.559 300 89
0 650 558.65 300 89
0 650 558.745 300 89
0 650 558.831 300 89
0 650 558.915 300 89
0 650 559.007 300 89
0 650 559.094 300 89
0 650 559.185 300 89
0 650 559.27 300 89
0 650 559.358 300 89
0 650 559.447 300 89
0 650 559.538 300 89
0 650 559.63 300 89
0 650 559.72 300 89
0 650 559.812 300 89
0 650 559.895 300 89
0 650 559.985 300 89
0 650 560.073 300 89
0 650 560.158 300 89
0 650 560.255 300 89
0 650 560.348 300 89
0 650 560.433 300 89
0 650 560.522 300 89
0 650 560.599 300 89
0 650 560.689 300 89
0 650 560.778 300 89
0 650 560.869 300 89
0 650 560.957 300 89
0 650 561.089 300 89
0 650 561.181 300 89
0 650 561.271 300 89
0 650 561.356 300 89
0 650 561.438 300 89
0 650 561.527 300 89
0 650 561.6 300 89
0 650 561.68 300 89
0 650 561.754 300 89
0 650 561.845 300 89
0 650 561.94 300 89
0 650 562.029 300 89
0 650 562.111 300 89
0 650 562.198 300 89
0 650 562.289 300 89
0 650 562.376 300 89
0 650 562.46 300 89
0 650 562.547 300 89
0 650 562.642 300 89
0 650 562.732 300 89
0 650 562.822 300 89
0 650 562.903 300 89
0 650 562.984 300 89
0 650 563.077 300 89
0 650 563.147 300 89
0 650 563.234 300 89
0 650 563.319 300 89
0 650 563.407 300 89
0 650 563.494 300 89
0 650 563.573 300 89
0 650 563.661 300 89
0 650 563.749 300 89
0 650 563.845 300 89
0 650 563.933 300 89
0 650 564.015 300 89
0 650 564.105 300 89
0 650 564.19 300 89
0 650 564.266 300 89
0 650 564.338 300 89
0 650 564.421 300 89
0 650 564.502 300 89
0 650 564.583 300 89
0 650 564.671 300 89
0 650 564.751 300 89
0 650 564.832 300 89
0 650 564.919 300 89
0 650 565.01 300 89
0 650 565.101 300 89
0 650 565.184 300 89
0 650 565.266 300 89
0 650 565.35 300 89
0 650 565.437 300 89
0 650 565.528 300 89
0 650 565.618 300 89
0 650 565.707 300 89
0 650 565.788 300 89
0 650 565.872 300 89
0 650 565.961 300 89
0 650 566.048 300 89
0 650 566.131 300 89
0 650 566.211 300 89
0 650 566.293 300 89
0 650 566.375 300 89
0 650 566.467 300 89
0 650 566.55 300 89
0 650 566.638 300 89
0 650 566.73 300 89
0 650 566.815 300 89
0 650 566.895 300 89
0 650 566.984 300 89
0 650 567.063 300 89
0 650 567.152 300 89
0 650 567.242 300 89
0 650 567.333 300 89
0 650 567.419 300 89
0 650 567.508 300 89
0 650 567.594 300 89
0 650 567.676 300 89
0 650 567.769 300 89
0 650 567.846 300 89
0 650 567.934 300 89
0 650 568.018 300 89
0 650 568.107 300 89
0 650 568.195 300 89
0 650 568.272 300 89
0 650 568.352 300 89
0 650 568.438 300 89
0 650 568.526 300 89
0 650 568.603 300 89
0 650 568.692 300 89
0 650 568.782 300 89
0 650 568.874 300 89
0 650 568.964 300 89
0 650 569.057 300 89
0 650 569.145 300 89
0 650 569.225 300 89
0 650 569.313 300 89
0 650 569.4 300 89
0 650 569.486 300 89
0 650 569.577 300 89
0 650 569.663 300 89
0 650 569.752 300 89
0 650 569.835 300 89
0 650 569.925 300 89
0 650 570.016 300 89
0 650 570.105 300 89
0 650 570.186 300 89
0 650 570.283 300 89
0 650 570.371 300 89
0 650 570.48 300 89
0 650 570.589 300 89
0 650 570.679 300 89
0 650 570.767 300 89
0 650 570.871 300 89
0 650 570.948 300 89
0 650 571.039 300 89
0 650 571.145 300 89
0 650 571.238 300 89
0 650 571.358 300 89
0 650 571.474 300 89
0 650 571.575 300 89
0 650 571.666 300 89
0 650 571.778 300 89
0 650 571.874 300 89
0 650 571.959 300 89
0 650 572.047 300 89
0 650 572.134 300 89
0 650 572.219 300 89
0 650 572.302 300 89
0 650 572.393 300 89
0 650 572.493 300 89
0 650 572.577 300 89
0 650 572.659 300 89
0 650 572.746 300 89
0 650 572.823 300 89
0 650 572.912 300 89
0 650 573.006 300 89
0 650 573.109 300 89
0 650 573.203 300 89
0 650 573.298 300 89
0 650 573.386 300 89
0 650 573.484 300 89
0 650 573.576 300 89
0 650 573.683 300 89
0 650 573.779 300 89
0 650 573.869 300 89
0 650 573.953 300 89
0 650 574.05 300 89
0 650 574.161 300 89
0 650 574.264 300 89
0 650 574.347 300 89
0 650 574.44 300 89
0 650 574.529 300 89
0 650 574.611 300 89
0 650 574.704 300 89
0 650 574.8 300 89
0 650 574.9 300 89
0 650 574.976 300 89
0 650 575.071 300 89
0 650 575.159 300 89
0 650 575.249 300 89
0 650 575.336 300 89
0 650 575.421 300 89
0 650 575.501 300 89
0 650 575.585 300 89
0 650 575.673 300 89
0 650 575.755 300 89
0 650 575.839 300 89
0 650 575.925 300 89
0 650 576.022 300 89
0 650 576.127 300 89
0 650 576.222 300 89
0 650 576.316 300 89
0 650 576.412 300 89
0 650 576.514 300 89
0 650 576.607 300 89
0 650 576.689 300 89
0 650 576.781 300 89
0 650 576.888 300 89
0 650 576.984 300 89
0 650 577.07 300 89
0 650 577.16 300 89
0 650 577.247 300 89
0 650 577.326 300 89
0 650 577.411 300 89
0 650 577.504 300 89
0 650 577.596 300 89
0 650 577.676 300 89
0 650 577.764 300 89
0 650 577.85 300 89
0 650 577.937 300 89
0 650 578.021 300 89
0 650 578.109 300 89
0 650 578.198 300 89
0 650 578.286 300 89
0 650 578.372 300 89
0 650 578.462 300 89
0 650 578.549 300 89
0 650 578.636 300 89
0 650 578.739 300 89
0 650 578.842 300 89
0 650 578.944 300 89
0 650 579.041 300 89
0 650 579.125 300 89
0 650 579.21 300 89
0 650 579.288 300 89
0 650 579.365 300 89
0 650 579.452 300 89
0 650 579.534 300 89
0 650 579.626 300 89
0 650 579.708 300 89
0 650 579.796 300 89
0 650 579.882 300 89
0 650 579.971 300 89
0 650 580.056 300 89
0 650 580.146 300 89
0 650 580.238 300 89
0 650 580.327 300 89
0 650 580.418 300 89
0 650 580.517 300 89
0 650 580.604 300 89
0 650 580.708 300 89
0 650 580.862 300 89
0 650 580.957 300 89
0 650 581.046 300 89
0 650 581.144 300 89
0 650 581.246 300 89
0 650 581.336 300 89
0 650 581.426 300 89
0 650 581.528 300 89
0 650 581.623 300 89
0 650 581.708 300 89
0 650 581.794 300 89
0 650 581.885 300 89
0 650 581.986 300 89
0 650 582.094 300 89
0 650 582.192 300 89
0 650 582.278 300 89
0 650 582.36 300 89
0 650 582.467 300 89
0 650 582.527 300 89
0 650 582.612 300 89
0 650 582.698 300 89
0 650 582.793 300 89
0 650 582.911 300 89
0 650 583.009 300 89
0 650 583.09 300 89
0 650 583.179 300 89
0 650 583.266 300 89
0 650 583.36 300 89
0 650 583.437 300 89
0 650 583.534 300 89
0 650 583.629 300 89
0 650 583.722 300 89
0 650 583.801 300 89
0 650 583.889 300 89
0 650 583.976 300 89
0 650 584.062 300 89
0 650 584.142 300 89
0 650 584.226 300 89
0 650 584.311 300 89
0 650 584.4 300 89
0 650 584.485 300 89
0 650 584.569 300 89
0 650 584.66 300 89
0 650 584.748 300 89
0 650 584.853 300 89
0 650 584.963 300 89
0 650 585.045 300 89
0 650 585.134 300 89
0 650 585.227 300 89
0 650 585.314 300 89
0 650 585.402 300 89
0 650 585.484 300 89
0 650 585.571 300 89
0 650 585.663 300 89
0 650 585.75 300 89
0 650 585.835 300 89
0 650 585.933 300 89
0 650 586.018 300 89
0 650 586.103 300 89
0 650 586.187 300 89
0 650 586.276 300 89
0 650 586.357 300 89
0 650 586.449 300 89
0 650 586.529 300 89
0 650 586.62 300 89
0 650 586.706 300 89
0 650 586.789 300 89
0 650 586.871 300 89
0 650 586.96 300 89
0 650 587.052 300 89
0 650 587.137 300 89
0 650 587.228 300 89
0 650 587.333 300 89
0 650 587.421 300 89
0 650 587.514 300 89
0 650 587.62 300 89
0 650 587.709 300 89
0 650 587.798 300 89
0 650 587.888 300 89
0 650 587.979 300 89
0 650 588.071 300 89
0 650 588.145 300 89
0 650 588.236 300 89
0 650 588.324 300 89
0 650 588.408 300 89
0 650 588.488 300 89
0 650 588.577 300 89
0 650 588.665 300 89
0 650 588.753 300 89
0 650 588.838 300 89
0 650 588.934 300 89
0 650 589.015 300 89
0 650 589.11 300 89
0 650 589.208 300 89
0 650 589.295 300 89
0 650 589.386 300 89
0 650 589.479 300 89
0 650 589.57 300 89
0 650 589.662 300 89
0 650 589.75 300 89
0 650 589.84 300 89
0 650 589.919 300 89
0 650 590.007 300 89
0 650 590.1 300 89
0 650 590.187 300 89
0 650 590.286 300 89
0 650 590.358 300 89
0 650 590.446 300 89
0 650 590.537 300 89
0 650 590.626 300 89
0 650 590.723 300 89
0 650 590.816 300 89
0 650 590.906 300 89
0 650 591.004 300 89
0 650 591.093 300 89
0 650 591.186 300 89
0 650 591.287 300 89
0 650 591.372 300 89
0 650 591.466 300 89
0 650 591.554 300 89
0 650 591.636 300 89
0 650 591.727 300 89
0 650 591.819 300 89
0 650 591.912 300 89
0 650 592.001 300 89
0 650 592.094 300 89
0 650 592.183 300 89
0 650 592.261 300 89
0 650 592.344 300 89
0 650 592.442 300 89
0 650 592.519 300 89
0 650 592.598 300 89
0 650 592.693 300 89
0 650 592.789 300 89
0 650 592.883 300 89
0 650 592.977 300 89
0 650 593.063 300 89
0 650 593.156 300 89
0 650 593.25 300 89
0 650 593.338 300 89
0 650 593.432 300 89
0 650 593.512 300 89
0 650 593.602 300 89
0 650 593.693 300 89
0 650 593.787 300 89
0 650 593.883 300 89
0 650 593.974 300 89
0 650 594.063 300 89
0 650 594.155 300 89
0 650 594.242 300 89
0 650 594.325 300 89
0 650 594.418 300 89
0 650 594.511 300 89
0 650 594.61 300 89
0 650 594.702 300 89
0 650 594.783 300 89
0 650 594.874 300 89
0 650 594.96 300 89
0 650 595.055 300 89
0 650 595.149 300 89
0 650 595.242 300 89
0 650 595.336 300 89
0 650 595.433 300 89
0 650 595.512 300 89
0 650 595.606 300 89
0 650 595.704 300 89
0 650 595.815 300 89
0 650 595.913 300 89
0 650 596.01 300 89
0 650 596.111 300 89
0 650 596.205 300 89
0 650 596.298 300 89
0 650 596.392 300 89
0 650 596.486 300 89
0 650 596.584 300 89
0 650 596.693 300 89
0 650 596.798 300 89
0 650 596.893 300 89
0 650 596.993 300 89
0 650 597.149 300 89
0 650 597.246 300 89
0 650 597.344 300 89
0 650 597.439 300 89
0 650 597.531 300 89
0 650 597.617 300 89
0 650 597.717 300 89
0 650 597.799 300 89
0 650 597.903 300 89
0 650 598.005 300 89
0 650 598.12 300 89
0 650 598.225 300 89
0 650 598.331 300 89
0 650 598.426 300 89
0 650 598.525 300 89
0 650 598.634 300 89
0 650 598.722 300 89
0 650 598.82 300 89
0 650 598.902 300 89
0 650 599.006 300 89
0 650 599.1 300 89
0 650 599.201 300 89
0 650 599.3 300 89
0 650 599.386 300 89
0 650 599.482 300 89
0 650 599.578 300 89
0 650 599.68 300 89
0 650 599.781 300 89
0 650 599.883 300 89
0 650 599.985 300 89
0 650 600.096 300 89
0 650 600.197 300 89
0 650 600.295 300 89
0 650 600.397 300 89
0 650 600.503 300 89
0 650 600.606 300 89
0 650 600.703 300 89
0 650 600.804 300 89
0 650 600.905 300 89
0 650 600.991 300 89
0 650 601.055 300 89
0 650 601.116 300 89
0 650 601.183 300 89
0 650 601.25 300 89
0 650 601.294 300 89
0 650 601.358 300 89
0 650 601.416 300 89
0 650 601.538 300 89
0 650 601.659 300 89
0 650 601.78 300 89
0 650 601.907 300 89
0 650 602.033 300 89
0 650 602.162 300 89
0 650 602.293 300 89
0 650 602.433 300 89
0 650 602.542 300 89
0 650 602.643 300 89
0 650 602.755 300 89
0 650 602.863 300 89
0 650 602.984 300 89
0 650 603.126 300 89
0 650 603.246 300 89
0 650 603.358 300 89
0 650 603.476 300 89
0 650 603.597 300 89
0 650 603.725 300 89
0 650 603.841 300 89
0 650 603.965 300 89
0 650 604.09 300 89
0 650 604.205 300 89
0 650 604.338 300 89
0 650 604.44 300 89
0 650 604.543 300 89
0 650 604.673 300 89
0 650 604.788 300 89
0 650 604.911 300 89
0 650 605.013 300 89
0 650 605.123 300 89
0 650 605.228 300 89
0 650 605.349 300 89
0 650 605.468 300 89
0 650 605.583 300 89
0 650 605.705 300 89
0 650 605.826 300 89
0 650 605.952 300 89
0 650 606.07 300 89
0 650 606.217 300 89
0 650 606.34 300 89
0 650 606.462 300 89
0 650 606.581 300 89
0 650 606.705 300 89
0 650 606.838 300 89
0 650 606.956 300 89
0 650 607.06 300 89
0 650 607.179 300 89
0 650 607.302 300 89
0 650 607.427 300 89
0 650 607.548 300 89
0 650 607.665 300 89
0 650 607.744 300 89
0 650 607.813 300 89
0 650 607.876 300 89
0 650 607.945 300 89
0 650 608.046 300 89
0 650 608.151 300 89
0 650 608.28 300 89
0 650 608.369 300 89
0 650 608.457 300 89
0 650 608.559 300 89
0 650 608.653 300 89
0 650 608.754 300 89
0 650 608.846 300 89
0 650 608.956 300 89
0 650 609.072 300 89
0 650 609.184 300 89
0 650 609.301 300 89
0 650 609.405 300 89
0 650 609.511 300 89
0 650 609.627 300 89
0 650 609.731 300 89
0 650 609.837 300 89
0 650 609.961 300 89
0 650 610.092 300 89
0 650 610.2 300 89
0 650 610.395 300 89
0 650 610.514 300 89
0 650 610.611 300 89
0 650 610.709 300 89
0 650 610.803 300 89
0 650 610.891 300 89
0 650 610.984 300 89
0 650 611.084 300 89
0 650 611.18 300 89
0 650 611.284 300 89
0 650 611.373 300 89
0 650 611.476 300 89
0 650 611.562 300 89
0 650 611.663 300 89
0 650 611.749 300 89
0 650 611.838 300 89
0 650 611.948 300 89
0 650 612.061 300 89
0 650 612.17 300 89
0 650 612.267 300 89
0 650 612.363 300 89
0 650 612.456 300 89
0 650 612.552 300 89
0 650 612.645 300 89
0 650 612.742 300 89
0 650 612.844 300 89
0 650 612.945 300 89
0 650 613.041 300 89
0 650 613.134 300 89
0 650 613.225 300 89
0 650 613.315 300 89
0 650 613.411 300 89
0 650 613.501 300 89
0 650 613.602 300 89
0 650 613.696 300 89
0 650 613.779 300 89
0 650 613.873 300 89
0 650 613.983 300 89
0 650 614.079 300 89
0 650 614.18 300 89
0 650 614.273 300 89
0 650 614.36 300 89
0 650 614.461 300 89
0 650 614.554 300 89
0 650 614.68 300 89
0 650 614.78 300 89
0 650 614.88 300 89
0 650 614.972 300 89
0 650 615.067 300 89
0 650 615.166 300 89
0 650 615.269 300 89
0 650 615.37 300 89
0 650 615.469 300 89
0 650 615.564 300 89
0 650 615.658 300 89
0 650 615.756 300 89
0 650 615.847 300 89
0 650 615.941 300 89
0 650 616.041 300 89
0 650 616.134 300 89
0 650 616.23 300 89
0 650 616.336 300 89
0 650 616.436 300 89
0 650 616.536 300 89
0 650 616.636 300 89
0 650 616.698 300 89
0 650 616.788 300 89
0 650 616.877 300 89
0 650 616.96 300 89
0 650 617.052 300 89
0 650 617.151 300 89
0 650 617.25 300 89
0 650 617.344 300 89
0 650 617.445 300 89
0 650 617.544 300 89
0 650 617.64 300 89
0 650 617.745 300 89
0 650 617.846 300 89
0 650 617.947 300 89
0 650 618.043 300 89
0 650 618.142 300 89
0 650 618.232 300 89
0 650 618.334 300 89
0 650 618.436 300 89
0 650 618.533 300 89
0 650 618.635 300 89
0 650 618.73 300 89
0 650 618.83 300 89
0 650 618.924 300 89
0 650 619.017 300 89
0 650 619.118 300 89
0 650 619.211 300 89
0 650 619.31 300 89
0 650 619.407 300 89
0 650 619.495 300 89
0 650 619.598 300 89
0 650 619.684 300 89
0 650 619.777 300 89
0 650 619.879 300 89
0 650 619.974 300 89
0 650 620.074 300 89
0 650 620.169 300 89
0 650 620.267 300 89
0 650 620.366 300 89
0 650 620.463 300 89
0 650 620.555 300 89
0 650 620.64 300 89
0 650 620.739 300 89
0 650 620.836 300 89
0 650 620.931 300 89
0 650 621.026 300 89
0 650 621.123 300 89
0 650 621.214 300 89
0 650 621.31 300 89
0 650 621.396 300 89
0 650 621.491 300 89
0 650 621.586 300 89
0 650 621.685 300 89
0 650 621.783 300 89
0 650 621.876 300 89
0 650 621.973 300 89
0 650 622.093 300 89
0 650 622.186 300 89
0 650 622.276 300 89
0 650 622.368 300 89
0 650 622.464 300 89
0 650 622.561 300 89
0 650 622.652 300 89
0 650 622.742 300 89
0 650 622.838 300 89
0 650 622.932 300 89
0 650 623.031 300 89
0 650 623.121 300 89
0 650 623.219 300 89
0 650 623.307 300 89
0 650 623.405 300 89
0 650 623.495 300 89
0 650 623.591 300 89
0 650 623.688 300 89
0 650 623.775 300 89
0 650 623.865 300 89
0 650 623.963 300 89
0 650 624.048 300 89
0 650 624.144 300 89
0 650 624.241 300 89
0 650 624.331 300 89
0 650 624.429 300 89
0 650 624.524 300 89
0 650 624.621 300 89
0 650 624.714 300 89
0 650 624.803 300 89
0 650 624.899 300 89
0 650 625.005 300 89
0 650 625.107 300 89
0 650 625.2 300 89
0 650 625.286 300 89
0 650 625.384 300 89
0 650 625.493 300 89
0 650 625.596 300 89
0 650 625.706 300 89
0 650 625.86 300 89
0 650 625.977 300 89
0 650 626.078 300 89
0 650 626.176 300 89
0 650 626.279 300 89
0 650 626.378 300 89
0 650 626.48 300 89
0 650 626.581 300 89
0 650 626.682 300 89
0 650 626.793 300 89
0 650 626.919 300 89
0 650 627.009 300 89
0 650 627.105 300 89
0 650 627.2 300 89
0 650 627.295 300 89
0 650 627.387 300 89
0 650 627.483 300 89
0 650 627.574 300 89
0 650 627.659 300 89
0 650 627.759 300 89
0 650 627.855 300 89
0 650 627.95 300 89
0 650 628.041 300 89
0 650 628.191 300 89
0 650 628.281 300 89
0 650 628.373 300 89
0 650 628.463 300 89
0 650 628.55 300 89
0 650 628.648 300 89
0 650 628.752 300 89
0 650 628.854 300 89
0 650 628.949 300 89
0 650 629.048 300 89
0 650 629.139 300 89
0 650 629.247 300 89
0 650 629.34 300 89
0 650 629.438 300 89
0 650 629.533 300 89
0 650 629.633 300 89
0 650 629.731 300 89
0 650 629.833 300 89
0 650 629.926 300 89
0 650 630.02 300 89
0 650 630.121 300 89
0 650 630.213 300 89
0 650 630.308 300 89
0 650 630.4 300 89
0 650 630.508 300 89
0 650 630.604 300 89
0 650 630.695 300 89
0 650 630.771 300 89
0 650 630.84 300 89
0 650 630.913 300 89
0 650 630.975 300 89
0 650 631.094 300 89
0 650 631.188 300 89
0 650 631.29 300 89
0 650 631.4 300 89
0 650 631.456 300 89
0 650 631.515 300 89
0 650 631.584 300 89
0 650 631.646 300 89
0 650 631.715 300 89
0 650 631.78 300 89
0 650 631.847 300 89
0 650 631.911 300 89
0 650 631.975 300 89
0 650 632.034 300 89
0 650 632.117 300 89
0 650 632.186 300 89
0 650 632.252 300 89
0 650 632.318 300 89
0 650 632.38 300 89
0 650 632.447 300 89
0 650 632.514 300 89
0 650 632.58 300 89
0 650 632.646 300 89
0 650 632.709 300 89
0 650 632.767 300 89
0 650 632.831 300 89
0 650 632.902 300 89
0 650 632.965 300 89
0 650 633.037 300 89
0 650 633.108 300 89
0 650 633.178 300 89
0 650 633.24 300 89
0 650 633.3 300 89
0 650 633.369 300 89
0 650 633.439 300 89
0 650 633.507 300 89
0 650 633.58 300 89
0 650 633.645 300 89
0 650 633.744 300 89
0 650 633.832 300 89
0 650 633.928 300 89
0 650 634.021 300 89
0 650 634.119 300 89
0 650 634.211 300 89
0 650 634.287 300 89
0 650 634.375 300 89
0 650 634.47 300 89
0 650 634.559 300 89
0 650 634.65 300 89
0 650 634.742 300 89
0 650 634.832 300 89
0 650 634.927 300 89
0 650 635.019 300 89
0 650 635.124 300 89
0 650 635.229 300 89
0 650 635.35 300 89
0 650 635.47 300 89
0 650 635.556 300 89
0 650 635.652 300 89
0 650 635.745 300 89
0 650 635.833 300 89
0 650 635.932 300 89
0 650 636.021 300 89
0 650 636.115 300 89
0 650 636.206 300 89
0 650 636.3 300 89
0 650 636.381 300 89
0 650 636.474 300 89
0 650 636.569 300 89
0 650 636.651 300 89
0 650 636.741 300 89
0 650 636.835 300 89
0 650 636.92 300 89
0 650 637.014 300 89
0 650 637.125 300 89
0 650 637.24 300 89
0 650 637.361 300 89
0 650 637.475 300 89
0 650 637.576 300 89
0 650 637.675 300 89
0 650 637.776 300 89
0 650 637.874 300 89
0 650 637.978 300 89
0 650 638.119 300 89
0 650 638.215 300 89
0 650 638.296 300 89
0 650 638.387 300 89
0 650 638.487 300 89
0 650 638.576 300 89
0 650 638.664 300 89
0 650 638.754 300 89
0 650 638.836 300 89
0 650 638.931 300 89
0 650 639.025 300 89
0 650 639.113 300 89
0 650 639.197 300 89
0 650 639.286 300 89
0 650 639.384 300 89
0 650 639.504 300 89
0 650 639.613 300 89
0 650 639.708 300 89
0 650 639.798 300 89
0 650 639.89 300 89
0 650 639.975 300 89
0 650 640.069 300 89
0 650 640.14 300 89
0 650 640.224 300 89
0 650 640.319 300 89
0 650 640.416 300 89
0 650 640.507 300 89
0 650 640.61 300 89
0 650 640.711 300 89
0 650 640.804 300 89
0 650 640.893 300 89
0 650 640.994 300 89
0 650 641.091 300 89
0 650 641.199 300 89
0 650 641.291 300 89
0 650 641.379 300 89
0 650 641.471 300 89
0 650 641.562 300 89
0 650 641.665 300 89
0 650 641.755 300 89
0 650 641.851 300 89
0 650 641.935 300 89
0 650 642.043 300 89
0 650 642.139 300 89
0 650 642.23 300 89
0 650 642.316 300 89
0 650 642.403 300 89
0 650 642.506 300 89
0 650 642.592 300 89
0 650 642.691 300 89
0 650 642.779 300 89
0 650 642.872 300 89
0 650 642.97 300 89
0 650 643.065 300 89
0 650 643.162 300 89
0 650 643.254 300 89
0 650 643.331 300 89
0 650 643.422 300 89
0 650 643.52 300 89
0 650 643.611 300 89
0 650 643.704 300 89
0 650 643.789 300 89
0 650 643.877 300 89
0 650 643.954 300 89
0 650 644.05 300 89
0 650 644.133 300 89
0 650 644.196 300 89
0 650 644.253 300 89
0 650 644.318 300 89
0 650 644.378 300 89
0 650 644.445 300 89
0 650 644.508 300 89
0 650 644.564 300 89
0 650 644.625 300 89
0 650 644.686 300 89
0 650 644.743 300 89
0 650 644.808 300 89
0 650 644.867 300 89
0 650 644.977 300 89
0 650 645.036 300 89
0 650 645.101 300 89
0 650 645.163 300 89
0 650 645.223 300 89
0 650 645.286 300 89
0 650 645.349 300 89
0 650 645.41 300 89
0 650 645.476 300 89
0 650 645.542 300 89
0 650 645.603 300 89
0 650 645.664 300 89
0 650 645.726 300 89
0 650 645.786 300 89
0 650 645.849 300 89
0 650 645.915 300 89
0 650 645.972 300 89
0 650 646.027 300 89
0 650 646.135 300 89
0 650 646.246 300 89
0 650 646.355 300 89
0 650 646.47 300 89
0 650 646.573 300 89
0 650 646.688 300 89
0 650 646.794 300 89
0 650 646.912 300 89
0 650 647.032 300 89
0 650 647.156 300 89
0 650 647.299 300 89
0 650 647.459 300 89
0 650 647.582 300 89
0 650 647.701 300 89
0 650 647.825 300 89
0 650 647.953 300 89
0 650 648.081 300 89
0 650 648.207 300 89
0 650 648.324 300 89
0 650 648.445 300 89
0 650 648.559 300 89
0 650 648.633 300 89
0 650 648.73 300 89
0 650 648.824 300 89
0 650 648.997 300 89
0 650 649.1 300 89
0 650 649.188 300 89
0 650 649.287 300 89
0 650 649.378 300 89
0 650 649.473 300 89
0 650 649.568 300 89
0 650 649.661 300 89
0 650 649.741 300 89
0 650 649.821 300 89
0 650 649.91 300 89
0 650 649.998 300 89
0 650 650.082 300 89
0 650 650.17 300 89
0 650 650.251 300 89
0 650 650.338 300 89
0 650 650.42 300 89
0 650 650.517 300 89
0 650 650.615 300 89
0 650 650.698 300 89
0 650 650.763 300 89
0 650 650.823 300 89
0 650 650.88 300 89
0 650 650.939 300 89
0 650 651 300 89
0 650 651.06 300 89
0 650 651.121 300 89
0 650 651.186 300 89
0 650 651.255 300 89
0 650 651.318 300 89
0 650 651.38 300 89
0 650 651.439 300 89
0 650 651.5 300 89
0 650 651.557 300 89
0 650 651.62 300 89
0 650 651.681 300 89
0 650 651.741 300 89
0 650 651.81 300 89
0 650 651.864 300 89
0 650 651.926 300 89
0 650 651.99 300 89
0 650 652.045 300 89
0 650 652.106 300 89
0 650 652.168 300 89
0 650 652.229 300 89
0 650 652.292 300 89
0 650 652.354 300 89
0 650 652.415 300 89
0 650 652.476 300 89
0 650 652.542 300 89
0 650 652.604 300 89
0 650 652.669 300 89
0 650 652.73 300 89
0 650 652.804 300 89
0 650 652.895 300 89
0 650 652.987 300 89
0 650 653.077 300 89
0 650 653.167 300 89
0 650 653.247 300 89
0 650 653.334 300 89
0 650 653.413 300 89
0 650 653.501 300 89
0 650 653.599 300 89
0 650 653.689 300 89
0 650 653.773 300 89
0 650 653.867 300 89
0 650 653.952 300 89
0 650 654.04 300 89
0 650 654.12 300 89
0 650 654.202 300 89
0 650 654.28 300 89
0 650 654.352 300 89
0 650 654.437 300 89
0 650 654.526 300 89
0 650 654.614 300 89
0 650 654.703 300 89
0 650 654.79 300 89
0 650 654.878 300 89
0 650 654.959 300 89
0 650 655.061 300 89
0 650 655.169 300 89
0 650 655.276 300 89
0 650 655.359 300 89
0 650 655.45 300 89
0 650 655.581 300 89
0 650 655.666 300 89
0 650 655.758 300 89
0 650 655.886 300 89
0 650 655.948 300 89
0 650 656.004 300 89
0 650 656.063 300 89
0 650 656.132 300 89
0 650 656.192 300 89
0 650 656.25 300 89
0 650 656.311 300 89
0 650 656.369 300 89
0 650 656.431 300 89
0 650 656.505 300 89
0 650 656.569 300 89
0 650 656.631 300 89
0 650 656.693 300 89
0 650 656.751 300 89
0 650 656.81 300 89
0 650 656.869 300 89
0 650 656.922 300 89
0 650 656.982 300 89
0 650 657.04 300 89
0 650 657.098 300 89
0 650 657.155 300 89
0 650 657.215 300 89
0 650 657.276 300 89
0 650 657.337 300 89
0 650 657.392 300 89
0 650 657.454 300 89
0 650 657.518 300 89
0 650 657.577 300 89
0 650 657.649 300 89
0 650 657.716 300 89
0 650 657.773 300 89
0 650 657.837 300 89
0 650 657.893 300 89
0 650 657.954 300 89
0 650 658.016 300 89
0 650 658.078 300 89
0 650 658.168 300 89
0 650 658.256 300 89
0 650 658.351 300 89
0 650 658.438 300 89
0 650 658.532 300 89
0 650 658.618 300 89
0 650 658.71 300 89
0 650 658.793 300 89
0 650 658.883 300 89
0 650 658.968 300 89
0 650 659.06 300 89
0 650 659.15 300 89
0 650 659.241 300 89
0 650 659.319 300 89
0 650 659.41 300 89
0 650 659.497 300 89
0 650 659.584 300 89
0 650 659.662 300 89
0 650 659.748 300 89
0 650 659.836 300 89
0 650 659.923 300 89
0 650 660.009 300 89
0 650 660.094 300 89
0 650 660.146 300 89
0 650 660.228 300 89
0 650 660.316 300 89
0 650 660.41 300 89
0 650 660.504 300 89
0 650 660.596 300 89
0 650 660.685 300 89
0 650 660.776 300 89
0 650 660.857 300 89
0 650 660.918 300 89
0 650 661.008 300 89
0 650 661.1 300 89
0 650 661.198 300 89
0 650 661.282 300 89
0 650 661.385 300 89
0 650 661.481 300 89
0 650 661.574 300 89
0 650 661.669 300 89
0 650 661.757 300 89
0 650 661.844 300 89
0 650 661.928 300 89
0 650 661.993 300 89
0 650 662.054 300 89
0 650 662.118 300 89
0 650 662.185 300 89
0 650 662.243 300 89
0 650 662.305 300 89
0 650 662.372 300 89
0 650 662.431 300 89
0 650 662.494 300 89
0 650 662.556 300 89
0 650 662.632 300 89
0 650 662.696 300 89
0 650 662.751 300 89
0 650 662.841 300 89
0 650 662.938 300 89
0 650 663.028 300 89
0 650 663.119 300 89
0 650 663.207 300 89
0 650 663.3 300 89
0 650 663.389 300 89
0 650 663.471 300 89
0 650 663.556 300 89
0 650 663.642 300 89
0 650 663.728 300 89
0 650 663.809 300 89
0 650 663.892 300 89
0 650 663.981 300 89
0 650 664.065 300 89
0 650 664.15 300 89
0 650 664.244 300 89
0 650 664.329 300 89
0 650 664.41 300 89
0 650 664.499 300 89
0 650 664.588 300 89
0 650 664.69 300 89
0 650 664.796 300 89
0 650 664.867 300 89
0 650 664.951 300 89
0 650 665.039 300 89
0 650 665.128 300 89
0 650 665.226 300 89
0 650 665.315 300 89
0 650 665.423 300 89
0 650 665.515 300 89
0 650 665.598 300 89
0 650 665.681 300 89
0 650 665.763 300 89
0 650 665.853 300 89
0 650 665.939 300 89
0 650 666.024 300 89
0 650 666.109 300 89
0 650 666.204 300 89
0 650 666.292 300 89
0 650 666.378 300 89
0 650 666.463 300 89
0 650 666.555 300 89
0 650 666.642 300 89
0 650 666.744 300 89
0 650 666.85 300 89
0 650 666.939 300 89
0 650 667.028 300 89
0 650 667.114 300 89
0 650 667.197 300 89
0 650 667.287 300 89
0 650 667.371 300 89
0 650 667.463 300 89
0 650 667.545 300 89
0 650 667.625 300 89
0 650 667.707 300 89
0 650 667.788 300 89
0 650 667.873 300 89
0 650 667.958 300 89
0 650 668.05 300 89
0 650 668.151 300 89
0 650 668.234 300 89
0 650 668.325 300 89
0 650 668.419 300 89
0 650 668.515 300 89
0 650 668.599 300 89
0 650 668.686 300 89
0 650 668.774 300 89
0 650 668.885 300 89
0 650 668.997 300 89
0 650 669.112 300 89
0 650 669.226 300 89
0 650 669.363 300 89
0 650 669.488 300 89
0 650 669.603 300 89
0 650 669.725 300 89
0 650 669.848 300 89
0 650 669.96 300 89
0 650 670.084 300 89
0 650 670.204 300 89
0 650 670.33 300 89
0 650 670.46 300 89
0 650 670.581 300 89
0 650 670.714 300 89
0 650 670.832 300 89
0 650 670.946 300 89
0 650 671.062 300 89
0 650 671.188 300 89
0 650 671.313 300 89
0 650 671.425 300 89
0 650 671.54 300 89
0 650 671.658 300 89
0 650 671.768 300 89
0 650 671.872 300 89
0 650 671.988 300 89
0 650 672.104 300 89
0 650 672.221 300 89
0 650 672.339 300 89
0 650 672.458 300 89
0 650 672.57 300 89
0 650 672.691 300 89
0 650 672.815 300 89
0 650 672.936 300 89
0 650 673.043 300 89
0 650 673.164 300 89
0 650 673.294 300 89
0 650 673.417 300 89
0 650 673.539 300 89
0 650 673.663 300 89
0 650 673.796 300 89
0 650 673.901 300 89
0 650 674.015 300 89
0 650 674.142 300 89
0 650 674.275 300 89
0 650 674.384 300 89
0 650 674.505 300 89
0 650 674.626 300 89
0 650 674.736 300 89
0 650 674.843 300 89
0 650 674.965 300 89
0 650 675.072 300 89
0 650 675.191 300 89
0 650 675.307 300 89
0 650 675.421 300 89
0 650 675.553 300 89
0 650 675.678 300 89
0 650 675.801 300 89
0 650 675.919 300 89
0 650 676.048 300 89
0 650 676.184 300 89
0 650 676.3 300 89
0 650 676.403 300 89
0 650 676.52 300 89
0 650 676.639 300 89
0 650 676.724 300 89
0 650 676.856 300 89
0 650 676.973 300 89
0 650 677.091 300 89
0 650 677.198 300 89
0 650 677.28 300 89
0 650 677.401 300 89
0 650 677.516 300 89
0 650 677.621 300 89
0 650 677.741 300 89
0 650 677.863 300 89
0 650 677.976 300 89
0 650 678.081 300 89
0 650 678.204 300 89
0 650 678.307 300 89
0 650 678.415 300 89
0 650 678.542 300 89
0 650 678.609 300 89
0 650 678.67 300 89
0 650 678.732 300 89
0 650 678.797 300 89
0 650 678.86 300 89
0 650 678.92 300 89
0 650 678.981 300 89
0 650 679.041 300 89
0 650 679.106 300 89
0 650 679.17 300 89
0 650 679.229 300 89
0 650 679.322 300 89
0 650 679.41 300 89
0 650 679.5 300 89
0 650 679.587 300 89
0 650 679.669 300 89
0 650 679.756 300 89
0 650 679.815 300 89
0 650 679.875 300 89
0 650 679.932 300 89
0 650 679.989 300 89
0 650 680.054 300 89
0 650 680.113 300 89
0 650 680.172 300 89
0 650 680.233 300 89
0 650 680.298 300 89
0 650 680.363 300 89
0 650 680.422 300 89
0 650 680.477 300 89
0 650 680.547 300 89
0 650 680.635 300 89
0 650 680.734 300 89
0 650 680.833 300 89
0 650 680.927 300 89
0 650 681.015 300 89
0 650 681.102 300 89
0 650 681.216 300 89
0 650 681.318 300 89
0 650 681.404 300 89
0 650 681.503 300 89
0 650 681.609 300 89
0 650 681.702 300 89
0 650 681.79 300 89
0 650 681.878 300 89
0 650 681.981 300 89
0 650 682.071 300 89
0 650 682.16 300 89
0 650 682.246 300 89
0 650 682.326 300 89
0 650 682.409 300 89
0 650 682.5 300 89
0 650 682.58 300 89
0 650 682.663 300 89
0 650 682.74 300 89
0 650 682.829 300 89
0 650 682.916 300 89
0 650 682.997 300 89
0 650 683.081 300 89
0 650 683.17 300 89
0 650 683.261 300 89
0 650 683.343 300 89
0 650 683.432 300 89
0 650 683.521 300 89
0 650 683.608 300 89
0 650 683.688 300 89
0 650 683.774 300 89
0 650 683.853 300 89
0 650 683.938 300 89
0 650 684.032 300 89
0 650 684.119 300 89
0 650 684.255 300 89
0 650 684.368 300 89
0 650 684.46 300 89
0 650 684.552 300 89
0 650 684.656 300 89
0 650 684.75 300 89
0 650 684.834 300 89
0 650 684.925 300 89
0 650 685.017 300 89
0 650 685.112 300 89
0 650 685.216 300 89
0 650 685.302 300 89
0 650 685.388 300 89
0 650 685.467 300 89
0 650 685.546 300 89
0 650 685.627 300 89
0 650 685.71 300 89
0 650 685.793 300 89
0 650 685.87 300 89
0 650 685.956 300 89
0 650 686.031 300 89
0 650 686.165 300 89
0 650 686.294 300 89
0 650 686.391 300 89
0 650 686.495 300 89
0 650 686.594 300 89
0 650 686.695 300 89
0 650 686.792 300 89
0 650 686.865 300 89
0 650 686.949 300 89
0 650 687.031 300 89
0 650 687.115 300 89
0 650 687.205 300 89
0 650 687.298 300 89
0 650 687.375 300 89
0 650 687.464 300 89
0 650 687.554 300 89
0 650 687.637 300 89
0 650 687.701 300 89
0 650 687.784 300 89
0 650 687.856 300 89
0 650 687.944 300 89
0 650 688.039 300 89
0 650 688.13 300 89
0 650 688.218 300 89
0 650 688.282 300 89
0 650 688.349 300 89
0 650 688.415 300 89
0 650 688.476 300 89
0 650 688.528 300 89
0 650 688.594 300 89
0 650 688.652 300 89
0 650 688.71 300 89
0 650 688.761 300 89
0 650 688.817 300 89
0 650 688.869 300 89
0 650 688.921 300 89
0 650 688.978 300 89
0 650 689.036 300 89
0 650 689.097 300 89
0 650 689.167 300 89
0 650 689.262 300 89
0 650 689.344 300 89
0 650 689.425 300 89
0 650 689.506 300 89
0 650 689.595 300 89
0 650 689.686 300 89
0 650 689.768 300 89
0 650 689.853 300 89
0 650 689.938 300 89
0 650 690.03 300 89
0 650 690.113 300 89
0 650 690.204 300 89
0 650 690.313 300 89
0 650 690.4 300 89
0 650 690.493 300 89
0 650 690.578 300 89
0 650 690.663 300 89
0 650 690.747 300 89
0 650 690.832 300 89
0 650 690.921 300 89
0 650 691.017 300 89
0 650 691.109 300 89
0 650 691.197 300 89
0 650 691.283 300 89
0 650 691.339 300 89
0 650 691.395 300 89
0 650 691.453 300 89
0 650 691.524 300 89
0 650 691.607 300 89
0 650 691.696 300 89
0 650 691.78 300 89
0 650 691.89 300 89
0 650 691.981 300 89
0 650 692.07 300 89
0 650 692.155 300 89
0 650 692.269 300 89
0 650 692.363 300 89
0 650 692.451 300 89
0 650 692.537 300 89
0 650 692.637 300 89
0 650 692.743 300 89
0 650 692.839 300 89
0 650 692.929 300 89
0 650 693.016 300 89
0 650 693.118 300 89
0 650 693.221 300 89
0 650 693.311 300 89
0 650 693.394 300 89
0 650 693.485 300 89
0 650 693.605 300 89
0 650 693.712 300 89
0 650 693.806 300 89
0 650 693.891 300 89
0 650 693.956 300 89
0 650 694.048 300 89
0 650 694.131 300 89
0 650 694.222 300 89
0 650 694.304 300 89
0 650 694.395 300 89
0 650 694.483 300 89
0 650 694.566 300 89
0 650 694.653 300 89
0 650 694.741 300 89
0 650 694.828 300 89
0 650 694.912 300 89
0 650 695.004 300 89
0 650 695.094 300 89
0 650 695.177 300 89
0 650 695.259 300 89
0 650 695.344 300 89
0 650 695.429 300 89
0 650 695.515 300 89
0 650 695.603 300 89
0 650 695.69 300 89
0 650 695.745 300 89
0 650 695.83 300 89
0 650 695.919 300 89
0 650 696.013 300 89
0 650 696.104 300 89
0 650 696.191 300 89
0 650 696.284 300 89
0 650 696.366 300 89
0 650 696.457 300 89
0 650 696.548 300 89
0 650 696.638 300 89
0 650 696.721 300 89
0 650 696.804 300 89
0 650 696.893 300 89
0 650 696.98 300 89
0 650 697.064 300 89
0 650 697.145 300 89
0 650 697.232 300 89
0 650 697.32 300 89
0 650 697.406 300 89
0 650 697.488 300 89
0 650 697.575 300 89
0 650 697.661 300 89
0 650 697.749 300 89
0 650 697.839 300 89
0 650 697.932 300 89
0 650 698.01 300 89
0 650 698.104 300 89
0 650 698.198 300 89
0 650 698.296 300 89
0 650 698.381 300 89
0 650 698.469 300 89
0 650 698.558 300 89
0 650 698.657 300 89
0 650 698.732 300 89
0 650 698.82 300 89
0 650 698.9 300 89
0 650 698.993 300 89
0 650 699.085 300 89
0 650 699.176 300 89
0 650 699.261 300 89
0 650 699.34 300 89
0 650 699.43 300 89
0 650 699.524 300 89
0 650 699.602 300 89
0 650 699.69 300 89
0 650 699.78 300 89
0 650 699.87 300 89
0 650 699.96 300 89
0 650 700.047 300 89
0 650 700.135 300 89
0 650 700.22 300 89
0 650 700.308 300 89
0 650 700.392 300 89
0 650 700.488 300 89
0 650 700.575 300 89
0 650 700.678 300 89
0 650 700.759 300 89
0 650 700.846 300 89
0 650 700.93 300 89
0 650 701.015 300 89
0 650 701.101 300 89
0 650 701.187 300 89
0 650 701.279 300 89
0 650 701.361 300 89
0 650 701.443 300 89
0 650 701.519 300 89
0 650 701.605 300 89
0 650 701.689 300 89
0 650 701.771 300 89
0 650 701.856 300 89
0 650 701.939 300 89
0 650 702.027 300 89
0 650 702.112 300 89
0 650 702.194 300 89
0 650 702.288 300 89
0 650 702.375 300 89
0 650 702.464 300 89
0 650 702.557 300 89
0 650 702.651 300 89
0 650 702.734 300 89
0 650 702.815 300 89
0 650 702.903 300 89
0 650 702.986 300 89
0 650 703.074 300 89
0 650 703.168 300 89
0 650 703.254 300 89
0 650 703.336 300 89
0 650 703.424 300 89
0 650 703.509 300 89
0 650 703.594 300 89
0 650 703.687 300 89
0 650 703.778 300 89
0 650 703.869 300 89
0 650 703.95 300 89
0 650 704.04 300 89
0 650 704.129 300 89
0 650 704.21 300 89
0 650 704.286 300 89
0 650 704.375 300 89
0 650 704.455 300 89
0 650 704.549 300 89
0 650 704.631 300 89
0 650 704.718 300 89
0 650 704.806 300 89
0 650 704.891 300 89
0 650 704.979 300 89
0 650 705.065 300 89
0 650 705.143 300 89
0 650 705.227 300 89
0 650 705.318 300 89
0 650 705.409 300 89
0 650 705.501 300 89
0 650 705.581 300 89
0 650 705.666 300 89
0 650 705.759 300 89
0 650 705.85 300 89
0 650 705.935 300 89
0 650 706.024 300 89
0 650 706.111 300 89
0 650 706.207 300 89
0 650 706.296 300 89
0 650 706.381 300 89
0 650 706.465 300 89
0 650 706.557 300 89
0 650 706.644 300 89
0 650 706.724 300 89
0 650 706.803 300 89
0 650 706.892 300 89
0 650 707.011 300 89
0 650 707.101 300 89
0 650 707.193 300 89
0 650 707.283 300 89
0 650 707.366 300 89
0 650 707.449 300 89
0 650 707.542 300 89
0 650 707.633 300 89
0 650 707.713 300 89
0 650 707.809 300 89
0 650 707.898 300 89
0 650 707.987 300 89
0 650 708.079 300 89
0 650 708.17 300 89
0 650 708.259 300 89
0 650 708.34 300 89
0 650 708.428 300 89
0 650 708.514 300 89
0 650 708.609 300 89
0 650 708.704 300 89
0 650 708.791 300 89
0 650 708.884 300 89
0 650 708.971 300 89
0 650 709.059 300 89
0 650 709.139 300 89
0 650 709.222 300 89
0 650 709.286 300 89
0 650 709.364 300 89
0 650 709.457 300 89
0 650 709.54 300 89
0 650 709.633 300 89
0 650 709.714 300 89
0 650 709.805 300 89
0 650 709.901 300 89
0 650 709.985 300 89
0 650 710.083 300 89
0 650 710.174 300 89
0 650 710.264 300 89
0 650 710.352 300 89
0 650 710.441 300 89
0 650 710.527 300 89
0 650 710.617 300 89
0 650 710.707 300 89
0 650 710.798 300 89
0 650 710.905 300 89
0 650 710.991 300 89
0 650 711.074 300 89
0 650 711.184 300 89
0 650 711.274 300 89
0 650 711.357 300 89
0 650 711.441 300 89
0 650 711.536 300 89
0 650 711.619 300 89
0 650 711.71 300 89
0 650 711.8 300 89
0 650 711.881 300 89
0 650 711.97 300 89
0 650 712.054 300 89
0 650 712.142 300 89
0 650 712.233 300 89
0 650 712.323 300 89
0 650 712.417 300 89
0 650 712.521 300 89
0 650 712.612 300 89
0 650 712.707 300 89
0 650 712.798 300 89
0 650 712.893 300 89
0 650 712.978 300 89
0 650 713.066 300 89
0 650 713.15 300 89
0 650 713.238 300 89
0 650 713.329 300 89
0 650 713.409 300 89
0 650 713.496 300 89
0 650 713.583 300 89
0 650 713.677 300 89
0 650 713.768 300 89
0 650 713.856 300 89
0 650 713.947 300 89
0 650 714.038 300 89
0 650 714.134 300 89
0 650 714.222 300 89
0 650 714.313 300 89
0 650 714.398 300 89
0 650 714.486 300 89
0 650 714.582 300 89
0 650 714.665 300 89
0 650 714.758 300 89
0 650 714.847 300 89
0 650 714.938 300 89
0 650 715.023 300 89
0 650 715.105 300 89
0 650 715.193 300 89
0 650 715.279 300 89
0 650 715.369 300 89
0 650 715.453 300 89
0 650 715.531 300 89
0 650 715.623 300 89
0 650 715.734 300 89
0 650 715.816 300 89
0 650 715.9 300 89
0 650 715.992 300 89
0 650 716.093 300 89
0 650 716.177 300 89
0 650 716.276 300 89
0 650 716.361 300 89
0 650 716.45 300 89
0 650 716.534 300 89
0 650 716.619 300 89
0 650 716.706 300 89
0 650 716.784 300 89
0 650 716.864 300 89
0 650 716.956 300 89
0 650 717.036 300 89
0 650 717.118 300 89
0 650 717.192 300 89
0 650 717.28 300 89
0 650 717.36 300 89
0 650 717.447 300 89
0 650 717.519 300 89
0 650 717.607 300 89
0 650 717.692 300 89
0 650 717.778 300 89
0 650 717.855 300 89
0 650 717.949 300 89
0 650 718.039 300 89
0 650 718.122 300 89
0 650 718.207 300 89
0 650 718.303 300 89
0 650 718.393 300 89
0 650 718.483 300 89
0 650 718.573 300 89
0 650 718.665 300 89
0 650 718.75 300 89
0 650 718.834 300 89
0 650 718.916 300 89
0 650 719.004 300 89
0 650 719.093 300 89
0 650 719.178 300 89
0 650 719.273 300 89
0 650 719.354 300 89
0 650 719.435 300 89
0 650 719.52 300 89
0 650 719.588 300 89
0 650 719.675 300 89
0 650 719.754 300 89
0 650 719.845 300 89
0 650 719.927 300 89
0 650 720.013 300 89
0 650 720.097 300 89
0 650 720.184 300 89
0 650 720.259 300 89
0 650 720.36 300 89
0 650 720.457 300 89
0 650 720.541 300 89
0 650 720.631 300 89
0 650 720.712 300 89
0 650 720.8 300 89
0 650 720.886 300 89
0 650 720.969 300 89
0 650 721.055 300 89
0 650 721.135 300 89
0 650 721.222 300 89
0 650 721.313 300 89
0 650 721.4 300 89
0 650 721.479 300 89
0 650 721.563 300 89
0 650 721.654 300 89
0 650 721.733 300 89
0 650 721.821 300 89
0 650 721.879 300 89
0 650 721.959 300 89
0 650 722.036 300 89
0 650 722.122 300 89
0 650 722.211 300 89
0 650 722.288 300 89
0 650 722.375 300 89
0 650 722.464 300 89
0 650 722.548 300 89
0 650 722.63 300 89
0 650 722.726 300 89
0 650 722.812 300 89
0 650 722.904 300 89
0 650 723 300 89
0 650 723.093 300 89
0 650 723.181 300 89
0 650 723.269 300 89
0 650 723.351 300 89
0 650 723.426 300 89
0 650 723.518 300 89
0 650 723.604 300 89
0 650 723.694 300 89
0 650 723.782 300 89
0 650 723.869 300 89
0 650 723.961 300 89
0 650 724.046 300 89
0 650 724.139 300 89
0 650 724.225 300 89
0 650 724.302 300 89
0 650 724.387 300 89
0 650 724.475 300 89
0 650 724.569 300 89
0 650 724.665 300 89
0 650 724.755 300 89
0 650 724.848 300 89
0 650 724.931 300 89
0 650 725.023 300 89
0 650 725.113 300 89
0 650 725.204 300 89
0 650 725.295 300 89
0 650 725.389 300 89
0 650 725.488 300 89
0 650 725.574 300 89
0 650 725.659 300 89
0 650 725.742 300 89
0 650 725.826 300 89
0 650 725.884 300 89
0 650 725.946 300 89
0 650 726.008 300 89
0 650 726.063 300 89
0 650 726.126 300 89
0 650 726.188 300 89
0 650 726.245 300 89
0 650 726.304 300 89
0 650 726.363 300 89
0 650 726.425 300 89
0 650 726.484 300 89
0 650 726.552 300 89
0 650 726.607 300 89
0 650 726.668 300 89
0 650 726.751 300 89
0 650 726.812 300 89
0 650 726.874 300 89
0 650 726.935 300 89
0 650 727.002 300 89
0 650 727.061 300 89
0 650 727.113 300 89
0 650 727.172 300 89
0 650 727.237 300 89
0 650 727.3 300 89
0 650 727.363 300 89
0 650 727.42 300 89
0 650 727.479 300 89
0 650 727.542 300 89
0 650 727.608 300 89
0 650 727.669 300 89
0 650 727.728 300 89
0 650 727.792 300 89
0 650 727.853 300 89
0 650 727.92 300 89
0 650 727.982 300 89
0 650 728.052 300 89
0 650 728.11 300 89
0 650 728.165 300 89
0 650 728.221 300 89
0 650 728.277 300 89
0 650 728.34 300 89
0 650 728.423 300 89
0 650 728.513 300 89
0 650 728.606 300 89
0 650 728.697 300 89
0 650 728.8 300 89
0 650 728.885 300 89
0 650 728.976 300 89
0 650 729.064 300 89
0 650 729.151 300 89
0 650 729.225 300 89
0 650 729.32 300 89
0 650 729.406 300 89
0 650 729.491 300 89
0 650 729.588 300 89
0 650 729.683 300 89
0 650 729.757 300 89
0 650 729.821 300 89
0 650 729.915 300 89
0 650 730.007 300 89
0 650 730.095 300 89
0 650 730.175 300 89
0 650 730.269 300 89
0 650 730.362 300 89
0 650 730.454 300 89
0 650 730.54 300 89
0 650 730.622 300 89
0 650 730.705 300 89
0 650 730.793 300 89
0 650 730.883 300 89
0 650 730.967 300 89
0 650 731.061 300 89
0 650 731.151 300 89
0 650 731.236 300 89
0 650 731.32 300 89
0 650 731.416 300 89
0 650 731.506 300 89
0 650 731.598 300 89
0 650 731.681 300 89
0 650 731.771 300 89
0 650 731.864 300 89
0 650 731.959 300 89
0 650 732.051 300 89
0 650 732.136 300 89
0 650 732.22 300 89
0 650 732.307 300 89
0 650 732.397 300 89
0 650 732.485 300 89
0 650 732.575 300 89
0 650 732.661 300 89
0 650 732.76 300 89
0 650 732.853 300 89
0 650 732.934 300 89
0 650 733.014 300 89
0 650 733.094 300 89
0 650 733.186 300 89
0 650 733.268 300 89
0 650 733.356 300 89
0 650 733.442 300 89
0 650 733.527 300 89
0 650 733.608 300 89
0 650 733.694 300 89
0 650 733.778 300 89
0 650 733.868 300 89
0 650 733.949 300 89
0 650 734.034 300 89
0 650 734.127 300 89
0 650 734.215 300 89
0 650 734.299 300 89
0 650 734.382 300 89
0 650 734.474 300 89
0 650 734.561 300 89
0 650 734.649 300 89
0 650 734.738 300 89
0 650 734.819 300 89
0 650 734.957 300 89
0 650 735.047 300 89
0 650 735.132 300 89
0 650 735.224 300 89
0 650 735.313 300 89
0 650 735.403 300 89
0 650 735.488 300 89
0 650 735.583 300 89
0 650 735.67 300 89
0 650 735.758 300 89
0 650 735.848 300 89
0 650 735.93 300 89
0 650 736.027 300 89
0 650 736.121 300 89
0 650 736.209 300 89
0 650 736.301 300 89
0 650 736.386 300 89
0 650 736.471 300 89
0 650 736.545 300 89
0 650 736.631 300 89
0 650 736.719 300 89
0 650 736.81 300 89
0 650 736.903 300 89
0 650 737.003 300 89
0 650 737.094 300 89
0 650 737.18 300 89
0 650 737.266 300 89
0 650 737.357 300 89
0 650 737.444 300 89
0 650 737.536 300 89
0 650 737.62 300 89
0 650 737.712 300 89
0 650 737.788 300 89
0 650 737.883 300 89
0 650 737.981 300 89
0 650 738.062 300 89
0 650 738.154 300 89
0 650 738.24 300 89
0 650 738.326 300 89
0 650 738.388 300 89
0 650 738.451 300 89
0 650 738.512 300 89
0 650 738.574 300 89
0 650 738.637 300 89
0 650 738.697 300 89
0 650 738.761 300 89
0 650 738.816 300 89
0 650 738.879 300 89
0 650 738.943 300 89
0 650 739.004 300 89
0 650 739.065 300 89
0 650 739.131 300 89
0 650 739.188 300 89
0 650 739.247 300 89
0 650 739.307 300 89
0 650 739.367 300 89
0 650 739.421 300 89
0 650 739.499 300 89
0 650 739.584 300 89
0 650 739.674 300 89
0 650 739.762 300 89
0 650 739.855 300 89
0 650 739.932 300 89
0 650 740.019 300 89
0 650 740.104 300 89
0 650 740.188 300 89
0 650 740.255 300 89
0 650 740.316 300 89
0 650 740.381 300 89
0 650 740.444 300 89
0 650 740.506 300 89
0 650 740.569 300 89
0 650 740.628 300 89
0 650 740.685 300 89
0 650 740.751 300 89
0 650 740.81 300 89
0 650 740.874 300 89
0 650 740.939 300 89
0 650 741.003 300 89
0 650 741.067 300 89
0 650 741.131 300 89
0 650 741.197 300 89
0 650 741.258 300 89
0 650 741.318 300 89
0 650 741.378 300 89
0 650 741.442 300 89
0 650 741.503 300 89
0 650 741.565 300 89
0 650 741.626 300 89
0 650 741.69 300 89
0 650 741.756 300 89
0 650 741.827 300 89
0 650 741.917 300 89
0 650 742.007 300 89
0 650 742.101 300 89
0 650 742.188 300 89
0 650 742.281 300 89
0 650 742.37 300 89
0 650 742.456 300 89
0 650 742.542 300 89
0 650 742.631 300 89
0 650 742.712 300 89
0 650 742.794 300 89
0 650 742.888 300 89
0 650 742.978 300 89
0 650 743.063 300 89
0 650 743.152 300 89
0 650 743.237 300 89
0 650 743.32 300 89
0 650 743.407 300 89
0 650 743.494 300 89
0 650 743.584 300 89
0 650 743.675 300 89
0 650 743.771 300 89
0 650 743.86 300 89
0 650 743.948 300 89
0 650 744.037 300 89
0 650 744.124 300 89
0 650 744.209 300 89
0 650 744.288 300 89
0 650 744.379 300 89
0 650 744.469 300 89
0 650 744.565 300 89
0 650 744.652 300 89
0 650 744.739 300 89
0 650 744.831 300 89
0 650 744.92 300 89
0 650 745.013 300 89
0 650 745.092 300 89
0 650 745.18 300 89
0 650 745.265 300 89
0 650 745.353 300 89
0 650 745.437 300 89
0 650 745.52 300 89
0 650 745.609 300 89
0 650 745.697 300 89
0 650 745.782 300 89
0 650 745.868 300 89
0 650 745.956 300 89
0 650 746.044 300 89
0 650 746.134 300 89
0 650 746.222 300 89
0 650 746.306 300 89
0 650 746.393 300 89
0 650 746.481 300 89
0 650 746.56 300 89
0 650 746.646 300 89
0 650 746.735 300 89
0 650 746.82 300 89
0 650 746.908 300 89
0 650 746.997 300 89
0 650 747.076 300 89
0 650 747.185 300 89
0 650 747.262 300 89
0 650 747.35 300 89
0 650 747.443 300 89
0 650 747.538 300 89
0 650 747.627 300 89
0 650 747.711 300 89
0 650 747.805 300 89
0 650 747.876 300 89
0 650 747.963 300 89
0 650 748.036 300 89
0 650 748.124 300 89
0 650 748.213 300 89
0 650 748.303 300 89
0 650 748.396 300 89
0 650 748.484 300 89
0 650 748.575 300 89
0 650 748.661 300 89
0 650 748.745 300 89
0 650 748.827 300 89
0 650 748.916 300 89
0 650 748.995 300 89
0 650 749.082 300 89
0 650 749.155 300 89
0 650 749.243 300 89
0 650 749.322 300 89
0 650 749.408 300 89
0 650 749.49 300 89
0 650 749.581 300 89
0 650 749.671 300 89
0 650 749.759 300 89
0 650 749.846 300 89
0 650 749.929 300 89
0 650 750.018 300 89
0 650 750.105 300 89
0 650 750.197 300 89
0 650 750.289 300 89
0 650 750.387 300 89
0 650 750.475 300 89
0 650 750.556 300 89
0 650 750.639 300 89
0 650 750.726 300 89
0 650 750.825 300 89
0 650 750.886 300 89
0 650 750.97 300 89
0 650 751.064 300 89
0 650 751.145 300 89
0 650 751.236 300 89
0 650 751.319 300 89
0 650 751.401 300 89
0 650 751.493 300 89
0 650 751.589 300 89
0 650 751.676 300 89
0 650 751.758 300 89
0 650 751.85 300 89
0 650 751.935 300 89
0 650 752.028 300 89
0 650 752.119 300 89
0 650 752.207 300 89
0 650 752.317 300 89
0 650 752.404 300 89
0 650 752.49 300 89
0 650 752.579 300 89
0 650 752.668 300 89
0 650 752.756 300 89
0 650 752.84 300 89
0 650 752.933 300 89
0 650 753.025 300 89
0 650 753.118 300 89
0 650 753.21 300 89
0 650 753.298 300 89
0 650 753.385 300 89
0 650 753.47 300 89
0 650 753.558 300 89
0 650 753.654 300 89
0 650 753.739 300 89
0 650 753.824 300 89
0 650 753.909 300 89
0 650 753.997 300 89
0 650 754.084 300 89
0 650 754.179 300 89
0 650 754.262 300 89
0 650 754.346 300 89
0 650 754.432 300 89
0 650 754.52 300 89
0 650 754.612 300 89
0 650 754.693 300 89
0 650 754.785 300 89
0 650 754.873 300 89
0 650 754.964 300 89
0 650 755.055 300 89
0 650 755.146 300 89
0 650 755.236 300 89
0 650 755.322 300 89
0 650 755.409 300 89
0 650 755.497 300 89
0 650 755.58 300 89
0 650 755.643 300 89
0 650 755.703 300 89
0 650 755.76 300 89
0 650 755.814 300 89
0 650 755.874 300 89
0 650 755.93 300 89
0 650 755.986 300 89
0 650 756.048 300 89
0 650 756.108 300 89
0 650 756.174 300 89
0 650 756.235 300 89
0 650 756.301 300 89
0 650 756.359 300 89
0 650 756.421 300 89
0 650 756.48 300 89
0 650 756.542 300 89
0 650 756.603 300 89
0 650 756.665 300 89
0 650 756.744 300 89
0 650 756.842 300 89
0 650 756.922 300 89
0 650 757.012 300 89
0 650 757.102 300 89
0 650 757.19 300 89
0 650 757.282 300 89
0 650 757.414 300 89
0 650 757.501 300 89
0 650 757.591 300 89
0 650 757.681 300 89
0 650 757.761 300 89
0 650 757.848 300 89
0 650 757.932 300 89
0 650 758.022 300 89
0 650 758.108 300 89
0 650 758.2 300 89
0 650 758.287 300 89
0 650 758.371 300 89
0 650 758.456 300 89
0 650 758.542 300 89
0 650 758.624 300 89
0 650 758.708 300 89
0 650 758.796 300 89
0 650 758.891 300 89
0 650 758.985 300 89
0 650 759.075 300 89
0 650 759.173 300 89
0 650 759.263 300 89
0 650 759.352 300 89
0 650 759.437 300 89
0 650 759.515 300 89
0 650 759.6 300 89
0 650 759.683 300 89
0 650 759.765 300 89
0 650 759.854 300 89
0 650 759.939 300 89
0 650 760.034 300 89
0 650 760.121 300 89
0 650 760.206 300 89
0 650 760.291 300 89
0 650 760.383 300 89
0 650 760.472 300 89
0 650 760.558 300 89
0 650 760.648 300 89
0 650 760.738 300 89
0 650 760.82 300 89
0 650 760.905 300 89
0 650 760.992 300 89
0 650 761.082 300 89
0 650 761.172 300 89
0 650 761.256 300 89
0 650 761.347 300 89
0 650 761.485 300 89
0 650 761.574 300 89
0 650 761.659 300 89
0 650 761.745 300 89
0 650 761.832 300 89
0 650 761.922 300 89
0 650 762.016 300 89
0 650 762.106 300 89
0 650 762.196 300 89
0 650 762.291 300 89
0 650 762.372 300 89
0 650 762.46 300 89
0 650 762.546 300 89
0 650 762.633 300 89
0 650 762.718 300 89
0 650 762.794 300 89
0 650 762.885 300 89
0 650 762.971 300 89
0 650 763.067 300 89
0 650 763.15 300 89
0 650 763.233 300 89
0 650 763.321 300 89
0 650 763.409 300 89
0 650 763.508 300 89
0 650 763.593 300 89
0 650 763.685 300 89
0 650 763.765 300 89
0 650 763.839 300 89
0 650 763.932 300 89
0 650 764.018 300 89
0 650 764.109 300 89
0 650 764.196 300 89
0 650 764.277 300 89
0 650 764.36 300 89
0 650 764.451 300 89
0 650 764.535 300 89
0 650 764.627 300 89
0 650 764.712 300 89
0 650 764.797 300 89
0 650 764.888 300 89
0 650 764.979 300 89
0 650 765.06 300 89
0 650 765.153 300 89
0 650 765.237 300 89
0 650 765.329 300 89
0 650 765.407 300 89
0 650 765.501 300 89
0 650 765.582 300 89
0 650 765.673 300 89
0 650 765.759 300 89
0 650 765.852 300 89
0 650 765.931 300 89
0 650 766.015 300 89
0 650 766.113 300 89
0 650 766.207 300 89
0 650 766.311 300 89
0 650 766.396 300 89
0 650 766.48 300 89
0 650 766.565 300 89
0 650 766.654 300 89
0 650 766.75 300 89
0 650 766.835 300 89
0 650 766.916 300 89
0 650 767.007 300 89
0 650 767.095 300 89
0 650 767.187 300 89
0 650 767.278 300 89
0 650 767.371 300 89
0 650 767.455 300 89
0 650 767.544 300 89
0 650 767.634 300 89
0 650 767.723 300 89
0 650 767.809 300 89
0 650 767.898 300 89
0 650 767.987 300 89
0 650 768.071 300 89
0 650 768.152 300 89
0 650 768.244 300 89
0 650 768.33 300 89
0 650 768.418 300 89
0 650 768.511 300 89
0 650 768.598 300 89
0 650 768.681 300 89
0 650 768.764 300 89
0 650 768.849 300 89
0 650 768.942 300 89
0 650 769.03 300 89
0 650 769.116 300 89
0 650 769.188 300 89
0 650 769.276 300 89
0 650 769.359 300 89
0 650 769.438 300 89
0 650 769.528 300 89
0 650 769.618 300 89
0 650 769.701 300 89
0 650 769.764 300 89
0 650 769.824 300 89
0 650 769.904 300 89
0 650 769.986 300 89
0 650 770.066 300 89
0 650 770.145 300 89
0 650 770.245 300 89
0 650 770.336 300 89
0 650 770.428 300 89
0 650 770.522 300 89
0 650 770.622 300 89
0 650 770.716 300 89
0 650 770.799 300 89
0 650 770.885 300 89
0 650 770.963 300 89
0 650 771.046 300 89
0 650 771.129 300 89
0 650 771.208 300 89
0 650 771.29 300 89
0 650 771.378 300 89
0 650 771.459 300 89
0 650 771.538 300 89
0 650 771.612 300 89
0 650 771.696 300 89
0 650 771.775 300 89
0 650 771.858 300 89
0 650 771.938 300 89
0 650 772.02 300 89
0 650 772.104 300 89
0 650 772.187 300 89
0 650 772.272 300 89
0 650 772.356 300 89
0 650 772.443 300 89
0 650 772.554 300 89
0 650 772.656 300 89
0 650 772.745 300 89
0 650 772.837 300 89
0 650 772.939 300 89
0 650 773.049 300 89
0 650 773.138 300 89
0 650 773.23 300 89
0 650 773.32 300 89
0 650 773.428 300 89
0 650 773.523 300 89
0 650 773.599 300 89
0 650 773.688 300 89
0 650 773.771 300 89
0 650 773.878 300 89
0 650 773.974 300 89
0 650 774.065 300 89
0 650 774.157 300 89
0 650 774.249 300 89
0 650 774.352 300 89
0 650 774.448 300 89
0 650 774.536 300 89
0 650 774.624 300 89
0 650 774.728 300 89
0 650 774.825 300 89
0 650 774.913 300 89
0 650 774.99 300 89
0 650 775.109 300 89
0 650 775.201 300 89
0 650 775.283 300 89
0 650 775.367 300 89
0 650 775.457 300 89
0 650 775.534 300 89
0 650 775.618 300 89
0 650 775.702 300 89
0 650 775.79 300 89
0 650 775.878 300 89
0 650 775.96 300 89
0 650 776.04 300 89
0 650 776.127 300 89
0 650 776.217 300 89
0 650 776.309 300 89
0 650 776.395 300 89
0 650 776.495 300 89
0 650 776.585 300 89
0 650 776.676 300 89
0 650 776.766 300 89
0 650 776.852 300 89
0 650 776.945 300 89
0 650 777.032 300 89
0 650 777.114 300 89
0 650 777.201 300 89
0 650 777.289 300 89
0 650 777.384 300 89
0 650 777.473 300 89
0 650 777.559 300 89
0 650 777.657 300 89
0 650 777.748 300 89
0 650 777.836 300 89
0 650 777.927 300 89
0 650 778.009 300 89
0 650 778.096 300 89
0 650 778.194 300 89
0 650 778.281 300 89
0 650 778.364 300 89
0 650 778.456 300 89
0 650 778.55 300 89
0 650 778.638 300 89
0 650 778.724 300 89
0 650 778.815 300 89
0 650 778.909 300 89
0 650 778.995 300 89
0 650 779.094 300 89
0 650 779.184 300 89
0 650 779.282 300 89
0 650 779.381 300 89
0 650 779.481 300 89
0 650 779.571 300 89
0 650 779.665 300 89
0 650 779.758 300 89
0 650 779.844 300 89
0 650 779.933 300 89
0 650 780.027 300 89
0 650 780.122 300 89
0 650 780.228 300 89
0 650 780.314 300 89
0 650 780.401 300 89
0 650 780.494 300 89
0 650 780.591 300 89
0 650 780.685 300 89
0 650 780.781 300 89
0 650 780.881 300 89
0 650 780.978 300 89
0 650 781.072 300 89
0 650 781.151 300 89
0 650 781.245 300 89
0 650 781.344 300 89
0 650 781.431 300 89
0 650 781.522 300 89
0 650 781.6 300 89
0 650 781.69 300 89
0 650 781.779 300 89
0 650 781.868 300 89
0 650 781.959 300 89
0 650 782.037 300 89
0 650 782.132 300 89
0 650 782.219 300 89
0 650 782.305 300 89
0 650 782.397 300 89
0 650 782.487 300 89
0 650 782.583 300 89
0 650 782.662 300 89
0 650 782.758 300 89
0 650 782.855 300 89
0 650 782.946 300 89
0 650 783.038 300 89
0 650 783.127 300 89
0 650 783.208 300 89
0 650 783.292 300 89
0 650 783.381 300 89
0 650 783.473 300 89
0 650 783.563 300 89
0 650 783.656 300 89
0 650 783.746 300 89
0 650 783.825 300 89
0 650 783.886 300 89
0 650 783.952 300 89
0 650 784.014 300 89
0 650 784.082 300 89
0 650 784.148 300 89
0 650 784.208 300 89
0 650 784.274 300 89
0 650 784.336 300 89
0 650 784.396 300 89
0 650 784.458 300 89
0 650 784.52 300 89
0 650 784.582 300 89
0 650 784.641 300 89
0 650 784.706 300 89
0 650 784.766 300 89
0 650 784.829 300 89
0 650 784.887 300 89
0 650 784.946 300 89
0 650 785.028 300 89
0 650 785.12 300 89
0 650 785.22 300 89
0 650 785.323 300 89
0 650 785.408 300 89
0 650 785.503 300 89
0 650 785.606 300 89
0 650 785.711 300 89
0 650 785.806 300 89
0 650 785.897 300 89
0 650 785.974 300 89
0 650 786.042 300 89
0 650 786.101 300 89
0 650 786.163 300 89
0 650 786.225 300 89
0 650 786.284 300 89
0 650 786.347 300 89
0 650 786.411 300 89
0 650 786.468 300 89
0 650 786.528 300 89
0 650 786.594 300 89
0 650 786.658 300 89
0 650 786.714 300 89
0 650 786.768 300 89
0 650 786.828 300 89
0 650 786.891 300 89
0 650 786.95 300 89
0 650 787.013 300 89
0 650 787.075 300 89
0 650 787.14 300 89
0 650 787.199 300 89
0 650 787.254 300 89
0 650 787.319 300 89
0 650 787.379 300 89
0 650 787.445 300 89
0 650 787.508 300 89
0 650 787.572 300 89
0 650 787.62 300 89
0 650 787.679 300 89
0 650 787.736 300 89
0 650 787.798 300 89
0 650 787.86 300 89
0 650 787.926 300 89
0 650 787.989 300 89
0 650 788.051 300 89
0 650 788.111 300 89
0 650 788.17 300 89
0 650 788.229 300 89
0 650 788.293 300 89
0 650 788.354 300 89
0 650 788.414 300 89
0 650 788.48 300 89
0 650 788.539 300 89
0 650 788.594 300 89
0 650 788.655 300 89
0 650 788.714 300 89
0 650 788.773 300 89
0 650 788.834 300 89
0 650 788.892 300 89
0 650 788.95 300 89
0 650 789.011 300 89
0 650 789.071 300 89
0 650 789.132 300 89
0 650 789.191 300 89
0 650 789.255 300 89
0 650 789.307 300 89
0 650 789.366 300 89
0 650 789.427 300 89
0 650 789.488 300 89
0 650 789.544 300 89
0 650 789.601 300 89
0 650 789.659 300 89
0 650 789.724 300 89
0 650 789.791 300 89
0 650 789.863 300 89
0 650 789.953 300 89
0 650 790.045 300 89
0 650 790.142 300 89
0 650 790.237 300 89
0 650 790.322 300 89
0 650 790.405 300 89
0 650 790.49 300 89
0 650 790.577 300 89
0 650 790.649 300 89
0 650 790.734 300 89
0 650 790.825 300 89
0 650 790.914 300 89
0 650 790.995 300 89
0 650 791.075 300 89
0 650 791.164 300 89
0 650 791.25 300 89
0 650 791.338 300 89
0 650 791.423 300 89
0 650 791.506 300 89
0 650 791.591 300 89
0 650 791.678 300 89
0 650 791.771 300 89
0 650 791.86 300 89
0 650 791.954 300 89
0 650 792.054 300 89
0 650 792.146 300 89
0 650 792.223 300 89
0 650 792.329 300 89
0 650 792.445 300 89
0 650 792.534 300 89
0 650 792.627 300 89
0 650 792.727 300 89
0 650 792.823 300 89
0 650 792.913 300 89
0 650 792.997 300 89
0 650 793.089 300 89
0 650 793.169 300 89
0 650 793.249 300 89
0 650 793.342 300 89
0 650 793.434 300 89
0 650 793.53 300 89
0 650 793.623 300 89
0 650 793.698 300 89
0 650 793.775 300 89
0 650 793.856 300 89
0 650 793.949 300 89
0 650 794.037 300 89
0 650 794.124 300 89
0 650 794.209 300 89
0 650 794.299 300 89
0 650 794.387 300 89
0 650 794.475 300 89
0 650 794.578 300 89
0 650 794.676 300 89
0 650 794.763 300 89
0 650 794.849 300 89
0 650 794.938 300 89
0 650 795.023 300 89
0 650 795.109 300 89
0 650 795.193 300 89
0 650 795.284 300 89
0 650 795.374 300 89
0 650 795.46 300 89
0 650 795.544 300 89
0 650 795.621 300 89
0 650 795.712 300 89
0 650 795.793 300 89
0 650 795.889 300 89
0 650 795.975 300 89
0 650 796.062 300 89
0 650 796.151 300 89
0 650 796.244 300 89
0 650 796.337 300 89
0 650 796.451 300 89
0 650 796.556 300 89
0 650 796.653 300 89
0 650 796.738 300 89
0 650 796.843 300 89
0 650 796.95 300 89
0 650 797.034 300 89
0 650 797.125 300 89
0 650 797.214 300 89
0 650 797.322 300 89
0 650 797.411 300 89
0 650 797.496 300 89
0 650 797.601 300 89
0 650 797.712 300 89
0 650 797.807 300 89
0 650 797.89 300 89
0 650 797.976 300 89
0 650 798.047 300 89
0 650 798.104 300 89
0 650 798.165 300 89
0 650 798.23 300 89
0 650 798.286 300 89
0 650 798.343 300 89
0 650 798.4 300 89
0 650 798.463 300 89
0 650 798.529 300 89
0 650 798.584 300 89
0 650 798.643 300 89
0 650 798.704 300 89
0 650 798.763 300 89
0 650 798.823 300 89
0 650 798.88 300 89
0 650 798.935 300 89
0 650 798.996 300 89
0 650 799.059 300 89
0 650 799.115 300 89
0 650 799.174 300 89
0 650 799.232 300 89
0 650 799.294 300 89
0 650 799.356 300 89
0 650 799.419 300 89
0 650 799.477 300 89
0 650 799.534 300 89
0 650 799.595 300 89
0 650 799.656 300 89
0 650 799.715 300 89
0 650 799.776 300 89
0 650 799.835 300 89
0 650 799.888 300 89
0 650 799.949 300 89
0 650 800.005 300 89
