0 773.2 0.014871 300 0
0 661.2 0.017986 0
0 661.2 0.076364 300 88
0 661.2 0.130715 300 88
0 661.2 0.183576 300 89
0 655.6 0.224132 89
0 655.6 0.262849 300 89
0 655.6 0.315731 300 89
0 655.6 0.370956 300 89
0 655.6 0.428289 300 89
0 655.6 0.486545 300 89
0 655.6 0.541636 300 89
0 655.6 0.592256 300 89
0 655.6 0.643819 300 89
0 655.6 0.695432 300 89
0 655.6 0.744376 300 89
0 655.6 0.79837 300 89
0 655.6 0.84748 300 89
0 655.6 0.897553 300 89
0 655.6 0.944794 300 89
0 655.6 1.00016 300 89
0 655.6 1.04803 300 89
0 655.6 1.09952 300 89
0 655.6 1.15586 300 89
0 655.6 1.20953 300 89
0 655.6 1.26263 300 89
0 655.6 1.31325 300 89
0 655.6 1.36599 300 89
0 655.6 1.4204 300 89
0 655.6 1.46699 300 89
0 655.6 1.52264 300 89
0 655.6 1.58202 300 89
0 655.6 1.63769 300 89
0 655.6 1.68795 300 89
0 655.6 1.74038 300 89
0 655.6 1.79156 300 89
0 655.6 1.84685 300 89
0 655.6 1.89937 300 89
0 655.6 1.95443 300 89
0 655.6 2.01031 300 89
0 655.6 2.06419 300 89
0 655.6 2.11601 300 89
0 655.6 2.16907 300 89
0 655.6 2.22383 300 89
0 655.6 2.27519 300 89
0 655.6 2.3324 300 89
0 655.6 2.3893 300 89
0 655.6 2.44391 300 89
0 655.6 2.49963 300 89
0 655.6 2.56229 300 89
0 655.6 2.61686 300 89
0 655.6 2.67199 300 89
0 655.6 2.7307 300 89
0 655.6 2.78694 300 89
0 655.6 2.84447 300 89
0 655.6 2.90064 300 89
0 655.6 2.95935 300 89
0 655.6 3.01841 300 89
0 655.6 3.07517 300 89
0 655.6 3.1394 300 89
0 655.6 3.19762 300 89
0 655.6 3.25321 300 89
0 655.6 3.31184 300 89
0 655.6 3.36788 300 89
0 655.6 3.42334 300 89
0 655.6 3.48638 300 89
0 655.6 3.54333 300 89
0 655.6 3.59942 300 89
0 655.6 3.66227 300 89
0 655.6 3.72072 300 89
0 655.6 3.78222 300 89
0 655.6 3.84162 300 89
0 655.6 3.89812 300 89
0 655.6 3.95184 300 89
0 655.6 4.00611 300 89
0 655.6 4.06769 300 89
0 655.6 4.12596 300 89
0 655.6 4.18464 300 89
0 655.6 4.2408 300 89
0 655.6 4.30189 300 89
0 655.6 4.36269 300 89
0 655.6 4.41995 300 89
0 655.6 4.4784 300 89
0 655.6 4.53737 300 89
0 655.6 4.5957 300 89
0 655.6 4.65432 300 89
0 655.6 4.71414 300 89
0 655.6 4.77402 300 89
0 655.6 4.837 300 89
0 655.6 4.8968 300 89
0 655.6 4.95697 300 89
0 655.6 5.01652 300 89
0 655.6 5.07432 300 89
0 655.6 5.13223 300 89
0 655.6 5.19167 300 89
0 655.6 5.25138 300 89
0 655.6 5.30944 300 89
0 655.6 5.37062 300 89
0 655.6 5.42534 300 89
0 655.6 5.48025 300 89
0 655.6 5.53535 300 89
0 655.6 5.59409 300 89
0 655.6 5.65008 300 89
0 655.6 5.70963 300 89
0 655.6 5.76801 300 89
0 655.6 5.82882 300 89
0 655.6 5.88781 300 89
0 655.6 5.94635 300 89
0 655.6 6.00725 300 89
0 655.6 6.06049 300 89
0 655.6 6.12086 300 89
0 655.6 6.18049 300 89
0 655.6 6.2378 300 89
0 655.6 6.34013 300 89
0 655.6 6.42095 300 89
0 655.6 6.51576 300 89
0 655.6 6.61087 300 89
0 655.6 6.70272 300 89
0 655.6 6.79902 300 89
0 655.6 6.90198 300 89
0 655.6 6.98994 300 89
0 655.6 7.07689 300 89
0 655.6 7.16566 300 89
0 655.6 7.24672 300 89
0 655.6 7.33578 300 89
0 655.6 7.43487 300 89
0 655.6 7.5228 300 89
0 655.6 7.61267 300 89
0 655.6 7.69745 300 89
0 655.6 7.79599 300 89
0 655.6 7.90003 300 89
0 655.6 7.98267 300 89
0 655.6 8.07414 300 89
0 655.6 8.17024 300 89
0 655.6 8.26173 300 89
0 655.6 8.35174 300 89
0 655.6 8.44821 300 89
0 655.6 8.53564 300 89
0 655.6 8.62645 300 89
0 655.6 8.71362 300 89
0 655.6 8.81803 300 89
0 655.6 8.93336 300 89
0 655.6 9.07035 300 89
0 655.6 9.20017 300 89
0 655.6 9.31325 300 89
0 655.6 9.42299 300 89
0 655.6 9.53969 300 89
0 655.6 9.65171 300 89
0 655.6 9.76372 300 89
0 655.6 9.90145 300 89
0 655.6 10.0237 300 89
0 655.6 10.1545 300 89
0 655.6 10.2833 300 89
0 655.6 10.4107 300 89
0 655.6 10.5348 300 89
0 655.6 10.6619 300 89
0 655.6 10.789 300 89
0 655.6 10.9062 300 89
0 655.6 11.0395 300 89
0 655.6 11.174 300 89
0 655.6 11.3092 300 89
0 655.6 11.4131 300 89
0 655.6 11.5193 300 89
0 655.6 11.6102 300 89
0 655.6 11.71 300 89
0 655.6 11.8074 300 89
0 655.6 11.9074 300 89
0 655.6 12.0101 300 89
0 655.6 12.1104 300 89
0 655.6 12.2208 300 89
0 655.6 12.3297 300 89
0 655.6 12.4321 300 89
0 655.6 12.5328 300 89
0 655.6 12.6418 300 89
0 655.6 12.7517 300 89
0 655.6 12.86 300 89
0 655.6 12.9678 300 89
0 655.6 13.0696 300 89
0 655.6 13.1743 300 89
0 655.6 13.2747 300 89
0 655.6 13.3784 300 89
0 655.6 13.4869 300 89
0 655.6 13.5921 300 89
0 655.6 13.6954 300 89
0 655.6 13.8013 300 89
0 655.6 13.9057 300 89
0 655.6 14.0153 300 89
0 655.6 14.1212 300 89
0 655.6 14.2227 300 89
0 655.6 14.3244 300 89
0 655.6 14.4289 300 89
0 655.6 14.5357 300 89
0 655.6 14.6354 300 89
0 655.6 14.7444 300 89
0 655.6 14.8459 300 89
0 655.6 14.9598 300 89
0 655.6 15.0685 300 89
0 655.6 15.1694 300 89
0 655.6 15.289 300 89
0 655.6 15.4057 300 89
0 655.6 15.5153 300 89
0 655.6 15.6145 300 89
0 655.6 15.7216 300 89
0 655.6 15.823 300 89
0 655.6 15.9373 300 89
0 655.6 16.0477 300 89
0 655.6 16.1457 300 89
0 655.6 16.2596 300 89
0 655.6 16.3518 300 89
0 655.6 16.4515 300 89
0 655.6 16.5572 300 89
0 655.6 16.6682 300 89
0 655.6 16.7676 300 89
0 655.6 16.8725 300 89
0 655.6 16.9709 300 89
0 655.6 17.0717 300 89
0 655.6 17.1717 300 89
0 655.6 17.2744 300 89
0 655.6 17.3825 300 89
0 655.6 17.4666 300 89
0 655.6 17.5772 300 89
0 655.6 17.6818 300 89
0 655.6 17.7759 300 89
0 655.6 17.8754 300 89
0 655.6 17.9774 300 89
0 655.6 18.0761 300 89
0 655.6 18.1824 300 89
0 655.6 18.2749 300 89
0 655.6 18.3794 300 89
0 655.6 18.4751 300 89
0 655.6 18.5864 300 89
0 655.6 18.6881 300 89
0 655.6 18.7861 300 89
0 655.6 18.9189 300 89
0 655.6 19.0126 300 89
0 655.6 19.1143 300 89
0 655.6 19.2171 300 89
0 655.6 19.3124 300 89
0 655.6 19.3962 300 89
0 655.6 19.4922 300 89
0 655.6 19.5884 300 89
0 655.6 19.6923 300 89
0 655.6 19.7898 300 89
0 655.6 19.8934 300 89
0 655.6 19.9906 300 89
0 655.6 20.0876 300 89
0 655.6 20.1713 300 89
0 655.6 20.2826 300 89
0 655.6 20.4076 300 89
0 655.6 20.5014 300 89
0 655.6 20.6039 300 89
0 655.6 20.7133 300 89
0 655.6 20.8141 300 89
0 655.6 20.9216 300 89
0 655.6 21.0193 300 89
0 655.6 21.1125 300 89
0 655.6 21.2092 300 89
0 655.6 21.2816 300 89
0 655.6 21.3488 300 89
0 655.6 21.414 300 89
0 655.6 21.4831 300 89
0 655.6 21.5514 300 89
0 655.6 21.6251 300 89
0 655.6 21.6946 300 89
0 655.6 21.7796 300 89
0 655.6 21.879 300 89
0 655.6 21.9833 300 89
0 655.6 22.0823 300 89
0 655.6 22.1837 300 89
0 655.6 22.2835 300 89
0 655.6 22.3837 300 89
0 655.6 22.4843 300 89
0 655.6 22.5822 300 89
0 655.6 22.6845 300 89
0 655.6 22.7827 300 89
0 655.6 22.886 300 89
0 655.6 22.9866 300 89
0 655.6 23.0843 300 89
0 655.6 23.189 300 89
0 655.6 23.2762 300 89
0 655.6 23.3853 300 89
0 655.6 23.4867 300 89
0 655.6 23.5876 300 89
0 655.6 23.6975 300 89
0 655.6 23.8035 300 89
0 655.6 23.9136 300 89
0 655.6 24.0136 300 89
0 655.6 24.1132 300 89
0 655.6 24.2172 300 89
0 655.6 24.3155 300 89
0 655.6 24.4258 300 89
0 655.6 24.5315 300 89
0 655.6 24.6359 300 89
0 655.6 24.7277 300 89
0 655.6 24.8234 300 89
0 655.6 24.9269 300 89
0 655.6 25.0322 300 89
0 655.6 25.1387 300 89
0 655.6 25.2526 300 89
0 655.6 25.3576 300 89
0 655.6 25.4584 300 89
0 655.6 25.5621 300 89
0 655.6 25.6657 300 89
0 655.6 25.7634 300 89
0 655.6 25.8778 300 89
0 655.6 25.9817 300 89
0 655.6 26.0809 300 89
0 655.6 26.177 300 89
0 655.6 26.2745 300 89
0 655.6 26.3757 300 89
0 655.6 26.4809 300 89
0 655.6 26.58 300 89
0 655.6 26.6856 300 89
0 655.6 26.7851 300 89
0 655.6 26.8807 300 89
0 655.6 26.9889 300 89
0 655.6 27.0818 300 89
0 655.6 27.1822 300 89
0 655.6 27.2829 300 89
0 655.6 27.3878 300 89
0 655.6 27.4855 300 89
0 655.6 27.6272 300 89
0 655.6 27.7539 300 89
0 655.6 27.8733 300 89
0 655.6 28.0031 300 89
0 655.6 28.1328 300 89
0 655.6 28.2658 300 89
0 655.6 28.3925 300 89
0 655.6 28.5048 300 89
0 655.6 28.6251 300 89
0 655.6 28.7449 300 89
0 655.6 28.8699 300 89
0 655.6 28.9997 300 89
0 655.6 29.1192 300 89
0 655.6 29.2381 300 89
0 655.6 29.3678 300 89
0 655.6 29.5008 300 89
0 655.6 29.611 300 89
0 655.6 29.7263 300 89
0 655.6 29.8545 300 89
0 655.6 29.9709 300 89
0 655.6 30.0848 300 89
0 655.6 30.2061 300 89
0 655.6 30.3216 300 89
0 655.6 30.4369 300 89
0 655.6 30.5702 300 89
0 655.6 30.6395 300 89
0 655.6 30.7025 300 89
0 655.6 30.7788 300 89
0 655.6 30.8435 300 89
0 655.6 30.9137 300 89
0 655.6 30.9833 300 89
0 655.6 31.0473 300 89
0 655.6 31.112 300 89
0 655.6 31.1845 300 89
0 655.6 31.2461 300 89
0 655.6 31.3157 300 89
0 655.6 31.3962 300 89
0 655.6 31.4633 300 89
0 655.6 31.527 300 89
0 655.6 31.5961 300 89
0 655.6 31.6662 300 89
0 655.6 31.7371 300 89
0 655.6 31.8045 300 89
0 655.6 31.8713 300 89
0 655.6 31.9394 300 89
0 655.6 32.0107 300 89
0 655.6 32.0752 300 89
0 655.6 32.1399 300 89
0 655.6 32.2081 300 89
0 655.6 32.2742 300 89
0 655.6 32.3415 300 89
0 655.6 32.4034 300 89
0 655.6 32.4641 300 89
0 655.6 32.5313 300 89
0 655.6 32.5982 300 89
0 655.6 32.6669 300 89
0 655.6 32.7368 300 89
0 655.6 32.8051 300 89
0 655.6 32.8764 300 89
0 655.6 32.9403 300 89
0 655.6 33.0127 300 89
0 655.6 33.0801 300 89
0 655.6 33.1455 300 89
0 655.6 33.2132 300 89
0 655.6 33.2797 300 89
0 655.6 33.3421 300 89
0 655.6 33.4138 300 89
0 655.6 33.4811 300 89
0 655.6 33.5457 300 89
0 655.6 33.6112 300 89
0 655.6 33.6754 300 89
0 655.6 33.7467 300 89
0 655.6 33.8066 300 89
0 655.6 33.8691 300 89
0 655.6 33.9362 300 89
0 655.6 34.0027 300 89
0 655.6 34.0755 300 89
0 655.6 34.1356 300 89
0 655.6 34.2064 300 89
0 655.6 34.2708 300 89
0 655.6 34.3395 300 89
0 655.6 34.4064 300 89
0 655.6 34.4763 300 89
0 655.6 34.5443 300 89
0 655.6 34.6128 300 89
0 655.6 34.6684 300 89
0 655.6 34.735 300 89
0 655.6 34.7973 300 89
0 655.6 34.8659 300 89
0 655.6 34.9215 300 89
0 655.6 34.987 300 89
0 655.6 35.0492 300 89
0 655.6 35.1098 300 89
0 655.6 35.1724 300 89
0 655.6 35.2383 300 89
0 655.6 35.3071 300 89
0 655.6 35.3798 300 89
0 655.6 35.4437 300 89
0 655.6 35.5098 300 89
0 655.6 35.5771 300 89
0 655.6 35.6426 300 89
0 655.6 35.7068 300 89
0 655.6 35.7758 300 89
0 655.6 35.846 300 89
0 655.6 35.9107 300 89
0 655.6 35.9773 300 89
0 655.6 36.0443 300 89
0 655.6 36.1081 300 89
0 655.6 36.1742 300 89
0 655.6 36.237 300 89
0 655.6 36.3024 300 89
0 655.6 36.369 300 89
0 655.6 36.4401 300 89
0 655.6 36.5082 300 89
0 655.6 36.5625 300 89
0 655.6 36.6302 300 89
0 655.6 36.6984 300 89
0 655.6 36.7952 300 89
0 655.6 36.8904 300 89
0 655.6 36.9858 300 89
0 655.6 37.0859 300 89
0 655.6 37.1819 300 89
0 655.6 37.2767 300 89
0 655.6 37.3686 300 89
0 655.6 37.4582 300 89
0 655.6 37.5522 300 89
0 655.6 37.6495 300 89
0 655.6 37.7481 300 89
0 655.6 37.8375 300 89
0 655.6 37.9306 300 89
0 655.6 38.0249 300 89
0 655.6 38.134 300 89
0 655.6 38.222 300 89
0 655.6 38.3457 300 89
0 655.6 38.4424 300 89
0 655.6 38.5298 300 89
0 655.6 38.625 300 89
0 655.6 38.7294 300 89
0 655.6 38.8226 300 89
0 655.6 38.9241 300 89
0 655.6 39.0246 300 89
0 655.6 39.1193 300 89
0 655.6 39.2175 300 89
0 655.6 39.3127 300 89
0 655.6 39.4094 300 89
0 655.6 39.5014 300 89
0 655.6 39.6014 300 89
0 655.6 39.6936 300 89
0 655.6 39.7804 300 89
0 655.6 39.8804 300 89
0 655.6 39.9775 300 89
0 655.6 40.076 300 89
0 655.6 40.1701 300 89
0 655.6 40.2626 300 89
0 655.6 40.3569 300 89
0 655.6 40.4585 300 89
0 655.6 40.5655 300 89
0 655.6 40.6538 300 89
0 655.6 40.7492 300 89
0 655.6 40.8494 300 89
0 655.6 40.945 300 89
0 655.6 41.0348 300 89
0 655.6 41.1266 300 89
0 655.6 41.2099 300 89
0 655.6 41.3123 300 89
0 655.6 41.408 300 89
0 655.6 41.5037 300 89
0 655.6 41.5961 300 89
0 655.6 41.6586 300 89
0 655.6 41.7226 300 89
0 655.6 41.7647 300 89
0 655.6 41.8265 300 89
0 655.6 41.891 300 89
0 655.6 41.949 300 89
0 655.6 42.0125 300 89
0 655.6 42.0796 300 89
0 655.6 42.1363 300 89
0 655.6 42.1985 300 89
0 655.6 42.2571 300 89
0 655.6 42.3245 300 89
0 655.6 42.3868 300 89
0 655.6 42.4523 300 89
0 655.6 42.5224 300 89
0 655.6 42.6118 300 89
0 655.6 42.6729 300 89
0 655.6 42.7358 300 89
0 655.6 42.7984 300 89
0 655.6 42.857 300 89
0 655.6 42.9217 300 89
0 655.6 42.9792 300 89
0 655.6 43.0393 300 89
0 655.6 43.0973 300 89
0 655.6 43.1621 300 89
0 655.6 43.2231 300 89
0 655.6 43.2993 300 89
0 655.6 43.3919 300 89
0 655.6 43.475 300 89
0 655.6 43.5692 300 89
0 655.6 43.6571 300 89
0 655.6 43.7508 300 89
0 655.6 43.8352 300 89
0 655.6 43.923 300 89
0 655.6 44.0075 300 89
0 655.6 44.1053 300 89
0 655.6 44.1748 300 89
0 655.6 44.2631 300 89
0 655.6 44.3474 300 89
0 655.6 44.4307 300 89
0 655.6 44.5171 300 89
0 655.6 44.606 300 89
0 655.6 44.6987 300 89
0 655.6 44.7871 300 89
0 655.6 44.8729 300 89
0 655.6 44.9624 300 89
0 655.6 45.0471 300 89
0 655.6 45.1366 300 89
0 655.6 45.2241 300 89
0 655.6 45.3081 300 89
0 655.6 45.3964 300 89
0 655.6 45.4775 300 89
0 655.6 45.5702 300 89
0 655.6 45.657 300 89
0 655.6 45.7543 300 89
0 655.6 45.8458 300 89
0 655.6 45.9373 300 89
0 655.6 46.0332 300 89
0 655.6 46.1277 300 89
0 655.6 46.2312 300 89
0 655.6 46.3688 300 89
0 655.6 46.4612 300 89
0 655.6 46.5428 300 89
0 655.6 46.6806 300 89
0 655.6 46.7745 300 89
0 655.6 46.8656 300 89
0 655.6 46.9506 300 89
0 655.6 47.0462 300 89
0 655.6 47.1424 300 89
0 655.6 47.2305 300 89
0 655.6 47.3171 300 89
0 655.6 47.4067 300 89
0 655.6 47.493 300 89
0 655.6 47.5869 300 89
0 655.6 47.6772 300 89
0 655.6 47.7718 300 89
0 655.6 47.8598 300 89
0 655.6 47.9502 300 89
0 655.6 48.0268 300 89
0 655.6 48.1028 300 89
0 655.6 48.1874 300 89
0 655.6 48.2694 300 89
0 655.6 48.3562 300 89
0 655.6 48.4511 300 89
0 655.6 48.5485 300 89
0 655.6 48.6343 300 89
0 655.6 48.7169 300 89
0 655.6 48.8085 300 89
0 655.6 48.8917 300 89
0 655.6 48.9769 300 89
0 655.6 49.0627 300 89
0 655.6 49.1488 300 89
0 655.6 49.2412 300 89
0 655.6 49.328 300 89
0 655.6 49.4259 300 89
0 655.6 49.5134 300 89
0 655.6 49.5996 300 89
0 655.6 49.6896 300 89
0 655.6 49.7813 300 89
0 655.6 49.8668 300 89
0 655.6 49.9551 300 89
0 655.6 50.044 300 89
0 655.6 50.1373 300 89
0 655.6 50.2249 300 89
0 655.6 50.3129 300 89
0 655.6 50.4043 300 89
0 655.6 50.4928 300 89
0 655.6 50.5813 300 89
0 655.6 50.663 300 89
0 655.6 50.7524 300 89
0 655.6 50.8415 300 89
0 655.6 50.931 300 89
0 655.6 51.0171 300 89
0 655.6 51.1082 300 89
0 655.6 51.1977 300 89
0 655.6 51.2836 300 89
0 655.6 51.3681 300 89
0 655.6 51.453 300 89
0 655.6 51.5398 300 89
0 655.6 51.6311 300 89
0 655.6 51.7207 300 89
0 655.6 51.8178 300 89
0 655.6 51.9157 300 89
0 655.6 52.0064 300 89
0 655.6 52.1039 300 89
0 655.6 52.1958 300 89
0 655.6 52.2895 300 89
0 655.6 52.3713 300 89
0 655.6 52.4515 300 89
0 655.6 52.5383 300 89
0 655.6 52.628 300 89
0 655.6 52.7123 300 89
0 655.6 52.7964 300 89
0 655.6 52.8807 300 89
0 655.6 52.9615 300 89
0 655.6 53.0513 300 89
0 655.6 53.1395 300 89
0 655.6 53.2285 300 89
0 655.6 53.3402 300 89
0 655.6 53.4285 300 89
0 655.6 53.5177 300 89
0 655.6 53.5988 300 89
0 655.6 53.6868 300 89
0 655.6 53.7789 300 89
0 655.6 53.8664 300 89
0 655.6 53.9475 300 89
0 655.6 54.0422 300 89
0 655.6 54.1244 300 89
0 655.6 54.2057 300 89
0 655.6 54.2943 300 89
0 655.6 54.3747 300 89
0 655.6 54.457 300 89
0 655.6 54.5496 300 89
0 655.6 54.6304 300 89
0 655.6 54.7165 300 89
0 655.6 54.801 300 89
0 655.6 54.8894 300 89
0 655.6 54.9649 300 89
0 655.6 55.05 300 89
0 655.6 55.1387 300 89
0 655.6 55.2269 300 89
0 655.6 55.3164 300 89
0 655.6 55.4114 300 89
0 655.6 55.5019 300 89
0 655.6 55.5898 300 89
0 655.6 55.6765 300 89
0 655.6 55.7695 300 89
0 655.6 55.8631 300 89
0 655.6 55.9543 300 89
0 655.6 56.0353 300 89
0 655.6 56.1188 300 89
0 655.6 56.2005 300 89
0 655.6 56.2894 300 89
0 655.6 56.3724 300 89
0 655.6 56.4564 300 89
0 655.6 56.5429 300 89
0 655.6 56.6284 300 89
0 655.6 56.714 300 89
0 655.6 56.8274 300 89
0 655.6 56.9217 300 89
0 655.6 57.0051 300 89
0 655.6 57.1008 300 89
0 655.6 57.1842 300 89
0 655.6 57.2811 300 89
0 655.6 57.3686 300 89
0 655.6 57.4515 300 89
0 655.6 57.5373 300 89
0 655.6 57.6175 300 89
0 655.6 57.7021 300 89
0 655.6 57.7831 300 89
0 655.6 57.8652 300 89
0 655.6 57.9555 300 89
0 655.6 58.0426 300 89
0 655.6 58.1329 300 89
0 655.6 58.2205 300 89
0 655.6 58.2968 300 89
0 655.6 58.3833 300 89
0 655.6 58.4732 300 89
0 655.6 58.5633 300 89
0 655.6 58.6511 300 89
0 655.6 58.7352 300 89
0 655.6 58.8172 300 89
0 655.6 58.8975 300 89
0 655.6 58.9637 300 89
0 655.6 59.0232 300 89
0 655.6 59.081 300 89
0 655.6 59.1714 300 89
0 655.6 59.2633 300 89
0 655.6 59.3503 300 89
0 655.6 59.4339 300 89
0 655.6 59.5232 300 89
0 655.6 59.6095 300 89
0 655.6 59.702 300 89
0 655.6 59.7889 300 89
0 655.6 59.8852 300 89
0 655.6 59.967 300 89
0 655.6 60.0635 300 89
0 655.6 60.1469 300 89
0 655.6 60.2356 300 89
0 655.6 60.3204 300 89
0 655.6 60.41 300 89
0 655.6 60.4998 300 89
0 655.6 60.592 300 89
0 655.6 60.676 300 89
0 655.6 60.7641 300 89
0 655.6 60.8581 300 89
0 655.6 60.9437 300 89
0 655.6 61.0339 300 89
0 655.6 61.0858 300 89
0 655.6 61.1469 300 89
0 655.6 61.2119 300 89
0 655.6 61.2714 300 89
0 655.6 61.3282 300 89
0 655.6 61.3906 300 89
0 655.6 61.4733 300 89
0 655.6 61.5593 300 89
0 655.6 61.6568 300 89
0 655.6 61.7343 300 89
0 655.6 61.8229 300 89
0 655.6 61.9064 300 89
0 655.6 62.0155 300 89
0 655.6 62.1081 300 89
0 655.6 62.2016 300 89
0 655.6 62.2952 300 89
0 655.6 62.3772 300 89
0 655.6 62.4639 300 89
0 655.6 62.5504 300 89
0 655.6 62.6414 300 89
0 655.6 62.7313 300 89
0 655.6 62.8162 300 89
0 655.6 62.901 300 89
0 655.6 62.988 300 89
0 655.6 63.0777 300 89
0 655.6 63.1641 300 89
0 655.6 63.2502 300 89
0 655.6 63.3385 300 89
0 655.6 63.4335 300 89
0 655.6 63.5219 300 89
0 655.6 63.6033 300 89
0 655.6 63.692 300 89
0 655.6 63.7773 300 89
0 655.6 63.8584 300 89
0 655.6 63.946 300 89
0 655.6 64.033 300 89
0 655.6 64.1183 300 89
0 655.6 64.2054 300 89
0 655.6 64.2929 300 89
0 655.6 64.3727 300 89
0 655.6 64.4487 300 89
0 655.6 64.5318 300 89
0 655.6 64.6241 300 89
0 655.6 64.7044 300 89
0 655.6 64.7959 300 89
0 655.6 64.8566 300 89
0 655.6 64.9144 300 89
0 655.6 64.9729 300 89
0 655.6 65.0349 300 89
0 655.6 65.0988 300 89
0 655.6 65.1611 300 89
0 655.6 65.2236 300 89
0 655.6 65.2995 300 89
0 655.6 65.3815 300 89
0 655.6 65.4596 300 89
0 655.6 65.5392 300 89
0 655.6 65.6192 300 89
0 655.6 65.7049 300 89
0 655.6 65.7824 300 89
0 655.6 65.8739 300 89
0 655.6 65.9625 300 89
0 655.6 66.0381 300 89
0 655.6 66.1245 300 89
0 655.6 66.2124 300 89
0 655.6 66.2961 300 89
0 655.6 66.3834 300 89
0 655.6 66.4702 300 89
0 655.6 66.5512 300 89
0 655.6 66.6346 300 89
0 655.6 66.7217 300 89
0 655.6 66.812 300 89
0 655.6 66.8978 300 89
0 655.6 66.9791 300 89
0 655.6 67.0656 300 89
0 655.6 67.1621 300 89
0 655.6 67.2552 300 89
0 655.6 67.3428 300 89
0 655.6 67.4282 300 89
0 655.6 67.5193 300 89
0 655.6 67.6037 300 89
0 655.6 67.6878 300 89
0 655.6 67.7802 300 89
0 655.6 67.8643 300 89
0 655.6 67.9502 300 89
0 655.6 68.0331 300 89
0 655.6 68.1222 300 89
0 655.6 68.205 300 89
0 655.6 68.2886 300 89
0 655.6 68.3751 300 89
0 655.6 68.4636 300 89
0 655.6 68.5462 300 89
0 655.6 68.629 300 89
0 655.6 68.7216 300 89
0 655.6 68.8079 300 89
0 655.6 68.882 300 89
0 655.6 68.9386 300 89
0 655.6 69.0022 300 89
0 655.6 69.0635 300 89
0 655.6 69.1248 300 89
0 655.6 69.1855 300 89
0 655.6 69.2456 300 89
0 655.6 69.3017 300 89
0 655.6 69.3658 300 89
0 655.6 69.4308 300 89
0 655.6 69.4983 300 89
0 655.6 69.5564 300 89
0 655.6 69.6202 300 89
0 655.6 69.6888 300 89
0 655.6 69.7537 300 89
0 655.6 69.8208 300 89
0 655.6 69.9027 300 89
0 655.6 69.9829 300 89
0 655.6 70.0694 300 89
0 655.6 70.1562 300 89
0 655.6 70.2447 300 89
0 655.6 70.3281 300 89
0 655.6 70.413 300 89
0 655.6 70.4949 300 89
0 655.6 70.586 300 89
0 655.6 70.6745 300 89
0 655.6 70.7604 300 89
0 655.6 70.8501 300 89
0 655.6 70.9287 300 89
0 655.6 71.0124 300 89
0 655.6 71.0973 300 89
0 655.6 71.1747 300 89
0 655.6 71.2633 300 89
0 655.6 71.3495 300 89
0 655.6 71.4367 300 89
0 655.6 71.5261 300 89
0 655.6 71.6198 300 89
0 655.6 71.7024 300 89
0 655.6 71.7914 300 89
0 655.6 71.8791 300 89
0 655.6 71.9716 300 89
0 655.6 72.0601 300 89
0 655.6 72.1513 300 89
0 655.6 72.2436 300 89
0 655.6 72.3311 300 89
0 655.6 72.4176 300 89
0 655.6 72.5041 300 89
0 655.6 72.5925 300 89
0 655.6 72.6833 300 89
0 655.6 72.7729 300 89
0 655.6 72.8643 300 89
0 655.6 72.9498 300 89
0 655.6 73.0392 300 89
0 655.6 73.1314 300 89
0 655.6 73.2222 300 89
0 655.6 73.311 300 89
0 655.6 73.3975 300 89
0 655.6 73.4763 300 89
0 655.6 73.5601 300 89
0 655.6 73.6449 300 89
0 655.6 73.732 300 89
0 655.6 73.8173 300 89
0 655.6 73.8995 300 89
0 655.6 73.9852 300 89
0 655.6 74.0713 300 89
0 655.6 74.1586 300 89
0 655.6 74.2439 300 89
0 655.6 74.3266 300 89
0 655.6 74.4202 300 89
0 655.6 74.5098 300 89
0 655.6 74.6023 300 89
0 655.6 74.6787 300 89
0 655.6 74.7726 300 89
0 655.6 74.8615 300 89
0 655.6 74.9475 300 89
0 655.6 75.0356 300 89
0 655.6 75.1178 300 89
0 655.6 75.2056 300 89
0 655.6 75.2962 300 89
0 655.6 75.3779 300 89
0 655.6 75.4715 300 89
0 655.6 75.5548 300 89
0 655.6 75.6444 300 89
0 655.6 75.7302 300 89
0 655.6 75.8165 300 89
0 655.6 75.8933 300 89
0 655.6 75.9862 300 89
0 655.6 76.0824 300 89
0 655.6 76.1578 300 89
0 655.6 76.2512 300 89
0 655.6 76.3418 300 89
0 655.6 76.425 300 89
0 655.6 76.509 300 89
0 655.6 76.5917 300 89
0 655.6 76.6755 300 89
0 655.6 76.7632 300 89
0 655.6 76.8547 300 89
0 655.6 76.9429 300 89
0 655.6 77.0355 300 89
0 655.6 77.1242 300 89
0 655.6 77.1956 300 89
0 655.6 77.2817 300 89
0 655.6 77.3466 300 89
0 655.6 77.4413 300 89
0 655.6 77.5256 300 89
0 655.6 77.6159 300 89
0 655.6 77.7056 300 89
0 655.6 77.7965 300 89
0 655.6 77.8874 300 89
0 655.6 77.9687 300 89
0 655.6 78.0599 300 89
0 655.6 78.1482 300 89
0 655.6 78.2363 300 89
0 655.6 78.3253 300 89
0 655.6 78.4126 300 89
0 655.6 78.4937 300 89
0 655.6 78.5797 300 89
0 655.6 78.6724 300 89
0 655.6 78.7587 300 89
0 655.6 78.8515 300 89
0 655.6 78.9357 300 89
0 655.6 79.0291 300 89
0 655.6 79.12 300 89
0 655.6 79.21 300 89
0 655.6 79.3057 300 89
0 655.6 79.3954 300 89
0 655.6 79.4854 300 89
0 655.6 79.5723 300 89
0 655.6 79.6591 300 89
0 655.6 79.7442 300 89
0 655.6 79.8364 300 89
0 655.6 79.9273 300 89
0 655.6 80.0163 300 89
0 655.6 80.1022 300 89
0 655.6 80.1931 300 89
0 655.6 80.2738 300 89
0 655.6 80.3589 300 89
0 655.6 80.4413 300 89
0 655.6 80.51 300 89
0 655.6 80.5959 300 89
0 655.6 80.6534 300 89
0 655.6 80.7311 300 89
0 655.6 80.8243 300 89
0 655.6 80.914 300 89
0 655.6 81.001 300 89
0 655.6 81.0911 300 89
0 655.6 81.1821 300 89
0 655.6 81.2635 300 89
0 655.6 81.349 300 89
0 655.6 81.4357 300 89
0 655.6 81.5146 300 89
0 655.6 81.6045 300 89
0 655.6 81.6938 300 89
0 655.6 81.7862 300 89
0 655.6 81.8724 300 89
0 655.6 81.9521 300 89
0 655.6 82.0363 300 89
0 655.6 82.1244 300 89
0 655.6 82.2121 300 89
0 655.6 82.2952 300 89
0 655.6 82.3812 300 89
0 655.6 82.4658 300 89
0 655.6 82.5564 300 89
0 655.6 82.6409 300 89
0 655.6 82.7185 300 89
0 655.6 82.8063 300 89
0 655.6 82.8994 300 89
0 655.6 82.9746 300 89
0 655.6 83.0557 300 89
0 655.6 83.14 300 89
0 655.6 83.2172 300 89
0 655.6 83.3065 300 89
0 655.6 83.3978 300 89
0 655.6 83.4876 300 89
0 655.6 83.5742 300 89
0 655.6 83.6566 300 89
0 655.6 83.7394 300 89
0 655.6 83.8245 300 89
0 655.6 83.9135 300 89
0 655.6 83.9962 300 89
0 655.6 84.0864 300 89
0 655.6 84.1672 300 89
0 655.6 84.255 300 89
0 655.6 84.3412 300 89
0 655.6 84.4266 300 89
0 655.6 84.5146 300 89
0 655.6 84.5983 300 89
0 655.6 84.6605 300 89
0 655.6 84.7209 300 89
0 655.6 84.7833 300 89
0 655.6 84.8372 300 89
0 655.6 84.8993 300 89
0 655.6 84.9605 300 89
0 655.6 85.0282 300 89
0 655.6 85.0879 300 89
0 655.6 85.1528 300 89
0 655.6 85.2204 300 89
0 655.6 85.2799 300 89
0 655.6 85.3393 300 89
0 655.6 85.3984 300 89
0 655.6 85.4545 300 89
0 655.6 85.5134 300 89
0 655.6 85.574 300 89
0 655.6 85.6361 300 89
0 655.6 85.7021 300 89
0 655.6 85.7654 300 89
0 655.6 85.8266 300 89
0 655.6 85.8893 300 89
0 655.6 85.9484 300 89
0 655.6 86.0108 300 89
0 655.6 86.0659 300 89
0 655.6 86.1292 300 89
0 655.6 86.1812 300 89
0 655.6 86.2409 300 89
0 655.6 86.3003 300 89
0 655.6 86.3638 300 89
0 655.6 86.4203 300 89
0 655.6 86.4831 300 89
0 655.6 86.5471 300 89
0 655.6 86.6042 300 89
0 655.6 86.6725 300 89
0 655.6 86.7335 300 89
0 655.6 86.7945 300 89
0 655.6 86.8533 300 89
0 655.6 86.9181 300 89
0 655.6 86.977 300 89
0 655.6 87.0381 300 89
0 655.6 87.0977 300 89
0 655.6 87.1586 300 89
0 655.6 87.2201 300 89
0 655.6 87.2758 300 89
0 655.6 87.3396 300 89
0 655.6 87.402 300 89
0 655.6 87.4671 300 89
0 655.6 87.5248 300 89
0 655.6 87.5998 300 89
0 655.6 87.6616 300 89
0 655.6 87.7226 300 89
0 655.6 87.8108 300 89
0 655.6 87.8969 300 89
0 655.6 87.9792 300 89
0 655.6 88.0743 300 89
0 655.6 88.1582 300 89
0 655.6 88.2394 300 89
0 655.6 88.327 300 89
0 655.6 88.4112 300 89
0 655.6 88.5037 300 89
0 655.6 88.59 300 89
0 655.6 88.6741 300 89
0 655.6 88.7571 300 89
0 655.6 88.8453 300 89
0 655.6 88.9305 300 89
0 655.6 89.0199 300 89
0 655.6 89.1038 300 89
0 655.6 89.1885 300 89
0 655.6 89.2792 300 89
0 655.6 89.3652 300 89
0 655.6 89.4571 300 89
0 655.6 89.5405 300 89
0 655.6 89.6304 300 89
0 655.6 89.7218 300 89
0 655.6 89.8006 300 89
0 655.6 89.8835 300 89
0 655.6 89.9712 300 89
0 655.6 90.0621 300 89
0 655.6 90.147 300 89
0 655.6 90.2268 300 89
0 655.6 90.3067 300 89
0 655.6 90.3956 300 89
0 655.6 90.4837 300 89
0 655.6 90.5761 300 89
0 655.6 90.6749 300 89
0 655.6 90.7606 300 89
0 655.6 90.8458 300 89
0 655.6 90.9345 300 89
0 655.6 91.0199 300 89
0 655.6 91.111 300 89
0 655.6 91.2034 300 89
0 655.6 91.2895 300 89
0 655.6 91.3764 300 89
0 655.6 91.4535 300 89
0 655.6 91.5688 300 89
0 655.6 91.662 300 89
0 655.6 91.7491 300 89
0 655.6 91.8075 300 89
0 655.6 91.8901 300 89
0 655.6 91.9854 300 89
0 655.6 92.0664 300 89
0 655.6 92.1507 300 89
0 655.6 92.2355 300 89
0 655.6 92.3263 300 89
0 655.6 92.419 300 89
0 655.6 92.5089 300 89
0 655.6 92.6048 300 89
0 655.6 92.6935 300 89
0 655.6 92.7839 300 89
0 655.6 92.8764 300 89
0 655.6 92.9612 300 89
0 655.6 93.0489 300 89
0 655.6 93.1354 300 89
0 655.6 93.2241 300 89
0 655.6 93.3096 300 89
0 655.6 93.3846 300 89
0 655.6 93.4759 300 89
0 655.6 93.5583 300 89
0 655.6 93.6482 300 89
0 655.6 93.741 300 89
0 655.6 93.8311 300 89
0 655.6 93.9185 300 89
0 655.6 94.0014 300 89
0 655.6 94.0858 300 89
0 655.6 94.1723 300 89
0 655.6 94.2634 300 89
0 655.6 94.3525 300 89
0 655.6 94.4423 300 89
0 655.6 94.5304 300 89
0 655.6 94.6127 300 89
0 655.6 94.7003 300 89
0 655.6 94.7786 300 89
0 655.6 94.8565 300 89
0 655.6 94.9372 300 89
0 655.6 95.0217 300 89
0 655.6 95.1184 300 89
0 655.6 95.2286 300 89
0 655.6 95.3501 300 89
0 655.6 95.448 300 89
0 655.6 95.5405 300 89
0 655.6 95.636 300 89
0 655.6 95.7171 300 89
0 655.6 95.8076 300 89
0 655.6 95.9017 300 89
0 655.6 95.9875 300 89
0 655.6 96.0701 300 89
0 655.6 96.1519 300 89
0 655.6 96.2353 300 89
0 655.6 96.3196 300 89
0 655.6 96.4512 300 89
0 655.6 96.6134 300 89
0 655.6 96.7138 300 89
0 655.6 96.8315 300 89
0 655.6 96.9385 300 89
0 655.6 97.0476 300 89
0 655.6 97.1613 300 89
0 655.6 97.2575 300 89
0 655.6 97.32 300 89
0 655.6 97.4064 300 89
0 655.6 97.4876 300 89
0 655.6 97.5697 300 89
0 655.6 97.656 300 89
0 655.6 97.7419 300 89
0 655.6 97.8234 300 89
0 655.6 97.9151 300 89
0 655.6 98.0088 300 89
0 655.6 98.1076 300 89
0 655.6 98.168 300 89
0 655.6 98.2439 300 89
0 655.6 98.333 300 89
0 655.6 98.4137 300 89
0 655.6 98.5044 300 89
0 655.6 98.5896 300 89
0 655.6 98.675 300 89
0 655.6 98.7585 300 89
0 655.6 98.8422 300 89
0 655.6 98.9364 300 89
0 655.6 99.0179 300 89
0 655.6 99.1042 300 89
0 655.6 99.1805 300 89
0 655.6 99.2684 300 89
0 655.6 99.3522 300 89
0 655.6 99.4417 300 89
0 655.6 99.525 300 89
0 655.6 99.6208 300 89
0 655.6 99.7375 300 89
0 655.6 99.8525 300 89
0 655.6 99.958 300 89
0 655.6 100.046 300 89
0 655.6 100.128 300 89
0 655.6 100.211 300 89
0 655.6 100.292 300 89
0 655.6 100.376 300 89
0 655.6 100.456 300 89
0 655.6 100.538 300 89
0 655.6 100.631 300 89
0 655.6 100.786 300 89
0 655.6 100.981 300 89
0 655.6 101.077 300 89
0 655.6 101.172 300 89
0 655.6 101.279 300 89
0 655.6 101.371 300 89
0 655.6 101.461 300 89
0 655.6 101.543 300 89
0 655.6 101.626 300 89
0 655.6 101.711 300 89
0 655.6 101.796 300 89
0 655.6 101.88 300 89
0 655.6 101.969 300 89
0 655.6 102.056 300 89
0 655.6 102.144 300 89
0 655.6 102.238 300 89
0 655.6 102.335 300 89
0 655.6 102.424 300 89
0 655.6 102.509 300 89
0 655.6 102.594 300 89
0 655.6 102.68 300 89
0 655.6 102.761 300 89
0 655.6 102.851 300 89
0 655.6 102.944 300 89
0 655.6 103.033 300 89
0 655.6 103.115 300 89
0 655.6 103.242 300 89
0 655.6 103.374 300 89
0 655.6 103.479 300 89
0 655.6 103.557 300 89
0 655.6 103.646 300 89
0 655.6 103.733 300 89
0 655.6 103.808 300 89
0 655.6 103.901 300 89
0 655.6 103.992 300 89
0 655.6 104.075 300 89
0 655.6 104.165 300 89
0 655.6 104.257 300 89
0 655.6 104.349 300 89
0 655.6 104.437 300 89
0 655.6 104.53 300 89
0 655.6 104.623 300 89
0 655.6 104.706 300 89
0 655.6 104.792 300 89
0 655.6 104.879 300 89
0 655.6 104.966 300 89
0 655.6 105.061 300 89
0 655.6 105.146 300 89
0 655.6 105.249 300 89
0 655.6 105.335 300 89
0 655.6 105.417 300 89
0 655.6 105.5 300 89
0 655.6 105.579 300 89
0 655.6 105.709 300 89
0 655.6 105.787 300 89
0 655.6 105.876 300 89
0 655.6 105.981 300 89
0 655.6 106.07 300 89
0 655.6 106.162 300 89
0 655.6 106.253 300 89
0 655.6 106.345 300 89
0 655.6 106.436 300 89
0 655.6 106.523 300 89
0 655.6 106.614 300 89
0 655.6 106.709 300 89
0 655.6 106.809 300 89
0 655.6 106.898 300 89
0 655.6 106.988 300 89
0 655.6 107.082 300 89
0 655.6 107.198 300 89
0 655.6 107.315 300 89
0 655.6 107.41 300 89
0 655.6 107.496 300 89
0 655.6 107.587 300 89
0 655.6 107.675 300 89
0 655.6 107.757 300 89
0 655.6 107.849 300 89
0 655.6 107.933 300 89
0 655.6 108.009 300 89
0 655.6 108.125 300 89
0 655.6 108.244 300 89
0 655.6 108.333 300 89
0 655.6 108.422 300 89
0 655.6 108.559 300 89
0 655.6 108.635 300 89
0 655.6 108.719 300 89
0 655.6 108.799 300 89
0 655.6 108.883 300 89
0 655.6 108.978 300 89
0 655.6 109.072 300 89
0 655.6 109.161 300 89
0 655.6 109.243 300 89
0 655.6 109.324 300 89
0 655.6 109.422 300 89
0 655.6 109.525 300 89
0 655.6 109.631 300 89
0 655.6 109.68 300 89
0 655.6 109.761 300 89
0 655.6 109.85 300 89
0 655.6 109.934 300 89
0 655.6 110.017 300 89
0 655.6 110.1 300 89
0 655.6 110.185 300 89
0 655.6 110.27 300 89
0 655.6 110.376 300 89
0 655.6 110.466 300 89
0 655.6 110.553 300 89
0 655.6 110.644 300 89
0 655.6 110.724 300 89
0 655.6 110.812 300 89
0 655.6 110.897 300 89
0 655.6 110.976 300 89
0 655.6 111.058 300 89
0 655.6 111.134 300 89
0 655.6 111.215 300 89
0 655.6 111.305 300 89
0 655.6 111.407 300 89
0 655.6 111.521 300 89
0 655.6 111.611 300 89
0 655.6 111.697 300 89
0 655.6 111.786 300 89
0 655.6 111.876 300 89
0 655.6 111.942 300 89
0 655.6 111.995 300 89
0 655.6 112.056 300 89
0 655.6 112.112 300 89
0 655.6 112.179 300 89
0 655.6 112.241 300 89
0 655.6 112.304 300 89
0 655.6 112.367 300 89
0 655.6 112.42 300 89
0 655.6 112.482 300 89
0 655.6 112.545 300 89
0 655.6 112.603 300 89
0 655.6 112.667 300 89
0 655.6 112.747 300 89
0 655.6 112.831 300 89
0 655.6 112.923 300 89
0 655.6 113.055 300 89
0 655.6 113.14 300 89
0 655.6 113.228 300 89
0 655.6 113.319 300 89
0 655.6 113.398 300 89
0 655.6 113.491 300 89
0 655.6 113.579 300 89
0 655.6 113.662 300 89
0 655.6 113.747 300 89
0 655.6 113.835 300 89
0 655.6 113.931 300 89
0 655.6 114.017 300 89
0 655.6 114.109 300 89
0 655.6 114.197 300 89
0 655.6 114.293 300 89
0 655.6 114.379 300 89
0 655.6 114.473 300 89
0 655.6 114.557 300 89
0 655.6 114.648 300 89
0 655.6 114.747 300 89
0 655.6 114.837 300 89
0 655.6 114.927 300 89
0 655.6 115.021 300 89
0 655.6 115.112 300 89
0 655.6 115.198 300 89
0 655.6 115.281 300 89
0 655.6 115.368 300 89
0 655.6 115.453 300 89
0 655.6 115.539 300 89
0 655.6 115.63 300 89
0 655.6 115.72 300 89
0 655.6 115.817 300 89
0 655.6 115.903 300 89
0 655.6 115.99 300 89
0 655.6 116.085 300 89
0 655.6 116.177 300 89
0 655.6 116.271 300 89
0 655.6 116.355 300 89
0 655.6 116.446 300 89
0 655.6 116.526 300 89
0 655.6 116.614 300 89
0 655.6 116.696 300 89
0 655.6 116.785 300 89
0 655.6 116.872 300 89
0 655.6 116.967 300 89
0 655.6 117.051 300 89
0 655.6 117.137 300 89
0 655.6 117.227 300 89
0 655.6 117.312 300 89
0 655.6 117.406 300 89
0 655.6 117.49 300 89
0 655.6 117.581 300 89
0 655.6 117.657 300 89
0 655.6 117.719 300 89
0 655.6 117.782 300 89
0 655.6 117.84 300 89
0 655.6 117.913 300 89
0 655.6 117.992 300 89
0 655.6 118.073 300 89
0 655.6 118.152 300 89
0 655.6 118.245 300 89
0 655.6 118.331 300 89
0 655.6 118.422 300 89
0 655.6 118.506 300 89
0 655.6 118.593 300 89
0 655.6 118.69 300 89
0 655.6 118.776 300 89
0 655.6 118.856 300 89
0 655.6 118.947 300 89
0 655.6 119.037 300 89
0 655.6 119.118 300 89
0 655.6 119.207 300 89
0 655.6 119.289 300 89
0 655.6 119.375 300 89
0 655.6 119.464 300 89
0 655.6 119.552 300 89
0 655.6 119.637 300 89
0 655.6 119.725 300 89
0 655.6 119.803 300 89
0 655.6 119.89 300 89
0 655.6 119.989 300 89
0 655.6 120.076 300 89
0 655.6 120.165 300 89
0 655.6 120.252 300 89
0 655.6 120.347 300 89
0 655.6 120.439 300 89
0 655.6 120.532 300 89
0 655.6 120.622 300 89
0 655.6 120.71 300 89
0 655.6 120.797 300 89
0 655.6 120.883 300 89
0 655.6 120.959 300 89
0 655.6 121.046 300 89
0 655.6 121.126 300 89
0 655.6 121.215 300 89
0 655.6 121.299 300 89
0 655.6 121.393 300 89
0 655.6 121.476 300 89
0 655.6 121.554 300 89
0 655.6 121.637 300 89
0 655.6 121.729 300 89
0 655.6 121.814 300 89
0 655.6 121.898 300 89
0 655.6 121.986 300 89
0 655.6 122.08 300 89
0 655.6 122.168 300 89
0 655.6 122.254 300 89
0 655.6 122.332 300 89
0 655.6 122.417 300 89
0 655.6 122.506 300 89
0 655.6 122.59 300 89
0 655.6 122.686 300 89
0 655.6 122.783 300 89
0 655.6 122.871 300 89
0 655.6 122.961 300 89
0 655.6 123.039 300 89
0 655.6 123.12 300 89
0 655.6 123.206 300 89
0 655.6 123.293 300 89
0 655.6 123.382 300 89
0 655.6 123.472 300 89
0 655.6 123.561 300 89
0 655.6 123.653 300 89
0 655.6 123.743 300 89
0 655.6 123.822 300 89
0 655.6 123.901 300 89
0 655.6 123.986 300 89
0 650 124.009 89
0 650 124.073 300 89
0 650 124.154 300 89
0 650 124.238 300 89
0 650 124.327 300 89
0 650 124.415 300 89
0 650 124.505 300 89
0 650 124.596 300 89
0 650 124.686 300 89
0 650 124.768 300 89
0 650 124.853 300 89
0 650 124.945 300 89
0 650 125.029 300 89
0 650 125.116 300 89
0 650 125.204 300 89
0 650 125.289 300 89
0 650 125.369 300 89
0 650 125.456 300 89
0 650 125.543 300 89
0 650 125.629 300 89
0 650 125.71 300 89
0 650 125.797 300 89
0 650 125.873 300 89
0 650 125.948 300 89
0 650 126.023 300 89
0 650 126.105 300 89
0 650 126.169 300 89
0 650 126.253 300 89
0 650 126.34 300 89
0 650 126.42 300 89
0 650 126.511 300 89
0 650 126.609 300 89
0 650 126.7 300 89
0 650 126.791 300 89
0 650 126.87 300 89
0 650 126.957 300 89
0 650 127.038 300 89
0 650 127.126 300 89
0 650 127.211 300 89
0 650 127.296 300 89
0 650 127.39 300 89
0 650 127.479 300 89
0 650 127.566 300 89
0 650 127.644 300 89
0 650 127.725 300 89
0 650 127.806 300 89
0 650 127.889 300 89
0 650 127.987 300 89
0 650 128.083 300 89
0 650 128.187 300 89
0 650 128.283 300 89
0 650 128.376 300 89
0 650 128.464 300 89
0 650 128.566 300 89
0 650 128.646 300 89
0 650 128.705 300 89
0 650 128.794 300 89
0 650 128.883 300 89
0 650 128.972 300 89
0 650 129.069 300 89
0 650 129.157 300 89
0 650 129.244 300 89
0 650 129.33 300 89
0 650 129.412 300 89
0 650 129.495 300 89
0 650 129.585 300 89
0 650 129.671 300 89
0 650 129.762 300 89
0 650 129.85 300 89
0 650 129.93 300 89
0 650 130.01 300 89
0 650 130.102 300 89
0 650 130.188 300 89
0 650 130.277 300 89
0 650 130.375 300 89
0 650 130.457 300 89
0 650 130.541 300 89
0 650 130.627 300 89
0 650 130.716 300 89
0 650 130.812 300 89
0 650 130.904 300 89
0 650 130.987 300 89
0 650 131.085 300 89
0 650 131.171 300 89
0 650 131.256 300 89
0 650 131.346 300 89
0 650 131.438 300 89
0 650 131.522 300 89
0 650 131.606 300 89
0 650 131.696 300 89
0 650 131.831 300 89
0 650 131.915 300 89
0 650 131.997 300 89
0 650 132.088 300 89
0 650 132.184 300 89
0 650 132.272 300 89
0 650 132.357 300 89
0 650 132.453 300 89
0 650 132.547 300 89
0 650 132.623 300 89
0 650 132.71 300 89
0 650 132.79 300 89
0 650 132.879 300 89
0 650 132.967 300 89
0 650 133.06 300 89
0 650 133.148 300 89
0 650 133.235 300 89
0 650 133.318 300 89
0 650 133.404 300 89
0 650 133.488 300 89
0 650 133.574 300 89
0 650 133.659 300 89
0 650 133.752 300 89
0 650 133.845 300 89
0 650 133.933 300 89
0 650 134.023 300 89
0 650 134.108 300 89
0 650 134.196 300 89
0 650 134.287 300 89
0 650 134.38 300 89
0 650 134.472 300 89
0 650 134.611 300 89
0 650 134.704 300 89
0 650 134.799 300 89
0 650 134.889 300 89
0 650 134.972 300 89
0 650 135.062 300 89
0 650 135.147 300 89
0 650 135.228 300 89
0 650 135.314 300 89
0 650 135.403 300 89
0 650 135.49 300 89
0 650 135.579 300 89
0 650 135.661 300 89
0 650 135.752 300 89
0 650 135.842 300 89
0 650 135.934 300 89
0 650 136.017 300 89
0 650 136.11 300 89
0 650 136.201 300 89
0 650 136.292 300 89
0 650 136.372 300 89
0 650 136.459 300 89
0 650 136.542 300 89
0 650 136.627 300 89
0 650 136.71 300 89
0 650 136.802 300 89
0 650 136.901 300 89
0 650 136.994 300 89
0 650 137.083 300 89
0 650 137.178 300 89
0 650 137.271 300 89
0 650 137.366 300 89
0 650 137.458 300 89
0 650 137.554 300 89
0 650 137.643 300 89
0 650 137.74 300 89
0 650 137.831 300 89
0 650 137.922 300 89
0 650 138.017 300 89
0 650 138.103 300 89
0 650 138.191 300 89
0 650 138.276 300 89
0 650 138.363 300 89
0 650 138.458 300 89
0 650 138.547 300 89
0 650 138.63 300 89
0 650 138.719 300 89
0 650 138.808 300 89
0 650 138.905 300 89
0 650 139.006 300 89
0 650 139.092 300 89
0 650 139.186 300 89
0 650 139.279 300 89
0 650 139.364 300 89
0 650 139.455 300 89
0 650 139.535 300 89
0 650 139.628 300 89
0 650 139.714 300 89
0 650 139.811 300 89
0 650 139.908 300 89
0 650 139.992 300 89
0 650 140.079 300 89
0 650 140.16 300 89
0 650 140.256 300 89
0 650 140.342 300 89
0 650 140.427 300 89
0 650 140.518 300 89
0 650 140.604 300 89
0 650 140.698 300 89
0 650 140.788 300 89
0 650 140.883 300 89
0 650 140.969 300 89
0 650 141.053 300 89
0 650 141.135 300 89
0 650 141.221 300 89
0 650 141.307 300 89
0 650 141.399 300 89
0 650 141.481 300 89
0 650 141.569 300 89
0 650 141.658 300 89
0 650 141.747 300 89
0 650 141.839 300 89
0 650 141.922 300 89
0 650 142.008 300 89
0 650 142.095 300 89
0 650 142.184 300 89
0 650 142.268 300 89
0 650 142.358 300 89
0 650 142.439 300 89
0 650 142.536 300 89
0 650 142.621 300 89
0 650 142.715 300 89
0 650 142.809 300 89
0 650 142.907 300 89
0 650 143.003 300 89
0 650 143.089 300 89
0 650 143.182 300 89
0 650 143.275 300 89
0 650 143.364 300 89
0 650 143.455 300 89
0 650 143.542 300 89
0 650 143.632 300 89
0 650 143.726 300 89
0 650 143.818 300 89
0 650 143.91 300 89
0 650 143.998 300 89
0 650 144.087 300 89
0 650 144.176 300 89
0 650 144.271 300 89
0 650 144.356 300 89
0 650 144.449 300 89
0 650 144.534 300 89
0 650 144.623 300 89
0 650 144.707 300 89
0 650 144.788 300 89
0 650 144.879 300 89
0 650 144.973 300 89
0 650 145.062 300 89
0 650 145.156 300 89
0 650 145.252 300 89
0 650 145.346 300 89
0 650 145.436 300 89
0 650 145.531 300 89
0 650 145.618 300 89
0 650 145.708 300 89
0 650 145.801 300 89
0 650 145.886 300 89
0 650 145.972 300 89
0 650 146.053 300 89
0 650 146.141 300 89
0 650 146.226 300 89
0 650 146.323 300 89
0 650 146.408 300 89
0 650 146.501 300 89
0 650 146.589 300 89
0 650 146.682 300 89
0 650 146.779 300 89
0 650 146.834 300 89
0 650 146.923 300 89
0 650 147.011 300 89
0 650 147.106 300 89
0 650 147.2 300 89
0 650 147.292 300 89
0 650 147.345 300 89
0 650 147.423 300 89
0 650 147.514 300 89
0 650 147.612 300 89
0 650 147.704 300 89
0 650 147.782 300 89
0 650 147.88 300 89
0 650 147.973 300 89
0 650 148.061 300 89
0 650 148.144 300 89
0 650 148.237 300 89
0 650 148.336 300 89
0 650 148.432 300 89
0 650 148.518 300 89
0 650 148.61 300 89
0 650 148.703 300 89
0 650 148.796 300 89
0 650 148.897 300 89
0 650 148.98 300 89
0 650 149.074 300 89
0 650 149.167 300 89
0 650 149.254 300 89
0 650 149.337 300 89
0 650 149.425 300 89
0 650 149.518 300 89
0 650 149.603 300 89
0 650 149.692 300 89
0 650 149.784 300 89
0 650 149.875 300 89
0 650 149.97 300 89
0 650 150.065 300 89
0 650 150.153 300 89
0 650 150.243 300 89
0 650 150.342 300 89
0 650 150.436 300 89
0 650 150.532 300 89
0 650 150.627 300 89
0 650 150.717 300 89
0 650 150.806 300 89
0 650 150.901 300 89
0 650 150.993 300 89
0 650 151.082 300 89
0 650 151.168 300 89
0 650 151.264 300 89
0 650 151.357 300 89
0 650 151.455 300 89
0 650 151.542 300 89
0 650 151.628 300 89
0 650 151.72 300 89
0 650 151.818 300 89
0 650 151.901 300 89
0 650 151.994 300 89
0 650 152.084 300 89
0 650 152.18 300 89
0 650 152.273 300 89
0 650 152.359 300 89
0 650 152.445 300 89
0 650 152.529 300 89
0 650 152.617 300 89
0 650 152.705 300 89
0 650 152.792 300 89
0 650 152.89 300 89
0 650 152.98 300 89
0 650 153.068 300 89
0 650 153.159 300 89
0 650 153.258 300 89
0 650 153.345 300 89
0 650 153.429 300 89
0 650 153.517 300 89
0 650 153.605 300 89
0 650 153.685 300 89
0 650 153.778 300 89
0 650 153.872 300 89
0 650 153.967 300 89
0 650 154.054 300 89
0 650 154.147 300 89
0 650 154.247 300 89
0 650 154.344 300 89
0 650 154.438 300 89
0 650 154.529 300 89
0 650 154.614 300 89
0 650 154.704 300 89
0 650 154.792 300 89
0 650 154.882 300 89
0 650 154.973 300 89
0 650 155.068 300 89
0 650 155.163 300 89
0 650 155.251 300 89
0 650 155.342 300 89
0 650 155.435 300 89
0 650 155.526 300 89
0 650 155.616 300 89
0 650 155.707 300 89
0 650 155.805 300 89
0 650 155.898 300 89
0 650 155.99 300 89
0 650 156.085 300 89
0 650 156.175 300 89
0 650 156.263 300 89
0 650 156.356 300 89
0 650 156.442 300 89
0 650 156.535 300 89
0 650 156.617 300 89
0 650 156.705 300 89
0 650 156.787 300 89
0 650 156.875 300 89
0 650 156.965 300 89
0 650 157.054 300 89
0 650 157.147 300 89
0 650 157.239 300 89
0 650 157.331 300 89
0 650 157.422 300 89
0 650 157.52 300 89
0 650 157.618 300 89
0 650 157.708 300 89
0 650 157.81 300 89
0 650 157.905 300 89
0 650 158.002 300 89
0 650 158.082 300 89
0 650 158.198 300 89
0 650 158.287 300 89
0 650 158.374 300 89
0 650 158.469 300 89
0 650 158.567 300 89
0 650 158.655 300 89
0 650 158.748 300 89
0 650 158.844 300 89
0 650 158.939 300 89
0 650 159.024 300 89
0 650 159.11 300 89
0 650 159.198 300 89
0 650 159.284 300 89
0 650 159.376 300 89
0 650 159.472 300 89
0 650 159.564 300 89
0 650 159.657 300 89
0 650 159.747 300 89
0 650 159.84 300 89
0 650 159.93 300 89
0 650 160.027 300 89
0 650 160.12 300 89
0 650 160.211 300 89
0 650 160.298 300 89
0 650 160.392 300 89
0 650 160.48 300 89
0 650 160.571 300 89
0 650 160.664 300 89
0 650 160.757 300 89
0 650 160.854 300 89
0 650 160.949 300 89
0 650 161.034 300 89
0 650 161.123 300 89
0 650 161.217 300 89
0 650 161.284 300 89
0 650 161.37 300 89
0 650 161.461 300 89
0 650 161.549 300 89
0 650 161.633 300 89
0 650 161.722 300 89
0 650 161.816 300 89
0 650 161.909 300 89
0 650 162 300 89
0 650 162.083 300 89
0 650 162.176 300 89
0 650 162.234 300 89
0 650 162.323 300 89
0 650 162.411 300 89
0 650 162.496 300 89
0 650 162.585 300 89
0 650 162.674 300 89
0 650 162.78 300 89
0 650 162.862 300 89
0 650 162.955 300 89
0 650 163.048 300 89
0 650 163.14 300 89
0 650 163.225 300 89
0 650 163.32 300 89
0 650 163.38 300 89
0 650 163.462 300 89
0 650 163.545 300 89
0 650 163.638 300 89
0 650 163.732 300 89
0 650 163.81 300 89
0 650 163.897 300 89
0 650 163.98 300 89
0 650 164.073 300 89
0 650 164.16 300 89
0 650 164.259 300 89
0 650 164.351 300 89
0 650 164.45 300 89
0 650 164.539 300 89
0 650 164.627 300 89
0 650 164.715 300 89
0 650 164.841 300 89
0 650 164.933 300 89
0 650 165.019 300 89
0 650 165.104 300 89
0 650 165.189 300 89
0 650 165.267 300 89
0 650 165.351 300 89
0 650 165.433 300 89
0 650 165.516 300 89
0 650 165.606 300 89
0 650 165.696 300 89
0 650 165.788 300 89
0 650 165.876 300 89
0 650 165.963 300 89
0 650 166.054 300 89
0 650 166.149 300 89
0 650 166.233 300 89
0 650 166.319 300 89
0 650 166.408 300 89
0 650 166.502 300 89
0 650 166.579 300 89
0 650 166.67 300 89
0 650 166.757 300 89
0 650 166.846 300 89
0 650 166.936 300 89
0 650 167.012 300 89
0 650 167.102 300 89
0 650 167.187 300 89
0 650 167.27 300 89
0 650 167.349 300 89
0 650 167.428 300 89
0 650 167.526 300 89
0 650 167.6 300 89
0 650 167.687 300 89
0 650 167.79 300 89
0 650 167.876 300 89
0 650 167.96 300 89
0 650 168.049 300 89
0 650 168.138 300 89
0 650 168.227 300 89
0 650 168.318 300 89
0 650 168.4 300 89
0 650 168.492 300 89
0 650 168.585 300 89
0 650 168.679 300 89
0 650 168.767 300 89
0 650 168.849 300 89
0 650 168.945 300 89
0 650 169.038 300 89
0 650 169.131 300 89
0 650 169.225 300 89
0 650 169.316 300 89
0 650 169.405 300 89
0 650 169.499 300 89
0 650 169.584 300 89
0 650 169.669 300 89
0 650 169.756 300 89
0 650 169.834 300 89
0 650 169.913 300 89
0 650 170.002 300 89
0 650 170.095 300 89
0 650 170.187 300 89
0 650 170.277 300 89
0 650 170.36 300 89
0 650 170.456 300 89
0 650 170.545 300 89
0 650 170.638 300 89
0 650 170.727 300 89
0 650 170.814 300 89
0 650 170.911 300 89
0 650 170.995 300 89
0 650 171.085 300 89
0 650 171.169 300 89
0 650 171.258 300 89
0 650 171.339 300 89
0 650 171.435 300 89
0 650 171.528 300 89
0 650 171.661 300 89
0 650 171.74 300 89
0 650 171.825 300 89
0 650 171.911 300 89
0 650 172.002 300 89
0 650 172.086 300 89
0 650 172.168 300 89
0 650 172.253 300 89
0 650 172.338 300 89
0 650 172.426 300 89
0 650 172.515 300 89
0 650 172.605 300 89
0 650 172.692 300 89
0 650 172.779 300 89
0 650 172.866 300 89
0 650 172.949 300 89
0 650 173.026 300 89
0 650 173.118 300 89
0 650 173.203 300 89
0 650 173.293 300 89
0 650 173.376 300 89
0 650 173.464 300 89
0 650 173.544 300 89
0 650 173.636 300 89
0 650 173.717 300 89
0 650 173.825 300 89
0 650 173.914 300 89
0 650 174.002 300 89
0 650 174.091 300 89
0 650 174.18 300 89
0 650 174.267 300 89
0 650 174.352 300 89
0 650 174.437 300 89
0 650 174.525 300 89
0 650 174.61 300 89
0 650 174.698 300 89
0 650 174.792 300 89
0 650 174.876 300 89
0 650 174.962 300 89
0 650 175.049 300 89
0 650 175.134 300 89
0 650 175.219 300 89
0 650 175.306 300 89
0 650 175.393 300 89
0 650 175.474 300 89
0 650 175.559 300 89
0 650 175.639 300 89
0 650 175.723 300 89
0 650 175.808 300 89
0 650 175.897 300 89
0 650 175.979 300 89
0 650 176.066 300 89
0 650 176.151 300 89
0 650 176.237 300 89
0 650 176.321 300 89
0 650 176.407 300 89
0 650 176.492 300 89
0 650 176.578 300 89
0 650 176.67 300 89
0 650 176.758 300 89
0 650 176.844 300 89
0 650 176.936 300 89
0 650 177.03 300 89
0 650 177.117 300 89
0 650 177.202 300 89
0 650 177.289 300 89
0 650 177.374 300 89
0 650 177.458 300 89
0 650 177.547 300 89
0 650 177.635 300 89
0 650 177.722 300 89
0 650 177.811 300 89
0 650 177.901 300 89
0 650 177.988 300 89
0 650 178.073 300 89
0 650 178.149 300 89
0 650 178.237 300 89
0 650 178.32 300 89
0 650 178.409 300 89
0 650 178.488 300 89
0 650 178.577 300 89
0 650 178.66 300 89
0 650 178.746 300 89
0 650 178.843 300 89
0 650 178.936 300 89
0 650 179.017 300 89
0 650 179.102 300 89
0 650 179.19 300 89
0 650 179.269 300 89
0 650 179.356 300 89
0 650 179.44 300 89
0 650 179.532 300 89
0 650 179.624 300 89
0 650 179.713 300 89
0 650 179.8 300 89
0 650 179.884 300 89
0 650 179.965 300 89
0 650 180.058 300 89
0 650 180.147 300 89
0 650 180.235 300 89
0 650 180.348 300 89
0 650 180.431 300 89
0 650 180.517 300 89
0 650 180.604 300 89
0 650 180.688 300 89
0 650 180.773 300 89
0 650 180.857 300 89
0 650 180.947 300 89
0 650 181.028 300 89
0 650 181.114 300 89
0 650 181.195 300 89
0 650 181.284 300 89
0 650 181.377 300 89
0 650 181.465 300 89
0 650 181.555 300 89
0 650 181.642 300 89
0 650 181.728 300 89
0 650 181.816 300 89
0 650 181.903 300 89
0 650 181.991 300 89
0 650 182.076 300 89
0 650 182.158 300 89
0 650 182.239 300 89
0 650 182.321 300 89
0 650 182.407 300 89
0 650 182.502 300 89
0 650 182.585 300 89
0 650 182.672 300 89
0 650 182.749 300 89
0 650 182.835 300 89
0 650 182.923 300 89
0 650 183.007 300 89
0 650 183.09 300 89
0 650 183.173 300 89
0 650 183.257 300 89
0 650 183.332 300 89
0 650 183.415 300 89
0 650 183.503 300 89
0 650 183.587 300 89
0 650 183.682 300 89
0 650 183.761 300 89
0 650 183.86 300 89
0 650 183.957 300 89
0 650 184.047 300 89
0 650 184.136 300 89
0 650 184.216 300 89
0 650 184.301 300 89
0 650 184.388 300 89
0 650 184.477 300 89
0 650 184.563 300 89
0 650 184.655 300 89
0 650 184.746 300 89
0 650 184.838 300 89
0 650 184.926 300 89
0 650 185.019 300 89
0 650 185.107 300 89
0 650 185.193 300 89
0 650 185.28 300 89
0 650 185.367 300 89
0 650 185.452 300 89
0 650 185.544 300 89
0 650 185.632 300 89
0 650 185.721 300 89
0 650 185.807 300 89
0 650 185.893 300 89
0 650 185.965 300 89
0 650 186.054 300 89
0 650 186.142 300 89
0 650 186.234 300 89
0 650 186.326 300 89
0 650 186.415 300 89
0 650 186.506 300 89
0 650 186.585 300 89
0 650 186.658 300 89
0 650 186.741 300 89
0 650 186.829 300 89
0 650 186.919 300 89
0 650 187.008 300 89
0 650 187.093 300 89
0 650 187.181 300 89
0 650 187.266 300 89
0 650 187.355 300 89
0 650 187.443 300 89
0 650 187.535 300 89
0 650 187.621 300 89
0 650 187.701 300 89
0 650 187.792 300 89
0 650 187.882 300 89
0 650 187.973 300 89
0 650 188.06 300 89
0 650 188.15 300 89
0 650 188.236 300 89
0 650 188.322 300 89
0 650 188.411 300 89
0 650 188.501 300 89
0 650 188.593 300 89
0 650 188.678 300 89
0 650 188.761 300 89
0 650 188.85 300 89
0 650 188.939 300 89
0 650 189.025 300 89
0 650 189.116 300 89
0 650 189.206 300 89
0 650 189.291 300 89
0 650 189.383 300 89
0 650 189.469 300 89
0 650 189.549 300 89
0 650 189.64 300 89
0 650 189.73 300 89
0 650 189.812 300 89
0 650 189.905 300 89
0 650 190 300 89
0 650 190.09 300 89
0 650 190.178 300 89
0 650 190.27 300 89
0 650 190.364 300 89
0 650 190.442 300 89
0 650 190.532 300 89
0 650 190.608 300 89
0 650 190.698 300 89
0 650 190.791 300 89
0 650 190.888 300 89
0 650 190.985 300 89
0 650 191.068 300 89
0 650 191.16 300 89
0 650 191.247 300 89
0 650 191.328 300 89
0 650 191.417 300 89
0 650 191.508 300 89
0 650 191.602 300 89
0 650 191.688 300 89
0 650 191.776 300 89
0 650 191.863 300 89
0 650 191.95 300 89
0 650 192.039 300 89
0 650 192.127 300 89
0 650 192.219 300 89
0 650 192.306 300 89
0 650 192.386 300 89
0 650 192.474 300 89
0 650 192.56 300 89
0 650 192.643 300 89
0 650 192.738 300 89
0 650 192.824 300 89
0 650 192.917 300 89
0 650 193.007 300 89
0 650 193.089 300 89
0 650 193.178 300 89
0 650 193.266 300 89
0 650 193.355 300 89
0 650 193.437 300 89
0 650 193.52 300 89
0 650 193.606 300 89
0 650 193.691 300 89
0 650 193.777 300 89
0 650 193.867 300 89
0 650 193.961 300 89
0 650 194.044 300 89
0 650 194.134 300 89
0 650 194.205 300 89
0 650 194.261 300 89
0 650 194.318 300 89
0 650 194.38 300 89
0 650 194.443 300 89
0 650 194.508 300 89
0 650 194.566 300 89
0 650 194.631 300 89
0 650 194.692 300 89
0 650 194.748 300 89
0 650 194.808 300 89
0 650 194.866 300 89
0 650 194.925 300 89
0 650 195.008 300 89
0 650 195.093 300 89
0 650 195.176 300 89
0 650 195.266 300 89
0 650 195.348 300 89
0 650 195.437 300 89
0 650 195.525 300 89
0 650 195.612 300 89
0 650 195.698 300 89
0 650 195.793 300 89
0 650 195.882 300 89
0 650 195.974 300 89
0 650 196.058 300 89
0 650 196.148 300 89
0 650 196.231 300 89
0 650 196.329 300 89
0 650 196.418 300 89
0 650 196.51 300 89
0 650 196.605 300 89
0 650 196.694 300 89
0 650 196.784 300 89
0 650 196.881 300 89
0 650 196.967 300 89
0 650 197.056 300 89
0 650 197.14 300 89
0 650 197.222 300 89
0 650 197.307 300 89
0 650 197.396 300 89
0 650 197.484 300 89
0 650 197.577 300 89
0 650 197.667 300 89
0 650 197.753 300 89
0 650 197.841 300 89
0 650 197.927 300 89
0 650 198.019 300 89
0 650 198.109 300 89
0 650 198.214 300 89
0 650 198.303 300 89
0 650 198.388 300 89
0 650 198.461 300 89
0 650 198.539 300 89
0 650 198.632 300 89
0 650 198.717 300 89
0 650 198.803 300 89
0 650 198.89 300 89
0 650 198.979 300 89
0 650 199.061 300 89
0 650 199.143 300 89
0 650 199.225 300 89
0 650 199.303 300 89
0 650 199.362 300 89
0 650 199.422 300 89
0 650 199.48 300 89
0 650 199.539 300 89
0 650 199.598 300 89
0 650 199.662 300 89
0 650 199.721 300 89
0 650 199.779 300 89
0 650 199.837 300 89
0 650 199.897 300 89
0 650 199.962 300 89
0 650 200.017 300 89
0 650 200.077 300 89
0 650 200.135 300 89
0 650 200.194 300 89
0 650 200.259 300 89
0 650 200.313 300 89
0 650 200.369 300 89
0 650 200.431 300 89
0 650 200.495 300 89
0 650 200.556 300 89
0 650 200.621 300 89
0 650 200.678 300 89
0 650 200.738 300 89
0 650 200.794 300 89
0 650 200.856 300 89
0 650 200.919 300 89
0 650 200.976 300 89
0 650 201.039 300 89
0 650 201.114 300 89
0 650 201.175 300 89
0 650 201.241 300 89
0 650 201.301 300 89
0 650 201.367 300 89
0 650 201.427 300 89
0 650 201.496 300 89
0 650 201.555 300 89
0 650 201.615 300 89
0 650 201.678 300 89
0 650 201.735 300 89
0 650 201.797 300 89
0 650 201.855 300 89
0 650 201.917 300 89
0 650 201.976 300 89
0 650 202.034 300 89
0 650 202.096 300 89
0 650 202.161 300 89
0 650 202.222 300 89
0 650 202.285 300 89
0 650 202.342 300 89
0 650 202.4 300 89
0 650 202.459 300 89
0 650 202.519 300 89
0 650 202.577 300 89
0 650 202.636 300 89
0 650 202.698 300 89
0 650 202.759 300 89
0 650 202.822 300 89
0 650 202.914 300 89
0 650 203.01 300 89
0 650 203.101 300 89
0 650 203.191 300 89
0 650 203.279 300 89
0 650 203.365 300 89
0 650 203.452 300 89
0 650 203.543 300 89
0 650 203.631 300 89
0 650 203.715 300 89
0 650 203.802 300 89
0 650 203.897 300 89
0 650 203.988 300 89
0 650 204.082 300 89
0 650 204.178 300 89
0 650 204.265 300 89
0 650 204.359 300 89
0 650 204.451 300 89
0 650 204.537 300 89
0 650 204.637 300 89
0 650 204.731 300 89
0 650 204.818 300 89
0 650 204.911 300 89
0 650 205 300 89
0 650 205.083 300 89
0 650 205.169 300 89
0 650 205.259 300 89
0 650 205.348 300 89
0 650 205.44 300 89
0 650 205.525 300 89
0 650 205.614 300 89
0 650 205.711 300 89
0 650 205.796 300 89
0 650 205.89 300 89
0 650 205.977 300 89
0 650 206.071 300 89
0 650 206.16 300 89
0 650 206.247 300 89
0 650 206.331 300 89
0 650 206.426 300 89
0 650 206.514 300 89
0 650 206.604 300 89
0 650 206.702 300 89
0 650 206.784 300 89
0 650 206.875 300 89
0 650 206.967 300 89
0 650 207.064 300 89
0 650 207.155 300 89
0 650 207.241 300 89
0 650 207.329 300 89
0 650 207.429 300 89
0 650 207.522 300 89
0 650 207.609 300 89
0 650 207.703 300 89
0 650 207.795 300 89
0 650 207.882 300 89
0 650 207.97 300 89
0 650 208.046 300 89
0 650 208.139 300 89
0 650 208.229 300 89
0 650 208.321 300 89
0 650 208.417 300 89
0 650 208.504 300 89
0 650 208.603 300 89
0 650 208.693 300 89
0 650 208.775 300 89
0 650 208.86 300 89
0 650 208.949 300 89
0 650 209.088 300 89
0 650 209.179 300 89
0 650 209.255 300 89
0 650 209.361 300 89
0 650 209.454 300 89
0 650 209.542 300 89
0 650 209.636 300 89
0 650 209.731 300 89
0 650 209.81 300 89
0 650 209.875 300 89
0 650 209.932 300 89
0 650 209.998 300 89
0 650 210.063 300 89
0 650 210.128 300 89
0 650 210.191 300 89
0 650 210.259 300 89
0 650 210.323 300 89
0 650 210.384 300 89
0 650 210.447 300 89
0 650 210.515 300 89
0 650 210.575 300 89
0 650 210.635 300 89
0 650 210.695 300 89
0 650 210.765 300 89
0 650 210.831 300 89
0 650 210.894 300 89
0 650 210.958 300 89
0 650 211.02 300 89
0 650 211.086 300 89
0 650 211.147 300 89
0 650 211.282 300 89
0 650 211.349 300 89
0 650 211.416 300 89
0 650 211.482 300 89
0 650 211.544 300 89
0 650 211.606 300 89
0 650 211.669 300 89
0 650 211.735 300 89
0 650 211.796 300 89
0 650 211.857 300 89
0 650 211.919 300 89
0 650 211.983 300 89
0 650 212.082 300 89
0 650 212.145 300 89
0 650 212.212 300 89
0 650 212.275 300 89
0 650 212.332 300 89
0 650 212.392 300 89
0 650 212.457 300 89
0 650 212.524 300 89
0 650 212.584 300 89
0 650 212.649 300 89
0 650 212.717 300 89
0 650 212.782 300 89
0 650 212.844 300 89
0 650 212.909 300 89
0 650 212.968 300 89
0 650 213.029 300 89
0 650 213.089 300 89
0 650 213.152 300 89
0 650 213.218 300 89
0 650 213.281 300 89
0 650 213.343 300 89
0 650 213.406 300 89
0 650 213.469 300 89
0 650 213.529 300 89
0 650 213.593 300 89
0 650 213.661 300 89
0 650 213.718 300 89
0 650 213.786 300 89
0 650 213.848 300 89
0 650 213.907 300 89
0 650 213.973 300 89
0 650 214.038 300 89
0 650 214.101 300 89
0 650 214.164 300 89
0 650 214.223 300 89
0 650 214.286 300 89
0 650 214.354 300 89
0 650 214.418 300 89
0 650 214.48 300 89
0 650 214.545 300 89
0 650 214.612 300 89
0 650 214.679 300 89
0 650 214.747 300 89
0 650 214.813 300 89
0 650 214.883 300 89
0 650 214.949 300 89
0 650 215.015 300 89
0 650 215.081 300 89
0 650 215.142 300 89
0 650 215.21 300 89
0 650 215.273 300 89
0 650 215.341 300 89
0 650 215.41 300 89
0 650 215.479 300 89
0 650 215.54 300 89
0 650 215.581 300 89
0 650 215.648 300 89
0 650 215.707 300 89
0 650 215.769 300 89
0 650 215.836 300 89
0 650 215.904 300 89
0 650 215.966 300 89
0 650 216.028 300 89
0 650 216.089 300 89
0 650 216.153 300 89
0 650 216.216 300 89
0 650 216.285 300 89
0 650 216.348 300 89
0 650 216.414 300 89
0 650 216.482 300 89
0 650 216.552 300 89
0 650 216.615 300 89
0 650 216.687 300 89
0 650 216.754 300 89
0 650 216.823 300 89
0 650 216.894 300 89
0 650 216.995 300 89
0 650 217.092 300 89
0 650 217.188 300 89
0 650 217.272 300 89
0 650 217.374 300 89
0 650 217.473 300 89
0 650 217.568 300 89
0 650 217.656 300 89
0 650 217.75 300 89
0 650 217.839 300 89
0 650 217.934 300 89
0 650 218.032 300 89
0 650 218.121 300 89
0 650 218.21 300 89
0 650 218.302 300 89
0 650 218.395 300 89
0 650 218.483 300 89
0 650 218.574 300 89
0 650 218.67 300 89
0 650 218.757 300 89
0 650 218.859 300 89
0 650 218.949 300 89
0 650 219.033 300 89
0 650 219.126 300 89
0 650 219.223 300 89
0 650 219.316 300 89
0 650 219.417 300 89
0 650 219.509 300 89
0 650 219.608 300 89
0 650 219.704 300 89
0 650 219.801 300 89
0 650 219.9 300 89
0 650 219.996 300 89
0 650 220.096 300 89
0 650 220.193 300 89
0 650 220.299 300 89
0 650 220.4 300 89
0 650 220.492 300 89
0 650 220.588 300 89
0 650 220.688 300 89
0 650 220.773 300 89
0 650 220.865 300 89
0 650 220.958 300 89
0 650 221.037 300 89
0 650 221.128 300 89
0 650 221.223 300 89
0 650 221.319 300 89
0 650 221.412 300 89
0 650 221.518 300 89
0 650 221.605 300 89
0 650 221.708 300 89
0 650 221.804 300 89
0 650 221.895 300 89
0 650 221.988 300 89
0 650 222.084 300 89
0 650 222.172 300 89
0 650 222.269 300 89
0 650 222.368 300 89
0 650 222.471 300 89
0 650 222.572 300 89
0 650 222.666 300 89
0 650 222.77 300 89
0 650 222.854 300 89
0 650 222.956 300 89
0 650 223.053 300 89
0 650 223.122 300 89
0 650 223.219 300 89
0 650 223.307 300 89
0 650 223.404 300 89
0 650 223.548 300 89
0 650 223.65 300 89
0 650 223.745 300 89
0 650 223.837 300 89
0 650 223.931 300 89
0 650 224.03 300 89
0 650 224.124 300 89
0 650 224.218 300 89
0 650 224.315 300 89
0 650 224.405 300 89
0 650 224.496 300 89
0 650 224.596 300 89
0 650 224.692 300 89
0 650 224.777 300 89
0 650 224.872 300 89
0 650 224.962 300 89
0 650 225.055 300 89
0 650 225.15 300 89
0 650 225.252 300 89
0 650 225.358 300 89
0 650 225.461 300 89
0 650 225.562 300 89
0 650 225.659 300 89
0 650 225.754 300 89
0 650 225.839 300 89
0 650 225.934 300 89
0 650 226.027 300 89
0 650 226.118 300 89
0 650 226.212 300 89
0 650 226.306 300 89
0 650 226.395 300 89
0 650 226.492 300 89
0 650 226.598 300 89
0 650 226.692 300 89
0 650 226.813 300 89
0 650 226.872 300 89
0 650 226.935 300 89
0 650 226.995 300 89
0 650 227.058 300 89
0 650 227.12 300 89
0 650 227.177 300 89
0 650 227.242 300 89
0 650 227.308 300 89
0 650 227.376 300 89
0 650 227.438 300 89
0 650 227.503 300 89
0 650 227.564 300 89
0 650 227.633 300 89
0 650 227.696 300 89
0 650 227.764 300 89
0 650 227.828 300 89
0 650 227.892 300 89
0 650 227.953 300 89
0 650 228.026 300 89
0 650 228.087 300 89
0 650 228.151 300 89
0 650 228.218 300 89
0 650 228.278 300 89
0 650 228.345 300 89
0 650 228.406 300 89
0 650 228.464 300 89
0 650 228.523 300 89
0 650 228.588 300 89
0 650 228.654 300 89
0 650 228.726 300 89
0 650 228.79 300 89
0 650 228.856 300 89
0 650 228.921 300 89
0 650 228.989 300 89
0 650 229.055 300 89
0 650 229.12 300 89
0 650 229.195 300 89
0 650 229.257 300 89
0 650 229.32 300 89
0 650 229.389 300 89
0 650 229.452 300 89
0 650 229.513 300 89
0 650 229.573 300 89
0 650 229.633 300 89
0 650 229.694 300 89
0 650 229.758 300 89
0 650 229.825 300 89
0 650 229.933 300 89
0 650 230.031 300 89
0 650 230.129 300 89
0 650 230.228 300 89
0 650 230.318 300 89
0 650 230.405 300 89
0 650 230.501 300 89
0 650 230.587 300 89
0 650 230.677 300 89
0 650 230.77 300 89
0 650 230.864 300 89
0 650 230.952 300 89
0 650 231.046 300 89
0 650 231.14 300 89
0 650 231.239 300 89
0 650 231.332 300 89
0 650 231.42 300 89
0 650 231.501 300 89
0 650 231.592 300 89
0 650 231.674 300 89
0 650 231.762 300 89
0 650 231.858 300 89
0 650 231.956 300 89
0 650 232.046 300 89
0 650 232.137 300 89
0 650 232.229 300 89
0 650 232.312 300 89
0 650 232.405 300 89
0 650 232.488 300 89
0 650 232.583 300 89
0 650 232.674 300 89
0 650 232.771 300 89
0 650 232.861 300 89
0 650 232.963 300 89
0 650 233.06 300 89
0 650 233.166 300 89
0 650 233.262 300 89
0 650 233.348 300 89
0 650 233.438 300 89
0 650 233.529 300 89
0 650 233.621 300 89
0 650 233.717 300 89
0 650 233.805 300 89
0 650 233.897 300 89
0 650 233.99 300 89
0 650 234.077 300 89
0 650 234.159 300 89
0 650 234.247 300 89
0 650 234.342 300 89
0 650 234.413 300 89
0 650 234.497 300 89
0 650 234.583 300 89
0 650 234.675 300 89
0 650 234.754 300 89
0 650 234.847 300 89
0 650 234.935 300 89
0 650 235.014 300 89
0 650 235.104 300 89
0 650 235.194 300 89
0 650 235.279 300 89
0 650 235.372 300 89
0 650 235.459 300 89
0 650 235.548 300 89
0 650 235.629 300 89
0 650 235.718 300 89
0 650 235.798 300 89
0 650 235.89 300 89
0 650 235.977 300 89
0 650 236.066 300 89
0 650 236.157 300 89
0 650 236.25 300 89
0 650 236.337 300 89
0 650 236.427 300 89
0 650 236.511 300 89
0 650 236.602 300 89
0 650 236.692 300 89
0 650 236.779 300 89
0 650 236.858 300 89
0 650 236.949 300 89
0 650 237.039 300 89
0 650 237.133 300 89
0 650 237.223 300 89
0 650 237.312 300 89
0 650 237.399 300 89
0 650 237.484 300 89
0 650 237.573 300 89
0 650 237.66 300 89
0 650 237.741 300 89
0 650 237.828 300 89
0 650 237.91 300 89
0 650 238.005 300 89
0 650 238.093 300 89
0 650 238.178 300 89
0 650 238.266 300 89
0 650 238.359 300 89
0 650 238.438 300 89
0 650 238.525 300 89
0 650 238.616 300 89
0 650 238.707 300 89
0 650 238.788 300 89
0 650 238.885 300 89
0 650 238.968 300 89
0 650 239.06 300 89
0 650 239.15 300 89
0 650 239.224 300 89
0 650 239.323 300 89
0 650 239.416 300 89
0 650 239.509 300 89
0 650 239.601 300 89
0 650 239.697 300 89
0 650 239.78 300 89
0 650 239.868 300 89
0 650 239.968 300 89
0 650 240.053 300 89
0 650 240.145 300 89
0 650 240.222 300 89
0 650 240.309 300 89
0 650 240.396 300 89
0 650 240.488 300 89
0 650 240.58 300 89
0 650 240.678 300 89
0 650 240.766 300 89
0 650 240.866 300 89
0 650 240.958 300 89
0 650 241.042 300 89
0 650 241.138 300 89
0 650 241.234 300 89
0 650 241.329 300 89
0 650 241.417 300 89
0 650 241.503 300 89
0 650 241.592 300 89
0 650 241.685 300 89
0 650 241.777 300 89
0 650 241.86 300 89
0 650 241.946 300 89
0 650 242.032 300 89
0 650 242.131 300 89
0 650 242.225 300 89
0 650 242.306 300 89
0 650 242.393 300 89
0 650 242.481 300 89
0 650 242.575 300 89
0 650 242.667 300 89
0 650 242.754 300 89
0 650 242.844 300 89
0 650 242.935 300 89
0 650 243.031 300 89
0 650 243.119 300 89
0 650 243.202 300 89
0 650 243.295 300 89
0 650 243.38 300 89
0 650 243.476 300 89
0 650 243.573 300 89
0 650 243.663 300 89
0 650 243.75 300 89
0 650 243.849 300 89
0 650 243.937 300 89
0 650 244.024 300 89
0 650 244.112 300 89
0 650 244.206 300 89
0 650 244.299 300 89
0 650 244.387 300 89
0 650 244.486 300 89
0 650 244.575 300 89
0 650 244.656 300 89
0 650 244.744 300 89
0 650 244.837 300 89
0 650 244.932 300 89
0 650 245.018 300 89
0 650 245.102 300 89
0 650 245.193 300 89
0 650 245.313 300 89
0 650 245.401 300 89
0 650 245.487 300 89
0 650 245.573 300 89
0 650 245.657 300 89
0 650 245.744 300 89
0 650 245.828 300 89
0 650 245.919 300 89
0 650 246.01 300 89
0 650 246.1 300 89
0 650 246.187 300 89
0 650 246.279 300 89
0 650 246.382 300 89
0 650 246.475 300 89
0 650 246.576 300 89
0 650 246.671 300 89
0 650 246.754 300 89
0 650 246.844 300 89
0 650 246.936 300 89
0 650 247.021 300 89
0 650 247.114 300 89
0 650 247.194 300 89
0 650 247.278 300 89
0 650 247.372 300 89
0 650 247.465 300 89
0 650 247.552 300 89
0 650 247.644 300 89
0 650 247.735 300 89
0 650 247.824 300 89
0 650 247.914 300 89
0 650 248.01 300 89
0 650 248.095 300 89
0 650 248.185 300 89
0 650 248.278 300 89
0 650 248.372 300 89
0 650 248.459 300 89
0 650 248.555 300 89
0 650 248.647 300 89
0 650 248.737 300 89
0 650 248.832 300 89
0 650 248.914 300 89
0 650 249.002 300 89
0 650 249.099 300 89
0 650 249.194 300 89
0 650 249.302 300 89
0 650 249.401 300 89
0 650 249.49 300 89
0 650 249.588 300 89
0 650 249.685 300 89
0 650 249.775 300 89
0 650 249.865 300 89
0 650 249.952 300 89
0 650 250.039 300 89
0 650 250.132 300 89
0 650 250.223 300 89
0 650 250.317 300 89
0 650 250.409 300 89
0 650 250.496 300 89
0 650 250.595 300 89
0 650 250.689 300 89
0 650 250.784 300 89
0 650 250.876 300 89
0 650 250.962 300 89
0 650 251.061 300 89
0 650 251.158 300 89
0 650 251.227 300 89
0 650 251.293 300 89
0 650 251.355 300 89
0 650 251.414 300 89
0 650 251.481 300 89
0 650 251.545 300 89
0 650 251.611 300 89
0 650 251.674 300 89
0 650 251.738 300 89
0 650 251.804 300 89
0 650 251.869 300 89
0 650 251.93 300 89
0 650 251.994 300 89
0 650 252.058 300 89
0 650 252.121 300 89
0 650 252.201 300 89
0 650 252.308 300 89
0 650 252.415 300 89
0 650 252.512 300 89
0 650 252.628 300 89
0 650 252.728 300 89
0 650 252.817 300 89
0 650 252.921 300 89
0 650 253.009 300 89
0 650 253.104 300 89
0 650 253.205 300 89
0 650 253.318 300 89
0 650 253.401 300 89
0 650 253.489 300 89
0 650 253.576 300 89
0 650 253.687 300 89
0 650 253.785 300 89
0 650 253.873 300 89
0 650 253.965 300 89
0 650 254.055 300 89
0 650 254.149 300 89
0 650 254.249 300 89
0 650 254.338 300 89
0 650 254.425 300 89
0 650 254.512 300 89
0 650 254.598 300 89
0 650 254.661 300 89
0 650 254.721 300 89
0 650 254.783 300 89
0 650 254.85 300 89
0 650 254.915 300 89
0 650 254.973 300 89
0 650 255.035 300 89
0 650 255.097 300 89
0 650 255.155 300 89
0 650 255.206 300 89
0 650 255.267 300 89
0 650 255.33 300 89
0 650 255.388 300 89
0 650 255.45 300 89
0 650 255.516 300 89
0 650 255.579 300 89
0 650 255.64 300 89
0 650 255.701 300 89
0 650 255.78 300 89
0 650 255.876 300 89
0 650 255.966 300 89
0 650 256.052 300 89
0 650 256.147 300 89
0 650 256.244 300 89
0 650 256.336 300 89
0 650 256.43 300 89
0 650 256.511 300 89
0 650 256.592 300 89
0 650 256.68 300 89
0 650 256.761 300 89
0 650 256.855 300 89
0 650 256.946 300 89
0 650 257.039 300 89
0 650 257.129 300 89
0 650 257.225 300 89
0 650 257.309 300 89
0 650 257.4 300 89
0 650 257.491 300 89
0 650 257.585 300 89
0 650 257.671 300 89
0 650 257.771 300 89
0 650 257.864 300 89
0 650 257.953 300 89
0 650 258.049 300 89
0 650 258.143 300 89
0 650 258.228 300 89
0 650 258.325 300 89
0 650 258.402 300 89
0 650 258.486 300 89
0 650 258.573 300 89
0 650 258.666 300 89
0 650 258.756 300 89
0 650 258.858 300 89
0 650 258.958 300 89
0 650 259.05 300 89
0 650 259.133 300 89
0 650 259.227 300 89
0 650 259.322 300 89
0 650 259.414 300 89
0 650 259.506 300 89
0 650 259.594 300 89
0 650 259.687 300 89
0 650 259.784 300 89
0 650 259.877 300 89
0 650 259.973 300 89
0 650 260.068 300 89
0 650 260.158 300 89
0 650 260.253 300 89
0 650 260.344 300 89
0 650 260.437 300 89
0 650 260.519 300 89
0 650 260.609 300 89
0 650 260.708 300 89
0 650 260.803 300 89
0 650 260.906 300 89
0 650 260.988 300 89
0 650 261.084 300 89
0 650 261.177 300 89
0 650 261.259 300 89
0 650 261.353 300 89
0 650 261.443 300 89
0 650 261.537 300 89
0 650 261.632 300 89
0 650 261.762 300 89
0 650 261.853 300 89
0 650 261.941 300 89
0 650 262.024 300 89
0 650 262.118 300 89
0 650 262.213 300 89
0 650 262.293 300 89
0 650 262.406 300 89
0 650 262.513 300 89
0 650 262.612 300 89
0 650 262.708 300 89
0 650 262.814 300 89
0 650 262.909 300 89
0 650 262.986 300 89
0 650 263.071 300 89
0 650 263.155 300 89
0 650 263.244 300 89
0 650 263.337 300 89
0 650 263.425 300 89
0 650 263.516 300 89
0 650 263.618 300 89
0 650 263.706 300 89
0 650 263.799 300 89
0 650 263.882 300 89
0 650 263.975 300 89
0 650 264.069 300 89
0 650 264.159 300 89
0 650 264.257 300 89
0 650 264.369 300 89
0 650 264.493 300 89
0 650 264.573 300 89
0 650 264.666 300 89
0 650 264.756 300 89
0 650 264.832 300 89
0 650 264.92 300 89
0 650 265.009 300 89
0 650 265.092 300 89
0 650 265.184 300 89
0 650 265.28 300 89
0 650 265.39 300 89
0 650 265.467 300 89
0 650 265.558 300 89
0 650 265.649 300 89
0 650 265.735 300 89
0 650 265.83 300 89
0 650 265.911 300 89
0 650 265.994 300 89
0 650 266.078 300 89
0 650 266.142 300 89
0 650 266.21 300 89
0 650 266.286 300 89
0 650 266.371 300 89
0 650 266.473 300 89
0 650 266.571 300 89
0 650 266.679 300 89
0 650 266.769 300 89
0 650 266.87 300 89
0 650 266.969 300 89
0 650 267.063 300 89
0 650 267.157 300 89
0 650 267.255 300 89
0 650 267.344 300 89
0 650 267.442 300 89
0 650 267.53 300 89
0 650 267.621 300 89
0 650 267.707 300 89
0 650 267.806 300 89
0 650 267.907 300 89
0 650 268.01 300 89
0 650 268.1 300 89
0 650 268.191 300 89
0 650 268.281 300 89
0 650 268.376 300 89
0 650 268.467 300 89
0 650 268.559 300 89
0 650 268.642 300 89
0 650 268.753 300 89
0 650 268.865 300 89
0 650 268.96 300 89
0 650 269.052 300 89
0 650 269.14 300 89
0 650 269.234 300 89
0 650 269.332 300 89
0 650 269.424 300 89
0 650 269.513 300 89
0 650 269.606 300 89
0 650 269.696 300 89
0 650 269.808 300 89
0 650 269.908 300 89
0 650 270 300 89
0 650 270.095 300 89
0 650 270.191 300 89
0 650 270.289 300 89
0 650 270.384 300 89
0 650 270.472 300 89
0 650 270.577 300 89
0 650 270.684 300 89
0 650 270.782 300 89
0 650 270.887 300 89
0 650 270.975 300 89
0 650 271.067 300 89
0 650 271.164 300 89
0 650 271.257 300 89
0 650 271.351 300 89
0 650 271.452 300 89
0 650 271.551 300 89
0 650 271.644 300 89
0 650 271.737 300 89
0 650 271.834 300 89
0 650 271.924 300 89
0 650 272.025 300 89
0 650 272.134 300 89
0 650 272.234 300 89
0 650 272.331 300 89
0 650 272.429 300 89
0 650 272.523 300 89
0 650 272.624 300 89
0 650 272.724 300 89
0 650 272.826 300 89
0 650 272.939 300 89
0 650 273.068 300 89
0 650 273.176 300 89
0 650 273.287 300 89
0 650 273.406 300 89
0 650 273.516 300 89
0 650 273.621 300 89
0 650 273.734 300 89
0 650 273.828 300 89
0 650 273.929 300 89
0 650 273.993 300 89
0 650 274.085 300 89
0 650 274.19 300 89
0 650 274.284 300 89
0 650 274.376 300 89
0 650 274.473 300 89
0 650 274.566 300 89
0 650 274.66 300 89
0 650 274.75 300 89
0 650 274.844 300 89
0 650 274.938 300 89
0 650 275.025 300 89
0 650 275.105 300 89
0 650 275.207 300 89
0 650 275.362 300 89
0 650 275.444 300 89
0 650 275.544 300 89
0 650 275.66 300 89
0 650 275.766 300 89
0 650 275.863 300 89
0 650 275.958 300 89
0 650 276.075 300 89
0 650 276.177 300 89
0 650 276.269 300 89
0 650 276.352 300 89
0 650 276.454 300 89
0 650 276.546 300 89
0 650 276.656 300 89
0 650 276.76 300 89
0 650 276.852 300 89
0 650 276.947 300 89
0 650 277.049 300 89
0 650 277.137 300 89
0 650 277.237 300 89
0 650 277.329 300 89
0 650 277.421 300 89
0 650 277.513 300 89
0 650 277.603 300 89
0 650 277.69 300 89
0 650 277.785 300 89
0 650 277.871 300 89
0 650 277.965 300 89
0 650 278.052 300 89
0 650 278.146 300 89
0 650 278.217 300 89
0 650 278.281 300 89
0 650 278.368 300 89
0 650 278.448 300 89
0 650 278.511 300 89
0 650 278.58 300 89
0 650 278.645 300 89
0 650 278.744 300 89
0 650 278.843 300 89
0 650 278.938 300 89
0 650 279.032 300 89
0 650 279.125 300 89
0 650 279.217 300 89
0 650 279.309 300 89
0 650 279.404 300 89
0 650 279.514 300 89
0 650 279.612 300 89
0 650 279.711 300 89
0 650 279.808 300 89
0 650 279.912 300 89
0 650 280.008 300 89
0 650 280.096 300 89
0 650 280.195 300 89
0 650 280.288 300 89
0 650 280.366 300 89
0 650 280.456 300 89
0 650 280.548 300 89
0 650 280.632 300 89
0 650 280.72 300 89
0 650 280.822 300 89
0 650 280.919 300 89
0 650 281.019 300 89
0 650 281.111 300 89
0 650 281.217 300 89
0 650 281.303 300 89
0 650 281.398 300 89
0 650 281.5 300 89
0 650 281.595 300 89
0 650 281.691 300 89
0 650 281.794 300 89
0 650 281.89 300 89
0 650 281.984 300 89
0 650 282.071 300 89
0 650 282.165 300 89
0 650 282.255 300 89
0 650 282.349 300 89
0 650 282.446 300 89
0 650 282.537 300 89
0 650 282.637 300 89
0 650 282.728 300 89
0 650 282.821 300 89
0 650 282.916 300 89
0 650 283.007 300 89
0 650 283.102 300 89
0 650 283.21 300 89
0 650 283.309 300 89
0 650 283.401 300 89
0 650 283.489 300 89
0 650 283.58 300 89
0 650 283.671 300 89
0 650 283.773 300 89
0 650 283.866 300 89
0 650 283.957 300 89
0 650 284.039 300 89
0 650 284.124 300 89
0 650 284.224 300 89
0 650 284.316 300 89
0 650 284.412 300 89
0 650 284.512 300 89
0 650 284.62 300 89
0 650 284.725 300 89
0 650 284.818 300 89
0 650 284.914 300 89
0 650 285.017 300 89
0 650 285.115 300 89
0 650 285.21 300 89
0 650 285.303 300 89
0 650 285.403 300 89
0 650 285.499 300 89
0 650 285.59 300 89
0 650 285.682 300 89
0 650 285.777 300 89
0 650 285.878 300 89
0 650 285.975 300 89
0 650 286.063 300 89
0 650 286.148 300 89
0 650 286.236 300 89
0 650 286.332 300 89
0 650 286.424 300 89
0 650 286.514 300 89
0 650 286.603 300 89
0 650 286.695 300 89
0 650 286.783 300 89
0 650 286.878 300 89
0 650 286.962 300 89
0 650 287.053 300 89
0 650 287.144 300 89
0 650 287.236 300 89
0 650 287.32 300 89
0 650 287.409 300 89
0 650 287.501 300 89
0 650 287.582 300 89
0 650 287.673 300 89
0 650 287.766 300 89
0 650 287.847 300 89
0 650 287.938 300 89
0 650 288.028 300 89
0 650 288.119 300 89
0 650 288.22 300 89
0 650 288.318 300 89
0 650 288.425 300 89
0 650 288.52 300 89
0 650 288.606 300 89
0 650 288.696 300 89
0 650 288.79 300 89
0 650 288.884 300 89
0 650 288.967 300 89
0 650 289.072 300 89
0 650 289.164 300 89
0 650 289.259 300 89
0 650 289.337 300 89
0 650 289.429 300 89
0 650 289.531 300 89
0 650 289.617 300 89
0 650 289.712 300 89
0 650 289.804 300 89
0 650 289.904 300 89
0 650 290.001 300 89
0 650 290.09 300 89
0 650 290.181 300 89
0 650 290.269 300 89
0 650 290.356 300 89
0 650 290.438 300 89
0 650 290.531 300 89
0 650 290.616 300 89
0 650 290.71 300 89
0 650 290.804 300 89
0 650 290.894 300 89
0 650 290.982 300 89
0 650 291.074 300 89
0 650 291.166 300 89
0 650 291.247 300 89
0 650 291.333 300 89
0 650 291.426 300 89
0 650 291.518 300 89
0 650 291.607 300 89
0 650 291.701 300 89
0 650 291.789 300 89
0 650 291.874 300 89
0 650 291.95 300 89
0 650 292.048 300 89
0 650 292.124 300 89
0 650 292.223 300 89
0 650 292.286 300 89
0 650 292.376 300 89
0 650 292.456 300 89
0 650 292.546 300 89
0 650 292.639 300 89
0 650 292.737 300 89
0 650 292.827 300 89
0 650 292.918 300 89
0 650 293.01 300 89
0 650 293.1 300 89
0 650 293.198 300 89
0 650 293.288 300 89
0 650 293.385 300 89
0 650 293.482 300 89
0 650 293.571 300 89
0 650 293.663 300 89
0 650 293.751 300 89
0 650 293.846 300 89
0 650 293.937 300 89
0 650 294.038 300 89
0 650 294.133 300 89
0 650 294.224 300 89
0 650 294.319 300 89
0 650 294.412 300 89
0 650 294.509 300 89
0 650 294.6 300 89
0 650 294.694 300 89
0 650 294.793 300 89
0 650 294.88 300 89
0 650 294.974 300 89
0 650 295.064 300 89
0 650 295.153 300 89
0 650 295.244 300 89
0 650 295.335 300 89
0 650 295.423 300 89
0 650 295.523 300 89
0 650 295.617 300 89
0 650 295.71 300 89
0 650 295.805 300 89
0 650 295.899 300 89
0 650 295.987 300 89
0 650 296.073 300 89
0 650 296.163 300 89
0 650 296.258 300 89
0 650 296.354 300 89
0 650 296.44 300 89
0 650 296.529 300 89
0 650 296.625 300 89
0 650 296.721 300 89
0 650 296.816 300 89
0 650 296.907 300 89
0 650 297.001 300 89
0 650 297.099 300 89
0 650 297.19 300 89
0 650 297.276 300 89
0 650 297.367 300 89
0 650 297.462 300 89
0 650 297.559 300 89
0 650 297.652 300 89
0 650 297.742 300 89
0 650 297.828 300 89
0 650 297.911 300 89
0 650 297.999 300 89
0 650 298.09 300 89
0 650 298.188 300 89
0 650 298.273 300 89
0 650 298.359 300 89
0 650 298.439 300 89
0 650 298.537 300 89
0 650 298.63 300 89
0 650 298.72 300 89
0 650 298.811 300 89
0 650 298.899 300 89
0 650 298.997 300 89
0 650 299.08 300 89
0 650 299.172 300 89
0 650 299.26 300 89
0 650 299.313 300 89
0 650 299.402 300 89
0 650 299.499 300 89
0 650 299.596 300 89
0 650 299.683 300 89
0 650 299.775 300 89
0 650 299.864 300 89
0 650 299.953 300 89
0 650 300.041 300 89
0 650 300.132 300 89
0 650 300.237 300 89
0 650 300.329 300 89
0 650 300.418 300 89
0 650 300.509 300 89
0 650 300.606 300 89
0 650 300.668 300 89
0 650 300.73 300 89
0 650 300.788 300 89
0 650 300.854 300 89
0 650 300.917 300 89
0 650 300.982 300 89
0 650 301.04 300 89
0 650 301.102 300 89
0 650 301.161 300 89
0 650 301.23 300 89
0 650 301.29 300 89
0 650 301.352 300 89
0 650 301.417 300 89
0 650 301.48 300 89
0 650 301.542 300 89
0 650 301.6 300 89
0 650 301.661 300 89
0 650 301.719 300 89
0 650 301.802 300 89
0 650 301.864 300 89
0 650 301.927 300 89
0 650 301.989 300 89
0 650 302.047 300 89
0 650 302.107 300 89
0 650 302.169 300 89
0 650 302.229 300 89
0 650 302.288 300 89
0 650 302.35 300 89
0 650 302.413 300 89
0 650 302.477 300 89
0 650 302.538 300 89
0 650 302.6 300 89
0 650 302.661 300 89
0 650 302.721 300 89
0 650 302.793 300 89
0 650 302.844 300 89
0 650 302.901 300 89
0 650 302.956 300 89
0 650 303.019 300 89
0 650 303.08 300 89
0 650 303.139 300 89
0 650 303.2 300 89
0 650 303.266 300 89
0 650 303.322 300 89
0 650 303.383 300 89
0 650 303.444 300 89
0 650 303.501 300 89
0 650 303.562 300 89
0 650 303.621 300 89
0 650 303.684 300 89
0 650 303.748 300 89
0 650 303.81 300 89
0 650 303.875 300 89
0 650 303.937 300 89
0 650 304.001 300 89
0 650 304.058 300 89
0 650 304.124 300 89
0 650 304.188 300 89
0 650 304.274 300 89
0 650 304.362 300 89
0 650 304.454 300 89
0 650 304.536 300 89
0 650 304.624 300 89
0 650 304.715 300 89
0 650 304.801 300 89
0 650 304.894 300 89
0 650 304.979 300 89
0 650 305.066 300 89
0 650 305.157 300 89
0 650 305.252 300 89
0 650 305.339 300 89
0 650 305.429 300 89
0 650 305.523 300 89
0 650 305.607 300 89
0 650 305.699 300 89
0 650 305.815 300 89
0 650 305.912 300 89
0 650 305.991 300 89
0 650 306.073 300 89
0 650 306.157 300 89
0 650 306.251 300 89
0 650 306.345 300 89
0 650 306.435 300 89
0 650 306.522 300 89
0 650 306.612 300 89
0 650 306.703 300 89
0 650 306.798 300 89
0 650 306.89 300 89
0 650 306.984 300 89
0 650 307.076 300 89
0 650 307.168 300 89
0 650 307.257 300 89
0 650 307.363 300 89
0 650 307.454 300 89
0 650 307.536 300 89
0 650 307.621 300 89
0 650 307.707 300 89
0 650 307.806 300 89
0 650 307.891 300 89
0 650 307.982 300 89
0 650 308.075 300 89
0 650 308.164 300 89
0 650 308.255 300 89
0 650 308.345 300 89
0 650 308.432 300 89
0 650 308.515 300 89
0 650 308.6 300 89
0 650 308.677 300 89
0 650 308.764 300 89
0 650 308.861 300 89
0 650 308.955 300 89
0 650 309.046 300 89
0 650 309.142 300 89
0 650 309.234 300 89
0 650 309.319 300 89
0 650 309.421 300 89
0 650 309.523 300 89
0 650 309.622 300 89
0 650 309.715 300 89
0 650 309.808 300 89
0 650 309.891 300 89
0 650 309.984 300 89
0 650 310.091 300 89
0 650 310.179 300 89
0 650 310.273 300 89
0 650 310.358 300 89
0 650 310.451 300 89
0 650 310.541 300 89
0 650 310.628 300 89
0 650 310.715 300 89
0 650 310.81 300 89
0 650 310.9 300 89
0 650 310.995 300 89
0 650 311.082 300 89
0 650 311.18 300 89
0 650 311.273 300 89
0 650 311.366 300 89
0 650 311.449 300 89
0 650 311.534 300 89
0 650 311.622 300 89
0 650 311.711 300 89
0 650 311.803 300 89
0 650 311.898 300 89
0 650 311.989 300 89
0 650 312.083 300 89
0 650 312.167 300 89
0 650 312.263 300 89
0 650 312.359 300 89
0 650 312.465 300 89
0 650 312.557 300 89
0 650 312.674 300 89
0 650 312.776 300 89
0 650 312.867 300 89
0 650 312.961 300 89
0 650 313.056 300 89
0 650 313.141 300 89
0 650 313.237 300 89
0 650 313.323 300 89
0 650 313.416 300 89
0 650 313.504 300 89
0 650 313.601 300 89
0 650 313.687 300 89
0 650 313.771 300 89
0 650 313.86 300 89
0 650 313.928 300 89
0 650 313.992 300 89
0 650 314.054 300 89
0 650 314.112 300 89
0 650 314.172 300 89
0 650 314.233 300 89
0 650 314.3 300 89
0 650 314.364 300 89
0 650 314.427 300 89
0 650 314.487 300 89
0 650 314.558 300 89
0 650 314.648 300 89
0 650 314.746 300 89
0 650 314.832 300 89
0 650 314.912 300 89
0 650 315.003 300 89
0 650 315.085 300 89
0 650 315.173 300 89
0 650 315.263 300 89
0 650 315.335 300 89
0 650 315.414 300 89
0 650 315.503 300 89
0 650 315.594 300 89
0 650 315.676 300 89
0 650 315.753 300 89
0 650 315.836 300 89
0 650 315.925 300 89
0 650 315.999 300 89
0 650 316.068 300 89
0 650 316.129 300 89
0 650 316.187 300 89
0 650 316.249 300 89
0 650 316.312 300 89
0 650 316.38 300 89
0 650 316.44 300 89
0 650 316.502 300 89
0 650 316.569 300 89
0 650 316.629 300 89
0 650 316.694 300 89
0 650 316.754 300 89
0 650 316.816 300 89
0 650 316.877 300 89
0 650 316.962 300 89
0 650 317.057 300 89
0 650 317.149 300 89
0 650 317.248 300 89
0 650 317.333 300 89
0 650 317.416 300 89
0 650 317.505 300 89
0 650 317.601 300 89
0 650 317.691 300 89
0 650 317.783 300 89
0 650 317.869 300 89
0 650 317.958 300 89
0 650 318.05 300 89
0 650 318.141 300 89
0 650 318.237 300 89
0 650 318.336 300 89
0 650 318.427 300 89
0 650 318.512 300 89
0 650 318.601 300 89
0 650 318.691 300 89
0 650 318.792 300 89
0 650 318.894 300 89
0 650 319.007 300 89
0 650 319.093 300 89
0 650 319.188 300 89
0 650 319.278 300 89
0 650 319.37 300 89
0 650 319.468 300 89
0 650 319.572 300 89
0 650 319.638 300 89
0 650 319.715 300 89
0 650 319.81 300 89
0 650 319.91 300 89
0 650 320.014 300 89
0 650 320.105 300 89
0 650 320.197 300 89
0 650 320.284 300 89
0 650 320.345 300 89
0 650 320.42 300 89
0 650 320.471 300 89
0 650 320.568 300 89
0 650 320.652 300 89
0 650 320.741 300 89
0 650 320.828 300 89
0 650 320.914 300 89
0 650 320.999 300 89
0 650 321.082 300 89
0 650 321.17 300 89
0 650 321.257 300 89
0 650 321.342 300 89
0 650 321.432 300 89
0 650 321.53 300 89
0 650 321.628 300 89
0 650 321.721 300 89
0 650 321.813 300 89
0 650 321.905 300 89
0 650 321.992 300 89
0 650 322.076 300 89
0 650 322.161 300 89
0 650 322.254 300 89
0 650 322.362 300 89
0 650 322.444 300 89
0 650 322.519 300 89
0 650 322.602 300 89
0 650 322.691 300 89
0 650 322.78 300 89
0 650 322.87 300 89
0 650 322.943 300 89
0 650 323.032 300 89
0 650 323.13 300 89
0 650 323.22 300 89
0 650 323.321 300 89
0 650 323.417 300 89
0 650 323.505 300 89
0 650 323.587 300 89
0 650 323.673 300 89
0 650 323.755 300 89
0 650 323.838 300 89
0 650 323.939 300 89
0 650 324.026 300 89
0 650 324.111 300 89
0 650 324.195 300 89
0 650 324.283 300 89
0 650 324.364 300 89
0 650 324.459 300 89
0 650 324.555 300 89
0 650 324.647 300 89
0 650 324.737 300 89
0 650 324.827 300 89
0 650 324.917 300 89
0 650 325.024 300 89
0 650 325.124 300 89
0 650 325.215 300 89
0 650 325.293 300 89
0 650 325.375 300 89
0 650 325.457 300 89
0 650 325.536 300 89
0 650 325.633 300 89
0 650 325.711 300 89
0 650 325.798 300 89
0 650 325.88 300 89
0 650 325.968 300 89
0 650 326.05 300 89
0 650 326.135 300 89
0 650 326.223 300 89
0 650 326.318 300 89
0 650 326.412 300 89
0 650 326.507 300 89
0 650 326.595 300 89
0 650 326.701 300 89
0 650 326.803 300 89
0 650 326.882 300 89
0 650 326.965 300 89
0 650 327.051 300 89
0 650 327.14 300 89
0 650 327.232 300 89
0 650 327.31 300 89
0 650 327.398 300 89
0 650 327.481 300 89
0 650 327.564 300 89
0 650 327.647 300 89
0 650 327.73 300 89
0 650 327.818 300 89
0 650 327.906 300 89
0 650 327.994 300 89
0 650 328.05 300 89
0 650 328.113 300 89
0 650 328.207 300 89
0 650 328.294 300 89
0 650 328.384 300 89
0 650 328.472 300 89
0 650 328.564 300 89
0 650 328.653 300 89
0 650 328.73 300 89
0 650 328.813 300 89
0 650 328.901 300 89
0 650 328.991 300 89
0 650 329.082 300 89
0 650 329.178 300 89
0 650 329.263 300 89
0 650 329.364 300 89
0 650 329.436 300 89
0 650 329.521 300 89
0 650 329.605 300 89
0 650 329.687 300 89
0 650 329.749 300 89
0 650 329.813 300 89
0 650 329.875 300 89
0 650 329.936 300 89
0 650 329.995 300 89
0 650 330.061 300 89
0 650 330.148 300 89
0 650 330.24 300 89
0 650 330.328 300 89
0 650 330.412 300 89
0 650 330.501 300 89
0 650 330.587 300 89
0 650 330.674 300 89
0 650 330.767 300 89
0 650 330.858 300 89
0 650 330.95 300 89
0 650 331.042 300 89
0 650 331.134 300 89
0 650 331.223 300 89
0 650 331.305 300 89
0 650 331.389 300 89
0 650 331.472 300 89
0 650 331.547 300 89
0 650 331.633 300 89
0 650 331.738 300 89
0 650 331.833 300 89
0 650 331.932 300 89
0 650 332.023 300 89
0 650 332.111 300 89
0 650 332.206 300 89
0 650 332.314 300 89
0 650 332.41 300 89
0 650 332.493 300 89
0 650 332.58 300 89
0 650 332.658 300 89
0 650 332.743 300 89
0 650 332.835 300 89
0 650 332.927 300 89
0 650 333.02 300 89
0 650 333.104 300 89
0 650 333.196 300 89
0 650 333.285 300 89
0 650 333.371 300 89
0 650 333.462 300 89
0 650 333.548 300 89
0 650 333.64 300 89
0 650 333.729 300 89
0 650 333.813 300 89
0 650 333.895 300 89
0 650 333.985 300 89
0 650 334.09 300 89
0 650 334.196 300 89
0 650 334.305 300 89
0 650 334.416 300 89
0 650 334.509 300 89
0 650 334.603 300 89
0 650 334.708 300 89
0 650 334.82 300 89
0 650 334.908 300 89
0 650 334.995 300 89
0 650 335.07 300 89
0 650 335.152 300 89
0 650 335.241 300 89
0 650 335.355 300 89
0 650 335.442 300 89
0 650 335.535 300 89
0 650 335.625 300 89
0 650 335.712 300 89
0 650 335.795 300 89
0 650 335.885 300 89
0 650 335.967 300 89
0 650 336.052 300 89
0 650 336.148 300 89
0 650 336.21 300 89
0 650 336.305 300 89
0 650 336.398 300 89
0 650 336.482 300 89
0 650 336.585 300 89
0 650 336.679 300 89
0 650 336.772 300 89
0 650 336.87 300 89
0 650 336.966 300 89
0 650 337.059 300 89
0 650 337.153 300 89
0 650 337.238 300 89
0 650 337.329 300 89
0 650 337.426 300 89
0 650 337.52 300 89
0 650 337.61 300 89
0 650 337.671 300 89
0 650 337.727 300 89
0 650 337.783 300 89
0 650 337.84 300 89
0 650 337.899 300 89
0 650 337.962 300 89
0 650 338.026 300 89
0 650 338.09 300 89
0 650 338.156 300 89
0 650 338.221 300 89
0 650 338.285 300 89
0 650 338.344 300 89
0 650 338.406 300 89
0 650 338.464 300 89
0 650 338.526 300 89
0 650 338.59 300 89
0 650 338.65 300 89
0 650 338.727 300 89
0 650 338.824 300 89
0 650 338.91 300 89
0 650 338.998 300 89
0 650 339.089 300 89
0 650 339.178 300 89
0 650 339.267 300 89
0 650 339.35 300 89
0 650 339.439 300 89
0 650 339.536 300 89
0 650 339.644 300 89
0 650 339.753 300 89
0 650 339.846 300 89
0 650 339.93 300 89
0 650 340.009 300 89
0 650 340.094 300 89
0 650 340.185 300 89
0 650 340.271 300 89
0 650 340.358 300 89
0 650 340.442 300 89
0 650 340.524 300 89
0 650 340.614 300 89
0 650 340.701 300 89
0 650 340.794 300 89
0 650 340.884 300 89
0 650 340.973 300 89
0 650 341.069 300 89
0 650 341.163 300 89
0 650 341.239 300 89
0 650 341.331 300 89
0 650 341.423 300 89
0 650 341.549 300 89
0 650 341.634 300 89
0 650 341.719 300 89
0 650 341.802 300 89
0 650 341.882 300 89
0 650 341.964 300 89
0 650 342.045 300 89
0 650 342.129 300 89
0 650 342.214 300 89
0 650 342.298 300 89
0 650 342.389 300 89
0 650 342.451 300 89
0 650 342.548 300 89
0 650 342.638 300 89
0 650 342.716 300 89
0 650 342.8 300 89
0 650 342.89 300 89
0 650 342.98 300 89
0 650 343.07 300 89
0 650 343.155 300 89
0 650 343.246 300 89
0 650 343.331 300 89
0 650 343.41 300 89
0 650 343.494 300 89
0 650 343.583 300 89
0 650 343.673 300 89
0 650 343.764 300 89
0 650 343.855 300 89
0 650 343.946 300 89
0 650 344.033 300 89
0 650 344.121 300 89
0 650 344.208 300 89
0 650 344.295 300 89
0 650 344.359 300 89
0 650 344.449 300 89
0 650 344.54 300 89
0 650 344.638 300 89
0 650 344.735 300 89
0 650 344.827 300 89
0 650 344.915 300 89
0 650 345.011 300 89
0 650 345.098 300 89
0 650 345.2 300 89
0 650 345.288 300 89
0 650 345.373 300 89
0 650 345.454 300 89
0 650 345.539 300 89
0 650 345.629 300 89
0 650 345.719 300 89
0 650 345.806 300 89
0 650 345.892 300 89
0 650 345.976 300 89
0 650 346.063 300 89
0 650 346.14 300 89
0 650 346.223 300 89
0 650 346.31 300 89
0 650 346.401 300 89
0 650 346.485 300 89
0 650 346.578 300 89
0 650 346.668 300 89
0 650 346.757 300 89
0 650 346.848 300 89
0 650 346.935 300 89
0 650 347.032 300 89
0 650 347.123 300 89
0 650 347.207 300 89
0 650 347.302 300 89
0 650 347.394 300 89
0 650 347.484 300 89
0 650 347.576 300 89
0 650 347.666 300 89
0 650 347.76 300 89
0 650 347.846 300 89
0 650 347.937 300 89
0 650 348.018 300 89
0 650 348.103 300 89
0 650 348.177 300 89
0 650 348.26 300 89
0 650 348.357 300 89
0 650 348.449 300 89
0 650 348.54 300 89
0 650 348.627 300 89
0 650 348.714 300 89
0 650 348.789 300 89
0 650 348.873 300 89
0 650 348.965 300 89
0 650 349.063 300 89
0 650 349.156 300 89
0 650 349.247 300 89
0 650 349.34 300 89
0 650 349.432 300 89
0 650 349.527 300 89
0 650 349.616 300 89
0 650 349.704 300 89
0 650 349.79 300 89
0 650 349.871 300 89
0 650 349.964 300 89
0 650 350.053 300 89
0 650 350.145 300 89
0 650 350.234 300 89
0 650 350.317 300 89
0 650 350.406 300 89
0 650 350.491 300 89
0 650 350.58 300 89
0 650 350.668 300 89
0 650 350.759 300 89
0 650 350.821 300 89
0 650 350.903 300 89
0 650 350.993 300 89
0 650 351.079 300 89
0 650 351.169 300 89
0 650 351.26 300 89
0 650 351.347 300 89
0 650 351.428 300 89
0 650 351.522 300 89
0 650 351.603 300 89
0 650 351.684 300 89
0 650 351.766 300 89
0 650 351.857 300 89
0 650 351.951 300 89
0 650 352.035 300 89
0 650 352.124 300 89
0 650 352.2 300 89
0 650 352.293 300 89
0 650 352.374 300 89
0 650 352.464 300 89
0 650 352.549 300 89
0 650 352.639 300 89
0 650 352.732 300 89
0 650 352.816 300 89
0 650 352.903 300 89
0 650 352.99 300 89
0 650 353.079 300 89
0 650 353.168 300 89
0 650 353.252 300 89
0 650 353.337 300 89
0 650 353.426 300 89
0 650 353.512 300 89
0 650 353.605 300 89
0 650 353.692 300 89
0 650 353.771 300 89
0 650 353.854 300 89
0 650 353.943 300 89
0 650 354.03 300 89
0 650 354.111 300 89
0 650 354.199 300 89
0 650 354.283 300 89
0 650 354.358 300 89
0 650 354.454 300 89
0 650 354.545 300 89
0 650 354.64 300 89
0 650 354.73 300 89
0 650 354.825 300 89
0 650 354.915 300 89
0 650 355.005 300 89
0 650 355.097 300 89
0 650 355.184 300 89
0 650 355.285 300 89
0 650 355.377 300 89
0 650 355.472 300 89
0 650 355.562 300 89
0 650 355.675 300 89
0 650 355.76 300 89
0 650 355.849 300 89
0 650 355.939 300 89
0 650 356.034 300 89
0 650 356.122 300 89
0 650 356.205 300 89
0 650 356.291 300 89
0 650 356.375 300 89
0 650 356.466 300 89
0 650 356.549 300 89
0 650 356.633 300 89
0 650 356.715 300 89
0 650 356.803 300 89
0 650 356.888 300 89
0 650 356.978 300 89
0 650 357.07 300 89
0 650 357.155 300 89
0 650 357.237 300 89
0 650 357.326 300 89
0 650 357.415 300 89
0 650 357.501 300 89
0 650 357.586 300 89
0 650 357.675 300 89
0 650 357.762 300 89
0 650 357.85 300 89
0 650 357.933 300 89
0 650 358.024 300 89
0 650 358.117 300 89
0 650 358.204 300 89
0 650 358.286 300 89
0 650 358.372 300 89
0 650 358.466 300 89
0 650 358.569 300 89
0 650 358.666 300 89
0 650 358.758 300 89
0 650 358.851 300 89
0 650 358.934 300 89
0 650 359.028 300 89
0 650 359.108 300 89
0 650 359.202 300 89
0 650 359.307 300 89
0 650 359.402 300 89
0 650 359.492 300 89
0 650 359.585 300 89
0 650 359.659 300 89
0 650 359.734 300 89
0 650 359.827 300 89
0 650 359.907 300 89
0 650 359.993 300 89
0 650 360.082 300 89
0 650 360.17 300 89
0 650 360.257 300 89
0 650 360.345 300 89
0 650 360.435 300 89
0 650 360.523 300 89
0 650 360.604 300 89
0 650 360.697 300 89
0 650 360.776 300 89
0 650 360.864 300 89
0 650 360.953 300 89
0 650 361.043 300 89
0 650 361.133 300 89
0 650 361.22 300 89
0 650 361.297 300 89
0 650 361.388 300 89
0 650 361.479 300 89
0 650 361.573 300 89
0 650 361.652 300 89
0 650 361.733 300 89
0 650 361.821 300 89
0 650 361.91 300 89
0 650 361.986 300 89
0 650 362.073 300 89
0 650 362.159 300 89
0 650 362.241 300 89
0 650 362.328 300 89
0 650 362.418 300 89
0 650 362.492 300 89
0 650 362.557 300 89
0 650 362.616 300 89
0 650 362.679 300 89
0 650 362.739 300 89
0 650 362.82 300 89
0 650 362.904 300 89
0 650 363.006 300 89
0 650 363.101 300 89
0 650 363.198 300 89
0 650 363.292 300 89
0 650 363.384 300 89
0 650 363.47 300 89
0 650 363.565 300 89
0 650 363.648 300 89
0 650 363.744 300 89
0 650 363.832 300 89
0 650 363.929 300 89
0 650 364.022 300 89
0 650 364.111 300 89
0 650 364.19 300 89
0 650 364.275 300 89
0 650 364.371 300 89
0 650 364.463 300 89
0 650 364.556 300 89
0 650 364.654 300 89
0 650 364.736 300 89
0 650 364.826 300 89
0 650 364.927 300 89
0 650 365.016 300 89
0 650 365.109 300 89
0 650 365.201 300 89
0 650 365.3 300 89
0 650 365.392 300 89
0 650 365.478 300 89
0 650 365.562 300 89
0 650 365.657 300 89
0 650 365.753 300 89
0 650 365.851 300 89
0 650 365.948 300 89
0 650 366.048 300 89
0 650 366.151 300 89
0 650 366.244 300 89
0 650 366.343 300 89
0 650 366.435 300 89
0 650 366.523 300 89
0 650 366.619 300 89
0 650 366.709 300 89
0 650 366.805 300 89
0 650 366.902 300 89
0 650 367.005 300 89
0 650 367.095 300 89
0 650 367.195 300 89
0 650 367.281 300 89
0 650 367.375 300 89
0 650 367.483 300 89
0 650 367.542 300 89
0 650 367.637 300 89
0 650 367.73 300 89
0 650 367.831 300 89
0 650 367.921 300 89
0 650 368.014 300 89
0 650 368.114 300 89
0 650 368.196 300 89
0 650 368.289 300 89
0 650 368.379 300 89
0 650 368.477 300 89
0 650 368.57 300 89
0 650 368.663 300 89
0 650 368.75 300 89
0 650 368.848 300 89
0 650 368.949 300 89
0 650 369.04 300 89
0 650 369.131 300 89
0 650 369.23 300 89
0 650 369.335 300 89
0 650 369.438 300 89
0 650 369.527 300 89
0 650 369.62 300 89
0 650 369.713 300 89
0 650 369.806 300 89
0 650 369.9 300 89
0 650 370.006 300 89
0 650 370.103 300 89
0 650 370.195 300 89
0 650 370.287 300 89
0 650 370.383 300 89
0 650 370.478 300 89
0 650 370.581 300 89
0 650 370.675 300 89
0 650 370.774 300 89
0 650 370.876 300 89
0 650 370.971 300 89
0 650 371.069 300 89
0 650 371.166 300 89
0 650 371.261 300 89
0 650 371.366 300 89
0 650 371.452 300 89
0 650 371.55 300 89
0 650 371.649 300 89
0 650 371.745 300 89
0 650 371.836 300 89
0 650 371.929 300 89
0 650 372.02 300 89
0 650 372.12 300 89
0 650 372.207 300 89
0 650 372.303 300 89
0 650 372.39 300 89
0 650 372.488 300 89
0 650 372.581 300 89
0 650 372.675 300 89
0 650 372.773 300 89
0 650 372.876 300 89
0 650 372.971 300 89
0 650 373.062 300 89
0 650 373.159 300 89
0 650 373.258 300 89
0 650 373.358 300 89
0 650 373.454 300 89
0 650 373.563 300 89
0 650 373.658 300 89
0 650 373.75 300 89
0 650 373.835 300 89
0 650 373.928 300 89
0 650 374.03 300 89
0 650 374.122 300 89
0 650 374.213 300 89
0 650 374.315 300 89
0 650 374.41 300 89
0 650 374.501 300 89
0 650 374.607 300 89
0 650 374.712 300 89
0 650 374.818 300 89
0 650 374.921 300 89
0 650 375.023 300 89
0 650 375.125 300 89
0 650 375.219 300 89
0 650 375.323 300 89
0 650 375.421 300 89
0 650 375.523 300 89
0 650 375.623 300 89
0 650 375.738 300 89
0 650 375.844 300 89
0 650 375.949 300 89
0 650 376.061 300 89
0 650 376.16 300 89
0 650 376.26 300 89
0 650 376.362 300 89
0 650 376.472 300 89
0 650 376.568 300 89
0 650 376.668 300 89
0 650 376.763 300 89
0 650 376.863 300 89
0 650 376.959 300 89
0 650 377.054 300 89
0 650 377.153 300 89
0 650 377.255 300 89
0 650 377.361 300 89
0 650 377.461 300 89
0 650 377.552 300 89
0 650 377.653 300 89
0 650 377.758 300 89
0 650 377.854 300 89
0 650 377.959 300 89
0 650 378.066 300 89
0 650 378.16 300 89
0 650 378.248 300 89
0 650 378.337 300 89
0 650 378.438 300 89
0 650 378.544 300 89
0 650 378.648 300 89
0 650 378.753 300 89
0 650 378.861 300 89
0 650 378.971 300 89
0 650 379.076 300 89
0 650 379.177 300 89
0 650 379.27 300 89
0 650 379.377 300 89
0 650 379.46 300 89
0 650 379.558 300 89
0 650 379.66 300 89
0 650 379.768 300 89
0 650 379.866 300 89
0 650 379.955 300 89
0 650 380.064 300 89
0 650 380.164 300 89
0 650 380.251 300 89
0 650 380.347 300 89
0 650 380.434 300 89
0 650 380.528 300 89
0 650 380.63 300 89
0 650 380.724 300 89
0 650 380.818 300 89
0 650 380.922 300 89
0 650 381.021 300 89
0 650 381.129 300 89
0 650 381.219 300 89
0 650 381.326 300 89
0 650 381.429 300 89
0 650 381.529 300 89
0 650 381.63 300 89
0 650 381.735 300 89
0 650 381.835 300 89
0 650 381.947 300 89
0 650 382.038 300 89
0 650 382.144 300 89
0 650 382.254 300 89
0 650 382.358 300 89
0 650 382.441 300 89
0 650 382.539 300 89
0 650 382.635 300 89
0 650 382.73 300 89
0 650 382.838 300 89
0 650 382.93 300 89
0 650 383.038 300 89
0 650 383.135 300 89
0 650 383.242 300 89
0 650 383.348 300 89
0 650 383.447 300 89
0 650 383.548 300 89
0 650 383.651 300 89
0 650 383.755 300 89
0 650 383.858 300 89
0 650 383.956 300 89
0 650 384.038 300 89
0 650 384.132 300 89
0 650 384.226 300 89
0 650 384.328 300 89
0 650 384.429 300 89
0 650 384.536 300 89
0 650 384.631 300 89
0 650 384.725 300 89
0 650 384.836 300 89
0 650 384.934 300 89
0 650 385.035 300 89
0 650 385.129 300 89
0 650 385.22 300 89
0 650 385.317 300 89
0 650 385.406 300 89
0 650 385.501 300 89
0 650 385.604 300 89
0 650 385.709 300 89
0 650 385.799 300 89
0 650 385.896 300 89
0 650 385.99 300 89
0 650 386.091 300 89
0 650 386.18 300 89
0 650 386.28 300 89
0 650 386.374 300 89
0 650 386.466 300 89
0 650 386.549 300 89
0 650 386.646 300 89
0 650 386.744 300 89
0 650 386.844 300 89
0 650 386.942 300 89
0 650 387.045 300 89
0 650 387.152 300 89
0 650 387.25 300 89
0 650 387.351 300 89
0 650 387.441 300 89
0 650 387.539 300 89
0 650 387.632 300 89
0 650 387.726 300 89
0 650 387.825 300 89
0 650 387.92 300 89
0 650 388.021 300 89
0 650 388.124 300 89
0 650 388.228 300 89
0 650 388.328 300 89
0 650 388.43 300 89
0 650 388.53 300 89
0 650 388.62 300 89
0 650 388.727 300 89
0 650 388.831 300 89
0 650 388.941 300 89
0 650 389.051 300 89
0 650 389.152 300 89
0 650 389.251 300 89
0 650 389.351 300 89
0 650 389.442 300 89
0 650 389.535 300 89
0 650 389.634 300 89
0 650 389.735 300 89
0 650 389.835 300 89
0 650 389.937 300 89
0 650 390.035 300 89
0 650 390.132 300 89
0 650 390.235 300 89
0 650 390.336 300 89
0 650 390.432 300 89
0 650 390.539 300 89
0 650 390.631 300 89
0 650 390.729 300 89
0 650 390.822 300 89
0 650 390.917 300 89
0 650 391.006 300 89
0 650 391.111 300 89
0 650 391.203 300 89
0 650 391.285 300 89
0 650 391.377 300 89
0 650 391.468 300 89
0 650 391.569 300 89
0 650 391.633 300 89
0 650 391.736 300 89
0 650 391.838 300 89
0 650 391.94 300 89
0 650 392.046 300 89
0 650 392.143 300 89
0 650 392.236 300 89
0 650 392.332 300 89
0 650 392.427 300 89
0 650 392.522 300 89
0 650 392.623 300 89
0 650 392.708 300 89
0 650 392.8 300 89
0 650 392.864 300 89
0 650 392.949 300 89
0 650 393.037 300 89
0 650 393.136 300 89
0 650 393.234 300 89
0 650 393.329 300 89
0 650 393.428 300 89
0 650 393.53 300 89
0 650 393.616 300 89
0 650 393.71 300 89
0 650 393.808 300 89
0 650 393.893 300 89
0 650 393.994 300 89
0 650 394.09 300 89
0 650 394.193 300 89
0 650 394.287 300 89
0 650 394.385 300 89
0 650 394.483 300 89
0 650 394.586 300 89
0 650 394.675 300 89
0 650 394.759 300 89
0 650 394.861 300 89
0 650 394.956 300 89
0 650 395.049 300 89
0 650 395.148 300 89
0 650 395.249 300 89
0 650 395.331 300 89
0 650 395.415 300 89
0 650 395.514 300 89
0 650 395.613 300 89
0 650 395.708 300 89
0 650 395.801 300 89
0 650 395.89 300 89
0 650 395.99 300 89
0 650 396.091 300 89
0 650 396.212 300 89
0 650 396.323 300 89
0 650 396.419 300 89
0 650 396.51 300 89
0 650 396.605 300 89
0 650 396.699 300 89
0 650 396.79 300 89
0 650 396.881 300 89
0 650 396.966 300 89
0 650 397.056 300 89
0 650 397.148 300 89
0 650 397.242 300 89
0 650 397.332 300 89
0 650 397.42 300 89
0 650 397.501 300 89
0 650 397.601 300 89
0 650 397.688 300 89
0 650 397.783 300 89
0 650 397.879 300 89
0 650 397.973 300 89
0 650 398.062 300 89
0 650 398.164 300 89
0 650 398.261 300 89
0 650 398.358 300 89
0 650 398.451 300 89
0 650 398.545 300 89
0 650 398.644 300 89
0 650 398.742 300 89
0 650 398.836 300 89
0 650 398.934 300 89
0 650 399.03 300 89
0 650 399.121 300 89
0 650 399.208 300 89
0 650 399.3 300 89
0 650 399.379 300 89
0 650 399.479 300 89
0 650 399.576 300 89
0 650 399.673 300 89
0 650 399.772 300 89
0 650 399.865 300 89
0 650 399.946 300 89
0 650 400.043 300 89
0 650 400.137 300 89
0 650 400.236 300 89
0 650 400.329 300 89
0 650 400.424 300 89
0 650 400.517 300 89
0 650 400.609 300 89
0 650 400.7 300 89
0 650 400.794 300 89
0 650 400.891 300 89
0 650 400.994 300 89
0 650 401.096 300 89
0 650 401.198 300 89
0 650 401.295 300 89
0 650 401.392 300 89
0 650 401.5 300 89
0 650 401.592 300 89
0 650 401.681 300 89
0 650 401.779 300 89
0 650 401.871 300 89
0 650 401.962 300 89
0 650 402.062 300 89
0 650 402.155 300 89
0 650 402.217 300 89
0 650 402.29 300 89
0 650 402.382 300 89
0 650 402.457 300 89
0 650 402.544 300 89
0 650 402.634 300 89
0 650 402.728 300 89
0 650 402.814 300 89
0 650 402.93 300 89
0 650 403.019 300 89
0 650 403.113 300 89
0 650 403.227 300 89
0 650 403.337 300 89
0 650 403.431 300 89
0 650 403.52 300 89
0 650 403.635 300 89
0 650 403.753 300 89
0 650 403.871 300 89
0 650 403.98 300 89
0 650 404.078 300 89
0 650 404.167 300 89
0 650 404.268 300 89
0 650 404.352 300 89
0 650 404.435 300 89
0 650 404.517 300 89
0 650 404.603 300 89
0 650 404.693 300 89
0 650 404.777 300 89
0 650 404.859 300 89
0 650 404.922 300 89
0 650 404.986 300 89
0 650 405.05 300 89
0 650 405.116 300 89
0 650 405.18 300 89
0 650 405.238 300 89
0 650 405.299 300 89
0 650 405.37 300 89
0 650 405.431 300 89
0 650 405.499 300 89
0 650 405.566 300 89
0 650 405.627 300 89
0 650 405.688 300 89
0 650 405.746 300 89
0 650 405.808 300 89
0 650 405.865 300 89
0 650 405.942 300 89
0 650 406.03 300 89
0 650 406.125 300 89
0 650 406.218 300 89
0 650 406.303 300 89
0 650 406.393 300 89
0 650 406.48 300 89
0 650 406.571 300 89
0 650 406.663 300 89
0 650 406.748 300 89
0 650 406.837 300 89
0 650 406.935 300 89
0 650 407.041 300 89
0 650 407.163 300 89
0 650 407.269 300 89
0 650 407.364 300 89
0 650 407.449 300 89
0 650 407.539 300 89
0 650 407.634 300 89
0 650 407.721 300 89
0 650 407.81 300 89
0 650 407.9 300 89
0 650 407.991 300 89
0 650 408.077 300 89
0 650 408.164 300 89
0 650 408.248 300 89
0 650 408.339 300 89
0 650 408.433 300 89
0 650 408.517 300 89
0 650 408.598 300 89
0 650 408.693 300 89
0 650 408.785 300 89
0 650 408.877 300 89
0 650 408.971 300 89
0 650 409.067 300 89
0 650 409.17 300 89
0 650 409.267 300 89
0 650 409.377 300 89
0 650 409.477 300 89
0 650 409.577 300 89
0 650 409.682 300 89
0 650 409.765 300 89
0 650 409.858 300 89
0 650 409.941 300 89
0 650 410.029 300 89
0 650 410.124 300 89
0 650 410.221 300 89
0 650 410.315 300 89
0 650 410.403 300 89
0 650 410.488 300 89
0 650 410.622 300 89
0 650 410.709 300 89
0 650 410.797 300 89
0 650 410.889 300 89
0 650 410.977 300 89
0 650 411.062 300 89
0 650 411.148 300 89
0 650 411.238 300 89
0 650 411.324 300 89
0 650 411.412 300 89
0 650 411.511 300 89
0 650 411.616 300 89
0 650 411.718 300 89
0 650 411.814 300 89
0 650 411.91 300 89
0 650 411.999 300 89
0 650 412.088 300 89
0 650 412.177 300 89
0 650 412.269 300 89
0 650 412.359 300 89
0 650 412.448 300 89
0 650 412.543 300 89
0 650 412.633 300 89
0 650 412.723 300 89
0 650 412.812 300 89
0 650 412.897 300 89
0 650 412.986 300 89
0 650 413.076 300 89
0 650 413.162 300 89
0 650 413.242 300 89
0 650 413.332 300 89
0 650 413.423 300 89
0 650 413.521 300 89
0 650 413.604 300 89
0 650 413.694 300 89
0 650 413.783 300 89
0 650 413.882 300 89
0 650 413.97 300 89
0 650 414.068 300 89
0 650 414.162 300 89
0 650 414.252 300 89
0 650 414.341 300 89
0 650 414.426 300 89
0 650 414.512 300 89
0 650 414.604 300 89
0 650 414.687 300 89
0 650 414.776 300 89
0 650 414.865 300 89
0 650 414.951 300 89
0 650 415.042 300 89
0 650 415.123 300 89
0 650 415.21 300 89
0 650 415.297 300 89
0 650 415.39 300 89
0 650 415.476 300 89
0 650 415.565 300 89
0 650 415.663 300 89
0 650 415.767 300 89
0 650 415.867 300 89
0 650 415.969 300 89
0 650 416.054 300 89
0 650 416.139 300 89
0 650 416.229 300 89
0 650 416.312 300 89
0 650 416.402 300 89
0 650 416.496 300 89
0 650 416.598 300 89
0 650 416.702 300 89
0 650 416.788 300 89
0 650 416.874 300 89
0 650 416.959 300 89
0 650 417.044 300 89
0 650 417.131 300 89
0 650 417.213 300 89
0 650 417.307 300 89
0 650 417.397 300 89
0 650 417.487 300 89
0 650 417.57 300 89
0 650 417.651 300 89
0 650 417.738 300 89
0 650 417.82 300 89
0 650 417.911 300 89
0 650 418.016 300 89
0 650 418.11 300 89
0 650 418.201 300 89
0 650 418.298 300 89
0 650 418.405 300 89
0 650 418.511 300 89
0 650 418.593 300 89
0 650 418.687 300 89
0 650 418.783 300 89
0 650 418.878 300 89
0 650 418.972 300 89
0 650 419.061 300 89
0 650 419.152 300 89
0 650 419.24 300 89
0 650 419.339 300 89
0 650 419.432 300 89
0 650 419.525 300 89
0 650 419.611 300 89
0 650 419.695 300 89
0 650 419.767 300 89
0 650 419.857 300 89
0 650 419.942 300 89
0 650 420.027 300 89
0 650 420.115 300 89
0 650 420.202 300 89
0 650 420.295 300 89
0 650 420.382 300 89
0 650 420.49 300 89
0 650 420.581 300 89
0 650 420.673 300 89
0 650 420.759 300 89
0 650 420.839 300 89
0 650 420.93 300 89
0 650 421.017 300 89
0 650 421.098 300 89
0 650 421.206 300 89
0 650 421.286 300 89
0 650 421.363 300 89
0 650 421.451 300 89
0 650 421.533 300 89
0 650 421.623 300 89
0 650 421.709 300 89
0 650 421.806 300 89
0 650 421.896 300 89
0 650 421.963 300 89
0 650 422.048 300 89
0 650 422.13 300 89
0 650 422.222 300 89
0 650 422.302 300 89
0 650 422.399 300 89
0 650 422.492 300 89
0 650 422.588 300 89
0 650 422.686 300 89
0 650 422.779 300 89
0 650 422.865 300 89
0 650 422.954 300 89
0 650 423.055 300 89
0 650 423.161 300 89
0 650 423.254 300 89
0 650 423.343 300 89
0 650 423.424 300 89
0 650 423.505 300 89
0 650 423.58 300 89
0 650 423.66 300 89
0 650 423.75 300 89
0 650 423.856 300 89
0 650 423.94 300 89
0 650 424.033 300 89
0 650 424.128 300 89
0 650 424.2 300 89
0 650 424.256 300 89
0 650 424.321 300 89
0 650 424.385 300 89
0 650 424.442 300 89
0 650 424.498 300 89
0 650 424.564 300 89
0 650 424.627 300 89
0 650 424.687 300 89
0 650 424.744 300 89
0 650 424.806 300 89
0 650 424.867 300 89
0 650 424.927 300 89
0 650 424.99 300 89
0 650 425.053 300 89
0 650 425.109 300 89
0 650 425.169 300 89
0 650 425.234 300 89
0 650 425.283 300 89
0 650 425.346 300 89
0 650 425.403 300 89
0 650 425.468 300 89
0 650 425.523 300 89
0 650 425.576 300 89
0 650 425.633 300 89
0 650 425.692 300 89
0 650 425.754 300 89
0 650 425.814 300 89
0 650 425.874 300 89
0 650 425.934 300 89
0 650 425.997 300 89
0 650 426.053 300 89
0 650 426.121 300 89
0 650 426.177 300 89
0 650 426.233 300 89
0 650 426.293 300 89
0 650 426.355 300 89
0 650 426.411 300 89
0 650 426.472 300 89
0 650 426.534 300 89
0 650 426.616 300 89
0 650 426.7 300 89
0 650 426.789 300 89
0 650 426.869 300 89
0 650 426.956 300 89
0 650 427.042 300 89
0 650 427.127 300 89
0 650 427.209 300 89
0 650 427.297 300 89
0 650 427.389 300 89
0 650 427.479 300 89
0 650 427.57 300 89
0 650 427.655 300 89
0 650 427.741 300 89
0 650 427.824 300 89
0 650 427.907 300 89
0 650 428.001 300 89
0 650 428.083 300 89
0 650 428.169 300 89
0 650 428.255 300 89
0 650 428.341 300 89
0 650 428.42 300 89
0 650 428.505 300 89
0 650 428.587 300 89
0 650 428.675 300 89
0 650 428.742 300 89
0 650 428.809 300 89
0 650 428.868 300 89
0 650 428.934 300 89
0 650 428.994 300 89
0 650 429.052 300 89
0 650 429.115 300 89
0 650 429.175 300 89
0 650 429.228 300 89
0 650 429.283 300 89
0 650 429.346 300 89
0 650 429.434 300 89
0 650 429.52 300 89
0 650 429.601 300 89
0 650 429.685 300 89
0 650 429.77 300 89
0 650 429.854 300 89
0 650 429.939 300 89
0 650 430.025 300 89
0 650 430.106 300 89
0 650 430.189 300 89
0 650 430.279 300 89
0 650 430.361 300 89
0 650 430.443 300 89
0 650 430.535 300 89
0 650 430.624 300 89
0 650 430.706 300 89
0 650 430.788 300 89
0 650 430.874 300 89
0 650 430.97 300 89
0 650 431.06 300 89
0 650 431.15 300 89
0 650 431.227 300 89
0 650 431.313 300 89
0 650 431.404 300 89
0 650 431.516 300 89
0 650 431.611 300 89
0 650 431.695 300 89
0 650 431.787 300 89
0 650 431.876 300 89
0 650 431.96 300 89
0 650 432.046 300 89
0 650 432.137 300 89
0 650 432.222 300 89
0 650 432.31 300 89
0 650 432.395 300 89
0 650 432.484 300 89
0 650 432.579 300 89
0 650 432.667 300 89
0 650 432.746 300 89
0 650 432.84 300 89
0 650 432.929 300 89
0 650 433.02 300 89
0 650 433.109 300 89
0 650 433.193 300 89
0 650 433.276 300 89
0 650 433.364 300 89
0 650 433.452 300 89
0 650 433.543 300 89
0 650 433.626 300 89
0 650 433.712 300 89
0 650 433.812 300 89
0 650 433.896 300 89
0 650 433.97 300 89
0 650 434.059 300 89
0 650 434.144 300 89
0 650 434.231 300 89
0 650 434.317 300 89
0 650 434.403 300 89
0 650 434.49 300 89
0 650 434.57 300 89
0 650 434.662 300 89
0 650 434.75 300 89
0 650 434.812 300 89
0 650 434.9 300 89
0 650 434.987 300 89
0 650 435.066 300 89
0 650 435.15 300 89
0 650 435.233 300 89
0 650 435.319 300 89
0 650 435.407 300 89
0 650 435.498 300 89
0 650 435.574 300 89
0 650 435.674 300 89
0 650 435.758 300 89
0 650 435.848 300 89
0 650 435.94 300 89
0 650 436.028 300 89
0 650 436.119 300 89
0 650 436.198 300 89
0 650 436.289 300 89
0 650 436.377 300 89
0 650 436.468 300 89
0 650 436.562 300 89
0 650 436.65 300 89
0 650 436.74 300 89
0 650 436.819 300 89
0 650 436.91 300 89
0 650 437.004 300 89
0 650 437.085 300 89
0 650 437.176 300 89
0 650 437.264 300 89
0 650 437.35 300 89
0 650 437.435 300 89
0 650 437.528 300 89
0 650 437.641 300 89
0 650 437.72 300 89
0 650 437.81 300 89
0 650 437.894 300 89
0 650 437.951 300 89
0 650 438.045 300 89
0 650 438.139 300 89
0 650 438.224 300 89
0 650 438.309 300 89
0 650 438.396 300 89
0 650 438.488 300 89
0 650 438.587 300 89
0 650 438.666 300 89
0 650 438.751 300 89
0 650 438.84 300 89
0 650 438.929 300 89
0 650 439.019 300 89
0 650 439.107 300 89
0 650 439.19 300 89
0 650 439.285 300 89
0 650 439.375 300 89
0 650 439.476 300 89
0 650 439.569 300 89
0 650 439.654 300 89
0 650 439.74 300 89
0 650 439.827 300 89
0 650 439.917 300 89
0 650 440 300 89
0 650 440.082 300 89
0 650 440.163 300 89
0 650 440.237 300 89
0 650 440.331 300 89
0 650 440.41 300 89
0 650 440.491 300 89
0 650 440.574 300 89
0 650 440.654 300 89
0 650 440.739 300 89
0 650 440.822 300 89
0 650 440.91 300 89
0 650 440.994 300 89
0 650 441.085 300 89
0 650 441.174 300 89
0 650 441.255 300 89
0 650 441.349 300 89
0 650 441.433 300 89
0 650 441.517 300 89
0 650 441.607 300 89
0 650 441.694 300 89
0 650 441.784 300 89
0 650 441.87 300 89
0 650 441.959 300 89
0 650 442.048 300 89
0 650 442.134 300 89
0 650 442.231 300 89
0 650 442.319 300 89
0 650 442.409 300 89
0 650 442.499 300 89
0 650 442.586 300 89
0 650 442.67 300 89
0 650 442.758 300 89
0 650 442.837 300 89
0 650 442.922 300 89
0 650 443.006 300 89
0 650 443.101 300 89
0 650 443.2 300 89
0 650 443.289 300 89
0 650 443.379 300 89
0 650 443.457 300 89
0 650 443.548 300 89
0 650 443.642 300 89
0 650 443.729 300 89
0 650 443.811 300 89
0 650 443.896 300 89
0 650 443.977 300 89
0 650 444.066 300 89
0 650 444.177 300 89
0 650 444.262 300 89
0 650 444.353 300 89
0 650 444.453 300 89
0 650 444.537 300 89
0 650 444.629 300 89
0 650 444.714 300 89
0 650 444.806 300 89
0 650 444.866 300 89
0 650 444.956 300 89
0 650 445.048 300 89
0 650 445.139 300 89
0 650 445.228 300 89
0 650 445.311 300 89
0 650 445.392 300 89
0 650 445.481 300 89
0 650 445.559 300 89
0 650 445.655 300 89
0 650 445.749 300 89
0 650 445.837 300 89
0 650 445.924 300 89
0 650 446.018 300 89
0 650 446.106 300 89
0 650 446.194 300 89
0 650 446.269 300 89
0 650 446.359 300 89
0 650 446.455 300 89
0 650 446.542 300 89
0 650 446.629 300 89
0 650 446.706 300 89
0 650 446.795 300 89
0 650 446.888 300 89
0 650 446.976 300 89
0 650 447.063 300 89
0 650 447.146 300 89
0 650 447.239 300 89
0 650 447.329 300 89
0 650 447.42 300 89
0 650 447.513 300 89
0 650 447.606 300 89
0 650 447.688 300 89
0 650 447.778 300 89
0 650 447.866 300 89
0 650 447.959 300 89
0 650 448.058 300 89
0 650 448.145 300 89
0 650 448.235 300 89
0 650 448.326 300 89
0 650 448.414 300 89
0 650 448.498 300 89
0 650 448.591 300 89
0 650 448.685 300 89
0 650 448.765 300 89
0 650 448.859 300 89
0 650 448.955 300 89
0 650 449.044 300 89
0 650 449.133 300 89
0 650 449.223 300 89
0 650 449.314 300 89
0 650 449.413 300 89
0 650 449.494 300 89
0 650 449.583 300 89
0 650 449.673 300 89
0 650 449.757 300 89
0 650 449.843 300 89
0 650 449.929 300 89
0 650 450.015 300 89
0 650 450.103 300 89
0 650 450.183 300 89
0 650 450.271 300 89
0 650 450.352 300 89
0 650 450.433 300 89
0 650 450.523 300 89
0 650 450.612 300 89
0 650 450.697 300 89
0 650 450.786 300 89
0 650 450.875 300 89
0 650 450.966 300 89
0 650 451.062 300 89
0 650 451.158 300 89
0 650 451.256 300 89
0 650 451.333 300 89
0 650 451.418 300 89
0 650 451.506 300 89
0 650 451.602 300 89
0 650 451.69 300 89
0 650 451.779 300 89
0 650 451.865 300 89
0 650 451.954 300 89
0 650 452.045 300 89
0 650 452.133 300 89
0 650 452.22 300 89
0 650 452.307 300 89
0 650 452.396 300 89
0 650 452.479 300 89
0 650 452.555 300 89
0 650 452.648 300 89
0 650 452.733 300 89
0 650 452.822 300 89
0 650 452.904 300 89
0 650 452.986 300 89
0 650 453.067 300 89
0 650 453.143 300 89
0 650 453.235 300 89
0 650 453.323 300 89
0 650 453.414 300 89
0 650 453.507 300 89
0 650 453.597 300 89
0 650 453.684 300 89
0 650 453.774 300 89
0 650 453.86 300 89
0 650 453.953 300 89
0 650 454.041 300 89
0 650 454.127 300 89
0 650 454.213 300 89
0 650 454.304 300 89
0 650 454.388 300 89
0 650 454.478 300 89
0 650 454.556 300 89
0 650 454.642 300 89
0 650 454.733 300 89
0 650 454.812 300 89
0 650 454.901 300 89
0 650 454.986 300 89
0 650 455.068 300 89
0 650 455.153 300 89
0 650 455.248 300 89
0 650 455.346 300 89
0 650 455.426 300 89
0 650 455.514 300 89
0 650 455.607 300 89
0 650 455.707 300 89
0 650 455.798 300 89
0 650 455.888 300 89
0 650 455.979 300 89
0 650 456.073 300 89
0 650 456.17 300 89
0 650 456.261 300 89
0 650 456.35 300 89
0 650 456.441 300 89
0 650 456.53 300 89
0 650 456.621 300 89
0 650 456.686 300 89
0 650 456.752 300 89
0 650 456.819 300 89
0 650 456.888 300 89
0 650 456.956 300 89
0 650 457.035 300 89
0 650 457.137 300 89
0 650 457.224 300 89
0 650 457.313 300 89
0 650 457.41 300 89
0 650 457.491 300 89
0 650 457.624 300 89
0 650 457.708 300 89
0 650 457.771 300 89
0 650 457.918 300 89
0 650 458.007 300 89
0 650 458.1 300 89
0 650 458.193 300 89
0 650 458.282 300 89
0 650 458.372 300 89
0 650 458.461 300 89
0 650 458.556 300 89
0 650 458.644 300 89
0 650 458.726 300 89
0 650 458.819 300 89
0 650 458.909 300 89
0 650 459.003 300 89
0 650 459.095 300 89
0 650 459.191 300 89
0 650 459.279 300 89
0 650 459.375 300 89
0 650 459.476 300 89
0 650 459.566 300 89
0 650 459.655 300 89
0 650 459.738 300 89
0 650 459.831 300 89
0 650 459.918 300 89
0 650 460.013 300 89
0 650 460.104 300 89
0 650 460.191 300 89
0 650 460.278 300 89
0 650 460.368 300 89
0 650 460.456 300 89
0 650 460.541 300 89
0 650 460.641 300 89
0 650 460.723 300 89
0 650 460.816 300 89
0 650 460.908 300 89
0 650 460.994 300 89
0 650 461.091 300 89
0 650 461.175 300 89
0 650 461.268 300 89
0 650 461.367 300 89
0 650 461.455 300 89
0 650 461.55 300 89
0 650 461.645 300 89
0 650 461.733 300 89
0 650 461.822 300 89
0 650 461.917 300 89
0 650 462.011 300 89
0 650 462.105 300 89
0 650 462.194 300 89
0 650 462.286 300 89
0 650 462.381 300 89
0 650 462.473 300 89
0 650 462.563 300 89
0 650 462.648 300 89
0 650 462.752 300 89
0 650 462.845 300 89
0 650 462.936 300 89
0 650 463.035 300 89
0 650 463.133 300 89
0 650 463.223 300 89
0 650 463.319 300 89
0 650 463.415 300 89
0 650 463.508 300 89
0 650 463.604 300 89
0 650 463.707 300 89
0 650 463.798 300 89
0 650 463.887 300 89
0 650 463.977 300 89
0 650 464.066 300 89
0 650 464.125 300 89
0 650 464.22 300 89
0 650 464.309 300 89
0 650 464.406 300 89
0 650 464.496 300 89
0 650 464.586 300 89
0 650 464.675 300 89
0 650 464.763 300 89
0 650 464.86 300 89
0 650 464.948 300 89
0 650 465.023 300 89
0 650 465.113 300 89
0 650 465.203 300 89
0 650 465.289 300 89
0 650 465.378 300 89
0 650 465.475 300 89
0 650 465.563 300 89
0 650 465.649 300 89
0 650 465.743 300 89
0 650 465.831 300 89
0 650 465.925 300 89
0 650 466.008 300 89
0 650 466.093 300 89
0 650 466.186 300 89
0 650 466.281 300 89
0 650 466.371 300 89
0 650 466.437 300 89
0 650 466.524 300 89
0 650 466.611 300 89
0 650 466.695 300 89
0 650 466.789 300 89
0 650 466.874 300 89
0 650 466.963 300 89
0 650 467.048 300 89
0 650 467.142 300 89
0 650 467.228 300 89
0 650 467.32 300 89
0 650 467.411 300 89
0 650 467.503 300 89
0 650 467.583 300 89
0 650 467.641 300 89
0 650 467.702 300 89
0 650 467.79 300 89
0 650 467.876 300 89
0 650 467.961 300 89
0 650 468.05 300 89
0 650 468.141 300 89
0 650 468.226 300 89
0 650 468.311 300 89
0 650 468.401 300 89
0 650 468.489 300 89
0 650 468.581 300 89
0 650 468.667 300 89
0 650 468.76 300 89
0 650 468.85 300 89
0 650 468.933 300 89
0 650 469.014 300 89
0 650 469.108 300 89
0 650 469.192 300 89
0 650 469.281 300 89
0 650 469.364 300 89
0 650 469.451 300 89
0 650 469.538 300 89
0 650 469.633 300 89
0 650 469.719 300 89
0 650 469.802 300 89
0 650 469.889 300 89
0 650 470.011 300 89
0 650 470.099 300 89
0 650 470.157 300 89
0 650 470.237 300 89
0 650 470.323 300 89
0 650 470.41 300 89
0 650 470.494 300 89
0 650 470.585 300 89
0 650 470.665 300 89
0 650 470.75 300 89
0 650 470.839 300 89
0 650 470.931 300 89
0 650 471.018 300 89
0 650 471.101 300 89
0 650 471.194 300 89
0 650 471.28 300 89
0 650 471.372 300 89
0 650 471.463 300 89
0 650 471.546 300 89
0 650 471.632 300 89
0 650 471.743 300 89
0 650 471.825 300 89
0 650 471.915 300 89
0 650 472 300 89
0 650 472.08 300 89
0 650 472.163 300 89
0 650 472.248 300 89
0 650 472.337 300 89
0 650 472.422 300 89
0 650 472.508 300 89
0 650 472.588 300 89
0 650 472.674 300 89
0 650 472.761 300 89
0 650 472.847 300 89
0 650 472.925 300 89
0 650 473.014 300 89
0 650 473.097 300 89
0 650 473.183 300 89
0 650 473.27 300 89
0 650 473.355 300 89
0 650 473.449 300 89
0 650 473.531 300 89
0 650 473.615 300 89
0 650 473.695 300 89
0 650 473.81 300 89
0 650 473.905 300 89
0 650 473.987 300 89
0 650 474.078 300 89
0 650 474.159 300 89
0 650 474.246 300 89
0 650 474.336 300 89
0 650 474.414 300 89
0 650 474.548 300 89
0 650 474.628 300 89
0 650 474.716 300 89
0 650 474.803 300 89
0 650 474.894 300 89
0 650 474.979 300 89
0 650 475.068 300 89
0 650 475.156 300 89
0 650 475.238 300 89
0 650 475.331 300 89
0 650 475.41 300 89
0 650 475.502 300 89
0 650 475.594 300 89
0 650 475.677 300 89
0 650 475.768 300 89
0 650 475.861 300 89
0 650 475.956 300 89
0 650 476.042 300 89
0 650 476.13 300 89
0 650 476.214 300 89
0 650 476.305 300 89
0 650 476.386 300 89
0 650 476.473 300 89
0 650 476.558 300 89
0 650 476.642 300 89
0 650 476.728 300 89
0 650 476.814 300 89
0 650 476.948 300 89
0 650 477.038 300 89
0 650 477.127 300 89
0 650 477.212 300 89
0 650 477.294 300 89
0 650 477.382 300 89
0 650 477.474 300 89
0 650 477.564 300 89
0 650 477.654 300 89
0 650 477.738 300 89
0 650 477.823 300 89
0 650 477.905 300 89
0 650 477.987 300 89
0 650 478.068 300 89
0 650 478.149 300 89
0 650 478.232 300 89
0 650 478.318 300 89
0 650 478.403 300 89
0 650 478.491 300 89
0 650 478.584 300 89
0 650 478.672 300 89
0 650 478.759 300 89
0 650 478.85 300 89
0 650 478.933 300 89
0 650 479.014 300 89
0 650 479.105 300 89
0 650 479.193 300 89
0 650 479.278 300 89
0 650 479.363 300 89
0 650 479.445 300 89
0 650 479.532 300 89
0 650 479.615 300 89
0 650 479.696 300 89
0 650 479.79 300 89
0 650 479.88 300 89
0 650 479.964 300 89
0 650 480.061 300 89
0 650 480.149 300 89
0 650 480.241 300 89
0 650 480.355 300 89
0 650 480.451 300 89
0 650 480.539 300 89
0 650 480.622 300 89
0 650 480.704 300 89
0 650 480.791 300 89
0 650 480.879 300 89
0 650 480.971 300 89
0 650 481.058 300 89
0 650 481.142 300 89
0 650 481.221 300 89
0 650 481.306 300 89
0 650 481.393 300 89
0 650 481.483 300 89
0 650 481.572 300 89
0 650 481.653 300 89
0 650 481.744 300 89
0 650 481.829 300 89
0 650 481.916 300 89
0 650 481.999 300 89
0 650 482.09 300 89
0 650 482.176 300 89
0 650 482.26 300 89
0 650 482.34 300 89
0 650 482.421 300 89
0 650 482.515 300 89
0 650 482.601 300 89
0 650 482.695 300 89
0 650 482.781 300 89
0 650 482.878 300 89
0 650 482.966 300 89
0 650 483.062 300 89
0 650 483.156 300 89
0 650 483.254 300 89
0 650 483.345 300 89
0 650 483.433 300 89
0 650 483.506 300 89
0 650 483.565 300 89
0 650 483.627 300 89
0 650 483.688 300 89
0 650 483.75 300 89
0 650 483.822 300 89
0 650 483.913 300 89
0 650 484.004 300 89
0 650 484.094 300 89
0 650 484.175 300 89
0 650 484.266 300 89
0 650 484.359 300 89
0 650 484.451 300 89
0 650 484.542 300 89
0 650 484.634 300 89
0 650 484.714 300 89
0 650 484.799 300 89
0 650 484.892 300 89
0 650 484.985 300 89
0 650 485.083 300 89
0 650 485.173 300 89
0 650 485.256 300 89
0 650 485.342 300 89
0 650 485.426 300 89
0 650 485.512 300 89
0 650 485.599 300 89
0 650 485.687 300 89
0 650 485.798 300 89
0 650 485.889 300 89
0 650 485.98 300 89
0 650 486.067 300 89
0 650 486.156 300 89
0 650 486.249 300 89
0 650 486.336 300 89
0 650 486.413 300 89
0 650 486.5 300 89
0 650 486.59 300 89
0 650 486.682 300 89
0 650 486.765 300 89
0 650 486.856 300 89
0 650 486.945 300 89
0 650 487.034 300 89
0 650 487.13 300 89
0 650 487.222 300 89
0 650 487.302 300 89
0 650 487.396 300 89
0 650 487.485 300 89
0 650 487.583 300 89
0 650 487.672 300 89
0 650 487.76 300 89
0 650 487.846 300 89
0 650 487.937 300 89
0 650 488.024 300 89
0 650 488.115 300 89
0 650 488.203 300 89
0 650 488.292 300 89
0 650 488.374 300 89
0 650 488.466 300 89
0 650 488.558 300 89
0 650 488.648 300 89
0 650 488.735 300 89
0 650 488.833 300 89
0 650 488.915 300 89
0 650 489.009 300 89
0 650 489.087 300 89
0 650 489.172 300 89
0 650 489.265 300 89
0 650 489.363 300 89
0 650 489.447 300 89
0 650 489.544 300 89
0 650 489.623 300 89
0 650 489.704 300 89
0 650 489.783 300 89
0 650 489.873 300 89
0 650 489.954 300 89
0 650 490.047 300 89
0 650 490.131 300 89
0 650 490.22 300 89
0 650 490.304 300 89
0 650 490.389 300 89
0 650 490.474 300 89
0 650 490.559 300 89
0 650 490.646 300 89
0 650 490.732 300 89
0 650 490.821 300 89
0 650 490.908 300 89
0 650 490.99 300 89
0 650 491.085 300 89
0 650 491.168 300 89
0 650 491.25 300 89
0 650 491.336 300 89
0 650 491.426 300 89
0 650 491.514 300 89
0 650 491.601 300 89
0 650 491.684 300 89
0 650 491.779 300 89
0 650 491.866 300 89
0 650 491.955 300 89
0 650 492.046 300 89
0 650 492.139 300 89
0 650 492.237 300 89
0 650 492.33 300 89
0 650 492.419 300 89
0 650 492.509 300 89
0 650 492.607 300 89
0 650 492.7 300 89
0 650 492.78 300 89
0 650 492.872 300 89
0 650 492.962 300 89
0 650 493.048 300 89
0 650 493.135 300 89
0 650 493.224 300 89
0 650 493.317 300 89
0 650 493.41 300 89
0 650 493.493 300 89
0 650 493.587 300 89
0 650 493.673 300 89
0 650 493.766 300 89
0 650 493.862 300 89
0 650 493.955 300 89
0 650 494.045 300 89
0 650 494.137 300 89
0 650 494.224 300 89
0 650 494.317 300 89
0 650 494.409 300 89
0 650 494.493 300 89
0 650 494.584 300 89
0 650 494.667 300 89
0 650 494.757 300 89
0 650 494.853 300 89
0 650 494.947 300 89
0 650 495.033 300 89
0 650 495.129 300 89
0 650 495.218 300 89
0 650 495.304 300 89
0 650 495.4 300 89
0 650 495.49 300 89
0 650 495.57 300 89
0 650 495.627 300 89
0 650 495.717 300 89
0 650 495.803 300 89
0 650 495.895 300 89
0 650 495.981 300 89
0 650 496.072 300 89
0 650 496.165 300 89
0 650 496.255 300 89
0 650 496.342 300 89
0 650 496.429 300 89
0 650 496.523 300 89
0 650 496.614 300 89
0 650 496.716 300 89
0 650 496.827 300 89
0 650 496.934 300 89
0 650 497.029 300 89
0 650 497.13 300 89
0 650 497.22 300 89
0 650 497.318 300 89
0 650 497.416 300 89
0 650 497.518 300 89
0 650 497.616 300 89
0 650 497.709 300 89
0 650 497.799 300 89
0 650 497.89 300 89
0 650 497.973 300 89
0 650 498.074 300 89
0 650 498.162 300 89
0 650 498.26 300 89
0 650 498.351 300 89
0 650 498.447 300 89
0 650 498.552 300 89
0 650 498.699 300 89
0 650 498.798 300 89
0 650 498.895 300 89
0 650 498.996 300 89
0 650 499.09 300 89
0 650 499.186 300 89
0 650 499.279 300 89
0 650 499.375 300 89
0 650 499.477 300 89
0 650 499.57 300 89
0 650 499.665 300 89
0 650 499.759 300 89
0 650 499.856 300 89
0 650 499.958 300 89
0 650 500.055 300 89
0 650 500.138 300 89
0 650 500.219 300 89
0 650 500.308 300 89
0 650 500.395 300 89
0 650 500.522 300 89
0 650 500.644 300 89
0 650 500.76 300 89
0 650 500.876 300 89
0 650 501.002 300 89
0 650 501.123 300 89
0 650 501.248 300 89
0 650 501.372 300 89
0 650 501.48 300 89
0 650 501.61 300 89
0 650 501.716 300 89
0 650 501.869 300 89
0 650 501.995 300 89
0 650 502.11 300 89
0 650 502.229 300 89
0 650 502.344 300 89
0 650 502.463 300 89
0 650 502.583 300 89
0 650 502.759 300 89
0 650 502.868 300 89
0 650 502.989 300 89
0 650 503.119 300 89
0 650 503.238 300 89
0 650 503.355 300 89
0 650 503.459 300 89
0 650 503.547 300 89
0 650 503.658 300 89
0 650 503.781 300 89
0 650 503.902 300 89
0 650 504.021 300 89
0 650 504.141 300 89
0 650 504.26 300 89
0 650 504.374 300 89
0 650 504.488 300 89
0 650 504.612 300 89
0 650 504.73 300 89
0 650 504.852 300 89
0 650 504.973 300 89
0 650 505.092 300 89
0 650 505.214 300 89
0 650 505.329 300 89
0 650 505.433 300 89
0 650 505.544 300 89
0 650 505.685 300 89
0 650 505.813 300 89
0 650 505.93 300 89
0 650 506.046 300 89
0 650 506.158 300 89
0 650 506.272 300 89
0 650 506.396 300 89
0 650 506.523 300 89
0 650 506.643 300 89
0 650 506.794 300 89
0 650 506.899 300 89
0 650 507.021 300 89
0 650 507.14 300 89
0 650 507.247 300 89
0 650 507.372 300 89
0 650 507.486 300 89
0 650 507.601 300 89
0 650 507.732 300 89
0 650 507.85 300 89
0 650 507.968 300 89
0 650 508.069 300 89
0 650 508.182 300 89
0 650 508.292 300 89
0 650 508.404 300 89
0 650 508.505 300 89
0 650 508.631 300 89
0 650 508.742 300 89
0 650 508.851 300 89
0 650 508.967 300 89
0 650 509.079 300 89
0 650 509.19 300 89
0 650 509.307 300 89
0 650 509.414 300 89
0 650 509.541 300 89
0 650 509.653 300 89
0 650 509.77 300 89
0 650 509.885 300 89
0 650 509.994 300 89
0 650 510.115 300 89
0 650 510.23 300 89
0 650 510.345 300 89
0 650 510.48 300 89
0 650 510.59 300 89
0 650 510.708 300 89
0 650 510.831 300 89
0 650 510.945 300 89
0 650 511.062 300 89
0 650 511.183 300 89
0 650 511.295 300 89
0 650 511.417 300 89
0 650 511.534 300 89
0 650 511.652 300 89
0 650 511.762 300 89
0 650 511.871 300 89
0 650 511.985 300 89
0 650 512.068 300 89
0 650 512.137 300 89
0 650 512.197 300 89
0 650 512.257 300 89
0 650 512.32 300 89
0 650 512.382 300 89
0 650 512.44 300 89
0 650 512.504 300 89
0 650 512.567 300 89
0 650 512.625 300 89
0 650 512.694 300 89
0 650 512.79 300 89
0 650 512.878 300 89
0 650 512.971 300 89
0 650 513.066 300 89
0 650 513.16 300 89
0 650 513.247 300 89
0 650 513.337 300 89
0 650 513.425 300 89
0 650 513.517 300 89
0 650 513.613 300 89
0 650 513.701 300 89
0 650 513.793 300 89
0 650 513.883 300 89
0 650 513.973 300 89
0 650 514.066 300 89
0 650 514.153 300 89
0 650 514.247 300 89
0 650 514.335 300 89
0 650 514.43 300 89
0 650 514.519 300 89
0 650 514.614 300 89
0 650 514.712 300 89
0 650 514.81 300 89
0 650 514.902 300 89
0 650 514.987 300 89
0 650 515.08 300 89
0 650 515.166 300 89
0 650 515.259 300 89
0 650 515.352 300 89
0 650 515.443 300 89
0 650 515.533 300 89
0 650 515.618 300 89
0 650 515.694 300 89
0 650 515.775 300 89
0 650 515.873 300 89
0 650 515.958 300 89
0 650 516.041 300 89
0 650 516.132 300 89
0 650 516.213 300 89
0 650 516.311 300 89
0 650 516.405 300 89
0 650 516.491 300 89
0 650 516.58 300 89
0 650 516.677 300 89
0 650 516.762 300 89
0 650 516.85 300 89
0 650 516.947 300 89
0 650 517.034 300 89
0 650 517.128 300 89
0 650 517.219 300 89
0 650 517.338 300 89
0 650 517.434 300 89
0 650 517.519 300 89
0 650 517.61 300 89
0 650 517.701 300 89
0 650 517.798 300 89
0 650 517.895 300 89
0 650 517.987 300 89
0 650 518.072 300 89
0 650 518.16 300 89
0 650 518.258 300 89
0 650 518.347 300 89
0 650 518.43 300 89
0 650 518.521 300 89
0 650 518.612 300 89
0 650 518.71 300 89
0 650 518.8 300 89
0 650 518.89 300 89
0 650 518.986 300 89
0 650 519.073 300 89
0 650 519.16 300 89
0 650 519.258 300 89
0 650 519.344 300 89
0 650 519.433 300 89
0 650 519.53 300 89
0 650 519.607 300 89
0 650 519.693 300 89
0 650 519.778 300 89
0 650 519.868 300 89
0 650 519.959 300 89
0 650 520.055 300 89
0 650 520.146 300 89
0 650 520.236 300 89
0 650 520.322 300 89
0 650 520.416 300 89
0 650 520.51 300 89
0 650 520.606 300 89
0 650 520.698 300 89
0 650 520.794 300 89
0 650 520.883 300 89
0 650 520.971 300 89
0 650 521.073 300 89
0 650 521.17 300 89
0 650 521.307 300 89
0 650 521.401 300 89
0 650 521.492 300 89
0 650 521.581 300 89
0 650 521.675 300 89
0 650 521.763 300 89
0 650 521.853 300 89
0 650 521.943 300 89
0 650 522.036 300 89
0 650 522.126 300 89
0 650 522.211 300 89
0 650 522.298 300 89
0 650 522.389 300 89
0 650 522.482 300 89
0 650 522.569 300 89
0 650 522.662 300 89
0 650 522.753 300 89
0 650 522.848 300 89
0 650 522.933 300 89
0 650 523.023 300 89
0 650 523.12 300 89
0 650 523.209 300 89
0 650 523.301 300 89
0 650 523.395 300 89
0 650 523.487 300 89
0 650 523.583 300 89
0 650 523.688 300 89
0 650 523.786 300 89
0 650 523.873 300 89
0 650 523.964 300 89
0 650 524.057 300 89
0 650 524.144 300 89
0 650 524.235 300 89
0 650 524.327 300 89
0 650 524.419 300 89
0 650 524.504 300 89
0 650 524.588 300 89
0 650 524.678 300 89
0 650 524.767 300 89
0 650 524.855 300 89
0 650 524.938 300 89
0 650 525.029 300 89
0 650 525.114 300 89
0 650 525.257 300 89
0 650 525.347 300 89
0 650 525.43 300 89
0 650 525.523 300 89
0 650 525.614 300 89
0 650 525.681 300 89
0 650 525.74 300 89
0 650 525.801 300 89
0 650 525.866 300 89
0 650 525.926 300 89
0 650 525.992 300 89
0 650 526.054 300 89
0 650 526.117 300 89
0 650 526.201 300 89
0 650 526.292 300 89
0 650 526.385 300 89
0 650 526.457 300 89
0 650 526.533 300 89
0 650 526.596 300 89
0 650 526.657 300 89
0 650 526.718 300 89
0 650 526.778 300 89
0 650 526.84 300 89
0 650 526.902 300 89
0 650 526.961 300 89
0 650 527.017 300 89
0 650 527.08 300 89
0 650 527.143 300 89
0 650 527.203 300 89
0 650 527.261 300 89
0 650 527.324 300 89
0 650 527.38 300 89
0 650 527.448 300 89
0 650 527.513 300 89
0 650 527.57 300 89
0 650 527.634 300 89
0 650 527.694 300 89
0 650 527.754 300 89
0 650 527.821 300 89
0 650 527.887 300 89
0 650 527.946 300 89
0 650 527.986 300 89
0 650 528.045 300 89
0 650 528.126 300 89
0 650 528.182 300 89
0 650 528.247 300 89
0 650 528.312 300 89
0 650 528.373 300 89
0 650 528.439 300 89
0 650 528.502 300 89
0 650 528.564 300 89
0 650 528.623 300 89
0 650 528.685 300 89
0 650 528.743 300 89
0 650 528.803 300 89
0 650 528.853 300 89
0 650 528.912 300 89
0 650 528.977 300 89
0 650 529.042 300 89
0 650 529.1 300 89
0 650 529.165 300 89
0 650 529.231 300 89
0 650 529.296 300 89
0 650 529.358 300 89
0 650 529.431 300 89
0 650 529.544 300 89
0 650 529.649 300 89
0 650 529.754 300 89
0 650 529.831 300 89
0 650 529.912 300 89
0 650 530.005 300 89
0 650 530.092 300 89
0 650 530.179 300 89
0 650 530.258 300 89
0 650 530.347 300 89
0 650 530.433 300 89
0 650 530.519 300 89
0 650 530.605 300 89
0 650 530.691 300 89
0 650 530.776 300 89
0 650 530.863 300 89
0 650 530.951 300 89
0 650 531.011 300 89
0 650 531.069 300 89
0 650 531.13 300 89
0 650 531.191 300 89
0 650 531.25 300 89
0 650 531.308 300 89
0 650 531.379 300 89
0 650 531.461 300 89
0 650 531.592 300 89
0 650 531.688 300 89
0 650 531.78 300 89
0 650 531.886 300 89
0 650 531.98 300 89
0 650 532.053 300 89
0 650 532.138 300 89
0 650 532.227 300 89
0 650 532.315 300 89
0 650 532.405 300 89
0 650 532.506 300 89
0 650 532.597 300 89
0 650 532.684 300 89
0 650 532.766 300 89
0 650 532.852 300 89
0 650 532.938 300 89
0 650 533.02 300 89
0 650 533.109 300 89
0 650 533.187 300 89
0 650 533.277 300 89
0 650 533.361 300 89
0 650 533.455 300 89
0 650 533.555 300 89
0 650 533.658 300 89
0 650 533.751 300 89
0 650 533.84 300 89
0 650 533.937 300 89
0 650 534.043 300 89
0 650 534.135 300 89
0 650 534.224 300 89
0 650 534.309 300 89
0 650 534.386 300 89
0 650 534.467 300 89
0 650 534.554 300 89
0 650 534.643 300 89
0 650 534.739 300 89
0 650 534.849 300 89
0 650 534.937 300 89
0 650 535.027 300 89
0 650 535.115 300 89
0 650 535.199 300 89
0 650 535.274 300 89
0 650 535.359 300 89
0 650 535.445 300 89
0 650 535.533 300 89
0 650 535.62 300 89
0 650 535.705 300 89
0 650 535.788 300 89
0 650 535.871 300 89
0 650 535.962 300 89
0 650 536.048 300 89
0 650 536.137 300 89
0 650 536.217 300 89
0 650 536.302 300 89
0 650 536.385 300 89
0 650 536.468 300 89
0 650 536.56 300 89
0 650 536.652 300 89
0 650 536.735 300 89
0 650 536.821 300 89
0 650 536.905 300 89
0 650 536.984 300 89
0 650 537.056 300 89
0 650 537.142 300 89
0 650 537.232 300 89
0 650 537.308 300 89
0 650 537.391 300 89
0 650 537.471 300 89
0 650 537.554 300 89
0 650 537.639 300 89
0 650 537.732 300 89
0 650 537.824 300 89
0 650 537.909 300 89
0 650 537.996 300 89
0 650 538.078 300 89
0 650 538.162 300 89
0 650 538.242 300 89
0 650 538.326 300 89
0 650 538.414 300 89
0 650 538.501 300 89
0 650 538.567 300 89
0 650 538.634 300 89
0 650 538.692 300 89
0 650 538.759 300 89
0 650 538.861 300 89
0 650 538.995 300 89
0 650 539.071 300 89
0 650 539.154 300 89
0 650 539.242 300 89
0 650 539.324 300 89
0 650 539.411 300 89
0 650 539.496 300 89
0 650 539.588 300 89
0 650 539.677 300 89
0 650 539.765 300 89
0 650 539.853 300 89
0 650 539.939 300 89
0 650 540.025 300 89
0 650 540.116 300 89
0 650 540.209 300 89
0 650 540.293 300 89
0 650 540.383 300 89
0 650 540.472 300 89
0 650 540.567 300 89
0 650 540.646 300 89
0 650 540.744 300 89
0 650 540.84 300 89
0 650 540.924 300 89
0 650 541.014 300 89
0 650 541.105 300 89
0 650 541.194 300 89
0 650 541.283 300 89
0 650 541.37 300 89
0 650 541.456 300 89
0 650 541.546 300 89
0 650 541.632 300 89
0 650 541.721 300 89
0 650 541.807 300 89
0 650 541.885 300 89
0 650 541.97 300 89
0 650 542.052 300 89
0 650 542.142 300 89
0 650 542.234 300 89
0 650 542.318 300 89
0 650 542.403 300 89
0 650 542.489 300 89
0 650 542.573 300 89
0 650 542.668 300 89
0 650 542.758 300 89
0 650 542.841 300 89
0 650 542.925 300 89
0 650 543.01 300 89
0 650 543.102 300 89
0 650 543.197 300 89
0 650 543.283 300 89
0 650 543.372 300 89
0 650 543.45 300 89
0 650 543.54 300 89
0 650 543.638 300 89
0 650 543.725 300 89
0 650 543.81 300 89
0 650 543.903 300 89
0 650 544.004 300 89
0 650 544.086 300 89
0 650 544.173 300 89
0 650 544.264 300 89
0 650 544.354 300 89
0 650 544.449 300 89
0 650 544.533 300 89
0 650 544.62 300 89
0 650 544.709 300 89
0 650 544.797 300 89
0 650 544.89 300 89
0 650 544.984 300 89
0 650 545.067 300 89
0 650 545.158 300 89
0 650 545.244 300 89
0 650 545.331 300 89
0 650 545.42 300 89
0 650 545.508 300 89
0 650 545.592 300 89
0 650 545.684 300 89
0 650 545.77 300 89
0 650 545.855 300 89
0 650 545.947 300 89
0 650 546.026 300 89
0 650 546.116 300 89
0 650 546.211 300 89
0 650 546.297 300 89
0 650 546.379 300 89
0 650 546.469 300 89
0 650 546.561 300 89
0 650 546.641 300 89
0 650 546.725 300 89
0 650 546.804 300 89
0 650 546.888 300 89
0 650 546.974 300 89
0 650 547.059 300 89
0 650 547.148 300 89
0 650 547.233 300 89
0 650 547.326 300 89
0 650 547.404 300 89
0 650 547.494 300 89
0 650 547.584 300 89
0 650 547.671 300 89
0 650 547.768 300 89
0 650 547.86 300 89
0 650 547.948 300 89
0 650 548.034 300 89
0 650 548.117 300 89
0 650 548.202 300 89
0 650 548.282 300 89
0 650 548.363 300 89
0 650 548.459 300 89
0 650 548.547 300 89
0 650 548.643 300 89
0 650 548.733 300 89
0 650 548.811 300 89
0 650 548.9 300 89
0 650 548.986 300 89
0 650 549.073 300 89
0 650 549.16 300 89
0 650 549.242 300 89
0 650 549.333 300 89
0 650 549.422 300 89
0 650 549.506 300 89
0 650 549.598 300 89
0 650 549.683 300 89
0 650 549.762 300 89
0 650 549.851 300 89
0 650 549.936 300 89
0 650 550.071 300 89
0 650 550.161 300 89
0 650 550.252 300 89
0 650 550.347 300 89
0 650 550.435 300 89
0 650 550.525 300 89
0 650 550.602 300 89
0 650 550.693 300 89
0 650 550.791 300 89
0 650 550.884 300 89
0 650 550.968 300 89
0 650 551.055 300 89
0 650 551.147 300 89
0 650 551.239 300 89
0 650 551.328 300 89
0 650 551.423 300 89
0 650 551.515 300 89
0 650 551.605 300 89
0 650 551.697 300 89
0 650 551.781 300 89
0 650 551.871 300 89
0 650 551.958 300 89
0 650 552.048 300 89
0 650 552.142 300 89
0 650 552.237 300 89
0 650 552.334 300 89
0 650 552.432 300 89
0 650 552.521 300 89
0 650 552.617 300 89
0 650 552.705 300 89
0 650 552.8 300 89
0 650 552.894 300 89
0 650 552.982 300 89
0 650 553.072 300 89
0 650 553.156 300 89
0 650 553.247 300 89
0 650 553.338 300 89
0 650 553.426 300 89
0 650 553.521 300 89
0 650 553.618 300 89
0 650 553.709 300 89
0 650 553.798 300 89
0 650 553.881 300 89
0 650 553.963 300 89
0 650 554.025 300 89
0 650 554.111 300 89
0 650 554.193 300 89
0 650 554.283 300 89
0 650 554.373 300 89
0 650 554.462 300 89
0 650 554.55 300 89
0 650 554.636 300 89
0 650 554.718 300 89
0 650 554.804 300 89
0 650 554.886 300 89
0 650 554.947 300 89
0 650 555.04 300 89
0 650 555.137 300 89
0 650 555.226 300 89
0 650 555.321 300 89
0 650 555.413 300 89
0 650 555.5 300 89
0 650 555.583 300 89
0 650 555.669 300 89
0 650 555.756 300 89
0 650 555.839 300 89
0 650 555.929 300 89
0 650 556.024 300 89
0 650 556.108 300 89
0 650 556.2 300 89
0 650 556.281 300 89
0 650 556.369 300 89
0 650 556.453 300 89
0 650 556.539 300 89
0 650 556.633 300 89
0 650 556.719 300 89
0 650 556.816 300 89
0 650 556.912 300 89
0 650 557.004 300 89
0 650 557.109 300 89
0 650 557.203 300 89
0 650 557.281 300 89
0 650 557.368 300 89
0 650 557.455 300 89
0 650 557.548 300 89
0 650 557.635 300 89
0 650 557.73 300 89
0 650 557.815 300 89
0 650 557.902 300 89
0 650 557.998 300 89
0 650 558.092 300 89
0 650 558.179 300 89
0 650 558.259 300 89
0 650 558.354 300 89
0 650 558.444 300 89
0 650 558.538 300 89
0 650 558.627 300 89
0 650 558.709 300 89
0 650 558.796 300 89
0 650 558.885 300 89
0 650 558.977 300 89
0 650 559.066 300 89
0 650 559.158 300 89
0 650 559.246 300 89
0 650 559.339 300 89
0 650 559.435 300 89
0 650 559.525 300 89
0 650 559.623 300 89
0 650 559.712 300 89
0 650 559.8 300 89
0 650 559.895 300 89
0 650 559.987 300 89
0 650 560.079 300 89
0 650 560.162 300 89
0 650 560.247 300 89
0 650 560.337 300 89
0 650 560.43 300 89
0 650 560.521 300 89
0 650 560.611 300 89
0 650 560.696 300 89
0 650 560.796 300 89
0 650 560.885 300 89
0 650 560.975 300 89
0 650 561.07 300 89
0 650 561.158 300 89
0 650 561.24 300 89
0 650 561.317 300 89
0 650 561.403 300 89
0 650 561.501 300 89
0 650 561.596 300 89
0 650 561.678 300 89
0 650 561.768 300 89
0 650 561.86 300 89
0 650 561.944 300 89
0 650 562.032 300 89
0 650 562.117 300 89
0 650 562.208 300 89
0 650 562.303 300 89
0 650 562.393 300 89
0 650 562.484 300 89
0 650 562.566 300 89
0 650 562.655 300 89
0 650 562.737 300 89
0 650 562.832 300 89
0 650 562.911 300 89
0 650 563.008 300 89
0 650 563.088 300 89
0 650 563.177 300 89
0 650 563.264 300 89
0 650 563.354 300 89
0 650 563.444 300 89
0 650 563.532 300 89
0 650 563.616 300 89
0 650 563.702 300 89
0 650 563.797 300 89
0 650 563.892 300 89
0 650 563.976 300 89
0 650 564.061 300 89
0 650 564.153 300 89
0 650 564.238 300 89
0 650 564.318 300 89
0 650 564.378 300 89
0 650 564.467 300 89
0 650 564.565 300 89
0 650 564.652 300 89
0 650 564.733 300 89
0 650 564.828 300 89
0 650 564.925 300 89
0 650 565.022 300 89
0 650 565.111 300 89
0 650 565.199 300 89
0 650 565.291 300 89
0 650 565.378 300 89
0 650 565.457 300 89
0 650 565.553 300 89
0 650 565.641 300 89
0 650 565.729 300 89
0 650 565.813 300 89
0 650 565.905 300 89
0 650 565.997 300 89
0 650 566.085 300 89
0 650 566.174 300 89
0 650 566.262 300 89
0 650 566.358 300 89
0 650 566.447 300 89
0 650 566.54 300 89
0 650 566.629 300 89
0 650 566.722 300 89
0 650 566.812 300 89
0 650 566.905 300 89
0 650 566.99 300 89
0 650 567.072 300 89
0 650 567.15 300 89
0 650 567.238 300 89
0 650 567.322 300 89
0 650 567.412 300 89
0 650 567.499 300 89
0 650 567.595 300 89
0 650 567.681 300 89
0 650 567.77 300 89
0 650 567.86 300 89
0 650 567.951 300 89
0 650 568.053 300 89
0 650 568.145 300 89
0 650 568.245 300 89
0 650 568.343 300 89
0 650 568.436 300 89
0 650 568.517 300 89
0 650 568.627 300 89
0 650 568.704 300 89
0 650 568.784 300 89
0 650 568.87 300 89
0 650 568.965 300 89
0 650 569.061 300 89
0 650 569.144 300 89
0 650 569.276 300 89
0 650 569.365 300 89
0 650 569.455 300 89
0 650 569.538 300 89
0 650 569.631 300 89
0 650 569.713 300 89
0 650 569.799 300 89
0 650 569.889 300 89
0 650 569.996 300 89
0 650 570.089 300 89
0 650 570.181 300 89
0 650 570.271 300 89
0 650 570.365 300 89
0 650 570.457 300 89
0 650 570.55 300 89
0 650 570.636 300 89
0 650 570.743 300 89
0 650 570.836 300 89
0 650 570.924 300 89
0 650 571.015 300 89
0 650 571.105 300 89
0 650 571.199 300 89
0 650 571.291 300 89
0 650 571.385 300 89
0 650 571.476 300 89
0 650 571.566 300 89
0 650 571.663 300 89
0 650 571.751 300 89
0 650 571.834 300 89
0 650 571.927 300 89
0 650 572.021 300 89
0 650 572.114 300 89
0 650 572.197 300 89
0 650 572.283 300 89
0 650 572.376 300 89
0 650 572.468 300 89
0 650 572.563 300 89
0 650 572.651 300 89
0 650 572.739 300 89
0 650 572.824 300 89
0 650 572.913 300 89
0 650 573.002 300 89
0 650 573.092 300 89
0 650 573.183 300 89
0 650 573.278 300 89
0 650 573.365 300 89
0 650 573.46 300 89
0 650 573.594 300 89
0 650 573.676 300 89
0 650 573.76 300 89
0 650 573.847 300 89
0 650 573.934 300 89
0 650 574.017 300 89
0 650 574.105 300 89
0 650 574.203 300 89
0 650 574.286 300 89
0 650 574.377 300 89
0 650 574.472 300 89
0 650 574.551 300 89
0 650 574.642 300 89
0 650 574.714 300 89
0 650 574.799 300 89
0 650 574.888 300 89
0 650 574.968 300 89
0 650 575.047 300 89
0 650 575.134 300 89
0 650 575.22 300 89
0 650 575.295 300 89
0 650 575.386 300 89
0 650 575.47 300 89
0 650 575.558 300 89
0 650 575.653 300 89
0 650 575.74 300 89
0 650 575.826 300 89
0 650 575.916 300 89
0 650 576.004 300 89
0 650 576.091 300 89
0 650 576.178 300 89
0 650 576.268 300 89
0 650 576.349 300 89
0 650 576.437 300 89
0 650 576.523 300 89
0 650 576.615 300 89
0 650 576.699 300 89
0 650 576.772 300 89
0 650 576.863 300 89
0 650 576.957 300 89
0 650 577.041 300 89
0 650 577.126 300 89
0 650 577.212 300 89
0 650 577.307 300 89
0 650 577.396 300 89
0 650 577.48 300 89
0 650 577.569 300 89
0 650 577.66 300 89
0 650 577.748 300 89
0 650 577.844 300 89
0 650 577.934 300 89
0 650 578.023 300 89
0 650 578.111 300 89
0 650 578.197 300 89
0 650 578.289 300 89
0 650 578.38 300 89
0 650 578.469 300 89
0 650 578.561 300 89
0 650 578.652 300 89
0 650 578.743 300 89
0 650 578.832 300 89
0 650 578.925 300 89
0 650 579.012 300 89
0 650 579.096 300 89
0 650 579.184 300 89
0 650 579.269 300 89
0 650 579.361 300 89
0 650 579.445 300 89
0 650 579.536 300 89
0 650 579.625 300 89
0 650 579.705 300 89
0 650 579.796 300 89
0 650 579.884 300 89
0 650 579.975 300 89
0 650 580.059 300 89
0 650 580.153 300 89
0 650 580.239 300 89
0 650 580.334 300 89
0 650 580.424 300 89
0 650 580.508 300 89
0 650 580.595 300 89
0 650 580.688 300 89
0 650 580.779 300 89
0 650 580.867 300 89
0 650 580.943 300 89
0 650 581.034 300 89
0 650 581.125 300 89
0 650 581.213 300 89
0 650 581.297 300 89
0 650 581.391 300 89
0 650 581.474 300 89
0 650 581.558 300 89
0 650 581.642 300 89
0 650 581.728 300 89
0 650 581.815 300 89
0 650 581.904 300 89
0 650 581.991 300 89
0 650 582.082 300 89
0 650 582.155 300 89
0 650 582.246 300 89
0 650 582.329 300 89
0 650 582.422 300 89
0 650 582.512 300 89
0 650 582.597 300 89
0 650 582.683 300 89
0 650 582.766 300 89
0 650 582.857 300 89
0 650 582.943 300 89
0 650 583.035 300 89
0 650 583.123 300 89
0 650 583.204 300 89
0 650 583.29 300 89
0 650 583.378 300 89
0 650 583.464 300 89
0 650 583.547 300 89
0 650 583.638 300 89
0 650 583.731 300 89
0 650 583.817 300 89
0 650 583.909 300 89
0 650 583.995 300 89
0 650 584.086 300 89
0 650 584.175 300 89
0 650 584.267 300 89
0 650 584.351 300 89
0 650 584.443 300 89
0 650 584.536 300 89
0 650 584.628 300 89
0 650 584.724 300 89
0 650 584.812 300 89
0 650 584.902 300 89
0 650 585.006 300 89
0 650 585.104 300 89
0 650 585.197 300 89
0 650 585.29 300 89
0 650 585.376 300 89
0 650 585.482 300 89
0 650 585.581 300 89
0 650 585.676 300 89
0 650 585.755 300 89
0 650 585.857 300 89
0 650 585.952 300 89
0 650 586.049 300 89
0 650 586.14 300 89
0 650 586.241 300 89
0 650 586.338 300 89
0 650 586.428 300 89
0 650 586.52 300 89
0 650 586.619 300 89
0 650 586.716 300 89
0 650 586.804 300 89
0 650 586.907 300 89
0 650 586.996 300 89
0 650 587.089 300 89
0 650 587.185 300 89
0 650 587.277 300 89
0 650 587.38 300 89
0 650 587.477 300 89
0 650 587.568 300 89
0 650 587.663 300 89
0 650 587.761 300 89
0 650 587.846 300 89
0 650 587.942 300 89
0 650 588.031 300 89
0 650 588.12 300 89
0 650 588.217 300 89
0 650 588.309 300 89
0 650 588.385 300 89
0 650 588.477 300 89
0 650 588.564 300 89
0 650 588.655 300 89
0 650 588.752 300 89
0 650 588.839 300 89
0 650 588.931 300 89
0 650 589.018 300 89
0 650 589.109 300 89
0 650 589.198 300 89
0 650 589.292 300 89
0 650 589.383 300 89
0 650 589.484 300 89
0 650 589.573 300 89
0 650 589.66 300 89
0 650 589.752 300 89
0 650 589.848 300 89
0 650 589.94 300 89
0 650 590.03 300 89
0 650 590.125 300 89
0 650 590.218 300 89
0 650 590.313 300 89
0 650 590.412 300 89
0 650 590.5 300 89
0 650 590.596 300 89
0 650 590.75 300 89
0 650 590.84 300 89
0 650 590.935 300 89
0 650 591.036 300 89
0 650 591.114 300 89
0 650 591.204 300 89
0 650 591.292 300 89
0 650 591.386 300 89
0 650 591.473 300 89
0 650 591.561 300 89
0 650 591.652 300 89
0 650 591.747 300 89
0 650 591.835 300 89
0 650 591.92 300 89
0 650 592.007 300 89
0 650 592.096 300 89
0 650 592.181 300 89
0 650 592.278 300 89
0 650 592.377 300 89
0 650 592.474 300 89
0 650 592.562 300 89
0 650 592.64 300 89
0 650 592.741 300 89
0 650 592.831 300 89
0 650 592.921 300 89
0 650 593.01 300 89
0 650 593.1 300 89
0 650 593.195 300 89
0 650 593.283 300 89
0 650 593.374 300 89
0 650 593.463 300 89
0 650 593.552 300 89
0 650 593.642 300 89
0 650 593.734 300 89
0 650 593.83 300 89
0 650 593.918 300 89
0 650 594.01 300 89
0 650 594.1 300 89
0 650 594.195 300 89
0 650 594.288 300 89
0 650 594.372 300 89
0 650 594.458 300 89
0 650 594.545 300 89
0 650 594.647 300 89
0 650 594.741 300 89
0 650 594.825 300 89
0 650 594.916 300 89
0 650 595.013 300 89
0 650 595.097 300 89
0 650 595.193 300 89
0 650 595.286 300 89
0 650 595.372 300 89
0 650 595.467 300 89
0 650 595.553 300 89
0 650 595.643 300 89
0 650 595.732 300 89
0 650 595.826 300 89
0 650 595.922 300 89
0 650 596.004 300 89
0 650 596.1 300 89
0 650 596.197 300 89
0 650 596.294 300 89
0 650 596.389 300 89
0 650 596.479 300 89
0 650 596.565 300 89
0 650 596.658 300 89
0 650 596.759 300 89
0 650 596.846 300 89
0 650 596.947 300 89
0 650 597.038 300 89
0 650 597.123 300 89
0 650 597.214 300 89
0 650 597.336 300 89
0 650 597.431 300 89
0 650 597.523 300 89
0 650 597.612 300 89
0 650 597.704 300 89
0 650 597.795 300 89
0 650 597.886 300 89
0 650 597.986 300 89
0 650 598.071 300 89
0 650 598.164 300 89
0 650 598.256 300 89
0 650 598.347 300 89
0 650 598.438 300 89
0 650 598.522 300 89
0 650 598.616 300 89
0 650 598.702 300 89
0 650 598.794 300 89
0 650 598.885 300 89
0 650 598.993 300 89
0 650 599.08 300 89
0 650 599.167 300 89
0 650 599.257 300 89
0 650 599.344 300 89
0 650 599.413 300 89
0 650 599.525 300 89
0 650 599.604 300 89
0 650 599.698 300 89
0 650 599.793 300 89
0 650 599.881 300 89
0 650 599.976 300 89
0 650 600.066 300 89
0 650 600.165 300 89
0 650 600.257 300 89
0 650 600.339 300 89
0 650 600.433 300 89
0 650 600.522 300 89
0 650 600.617 300 89
0 650 600.707 300 89
0 650 600.809 300 89
0 650 600.903 300 89
0 650 601 300 89
0 650 601.091 300 89
0 650 601.184 300 89
0 650 601.282 300 89
0 650 601.361 300 89
0 650 601.455 300 89
0 650 601.553 300 89
0 650 601.642 300 89
0 650 601.74 300 89
0 650 601.835 300 89
0 650 601.921 300 89
0 650 602.024 300 89
0 650 602.128 300 89
0 650 602.218 300 89
0 650 602.308 300 89
0 650 602.402 300 89
0 650 602.494 300 89
0 650 602.582 300 89
0 650 602.671 300 89
0 650 602.761 300 89
0 650 602.848 300 89
0 650 602.936 300 89
0 650 603.029 300 89
0 650 603.121 300 89
0 650 603.214 300 89
0 650 603.308 300 89
0 650 603.403 300 89
0 650 603.493 300 89
0 650 603.591 300 89
0 650 603.683 300 89
0 650 603.777 300 89
0 650 603.871 300 89
0 650 603.962 300 89
0 650 604.053 300 89
0 650 604.15 300 89
0 650 604.247 300 89
0 650 604.348 300 89
0 650 604.446 300 89
0 650 604.533 300 89
0 650 604.625 300 89
0 650 604.705 300 89
0 650 604.794 300 89
0 650 604.887 300 89
0 650 604.969 300 89
0 650 605.055 300 89
0 650 605.139 300 89
0 650 605.224 300 89
0 650 605.32 300 89
0 650 605.405 300 89
0 650 605.487 300 89
0 650 605.578 300 89
0 650 605.664 300 89
0 650 605.752 300 89
0 650 605.843 300 89
0 650 605.928 300 89
0 650 606.009 300 89
0 650 606.103 300 89
0 650 606.193 300 89
0 650 606.281 300 89
0 650 606.375 300 89
0 650 606.473 300 89
0 650 606.573 300 89
0 650 606.671 300 89
0 650 606.765 300 89
0 650 606.864 300 89
0 650 606.962 300 89
0 650 607.054 300 89
0 650 607.149 300 89
0 650 607.238 300 89
0 650 607.333 300 89
0 650 607.428 300 89
0 650 607.525 300 89
0 650 607.616 300 89
0 650 607.7 300 89
0 650 607.791 300 89
0 650 607.892 300 89
0 650 607.975 300 89
0 650 608.058 300 89
0 650 608.155 300 89
0 650 608.249 300 89
0 650 608.342 300 89
0 650 608.438 300 89
0 650 608.527 300 89
0 650 608.62 300 89
0 650 608.715 300 89
0 650 608.804 300 89
0 650 608.887 300 89
0 650 608.977 300 89
0 650 609.062 300 89
0 650 609.155 300 89
0 650 609.246 300 89
0 650 609.326 300 89
0 650 609.421 300 89
0 650 609.507 300 89
0 650 609.604 300 89
0 650 609.701 300 89
0 650 609.836 300 89
0 650 609.944 300 89
0 650 610.041 300 89
0 650 610.131 300 89
0 650 610.222 300 89
0 650 610.321 300 89
0 650 610.437 300 89
0 650 610.531 300 89
0 650 610.629 300 89
0 650 610.707 300 89
0 650 610.822 300 89
0 650 610.915 300 89
0 650 611.015 300 89
0 650 611.108 300 89
0 650 611.208 300 89
0 650 611.303 300 89
0 650 611.396 300 89
0 650 611.486 300 89
0 650 611.572 300 89
0 650 611.668 300 89
0 650 611.788 300 89
0 650 611.885 300 89
0 650 611.977 300 89
0 650 612.07 300 89
0 650 612.177 300 89
0 650 612.277 300 89
0 650 612.374 300 89
0 650 612.458 300 89
0 650 612.558 300 89
0 650 612.652 300 89
0 650 612.747 300 89
0 650 612.836 300 89
0 650 612.925 300 89
0 650 613.017 300 89
0 650 613.11 300 89
0 650 613.204 300 89
0 650 613.298 300 89
0 650 613.385 300 89
0 650 613.487 300 89
0 650 613.582 300 89
0 650 613.67 300 89
0 650 613.764 300 89
0 650 613.859 300 89
0 650 613.947 300 89
0 650 614.043 300 89
0 650 614.138 300 89
0 650 614.237 300 89
0 650 614.319 300 89
0 650 614.414 300 89
0 650 614.508 300 89
0 650 614.611 300 89
0 650 614.703 300 89
0 650 614.796 300 89
0 650 614.891 300 89
0 650 614.987 300 89
0 650 615.08 300 89
0 650 615.178 300 89
0 650 615.274 300 89
0 650 615.364 300 89
0 650 615.45 300 89
0 650 615.544 300 89
0 650 615.634 300 89
0 650 615.723 300 89
0 650 615.811 300 89
0 650 615.9 300 89
0 650 615.991 300 89
0 650 616.087 300 89
0 650 616.171 300 89
0 650 616.265 300 89
0 650 616.359 300 89
0 650 616.458 300 89
0 650 616.553 300 89
0 650 616.646 300 89
0 650 616.737 300 89
0 650 616.825 300 89
0 650 616.924 300 89
0 650 617.019 300 89
0 650 617.114 300 89
0 650 617.208 300 89
0 650 617.302 300 89
0 650 617.393 300 89
0 650 617.481 300 89
0 650 617.576 300 89
0 650 617.661 300 89
0 650 617.744 300 89
0 650 617.841 300 89
0 650 617.942 300 89
0 650 618.036 300 89
0 650 618.138 300 89
0 650 618.231 300 89
0 650 618.323 300 89
0 650 618.415 300 89
0 650 618.51 300 89
0 650 618.602 300 89
0 650 618.697 300 89
0 650 618.789 300 89
0 650 618.884 300 89
0 650 618.982 300 89
0 650 619.076 300 89
0 650 619.181 300 89
0 650 619.287 300 89
0 650 619.379 300 89
0 650 619.476 300 89
0 650 619.573 300 89
0 650 619.665 300 89
0 650 619.759 300 89
0 650 619.858 300 89
0 650 619.945 300 89
0 650 620.039 300 89
0 650 620.14 300 89
0 650 620.228 300 89
0 650 620.327 300 89
0 650 620.413 300 89
0 650 620.51 300 89
0 650 620.595 300 89
0 650 620.688 300 89
0 650 620.781 300 89
0 650 620.874 300 89
0 650 620.971 300 89
0 650 621.068 300 89
0 650 621.169 300 89
0 650 621.261 300 89
0 650 621.357 300 89
0 650 621.452 300 89
0 650 621.542 300 89
0 650 621.64 300 89
0 650 621.733 300 89
0 650 621.824 300 89
0 650 621.919 300 89
0 650 622.012 300 89
0 650 622.102 300 89
0 650 622.196 300 89
0 650 622.28 300 89
0 650 622.372 300 89
0 650 622.462 300 89
0 650 622.549 300 89
0 650 622.632 300 89
0 650 622.711 300 89
0 650 622.803 300 89
0 650 622.9 300 89
0 650 622.988 300 89
0 650 623.079 300 89
0 650 623.164 300 89
0 650 623.258 300 89
0 650 623.346 300 89
0 650 623.438 300 89
0 650 623.525 300 89
0 650 623.617 300 89
0 650 623.709 300 89
0 650 623.804 300 89
0 650 623.886 300 89
0 650 623.976 300 89
0 650 624.06 300 89
0 650 624.145 300 89
0 650 624.249 300 89
0 650 624.337 300 89
0 650 624.426 300 89
0 650 624.517 300 89
0 650 624.609 300 89
0 650 624.697 300 89
0 650 624.783 300 89
0 650 624.871 300 89
0 650 624.962 300 89
0 650 625.053 300 89
0 650 625.144 300 89
0 650 625.24 300 89
0 650 625.326 300 89
0 650 625.422 300 89
0 650 625.514 300 89
0 650 625.603 300 89
0 650 625.7 300 89
0 650 625.792 300 89
0 650 625.863 300 89
0 650 625.953 300 89
0 650 626.037 300 89
0 650 626.157 300 89
0 650 626.249 300 89
0 650 626.336 300 89
0 650 626.425 300 89
0 650 626.517 300 89
0 650 626.61 300 89
0 650 626.704 300 89
0 650 626.798 300 89
0 650 626.889 300 89
0 650 626.979 300 89
0 650 627.069 300 89
0 650 627.159 300 89
0 650 627.247 300 89
0 650 627.343 300 89
0 650 627.433 300 89
0 650 627.525 300 89
0 650 627.619 300 89
0 650 627.709 300 89
0 650 627.796 300 89
0 650 627.883 300 89
0 650 627.972 300 89
0 650 628.067 300 89
0 650 628.161 300 89
0 650 628.244 300 89
0 650 628.331 300 89
0 650 628.424 300 89
0 650 628.513 300 89
0 650 628.6 300 89
0 650 628.683 300 89
0 650 628.774 300 89
0 650 628.868 300 89
0 650 628.962 300 89
0 650 629.059 300 89
0 650 629.144 300 89
0 650 629.235 300 89
0 650 629.323 300 89
0 650 629.403 300 89
0 650 629.5 300 89
0 650 629.592 300 89
0 650 629.699 300 89
0 650 629.786 300 89
0 650 629.877 300 89
0 650 629.965 300 89
0 650 630.058 300 89
0 650 630.158 300 89
0 650 630.247 300 89
0 650 630.34 300 89
0 650 630.439 300 89
0 650 630.525 300 89
0 650 630.609 300 89
0 650 630.697 300 89
0 650 630.781 300 89
0 650 630.867 300 89
0 650 630.962 300 89
0 650 631.055 300 89
0 650 631.141 300 89
0 650 631.224 300 89
0 650 631.31 300 89
0 650 631.397 300 89
0 650 631.487 300 89
0 650 631.606 300 89
0 650 631.696 300 89
0 650 631.786 300 89
0 650 631.882 300 89
0 650 631.979 300 89
0 650 632.08 300 89
0 650 632.165 300 89
0 650 632.259 300 89
0 650 632.356 300 89
0 650 632.445 300 89
0 650 632.54 300 89
0 650 632.627 300 89
0 650 632.721 300 89
0 650 632.81 300 89
0 650 632.891 300 89
0 650 632.978 300 89
0 650 633.076 300 89
0 650 633.165 300 89
0 650 633.255 300 89
0 650 633.35 300 89
0 650 633.441 300 89
0 650 633.527 300 89
0 650 633.614 300 89
0 650 633.7 300 89
0 650 633.79 300 89
0 650 633.878 300 89
0 650 633.974 300 89
0 650 634.066 300 89
0 650 634.15 300 89
0 650 634.238 300 89
0 650 634.321 300 89
0 650 634.414 300 89
0 650 634.509 300 89
0 650 634.609 300 89
0 650 634.701 300 89
0 650 634.792 300 89
0 650 634.876 300 89
0 650 634.967 300 89
0 650 635.054 300 89
0 650 635.143 300 89
0 650 635.233 300 89
0 650 635.32 300 89
0 650 635.41 300 89
0 650 635.506 300 89
0 650 635.595 300 89
0 650 635.689 300 89
0 650 635.782 300 89
0 650 635.866 300 89
0 650 635.949 300 89
0 650 636.039 300 89
0 650 636.13 300 89
0 650 636.221 300 89
0 650 636.317 300 89
0 650 636.397 300 89
0 650 636.494 300 89
0 650 636.586 300 89
0 650 636.672 300 89
0 650 636.759 300 89
0 650 636.846 300 89
0 650 636.941 300 89
0 650 637.041 300 89
0 650 637.13 300 89
0 650 637.225 300 89
0 650 637.31 300 89
0 650 637.4 300 89
0 650 637.498 300 89
0 650 637.585 300 89
0 650 637.668 300 89
0 650 637.754 300 89
0 650 637.836 300 89
0 650 637.921 300 89
0 650 638.011 300 89
0 650 638.107 300 89
0 650 638.201 300 89
0 650 638.294 300 89
0 650 638.385 300 89
0 650 638.473 300 89
0 650 638.568 300 89
0 650 638.657 300 89
0 650 638.75 300 89
0 650 638.839 300 89
0 650 638.932 300 89
0 650 639.022 300 89
0 650 639.109 300 89
0 650 639.205 300 89
0 650 639.29 300 89
0 650 639.384 300 89
0 650 639.475 300 89
0 650 639.564 300 89
0 650 639.656 300 89
0 650 639.739 300 89
0 650 639.829 300 89
0 650 639.91 300 89
0 650 639.999 300 89
0 650 640.079 300 89
0 650 640.161 300 89
0 650 640.253 300 89
0 650 640.341 300 89
0 650 640.428 300 89
0 650 640.512 300 89
0 650 640.593 300 89
0 650 640.683 300 89
0 650 640.771 300 89
0 650 640.863 300 89
0 650 640.949 300 89
0 650 641.043 300 89
0 650 641.125 300 89
0 650 641.215 300 89
0 650 641.304 300 89
0 650 641.389 300 89
0 650 641.503 300 89
0 650 641.591 300 89
0 650 641.674 300 89
0 650 641.808 300 89
0 650 641.902 300 89
0 650 641.993 300 89
0 650 642.078 300 89
0 650 642.163 300 89
0 650 642.26 300 89
0 650 642.341 300 89
0 650 642.431 300 89
0 650 642.516 300 89
0 650 642.599 300 89
0 650 642.675 300 89
0 650 642.763 300 89
0 650 642.847 300 89
0 650 642.934 300 89
0 650 643.016 300 89
0 650 643.103 300 89
0 650 643.206 300 89
0 650 643.288 300 89
0 650 643.375 300 89
0 650 643.462 300 89
0 650 643.555 300 89
0 650 643.638 300 89
0 650 643.719 300 89
0 650 643.81 300 89
0 650 643.902 300 89
0 650 643.986 300 89
0 650 644.07 300 89
0 650 644.158 300 89
0 650 644.242 300 89
0 650 644.329 300 89
0 650 644.406 300 89
0 650 644.488 300 89
0 650 644.583 300 89
0 650 644.667 300 89
0 650 644.748 300 89
0 650 644.834 300 89
0 650 644.919 300 89
0 650 645.01 300 89
0 650 645.099 300 89
0 650 645.186 300 89
0 650 645.275 300 89
0 650 645.36 300 89
0 650 645.445 300 89
0 650 645.547 300 89
0 650 645.631 300 89
0 650 645.713 300 89
0 650 645.804 300 89
0 650 645.889 300 89
0 650 645.976 300 89
0 650 646.071 300 89
0 650 646.164 300 89
0 650 646.24 300 89
0 650 646.331 300 89
0 650 646.422 300 89
0 650 646.51 300 89
0 650 646.601 300 89
0 650 646.688 300 89
0 650 646.775 300 89
0 650 646.86 300 89
0 650 646.948 300 89
0 650 647.041 300 89
0 650 647.124 300 89
0 650 647.204 300 89
0 650 647.294 300 89
0 650 647.397 300 89
0 650 647.484 300 89
0 650 647.574 300 89
0 650 647.664 300 89
0 650 647.743 300 89
0 650 647.825 300 89
0 650 647.905 300 89
0 650 647.995 300 89
0 650 648.07 300 89
0 650 648.16 300 89
0 650 648.242 300 89
0 650 648.324 300 89
0 650 648.403 300 89
0 650 648.478 300 89
0 650 648.565 300 89
0 650 648.654 300 89
0 650 648.736 300 89
0 650 648.82 300 89
0 650 648.906 300 89
0 650 648.994 300 89
0 650 649.079 300 89
0 650 649.17 300 89
0 650 649.254 300 89
0 650 649.348 300 89
0 650 649.435 300 89
0 650 649.519 300 89
0 650 649.635 300 89
0 650 649.724 300 89
0 650 649.807 300 89
0 650 649.891 300 89
0 650 649.978 300 89
0 650 650.06 300 89
0 650 650.134 300 89
0 650 650.222 300 89
0 650 650.307 300 89
0 650 650.392 300 89
0 650 650.465 300 89
0 650 650.544 300 89
0 650 650.629 300 89
0 650 650.713 300 89
0 650 650.801 300 89
0 650 650.888 300 89
0 650 650.982 300 89
0 650 651.074 300 89
0 650 651.158 300 89
0 650 651.246 300 89
0 650 651.335 300 89
0 650 651.419 300 89
0 650 651.509 300 89
0 650 651.599 300 89
0 650 651.689 300 89
0 650 651.772 300 89
0 650 651.847 300 89
0 650 651.928 300 89
0 650 652.016 300 89
0 650 652.1 300 89
0 650 652.187 300 89
0 650 652.274 300 89
0 650 652.36 300 89
0 650 652.452 300 89
0 650 652.539 300 89
0 650 652.624 300 89
0 650 652.708 300 89
0 650 652.799 300 89
0 650 652.881 300 89
0 650 652.972 300 89
0 650 653.065 300 89
0 650 653.151 300 89
0 650 653.231 300 89
0 650 653.318 300 89
0 650 653.409 300 89
0 650 653.492 300 89
0 650 653.584 300 89
0 650 653.667 300 89
0 650 653.753 300 89
0 650 653.837 300 89
0 650 653.921 300 89
0 650 654.006 300 89
0 650 654.088 300 89
0 650 654.173 300 89
0 650 654.264 300 89
0 650 654.352 300 89
0 650 654.432 300 89
0 650 654.527 300 89
0 650 654.611 300 89
0 650 654.692 300 89
0 650 654.776 300 89
0 650 654.861 300 89
0 650 654.95 300 89
0 650 655.044 300 89
0 650 655.134 300 89
0 650 655.223 300 89
0 650 655.315 300 89
0 650 655.401 300 89
0 650 655.487 300 89
0 650 655.574 300 89
0 650 655.66 300 89
0 650 655.738 300 89
0 650 655.818 300 89
0 650 655.905 300 89
0 650 655.989 300 89
0 650 656.08 300 89
0 650 656.166 300 89
0 650 656.246 300 89
0 650 656.33 300 89
0 650 656.415 300 89
0 650 656.505 300 89
0 650 656.599 300 89
0 650 656.672 300 89
0 650 656.751 300 89
0 650 656.847 300 89
0 650 656.934 300 89
0 650 657.017 300 89
0 650 657.104 300 89
0 650 657.192 300 89
0 650 657.281 300 89
0 650 657.361 300 89
0 650 657.446 300 89
0 650 657.536 300 89
0 650 657.621 300 89
0 650 657.703 300 89
0 650 657.785 300 89
0 650 657.865 300 89
0 650 657.945 300 89
0 650 658.055 300 89
0 650 658.135 300 89
0 650 658.219 300 89
0 650 658.303 300 89
0 650 658.383 300 89
0 650 658.473 300 89
0 650 658.557 300 89
0 650 658.644 300 89
0 650 658.723 300 89
0 650 658.807 300 89
0 650 658.883 300 89
0 650 658.965 300 89
0 650 659.051 300 89
0 650 659.141 300 89
0 650 659.221 300 89
0 650 659.307 300 89
0 650 659.409 300 89
0 650 659.494 300 89
0 650 659.578 300 89
0 650 659.658 300 89
0 650 659.749 300 89
0 650 659.827 300 89
0 650 659.902 300 89
0 650 659.982 300 89
0 650 660.056 300 89
0 650 660.145 300 89
0 650 660.224 300 89
0 650 660.302 300 89
0 650 660.384 300 89
0 650 660.471 300 89
0 650 660.555 300 89
0 650 660.643 300 89
0 650 660.73 300 89
0 650 660.815 300 89
0 650 660.899 300 89
0 650 660.987 300 89
0 650 661.074 300 89
0 650 661.156 300 89
0 650 661.244 300 89
0 650 661.321 300 89
0 650 661.408 300 89
0 650 661.501 300 89
0 650 661.593 300 89
0 650 661.697 300 89
0 650 661.784 300 89
0 650 661.873 300 89
0 650 661.954 300 89
0 650 662.037 300 89
0 650 662.118 300 89
0 650 662.208 300 89
0 650 662.296 300 89
0 650 662.382 300 89
0 650 662.471 300 89
0 650 662.556 300 89
0 650 662.644 300 89
0 650 662.735 300 89
0 650 662.819 300 89
0 650 662.909 300 89
0 650 662.995 300 89
0 650 663.081 300 89
0 650 663.168 300 89
0 650 663.257 300 89
0 650 663.34 300 89
0 650 663.431 300 89
0 650 663.522 300 89
0 650 663.603 300 89
0 650 663.689 300 89
0 650 663.771 300 89
0 650 663.86 300 89
0 650 663.946 300 89
0 650 664.033 300 89
0 650 664.124 300 89
0 650 664.215 300 89
0 650 664.304 300 89
0 650 664.39 300 89
0 650 664.464 300 89
0 650 664.549 300 89
0 650 664.636 300 89
0 650 664.71 300 89
0 650 664.796 300 89
0 650 664.879 300 89
0 650 664.957 300 89
0 650 665.043 300 89
0 650 665.128 300 89
0 650 665.226 300 89
0 650 665.314 300 89
0 650 665.408 300 89
0 650 665.504 300 89
0 650 665.595 300 89
0 650 665.686 300 89
0 650 665.773 300 89
0 650 665.85 300 89
0 650 665.942 300 89
0 650 666.031 300 89
0 650 666.111 300 89
0 650 666.196 300 89
0 650 666.284 300 89
0 650 666.372 300 89
0 650 666.46 300 89
0 650 666.549 300 89
0 650 666.642 300 89
0 650 666.726 300 89
0 650 666.814 300 89
0 650 666.905 300 89
0 650 666.986 300 89
0 650 667.063 300 89
0 650 667.143 300 89
0 650 667.232 300 89
0 650 667.315 300 89
0 650 667.395 300 89
0 650 667.478 300 89
0 650 667.589 300 89
0 650 667.684 300 89
0 650 667.776 300 89
0 650 667.865 300 89
0 650 667.946 300 89
0 650 668.032 300 89
0 650 668.118 300 89
0 650 668.204 300 89
0 650 668.297 300 89
0 650 668.389 300 89
0 650 668.477 300 89
0 650 668.559 300 89
0 650 668.644 300 89
0 650 668.73 300 89
0 650 668.815 300 89
0 650 668.906 300 89
0 650 668.982 300 89
0 650 669.068 300 89
0 650 669.159 300 89
0 650 669.235 300 89
0 650 669.318 300 89
0 650 669.405 300 89
0 650 669.494 300 89
0 650 669.577 300 89
0 650 669.664 300 89
0 650 669.753 300 89
0 650 669.841 300 89
0 650 669.932 300 89
0 650 670.076 300 89
0 650 670.161 300 89
0 650 670.246 300 89
0 650 670.332 300 89
0 650 670.412 300 89
0 650 670.496 300 89
0 650 670.578 300 89
0 650 670.665 300 89
0 650 670.75 300 89
0 650 670.836 300 89
0 650 670.917 300 89
0 650 671.005 300 89
0 650 671.089 300 89
0 650 671.165 300 89
0 650 671.252 300 89
0 650 671.336 300 89
0 650 671.423 300 89
0 650 671.512 300 89
0 650 671.6 300 89
0 650 671.691 300 89
0 650 671.779 300 89
0 650 671.867 300 89
0 650 671.959 300 89
0 650 672.04 300 89
0 650 672.126 300 89
0 650 672.212 300 89
0 650 672.299 300 89
0 650 672.388 300 89
0 650 672.482 300 89
0 650 672.577 300 89
0 650 672.664 300 89
0 650 672.746 300 89
0 650 672.825 300 89
0 650 672.911 300 89
0 650 672.987 300 89
0 650 673.071 300 89
0 650 673.156 300 89
0 650 673.252 300 89
0 650 673.341 300 89
0 650 673.425 300 89
0 650 673.499 300 89
0 650 673.591 300 89
0 650 673.684 300 89
0 650 673.769 300 89
0 650 673.85 300 89
0 650 673.941 300 89
0 650 674.033 300 89
0 650 674.118 300 89
0 650 674.203 300 89
0 650 674.291 300 89
0 650 674.383 300 89
0 650 674.47 300 89
0 650 674.552 300 89
0 650 674.63 300 89
0 650 674.717 300 89
0 650 674.799 300 89
0 650 674.887 300 89
0 650 674.975 300 89
0 650 675.061 300 89
0 650 675.155 300 89
0 650 675.246 300 89
0 650 675.333 300 89
0 650 675.42 300 89
0 650 675.507 300 89
0 650 675.593 300 89
0 650 675.68 300 89
0 650 675.763 300 89
0 650 675.851 300 89
0 650 675.932 300 89
0 650 676.014 300 89
0 650 676.103 300 89
0 650 676.188 300 89
0 650 676.274 300 89
0 650 676.362 300 89
0 650 676.449 300 89
0 650 676.537 300 89
0 650 676.625 300 89
0 650 676.715 300 89
0 650 676.813 300 89
0 650 676.904 300 89
0 650 676.999 300 89
0 650 677.083 300 89
0 650 677.171 300 89
0 650 677.254 300 89
0 650 677.342 300 89
0 650 677.428 300 89
0 650 677.516 300 89
0 650 677.596 300 89
0 650 677.676 300 89
0 650 677.765 300 89
0 650 677.854 300 89
0 650 677.94 300 89
0 650 678.033 300 89
0 650 678.12 300 89
0 650 678.199 300 89
0 650 678.285 300 89
0 650 678.369 300 89
0 650 678.454 300 89
0 650 678.525 300 89
0 650 678.612 300 89
0 650 678.701 300 89
0 650 678.784 300 89
0 650 678.874 300 89
0 650 678.962 300 89
0 650 679.039 300 89
0 650 679.126 300 89
0 650 679.216 300 89
0 650 679.305 300 89
0 650 679.396 300 89
0 650 679.483 300 89
0 650 679.572 300 89
0 650 679.648 300 89
0 650 679.737 300 89
0 650 679.826 300 89
0 650 679.913 300 89
0 650 679.996 300 89
0 650 680.084 300 89
0 650 680.17 300 89
0 650 680.253 300 89
0 650 680.349 300 89
0 650 680.436 300 89
0 650 680.526 300 89
0 650 680.609 300 89
0 650 680.689 300 89
0 650 680.768 300 89
0 650 680.852 300 89
0 650 680.933 300 89
0 650 681.027 300 89
0 650 681.109 300 89
0 650 681.188 300 89
0 650 681.268 300 89
0 650 681.36 300 89
0 650 681.455 300 89
0 650 681.538 300 89
0 650 681.632 300 89
0 650 681.715 300 89
0 650 681.801 300 89
0 650 681.873 300 89
0 650 681.957 300 89
0 650 682.046 300 89
0 650 682.132 300 89
0 650 682.221 300 89
0 650 682.307 300 89
0 650 682.396 300 89
0 650 682.482 300 89
0 650 682.571 300 89
0 650 682.66 300 89
0 650 682.752 300 89
0 650 682.843 300 89
0 650 682.93 300 89
0 650 683.019 300 89
0 650 683.114 300 89
0 650 683.203 300 89
0 650 683.284 300 89
0 650 683.368 300 89
0 650 683.455 300 89
0 650 683.544 300 89
0 650 683.628 300 89
0 650 683.707 300 89
0 650 683.798 300 89
0 650 683.879 300 89
0 650 683.96 300 89
0 650 684.043 300 89
0 650 684.131 300 89
0 650 684.207 300 89
0 650 684.292 300 89
0 650 684.381 300 89
0 650 684.47 300 89
0 650 684.552 300 89
0 650 684.633 300 89
0 650 684.723 300 89
0 650 684.807 300 89
0 650 684.895 300 89
0 650 684.985 300 89
0 650 685.074 300 89
0 650 685.154 300 89
0 650 685.238 300 89
0 650 685.316 300 89
0 650 685.409 300 89
0 650 685.499 300 89
0 650 685.593 300 89
0 650 685.678 300 89
0 650 685.765 300 89
0 650 685.849 300 89
0 650 685.931 300 89
0 650 686.021 300 89
0 650 686.104 300 89
0 650 686.199 300 89
0 650 686.278 300 89
0 650 686.358 300 89
0 650 686.443 300 89
0 650 686.523 300 89
0 650 686.614 300 89
0 650 686.699 300 89
0 650 686.779 300 89
0 650 686.864 300 89
0 650 686.952 300 89
0 650 687.037 300 89
0 650 687.126 300 89
0 650 687.22 300 89
0 650 687.312 300 89
0 650 687.404 300 89
0 650 687.482 300 89
0 650 687.566 300 89
0 650 687.627 300 89
0 650 687.688 300 89
0 650 687.748 300 89
0 650 687.808 300 89
0 650 687.863 300 89
0 650 687.925 300 89
0 650 687.985 300 89
0 650 688.048 300 89
0 650 688.111 300 89
0 650 688.178 300 89
0 650 688.238 300 89
0 650 688.3 300 89
0 650 688.358 300 89
0 650 688.414 300 89
0 650 688.476 300 89
0 650 688.536 300 89
0 650 688.595 300 89
0 650 688.659 300 89
0 650 688.72 300 89
0 650 688.775 300 89
0 650 688.833 300 89
0 650 688.894 300 89
0 650 688.955 300 89
0 650 689.016 300 89
0 650 689.092 300 89
0 650 689.181 300 89
0 650 689.254 300 89
0 650 689.346 300 89
0 650 689.427 300 89
0 650 689.501 300 89
0 650 689.591 300 89
0 650 689.68 300 89
0 650 689.774 300 89
0 650 689.859 300 89
0 650 689.94 300 89
0 650 690.023 300 89
0 650 690.108 300 89
0 650 690.188 300 89
0 650 690.276 300 89
0 650 690.348 300 89
0 650 690.44 300 89
0 650 690.521 300 89
0 650 690.606 300 89
0 650 690.687 300 89
0 650 690.775 300 89
0 650 690.855 300 89
0 650 690.945 300 89
0 650 691.038 300 89
0 650 691.126 300 89
0 650 691.219 300 89
0 650 691.309 300 89
0 650 691.402 300 89
0 650 691.496 300 89
0 650 691.584 300 89
0 650 691.675 300 89
0 650 691.769 300 89
0 650 691.863 300 89
0 650 691.952 300 89
0 650 692.037 300 89
0 650 692.128 300 89
0 650 692.212 300 89
0 650 692.296 300 89
0 650 692.373 300 89
0 650 692.457 300 89
0 650 692.537 300 89
0 650 692.622 300 89
0 650 692.71 300 89
0 650 692.796 300 89
0 650 692.885 300 89
0 650 692.978 300 89
0 650 693.066 300 89
0 650 693.149 300 89
0 650 693.235 300 89
0 650 693.327 300 89
0 650 693.415 300 89
0 650 693.489 300 89
0 650 693.574 300 89
0 650 693.672 300 89
0 650 693.757 300 89
0 650 693.84 300 89
0 650 693.924 300 89
0 650 694.011 300 89
0 650 694.098 300 89
0 650 694.183 300 89
0 650 694.263 300 89
0 650 694.351 300 89
0 650 694.437 300 89
0 650 694.521 300 89
0 650 694.612 300 89
0 650 694.689 300 89
0 650 694.768 300 89
0 650 694.86 300 89
0 650 694.936 300 89
0 650 695.026 300 89
0 650 695.107 300 89
0 650 695.186 300 89
0 650 695.275 300 89
0 650 695.353 300 89
0 650 695.441 300 89
0 650 695.522 300 89
0 650 695.608 300 89
0 650 695.687 300 89
0 650 695.774 300 89
0 650 695.858 300 89
0 650 695.95 300 89
0 650 696.028 300 89
0 650 696.118 300 89
0 650 696.205 300 89
0 650 696.296 300 89
0 650 696.372 300 89
0 650 696.462 300 89
0 650 696.543 300 89
0 650 696.636 300 89
0 650 696.716 300 89
0 650 696.807 300 89
0 650 696.896 300 89
0 650 696.988 300 89
0 650 697.067 300 89
0 650 697.151 300 89
0 650 697.238 300 89
0 650 697.323 300 89
0 650 697.408 300 89
0 650 697.488 300 89
0 650 697.571 300 89
0 650 697.65 300 89
0 650 697.735 300 89
0 650 697.821 300 89
0 650 697.915 300 89
0 650 697.993 300 89
0 650 698.074 300 89
0 650 698.168 300 89
0 650 698.252 300 89
0 650 698.34 300 89
0 650 698.418 300 89
0 650 698.503 300 89
0 650 698.586 300 89
0 650 698.666 300 89
0 650 698.755 300 89
0 650 698.846 300 89
0 650 698.93 300 89
0 650 699.009 300 89
0 650 699.103 300 89
0 650 699.182 300 89
0 650 699.274 300 89
0 650 699.367 300 89
0 650 699.453 300 89
0 650 699.539 300 89
0 650 699.636 300 89
0 650 699.716 300 89
0 650 699.802 300 89
0 650 699.888 300 89
0 650 699.979 300 89
0 650 700.057 300 89
0 650 700.14 300 89
0 650 700.228 300 89
0 650 700.315 300 89
0 650 700.397 300 89
0 650 700.476 300 89
0 650 700.566 300 89
0 650 700.652 300 89
0 650 700.741 300 89
0 650 700.825 300 89
0 650 700.919 300 89
0 650 701.001 300 89
0 650 701.084 300 89
0 650 701.162 300 89
0 650 701.247 300 89
0 650 701.327 300 89
0 650 701.411 300 89
0 650 701.493 300 89
0 650 701.58 300 89
0 650 701.667 300 89
0 650 701.754 300 89
0 650 701.841 300 89
0 650 701.922 300 89
0 650 702.007 300 89
0 650 702.087 300 89
0 650 702.167 300 89
0 650 702.248 300 89
0 650 702.336 300 89
0 650 702.423 300 89
0 650 702.501 300 89
0 650 702.59 300 89
0 650 702.677 300 89
0 650 702.769 300 89
0 650 702.854 300 89
0 650 702.934 300 89
0 650 703.022 300 89
0 650 703.102 300 89
0 650 703.196 300 89
0 650 703.257 300 89
0 650 703.338 300 89
0 650 703.424 300 89
0 650 703.511 300 89
0 650 703.606 300 89
0 650 703.691 300 89
0 650 703.779 300 89
0 650 703.859 300 89
0 650 703.946 300 89
0 650 704.036 300 89
0 650 704.124 300 89
0 650 704.228 300 89
0 650 704.304 300 89
0 650 704.399 300 89
0 650 704.489 300 89
0 650 704.57 300 89
0 650 704.656 300 89
0 650 704.74 300 89
0 650 704.827 300 89
0 650 704.91 300 89
0 650 704.995 300 89
0 650 705.08 300 89
0 650 705.169 300 89
0 650 705.254 300 89
0 650 705.34 300 89
0 650 705.427 300 89
0 650 705.513 300 89
0 650 705.601 300 89
0 650 705.686 300 89
0 650 705.769 300 89
0 650 705.858 300 89
0 650 705.947 300 89
0 650 706.027 300 89
0 650 706.117 300 89
0 650 706.204 300 89
0 650 706.295 300 89
0 650 706.378 300 89
0 650 706.466 300 89
0 650 706.553 300 89
0 650 706.684 300 89
0 650 706.768 300 89
0 650 706.854 300 89
0 650 706.943 300 89
0 650 707.021 300 89
0 650 707.102 300 89
0 650 707.188 300 89
0 650 707.284 300 89
0 650 707.372 300 89
0 650 707.458 300 89
0 650 707.549 300 89
0 650 707.639 300 89
0 650 707.728 300 89
0 650 707.814 300 89
0 650 707.896 300 89
0 650 707.982 300 89
0 650 708.069 300 89
0 650 708.151 300 89
0 650 708.241 300 89
0 650 708.323 300 89
0 650 708.414 300 89
0 650 708.508 300 89
0 650 708.601 300 89
0 650 708.688 300 89
0 650 708.773 300 89
0 650 708.862 300 89
0 650 708.954 300 89
0 650 709.046 300 89
0 650 709.137 300 89
0 650 709.226 300 89
0 650 709.324 300 89
0 650 709.404 300 89
0 650 709.503 300 89
0 650 709.59 300 89
0 650 709.68 300 89
0 650 709.775 300 89
0 650 709.86 300 89
0 650 709.948 300 89
0 650 710.028 300 89
0 650 710.119 300 89
0 650 710.21 300 89
0 650 710.297 300 89
0 650 710.387 300 89
0 650 710.477 300 89
0 650 710.568 300 89
0 650 710.654 300 89
0 650 710.746 300 89
0 650 710.828 300 89
0 650 710.916 300 89
0 650 711.007 300 89
0 650 711.104 300 89
0 650 711.191 300 89
0 650 711.281 300 89
0 650 711.368 300 89
0 650 711.46 300 89
0 650 711.547 300 89
0 650 711.64 300 89
0 650 711.731 300 89
0 650 711.818 300 89
0 650 711.902 300 89
0 650 711.998 300 89
0 650 712.088 300 89
0 650 712.171 300 89
0 650 712.253 300 89
0 650 712.347 300 89
0 650 712.437 300 89
0 650 712.526 300 89
0 650 712.614 300 89
0 650 712.708 300 89
0 650 712.796 300 89
0 650 712.882 300 89
0 650 712.972 300 89
0 650 713.067 300 89
0 650 713.15 300 89
0 650 713.241 300 89
0 650 713.331 300 89
0 650 713.417 300 89
0 650 713.496 300 89
0 650 713.587 300 89
0 650 713.676 300 89
0 650 713.761 300 89
0 650 713.852 300 89
0 650 713.944 300 89
0 650 714.041 300 89
0 650 714.133 300 89
0 650 714.224 300 89
0 650 714.316 300 89
0 650 714.408 300 89
0 650 714.494 300 89
0 650 714.576 300 89
0 650 714.662 300 89
0 650 714.756 300 89
0 650 714.843 300 89
0 650 714.932 300 89
0 650 715.019 300 89
0 650 715.113 300 89
0 650 715.206 300 89
0 650 715.293 300 89
0 650 715.386 300 89
0 650 715.476 300 89
0 650 715.564 300 89
0 650 715.649 300 89
0 650 715.747 300 89
0 650 715.837 300 89
0 650 715.925 300 89
0 650 716.01 300 89
0 650 716.104 300 89
0 650 716.19 300 89
0 650 716.28 300 89
0 650 716.369 300 89
0 650 716.459 300 89
0 650 716.548 300 89
0 650 716.639 300 89
0 650 716.726 300 89
0 650 716.815 300 89
0 650 716.912 300 89
0 650 716.997 300 89
0 650 717.087 300 89
0 650 717.171 300 89
0 650 717.261 300 89
0 650 717.318 300 89
0 650 717.406 300 89
0 650 717.491 300 89
0 650 717.581 300 89
0 650 717.674 300 89
0 650 717.762 300 89
0 650 717.822 300 89
0 650 717.912 300 89
0 650 717.993 300 89
0 650 718.087 300 89
0 650 718.173 300 89
0 650 718.263 300 89
0 650 718.354 300 89
0 650 718.444 300 89
0 650 718.528 300 89
0 650 718.619 300 89
0 650 718.709 300 89
0 650 718.798 300 89
0 650 718.882 300 89
0 650 718.994 300 89
0 650 719.075 300 89
0 650 719.162 300 89
0 650 719.253 300 89
0 650 719.338 300 89
0 650 719.425 300 89
0 650 719.507 300 89
0 650 719.603 300 89
0 650 719.675 300 89
0 650 719.769 300 89
0 650 719.846 300 89
0 650 719.936 300 89
0 650 720.024 300 89
0 650 720.112 300 89
0 650 720.203 300 89
0 650 720.287 300 89
0 650 720.383 300 89
0 650 720.474 300 89
0 650 720.565 300 89
0 650 720.655 300 89
0 650 720.734 300 89
0 650 720.825 300 89
0 650 720.911 300 89
0 650 721 300 89
0 650 721.091 300 89
0 650 721.17 300 89
0 650 721.262 300 89
0 650 721.345 300 89
0 650 721.426 300 89
0 650 721.514 300 89
0 650 721.61 300 89
0 650 721.693 300 89
0 650 721.789 300 89
0 650 721.875 300 89
0 650 721.97 300 89
0 650 722.049 300 89
0 650 722.146 300 89
0 650 722.252 300 89
0 650 722.346 300 89
0 650 722.432 300 89
0 650 722.521 300 89
0 650 722.612 300 89
0 650 722.697 300 89
0 650 722.76 300 89
0 650 722.842 300 89
0 650 722.923 300 89
0 650 723.005 300 89
0 650 723.096 300 89
0 650 723.187 300 89
0 650 723.27 300 89
0 650 723.351 300 89
0 650 723.438 300 89
0 650 723.525 300 89
0 650 723.604 300 89
0 650 723.687 300 89
0 650 723.77 300 89
0 650 723.86 300 89
0 650 723.944 300 89
0 650 724.027 300 89
0 650 724.114 300 89
0 650 724.206 300 89
0 650 724.291 300 89
0 650 724.381 300 89
0 650 724.472 300 89
0 650 724.561 300 89
0 650 724.655 300 89
0 650 724.744 300 89
0 650 724.84 300 89
0 650 724.938 300 89
0 650 725.033 300 89
0 650 725.121 300 89
0 650 725.214 300 89
0 650 725.302 300 89
0 650 725.391 300 89
0 650 725.479 300 89
0 650 725.556 300 89
0 650 725.641 300 89
0 650 725.726 300 89
0 650 725.816 300 89
0 650 725.898 300 89
0 650 725.989 300 89
0 650 726.085 300 89
0 650 726.172 300 89
0 650 726.256 300 89
0 650 726.35 300 89
0 650 726.441 300 89
0 650 726.531 300 89
0 650 726.622 300 89
0 650 726.709 300 89
0 650 726.801 300 89
0 650 726.887 300 89
0 650 726.967 300 89
0 650 727.053 300 89
0 650 727.139 300 89
0 650 727.224 300 89
0 650 727.303 300 89
0 650 727.394 300 89
0 650 727.476 300 89
0 650 727.562 300 89
0 650 727.648 300 89
0 650 727.736 300 89
0 650 727.825 300 89
0 650 727.911 300 89
0 650 728.005 300 89
0 650 728.093 300 89
0 650 728.179 300 89
0 650 728.273 300 89
0 650 728.357 300 89
0 650 728.444 300 89
0 650 728.531 300 89
0 650 728.622 300 89
0 650 728.707 300 89
0 650 728.797 300 89
0 650 728.891 300 89
0 650 728.987 300 89
0 650 729.077 300 89
0 650 729.161 300 89
0 650 729.251 300 89
0 650 729.34 300 89
0 650 729.434 300 89
0 650 729.521 300 89
0 650 729.613 300 89
0 650 729.705 300 89
0 650 729.8 300 89
0 650 729.891 300 89
0 650 729.985 300 89
0 650 730.084 300 89
0 650 730.169 300 89
0 650 730.263 300 89
0 650 730.348 300 89
0 650 730.437 300 89
0 650 730.529 300 89
0 650 730.613 300 89
0 650 730.703 300 89
0 650 730.793 300 89
0 650 730.871 300 89
0 650 730.966 300 89
0 650 731.047 300 89
0 650 731.142 300 89
0 650 731.24 300 89
0 650 731.331 300 89
0 650 731.416 300 89
0 650 731.503 300 89
0 650 731.594 300 89
0 650 731.69 300 89
0 650 731.78 300 89
0 650 731.875 300 89
0 650 731.96 300 89
0 650 732.058 300 89
0 650 732.156 300 89
0 650 732.245 300 89
0 650 732.34 300 89
0 650 732.436 300 89
0 650 732.521 300 89
0 650 732.61 300 89
0 650 732.696 300 89
0 650 732.784 300 89
0 650 732.868 300 89
0 650 732.997 300 89
0 650 733.088 300 89
0 650 733.184 300 89
0 650 733.275 300 89
0 650 733.367 300 89
0 650 733.459 300 89
0 650 733.543 300 89
0 650 733.64 300 89
0 650 733.757 300 89
0 650 733.881 300 89
0 650 733.984 300 89
0 650 734.082 300 89
0 650 734.174 300 89
0 650 734.296 300 89
0 650 734.364 300 89
0 650 734.431 300 89
0 650 734.489 300 89
0 650 734.552 300 89
0 650 734.61 300 89
0 650 734.674 300 89
0 650 734.73 300 89
0 650 734.799 300 89
0 650 734.861 300 89
0 650 734.923 300 89
0 650 734.985 300 89
0 650 735.04 300 89
0 650 735.1 300 89
0 650 735.161 300 89
0 650 735.224 300 89
0 650 735.294 300 89
0 650 735.356 300 89
0 650 735.423 300 89
0 650 735.493 300 89
0 650 735.555 300 89
0 650 735.62 300 89
0 650 735.726 300 89
0 650 735.786 300 89
0 650 735.826 300 89
0 650 735.892 300 89
0 650 735.951 300 89
0 650 736.015 300 89
0 650 736.078 300 89
0 650 736.139 300 89
0 650 736.208 300 89
0 650 736.276 300 89
0 650 736.333 300 89
0 650 736.395 300 89
0 650 736.463 300 89
0 650 736.532 300 89
0 650 736.597 300 89
0 650 736.663 300 89
0 650 736.725 300 89
0 650 736.787 300 89
0 650 736.839 300 89
0 650 736.901 300 89
0 650 736.961 300 89
0 650 737.02 300 89
0 650 737.082 300 89
0 650 737.141 300 89
0 650 737.203 300 89
0 650 737.273 300 89
0 650 737.331 300 89
0 650 737.395 300 89
0 650 737.458 300 89
0 650 737.521 300 89
0 650 737.586 300 89
0 650 737.649 300 89
0 650 737.716 300 89
0 650 737.783 300 89
0 650 737.848 300 89
0 650 737.914 300 89
0 650 737.971 300 89
0 650 738.032 300 89
0 650 738.103 300 89
0 650 738.192 300 89
0 650 738.277 300 89
0 650 738.373 300 89
0 650 738.458 300 89
0 650 738.534 300 89
0 650 738.617 300 89
0 650 738.698 300 89
0 650 738.779 300 89
0 650 738.856 300 89
0 650 738.946 300 89
0 650 739.033 300 89
0 650 739.137 300 89
0 650 739.233 300 89
0 650 739.325 300 89
0 650 739.419 300 89
0 650 739.514 300 89
0 650 739.623 300 89
0 650 739.737 300 89
0 650 739.827 300 89
0 650 739.917 300 89
0 650 740.006 300 89
0 650 740.079 300 89
0 650 740.165 300 89
0 650 740.247 300 89
0 650 740.336 300 89
0 650 740.421 300 89
0 650 740.51 300 89
0 650 740.596 300 89
0 650 740.687 300 89
0 650 740.773 300 89
0 650 740.86 300 89
0 650 740.942 300 89
0 650 741.036 300 89
0 650 741.121 300 89
0 650 741.217 300 89
0 650 741.302 300 89
0 650 741.388 300 89
0 650 741.483 300 89
0 650 741.569 300 89
0 650 741.665 300 89
0 650 741.776 300 89
0 650 741.868 300 89
0 650 741.956 300 89
0 650 742.045 300 89
0 650 742.145 300 89
0 650 742.237 300 89
0 650 742.331 300 89
0 650 742.426 300 89
0 650 742.534 300 89
0 650 742.625 300 89
0 650 742.716 300 89
0 650 742.81 300 89
0 650 742.895 300 89
0 650 742.979 300 89
0 650 743.06 300 89
0 650 743.15 300 89
0 650 743.234 300 89
0 650 743.328 300 89
0 650 743.396 300 89
0 650 743.481 300 89
0 650 743.571 300 89
0 650 743.658 300 89
0 650 743.745 300 89
0 650 743.835 300 89
0 650 743.927 300 89
0 650 744.016 300 89
0 650 744.096 300 89
0 650 744.186 300 89
0 650 744.278 300 89
0 650 744.367 300 89
0 650 744.48 300 89
0 650 744.577 300 89
0 650 744.665 300 89
0 650 744.795 300 89
0 650 744.887 300 89
0 650 744.969 300 89
0 650 745.057 300 89
0 650 745.147 300 89
0 650 745.241 300 89
0 650 745.329 300 89
0 650 745.417 300 89
0 650 745.488 300 89
0 650 745.579 300 89
0 650 745.667 300 89
0 650 745.754 300 89
0 650 745.839 300 89
0 650 745.93 300 89
0 650 746.015 300 89
0 650 746.103 300 89
0 650 746.189 300 89
0 650 746.279 300 89
0 650 746.373 300 89
0 650 746.459 300 89
0 650 746.541 300 89
0 650 746.631 300 89
0 650 746.721 300 89
0 650 746.804 300 89
0 650 746.895 300 89
0 650 746.987 300 89
0 650 747.062 300 89
0 650 747.146 300 89
0 650 747.227 300 89
0 650 747.313 300 89
0 650 747.402 300 89
0 650 747.488 300 89
0 650 747.579 300 89
0 650 747.668 300 89
0 650 747.76 300 89
0 650 747.842 300 89
0 650 747.935 300 89
0 650 748.023 300 89
0 650 748.109 300 89
0 650 748.196 300 89
0 650 748.33 300 89
0 650 748.422 300 89
0 650 748.513 300 89
0 650 748.598 300 89
0 650 748.693 300 89
0 650 748.777 300 89
0 650 748.867 300 89
0 650 748.995 300 89
0 650 749.077 300 89
0 650 749.169 300 89
0 650 749.258 300 89
0 650 749.374 300 89
0 650 749.458 300 89
0 650 749.55 300 89
0 650 749.637 300 89
0 650 749.725 300 89
0 650 749.809 300 89
0 650 749.885 300 89
0 650 749.973 300 89
0 650 750.067 300 89
0 650 750.15 300 89
0 650 750.235 300 89
0 650 750.329 300 89
0 650 750.414 300 89
0 650 750.508 300 89
0 650 750.6 300 89
0 650 750.691 300 89
0 650 750.752 300 89
0 650 750.818 300 89
0 650 750.878 300 89
0 650 750.931 300 89
0 650 750.991 300 89
0 650 751.051 300 89
0 650 751.111 300 89
0 650 751.171 300 89
0 650 751.229 300 89
0 650 751.267 300 89
0 650 751.33 300 89
0 650 751.387 300 89
0 650 751.446 300 89
0 650 751.503 300 89
0 650 751.562 300 89
0 650 751.626 300 89
0 650 751.685 300 89
0 650 751.747 300 89
0 650 751.813 300 89
0 650 751.871 300 89
0 650 751.927 300 89
0 650 751.984 300 89
0 650 752.066 300 89
0 650 752.149 300 89
0 650 752.231 300 89
0 650 752.314 300 89
0 650 752.43 300 89
0 650 752.514 300 89
0 650 752.609 300 89
0 650 752.692 300 89
0 650 752.78 300 89
0 650 752.869 300 89
0 650 752.954 300 89
0 650 753.042 300 89
0 650 753.128 300 89
0 650 753.218 300 89
0 650 753.298 300 89
0 650 753.396 300 89
0 650 753.485 300 89
0 650 753.569 300 89
0 650 753.673 300 89
0 650 753.772 300 89
0 650 753.868 300 89
0 650 753.954 300 89
0 650 754.039 300 89
0 650 754.121 300 89
0 650 754.206 300 89
0 650 754.294 300 89
0 650 754.38 300 89
0 650 754.467 300 89
0 650 754.556 300 89
0 650 754.652 300 89
0 650 754.743 300 89
0 650 754.817 300 89
0 650 754.904 300 89
0 650 754.995 300 89
0 650 755.078 300 89
0 650 755.167 300 89
0 650 755.251 300 89
0 650 755.342 300 89
0 650 755.429 300 89
0 650 755.525 300 89
0 650 755.619 300 89
0 650 755.722 300 89
0 650 755.822 300 89
0 650 755.912 300 89
0 650 756.008 300 89
0 650 756.101 300 89
0 650 756.192 300 89
0 650 756.287 300 89
0 650 756.378 300 89
0 650 756.464 300 89
0 650 756.552 300 89
0 650 756.647 300 89
0 650 756.731 300 89
0 650 756.822 300 89
0 650 756.906 300 89
0 650 756.997 300 89
0 650 757.085 300 89
0 650 757.169 300 89
0 650 757.262 300 89
0 650 757.346 300 89
0 650 757.434 300 89
0 650 757.516 300 89
0 650 757.605 300 89
0 650 757.713 300 89
0 650 757.817 300 89
0 650 757.902 300 89
0 650 757.991 300 89
0 650 758.086 300 89
0 650 758.172 300 89
0 650 758.258 300 89
0 650 758.339 300 89
0 650 758.436 300 89
0 650 758.524 300 89
0 650 758.613 300 89
0 650 758.702 300 89
0 650 758.776 300 89
0 650 758.865 300 89
0 650 758.955 300 89
0 650 759.036 300 89
0 650 759.126 300 89
0 650 759.211 300 89
0 650 759.297 300 89
0 650 759.364 300 89
0 650 759.456 300 89
0 650 759.564 300 89
0 650 759.668 300 89
0 650 759.763 300 89
0 650 759.843 300 89
0 650 759.931 300 89
0 650 760.016 300 89
0 650 760.109 300 89
0 650 760.197 300 89
0 650 760.287 300 89
0 650 760.378 300 89
0 650 760.474 300 89
0 650 760.558 300 89
0 650 760.637 300 89
0 650 760.715 300 89
0 650 760.804 300 89
0 650 760.916 300 89
0 650 761.002 300 89
0 650 761.09 300 89
0 650 761.176 300 89
0 650 761.263 300 89
0 650 761.352 300 89
0 650 761.447 300 89
0 650 761.555 300 89
0 650 761.658 300 89
0 650 761.74 300 89
0 650 761.825 300 89
0 650 761.912 300 89
0 650 761.995 300 89
0 650 762.075 300 89
0 650 762.159 300 89
0 650 762.253 300 89
0 650 762.34 300 89
0 650 762.427 300 89
0 650 762.515 300 89
0 650 762.596 300 89
0 650 762.678 300 89
0 650 762.759 300 89
0 650 762.846 300 89
0 650 762.935 300 89
0 650 763.029 300 89
0 650 763.115 300 89
0 650 763.208 300 89
0 650 763.321 300 89
0 650 763.418 300 89
0 650 763.502 300 89
0 650 763.588 300 89
0 650 763.692 300 89
0 650 763.79 300 89
0 650 763.88 300 89
0 650 763.963 300 89
0 650 764.05 300 89
0 650 764.13 300 89
0 650 764.214 300 89
0 650 764.3 300 89
0 650 764.392 300 89
0 650 764.481 300 89
0 650 764.568 300 89
0 650 764.693 300 89
0 650 764.783 300 89
0 650 764.837 300 89
0 650 764.92 300 89
0 650 765.007 300 89
0 650 765.099 300 89
0 650 765.176 300 89
0 650 765.264 300 89
0 650 765.356 300 89
0 650 765.437 300 89
0 650 765.532 300 89
0 650 765.638 300 89
0 650 765.729 300 89
0 650 765.813 300 89
0 650 765.903 300 89
0 650 765.995 300 89
0 650 766.077 300 89
0 650 766.165 300 89
0 650 766.254 300 89
0 650 766.316 300 89
0 650 766.398 300 89
0 650 766.479 300 89
0 650 766.536 300 89
0 650 766.599 300 89
0 650 766.661 300 89
0 650 766.723 300 89
0 650 766.785 300 89
0 650 766.843 300 89
0 650 766.906 300 89
0 650 766.971 300 89
0 650 767.025 300 89
0 650 767.088 300 89
0 650 767.142 300 89
0 650 767.198 300 89
0 650 767.25 300 89
0 650 767.316 300 89
0 650 767.377 300 89
0 650 767.442 300 89
0 650 767.506 300 89
0 650 767.564 300 89
0 650 767.622 300 89
0 650 767.689 300 89
0 650 767.754 300 89
0 650 767.817 300 89
0 650 767.882 300 89
0 650 767.944 300 89
0 650 768.004 300 89
0 650 768.066 300 89
0 650 768.13 300 89
0 650 768.191 300 89
0 650 768.254 300 89
0 650 768.313 300 89
0 650 768.376 300 89
0 650 768.436 300 89
0 650 768.512 300 89
0 650 768.572 300 89
0 650 768.635 300 89
0 650 768.694 300 89
0 650 768.751 300 89
0 650 768.814 300 89
0 650 768.875 300 89
0 650 768.935 300 89
0 650 768.996 300 89
0 650 769.058 300 89
0 650 769.122 300 89
0 650 769.185 300 89
0 650 769.246 300 89
0 650 769.312 300 89
0 650 769.366 300 89
0 650 769.425 300 89
0 650 769.482 300 89
0 650 769.542 300 89
0 650 769.601 300 89
0 650 769.666 300 89
0 650 769.725 300 89
0 650 769.79 300 89
0 650 769.853 300 89
0 650 769.916 300 89
0 650 769.969 300 89
0 650 770.029 300 89
0 650 770.084 300 89
0 650 770.141 300 89
0 650 770.201 300 89
0 650 770.265 300 89
0 650 770.32 300 89
0 650 770.385 300 89
0 650 770.446 300 89
0 650 770.505 300 89
0 650 770.568 300 89
0 650 770.632 300 89
0 650 770.693 300 89
0 650 770.755 300 89
0 650 770.816 300 89
0 650 770.878 300 89
0 650 770.94 300 89
0 650 770.998 300 89
0 650 771.057 300 89
0 650 771.116 300 89
0 650 771.189 300 89
0 650 771.28 300 89
0 650 771.37 300 89
0 650 771.458 300 89
0 650 771.548 300 89
0 650 771.644 300 89
0 650 771.726 300 89
0 650 771.81 300 89
0 650 771.902 300 89
0 650 771.989 300 89
0 650 772.075 300 89
0 650 772.161 300 89
0 650 772.256 300 89
0 650 772.345 300 89
0 650 772.432 300 89
0 650 772.517 300 89
0 650 772.608 300 89
0 650 772.696 300 89
0 650 772.793 300 89
0 650 772.887 300 89
0 650 772.979 300 89
0 650 773.074 300 89
0 650 773.161 300 89
0 650 773.242 300 89
0 650 773.333 300 89
0 650 773.422 300 89
0 650 773.523 300 89
0 650 773.61 300 89
0 650 773.696 300 89
0 650 773.784 300 89
0 650 773.878 300 89
0 650 773.964 300 89
0 650 774.045 300 89
0 650 774.135 300 89
0 650 774.224 300 89
0 650 774.311 300 89
0 650 774.399 300 89
0 650 774.487 300 89
0 650 774.571 300 89
0 650 774.661 300 89
0 650 774.756 300 89
0 650 774.843 300 89
0 650 774.934 300 89
0 650 775.03 300 89
0 650 775.12 300 89
0 650 775.213 300 89
0 650 775.3 300 89
0 650 775.397 300 89
0 650 775.491 300 89
0 650 775.581 300 89
0 650 775.676 300 89
0 650 775.765 300 89
0 650 775.849 300 89
0 650 775.943 300 89
0 650 776.039 300 89
0 650 776.13 300 89
0 650 776.216 300 89
0 650 776.303 300 89
0 650 776.394 300 89
0 650 776.487 300 89
0 650 776.567 300 89
0 650 776.657 300 89
0 650 776.747 300 89
0 650 776.835 300 89
0 650 776.929 300 89
0 650 777.019 300 89
0 650 777.115 300 89
0 650 777.196 300 89
0 650 777.278 300 89
0 650 777.364 300 89
0 650 777.455 300 89
0 650 777.554 300 89
0 650 777.649 300 89
0 650 777.744 300 89
0 650 777.84 300 89
0 650 777.93 300 89
0 650 778.024 300 89
0 650 778.112 300 89
0 650 778.207 300 89
0 650 778.294 300 89
0 650 778.393 300 89
0 650 778.483 300 89
0 650 778.583 300 89
0 650 778.667 300 89
0 650 778.758 300 89
0 650 778.851 300 89
0 650 778.936 300 89
0 650 779.032 300 89
0 650 779.131 300 89
0 650 779.216 300 89
0 650 779.308 300 89
0 650 779.405 300 89
0 650 779.49 300 89
0 650 779.58 300 89
0 650 779.661 300 89
0 650 779.746 300 89
0 650 779.832 300 89
0 650 779.928 300 89
0 650 780.012 300 89
0 650 780.106 300 89
0 650 780.198 300 89
0 650 780.289 300 89
0 650 780.385 300 89
0 650 780.479 300 89
0 650 780.563 300 89
0 650 780.653 300 89
0 650 780.744 300 89
0 650 780.838 300 89
0 650 780.926 300 89
0 650 781.012 300 89
0 650 781.102 300 89
0 650 781.201 300 89
0 650 781.271 300 89
0 650 781.327 300 89
0 650 781.387 300 89
0 650 781.448 300 89
0 650 781.512 300 89
0 650 781.574 300 89
0 650 781.64 300 89
0 650 781.702 300 89
0 650 781.762 300 89
0 650 781.826 300 89
0 650 781.888 300 89
0 650 781.947 300 89
0 650 782.006 300 89
0 650 782.066 300 89
0 650 782.125 300 89
0 650 782.188 300 89
0 650 782.255 300 89
0 650 782.313 300 89
0 650 782.379 300 89
0 650 782.475 300 89
0 650 782.569 300 89
0 650 782.657 300 89
0 650 782.742 300 89
0 650 782.834 300 89
0 650 782.924 300 89
0 650 783.012 300 89
0 650 783.102 300 89
0 650 783.197 300 89
0 650 783.288 300 89
0 650 783.375 300 89
0 650 783.463 300 89
0 650 783.555 300 89
0 650 783.649 300 89
0 650 783.733 300 89
0 650 783.827 300 89
0 650 783.918 300 89
0 650 784.006 300 89
0 650 784.099 300 89
0 650 784.191 300 89
0 650 784.28 300 89
0 650 784.375 300 89
0 650 784.456 300 89
0 650 784.545 300 89
0 650 784.628 300 89
0 650 784.719 300 89
0 650 784.805 300 89
0 650 784.897 300 89
0 650 784.99 300 89
0 650 785.074 300 89
0 650 785.171 300 89
0 650 785.26 300 89
0 650 785.346 300 89
0 650 785.427 300 89
0 650 785.516 300 89
0 650 785.604 300 89
0 650 785.7 300 89
0 650 785.792 300 89
0 650 785.881 300 89
0 650 785.975 300 89
0 650 786.062 300 89
0 650 786.148 300 89
0 650 786.231 300 89
0 650 786.317 300 89
0 650 786.41 300 89
0 650 786.496 300 89
0 650 786.585 300 89
0 650 786.673 300 89
0 650 786.764 300 89
0 650 786.855 300 89
0 650 786.946 300 89
0 650 787.06 300 89
0 650 787.149 300 89
0 650 787.238 300 89
0 650 787.329 300 89
0 650 787.416 300 89
0 650 787.504 300 89
0 650 787.599 300 89
0 650 787.685 300 89
0 650 787.767 300 89
0 650 787.859 300 89
0 650 787.945 300 89
0 650 788.024 300 89
0 650 788.114 300 89
0 650 788.202 300 89
0 650 788.291 300 89
0 650 788.361 300 89
0 650 788.419 300 89
0 650 788.48 300 89
0 650 788.546 300 89
0 650 788.603 300 89
0 650 788.658 300 89
0 650 788.754 300 89
0 650 788.813 300 89
0 650 788.873 300 89
0 650 788.93 300 89
0 650 788.992 300 89
0 650 789.051 300 89
0 650 789.106 300 89
0 650 789.17 300 89
0 650 789.232 300 89
0 650 789.295 300 89
0 650 789.353 300 89
0 650 789.409 300 89
0 650 789.469 300 89
0 650 789.531 300 89
0 650 789.587 300 89
0 650 789.652 300 89
0 650 789.716 300 89
0 650 789.776 300 89
0 650 789.835 300 89
0 650 789.887 300 89
0 650 789.945 300 89
0 650 790.004 300 89
0 650 790.065 300 89
0 650 790.129 300 89
0 650 790.189 300 89
0 650 790.245 300 89
0 650 790.301 300 89
0 650 790.369 300 89
0 650 790.429 300 89
0 650 790.496 300 89
0 650 790.559 300 89
0 650 790.622 300 89
0 650 790.686 300 89
0 650 790.748 300 89
0 650 790.81 300 89
0 650 790.868 300 89
0 650 790.928 300 89
0 650 790.994 300 89
0 650 791.059 300 89
0 650 791.119 300 89
0 650 791.179 300 89
0 650 791.24 300 89
0 650 791.3 300 89
0 650 791.36 300 89
0 650 791.427 300 89
0 650 791.487 300 89
0 650 791.547 300 89
0 650 791.611 300 89
0 650 791.673 300 89
0 650 791.736 300 89
0 650 791.798 300 89
0 650 791.862 300 89
0 650 791.918 300 89
0 650 791.973 300 89
0 650 792.034 300 89
0 650 792.095 300 89
0 650 792.153 300 89
0 650 792.215 300 89
0 650 792.278 300 89
0 650 792.354 300 89
0 650 792.418 300 89
0 650 792.483 300 89
0 650 792.549 300 89
0 650 792.61 300 89
0 650 792.679 300 89
0 650 792.74 300 89
0 650 792.805 300 89
0 650 792.868 300 89
0 650 792.928 300 89
0 650 792.988 300 89
0 650 793.048 300 89
0 650 793.107 300 89
0 650 793.176 300 89
0 650 793.262 300 89
0 650 793.358 300 89
0 650 793.453 300 89
0 650 793.539 300 89
0 650 793.619 300 89
0 650 793.715 300 89
0 650 793.811 300 89
0 650 793.897 300 89
0 650 793.991 300 89
0 650 794.078 300 89
0 650 794.167 300 89
0 650 794.258 300 89
0 650 794.338 300 89
0 650 794.431 300 89
0 650 794.517 300 89
0 650 794.606 300 89
0 650 794.699 300 89
0 650 794.784 300 89
0 650 794.865 300 89
0 650 794.957 300 89
0 650 795.047 300 89
0 650 795.13 300 89
0 650 795.213 300 89
0 650 795.299 300 89
0 650 795.387 300 89
0 650 795.466 300 89
0 650 795.553 300 89
0 650 795.644 300 89
0 650 795.743 300 89
0 650 795.841 300 89
0 650 795.933 300 89
0 650 796.025 300 89
0 650 796.102 300 89
0 650 796.197 300 89
0 650 796.293 300 89
0 650 796.39 300 89
0 650 796.477 300 89
0 650 796.567 300 89
0 650 796.65 300 89
0 650 796.748 300 89
0 650 796.83 300 89
0 650 796.92 300 89
0 650 797.008 300 89
0 650 797.063 300 89
0 650 797.126 300 89
0 650 797.191 300 89
0 650 797.254 300 89
0 650 797.305 300 89
0 650 797.358 300 89
0 650 797.422 300 89
0 650 797.48 300 89
0 650 797.538 300 89
0 650 797.594 300 89
0 650 797.656 300 89
0 650 797.737 300 89
0 650 797.827 300 89
0 650 797.909 300 89
0 650 797.991 300 89
0 650 798.074 300 89
0 650 798.163 300 89
0 650 798.251 300 89
0 650 798.341 300 89
0 650 798.429 300 89
0 650 798.513 300 89
0 650 798.602 300 89
0 650 798.686 300 89
0 650 798.768 300 89
0 650 798.855 300 89
0 650 798.944 300 89
0 650 799.029 300 89
0 650 799.118 300 89
0 650 799.205 300 89
0 650 799.29 300 89
0 650 799.379 300 89
0 650 799.469 300 89
0 650 799.563 300 89
0 650 799.646 300 89
0 650 799.724 300 89
0 650 799.818 300 89
0 650 799.905 300 89
0 650 799.99 300 89
