0 773.2 0.014706 300 0
0 661.2 0.017826 0
0 661.2 0.07661 300 89
0 655.6 0.111344 89
0 655.6 0.151548 300 89
0 655.6 0.209124 300 89
0 655.6 0.265332 300 89
0 655.6 0.321202 300 89
0 655.6 0.373968 300 89
0 655.6 0.429486 300 89
0 655.6 0.482367 300 89
0 655.6 0.547192 300 89
0 655.6 0.59549 300 89
0 655.6 0.648747 300 89
0 655.6 0.705097 300 89
0 655.6 0.757858 300 89
0 655.6 0.811012 300 89
0 655.6 0.864822 300 89
0 655.6 0.920107 300 89
0 655.6 0.973862 300 89
0 655.6 1.02764 300 89
0 655.6 1.08601 300 89
0 655.6 1.13868 300 89
0 655.6 1.18847 300 89
0 655.6 1.24238 300 89
0 655.6 1.29955 300 89
0 655.6 1.35555 300 89
0 655.6 1.41397 300 89
0 655.6 1.46748 300 89
0 655.6 1.52078 300 89
0 655.6 1.57318 300 89
0 655.6 1.62947 300 89
0 655.6 1.68517 300 89
0 655.6 1.74136 300 89
0 655.6 1.79354 300 89
0 655.6 1.84175 300 89
0 655.6 1.90172 300 89
0 655.6 1.9563 300 89
0 655.6 2.01445 300 89
0 655.6 2.07143 300 89
0 655.6 2.12559 300 89
0 655.6 2.18247 300 89
0 655.6 2.2417 300 89
0 655.6 2.29824 300 89
0 655.6 2.35713 300 89
0 655.6 2.41573 300 89
0 655.6 2.47623 300 89
0 655.6 2.53325 300 89
0 655.6 2.59505 300 89
0 655.6 2.6495 300 89
0 655.6 2.70894 300 89
0 655.6 2.76769 300 89
0 655.6 2.82257 300 89
0 655.6 2.87866 300 89
0 655.6 2.93783 300 89
0 655.6 2.99661 300 89
0 655.6 3.05286 300 89
0 655.6 3.11306 300 89
0 655.6 3.16527 300 89
0 655.6 3.21957 300 89
0 655.6 3.27481 300 89
0 655.6 3.3344 300 89
0 655.6 3.39774 300 89
0 655.6 3.44973 300 89
0 655.6 3.50585 300 89
0 655.6 3.57075 300 89
0 655.6 3.62565 300 89
0 655.6 3.68196 300 89
0 655.6 3.7352 300 89
0 655.6 3.79377 300 89
0 655.6 3.84563 300 89
0 655.6 3.89873 300 89
0 655.6 3.98412 300 89
0 655.6 4.03498 300 89
0 655.6 4.08849 300 89
0 655.6 4.15185 300 89
0 655.6 4.20095 300 89
0 655.6 4.26125 300 89
0 655.6 4.31418 300 89
0 655.6 4.37059 300 89
0 655.6 4.43316 300 89
0 655.6 4.48389 300 89
0 655.6 4.54404 300 89
0 655.6 4.59793 300 89
0 655.6 4.65449 300 89
0 655.6 4.71492 300 89
0 655.6 4.77466 300 89
0 655.6 4.84032 300 89
0 655.6 4.89757 300 89
0 655.6 4.95668 300 89
0 655.6 5.01293 300 89
0 655.6 5.06799 300 89
0 655.6 5.12689 300 89
0 655.6 5.18878 300 89
0 655.6 5.24826 300 89
0 655.6 5.30189 300 89
0 655.6 5.35979 300 89
0 655.6 5.41601 300 89
0 655.6 5.47319 300 89
0 655.6 5.53272 300 89
0 655.6 5.58748 300 89
0 655.6 5.64497 300 89
0 655.6 5.7023 300 89
0 655.6 5.7593 300 89
0 655.6 5.81313 300 89
0 655.6 5.8697 300 89
0 655.6 5.9275 300 89
0 655.6 5.98756 300 89
0 655.6 6.04658 300 89
0 655.6 6.10675 300 89
0 655.6 6.16444 300 89
0 655.6 6.22892 300 89
0 655.6 6.29201 300 89
0 655.6 6.35529 300 89
0 655.6 6.42146 300 89
0 655.6 6.48126 300 89
0 655.6 6.54455 300 89
0 655.6 6.60805 300 89
0 655.6 6.66862 300 89
0 655.6 6.72894 300 89
0 655.6 6.7851 300 89
0 655.6 6.84288 300 89
0 655.6 6.9058 300 89
0 655.6 6.965 300 89
0 655.6 7.0273 300 89
0 655.6 7.12313 300 89
0 655.6 7.18286 300 89
0 655.6 7.24531 300 89
0 655.6 7.3093 300 89
0 655.6 7.37038 300 89
0 655.6 7.43123 300 89
0 655.6 7.48931 300 89
0 655.6 7.5511 300 89
0 655.6 7.61114 300 89
0 655.6 7.67452 300 89
0 655.6 7.73475 300 89
0 655.6 7.79668 300 89
0 655.6 7.8616 300 89
0 655.6 7.91993 300 89
0 655.6 7.97815 300 89
0 655.6 8.04093 300 89
0 655.6 8.10127 300 89
0 655.6 8.15875 300 89
0 655.6 8.2204 300 89
0 655.6 8.27984 300 89
0 655.6 8.33488 300 89
0 655.6 8.39779 300 89
0 655.6 8.45838 300 89
0 655.6 8.51905 300 89
0 655.6 8.58149 300 89
0 655.6 8.64477 300 89
0 655.6 8.70798 300 89
0 655.6 8.76594 300 89
0 655.6 8.8344 300 89
0 655.6 8.89124 300 89
0 655.6 8.95514 300 89
0 655.6 9.02067 300 89
0 655.6 9.0869 300 89
0 655.6 9.15254 300 89
0 655.6 9.22001 300 89
0 655.6 9.28676 300 89
0 655.6 9.34738 300 89
0 655.6 9.41521 300 89
0 655.6 9.47127 300 89
0 655.6 9.53845 300 89
0 655.6 9.60398 300 89
0 655.6 9.6686 300 89
0 655.6 9.73101 300 89
0 655.6 9.79217 300 89
0 655.6 9.86516 300 89
0 655.6 9.92042 300 89
0 655.6 9.98101 300 89
0 655.6 10.0423 300 89
0 655.6 10.113 300 89
0 655.6 10.1725 300 89
0 655.6 10.2333 300 89
0 655.6 10.3038 300 89
0 655.6 10.3773 300 89
0 655.6 10.4411 300 89
0 655.6 10.5073 300 89
0 655.6 10.5683 300 89
0 655.6 10.6343 300 89
0 655.6 10.7431 300 89
0 655.6 10.8446 300 89
0 655.6 10.9535 300 89
0 655.6 11.0511 300 89
0 655.6 11.1512 300 89
0 655.6 11.2496 300 89
0 655.6 11.3517 300 89
0 655.6 11.4458 300 89
0 655.6 11.5484 300 89
0 655.6 11.6551 300 89
0 655.6 11.7541 300 89
0 655.6 11.853 300 89
0 655.6 11.9476 300 89
0 655.6 12.0572 300 89
0 655.6 12.142 300 89
0 655.6 12.2509 300 89
0 655.6 12.3513 300 89
0 655.6 12.445 300 89
0 655.6 12.5432 300 89
0 655.6 12.6471 300 89
0 655.6 12.7502 300 89
0 655.6 12.8697 300 89
0 655.6 13.0143 300 89
0 655.6 13.1166 300 89
0 655.6 13.2152 300 89
0 655.6 13.3148 300 89
0 655.6 13.4162 300 89
0 655.6 13.5132 300 89
0 655.6 13.6261 300 89
0 655.6 13.7584 300 89
0 655.6 13.893 300 89
0 655.6 14.0281 300 89
0 655.6 14.1697 300 89
0 655.6 14.2982 300 89
0 655.6 14.4282 300 89
0 655.6 14.5664 300 89
0 655.6 14.7045 300 89
0 655.6 14.848 300 89
0 655.6 14.9867 300 89
0 655.6 15.1332 300 89
0 655.6 15.2632 300 89
0 655.6 15.3954 300 89
0 655.6 15.5362 300 89
0 655.6 15.6695 300 89
0 655.6 15.7947 300 89
0 655.6 15.9227 300 89
0 655.6 16.0649 300 89
0 655.6 16.2028 300 89
0 655.6 16.3541 300 89
0 655.6 16.4877 300 89
0 655.6 16.6294 300 89
0 655.6 16.7569 300 89
0 655.6 16.8998 300 89
0 655.6 17.0423 300 89
0 655.6 17.1646 300 89
0 655.6 17.2971 300 89
0 655.6 17.4242 300 89
0 655.6 17.561 300 89
0 655.6 17.6802 300 89
0 655.6 17.8104 300 89
0 655.6 17.9511 300 89
0 655.6 18.084 300 89
0 655.6 18.213 300 89
0 655.6 18.3593 300 89
0 655.6 18.4878 300 89
0 655.6 18.6122 300 89
0 655.6 18.7281 300 89
0 655.6 18.811 300 89
0 655.6 18.9505 300 89
0 655.6 19.088 300 89
0 655.6 19.2178 300 89
0 655.6 19.3454 300 89
0 655.6 19.4736 300 89
0 655.6 19.6115 300 89
0 655.6 19.7403 300 89
0 655.6 19.8788 300 89
0 655.6 20.0115 300 89
0 655.6 20.1449 300 89
0 655.6 20.2749 300 89
0 655.6 20.4143 300 89
0 655.6 20.5337 300 89
0 655.6 20.6717 300 89
0 655.6 20.79 300 89
0 655.6 20.9092 300 89
0 655.6 21.0372 300 89
0 655.6 21.1767 300 89
0 655.6 21.3182 300 89
0 655.6 21.4555 300 89
0 655.6 21.5979 300 89
0 655.6 21.7433 300 89
0 655.6 21.8678 300 89
0 655.6 21.9949 300 89
0 655.6 22.1286 300 89
0 655.6 22.2534 300 89
0 655.6 22.3878 300 89
0 655.6 22.5252 300 89
0 655.6 22.652 300 89
0 655.6 22.7855 300 89
0 655.6 22.928 300 89
0 655.6 23.0635 300 89
0 655.6 23.193 300 89
0 655.6 23.3273 300 89
0 655.6 23.4636 300 89
0 655.6 23.5981 300 89
0 655.6 23.7339 300 89
0 655.6 23.88 300 89
0 655.6 23.9994 300 89
0 655.6 24.1217 300 89
0 655.6 24.254 300 89
0 655.6 24.3806 300 89
0 655.6 24.5076 300 89
0 655.6 24.6353 300 89
0 655.6 24.7698 300 89
0 655.6 24.8997 300 89
0 655.6 25.0163 300 89
0 655.6 25.1428 300 89
0 655.6 25.2857 300 89
0 655.6 25.4138 300 89
0 655.6 25.5448 300 89
0 655.6 25.6797 300 89
0 655.6 25.803 300 89
0 655.6 25.9217 300 89
0 655.6 26.0446 300 89
0 655.6 26.173 300 89
0 655.6 26.3008 300 89
0 655.6 26.435 300 89
0 655.6 26.6315 300 89
0 655.6 26.7612 300 89
0 655.6 26.897 300 89
0 655.6 27.0247 300 89
0 655.6 27.1538 300 89
0 655.6 27.2877 300 89
0 655.6 27.4185 300 89
0 655.6 27.5513 300 89
0 655.6 27.6916 300 89
0 655.6 27.8343 300 89
0 655.6 27.9637 300 89
0 655.6 28.096 300 89
0 655.6 28.23 300 89
0 655.6 28.3729 300 89
0 655.6 28.5102 300 89
0 655.6 28.6323 300 89
0 655.6 28.772 300 89
0 655.6 28.92 300 89
0 655.6 29.048 300 89
0 655.6 29.1691 300 89
0 655.6 29.2947 300 89
0 655.6 29.4289 300 89
0 655.6 29.5663 300 89
0 655.6 29.6814 300 89
0 655.6 29.8103 300 89
0 655.6 29.9506 300 89
0 655.6 30.0819 300 89
0 655.6 30.2218 300 89
0 655.6 30.355 300 89
0 655.6 30.4848 300 89
0 655.6 30.6115 300 89
0 655.6 30.747 300 89
0 655.6 30.8771 300 89
0 655.6 30.9999 300 89
0 655.6 31.1339 300 89
0 655.6 31.2577 300 89
0 655.6 31.3651 300 89
0 655.6 31.491 300 89
0 655.6 31.6053 300 89
0 655.6 31.7311 300 89
0 655.6 31.8517 300 89
0 655.6 31.985 300 89
0 655.6 32.1013 300 89
0 655.6 32.2132 300 89
0 655.6 32.3238 300 89
0 655.6 32.4408 300 89
0 655.6 32.5537 300 89
0 655.6 32.6882 300 89
0 655.6 32.7949 300 89
0 655.6 32.9245 300 89
0 655.6 33.0468 300 89
0 655.6 33.1862 300 89
0 655.6 33.318 300 89
0 655.6 33.4301 300 89
0 655.6 33.5527 300 89
0 655.6 33.663 300 89
0 655.6 33.7779 300 89
0 655.6 33.8966 300 89
0 655.6 34.0203 300 89
0 655.6 34.1323 300 89
0 655.6 34.2474 300 89
0 655.6 34.369 300 89
0 655.6 34.4796 300 89
0 655.6 34.6034 300 89
0 655.6 34.7286 300 89
0 655.6 34.8589 300 89
0 655.6 34.9649 300 89
0 655.6 35.0742 300 89
0 655.6 35.2066 300 89
0 655.6 35.3209 300 89
0 655.6 35.4545 300 89
0 655.6 35.5718 300 89
0 655.6 35.6907 300 89
0 655.6 35.7787 300 89
0 655.6 35.9015 300 89
0 655.6 36.0156 300 89
0 655.6 36.1415 300 89
0 655.6 36.2718 300 89
0 655.6 36.4 300 89
0 655.6 36.5227 300 89
0 655.6 36.6513 300 89
0 655.6 36.7819 300 89
0 655.6 36.9149 300 89
0 655.6 37.0349 300 89
0 655.6 37.1604 300 89
0 655.6 37.2639 300 89
0 655.6 37.381 300 89
0 655.6 37.5017 300 89
0 655.6 37.6197 300 89
0 655.6 37.739 300 89
0 655.6 37.8544 300 89
0 655.6 37.9726 300 89
0 655.6 38.0875 300 89
0 655.6 38.2158 300 89
0 655.6 38.328 300 89
0 655.6 38.4435 300 89
0 655.6 38.5661 300 89
0 655.6 38.688 300 89
0 655.6 38.8002 300 89
0 655.6 38.9188 300 89
0 655.6 39.0351 300 89
0 655.6 39.1551 300 89
0 655.6 39.2676 300 89
0 655.6 39.3833 300 89
0 655.6 39.5104 300 89
0 655.6 39.6322 300 89
0 655.6 39.7172 300 89
0 655.6 39.841 300 89
0 655.6 39.9621 300 89
0 655.6 40.0864 300 89
0 655.6 40.204 300 89
0 655.6 40.3202 300 89
0 655.6 40.4363 300 89
0 655.6 40.5346 300 89
0 655.6 40.6611 300 89
0 655.6 40.7775 300 89
0 655.6 40.8887 300 89
0 655.6 41.009 300 89
0 655.6 41.1251 300 89
0 655.6 41.2322 300 89
0 655.6 41.3515 300 89
0 655.6 41.4672 300 89
0 655.6 41.5884 300 89
0 655.6 41.7142 300 89
0 655.6 41.8192 300 89
0 655.6 41.9512 300 89
0 655.6 42.0718 300 89
0 655.6 42.1953 300 89
0 655.6 42.3102 300 89
0 655.6 42.4403 300 89
0 655.6 42.5755 300 89
0 655.6 42.7022 300 89
0 655.6 42.831 300 89
0 655.6 42.9503 300 89
0 655.6 43.0777 300 89
0 655.6 43.1955 300 89
0 655.6 43.3011 300 89
0 655.6 43.4241 300 89
0 655.6 43.5143 300 89
0 655.6 43.6338 300 89
0 655.6 43.758 300 89
0 655.6 43.8735 300 89
0 655.6 43.9906 300 89
0 655.6 44.0966 300 89
0 655.6 44.2079 300 89
0 655.6 44.318 300 89
0 655.6 44.4236 300 89
0 655.6 44.5354 300 89
0 655.6 44.6427 300 89
0 655.6 44.7449 300 89
0 655.6 44.8414 300 89
0 655.6 44.926 300 89
0 655.6 45.0181 300 89
0 655.6 45.1028 300 89
0 655.6 45.1899 300 89
0 655.6 45.2797 300 89
0 655.6 45.3607 300 89
0 655.6 45.447 300 89
0 655.6 45.5323 300 89
0 655.6 45.6115 300 89
0 655.6 45.6895 300 89
0 655.6 45.7714 300 89
0 655.6 45.8659 300 89
0 655.6 45.9607 300 89
0 655.6 46.0523 300 89
0 655.6 46.1944 300 89
0 655.6 46.3089 300 89
0 655.6 46.5201 300 89
0 655.6 46.5781 300 89
0 655.6 46.6376 300 89
0 655.6 46.7015 300 89
0 655.6 46.7654 300 89
0 655.6 46.8286 300 89
0 655.6 46.8877 300 89
0 655.6 46.956 300 89
0 655.6 47.0199 300 89
0 655.6 47.0855 300 89
0 655.6 47.1538 300 89
0 655.6 47.2114 300 89
0 655.6 47.2735 300 89
0 655.6 47.3396 300 89
0 655.6 47.401 300 89
0 655.6 47.4634 300 89
0 655.6 47.5232 300 89
0 655.6 47.5888 300 89
0 655.6 47.6547 300 89
0 655.6 47.7129 300 89
0 655.6 47.7746 300 89
0 655.6 47.8625 300 89
0 655.6 48.0094 300 89
0 655.6 48.2724 300 89
0 655.6 48.6178 300 89
0 655.6 48.849 300 89
0 655.6 49.0063 300 89
0 655.6 49.1087 300 89
0 655.6 49.1992 300 89
0 655.6 49.2886 300 89
0 655.6 49.3832 300 89
0 655.6 49.4642 300 89
0 655.6 49.5459 300 89
0 655.6 49.6771 300 89
0 655.6 49.7973 300 89
0 655.6 49.8878 300 89
0 655.6 50.1048 300 89
0 655.6 50.2424 300 89
0 655.6 50.3715 300 89
0 655.6 50.4765 300 89
0 655.6 50.5794 300 89
0 655.6 50.7021 300 89
0 655.6 50.7988 300 89
0 655.6 50.8885 300 89
0 655.6 50.9908 300 89
0 655.6 51.091 300 89
0 655.6 51.1985 300 89
0 655.6 51.3039 300 89
0 655.6 51.3868 300 89
0 655.6 51.4647 300 89
0 655.6 51.5414 300 89
0 655.6 51.6209 300 89
0 655.6 51.6978 300 89
0 655.6 51.7794 300 89
0 655.6 51.8781 300 89
0 655.6 51.9724 300 89
0 655.6 52.0545 300 89
0 655.6 52.1454 300 89
0 655.6 52.2295 300 89
0 655.6 52.314 300 89
0 655.6 52.407 300 89
0 655.6 52.4882 300 89
0 655.6 52.5757 300 89
0 655.6 52.6721 300 89
0 655.6 52.7648 300 89
0 655.6 52.8645 300 89
0 655.6 52.9825 300 89
0 655.6 53.0874 300 89
0 655.6 53.2059 300 89
0 655.6 53.3101 300 89
0 655.6 53.3935 300 89
0 655.6 53.4951 300 89
0 655.6 53.5759 300 89
0 655.6 53.6644 300 89
0 655.6 53.7526 300 89
0 655.6 53.8414 300 89
0 655.6 53.9307 300 89
0 655.6 54.0137 300 89
0 655.6 54.1201 300 89
0 655.6 54.3307 300 89
0 655.6 54.6466 300 89
0 655.6 54.8157 300 89
0 655.6 54.9481 300 89
0 655.6 55.0998 300 89
0 655.6 55.1946 300 89
0 655.6 55.2922 300 89
0 655.6 55.3826 300 89
0 655.6 55.4791 300 89
0 655.6 55.5787 300 89
0 655.6 55.6713 300 89
0 655.6 55.7574 300 89
0 655.6 55.8715 300 89
0 655.6 55.9781 300 89
0 655.6 56.2251 300 89
0 655.6 56.4301 300 89
0 655.6 56.5533 300 89
0 655.6 56.6631 300 89
0 655.6 56.7628 300 89
0 655.6 56.8748 300 89
0 655.6 56.982 300 89
0 655.6 57.0553 300 89
0 655.6 57.1379 300 89
0 655.6 57.2163 300 89
0 655.6 57.3022 300 89
0 655.6 57.38 300 89
0 655.6 57.4719 300 89
0 655.6 57.5604 300 89
0 655.6 57.6487 300 89
0 655.6 57.7379 300 89
0 655.6 57.8274 300 89
0 655.6 57.9162 300 89
0 655.6 58.0049 300 89
0 655.6 58.0911 300 89
0 655.6 58.2276 300 89
0 655.6 58.3252 300 89
0 655.6 58.4253 300 89
0 655.6 58.5127 300 89
0 655.6 58.5982 300 89
0 655.6 58.6953 300 89
0 655.6 58.8046 300 89
0 655.6 58.8779 300 89
0 655.6 58.9914 300 89
0 655.6 59.0797 300 89
0 655.6 59.1576 300 89
0 655.6 59.2398 300 89
0 655.6 59.353 300 89
0 655.6 59.4888 300 89
0 655.6 59.5811 300 89
0 655.6 59.691 300 89
0 655.6 59.7775 300 89
0 655.6 59.8641 300 89
0 655.6 59.9447 300 89
0 655.6 60.0308 300 89
0 655.6 60.1141 300 89
0 655.6 60.2007 300 89
0 655.6 60.2825 300 89
0 655.6 60.3714 300 89
0 655.6 60.4604 300 89
0 655.6 60.5464 300 89
0 655.6 60.6334 300 89
0 655.6 60.7217 300 89
0 655.6 60.8287 300 89
0 655.6 60.9288 300 89
0 655.6 61.0291 300 89
0 655.6 61.1153 300 89
0 655.6 61.2021 300 89
0 655.6 61.3222 300 89
0 655.6 61.4251 300 89
0 655.6 61.5206 300 89
0 655.6 61.6118 300 89
0 655.6 61.7011 300 89
0 655.6 61.7777 300 89
0 655.6 61.863 300 89
0 655.6 61.9433 300 89
0 655.6 62.0323 300 89
0 655.6 62.1254 300 89
0 655.6 62.2126 300 89
0 655.6 62.2985 300 89
0 655.6 62.3854 300 89
0 655.6 62.4763 300 89
0 655.6 62.5696 300 89
0 655.6 62.6599 300 89
0 655.6 62.746 300 89
0 655.6 62.8356 300 89
0 655.6 62.9222 300 89
0 655.6 63.0051 300 89
0 655.6 63.1065 300 89
0 655.6 63.2145 300 89
0 655.6 63.3109 300 89
0 655.6 63.4082 300 89
0 655.6 63.5183 300 89
0 655.6 63.6407 300 89
0 655.6 63.7522 300 89
0 655.6 63.8475 300 89
0 655.6 63.9341 300 89
0 655.6 64.0119 300 89
0 655.6 64.1026 300 89
0 655.6 64.1883 300 89
0 655.6 64.2677 300 89
0 655.6 64.3561 300 89
0 655.6 64.467 300 89
0 655.6 64.5486 300 89
0 655.6 64.633 300 89
0 655.6 64.7198 300 89
0 655.6 64.809 300 89
0 655.6 64.8962 300 89
0 655.6 64.981 300 89
0 655.6 65.0836 300 89
0 655.6 65.1778 300 89
0 655.6 65.2731 300 89
0 655.6 65.3698 300 89
0 650 65.4605 89
0 650 65.5358 300 89
0 650 65.632 300 89
0 650 65.7381 300 89
0 650 65.8565 300 89
0 650 65.9596 300 89
0 650 66.0436 300 89
0 650 66.1298 300 89
0 650 66.2187 300 89
0 650 66.3388 300 89
0 650 66.4509 300 89
0 650 66.5441 300 89
0 650 66.6332 300 89
0 650 66.7026 300 89
0 650 66.7869 300 89
0 650 66.8686 300 89
0 650 66.956 300 89
0 650 67.0453 300 89
0 650 67.141 300 89
0 650 67.2239 300 89
0 650 67.3094 300 89
0 650 67.4001 300 89
0 650 67.4821 300 89
0 650 67.5682 300 89
0 650 67.6542 300 89
0 650 67.7381 300 89
0 650 67.8109 300 89
0 650 67.9025 300 89
0 650 67.9919 300 89
0 650 68.0787 300 89
0 650 68.1855 300 89
0 650 68.2923 300 89
0 650 68.3921 300 89
0 650 68.4516 300 89
0 650 68.5507 300 89
0 650 68.69 300 89
0 650 68.7624 300 89
0 650 68.8486 300 89
0 650 68.9367 300 89
0 650 69.0232 300 89
0 650 69.106 300 89
0 650 69.182 300 89
0 650 69.2698 300 89
0 650 69.3529 300 89
0 650 69.4374 300 89
0 650 69.5208 300 89
0 650 69.6198 300 89
0 650 69.7096 300 89
0 650 69.7944 300 89
0 650 69.8825 300 89
0 650 69.965 300 89
0 650 70.0591 300 89
0 650 70.1482 300 89
0 650 70.2335 300 89
0 650 70.3239 300 89
0 650 70.4028 300 89
0 650 70.486 300 89
0 650 70.5478 300 89
0 650 70.6374 300 89
0 650 70.721 300 89
0 650 70.8058 300 89
0 650 70.9197 300 89
0 650 71.0415 300 89
0 650 71.2186 300 89
0 650 71.3989 300 89
0 650 71.5515 300 89
0 650 71.618 300 89
0 650 71.6878 300 89
0 650 71.7537 300 89
0 650 71.8141 300 89
0 650 71.8671 300 89
0 650 71.9329 300 89
0 650 71.9935 300 89
0 650 72.0489 300 89
0 650 72.1099 300 89
0 650 72.173 300 89
0 650 72.2392 300 89
0 650 72.3038 300 89
0 650 72.3697 300 89
0 650 72.4334 300 89
0 650 72.4923 300 89
0 650 72.5493 300 89
0 650 72.6386 300 89
0 650 72.7293 300 89
0 650 72.8192 300 89
0 650 72.9127 300 89
0 650 72.9731 300 89
0 650 73.0362 300 89
0 650 73.0975 300 89
0 650 73.1566 300 89
0 650 73.2229 300 89
0 650 73.2946 300 89
0 650 73.3563 300 89
0 650 73.418 300 89
0 650 73.4726 300 89
0 650 73.5359 300 89
0 650 73.5982 300 89
0 650 73.6542 300 89
0 650 73.7162 300 89
0 650 73.7782 300 89
0 650 73.8501 300 89
0 650 73.9125 300 89
0 650 73.9745 300 89
0 650 74.0402 300 89
0 650 74.1033 300 89
0 650 74.1665 300 89
0 650 74.2267 300 89
0 650 74.2903 300 89
0 650 74.3602 300 89
0 650 74.4352 300 89
0 650 74.5227 300 89
0 650 74.613 300 89
0 650 74.7041 300 89
0 650 74.7906 300 89
0 650 74.8614 300 89
0 650 74.926 300 89
0 650 74.982 300 89
0 650 75.0464 300 89
0 650 75.1328 300 89
0 650 75.2164 300 89
0 650 75.3 300 89
0 650 75.3905 300 89
0 650 75.4697 300 89
0 650 75.5313 300 89
0 650 75.598 300 89
0 650 75.6849 300 89
0 650 75.7439 300 89
0 650 75.7976 300 89
0 650 75.8588 300 89
0 650 75.9178 300 89
0 650 75.9895 300 89
0 650 76.0483 300 89
0 650 76.1136 300 89
0 650 76.1757 300 89
0 650 76.2391 300 89
0 650 76.2999 300 89
0 650 76.366 300 89
0 650 76.4267 300 89
0 650 76.4984 300 89
0 650 76.5595 300 89
0 650 76.6215 300 89
0 650 76.684 300 89
0 650 76.7467 300 89
0 650 76.8109 300 89
0 650 76.8723 300 89
0 650 76.9386 300 89
0 650 77.0044 300 89
0 650 77.0741 300 89
0 650 77.136 300 89
0 650 77.1983 300 89
0 650 77.2603 300 89
0 650 77.3214 300 89
0 650 77.3867 300 89
0 650 77.4505 300 89
0 650 77.5131 300 89
0 650 77.5893 300 89
0 650 77.6771 300 89
0 650 77.787 300 89
0 650 77.8722 300 89
0 650 77.9552 300 89
0 650 78.0367 300 89
0 650 78.1127 300 89
0 650 78.2015 300 89
0 650 78.2789 300 89
0 650 78.3761 300 89
0 650 78.5093 300 89
0 650 78.5862 300 89
0 650 78.6663 300 89
0 650 78.7481 300 89
0 650 78.8383 300 89
0 650 78.9246 300 89
0 650 79.0064 300 89
0 650 79.0904 300 89
0 650 79.1737 300 89
0 650 79.257 300 89
0 650 79.3358 300 89
0 650 79.4227 300 89
0 650 79.5038 300 89
0 650 79.5972 300 89
0 650 79.6831 300 89
0 650 79.776 300 89
0 650 79.8671 300 89
0 650 79.9492 300 89
0 650 80.0324 300 89
0 650 80.1222 300 89
0 650 80.2041 300 89
0 650 80.2922 300 89
0 650 80.3877 300 89
0 650 80.5136 300 89
0 650 80.6369 300 89
0 650 80.7031 300 89
0 650 80.7707 300 89
0 650 80.8496 300 89
0 650 80.9081 300 89
0 650 80.9722 300 89
0 650 81.0348 300 89
0 650 81.0999 300 89
0 650 81.1665 300 89
0 650 81.2313 300 89
0 650 81.297 300 89
0 650 81.3651 300 89
0 650 81.4252 300 89
0 650 81.5036 300 89
0 650 81.5702 300 89
0 650 81.6365 300 89
0 650 81.6966 300 89
0 650 81.7752 300 89
0 650 81.8697 300 89
0 650 81.9335 300 89
0 650 81.9936 300 89
0 650 82.0628 300 89
0 650 82.1436 300 89
0 650 82.2043 300 89
0 650 82.2745 300 89
0 650 82.3345 300 89
0 650 82.4157 300 89
0 650 82.4827 300 89
0 650 82.5461 300 89
0 650 82.6091 300 89
0 650 82.6741 300 89
0 650 82.7399 300 89
0 650 82.8031 300 89
0 650 82.8644 300 89
0 650 82.9218 300 89
0 650 83.0029 300 89
0 650 83.0594 300 89
0 650 83.1202 300 89
0 650 83.177 300 89
0 650 83.2374 300 89
0 650 83.2988 300 89
0 650 83.3607 300 89
0 650 83.425 300 89
0 650 83.4853 300 89
0 650 83.5562 300 89
0 650 83.6192 300 89
0 650 83.6814 300 89
0 650 83.748 300 89
0 650 83.8105 300 89
0 650 83.8745 300 89
0 650 83.9625 300 89
0 650 84.0451 300 89
0 650 84.1111 300 89
0 650 84.1732 300 89
0 650 84.2331 300 89
0 650 84.3026 300 89
0 650 84.3668 300 89
0 650 84.4288 300 89
0 650 84.4922 300 89
0 650 84.5651 300 89
0 650 84.6309 300 89
0 650 84.6942 300 89
0 650 84.7565 300 89
0 650 84.8305 300 89
0 650 84.8937 300 89
0 650 84.9489 300 89
0 650 85.0117 300 89
0 650 85.0732 300 89
0 650 85.1449 300 89
0 650 85.2343 300 89
0 650 85.3372 300 89
0 650 85.4458 300 89
0 650 85.5355 300 89
0 650 85.6393 300 89
0 650 85.754 300 89
0 650 85.8711 300 89
0 650 86.0008 300 89
0 650 86.1136 300 89
0 650 86.2069 300 89
0 650 86.2945 300 89
0 650 86.3856 300 89
0 650 86.4755 300 89
0 650 86.5674 300 89
0 650 86.6719 300 89
0 650 86.7678 300 89
0 650 86.87 300 89
0 650 86.9563 300 89
0 650 87.0391 300 89
0 650 87.1232 300 89
0 650 87.2163 300 89
0 650 87.3025 300 89
0 650 87.384 300 89
0 650 87.4687 300 89
0 650 87.5573 300 89
0 650 87.6395 300 89
0 650 87.7197 300 89
0 650 87.7989 300 89
0 650 87.888 300 89
0 650 87.9814 300 89
0 650 88.08 300 89
0 650 88.1607 300 89
0 650 88.2472 300 89
0 650 88.3322 300 89
0 650 88.4205 300 89
0 650 88.5082 300 89
0 650 88.5922 300 89
0 650 88.6734 300 89
0 650 88.8158 300 89
0 650 88.9121 300 89
0 650 89.0216 300 89
0 650 89.1092 300 89
0 650 89.1875 300 89
0 650 89.2683 300 89
0 650 89.3477 300 89
0 650 89.4329 300 89
0 650 89.5131 300 89
0 650 89.6074 300 89
0 650 89.7215 300 89
0 650 89.809 300 89
0 650 89.9556 300 89
0 650 90.0867 300 89
0 650 90.199 300 89
0 650 90.2787 300 89
0 650 90.3756 300 89
0 650 90.4804 300 89
0 650 90.5708 300 89
0 650 90.655 300 89
0 650 90.7393 300 89
0 650 90.828 300 89
0 650 90.9118 300 89
0 650 91.0032 300 89
0 650 91.0851 300 89
0 650 91.1695 300 89
0 650 91.2613 300 89
0 650 91.3572 300 89
0 650 91.4443 300 89
0 650 91.5265 300 89
0 650 91.6147 300 89
0 650 91.6954 300 89
0 650 91.7902 300 89
0 650 91.8738 300 89
0 650 91.9629 300 89
0 650 92.0437 300 89
0 650 92.1286 300 89
0 650 92.225 300 89
0 650 92.317 300 89
0 650 92.4035 300 89
0 650 92.5095 300 89
0 650 92.631 300 89
0 650 92.7717 300 89
0 650 92.8813 300 89
0 650 92.9714 300 89
0 650 93.0728 300 89
0 650 93.1608 300 89
0 650 93.2449 300 89
0 650 93.3292 300 89
0 650 93.4131 300 89
0 650 93.4947 300 89
0 650 93.5858 300 89
0 650 93.6765 300 89
0 650 93.7633 300 89
0 650 93.8482 300 89
0 650 93.9352 300 89
0 650 94.0097 300 89
0 650 94.1016 300 89
0 650 94.1817 300 89
0 650 94.2663 300 89
0 650 94.348 300 89
0 650 94.4447 300 89
0 650 94.5376 300 89
0 650 94.6311 300 89
0 650 94.7363 300 89
0 650 94.8431 300 89
0 650 94.9342 300 89
0 650 95.0274 300 89
0 650 95.1239 300 89
0 650 95.2257 300 89
0 650 95.3316 300 89
0 650 95.4361 300 89
0 650 95.5298 300 89
0 650 95.6527 300 89
0 650 95.7766 300 89
0 650 95.8979 300 89
0 650 95.9973 300 89
0 650 96.1009 300 89
0 650 96.2083 300 89
0 650 96.3251 300 89
0 650 96.4202 300 89
0 650 96.5042 300 89
0 650 96.5832 300 89
0 650 96.6661 300 89
0 650 96.746 300 89
0 650 96.8281 300 89
0 650 96.9114 300 89
0 650 96.9946 300 89
0 650 97.0759 300 89
0 650 97.1891 300 89
0 650 97.2805 300 89
0 650 97.3668 300 89
0 650 97.4635 300 89
0 650 97.5467 300 89
0 650 97.6366 300 89
0 650 97.7255 300 89
0 650 97.8192 300 89
0 650 97.8915 300 89
0 650 97.9744 300 89
0 650 98.0668 300 89
0 650 98.1574 300 89
0 650 98.2441 300 89
0 650 98.3327 300 89
0 650 98.4449 300 89
0 650 98.5464 300 89
0 650 98.6452 300 89
0 650 98.7232 300 89
0 650 98.8115 300 89
0 650 98.8941 300 89
0 650 98.9737 300 89
0 650 99.0596 300 89
0 650 99.1467 300 89
0 650 99.2319 300 89
0 650 99.3193 300 89
0 650 99.4114 300 89
0 650 99.4972 300 89
0 650 99.5856 300 89
0 650 99.6711 300 89
0 650 99.7523 300 89
0 650 99.8228 300 89
0 650 99.9129 300 89
0 650 99.9965 300 89
0 650 100.082 300 89
0 650 100.169 300 89
0 650 100.253 300 89
0 650 100.333 300 89
0 650 100.431 300 89
0 650 100.507 300 89
0 650 100.606 300 89
0 650 100.701 300 89
0 650 100.799 300 89
0 650 100.911 300 89
0 650 101.046 300 89
0 650 101.152 300 89
0 650 101.248 300 89
0 650 101.337 300 89
0 650 101.445 300 89
0 650 101.572 300 89
0 650 101.685 300 89
0 650 101.799 300 89
0 650 101.91 300 89
0 650 102.007 300 89
0 650 102.09 300 89
0 650 102.183 300 89
0 650 102.288 300 89
0 650 102.411 300 89
0 650 102.491 300 89
0 650 102.591 300 89
0 650 102.708 300 89
0 650 102.852 300 89
0 650 102.959 300 89
0 650 103.057 300 89
0 650 103.143 300 89
0 650 103.263 300 89
0 650 103.382 300 89
0 650 103.503 300 89
0 650 103.601 300 89
0 650 103.692 300 89
0 650 103.801 300 89
0 650 103.91 300 89
0 650 104.012 300 89
0 650 104.125 300 89
0 650 104.205 300 89
0 650 104.294 300 89
0 650 104.372 300 89
0 650 104.452 300 89
0 650 104.524 300 89
0 650 104.607 300 89
0 650 104.694 300 89
0 650 104.78 300 89
0 650 104.895 300 89
0 650 104.979 300 89
0 650 105.068 300 89
0 650 105.158 300 89
0 650 105.239 300 89
0 650 105.33 300 89
0 650 105.418 300 89
0 650 105.502 300 89
0 650 105.588 300 89
0 650 105.679 300 89
0 650 105.774 300 89
0 650 105.88 300 89
0 650 106.005 300 89
0 650 106.107 300 89
0 650 106.202 300 89
0 650 106.303 300 89
0 650 106.423 300 89
0 650 106.564 300 89
0 650 106.684 300 89
0 650 106.786 300 89
0 650 106.884 300 89
0 650 107.022 300 89
0 650 107.153 300 89
0 650 107.279 300 89
0 650 107.4 300 89
0 650 107.508 300 89
0 650 107.626 300 89
0 650 107.709 300 89
0 650 107.805 300 89
0 650 107.901 300 89
0 650 108.019 300 89
0 650 108.132 300 89
0 650 108.263 300 89
0 650 108.341 300 89
0 650 108.423 300 89
0 650 108.504 300 89
0 650 108.649 300 89
0 650 108.729 300 89
0 650 108.791 300 89
0 650 108.851 300 89
0 650 108.913 300 89
0 650 108.979 300 89
0 650 109.114 300 89
0 650 109.243 300 89
0 650 109.332 300 89
0 650 109.423 300 89
0 650 109.516 300 89
0 650 109.654 300 89
0 650 109.759 300 89
0 650 109.845 300 89
0 650 109.939 300 89
0 650 110.038 300 89
0 650 110.143 300 89
0 650 110.253 300 89
0 650 110.348 300 89
0 650 110.439 300 89
0 650 110.533 300 89
0 650 110.637 300 89
0 650 110.738 300 89
0 650 110.822 300 89
0 650 110.95 300 89
0 650 111.111 300 89
0 650 111.25 300 89
0 650 111.387 300 89
0 650 111.478 300 89
0 650 111.569 300 89
0 650 111.664 300 89
0 650 111.76 300 89
0 650 111.849 300 89
0 650 111.975 300 89
0 650 112.07 300 89
0 650 112.167 300 89
0 650 112.265 300 89
0 650 112.356 300 89
0 650 112.428 300 89
0 650 112.509 300 89
0 650 112.597 300 89
0 650 112.684 300 89
0 650 112.77 300 89
0 650 112.861 300 89
0 650 112.965 300 89
0 650 113.048 300 89
0 650 113.143 300 89
0 650 113.24 300 89
0 650 113.355 300 89
0 650 113.469 300 89
0 650 113.568 300 89
0 650 113.68 300 89
0 650 113.791 300 89
0 650 113.919 300 89
0 650 114.033 300 89
0 650 114.137 300 89
0 650 114.231 300 89
0 650 114.318 300 89
0 650 114.401 300 89
0 650 114.486 300 89
0 650 114.57 300 89
0 650 114.657 300 89
0 650 114.742 300 89
0 650 114.84 300 89
0 650 114.936 300 89
0 650 115.012 300 89
0 650 115.09 300 89
0 650 115.166 300 89
0 650 115.244 300 89
0 650 115.335 300 89
0 650 115.418 300 89
0 650 115.513 300 89
0 650 115.594 300 89
0 650 115.675 300 89
0 650 115.769 300 89
0 650 115.887 300 89
0 650 115.969 300 89
0 650 116.05 300 89
0 650 116.13 300 89
0 650 116.217 300 89
0 650 116.305 300 89
0 650 116.394 300 89
0 650 116.483 300 89
0 650 116.581 300 89
0 650 116.67 300 89
0 650 116.757 300 89
0 650 116.837 300 89
0 650 116.93 300 89
0 650 117.029 300 89
0 650 117.108 300 89
0 650 117.195 300 89
0 650 117.277 300 89
0 650 117.36 300 89
0 650 117.441 300 89
0 650 117.511 300 89
0 650 117.596 300 89
0 650 117.678 300 89
0 650 117.759 300 89
0 650 117.843 300 89
0 650 117.929 300 89
0 650 118.021 300 89
0 650 118.104 300 89
0 650 118.194 300 89
0 650 118.282 300 89
0 650 118.373 300 89
0 650 118.47 300 89
0 650 118.559 300 89
0 650 118.642 300 89
0 650 118.726 300 89
0 650 118.809 300 89
0 650 118.9 300 89
0 650 118.986 300 89
0 650 119.071 300 89
0 650 119.149 300 89
0 650 119.226 300 89
0 650 119.31 300 89
0 650 119.396 300 89
0 650 119.476 300 89
0 650 119.566 300 89
0 650 119.645 300 89
0 650 119.731 300 89
0 650 119.813 300 89
0 650 119.898 300 89
0 650 119.981 300 89
0 650 120.072 300 89
0 650 120.158 300 89
0 650 120.257 300 89
0 650 120.356 300 89
0 650 120.45 300 89
0 650 120.542 300 89
0 650 120.632 300 89
0 650 120.711 300 89
0 650 120.795 300 89
0 650 120.887 300 89
0 650 120.975 300 89
0 650 121.061 300 89
0 650 121.142 300 89
0 650 121.224 300 89
0 650 121.309 300 89
0 650 121.398 300 89
0 650 121.479 300 89
0 650 121.566 300 89
0 650 121.651 300 89
0 650 121.739 300 89
0 650 121.812 300 89
0 650 121.903 300 89
0 650 121.988 300 89
0 650 122.071 300 89
0 650 122.159 300 89
0 650 122.246 300 89
0 650 122.348 300 89
0 650 122.436 300 89
0 650 122.522 300 89
0 650 122.601 300 89
0 650 122.681 300 89
0 650 122.759 300 89
0 650 122.829 300 89
0 650 122.918 300 89
0 650 123 300 89
0 650 123.082 300 89
0 650 123.169 300 89
0 650 123.261 300 89
0 650 123.344 300 89
0 650 123.423 300 89
0 650 123.501 300 89
0 650 123.582 300 89
0 650 123.67 300 89
0 650 123.745 300 89
0 650 123.824 300 89
0 650 123.926 300 89
0 650 124.021 300 89
0 650 124.101 300 89
0 650 124.185 300 89
0 650 124.269 300 89
0 650 124.357 300 89
0 650 124.438 300 89
0 650 124.522 300 89
0 650 124.608 300 89
0 650 124.693 300 89
0 650 124.774 300 89
0 650 124.845 300 89
0 650 124.925 300 89
0 650 125.01 300 89
0 650 125.086 300 89
0 650 125.175 300 89
0 650 125.234 300 89
0 650 125.321 300 89
0 650 125.401 300 89
0 650 125.491 300 89
0 650 125.573 300 89
0 650 125.657 300 89
0 650 125.756 300 89
0 650 125.85 300 89
0 650 125.976 300 89
0 650 126.071 300 89
0 650 126.157 300 89
0 650 126.244 300 89
0 650 126.327 300 89
0 650 126.413 300 89
0 650 126.524 300 89
0 650 126.614 300 89
0 650 126.7 300 89
0 650 126.781 300 89
0 650 126.857 300 89
0 650 126.939 300 89
0 650 127.021 300 89
0 650 127.092 300 89
0 650 127.174 300 89
0 650 127.259 300 89
0 650 127.336 300 89
0 650 127.422 300 89
0 650 127.512 300 89
0 650 127.598 300 89
0 650 127.723 300 89
0 650 127.807 300 89
0 650 127.893 300 89
0 650 127.965 300 89
0 650 128.043 300 89
0 650 128.13 300 89
0 650 128.211 300 89
0 650 128.308 300 89
0 650 128.398 300 89
0 650 128.488 300 89
0 650 128.581 300 89
0 650 128.673 300 89
0 650 128.776 300 89
0 650 128.857 300 89
0 650 128.933 300 89
0 650 129.017 300 89
0 650 129.099 300 89
0 650 129.187 300 89
0 650 129.27 300 89
0 650 129.35 300 89
0 650 129.433 300 89
0 650 129.513 300 89
0 650 129.602 300 89
0 650 129.694 300 89
0 650 129.789 300 89
0 650 129.89 300 89
0 650 129.991 300 89
0 650 130.08 300 89
0 650 130.161 300 89
0 650 130.243 300 89
0 650 130.324 300 89
0 650 130.415 300 89
0 650 130.497 300 89
0 650 130.582 300 89
0 650 130.666 300 89
0 650 130.75 300 89
0 650 130.83 300 89
0 650 130.912 300 89
0 650 130.998 300 89
0 650 131.08 300 89
0 650 131.166 300 89
0 650 131.254 300 89
0 650 131.344 300 89
0 650 131.435 300 89
0 650 131.516 300 89
0 650 131.606 300 89
0 650 131.665 300 89
0 650 131.759 300 89
0 650 131.855 300 89
0 650 131.941 300 89
0 650 132.027 300 89
0 650 132.111 300 89
0 650 132.191 300 89
0 650 132.271 300 89
0 650 132.36 300 89
0 650 132.438 300 89
0 650 132.524 300 89
0 650 132.602 300 89
0 650 132.74 300 89
0 650 132.828 300 89
0 650 132.915 300 89
0 650 133.002 300 89
0 650 133.086 300 89
0 650 133.172 300 89
0 650 133.264 300 89
0 650 133.354 300 89
0 650 133.44 300 89
0 650 133.526 300 89
0 650 133.617 300 89
0 650 133.717 300 89
0 650 133.813 300 89
0 650 133.902 300 89
0 650 133.998 300 89
0 650 134.091 300 89
0 650 134.192 300 89
0 650 134.273 300 89
0 650 134.365 300 89
0 650 134.456 300 89
0 650 134.55 300 89
0 650 134.623 300 89
0 650 134.712 300 89
0 650 134.801 300 89
0 650 134.876 300 89
0 650 134.969 300 89
0 650 135.049 300 89
0 650 135.135 300 89
0 650 135.224 300 89
0 650 135.306 300 89
0 650 135.392 300 89
0 650 135.486 300 89
0 650 135.577 300 89
0 650 135.657 300 89
0 650 135.745 300 89
0 650 135.833 300 89
0 650 135.925 300 89
0 650 136.024 300 89
0 650 136.113 300 89
0 650 136.201 300 89
0 650 136.287 300 89
0 650 136.379 300 89
0 650 136.465 300 89
0 650 136.555 300 89
0 650 136.642 300 89
0 650 136.717 300 89
0 650 136.801 300 89
0 650 136.888 300 89
0 650 136.974 300 89
0 650 137.038 300 89
0 650 137.109 300 89
0 650 137.197 300 89
0 650 137.29 300 89
0 650 137.374 300 89
0 650 137.451 300 89
0 650 137.535 300 89
0 650 137.622 300 89
0 650 137.713 300 89
0 650 137.816 300 89
0 650 137.929 300 89
0 650 138.019 300 89
0 650 138.108 300 89
0 650 138.187 300 89
0 650 138.266 300 89
0 650 138.35 300 89
0 650 138.447 300 89
0 650 138.534 300 89
0 650 138.622 300 89
0 650 138.764 300 89
0 650 138.852 300 89
0 650 138.935 300 89
0 650 139.022 300 89
0 650 139.113 300 89
0 650 139.205 300 89
0 650 139.299 300 89
0 650 139.385 300 89
0 650 139.486 300 89
0 650 139.58 300 89
0 650 139.689 300 89
0 650 139.782 300 89
0 650 139.893 300 89
0 650 139.985 300 89
0 650 140.077 300 89
0 650 140.165 300 89
0 650 140.254 300 89
0 650 140.338 300 89
0 650 140.432 300 89
0 650 140.522 300 89
0 650 140.615 300 89
0 650 140.707 300 89
0 650 140.786 300 89
0 650 140.856 300 89
0 650 140.949 300 89
0 650 141.03 300 89
0 650 141.121 300 89
0 650 141.202 300 89
0 650 141.29 300 89
0 650 141.378 300 89
0 650 141.463 300 89
0 650 141.552 300 89
0 650 141.653 300 89
0 650 141.761 300 89
0 650 141.854 300 89
0 650 141.937 300 89
0 650 142.031 300 89
0 650 142.133 300 89
0 650 142.22 300 89
0 650 142.289 300 89
0 650 142.364 300 89
0 650 142.44 300 89
0 650 142.521 300 89
0 650 142.614 300 89
0 650 142.709 300 89
0 650 142.785 300 89
0 650 142.876 300 89
0 650 142.957 300 89
0 650 143.042 300 89
0 650 143.133 300 89
0 650 143.218 300 89
0 650 143.31 300 89
0 650 143.425 300 89
0 650 143.516 300 89
0 650 143.609 300 89
0 650 143.705 300 89
0 650 143.789 300 89
0 650 143.873 300 89
0 650 143.96 300 89
0 650 144.052 300 89
0 650 144.133 300 89
0 650 144.224 300 89
0 650 144.312 300 89
0 650 144.403 300 89
0 650 144.482 300 89
0 650 144.565 300 89
0 650 144.655 300 89
0 650 144.743 300 89
0 650 144.835 300 89
0 650 144.924 300 89
0 650 145.014 300 89
0 650 145.096 300 89
0 650 145.203 300 89
0 650 145.307 300 89
0 650 145.396 300 89
0 650 145.485 300 89
0 650 145.574 300 89
0 650 145.667 300 89
0 650 145.752 300 89
0 650 145.843 300 89
0 650 145.94 300 89
0 650 146.027 300 89
0 650 146.113 300 89
0 650 146.199 300 89
0 650 146.273 300 89
0 650 146.356 300 89
0 650 146.433 300 89
0 650 146.521 300 89
0 650 146.607 300 89
0 650 146.697 300 89
0 650 146.773 300 89
0 650 146.863 300 89
0 650 146.964 300 89
0 650 147.065 300 89
0 650 147.175 300 89
0 650 147.27 300 89
0 650 147.355 300 89
0 650 147.444 300 89
0 650 147.538 300 89
0 650 147.631 300 89
0 650 147.71 300 89
0 650 147.791 300 89
0 650 147.879 300 89
0 650 147.967 300 89
0 650 148.051 300 89
0 650 148.135 300 89
0 650 148.225 300 89
0 650 148.312 300 89
0 650 148.406 300 89
0 650 148.479 300 89
0 650 148.569 300 89
0 650 148.65 300 89
0 650 148.739 300 89
0 650 148.831 300 89
0 650 148.937 300 89
0 650 149.044 300 89
0 650 149.138 300 89
0 650 149.229 300 89
0 650 149.318 300 89
0 650 149.403 300 89
0 650 149.494 300 89
0 650 149.616 300 89
0 650 149.694 300 89
0 650 149.789 300 89
0 650 149.882 300 89
0 650 149.974 300 89
0 650 150.063 300 89
0 650 150.172 300 89
0 650 150.26 300 89
0 650 150.345 300 89
0 650 150.436 300 89
0 650 150.531 300 89
0 650 150.638 300 89
0 650 150.728 300 89
0 650 150.827 300 89
0 650 150.937 300 89
0 650 151.024 300 89
0 650 151.099 300 89
0 650 151.177 300 89
0 650 151.272 300 89
0 650 151.356 300 89
0 650 151.443 300 89
0 650 151.526 300 89
0 650 151.618 300 89
0 650 151.709 300 89
0 650 151.801 300 89
0 650 151.894 300 89
0 650 151.98 300 89
0 650 152.073 300 89
0 650 152.167 300 89
0 650 152.26 300 89
0 650 152.353 300 89
0 650 152.46 300 89
0 650 152.552 300 89
0 650 152.638 300 89
0 650 152.725 300 89
0 650 152.811 300 89
0 650 152.898 300 89
0 650 152.988 300 89
0 650 153.075 300 89
0 650 153.16 300 89
0 650 153.291 300 89
0 650 153.386 300 89
0 650 153.476 300 89
0 650 153.571 300 89
0 650 153.658 300 89
0 650 153.736 300 89
0 650 153.819 300 89
0 650 153.908 300 89
0 650 153.99 300 89
0 650 154.081 300 89
0 650 154.175 300 89
0 650 154.263 300 89
0 650 154.37 300 89
0 650 154.461 300 89
0 650 154.551 300 89
0 650 154.635 300 89
0 650 154.727 300 89
0 650 154.816 300 89
0 650 154.917 300 89
0 650 155.006 300 89
0 650 155.094 300 89
0 650 155.181 300 89
0 650 155.27 300 89
0 650 155.359 300 89
0 650 155.449 300 89
0 650 155.544 300 89
0 650 155.64 300 89
0 650 155.74 300 89
0 650 155.846 300 89
0 650 155.94 300 89
0 650 156.024 300 89
0 650 156.12 300 89
0 650 156.206 300 89
0 650 156.299 300 89
0 650 156.393 300 89
0 650 156.486 300 89
0 650 156.58 300 89
0 650 156.664 300 89
0 650 156.754 300 89
0 650 156.845 300 89
0 650 156.936 300 89
0 650 157.037 300 89
0 650 157.126 300 89
0 650 157.219 300 89
0 650 157.312 300 89
0 650 157.406 300 89
0 650 157.496 300 89
0 650 157.589 300 89
0 650 157.682 300 89
0 650 157.775 300 89
0 650 157.866 300 89
0 650 157.962 300 89
0 650 158.05 300 89
0 650 158.146 300 89
0 650 158.241 300 89
0 650 158.343 300 89
0 650 158.44 300 89
0 650 158.543 300 89
0 650 158.635 300 89
0 650 158.727 300 89
0 650 158.828 300 89
0 650 158.926 300 89
0 650 159.021 300 89
0 650 159.105 300 89
0 650 159.194 300 89
0 650 159.297 300 89
0 650 159.394 300 89
0 650 159.479 300 89
0 650 159.569 300 89
0 650 159.663 300 89
0 650 159.751 300 89
0 650 159.847 300 89
0 650 159.936 300 89
0 650 160.028 300 89
0 650 160.124 300 89
0 650 160.212 300 89
0 650 160.306 300 89
0 650 160.403 300 89
0 650 160.507 300 89
0 650 160.595 300 89
0 650 160.685 300 89
0 650 160.773 300 89
0 650 160.87 300 89
0 650 160.965 300 89
0 650 161.062 300 89
0 650 161.161 300 89
0 650 161.258 300 89
0 650 161.347 300 89
0 650 161.441 300 89
0 650 161.534 300 89
0 650 161.622 300 89
0 650 161.71 300 89
0 650 161.801 300 89
0 650 161.899 300 89
0 650 161.99 300 89
0 650 162.084 300 89
0 650 162.17 300 89
0 650 162.264 300 89
0 650 162.349 300 89
0 650 162.444 300 89
0 650 162.535 300 89
0 650 162.625 300 89
0 650 162.712 300 89
0 650 162.8 300 89
0 650 162.896 300 89
0 650 162.985 300 89
0 650 163.098 300 89
0 650 163.198 300 89
0 650 163.299 300 89
0 650 163.387 300 89
0 650 163.479 300 89
0 650 163.568 300 89
0 650 163.656 300 89
0 650 163.748 300 89
0 650 163.849 300 89
0 650 163.943 300 89
0 650 164.028 300 89
0 650 164.12 300 89
0 650 164.207 300 89
0 650 164.282 300 89
0 650 164.369 300 89
0 650 164.462 300 89
0 650 164.548 300 89
0 650 164.635 300 89
0 650 164.726 300 89
0 650 164.818 300 89
0 650 164.907 300 89
0 650 164.99 300 89
0 650 165.08 300 89
0 650 165.176 300 89
0 650 165.286 300 89
0 650 165.375 300 89
0 650 165.438 300 89
0 650 165.496 300 89
0 650 165.558 300 89
0 650 165.636 300 89
0 650 165.7 300 89
0 650 165.762 300 89
0 650 165.832 300 89
0 650 165.92 300 89
0 650 166.01 300 89
0 650 166.108 300 89
0 650 166.208 300 89
0 650 166.303 300 89
0 650 166.384 300 89
0 650 166.473 300 89
0 650 166.556 300 89
0 650 166.641 300 89
0 650 166.73 300 89
0 650 166.839 300 89
0 650 166.931 300 89
0 650 167.021 300 89
0 650 167.107 300 89
0 650 167.2 300 89
0 650 167.345 300 89
0 650 167.446 300 89
0 650 167.529 300 89
0 650 167.618 300 89
0 650 167.719 300 89
0 650 167.813 300 89
0 650 167.915 300 89
0 650 168 300 89
0 650 168.094 300 89
0 650 168.186 300 89
0 650 168.275 300 89
0 650 168.372 300 89
0 650 168.465 300 89
0 650 168.558 300 89
0 650 168.642 300 89
0 650 168.733 300 89
0 650 168.824 300 89
0 650 168.906 300 89
0 650 168.998 300 89
0 650 169.098 300 89
0 650 169.182 300 89
0 650 169.27 300 89
0 650 169.367 300 89
0 650 169.459 300 89
0 650 169.552 300 89
0 650 169.65 300 89
0 650 169.739 300 89
0 650 169.822 300 89
0 650 169.9 300 89
0 650 169.995 300 89
0 650 170.087 300 89
0 650 170.175 300 89
0 650 170.268 300 89
0 650 170.361 300 89
0 650 170.45 300 89
0 650 170.536 300 89
0 650 170.626 300 89
0 650 170.715 300 89
0 650 170.81 300 89
0 650 170.918 300 89
0 650 171.012 300 89
0 650 171.105 300 89
0 650 171.199 300 89
0 650 171.273 300 89
0 650 171.361 300 89
0 650 171.447 300 89
0 650 171.54 300 89
0 650 171.634 300 89
0 650 171.721 300 89
0 650 171.813 300 89
0 650 171.908 300 89
0 650 171.996 300 89
0 650 172.089 300 89
0 650 172.183 300 89
0 650 172.271 300 89
0 650 172.366 300 89
0 650 172.448 300 89
0 650 172.536 300 89
0 650 172.623 300 89
0 650 172.712 300 89
0 650 172.796 300 89
0 650 172.882 300 89
0 650 172.972 300 89
0 650 173.061 300 89
0 650 173.153 300 89
0 650 173.245 300 89
0 650 173.337 300 89
0 650 173.425 300 89
0 650 173.512 300 89
0 650 173.605 300 89
0 650 173.695 300 89
0 650 173.777 300 89
0 650 173.863 300 89
0 650 173.946 300 89
0 650 174.036 300 89
0 650 174.132 300 89
0 650 174.223 300 89
0 650 174.311 300 89
0 650 174.405 300 89
0 650 174.497 300 89
0 650 174.577 300 89
0 650 174.665 300 89
0 650 174.751 300 89
0 650 174.846 300 89
0 650 174.925 300 89
0 650 175.01 300 89
0 650 175.096 300 89
0 650 175.186 300 89
0 650 175.275 300 89
0 650 175.361 300 89
0 650 175.449 300 89
0 650 175.535 300 89
0 650 175.62 300 89
0 650 175.705 300 89
0 650 175.798 300 89
0 650 175.885 300 89
0 650 175.972 300 89
0 650 176.066 300 89
0 650 176.148 300 89
0 650 176.243 300 89
0 650 176.333 300 89
0 650 176.418 300 89
0 650 176.511 300 89
0 650 176.605 300 89
0 650 176.69 300 89
0 650 176.784 300 89
0 650 176.871 300 89
0 650 176.959 300 89
0 650 177.051 300 89
0 650 177.139 300 89
0 650 177.229 300 89
0 650 177.322 300 89
0 650 177.411 300 89
0 650 177.531 300 89
0 650 177.62 300 89
0 650 177.678 300 89
0 650 177.769 300 89
0 650 177.858 300 89
0 650 177.943 300 89
0 650 178.028 300 89
0 650 178.115 300 89
0 650 178.203 300 89
0 650 178.299 300 89
0 650 178.392 300 89
0 650 178.476 300 89
0 650 178.561 300 89
0 650 178.653 300 89
0 650 178.733 300 89
0 650 178.821 300 89
0 650 178.91 300 89
0 650 178.991 300 89
0 650 179.082 300 89
0 650 179.175 300 89
0 650 179.255 300 89
0 650 179.346 300 89
0 650 179.441 300 89
0 650 179.533 300 89
0 650 179.627 300 89
0 650 179.708 300 89
0 650 179.789 300 89
0 650 179.872 300 89
0 650 179.966 300 89
0 650 180.052 300 89
0 650 180.138 300 89
0 650 180.214 300 89
0 650 180.305 300 89
0 650 180.395 300 89
0 650 180.481 300 89
0 650 180.563 300 89
0 650 180.65 300 89
0 650 180.738 300 89
0 650 180.825 300 89
0 650 180.915 300 89
0 650 180.989 300 89
0 650 181.075 300 89
0 650 181.159 300 89
0 650 181.24 300 89
0 650 181.346 300 89
0 650 181.432 300 89
0 650 181.523 300 89
0 650 181.608 300 89
0 650 181.695 300 89
0 650 181.781 300 89
0 650 181.867 300 89
0 650 181.949 300 89
0 650 182.034 300 89
0 650 182.116 300 89
0 650 182.201 300 89
0 650 182.288 300 89
0 650 182.375 300 89
0 650 182.466 300 89
0 650 182.552 300 89
0 650 182.65 300 89
0 650 182.724 300 89
0 650 182.814 300 89
0 650 182.911 300 89
0 650 183.007 300 89
0 650 183.096 300 89
0 650 183.181 300 89
0 650 183.267 300 89
0 650 183.365 300 89
0 650 183.457 300 89
0 650 183.542 300 89
0 650 183.627 300 89
0 650 183.714 300 89
0 650 183.804 300 89
0 650 183.89 300 89
0 650 183.984 300 89
0 650 184.077 300 89
0 650 184.195 300 89
0 650 184.301 300 89
0 650 184.395 300 89
0 650 184.492 300 89
0 650 184.6 300 89
0 650 184.698 300 89
0 650 184.783 300 89
0 650 184.874 300 89
0 650 184.987 300 89
0 650 185.087 300 89
0 650 185.174 300 89
0 650 185.306 300 89
0 650 185.413 300 89
0 650 185.554 300 89
0 650 185.643 300 89
0 650 185.734 300 89
0 650 185.847 300 89
0 650 185.945 300 89
0 650 186.034 300 89
0 650 186.133 300 89
0 650 186.234 300 89
0 650 186.336 300 89
0 650 186.417 300 89
0 650 186.495 300 89
0 650 186.584 300 89
0 650 186.679 300 89
0 650 186.771 300 89
0 650 186.855 300 89
0 650 186.935 300 89
0 650 187.007 300 89
0 650 187.084 300 89
0 650 187.174 300 89
0 650 187.261 300 89
0 650 187.355 300 89
0 650 187.437 300 89
0 650 187.523 300 89
0 650 187.611 300 89
0 650 187.701 300 89
0 650 187.786 300 89
0 650 187.871 300 89
0 650 187.962 300 89
0 650 188.048 300 89
0 650 188.132 300 89
0 650 188.222 300 89
0 650 188.302 300 89
0 650 188.382 300 89
0 650 188.461 300 89
0 650 188.545 300 89
0 650 188.635 300 89
0 650 188.725 300 89
0 650 188.793 300 89
0 650 188.88 300 89
0 650 188.965 300 89
0 650 189.047 300 89
0 650 189.135 300 89
0 650 189.228 300 89
0 650 189.316 300 89
0 650 189.405 300 89
0 650 189.479 300 89
0 650 189.565 300 89
0 650 189.655 300 89
0 650 189.739 300 89
0 650 189.821 300 89
0 650 189.907 300 89
0 650 189.994 300 89
0 650 190.08 300 89
0 650 190.162 300 89
0 650 190.252 300 89
0 650 190.317 300 89
0 650 190.403 300 89
0 650 190.491 300 89
0 650 190.575 300 89
0 650 190.651 300 89
0 650 190.732 300 89
0 650 190.817 300 89
0 650 190.909 300 89
0 650 190.999 300 89
0 650 191.075 300 89
0 650 191.16 300 89
0 650 191.254 300 89
0 650 191.342 300 89
0 650 191.423 300 89
0 650 191.507 300 89
0 650 191.585 300 89
0 650 191.672 300 89
0 650 191.754 300 89
0 650 191.837 300 89
0 650 191.92 300 89
0 650 192.001 300 89
0 650 192.081 300 89
0 650 192.162 300 89
0 650 192.242 300 89
0 650 192.33 300 89
0 650 192.422 300 89
0 650 192.51 300 89
0 650 192.587 300 89
0 650 192.663 300 89
0 650 192.724 300 89
0 650 192.783 300 89
0 650 192.835 300 89
0 650 192.894 300 89
0 650 192.949 300 89
0 650 193.01 300 89
0 650 193.07 300 89
0 650 193.135 300 89
0 650 193.193 300 89
0 650 193.253 300 89
0 650 193.313 300 89
0 650 193.376 300 89
0 650 193.436 300 89
0 650 193.496 300 89
0 650 193.555 300 89
0 650 193.617 300 89
0 650 193.678 300 89
0 650 193.743 300 89
0 650 193.808 300 89
0 650 193.873 300 89
0 650 193.93 300 89
0 650 193.986 300 89
0 650 194.047 300 89
0 650 194.104 300 89
0 650 194.169 300 89
0 650 194.23 300 89
0 650 194.284 300 89
0 650 194.345 300 89
0 650 194.405 300 89
0 650 194.471 300 89
0 650 194.53 300 89
0 650 194.589 300 89
0 650 194.652 300 89
0 650 194.71 300 89
0 650 194.772 300 89
0 650 194.836 300 89
0 650 194.898 300 89
0 650 194.955 300 89
0 650 195.011 300 89
0 650 195.074 300 89
0 650 195.134 300 89
0 650 195.194 300 89
0 650 195.253 300 89
0 650 195.313 300 89
0 650 195.373 300 89
0 650 195.453 300 89
0 650 195.549 300 89
0 650 195.633 300 89
0 650 195.715 300 89
0 650 195.806 300 89
0 650 195.895 300 89
0 650 195.982 300 89
0 650 196.071 300 89
0 650 196.157 300 89
0 650 196.242 300 89
0 650 196.327 300 89
0 650 196.412 300 89
0 650 196.496 300 89
0 650 196.581 300 89
0 650 196.655 300 89
0 650 196.706 300 89
0 650 196.794 300 89
0 650 196.882 300 89
0 650 196.977 300 89
0 650 197.066 300 89
0 650 197.152 300 89
0 650 197.237 300 89
0 650 197.321 300 89
0 650 197.413 300 89
0 650 197.501 300 89
0 650 197.593 300 89
0 650 197.675 300 89
0 650 197.77 300 89
0 650 197.854 300 89
0 650 197.934 300 89
0 650 198.026 300 89
0 650 198.109 300 89
0 650 198.198 300 89
0 650 198.28 300 89
0 650 198.371 300 89
0 650 198.457 300 89
0 650 198.538 300 89
0 650 198.624 300 89
0 650 198.713 300 89
0 650 198.794 300 89
0 650 198.878 300 89
0 650 198.955 300 89
0 650 199.046 300 89
0 650 199.127 300 89
0 650 199.213 300 89
0 650 199.294 300 89
0 650 199.375 300 89
0 650 199.459 300 89
0 650 199.548 300 89
0 650 199.627 300 89
0 650 199.711 300 89
0 650 199.801 300 89
0 650 199.881 300 89
0 650 199.964 300 89
0 650 200.044 300 89
0 650 200.132 300 89
0 650 200.219 300 89
0 650 200.298 300 89
0 650 200.391 300 89
0 650 200.481 300 89
0 650 200.567 300 89
0 650 200.654 300 89
0 650 200.725 300 89
0 650 200.839 300 89
0 650 200.92 300 89
0 650 201.003 300 89
0 650 201.088 300 89
0 650 201.178 300 89
0 650 201.265 300 89
0 650 201.347 300 89
0 650 201.424 300 89
0 650 201.508 300 89
0 650 201.588 300 89
0 650 201.669 300 89
0 650 201.754 300 89
0 650 201.812 300 89
0 650 201.893 300 89
0 650 201.98 300 89
0 650 202.063 300 89
0 650 202.151 300 89
0 650 202.232 300 89
0 650 202.314 300 89
0 650 202.398 300 89
0 650 202.487 300 89
0 650 202.573 300 89
0 650 202.658 300 89
0 650 202.752 300 89
0 650 202.84 300 89
0 650 202.913 300 89
0 650 202.998 300 89
0 650 203.087 300 89
0 650 203.162 300 89
0 650 203.251 300 89
0 650 203.336 300 89
0 650 203.426 300 89
0 650 203.518 300 89
0 650 203.647 300 89
0 650 203.734 300 89
0 650 203.819 300 89
0 650 203.903 300 89
0 650 203.981 300 89
0 650 204.064 300 89
0 650 204.15 300 89
0 650 204.24 300 89
0 650 204.319 300 89
0 650 204.396 300 89
0 650 204.486 300 89
0 650 204.578 300 89
0 650 204.66 300 89
0 650 204.745 300 89
0 650 204.829 300 89
0 650 204.921 300 89
0 650 205.016 300 89
0 650 205.103 300 89
0 650 205.196 300 89
0 650 205.283 300 89
0 650 205.373 300 89
0 650 205.467 300 89
0 650 205.56 300 89
0 650 205.656 300 89
0 650 205.746 300 89
0 650 205.835 300 89
0 650 205.924 300 89
0 650 206.013 300 89
0 650 206.102 300 89
0 650 206.187 300 89
0 650 206.268 300 89
0 650 206.354 300 89
0 650 206.442 300 89
0 650 206.531 300 89
0 650 206.629 300 89
0 650 206.711 300 89
0 650 206.798 300 89
0 650 206.883 300 89
0 650 206.976 300 89
0 650 207.063 300 89
0 650 207.146 300 89
0 650 207.246 300 89
0 650 207.328 300 89
0 650 207.418 300 89
0 650 207.514 300 89
0 650 207.593 300 89
0 650 207.727 300 89
0 650 207.811 300 89
0 650 207.905 300 89
0 650 207.992 300 89
0 650 208.082 300 89
0 650 208.171 300 89
0 650 208.259 300 89
0 650 208.353 300 89
0 650 208.444 300 89
0 650 208.528 300 89
0 650 208.626 300 89
0 650 208.711 300 89
0 650 208.802 300 89
0 650 208.893 300 89
0 650 208.973 300 89
0 650 209.058 300 89
0 650 209.143 300 89
0 650 209.236 300 89
0 650 209.325 300 89
0 650 209.416 300 89
0 650 209.506 300 89
0 650 209.594 300 89
0 650 209.688 300 89
0 650 209.777 300 89
0 650 209.864 300 89
0 650 209.952 300 89
0 650 210.044 300 89
0 650 210.131 300 89
0 650 210.224 300 89
0 650 210.318 300 89
0 650 210.409 300 89
0 650 210.499 300 89
0 650 210.584 300 89
0 650 210.67 300 89
0 650 210.763 300 89
0 650 210.844 300 89
0 650 210.929 300 89
0 650 211.022 300 89
0 650 211.102 300 89
0 650 211.197 300 89
0 650 211.284 300 89
0 650 211.373 300 89
0 650 211.463 300 89
0 650 211.546 300 89
0 650 211.634 300 89
0 650 211.717 300 89
0 650 211.803 300 89
0 650 211.893 300 89
0 650 211.99 300 89
0 650 212.07 300 89
0 650 212.15 300 89
0 650 212.233 300 89
0 650 212.327 300 89
0 650 212.414 300 89
0 650 212.501 300 89
0 650 212.589 300 89
0 650 212.677 300 89
0 650 212.765 300 89
0 650 212.856 300 89
0 650 212.937 300 89
0 650 213.029 300 89
0 650 213.118 300 89
0 650 213.21 300 89
0 650 213.293 300 89
0 650 213.388 300 89
0 650 213.472 300 89
0 650 213.567 300 89
0 650 213.663 300 89
0 650 213.757 300 89
0 650 213.851 300 89
0 650 213.941 300 89
0 650 214.033 300 89
0 650 214.125 300 89
0 650 214.208 300 89
0 650 214.293 300 89
0 650 214.383 300 89
0 650 214.471 300 89
0 650 214.568 300 89
0 650 214.666 300 89
0 650 214.762 300 89
0 650 214.852 300 89
0 650 214.962 300 89
0 650 215.043 300 89
0 650 215.137 300 89
0 650 215.226 300 89
0 650 215.31 300 89
0 650 215.41 300 89
0 650 215.508 300 89
0 650 215.594 300 89
0 650 215.684 300 89
0 650 215.768 300 89
0 650 215.858 300 89
0 650 215.946 300 89
0 650 216.036 300 89
0 650 216.128 300 89
0 650 216.221 300 89
0 650 216.319 300 89
0 650 216.418 300 89
0 650 216.5 300 89
0 650 216.596 300 89
0 650 216.685 300 89
0 650 216.768 300 89
0 650 216.856 300 89
0 650 216.943 300 89
0 650 217.028 300 89
0 650 217.114 300 89
0 650 217.21 300 89
0 650 217.304 300 89
0 650 217.398 300 89
0 650 217.497 300 89
0 650 217.584 300 89
0 650 217.678 300 89
0 650 217.778 300 89
0 650 217.866 300 89
0 650 217.961 300 89
0 650 218.053 300 89
0 650 218.153 300 89
0 650 218.242 300 89
0 650 218.345 300 89
0 650 218.44 300 89
0 650 218.532 300 89
0 650 218.63 300 89
0 650 218.717 300 89
0 650 218.807 300 89
0 650 218.902 300 89
0 650 218.992 300 89
0 650 219.089 300 89
0 650 219.183 300 89
0 650 219.286 300 89
0 650 219.402 300 89
0 650 219.489 300 89
0 650 219.584 300 89
0 650 219.672 300 89
0 650 219.754 300 89
0 650 219.85 300 89
0 650 219.947 300 89
0 650 220.047 300 89
0 650 220.144 300 89
0 650 220.236 300 89
0 650 220.33 300 89
0 650 220.42 300 89
0 650 220.513 300 89
0 650 220.602 300 89
0 650 220.699 300 89
0 650 220.793 300 89
0 650 220.89 300 89
0 650 220.988 300 89
0 650 221.078 300 89
0 650 221.171 300 89
0 650 221.264 300 89
0 650 221.355 300 89
0 650 221.472 300 89
0 650 221.565 300 89
0 650 221.655 300 89
0 650 221.748 300 89
0 650 221.847 300 89
0 650 221.934 300 89
0 650 222.018 300 89
0 650 222.111 300 89
0 650 222.204 300 89
0 650 222.291 300 89
0 650 222.382 300 89
0 650 222.474 300 89
0 650 222.56 300 89
0 650 222.651 300 89
0 650 222.731 300 89
0 650 222.827 300 89
0 650 222.92 300 89
0 650 223.011 300 89
0 650 223.086 300 89
0 650 223.176 300 89
0 650 223.277 300 89
0 650 223.374 300 89
0 650 223.473 300 89
0 650 223.56 300 89
0 650 223.657 300 89
0 650 223.751 300 89
0 650 223.842 300 89
0 650 223.939 300 89
0 650 224.037 300 89
0 650 224.132 300 89
0 650 224.223 300 89
0 650 224.312 300 89
0 650 224.406 300 89
0 650 224.492 300 89
0 650 224.582 300 89
0 650 224.677 300 89
0 650 224.762 300 89
0 650 224.852 300 89
0 650 224.943 300 89
0 650 225.037 300 89
0 650 225.118 300 89
0 650 225.21 300 89
0 650 225.299 300 89
0 650 225.394 300 89
0 650 225.487 300 89
0 650 225.58 300 89
0 650 225.674 300 89
0 650 225.763 300 89
0 650 225.852 300 89
0 650 225.945 300 89
0 650 226.031 300 89
0 650 226.122 300 89
0 650 226.205 300 89
0 650 226.295 300 89
0 650 226.38 300 89
0 650 226.473 300 89
0 650 226.555 300 89
0 650 226.645 300 89
0 650 226.736 300 89
0 650 226.828 300 89
0 650 226.918 300 89
0 650 227.007 300 89
0 650 227.103 300 89
0 650 227.194 300 89
0 650 227.289 300 89
0 650 227.378 300 89
0 650 227.472 300 89
0 650 227.552 300 89
0 650 227.633 300 89
0 650 227.723 300 89
0 650 227.816 300 89
0 650 227.903 300 89
0 650 228.011 300 89
0 650 228.096 300 89
0 650 228.182 300 89
0 650 228.274 300 89
0 650 228.364 300 89
0 650 228.461 300 89
0 650 228.549 300 89
0 650 228.639 300 89
0 650 228.727 300 89
0 650 228.833 300 89
0 650 228.942 300 89
0 650 229.032 300 89
0 650 229.124 300 89
0 650 229.216 300 89
0 650 229.304 300 89
0 650 229.396 300 89
0 650 229.489 300 89
0 650 229.576 300 89
0 650 229.657 300 89
0 650 229.748 300 89
0 650 229.806 300 89
0 650 229.898 300 89
0 650 229.984 300 89
0 650 230.07 300 89
0 650 230.168 300 89
0 650 230.244 300 89
0 650 230.337 300 89
0 650 230.432 300 89
0 650 230.526 300 89
0 650 230.621 300 89
0 650 230.703 300 89
0 650 230.789 300 89
0 650 230.872 300 89
0 650 230.973 300 89
0 650 231.058 300 89
0 650 231.147 300 89
0 650 231.235 300 89
0 650 231.325 300 89
0 650 231.406 300 89
0 650 231.495 300 89
0 650 231.583 300 89
0 650 231.678 300 89
0 650 231.764 300 89
0 650 231.855 300 89
0 650 231.938 300 89
0 650 232.025 300 89
0 650 232.109 300 89
0 650 232.2 300 89
0 650 232.291 300 89
0 650 232.379 300 89
0 650 232.474 300 89
0 650 232.548 300 89
0 650 232.629 300 89
0 650 232.708 300 89
0 650 232.79 300 89
0 650 232.878 300 89
0 650 232.956 300 89
0 650 233.04 300 89
0 650 233.134 300 89
0 650 233.223 300 89
0 650 233.314 300 89
0 650 233.403 300 89
0 650 233.483 300 89
0 650 233.578 300 89
0 650 233.668 300 89
0 650 233.756 300 89
0 650 233.843 300 89
0 650 233.925 300 89
0 650 234.008 300 89
0 650 234.102 300 89
0 650 234.199 300 89
0 650 234.284 300 89
0 650 234.367 300 89
0 650 234.453 300 89
0 650 234.536 300 89
0 650 234.628 300 89
0 650 234.716 300 89
0 650 234.797 300 89
0 650 234.885 300 89
0 650 234.977 300 89
0 650 235.065 300 89
0 650 235.15 300 89
0 650 235.239 300 89
0 650 235.329 300 89
0 650 235.411 300 89
0 650 235.506 300 89
0 650 235.594 300 89
0 650 235.684 300 89
0 650 235.765 300 89
0 650 235.816 300 89
0 650 235.895 300 89
0 650 235.987 300 89
0 650 236.076 300 89
0 650 236.164 300 89
0 650 236.253 300 89
0 650 236.33 300 89
0 650 236.425 300 89
0 650 236.516 300 89
0 650 236.605 300 89
0 650 236.688 300 89
0 650 236.771 300 89
0 650 236.85 300 89
0 650 236.937 300 89
0 650 237.026 300 89
0 650 237.115 300 89
0 650 237.201 300 89
0 650 237.291 300 89
0 650 237.381 300 89
0 650 237.471 300 89
0 650 237.561 300 89
0 650 237.639 300 89
0 650 237.727 300 89
0 650 237.82 300 89
0 650 237.907 300 89
0 650 237.998 300 89
0 650 238.077 300 89
0 650 238.166 300 89
0 650 238.257 300 89
0 650 238.339 300 89
0 650 238.421 300 89
0 650 238.512 300 89
0 650 238.604 300 89
0 650 238.694 300 89
0 650 238.779 300 89
0 650 238.851 300 89
0 650 238.936 300 89
0 650 239.022 300 89
0 650 239.11 300 89
0 650 239.194 300 89
0 650 239.283 300 89
0 650 239.372 300 89
0 650 239.466 300 89
0 650 239.548 300 89
0 650 239.642 300 89
0 650 239.735 300 89
0 650 239.823 300 89
0 650 239.906 300 89
0 650 239.995 300 89
0 650 240.076 300 89
0 650 240.165 300 89
0 650 240.254 300 89
0 650 240.339 300 89
0 650 240.43 300 89
0 650 240.515 300 89
0 650 240.608 300 89
0 650 240.695 300 89
0 650 240.752 300 89
0 650 240.837 300 89
0 650 240.923 300 89
0 650 241.012 300 89
0 650 241.098 300 89
0 650 241.188 300 89
0 650 241.271 300 89
0 650 241.355 300 89
0 650 241.442 300 89
0 650 241.53 300 89
0 650 241.614 300 89
0 650 241.7 300 89
0 650 241.784 300 89
0 650 241.86 300 89
0 650 241.954 300 89
0 650 242.038 300 89
0 650 242.123 300 89
0 650 242.212 300 89
0 650 242.299 300 89
0 650 242.386 300 89
0 650 242.467 300 89
0 650 242.549 300 89
0 650 242.641 300 89
0 650 242.737 300 89
0 650 242.827 300 89
0 650 242.931 300 89
0 650 243.025 300 89
0 650 243.118 300 89
0 650 243.208 300 89
0 650 243.297 300 89
0 650 243.385 300 89
0 650 243.474 300 89
0 650 243.525 300 89
0 650 243.616 300 89
0 650 243.704 300 89
0 650 243.785 300 89
0 650 243.871 300 89
0 650 243.96 300 89
0 650 244.049 300 89
0 650 244.139 300 89
0 650 244.215 300 89
0 650 244.296 300 89
0 650 244.387 300 89
0 650 244.475 300 89
0 650 244.557 300 89
0 650 244.648 300 89
0 650 244.726 300 89
0 650 244.827 300 89
0 650 244.917 300 89
0 650 244.997 300 89
0 650 245.086 300 89
0 650 245.175 300 89
0 650 245.244 300 89
0 650 245.333 300 89
0 650 245.419 300 89
0 650 245.503 300 89
0 650 245.597 300 89
0 650 245.689 300 89
0 650 245.779 300 89
0 650 245.869 300 89
0 650 245.96 300 89
0 650 246.038 300 89
0 650 246.119 300 89
0 650 246.211 300 89
0 650 246.302 300 89
0 650 246.387 300 89
0 650 246.468 300 89
0 650 246.56 300 89
0 650 246.653 300 89
0 650 246.741 300 89
0 650 246.84 300 89
0 650 246.934 300 89
0 650 247.015 300 89
0 650 247.114 300 89
0 650 247.196 300 89
0 650 247.284 300 89
0 650 247.376 300 89
0 650 247.47 300 89
0 650 247.589 300 89
0 650 247.678 300 89
0 650 247.763 300 89
0 650 247.855 300 89
0 650 247.949 300 89
0 650 248.036 300 89
0 650 248.123 300 89
0 650 248.231 300 89
0 650 248.324 300 89
0 650 248.412 300 89
0 650 248.5 300 89
0 650 248.589 300 89
0 650 248.681 300 89
0 650 248.767 300 89
0 650 248.854 300 89
0 650 248.949 300 89
0 650 249.031 300 89
0 650 249.127 300 89
0 650 249.218 300 89
0 650 249.318 300 89
0 650 249.407 300 89
0 650 249.493 300 89
0 650 249.584 300 89
0 650 249.672 300 89
0 650 249.762 300 89
0 650 249.851 300 89
0 650 249.942 300 89
0 650 250.035 300 89
0 650 250.128 300 89
0 650 250.216 300 89
0 650 250.313 300 89
0 650 250.408 300 89
0 650 250.507 300 89
0 650 250.595 300 89
0 650 250.687 300 89
0 650 250.777 300 89
0 650 250.871 300 89
0 650 250.961 300 89
0 650 251.048 300 89
0 650 251.139 300 89
0 650 251.235 300 89
0 650 251.322 300 89
0 650 251.415 300 89
0 650 251.505 300 89
0 650 251.6 300 89
0 650 251.693 300 89
0 650 251.785 300 89
0 650 251.873 300 89
0 650 251.955 300 89
0 650 252.052 300 89
0 650 252.147 300 89
0 650 252.244 300 89
0 650 252.336 300 89
0 650 252.431 300 89
0 650 252.514 300 89
0 650 252.602 300 89
0 650 252.687 300 89
0 650 252.771 300 89
0 650 252.869 300 89
0 650 252.971 300 89
0 650 253.068 300 89
0 650 253.162 300 89
0 650 253.258 300 89
0 650 253.357 300 89
0 650 253.442 300 89
0 650 253.528 300 89
0 650 253.624 300 89
0 650 253.72 300 89
0 650 253.815 300 89
0 650 253.911 300 89
0 650 254.006 300 89
0 650 254.1 300 89
0 650 254.191 300 89
0 650 254.286 300 89
0 650 254.382 300 89
0 650 254.468 300 89
0 650 254.566 300 89
0 650 254.66 300 89
0 650 254.76 300 89
0 650 254.847 300 89
0 650 254.947 300 89
0 650 255.039 300 89
0 650 255.128 300 89
0 650 255.219 300 89
0 650 255.306 300 89
0 650 255.4 300 89
0 650 255.473 300 89
0 650 255.562 300 89
0 650 255.658 300 89
0 650 255.748 300 89
0 650 255.836 300 89
0 650 255.925 300 89
0 650 256.013 300 89
0 650 256.097 300 89
0 650 256.184 300 89
0 650 256.274 300 89
0 650 256.37 300 89
0 650 256.469 300 89
0 650 256.565 300 89
0 650 256.655 300 89
0 650 256.749 300 89
0 650 256.844 300 89
0 650 256.938 300 89
0 650 257.032 300 89
0 650 257.122 300 89
0 650 257.207 300 89
0 650 257.29 300 89
0 650 257.377 300 89
0 650 257.467 300 89
0 650 257.553 300 89
0 650 257.641 300 89
0 650 257.731 300 89
0 650 257.818 300 89
0 650 257.914 300 89
0 650 258.013 300 89
0 650 258.106 300 89
0 650 258.202 300 89
0 650 258.29 300 89
0 650 258.379 300 89
0 650 258.47 300 89
0 650 258.575 300 89
0 650 258.674 300 89
0 650 258.776 300 89
0 650 258.867 300 89
0 650 258.962 300 89
0 650 259.053 300 89
0 650 259.142 300 89
0 650 259.236 300 89
0 650 259.327 300 89
0 650 259.423 300 89
0 650 259.513 300 89
0 650 259.61 300 89
0 650 259.701 300 89
0 650 259.798 300 89
0 650 259.88 300 89
0 650 259.971 300 89
0 650 260.071 300 89
0 650 260.167 300 89
0 650 260.264 300 89
0 650 260.35 300 89
0 650 260.435 300 89
0 650 260.532 300 89
0 650 260.628 300 89
0 650 260.732 300 89
0 650 260.82 300 89
0 650 260.915 300 89
0 650 261.012 300 89
0 650 261.116 300 89
0 650 261.208 300 89
0 650 261.303 300 89
0 650 261.383 300 89
0 650 261.475 300 89
0 650 261.563 300 89
0 650 261.652 300 89
0 650 261.735 300 89
0 650 261.821 300 89
0 650 261.906 300 89
0 650 261.994 300 89
0 650 262.087 300 89
0 650 262.182 300 89
0 650 262.264 300 89
0 650 262.354 300 89
0 650 262.448 300 89
0 650 262.544 300 89
0 650 262.635 300 89
0 650 262.737 300 89
0 650 262.831 300 89
0 650 262.921 300 89
0 650 263.011 300 89
0 650 263.092 300 89
0 650 263.185 300 89
0 650 263.282 300 89
0 650 263.373 300 89
0 650 263.469 300 89
0 650 263.555 300 89
0 650 263.634 300 89
0 650 263.73 300 89
0 650 263.823 300 89
0 650 263.913 300 89
0 650 264.003 300 89
0 650 264.095 300 89
0 650 264.19 300 89
0 650 264.285 300 89
0 650 264.384 300 89
0 650 264.477 300 89
0 650 264.536 300 89
0 650 264.628 300 89
0 650 264.724 300 89
0 650 264.806 300 89
0 650 264.897 300 89
0 650 264.99 300 89
0 650 265.078 300 89
0 650 265.165 300 89
0 650 265.255 300 89
0 650 265.342 300 89
0 650 265.429 300 89
0 650 265.517 300 89
0 650 265.617 300 89
0 650 265.702 300 89
0 650 265.79 300 89
0 650 265.883 300 89
0 650 265.979 300 89
0 650 266.07 300 89
0 650 266.165 300 89
0 650 266.269 300 89
0 650 266.371 300 89
0 650 266.476 300 89
0 650 266.569 300 89
0 650 266.666 300 89
0 650 266.769 300 89
0 650 266.864 300 89
0 650 266.963 300 89
0 650 267.061 300 89
0 650 267.156 300 89
0 650 267.243 300 89
0 650 267.339 300 89
0 650 267.433 300 89
0 650 267.524 300 89
0 650 267.621 300 89
0 650 267.711 300 89
0 650 267.805 300 89
0 650 267.904 300 89
0 650 268.01 300 89
0 650 268.104 300 89
0 650 268.195 300 89
0 650 268.291 300 89
0 650 268.376 300 89
0 650 268.472 300 89
0 650 268.558 300 89
0 650 268.659 300 89
0 650 268.773 300 89
0 650 268.869 300 89
0 650 268.959 300 89
0 650 269.054 300 89
0 650 269.146 300 89
0 650 269.241 300 89
0 650 269.355 300 89
0 650 269.465 300 89
0 650 269.582 300 89
0 650 269.684 300 89
0 650 269.808 300 89
0 650 269.931 300 89
0 650 270.059 300 89
0 650 270.169 300 89
0 650 270.288 300 89
0 650 270.413 300 89
0 650 270.536 300 89
0 650 270.648 300 89
0 650 270.764 300 89
0 650 270.875 300 89
0 650 270.995 300 89
0 650 271.115 300 89
0 650 271.237 300 89
0 650 271.339 300 89
0 650 271.467 300 89
0 650 271.585 300 89
0 650 271.703 300 89
0 650 271.817 300 89
0 650 271.929 300 89
0 650 272.045 300 89
0 650 272.165 300 89
0 650 272.273 300 89
0 650 272.385 300 89
0 650 272.502 300 89
0 650 272.615 300 89
0 650 272.726 300 89
0 650 272.845 300 89
0 650 272.987 300 89
0 650 273.096 300 89
0 650 273.22 300 89
0 650 273.326 300 89
0 650 273.453 300 89
0 650 273.572 300 89
0 650 273.683 300 89
0 650 273.799 300 89
0 650 273.91 300 89
0 650 274.022 300 89
0 650 274.14 300 89
0 650 274.245 300 89
0 650 274.352 300 89
0 650 274.462 300 89
0 650 274.578 300 89
0 650 274.687 300 89
0 650 274.797 300 89
0 650 274.916 300 89
0 650 275.028 300 89
0 650 275.145 300 89
0 650 275.247 300 89
0 650 275.354 300 89
0 650 275.462 300 89
0 650 275.565 300 89
0 650 275.675 300 89
0 650 275.781 300 89
0 650 275.888 300 89
0 650 275.999 300 89
0 650 276.11 300 89
0 650 276.219 300 89
0 650 276.316 300 89
0 650 276.432 300 89
0 650 276.553 300 89
0 650 276.667 300 89
0 650 276.746 300 89
0 650 276.852 300 89
0 650 276.974 300 89
0 650 277.094 300 89
0 650 277.2 300 89
0 650 277.31 300 89
0 650 277.42 300 89
0 650 277.539 300 89
0 650 277.63 300 89
0 650 277.804 300 89
0 650 277.91 300 89
0 650 278.02 300 89
0 650 278.126 300 89
0 650 278.233 300 89
0 650 278.35 300 89
0 650 278.457 300 89
0 650 278.547 300 89
0 650 278.646 300 89
0 650 278.731 300 89
0 650 278.824 300 89
0 650 278.911 300 89
0 650 279.002 300 89
0 650 279.092 300 89
0 650 279.167 300 89
0 650 279.248 300 89
0 650 279.338 300 89
0 650 279.428 300 89
0 650 279.516 300 89
0 650 279.605 300 89
0 650 279.71 300 89
0 650 279.831 300 89
0 650 279.901 300 89
0 650 279.997 300 89
0 650 280.094 300 89
0 650 280.193 300 89
0 650 280.288 300 89
0 650 280.375 300 89
0 650 280.468 300 89
0 650 280.561 300 89
0 650 280.647 300 89
0 650 280.727 300 89
0 650 280.828 300 89
0 650 280.918 300 89
0 650 281.014 300 89
0 650 281.1 300 89
0 650 281.167 300 89
0 650 281.227 300 89
0 650 281.296 300 89
0 650 281.356 300 89
0 650 281.414 300 89
0 650 281.484 300 89
0 650 281.581 300 89
0 650 281.664 300 89
0 650 281.76 300 89
0 650 281.853 300 89
0 650 281.938 300 89
0 650 282.037 300 89
0 650 282.121 300 89
0 650 282.213 300 89
0 650 282.3 300 89
0 650 282.385 300 89
0 650 282.468 300 89
0 650 282.56 300 89
0 650 282.648 300 89
0 650 282.733 300 89
0 650 282.82 300 89
0 650 282.906 300 89
0 650 282.988 300 89
0 650 283.067 300 89
0 650 283.164 300 89
0 650 283.252 300 89
0 650 283.348 300 89
0 650 283.436 300 89
0 650 283.518 300 89
0 650 283.61 300 89
0 650 283.701 300 89
0 650 283.805 300 89
0 650 283.915 300 89
0 650 284.017 300 89
0 650 284.104 300 89
0 650 284.195 300 89
0 650 284.292 300 89
0 650 284.381 300 89
0 650 284.47 300 89
0 650 284.563 300 89
0 650 284.653 300 89
0 650 284.736 300 89
0 650 284.827 300 89
0 650 284.923 300 89
0 650 285.015 300 89
0 650 285.109 300 89
0 650 285.193 300 89
0 650 285.286 300 89
0 650 285.362 300 89
0 650 285.455 300 89
0 650 285.543 300 89
0 650 285.635 300 89
0 650 285.728 300 89
0 650 285.831 300 89
0 650 285.922 300 89
0 650 286.011 300 89
0 650 286.112 300 89
0 650 286.206 300 89
0 650 286.293 300 89
0 650 286.381 300 89
0 650 286.468 300 89
0 650 286.549 300 89
0 650 286.634 300 89
0 650 286.716 300 89
0 650 286.804 300 89
0 650 286.892 300 89
0 650 286.981 300 89
0 650 287.08 300 89
0 650 287.171 300 89
0 650 287.261 300 89
0 650 287.351 300 89
0 650 287.442 300 89
0 650 287.527 300 89
0 650 287.621 300 89
0 650 287.71 300 89
0 650 287.798 300 89
0 650 287.89 300 89
0 650 287.984 300 89
0 650 288.08 300 89
0 650 288.169 300 89
0 650 288.261 300 89
0 650 288.347 300 89
0 650 288.438 300 89
0 650 288.534 300 89
0 650 288.622 300 89
0 650 288.716 300 89
0 650 288.824 300 89
0 650 288.929 300 89
0 650 289.027 300 89
0 650 289.116 300 89
0 650 289.205 300 89
0 650 289.293 300 89
0 650 289.383 300 89
0 650 289.468 300 89
0 650 289.557 300 89
0 650 289.643 300 89
0 650 289.718 300 89
0 650 289.814 300 89
0 650 289.905 300 89
0 650 289.989 300 89
0 650 290.081 300 89
0 650 290.172 300 89
0 650 290.258 300 89
0 650 290.343 300 89
0 650 290.429 300 89
0 650 290.519 300 89
0 650 290.626 300 89
0 650 290.714 300 89
0 650 290.809 300 89
0 650 290.906 300 89
0 650 291.009 300 89
0 650 291.097 300 89
0 650 291.19 300 89
0 650 291.283 300 89
0 650 291.377 300 89
0 650 291.466 300 89
0 650 291.556 300 89
0 650 291.648 300 89
0 650 291.735 300 89
0 650 291.825 300 89
0 650 291.912 300 89
0 650 291.993 300 89
0 650 292.08 300 89
0 650 292.167 300 89
0 650 292.256 300 89
0 650 292.345 300 89
0 650 292.427 300 89
0 650 292.512 300 89
0 650 292.603 300 89
0 650 292.687 300 89
0 650 292.773 300 89
0 650 292.862 300 89
0 650 292.923 300 89
0 650 293.01 300 89
0 650 293.099 300 89
0 650 293.187 300 89
0 650 293.291 300 89
0 650 293.384 300 89
0 650 293.477 300 89
0 650 293.572 300 89
0 650 293.66 300 89
0 650 293.746 300 89
0 650 293.842 300 89
0 650 293.922 300 89
0 650 294.009 300 89
0 650 294.097 300 89
0 650 294.196 300 89
0 650 294.284 300 89
0 650 294.372 300 89
0 650 294.453 300 89
0 650 294.545 300 89
0 650 294.63 300 89
0 650 294.703 300 89
0 650 294.793 300 89
0 650 294.886 300 89
0 650 294.976 300 89
0 650 295.061 300 89
0 650 295.143 300 89
0 650 295.232 300 89
0 650 295.318 300 89
0 650 295.405 300 89
0 650 295.494 300 89
0 650 295.58 300 89
0 650 295.674 300 89
0 650 295.765 300 89
0 650 295.864 300 89
0 650 295.955 300 89
0 650 296.045 300 89
0 650 296.134 300 89
0 650 296.219 300 89
0 650 296.314 300 89
0 650 296.393 300 89
0 650 296.477 300 89
0 650 296.566 300 89
0 650 296.654 300 89
0 650 296.741 300 89
0 650 296.834 300 89
0 650 296.919 300 89
0 650 297.002 300 89
0 650 297.09 300 89
0 650 297.173 300 89
0 650 297.26 300 89
0 650 297.357 300 89
0 650 297.476 300 89
0 650 297.562 300 89
0 650 297.645 300 89
0 650 297.735 300 89
0 650 297.825 300 89
0 650 297.916 300 89
0 650 298.005 300 89
0 650 298.091 300 89
0 650 298.178 300 89
0 650 298.273 300 89
0 650 298.36 300 89
0 650 298.446 300 89
0 650 298.535 300 89
0 650 298.633 300 89
0 650 298.721 300 89
0 650 298.815 300 89
0 650 298.903 300 89
0 650 298.995 300 89
0 650 299.081 300 89
0 650 299.138 300 89
0 650 299.229 300 89
0 650 299.335 300 89
0 650 299.425 300 89
0 650 299.522 300 89
0 650 299.609 300 89
0 650 299.708 300 89
0 650 299.795 300 89
0 650 299.88 300 89
0 650 299.971 300 89
0 650 300.059 300 89
0 650 300.12 300 89
0 650 300.201 300 89
0 650 300.287 300 89
0 650 300.369 300 89
0 650 300.453 300 89
0 650 300.547 300 89
0 650 300.627 300 89
0 650 300.712 300 89
0 650 300.798 300 89
0 650 300.887 300 89
0 650 300.97 300 89
0 650 301.05 300 89
0 650 301.14 300 89
0 650 301.233 300 89
0 650 301.319 300 89
0 650 301.405 300 89
0 650 301.493 300 89
0 650 301.585 300 89
0 650 301.672 300 89
0 650 301.761 300 89
0 650 301.851 300 89
0 650 301.936 300 89
0 650 302.018 300 89
0 650 302.106 300 89
0 650 302.198 300 89
0 650 302.283 300 89
0 650 302.357 300 89
0 650 302.453 300 89
0 650 302.539 300 89
0 650 302.628 300 89
0 650 302.711 300 89
0 650 302.796 300 89
0 650 302.885 300 89
0 650 302.976 300 89
0 650 303.067 300 89
0 650 303.154 300 89
0 650 303.243 300 89
0 650 303.321 300 89
0 650 303.409 300 89
0 650 303.492 300 89
0 650 303.583 300 89
0 650 303.677 300 89
0 650 303.75 300 89
0 650 303.837 300 89
0 650 303.925 300 89
0 650 304.008 300 89
0 650 304.094 300 89
0 650 304.181 300 89
0 650 304.264 300 89
0 650 304.349 300 89
0 650 304.443 300 89
0 650 304.532 300 89
0 650 304.618 300 89
0 650 304.714 300 89
0 650 304.799 300 89
0 650 304.886 300 89
0 650 304.972 300 89
0 650 305.068 300 89
0 650 305.144 300 89
0 650 305.227 300 89
0 650 305.313 300 89
0 650 305.4 300 89
0 650 305.48 300 89
0 650 305.567 300 89
0 650 305.655 300 89
0 650 305.741 300 89
0 650 305.819 300 89
0 650 305.902 300 89
0 650 305.991 300 89
0 650 306.085 300 89
0 650 306.166 300 89
0 650 306.252 300 89
0 650 306.341 300 89
0 650 306.429 300 89
0 650 306.514 300 89
0 650 306.611 300 89
0 650 306.703 300 89
0 650 306.777 300 89
0 650 306.863 300 89
0 650 306.95 300 89
0 650 307.039 300 89
0 650 307.129 300 89
0 650 307.215 300 89
0 650 307.302 300 89
0 650 307.385 300 89
0 650 307.478 300 89
0 650 307.57 300 89
0 650 307.658 300 89
0 650 307.754 300 89
0 650 307.841 300 89
0 650 307.934 300 89
0 650 308.024 300 89
0 650 308.112 300 89
0 650 308.201 300 89
0 650 308.286 300 89
0 650 308.376 300 89
0 650 308.468 300 89
0 650 308.552 300 89
0 650 308.643 300 89
0 650 308.731 300 89
0 650 308.816 300 89
0 650 308.899 300 89
0 650 308.983 300 89
0 650 309.073 300 89
0 650 309.167 300 89
0 650 309.256 300 89
0 650 309.344 300 89
0 650 309.43 300 89
0 650 309.518 300 89
0 650 309.602 300 89
0 650 309.683 300 89
0 650 309.76 300 89
0 650 309.844 300 89
0 650 309.925 300 89
0 650 310.009 300 89
0 650 310.086 300 89
0 650 310.175 300 89
0 650 310.263 300 89
0 650 310.348 300 89
0 650 310.427 300 89
0 650 310.513 300 89
0 650 310.601 300 89
0 650 310.685 300 89
0 650 310.772 300 89
0 650 310.852 300 89
0 650 310.936 300 89
0 650 311.029 300 89
0 650 311.12 300 89
0 650 311.208 300 89
0 650 311.298 300 89
0 650 311.383 300 89
0 650 311.46 300 89
0 650 311.55 300 89
0 650 311.634 300 89
0 650 311.726 300 89
0 650 311.812 300 89
0 650 311.891 300 89
0 650 311.978 300 89
0 650 312.073 300 89
0 650 312.162 300 89
0 650 312.248 300 89
0 650 312.328 300 89
0 650 312.418 300 89
0 650 312.499 300 89
0 650 312.588 300 89
0 650 312.672 300 89
0 650 312.757 300 89
0 650 312.841 300 89
0 650 312.916 300 89
0 650 313.003 300 89
0 650 313.094 300 89
0 650 313.185 300 89
0 650 313.264 300 89
0 650 313.348 300 89
0 650 313.437 300 89
0 650 313.525 300 89
0 650 313.61 300 89
0 650 313.695 300 89
0 650 313.783 300 89
0 650 313.872 300 89
0 650 313.958 300 89
0 650 314.047 300 89
0 650 314.138 300 89
0 650 314.232 300 89
0 650 314.32 300 89
0 650 314.408 300 89
0 650 314.493 300 89
0 650 314.576 300 89
0 650 314.662 300 89
0 650 314.747 300 89
0 650 314.828 300 89
0 650 314.911 300 89
0 650 314.989 300 89
0 650 315.074 300 89
0 650 315.161 300 89
0 650 315.246 300 89
0 650 315.331 300 89
0 650 315.422 300 89
0 650 315.511 300 89
0 650 315.602 300 89
0 650 315.687 300 89
0 650 315.771 300 89
0 650 315.854 300 89
0 650 315.94 300 89
0 650 316.029 300 89
0 650 316.111 300 89
0 650 316.196 300 89
0 650 316.289 300 89
0 650 316.37 300 89
0 650 316.45 300 89
0 650 316.51 300 89
0 650 316.569 300 89
0 650 316.629 300 89
0 650 316.692 300 89
0 650 316.749 300 89
0 650 316.809 300 89
0 650 316.868 300 89
0 650 316.93 300 89
0 650 316.987 300 89
0 650 317.048 300 89
0 650 317.102 300 89
0 650 317.157 300 89
0 650 317.221 300 89
0 650 317.277 300 89
0 650 317.335 300 89
0 650 317.392 300 89
0 650 317.447 300 89
0 650 317.503 300 89
0 650 317.563 300 89
0 650 317.625 300 89
0 650 317.68 300 89
0 650 317.744 300 89
0 650 317.816 300 89
0 650 317.875 300 89
0 650 317.936 300 89
0 650 317.996 300 89
0 650 318.052 300 89
0 650 318.117 300 89
0 650 318.178 300 89
0 650 318.247 300 89
0 650 318.303 300 89
0 650 318.365 300 89
0 650 318.423 300 89
0 650 318.481 300 89
0 650 318.546 300 89
0 650 318.598 300 89
0 650 318.655 300 89
0 650 318.719 300 89
0 650 318.775 300 89
0 650 318.833 300 89
0 650 318.885 300 89
0 650 318.946 300 89
0 650 319.004 300 89
0 650 319.065 300 89
0 650 319.117 300 89
0 650 319.173 300 89
0 650 319.232 300 89
0 650 319.294 300 89
0 650 319.358 300 89
0 650 319.415 300 89
0 650 319.477 300 89
0 650 319.529 300 89
0 650 319.588 300 89
0 650 319.647 300 89
0 650 319.709 300 89
0 650 319.763 300 89
0 650 319.819 300 89
0 650 319.875 300 89
0 650 319.934 300 89
0 650 319.995 300 89
0 650 320.049 300 89
0 650 320.111 300 89
0 650 320.213 300 89
0 650 320.271 300 89
0 650 320.328 300 89
0 650 320.386 300 89
0 650 320.444 300 89
0 650 320.5 300 89
0 650 320.552 300 89
0 650 320.617 300 89
0 650 320.677 300 89
0 650 320.716 300 89
0 650 320.767 300 89
0 650 320.827 300 89
0 650 320.88 300 89
0 650 320.938 300 89
0 650 321.005 300 89
0 650 321.06 300 89
0 650 321.119 300 89
0 650 321.179 300 89
0 650 321.239 300 89
0 650 321.299 300 89
0 650 321.356 300 89
0 650 321.413 300 89
0 650 321.474 300 89
0 650 321.531 300 89
0 650 321.595 300 89
0 650 321.654 300 89
0 650 321.712 300 89
0 650 321.773 300 89
0 650 321.832 300 89
0 650 321.887 300 89
0 650 321.941 300 89
0 650 321.995 300 89
0 650 322.053 300 89
0 650 322.114 300 89
0 650 322.172 300 89
0 650 322.225 300 89
0 650 322.286 300 89
0 650 322.341 300 89
0 650 322.403 300 89
0 650 322.467 300 89
0 650 322.519 300 89
0 650 322.58 300 89
0 650 322.639 300 89
0 650 322.694 300 89
0 650 322.753 300 89
0 650 322.81 300 89
0 650 322.871 300 89
0 650 322.924 300 89
0 650 322.984 300 89
0 650 323.045 300 89
0 650 323.107 300 89
0 650 323.169 300 89
0 650 323.228 300 89
0 650 323.287 300 89
0 650 323.343 300 89
0 650 323.404 300 89
0 650 323.464 300 89
0 650 323.519 300 89
0 650 323.574 300 89
0 650 323.636 300 89
0 650 323.698 300 89
0 650 323.759 300 89
0 650 323.817 300 89
0 650 323.876 300 89
0 650 323.935 300 89
0 650 323.99 300 89
0 650 324.051 300 89
0 650 324.106 300 89
0 650 324.165 300 89
0 650 324.223 300 89
0 650 324.283 300 89
0 650 324.343 300 89
0 650 324.398 300 89
0 650 324.447 300 89
0 650 324.501 300 89
0 650 324.557 300 89
0 650 324.611 300 89
0 650 324.675 300 89
0 650 324.735 300 89
0 650 324.796 300 89
0 650 324.85 300 89
0 650 324.91 300 89
0 650 324.969 300 89
0 650 325.03 300 89
0 650 325.09 300 89
0 650 325.141 300 89
0 650 325.199 300 89
0 650 325.255 300 89
0 650 325.308 300 89
0 650 325.363 300 89
0 650 325.421 300 89
0 650 325.486 300 89
0 650 325.547 300 89
0 650 325.605 300 89
0 650 325.662 300 89
0 650 325.72 300 89
0 650 325.769 300 89
0 650 325.83 300 89
0 650 325.888 300 89
0 650 325.946 300 89
0 650 326.007 300 89
0 650 326.064 300 89
0 650 326.121 300 89
0 650 326.182 300 89
0 650 326.243 300 89
0 650 326.304 300 89
0 650 326.362 300 89
0 650 326.415 300 89
0 650 326.468 300 89
0 650 326.526 300 89
0 650 326.587 300 89
0 650 326.647 300 89
0 650 326.718 300 89
0 650 326.775 300 89
0 650 326.837 300 89
0 650 326.898 300 89
0 650 326.954 300 89
0 650 327.013 300 89
0 650 327.071 300 89
0 650 327.127 300 89
0 650 327.182 300 89
0 650 327.236 300 89
0 650 327.3 300 89
0 650 327.355 300 89
0 650 327.415 300 89
0 650 327.476 300 89
0 650 327.534 300 89
0 650 327.589 300 89
0 650 327.652 300 89
0 650 327.706 300 89
0 650 327.765 300 89
0 650 327.82 300 89
0 650 327.882 300 89
0 650 327.941 300 89
0 650 328.003 300 89
0 650 328.067 300 89
0 650 328.155 300 89
0 650 328.207 300 89
0 650 328.267 300 89
0 650 328.345 300 89
0 650 328.432 300 89
0 650 328.53 300 89
0 650 328.626 300 89
0 650 328.713 300 89
0 650 328.794 300 89
0 650 328.887 300 89
0 650 328.994 300 89
0 650 329.088 300 89
0 650 329.179 300 89
0 650 329.258 300 89
0 650 329.339 300 89
0 650 329.421 300 89
0 650 329.507 300 89
0 650 329.589 300 89
0 650 329.671 300 89
0 650 329.75 300 89
0 650 329.837 300 89
0 650 329.92 300 89
0 650 330.01 300 89
0 650 330.096 300 89
0 650 330.181 300 89
0 650 330.272 300 89
0 650 330.355 300 89
0 650 330.442 300 89
0 650 330.529 300 89
0 650 330.622 300 89
0 650 330.712 300 89
0 650 330.814 300 89
0 650 330.901 300 89
0 650 330.987 300 89
0 650 331.066 300 89
0 650 331.145 300 89
0 650 331.222 300 89
0 650 331.303 300 89
0 650 331.386 300 89
0 650 331.463 300 89
0 650 331.558 300 89
0 650 331.64 300 89
0 650 331.726 300 89
0 650 331.796 300 89
0 650 331.879 300 89
0 650 331.961 300 89
0 650 332.04 300 89
0 650 332.115 300 89
0 650 332.173 300 89
0 650 332.228 300 89
0 650 332.283 300 89
0 650 332.347 300 89
0 650 332.409 300 89
0 650 332.469 300 89
0 650 332.528 300 89
0 650 332.588 300 89
0 650 332.647 300 89
0 650 332.708 300 89
0 650 332.769 300 89
0 650 332.828 300 89
0 650 332.882 300 89
0 650 332.942 300 89
0 650 332.998 300 89
0 650 333.056 300 89
0 650 333.114 300 89
0 650 333.176 300 89
0 650 333.234 300 89
0 650 333.291 300 89
0 650 333.354 300 89
0 650 333.409 300 89
0 650 333.474 300 89
0 650 333.534 300 89
0 650 333.596 300 89
0 650 333.678 300 89
0 650 333.745 300 89
0 650 333.808 300 89
0 650 333.863 300 89
0 650 333.921 300 89
0 650 333.983 300 89
0 650 334.045 300 89
0 650 334.108 300 89
0 650 334.167 300 89
0 650 334.22 300 89
0 650 334.272 300 89
0 650 334.329 300 89
0 650 334.388 300 89
0 650 334.444 300 89
0 650 334.507 300 89
0 650 334.566 300 89
0 650 334.627 300 89
0 650 334.685 300 89
0 650 334.747 300 89
0 650 334.838 300 89
0 650 334.932 300 89
0 650 335.016 300 89
0 650 335.102 300 89
0 650 335.187 300 89
0 650 335.262 300 89
0 650 335.343 300 89
0 650 335.42 300 89
0 650 335.51 300 89
0 650 335.605 300 89
0 650 335.673 300 89
0 650 335.729 300 89
0 650 335.791 300 89
0 650 335.844 300 89
0 650 335.898 300 89
0 650 335.959 300 89
0 650 336.017 300 89
0 650 336.082 300 89
0 650 336.144 300 89
0 650 336.206 300 89
0 650 336.263 300 89
0 650 336.321 300 89
0 650 336.38 300 89
0 650 336.439 300 89
0 650 336.497 300 89
0 650 336.554 300 89
0 650 336.613 300 89
0 650 336.675 300 89
0 650 336.729 300 89
0 650 336.795 300 89
0 650 336.859 300 89
0 650 336.916 300 89
0 650 336.982 300 89
0 650 337.045 300 89
0 650 337.107 300 89
0 650 337.168 300 89
0 650 337.225 300 89
0 650 337.284 300 89
0 650 337.346 300 89
0 650 337.411 300 89
0 650 337.485 300 89
0 650 337.544 300 89
0 650 337.604 300 89
0 650 337.669 300 89
0 650 337.732 300 89
0 650 337.785 300 89
0 650 337.848 300 89
0 650 337.905 300 89
0 650 337.965 300 89
0 650 338.03 300 89
0 650 338.094 300 89
0 650 338.156 300 89
0 650 338.217 300 89
0 650 338.28 300 89
0 650 338.339 300 89
0 650 338.399 300 89
0 650 338.46 300 89
0 650 338.511 300 89
0 650 338.587 300 89
0 650 338.668 300 89
0 650 338.744 300 89
0 650 338.815 300 89
0 650 338.89 300 89
0 650 338.969 300 89
0 650 339.05 300 89
0 650 339.142 300 89
0 650 339.228 300 89
0 650 339.321 300 89
0 650 339.405 300 89
0 650 339.486 300 89
0 650 339.565 300 89
0 650 339.673 300 89
0 650 339.761 300 89
0 650 339.846 300 89
0 650 339.933 300 89
0 650 340.02 300 89
0 650 340.105 300 89
0 650 340.194 300 89
0 650 340.296 300 89
0 650 340.399 300 89
0 650 340.487 300 89
0 650 340.574 300 89
0 650 340.663 300 89
0 650 340.747 300 89
0 650 340.831 300 89
0 650 340.914 300 89
0 650 340.998 300 89
0 650 341.085 300 89
0 650 341.166 300 89
0 650 341.248 300 89
0 650 341.33 300 89
0 650 341.412 300 89
0 650 341.497 300 89
0 650 341.582 300 89
0 650 341.669 300 89
0 650 341.755 300 89
0 650 341.84 300 89
0 650 341.918 300 89
0 650 342.013 300 89
0 650 342.101 300 89
0 650 342.204 300 89
0 650 342.309 300 89
0 650 342.393 300 89
0 650 342.484 300 89
0 650 342.574 300 89
0 650 342.654 300 89
0 650 342.736 300 89
0 650 342.817 300 89
0 650 342.9 300 89
0 650 342.985 300 89
0 650 343.073 300 89
0 650 343.16 300 89
0 650 343.244 300 89
0 650 343.323 300 89
0 650 343.41 300 89
0 650 343.49 300 89
0 650 343.579 300 89
0 650 343.665 300 89
0 650 343.759 300 89
0 650 343.835 300 89
0 650 343.938 300 89
0 650 344.046 300 89
0 650 344.128 300 89
0 650 344.213 300 89
0 650 344.292 300 89
0 650 344.375 300 89
0 650 344.453 300 89
0 650 344.541 300 89
0 650 344.63 300 89
0 650 344.709 300 89
0 650 344.797 300 89
0 650 344.882 300 89
0 650 344.97 300 89
0 650 345.058 300 89
0 650 345.139 300 89
0 650 345.219 300 89
0 650 345.307 300 89
0 650 345.391 300 89
0 650 345.479 300 89
0 650 345.561 300 89
0 650 345.661 300 89
0 650 345.754 300 89
0 650 345.843 300 89
0 650 345.931 300 89
0 650 346.009 300 89
0 650 346.093 300 89
0 650 346.169 300 89
0 650 346.247 300 89
0 650 346.336 300 89
0 650 346.422 300 89
0 650 346.522 300 89
0 650 346.602 300 89
0 650 346.686 300 89
0 650 346.769 300 89
0 650 346.848 300 89
0 650 346.931 300 89
0 650 347.004 300 89
0 650 347.085 300 89
0 650 347.166 300 89
0 650 347.248 300 89
0 650 347.339 300 89
0 650 347.434 300 89
0 650 347.536 300 89
0 650 347.632 300 89
0 650 347.72 300 89
0 650 347.805 300 89
0 650 347.885 300 89
0 650 347.988 300 89
0 650 348.09 300 89
0 650 348.17 300 89
0 650 348.255 300 89
0 650 348.344 300 89
0 650 348.428 300 89
0 650 348.504 300 89
0 650 348.586 300 89
0 650 348.678 300 89
0 650 348.761 300 89
0 650 348.848 300 89
0 650 348.931 300 89
0 650 349.015 300 89
0 650 349.1 300 89
0 650 349.181 300 89
0 650 349.262 300 89
0 650 349.337 300 89
0 650 349.448 300 89
0 650 349.533 300 89
0 650 349.623 300 89
0 650 349.717 300 89
0 650 349.823 300 89
0 650 349.921 300 89
0 650 350.014 300 89
0 650 350.096 300 89
0 650 350.183 300 89
0 650 350.27 300 89
0 650 350.362 300 89
0 650 350.452 300 89
0 650 350.545 300 89
0 650 350.634 300 89
0 650 350.721 300 89
0 650 350.814 300 89
0 650 350.895 300 89
0 650 350.986 300 89
0 650 351.064 300 89
0 650 351.146 300 89
0 650 351.225 300 89
0 650 351.31 300 89
0 650 351.386 300 89
0 650 351.473 300 89
0 650 351.556 300 89
0 650 351.646 300 89
0 650 351.74 300 89
0 650 351.843 300 89
0 650 351.924 300 89
0 650 352.009 300 89
0 650 352.095 300 89
0 650 352.181 300 89
0 650 352.266 300 89
0 650 352.354 300 89
0 650 352.443 300 89
0 650 352.527 300 89
0 650 352.62 300 89
0 650 352.705 300 89
0 650 352.792 300 89
0 650 352.879 300 89
0 650 352.965 300 89
0 650 353.05 300 89
0 650 353.14 300 89
0 650 353.228 300 89
0 650 353.31 300 89
0 650 353.401 300 89
0 650 353.501 300 89
0 650 353.608 300 89
0 650 353.701 300 89
0 650 353.79 300 89
0 650 353.875 300 89
0 650 353.979 300 89
0 650 354.072 300 89
0 650 354.159 300 89
0 650 354.243 300 89
0 650 354.323 300 89
0 650 354.408 300 89
0 650 354.493 300 89
0 650 354.584 300 89
0 650 354.676 300 89
0 650 354.761 300 89
0 650 354.842 300 89
0 650 354.931 300 89
0 650 355.018 300 89
0 650 355.104 300 89
0 650 355.188 300 89
0 650 355.274 300 89
0 650 355.361 300 89
0 650 355.447 300 89
0 650 355.544 300 89
0 650 355.642 300 89
0 650 355.75 300 89
0 650 355.85 300 89
0 650 355.938 300 89
0 650 356.033 300 89
0 650 356.128 300 89
0 650 356.229 300 89
0 650 356.31 300 89
0 650 356.395 300 89
0 650 356.479 300 89
0 650 356.568 300 89
0 650 356.657 300 89
0 650 356.739 300 89
0 650 356.825 300 89
0 650 356.898 300 89
0 650 356.991 300 89
0 650 357.077 300 89
0 650 357.162 300 89
0 650 357.251 300 89
0 650 357.335 300 89
0 650 357.422 300 89
0 650 357.507 300 89
0 650 357.586 300 89
0 650 357.67 300 89
0 650 357.749 300 89
0 650 357.849 300 89
0 650 357.932 300 89
0 650 358.044 300 89
0 650 358.13 300 89
0 650 358.217 300 89
0 650 358.301 300 89
0 650 358.379 300 89
0 650 358.464 300 89
0 650 358.547 300 89
0 650 358.634 300 89
0 650 358.71 300 89
0 650 358.8 300 89
0 650 358.882 300 89
0 650 358.97 300 89
0 650 359.05 300 89
0 650 359.138 300 89
0 650 359.221 300 89
0 650 359.304 300 89
0 650 359.392 300 89
0 650 359.48 300 89
0 650 359.563 300 89
0 650 359.643 300 89
0 650 359.735 300 89
0 650 359.826 300 89
0 650 359.924 300 89
0 650 360.022 300 89
0 650 360.108 300 89
0 650 360.199 300 89
0 650 360.286 300 89
0 650 360.388 300 89
0 650 360.49 300 89
0 650 360.58 300 89
0 650 360.668 300 89
0 650 360.766 300 89
0 650 360.882 300 89
0 650 360.974 300 89
0 650 361.059 300 89
0 650 361.139 300 89
0 650 361.223 300 89
0 650 361.302 300 89
0 650 361.393 300 89
0 650 361.479 300 89
0 650 361.572 300 89
0 650 361.655 300 89
0 650 361.746 300 89
0 650 361.843 300 89
0 650 361.93 300 89
0 650 362.014 300 89
0 650 362.103 300 89
0 650 362.188 300 89
0 650 362.277 300 89
0 650 362.367 300 89
0 650 362.456 300 89
0 650 362.564 300 89
0 650 362.665 300 89
0 650 362.754 300 89
0 650 362.849 300 89
0 650 362.94 300 89
0 650 363.005 300 89
0 650 363.115 300 89
0 650 363.211 300 89
0 650 363.297 300 89
0 650 363.386 300 89
0 650 363.471 300 89
0 650 363.563 300 89
0 650 363.664 300 89
0 650 363.776 300 89
0 650 363.896 300 89
0 650 364.002 300 89
0 650 364.114 300 89
0 650 364.235 300 89
0 650 364.367 300 89
0 650 364.487 300 89
0 650 364.608 300 89
0 650 364.74 300 89
0 650 364.825 300 89
0 650 364.942 300 89
0 650 365.045 300 89
0 650 365.153 300 89
0 650 365.261 300 89
0 650 365.38 300 89
0 650 365.483 300 89
0 650 365.6 300 89
0 650 365.721 300 89
0 650 365.834 300 89
0 650 365.946 300 89
0 650 366.054 300 89
0 650 366.185 300 89
0 650 366.304 300 89
0 650 366.423 300 89
0 650 366.545 300 89
0 650 366.657 300 89
0 650 366.768 300 89
0 650 366.85 300 89
0 650 366.967 300 89
0 650 367.076 300 89
0 650 367.198 300 89
0 650 367.325 300 89
0 650 367.44 300 89
0 650 367.546 300 89
0 650 367.667 300 89
0 650 367.813 300 89
0 650 367.91 300 89
0 650 368.022 300 89
0 650 368.143 300 89
0 650 368.258 300 89
0 650 368.37 300 89
0 650 368.489 300 89
0 650 368.609 300 89
0 650 368.788 300 89
0 650 368.907 300 89
0 650 369.036 300 89
0 650 369.144 300 89
0 650 369.222 300 89
0 650 369.341 300 89
0 650 369.461 300 89
0 650 369.584 300 89
0 650 369.693 300 89
0 650 369.805 300 89
0 650 369.91 300 89
0 650 370.021 300 89
0 650 370.142 300 89
0 650 370.246 300 89
0 650 370.354 300 89
0 650 370.463 300 89
0 650 370.583 300 89
0 650 370.693 300 89
0 650 370.806 300 89
0 650 370.93 300 89
0 650 371.048 300 89
0 650 371.157 300 89
0 650 371.276 300 89
0 650 371.354 300 89
0 650 371.467 300 89
0 650 371.577 300 89
0 650 371.673 300 89
0 650 371.764 300 89
0 650 371.85 300 89
0 650 371.933 300 89
0 650 372.026 300 89
0 650 372.107 300 89
0 650 372.203 300 89
0 650 372.295 300 89
0 650 372.385 300 89
0 650 372.478 300 89
0 650 372.573 300 89
0 650 372.649 300 89
0 650 372.736 300 89
0 650 372.807 300 89
0 650 372.887 300 89
0 650 372.976 300 89
0 650 373.062 300 89
0 650 373.156 300 89
0 650 373.24 300 89
0 650 373.307 300 89
0 650 373.372 300 89
0 650 373.436 300 89
0 650 373.498 300 89
0 650 373.56 300 89
0 650 373.622 300 89
0 650 373.686 300 89
0 650 373.753 300 89
0 650 373.815 300 89
0 650 373.878 300 89
0 650 373.974 300 89
0 650 374.145 300 89
0 650 374.26 300 89
0 650 374.342 300 89
0 650 374.426 300 89
0 650 374.514 300 89
0 650 374.604 300 89
0 650 374.689 300 89
0 650 374.78 300 89
0 650 374.866 300 89
0 650 374.968 300 89
0 650 375.059 300 89
0 650 375.158 300 89
0 650 375.266 300 89
0 650 375.359 300 89
0 650 375.46 300 89
0 650 375.554 300 89
0 650 375.671 300 89
0 650 375.785 300 89
0 650 375.897 300 89
0 650 375.983 300 89
0 650 376.07 300 89
0 650 376.152 300 89
0 650 376.241 300 89
0 650 376.327 300 89
0 650 376.411 300 89
0 650 376.5 300 89
0 650 376.603 300 89
0 650 376.701 300 89
0 650 376.792 300 89
0 650 376.885 300 89
0 650 376.987 300 89
0 650 377.076 300 89
0 650 377.164 300 89
0 650 377.251 300 89
0 650 377.334 300 89
0 650 377.424 300 89
0 650 377.514 300 89
0 650 377.606 300 89
0 650 377.708 300 89
0 650 377.819 300 89
0 650 377.913 300 89
0 650 378.003 300 89
0 650 378.114 300 89
0 650 378.203 300 89
0 650 378.287 300 89
0 650 378.379 300 89
0 650 378.473 300 89
0 650 378.561 300 89
0 650 378.676 300 89
0 650 378.772 300 89
0 650 378.866 300 89
0 650 378.958 300 89
0 650 379.05 300 89
0 650 379.14 300 89
0 650 379.229 300 89
0 650 379.31 300 89
0 650 379.395 300 89
0 650 379.485 300 89
0 650 379.571 300 89
0 650 379.664 300 89
0 650 379.796 300 89
0 650 379.878 300 89
0 650 379.991 300 89
0 650 380.095 300 89
0 650 380.176 300 89
0 650 380.28 300 89
0 650 380.378 300 89
0 650 380.468 300 89
0 650 380.559 300 89
0 650 380.643 300 89
0 650 380.75 300 89
0 650 380.847 300 89
0 650 380.936 300 89
0 650 381.068 300 89
0 650 381.147 300 89
0 650 381.224 300 89
0 650 381.316 300 89
0 650 381.41 300 89
0 650 381.497 300 89
0 650 381.578 300 89
0 650 381.67 300 89
0 650 381.761 300 89
0 650 381.851 300 89
0 650 381.935 300 89
0 650 382.028 300 89
0 650 382.119 300 89
0 650 382.179 300 89
0 650 382.266 300 89
0 650 382.372 300 89
0 650 382.482 300 89
0 650 382.578 300 89
0 650 382.679 300 89
0 650 382.787 300 89
0 650 382.884 300 89
0 650 382.979 300 89
0 650 383.069 300 89
0 650 383.239 300 89
0 650 383.335 300 89
0 650 383.414 300 89
0 650 383.509 300 89
0 650 383.592 300 89
0 650 383.686 300 89
0 650 383.781 300 89
0 650 383.875 300 89
0 650 383.966 300 89
0 650 384.05 300 89
0 650 384.138 300 89
0 650 384.228 300 89
0 650 384.319 300 89
0 650 384.409 300 89
0 650 384.503 300 89
0 650 384.593 300 89
0 650 384.677 300 89
0 650 384.761 300 89
0 650 384.851 300 89
0 650 384.94 300 89
0 650 385.038 300 89
0 650 385.14 300 89
0 650 385.222 300 89
0 650 385.311 300 89
0 650 385.398 300 89
0 650 385.491 300 89
0 650 385.581 300 89
0 650 385.671 300 89
0 650 385.765 300 89
0 650 385.859 300 89
0 650 385.949 300 89
0 650 386.038 300 89
0 650 386.129 300 89
0 650 386.218 300 89
0 650 386.303 300 89
0 650 386.393 300 89
0 650 386.479 300 89
0 650 386.56 300 89
0 650 386.657 300 89
0 650 386.756 300 89
0 650 386.854 300 89
0 650 386.956 300 89
0 650 387.049 300 89
0 650 387.138 300 89
0 650 387.23 300 89
0 650 387.34 300 89
0 650 387.438 300 89
0 650 387.52 300 89
0 650 387.61 300 89
0 650 387.699 300 89
0 650 387.789 300 89
0 650 387.879 300 89
0 650 387.971 300 89
0 650 388.058 300 89
0 650 388.157 300 89
0 650 388.242 300 89
0 650 388.34 300 89
0 650 388.431 300 89
0 650 388.524 300 89
0 650 388.602 300 89
0 650 388.697 300 89
0 650 388.792 300 89
0 650 388.884 300 89
0 650 388.998 300 89
0 650 389.099 300 89
0 650 389.191 300 89
0 650 389.296 300 89
0 650 389.408 300 89
0 650 389.507 300 89
0 650 389.607 300 89
0 650 389.697 300 89
0 650 389.806 300 89
0 650 389.906 300 89
0 650 389.992 300 89
0 650 390.079 300 89
0 650 390.168 300 89
0 650 390.259 300 89
0 650 390.352 300 89
0 650 390.44 300 89
0 650 390.528 300 89
0 650 390.618 300 89
0 650 390.709 300 89
0 650 390.798 300 89
0 650 390.889 300 89
0 650 390.982 300 89
0 650 391.07 300 89
0 650 391.16 300 89
0 650 391.248 300 89
0 650 391.346 300 89
0 650 391.455 300 89
0 650 391.55 300 89
0 650 391.645 300 89
0 650 391.735 300 89
0 650 391.846 300 89
0 650 391.933 300 89
0 650 392.022 300 89
0 650 392.094 300 89
0 650 392.159 300 89
0 650 392.228 300 89
0 650 392.285 300 89
0 650 392.352 300 89
0 650 392.418 300 89
0 650 392.46 300 89
0 650 392.524 300 89
0 650 392.586 300 89
0 650 392.651 300 89
0 650 392.708 300 89
0 650 392.779 300 89
0 650 392.835 300 89
0 650 392.905 300 89
0 650 392.972 300 89
0 650 393.037 300 89
0 650 393.097 300 89
0 650 393.167 300 89
0 650 393.228 300 89
0 650 393.292 300 89
0 650 393.363 300 89
0 650 393.464 300 89
0 650 393.543 300 89
0 650 393.633 300 89
0 650 393.735 300 89
0 650 393.834 300 89
0 650 393.93 300 89
0 650 394.037 300 89
0 650 394.143 300 89
0 650 394.239 300 89
0 650 394.335 300 89
0 650 394.422 300 89
0 650 394.516 300 89
0 650 394.604 300 89
0 650 394.701 300 89
0 650 394.791 300 89
0 650 394.879 300 89
0 650 394.969 300 89
0 650 395.054 300 89
0 650 395.14 300 89
0 650 395.229 300 89
0 650 395.32 300 89
0 650 395.413 300 89
0 650 395.508 300 89
0 650 395.596 300 89
0 650 395.677 300 89
0 650 395.763 300 89
0 650 395.859 300 89
0 650 395.934 300 89
0 650 396.021 300 89
0 650 396.115 300 89
0 650 396.205 300 89
0 650 396.292 300 89
0 650 396.382 300 89
0 650 396.518 300 89
0 650 396.622 300 89
0 650 396.727 300 89
0 650 396.831 300 89
0 650 396.943 300 89
0 650 397.036 300 89
0 650 397.123 300 89
0 650 397.21 300 89
0 650 397.325 300 89
0 650 397.426 300 89
0 650 397.501 300 89
0 650 397.585 300 89
0 650 397.682 300 89
0 650 397.772 300 89
0 650 397.871 300 89
0 650 397.964 300 89
0 650 398.057 300 89
0 650 398.141 300 89
0 650 398.234 300 89
0 650 398.328 300 89
0 650 398.429 300 89
0 650 398.493 300 89
0 650 398.561 300 89
0 650 398.649 300 89
0 650 398.745 300 89
0 650 398.836 300 89
0 650 398.927 300 89
0 650 399.021 300 89
0 650 399.112 300 89
0 650 399.207 300 89
0 650 399.303 300 89
0 650 399.397 300 89
0 650 399.498 300 89
0 650 399.595 300 89
0 650 399.687 300 89
0 650 399.782 300 89
0 650 399.877 300 89
0 650 399.959 300 89
0 650 400.032 300 89
0 650 400.097 300 89
0 650 400.169 300 89
0 650 400.233 300 89
0 650 400.297 300 89
0 650 400.358 300 89
0 650 400.424 300 89
0 650 400.496 300 89
0 650 400.592 300 89
0 650 400.681 300 89
0 650 400.766 300 89
0 650 400.856 300 89
0 650 400.946 300 89
0 650 401.013 300 89
0 650 401.08 300 89
0 650 401.142 300 89
0 650 401.2 300 89
0 650 401.275 300 89
0 650 401.36 300 89
0 650 401.448 300 89
0 650 401.54 300 89
0 650 401.625 300 89
0 650 401.71 300 89
0 650 401.794 300 89
0 650 401.88 300 89
0 650 401.973 300 89
0 650 402.06 300 89
0 650 402.155 300 89
0 650 402.249 300 89
0 650 402.349 300 89
0 650 402.449 300 89
0 650 402.539 300 89
0 650 402.639 300 89
0 650 402.732 300 89
0 650 402.823 300 89
0 650 402.919 300 89
0 650 403.006 300 89
0 650 403.107 300 89
0 650 403.199 300 89
0 650 403.301 300 89
0 650 403.397 300 89
0 650 403.491 300 89
0 650 403.593 300 89
0 650 403.683 300 89
0 650 403.776 300 89
0 650 403.86 300 89
0 650 403.951 300 89
0 650 404.046 300 89
0 650 404.154 300 89
0 650 404.248 300 89
0 650 404.338 300 89
0 650 404.43 300 89
0 650 404.523 300 89
0 650 404.612 300 89
0 650 404.7 300 89
0 650 404.788 300 89
0 650 404.883 300 89
0 650 404.973 300 89
0 650 405.063 300 89
0 650 405.156 300 89
0 650 405.247 300 89
0 650 405.34 300 89
0 650 405.427 300 89
0 650 405.509 300 89
0 650 405.6 300 89
0 650 405.688 300 89
0 650 405.773 300 89
0 650 405.863 300 89
0 650 405.954 300 89
0 650 406.045 300 89
0 650 406.129 300 89
0 650 406.221 300 89
0 650 406.31 300 89
0 650 406.403 300 89
0 650 406.497 300 89
0 650 406.584 300 89
0 650 406.679 300 89
0 650 406.776 300 89
0 650 406.873 300 89
0 650 406.971 300 89
0 650 407.066 300 89
0 650 407.149 300 89
0 650 407.255 300 89
0 650 407.348 300 89
0 650 407.441 300 89
0 650 407.535 300 89
0 650 407.625 300 89
0 650 407.717 300 89
0 650 407.814 300 89
0 650 407.908 300 89
0 650 408.002 300 89
0 650 408.093 300 89
0 650 408.185 300 89
0 650 408.279 300 89
0 650 408.374 300 89
0 650 408.463 300 89
0 650 408.566 300 89
0 650 408.658 300 89
0 650 408.75 300 89
0 650 408.845 300 89
0 650 408.94 300 89
0 650 409.034 300 89
0 650 409.127 300 89
0 650 409.208 300 89
0 650 409.265 300 89
0 650 409.35 300 89
0 650 409.44 300 89
0 650 409.525 300 89
0 650 409.622 300 89
0 650 409.705 300 89
0 650 409.826 300 89
0 650 409.924 300 89
0 650 410.008 300 89
0 650 410.093 300 89
0 650 410.18 300 89
0 650 410.273 300 89
0 650 410.365 300 89
0 650 410.461 300 89
0 650 410.55 300 89
0 650 410.643 300 89
0 650 410.727 300 89
0 650 410.818 300 89
0 650 410.904 300 89
0 650 410.993 300 89
0 650 411.081 300 89
0 650 411.161 300 89
0 650 411.249 300 89
0 650 411.343 300 89
0 650 411.43 300 89
0 650 411.521 300 89
0 650 411.612 300 89
0 650 411.695 300 89
0 650 411.778 300 89
0 650 411.868 300 89
0 650 411.959 300 89
0 650 412.038 300 89
0 650 412.129 300 89
0 650 412.211 300 89
0 650 412.308 300 89
0 650 412.397 300 89
0 650 412.482 300 89
0 650 412.569 300 89
0 650 412.657 300 89
0 650 412.746 300 89
0 650 412.828 300 89
0 650 412.911 300 89
0 650 412.985 300 89
0 650 413.074 300 89
0 650 413.158 300 89
0 650 413.247 300 89
0 650 413.332 300 89
0 650 413.412 300 89
0 650 413.496 300 89
0 650 413.579 300 89
0 650 413.666 300 89
0 650 413.747 300 89
0 650 413.833 300 89
0 650 413.917 300 89
0 650 413.997 300 89
0 650 414.078 300 89
0 650 414.167 300 89
0 650 414.257 300 89
0 650 414.349 300 89
0 650 414.436 300 89
0 650 414.523 300 89
0 650 414.61 300 89
0 650 414.697 300 89
0 650 414.784 300 89
0 650 414.875 300 89
0 650 414.969 300 89
0 650 415.05 300 89
0 650 415.137 300 89
0 650 415.229 300 89
0 650 415.318 300 89
0 650 415.412 300 89
0 650 415.498 300 89
0 650 415.585 300 89
0 650 415.669 300 89
0 650 415.758 300 89
0 650 415.844 300 89
0 650 415.926 300 89
0 650 416.018 300 89
0 650 416.109 300 89
0 650 416.202 300 89
0 650 416.292 300 89
0 650 416.387 300 89
0 650 416.47 300 89
0 650 416.557 300 89
0 650 416.649 300 89
0 650 416.737 300 89
0 650 416.821 300 89
0 650 416.907 300 89
0 650 416.99 300 89
0 650 417.077 300 89
0 650 417.17 300 89
0 650 417.256 300 89
0 650 417.366 300 89
0 650 417.453 300 89
0 650 417.54 300 89
0 650 417.627 300 89
0 650 417.715 300 89
0 650 417.797 300 89
0 650 417.882 300 89
0 650 417.965 300 89
0 650 418.046 300 89
0 650 418.136 300 89
0 650 418.218 300 89
0 650 418.296 300 89
0 650 418.387 300 89
0 650 418.479 300 89
0 650 418.569 300 89
0 650 418.661 300 89
0 650 418.753 300 89
0 650 418.829 300 89
0 650 418.922 300 89
0 650 419.01 300 89
0 650 419.1 300 89
0 650 419.191 300 89
0 650 419.288 300 89
0 650 419.376 300 89
0 650 419.458 300 89
0 650 419.544 300 89
0 650 419.637 300 89
0 650 419.723 300 89
0 650 419.815 300 89
0 650 419.894 300 89
0 650 420.023 300 89
0 650 420.114 300 89
0 650 420.205 300 89
0 650 420.293 300 89
0 650 420.381 300 89
0 650 420.468 300 89
0 650 420.555 300 89
0 650 420.643 300 89
0 650 420.733 300 89
0 650 420.841 300 89
0 650 420.913 300 89
0 650 420.995 300 89
0 650 421.078 300 89
0 650 421.16 300 89
0 650 421.246 300 89
0 650 421.336 300 89
0 650 421.424 300 89
0 650 421.512 300 89
0 650 421.596 300 89
0 650 421.679 300 89
0 650 421.766 300 89
0 650 421.846 300 89
0 650 421.938 300 89
0 650 422.03 300 89
0 650 422.115 300 89
0 650 422.204 300 89
0 650 422.296 300 89
0 650 422.382 300 89
0 650 422.469 300 89
0 650 422.555 300 89
0 650 422.64 300 89
0 650 422.726 300 89
0 650 422.815 300 89
0 650 422.897 300 89
0 650 422.986 300 89
0 650 423.07 300 89
0 650 423.152 300 89
0 650 423.234 300 89
0 650 423.311 300 89
0 650 423.397 300 89
0 650 423.485 300 89
0 650 423.572 300 89
0 650 423.661 300 89
0 650 423.751 300 89
0 650 423.832 300 89
0 650 423.918 300 89
0 650 424.002 300 89
0 650 424.088 300 89
0 650 424.176 300 89
0 650 424.265 300 89
0 650 424.351 300 89
0 650 424.428 300 89
0 650 424.509 300 89
0 650 424.596 300 89
0 650 424.677 300 89
0 650 424.765 300 89
0 650 424.851 300 89
0 650 424.932 300 89
0 650 425.017 300 89
0 650 425.098 300 89
0 650 425.184 300 89
0 650 425.264 300 89
0 650 425.352 300 89
0 650 425.443 300 89
0 650 425.528 300 89
0 650 425.615 300 89
0 650 425.708 300 89
0 650 425.793 300 89
0 650 425.889 300 89
0 650 425.975 300 89
0 650 426.069 300 89
0 650 426.156 300 89
0 650 426.251 300 89
0 650 426.338 300 89
0 650 426.43 300 89
0 650 426.512 300 89
0 650 426.595 300 89
0 650 426.678 300 89
0 650 426.76 300 89
0 650 426.846 300 89
0 650 426.931 300 89
0 650 427.018 300 89
0 650 427.111 300 89
0 650 427.207 300 89
0 650 427.29 300 89
0 650 427.375 300 89
0 650 427.457 300 89
0 650 427.543 300 89
0 650 427.637 300 89
0 650 427.723 300 89
0 650 427.811 300 89
0 650 427.896 300 89
0 650 427.986 300 89
0 650 428.074 300 89
0 650 428.16 300 89
0 650 428.245 300 89
0 650 428.332 300 89
0 650 428.411 300 89
0 650 428.496 300 89
0 650 428.589 300 89
0 650 428.684 300 89
0 650 428.769 300 89
0 650 428.851 300 89
0 650 428.939 300 89
0 650 429.024 300 89
0 650 429.104 300 89
0 650 429.185 300 89
0 650 429.27 300 89
0 650 429.324 300 89
0 650 429.41 300 89
0 650 429.493 300 89
0 650 429.571 300 89
0 650 429.66 300 89
0 650 429.743 300 89
0 650 429.832 300 89
0 650 429.924 300 89
0 650 430.021 300 89
0 650 430.11 300 89
0 650 430.196 300 89
0 650 430.29 300 89
0 650 430.379 300 89
0 650 430.468 300 89
0 650 430.558 300 89
0 650 430.638 300 89
0 650 430.725 300 89
0 650 430.808 300 89
0 650 430.897 300 89
0 650 430.958 300 89
0 650 431.032 300 89
0 650 431.124 300 89
0 650 431.198 300 89
0 650 431.259 300 89
0 650 431.317 300 89
0 650 431.374 300 89
0 650 431.428 300 89
0 650 431.481 300 89
0 650 431.54 300 89
0 650 431.593 300 89
0 650 431.656 300 89
0 650 431.714 300 89
0 650 431.776 300 89
0 650 431.838 300 89
0 650 431.894 300 89
0 650 431.974 300 89
0 650 432.035 300 89
0 650 432.098 300 89
0 650 432.165 300 89
0 650 432.228 300 89
0 650 432.287 300 89
0 650 432.354 300 89
0 650 432.438 300 89
0 650 432.529 300 89
0 650 432.612 300 89
0 650 432.692 300 89
0 650 432.767 300 89
0 650 432.851 300 89
0 650 432.945 300 89
0 650 433.034 300 89
0 650 433.124 300 89
0 650 433.214 300 89
0 650 433.305 300 89
0 650 433.394 300 89
0 650 433.479 300 89
0 650 433.565 300 89
0 650 433.658 300 89
0 650 433.735 300 89
0 650 433.819 300 89
0 650 433.902 300 89
0 650 433.992 300 89
0 650 434.084 300 89
0 650 434.174 300 89
0 650 434.261 300 89
0 650 434.358 300 89
0 650 434.458 300 89
0 650 434.561 300 89
0 650 434.645 300 89
0 650 434.736 300 89
0 650 434.819 300 89
0 650 434.906 300 89
0 650 434.997 300 89
0 650 435.072 300 89
0 650 435.164 300 89
0 650 435.25 300 89
0 650 435.339 300 89
0 650 435.431 300 89
0 650 435.524 300 89
0 650 435.618 300 89
0 650 435.714 300 89
0 650 435.801 300 89
0 650 435.896 300 89
0 650 435.988 300 89
0 650 436.083 300 89
0 650 436.169 300 89
0 650 436.262 300 89
0 650 436.356 300 89
0 650 436.45 300 89
0 650 436.535 300 89
0 650 436.622 300 89
0 650 436.711 300 89
0 650 436.797 300 89
0 650 436.892 300 89
0 650 437.038 300 89
0 650 437.124 300 89
0 650 437.208 300 89
0 650 437.346 300 89
0 650 437.436 300 89
0 650 437.523 300 89
0 650 437.611 300 89
0 650 437.701 300 89
0 650 437.794 300 89
0 650 437.883 300 89
0 650 437.975 300 89
0 650 438.065 300 89
0 650 438.159 300 89
0 650 438.244 300 89
0 650 438.357 300 89
0 650 438.446 300 89
0 650 438.541 300 89
0 650 438.632 300 89
0 650 438.727 300 89
0 650 438.818 300 89
0 650 438.903 300 89
0 650 438.99 300 89
0 650 439.075 300 89
0 650 439.169 300 89
0 650 439.261 300 89
0 650 439.353 300 89
0 650 439.447 300 89
0 650 439.536 300 89
0 650 439.629 300 89
0 650 439.718 300 89
0 650 439.809 300 89
0 650 439.895 300 89
0 650 439.983 300 89
0 650 440.075 300 89
0 650 440.159 300 89
0 650 440.25 300 89
0 650 440.347 300 89
0 650 440.444 300 89
0 650 440.523 300 89
0 650 440.612 300 89
0 650 440.705 300 89
0 650 440.785 300 89
0 650 440.881 300 89
0 650 440.981 300 89
0 650 441.079 300 89
0 650 441.165 300 89
0 650 441.251 300 89
0 650 441.343 300 89
0 650 441.432 300 89
0 650 441.51 300 89
0 650 441.598 300 89
0 650 441.692 300 89
0 650 441.779 300 89
0 650 441.871 300 89
0 650 441.964 300 89
0 650 442.055 300 89
0 650 442.147 300 89
0 650 442.231 300 89
0 650 442.306 300 89
0 650 442.398 300 89
0 650 442.494 300 89
0 650 442.591 300 89
0 650 442.674 300 89
0 650 442.752 300 89
0 650 442.842 300 89
0 650 442.931 300 89
0 650 443.03 300 89
0 650 443.122 300 89
0 650 443.214 300 89
0 650 443.298 300 89
0 650 443.392 300 89
0 650 443.486 300 89
0 650 443.576 300 89
0 650 443.667 300 89
0 650 443.754 300 89
0 650 443.849 300 89
0 650 443.949 300 89
0 650 444.043 300 89
0 650 444.138 300 89
0 650 444.229 300 89
0 650 444.335 300 89
0 650 444.442 300 89
0 650 444.545 300 89
0 650 444.638 300 89
0 650 444.734 300 89
0 650 444.833 300 89
0 650 444.927 300 89
0 650 445.027 300 89
0 650 445.123 300 89
0 650 445.225 300 89
0 650 445.314 300 89
0 650 445.414 300 89
0 650 445.509 300 89
0 650 445.595 300 89
0 650 445.68 300 89
0 650 445.775 300 89
0 650 445.873 300 89
0 650 445.965 300 89
0 650 446.058 300 89
0 650 446.158 300 89
0 650 446.267 300 89
0 650 446.369 300 89
0 650 446.463 300 89
0 650 446.55 300 89
0 650 446.653 300 89
0 650 446.754 300 89
0 650 446.856 300 89
0 650 446.955 300 89
0 650 447.043 300 89
0 650 447.15 300 89
0 650 447.24 300 89
0 650 447.341 300 89
0 650 447.439 300 89
0 650 447.551 300 89
0 650 447.677 300 89
0 650 447.827 300 89
0 650 447.922 300 89
0 650 448.03 300 89
0 650 448.134 300 89
0 650 448.248 300 89
0 650 448.358 300 89
0 650 448.473 300 89
0 650 448.588 300 89
0 650 448.694 300 89
0 650 448.811 300 89
0 650 448.902 300 89
0 650 448.996 300 89
0 650 449.094 300 89
0 650 449.182 300 89
0 650 449.282 300 89
0 650 449.388 300 89
0 650 449.494 300 89
0 650 449.582 300 89
0 650 449.684 300 89
0 650 449.773 300 89
0 650 449.841 300 89
0 650 449.909 300 89
0 650 449.979 300 89
0 650 450.044 300 89
0 650 450.109 300 89
0 650 450.177 300 89
0 650 450.247 300 89
0 650 450.309 300 89
0 650 450.382 300 89
0 650 450.451 300 89
0 650 450.524 300 89
0 650 450.588 300 89
0 650 450.652 300 89
0 650 450.721 300 89
0 650 450.787 300 89
0 650 450.85 300 89
0 650 450.914 300 89
0 650 450.978 300 89
0 650 451.039 300 89
0 650 451.106 300 89
0 650 451.171 300 89
0 650 451.232 300 89
0 650 451.302 300 89
0 650 451.364 300 89
0 650 451.431 300 89
0 650 451.497 300 89
0 650 451.563 300 89
0 650 451.632 300 89
0 650 451.699 300 89
0 650 451.765 300 89
0 650 451.837 300 89
0 650 451.911 300 89
0 650 451.974 300 89
0 650 452.038 300 89
0 650 452.098 300 89
0 650 452.17 300 89
0 650 452.237 300 89
0 650 452.308 300 89
0 650 452.377 300 89
0 650 452.444 300 89
0 650 452.506 300 89
0 650 452.581 300 89
0 650 452.643 300 89
0 650 452.71 300 89
0 650 452.776 300 89
0 650 452.845 300 89
0 650 452.905 300 89
0 650 452.968 300 89
0 650 453.031 300 89
0 650 453.096 300 89
0 650 453.169 300 89
0 650 453.237 300 89
0 650 453.303 300 89
0 650 453.373 300 89
0 650 453.444 300 89
0 650 453.51 300 89
0 650 453.577 300 89
0 650 453.643 300 89
0 650 453.712 300 89
0 650 453.779 300 89
0 650 453.844 300 89
0 650 453.913 300 89
0 650 453.97 300 89
0 650 454.04 300 89
0 650 454.107 300 89
0 650 454.165 300 89
0 650 454.226 300 89
0 650 454.289 300 89
0 650 454.359 300 89
0 650 454.429 300 89
0 650 454.496 300 89
0 650 454.563 300 89
0 650 454.635 300 89
0 650 454.705 300 89
0 650 454.771 300 89
0 650 454.837 300 89
0 650 454.903 300 89
0 650 454.973 300 89
0 650 455.039 300 89
0 650 455.111 300 89
0 650 455.18 300 89
0 650 455.249 300 89
0 650 455.315 300 89
0 650 455.4 300 89
0 650 455.469 300 89
0 650 455.539 300 89
0 650 455.607 300 89
0 650 455.685 300 89
0 650 455.793 300 89
0 650 455.89 300 89
0 650 455.995 300 89
0 650 456.097 300 89
0 650 456.178 300 89
0 650 456.269 300 89
0 650 456.359 300 89
0 650 456.448 300 89
0 650 456.538 300 89
0 650 456.628 300 89
0 650 456.722 300 89
0 650 456.818 300 89
0 650 456.897 300 89
0 650 456.988 300 89
0 650 457.085 300 89
0 650 457.188 300 89
0 650 457.283 300 89
0 650 457.376 300 89
0 650 457.469 300 89
0 650 457.566 300 89
0 650 457.659 300 89
0 650 457.76 300 89
0 650 457.857 300 89
0 650 457.953 300 89
0 650 458.057 300 89
0 650 458.149 300 89
0 650 458.252 300 89
0 650 458.348 300 89
0 650 458.443 300 89
0 650 458.542 300 89
0 650 458.644 300 89
0 650 458.737 300 89
0 650 458.844 300 89
0 650 458.942 300 89
0 650 459.034 300 89
0 650 459.126 300 89
0 650 459.218 300 89
0 650 459.318 300 89
0 650 459.413 300 89
0 650 459.511 300 89
0 650 459.605 300 89
0 650 459.701 300 89
0 650 459.802 300 89
0 650 459.894 300 89
0 650 459.987 300 89
0 650 460.081 300 89
0 650 460.173 300 89
0 650 460.273 300 89
0 650 460.365 300 89
0 650 460.462 300 89
0 650 460.563 300 89
0 650 460.667 300 89
0 650 460.766 300 89
0 650 460.865 300 89
0 650 460.963 300 89
0 650 461.059 300 89
0 650 461.162 300 89
0 650 461.252 300 89
0 650 461.335 300 89
0 650 461.43 300 89
0 650 461.521 300 89
0 650 461.624 300 89
0 650 461.71 300 89
0 650 461.799 300 89
0 650 461.89 300 89
0 650 461.978 300 89
0 650 462.073 300 89
0 650 462.161 300 89
0 650 462.254 300 89
0 650 462.337 300 89
0 650 462.419 300 89
0 650 462.512 300 89
0 650 462.602 300 89
0 650 462.691 300 89
0 650 462.775 300 89
0 650 462.861 300 89
0 650 462.951 300 89
0 650 463.042 300 89
0 650 463.143 300 89
0 650 463.234 300 89
0 650 463.319 300 89
0 650 463.41 300 89
0 650 463.505 300 89
0 650 463.597 300 89
0 650 463.694 300 89
0 650 463.855 300 89
0 650 463.95 300 89
0 650 464.044 300 89
0 650 464.135 300 89
0 650 464.219 300 89
0 650 464.321 300 89
0 650 464.406 300 89
0 650 464.5 300 89
0 650 464.589 300 89
0 650 464.682 300 89
0 650 464.773 300 89
0 650 464.866 300 89
0 650 464.966 300 89
0 650 465.058 300 89
0 650 465.142 300 89
0 650 465.233 300 89
0 650 465.328 300 89
0 650 465.429 300 89
0 650 465.517 300 89
0 650 465.613 300 89
0 650 465.704 300 89
0 650 465.794 300 89
0 650 465.886 300 89
0 650 465.98 300 89
0 650 466.073 300 89
0 650 466.17 300 89
0 650 466.264 300 89
0 650 466.353 300 89
0 650 466.448 300 89
0 650 466.541 300 89
0 650 466.626 300 89
0 650 466.714 300 89
0 650 466.811 300 89
0 650 466.896 300 89
0 650 466.987 300 89
0 650 467.08 300 89
0 650 467.165 300 89
0 650 467.256 300 89
0 650 467.339 300 89
0 650 467.432 300 89
0 650 467.528 300 89
0 650 467.619 300 89
0 650 467.719 300 89
0 650 467.786 300 89
0 650 467.844 300 89
0 650 467.907 300 89
0 650 467.972 300 89
0 650 468.03 300 89
0 650 468.091 300 89
0 650 468.155 300 89
0 650 468.216 300 89
0 650 468.29 300 89
0 650 468.402 300 89
0 650 468.495 300 89
0 650 468.581 300 89
0 650 468.671 300 89
0 650 468.785 300 89
0 650 468.896 300 89
0 650 469.008 300 89
0 650 469.115 300 89
0 650 469.234 300 89
0 650 469.341 300 89
0 650 469.46 300 89
0 650 469.57 300 89
0 650 469.686 300 89
0 650 469.793 300 89
0 650 469.888 300 89
0 650 470.001 300 89
0 650 470.118 300 89
0 650 470.223 300 89
0 650 470.325 300 89
0 650 470.429 300 89
0 650 470.539 300 89
0 650 470.646 300 89
0 650 470.743 300 89
0 650 470.844 300 89
0 650 470.955 300 89
0 650 471.048 300 89
0 650 471.152 300 89
0 650 471.237 300 89
0 650 471.334 300 89
0 650 471.442 300 89
0 650 471.536 300 89
0 650 471.671 300 89
0 650 471.782 300 89
0 650 471.878 300 89
0 650 471.972 300 89
0 650 472.081 300 89
0 650 472.184 300 89
0 650 472.291 300 89
0 650 472.392 300 89
0 650 472.491 300 89
0 650 472.588 300 89
0 650 472.659 300 89
0 650 472.721 300 89
0 650 472.778 300 89
0 650 472.84 300 89
0 650 472.897 300 89
0 650 472.96 300 89
0 650 473.021 300 89
0 650 473.083 300 89
0 650 473.147 300 89
0 650 473.201 300 89
0 650 473.265 300 89
0 650 473.329 300 89
0 650 473.392 300 89
0 650 473.448 300 89
0 650 473.509 300 89
0 650 473.577 300 89
0 650 473.657 300 89
0 650 473.74 300 89
0 650 473.827 300 89
0 650 473.916 300 89
0 650 474.013 300 89
0 650 474.107 300 89
0 650 474.192 300 89
0 650 474.281 300 89
0 650 474.36 300 89
0 650 474.455 300 89
0 650 474.546 300 89
0 650 474.634 300 89
0 650 474.721 300 89
0 650 474.819 300 89
0 650 474.915 300 89
0 650 475.011 300 89
0 650 475.108 300 89
0 650 475.194 300 89
0 650 475.276 300 89
0 650 475.42 300 89
0 650 475.51 300 89
0 650 475.591 300 89
0 650 475.684 300 89
0 650 475.769 300 89
0 650 475.858 300 89
0 650 475.988 300 89
0 650 476.08 300 89
0 650 476.176 300 89
0 650 476.268 300 89
0 650 476.356 300 89
0 650 476.445 300 89
0 650 476.532 300 89
0 650 476.63 300 89
0 650 476.724 300 89
0 650 476.821 300 89
0 650 476.921 300 89
0 650 477.007 300 89
0 650 477.102 300 89
0 650 477.193 300 89
0 650 477.284 300 89
0 650 477.37 300 89
0 650 477.466 300 89
0 650 477.559 300 89
0 650 477.652 300 89
0 650 477.738 300 89
0 650 477.835 300 89
0 650 477.926 300 89
0 650 478.018 300 89
0 650 478.109 300 89
0 650 478.173 300 89
0 650 478.239 300 89
0 650 478.302 300 89
0 650 478.363 300 89
0 650 478.422 300 89
0 650 478.491 300 89
0 650 478.551 300 89
0 650 478.614 300 89
0 650 478.695 300 89
0 650 478.793 300 89
0 650 478.892 300 89
0 650 478.979 300 89
0 650 479.072 300 89
0 650 479.157 300 89
0 650 479.248 300 89
0 650 479.338 300 89
0 650 479.428 300 89
0 650 479.518 300 89
0 650 479.608 300 89
0 650 479.694 300 89
0 650 479.782 300 89
0 650 479.891 300 89
0 650 479.98 300 89
0 650 480.075 300 89
0 650 480.158 300 89
0 650 480.249 300 89
0 650 480.342 300 89
0 650 480.426 300 89
0 650 480.509 300 89
0 650 480.597 300 89
0 650 480.687 300 89
0 650 480.779 300 89
0 650 480.88 300 89
0 650 480.959 300 89
0 650 481.044 300 89
0 650 481.133 300 89
0 650 481.22 300 89
0 650 481.307 300 89
0 650 481.4 300 89
0 650 481.485 300 89
0 650 481.571 300 89
0 650 481.658 300 89
0 650 481.75 300 89
0 650 481.841 300 89
0 650 481.93 300 89
0 650 482.026 300 89
0 650 482.116 300 89
0 650 482.199 300 89
0 650 482.294 300 89
0 650 482.39 300 89
0 650 482.489 300 89
0 650 482.591 300 89
0 650 482.694 300 89
0 650 482.79 300 89
0 650 482.928 300 89
0 650 483.021 300 89
0 650 483.117 300 89
0 650 483.208 300 89
0 650 483.302 300 89
0 650 483.392 300 89
0 650 483.48 300 89
0 650 483.573 300 89
0 650 483.669 300 89
0 650 483.76 300 89
0 650 483.858 300 89
0 650 483.948 300 89
0 650 484.032 300 89
0 650 484.12 300 89
0 650 484.211 300 89
0 650 484.308 300 89
0 650 484.407 300 89
0 650 484.501 300 89
0 650 484.592 300 89
0 650 484.684 300 89
0 650 484.77 300 89
0 650 484.865 300 89
0 650 484.956 300 89
0 650 485.052 300 89
0 650 485.146 300 89
0 650 485.234 300 89
0 650 485.321 300 89
0 650 485.425 300 89
0 650 485.522 300 89
0 650 485.614 300 89
0 650 485.705 300 89
0 650 485.789 300 89
0 650 485.875 300 89
0 650 485.977 300 89
0 650 486.072 300 89
0 650 486.158 300 89
0 650 486.257 300 89
0 650 486.334 300 89
0 650 486.431 300 89
0 650 486.522 300 89
0 650 486.619 300 89
0 650 486.702 300 89
0 650 486.799 300 89
0 650 486.893 300 89
0 650 486.992 300 89
0 650 487.072 300 89
0 650 487.174 300 89
0 650 487.265 300 89
0 650 487.37 300 89
0 650 487.466 300 89
0 650 487.567 300 89
0 650 487.663 300 89
0 650 487.748 300 89
0 650 487.841 300 89
0 650 487.929 300 89
0 650 488.029 300 89
0 650 488.12 300 89
0 650 488.215 300 89
0 650 488.3 300 89
0 650 488.377 300 89
0 650 488.467 300 89
0 650 488.567 300 89
0 650 488.653 300 89
0 650 488.746 300 89
0 650 488.83 300 89
0 650 488.925 300 89
0 650 489.012 300 89
0 650 489.1 300 89
0 650 489.215 300 89
0 650 489.305 300 89
0 650 489.395 300 89
0 650 489.487 300 89
0 650 489.577 300 89
0 650 489.663 300 89
0 650 489.759 300 89
0 650 489.851 300 89
0 650 489.944 300 89
0 650 490.035 300 89
0 650 490.124 300 89
0 650 490.208 300 89
0 650 490.301 300 89
0 650 490.389 300 89
0 650 490.47 300 89
0 650 490.56 300 89
0 650 490.649 300 89
0 650 490.759 300 89
0 650 490.848 300 89
0 650 490.939 300 89
0 650 491.024 300 89
0 650 491.11 300 89
0 650 491.193 300 89
0 650 491.278 300 89
0 650 491.378 300 89
0 650 491.468 300 89
0 650 491.558 300 89
0 650 491.649 300 89
0 650 491.747 300 89
0 650 491.834 300 89
0 650 491.935 300 89
0 650 492.032 300 89
0 650 492.124 300 89
0 650 492.218 300 89
0 650 492.312 300 89
0 650 492.4 300 89
0 650 492.487 300 89
0 650 492.579 300 89
0 650 492.671 300 89
0 650 492.753 300 89
0 650 492.841 300 89
0 650 492.925 300 89
0 650 493.024 300 89
0 650 493.115 300 89
0 650 493.204 300 89
0 650 493.332 300 89
0 650 493.422 300 89
0 650 493.511 300 89
0 650 493.604 300 89
0 650 493.693 300 89
0 650 493.781 300 89
0 650 493.863 300 89
0 650 493.951 300 89
0 650 494.037 300 89
0 650 494.132 300 89
0 650 494.22 300 89
0 650 494.309 300 89
0 650 494.402 300 89
0 650 494.496 300 89
0 650 494.581 300 89
0 650 494.676 300 89
0 650 494.775 300 89
0 650 494.869 300 89
0 650 494.969 300 89
0 650 495.07 300 89
0 650 495.154 300 89
0 650 495.238 300 89
0 650 495.33 300 89
0 650 495.457 300 89
0 650 495.557 300 89
0 650 495.654 300 89
0 650 495.754 300 89
0 650 495.85 300 89
0 650 495.952 300 89
0 650 496.042 300 89
0 650 496.132 300 89
0 650 496.219 300 89
0 650 496.321 300 89
0 650 496.406 300 89
0 650 496.497 300 89
0 650 496.588 300 89
0 650 496.676 300 89
0 650 496.773 300 89
0 650 496.858 300 89
0 650 496.942 300 89
0 650 497.033 300 89
0 650 497.116 300 89
0 650 497.207 300 89
0 650 497.3 300 89
0 650 497.393 300 89
0 650 497.483 300 89
0 650 497.573 300 89
0 650 497.653 300 89
0 650 497.747 300 89
0 650 497.839 300 89
0 650 497.931 300 89
0 650 498.027 300 89
0 650 498.119 300 89
0 650 498.213 300 89
0 650 498.302 300 89
0 650 498.395 300 89
0 650 498.489 300 89
0 650 498.577 300 89
0 650 498.64 300 89
0 650 498.733 300 89
0 650 498.821 300 89
0 650 498.921 300 89
0 650 499.017 300 89
0 650 499.113 300 89
0 650 499.208 300 89
0 650 499.295 300 89
0 650 499.39 300 89
0 650 499.485 300 89
0 650 499.571 300 89
0 650 499.648 300 89
0 650 499.74 300 89
0 650 499.836 300 89
0 650 499.933 300 89
0 650 500.025 300 89
0 650 500.122 300 89
0 650 500.211 300 89
0 650 500.294 300 89
0 650 500.384 300 89
0 650 500.474 300 89
0 650 500.571 300 89
0 650 500.673 300 89
0 650 500.768 300 89
0 650 500.87 300 89
0 650 500.951 300 89
0 650 501.04 300 89
0 650 501.118 300 89
0 650 501.218 300 89
0 650 501.311 300 89
0 650 501.402 300 89
0 650 501.498 300 89
0 650 501.586 300 89
0 650 501.669 300 89
0 650 501.763 300 89
0 650 501.864 300 89
0 650 501.958 300 89
0 650 502.045 300 89
0 650 502.139 300 89
0 650 502.232 300 89
0 650 502.327 300 89
0 650 502.424 300 89
0 650 502.509 300 89
0 650 502.604 300 89
0 650 502.699 300 89
0 650 502.796 300 89
0 650 502.89 300 89
0 650 502.986 300 89
0 650 503.08 300 89
0 650 503.172 300 89
0 650 503.264 300 89
0 650 503.367 300 89
0 650 503.458 300 89
0 650 503.55 300 89
0 650 503.648 300 89
0 650 503.748 300 89
0 650 503.845 300 89
0 650 503.939 300 89
0 650 504.039 300 89
0 650 504.136 300 89
0 650 504.233 300 89
0 650 504.336 300 89
0 650 504.43 300 89
0 650 504.522 300 89
0 650 504.604 300 89
0 650 504.7 300 89
0 650 504.793 300 89
0 650 504.89 300 89
0 650 504.986 300 89
0 650 505.085 300 89
0 650 505.217 300 89
0 650 505.318 300 89
0 650 505.41 300 89
0 650 505.505 300 89
0 650 505.606 300 89
0 650 505.698 300 89
0 650 505.796 300 89
0 650 505.894 300 89
0 650 505.984 300 89
0 650 506.137 300 89
0 650 506.206 300 89
0 650 506.298 300 89
0 650 506.39 300 89
0 650 506.483 300 89
0 650 506.578 300 89
0 650 506.665 300 89
0 650 506.763 300 89
0 650 506.861 300 89
0 650 506.955 300 89
0 650 507.036 300 89
0 650 507.14 300 89
0 650 507.228 300 89
0 650 507.319 300 89
0 650 507.407 300 89
0 650 507.508 300 89
0 650 507.603 300 89
0 650 507.708 300 89
0 650 507.809 300 89
0 650 507.902 300 89
0 650 507.997 300 89
0 650 508.094 300 89
0 650 508.198 300 89
0 650 508.302 300 89
0 650 508.396 300 89
0 650 508.492 300 89
0 650 508.591 300 89
0 650 508.692 300 89
0 650 508.784 300 89
0 650 508.874 300 89
0 650 508.965 300 89
0 650 509.051 300 89
0 650 509.141 300 89
0 650 509.232 300 89
0 650 509.321 300 89
0 650 509.405 300 89
0 650 509.498 300 89
0 650 509.588 300 89
0 650 509.672 300 89
0 650 509.773 300 89
0 650 509.867 300 89
0 650 509.968 300 89
0 650 510.055 300 89
0 650 510.145 300 89
0 650 510.234 300 89
0 650 510.327 300 89
0 650 510.412 300 89
0 650 510.495 300 89
0 650 510.594 300 89
0 650 510.68 300 89
0 650 510.769 300 89
0 650 510.864 300 89
0 650 510.985 300 89
0 650 511.095 300 89
0 650 511.212 300 89
0 650 511.307 300 89
0 650 511.392 300 89
0 650 511.492 300 89
0 650 511.589 300 89
0 650 511.678 300 89
0 650 511.771 300 89
0 650 511.858 300 89
0 650 511.942 300 89
0 650 512.031 300 89
0 650 512.118 300 89
0 650 512.198 300 89
0 650 512.286 300 89
0 650 512.374 300 89
0 650 512.475 300 89
0 650 512.563 300 89
0 650 512.647 300 89
0 650 512.738 300 89
0 650 512.822 300 89
0 650 512.907 300 89
0 650 513 300 89
0 650 513.12 300 89
0 650 513.239 300 89
0 650 513.35 300 89
0 650 513.439 300 89
0 650 513.538 300 89
0 650 513.629 300 89
0 650 513.719 300 89
0 650 513.808 300 89
0 650 513.892 300 89
0 650 513.982 300 89
0 650 514.069 300 89
0 650 514.148 300 89
0 650 514.224 300 89
0 650 514.309 300 89
0 650 514.394 300 89
0 650 514.47 300 89
0 650 514.551 300 89
0 650 514.636 300 89
0 650 514.713 300 89
0 650 514.806 300 89
0 650 514.888 300 89
0 650 514.979 300 89
0 650 515.073 300 89
0 650 515.164 300 89
0 650 515.249 300 89
0 650 515.332 300 89
0 650 515.427 300 89
0 650 515.513 300 89
0 650 515.6 300 89
0 650 515.678 300 89
0 650 515.791 300 89
0 650 515.919 300 89
0 650 516.024 300 89
0 650 516.126 300 89
0 650 516.225 300 89
0 650 516.328 300 89
0 650 516.422 300 89
0 650 516.512 300 89
0 650 516.599 300 89
0 650 516.689 300 89
0 650 516.8 300 89
0 650 516.896 300 89
0 650 516.981 300 89
0 650 517.067 300 89
0 650 517.161 300 89
0 650 517.242 300 89
0 650 517.326 300 89
0 650 517.415 300 89
0 650 517.505 300 89
0 650 517.594 300 89
0 650 517.681 300 89
0 650 517.772 300 89
0 650 517.847 300 89
0 650 517.933 300 89
0 650 518.019 300 89
0 650 518.101 300 89
0 650 518.186 300 89
0 650 518.275 300 89
0 650 518.371 300 89
0 650 518.463 300 89
0 650 518.557 300 89
0 650 518.661 300 89
0 650 518.781 300 89
0 650 518.891 300 89
0 650 518.98 300 89
0 650 519.062 300 89
0 650 519.155 300 89
0 650 519.234 300 89
0 650 519.324 300 89
0 650 519.419 300 89
0 650 519.513 300 89
0 650 519.609 300 89
0 650 519.697 300 89
0 650 519.786 300 89
0 650 519.874 300 89
0 650 519.959 300 89
0 650 520.052 300 89
0 650 520.149 300 89
0 650 520.238 300 89
0 650 520.326 300 89
0 650 520.412 300 89
0 650 520.492 300 89
0 650 520.586 300 89
0 650 520.672 300 89
0 650 520.777 300 89
0 650 520.873 300 89
0 650 520.963 300 89
0 650 521.045 300 89
0 650 521.12 300 89
0 650 521.206 300 89
0 650 521.293 300 89
0 650 521.381 300 89
0 650 521.47 300 89
0 650 521.559 300 89
0 650 521.637 300 89
0 650 521.722 300 89
0 650 521.805 300 89
0 650 521.892 300 89
0 650 521.982 300 89
0 650 522.07 300 89
0 650 522.159 300 89
0 650 522.243 300 89
0 650 522.331 300 89
0 650 522.416 300 89
0 650 522.505 300 89
0 650 522.606 300 89
0 650 522.714 300 89
0 650 522.808 300 89
0 650 522.895 300 89
0 650 522.987 300 89
0 650 523.071 300 89
0 650 523.152 300 89
0 650 523.237 300 89
0 650 523.328 300 89
0 650 523.416 300 89
0 650 523.508 300 89
0 650 523.594 300 89
0 650 523.676 300 89
0 650 523.76 300 89
0 650 523.85 300 89
0 650 523.939 300 89
0 650 524.023 300 89
0 650 524.105 300 89
0 650 524.19 300 89
0 650 524.28 300 89
0 650 524.365 300 89
0 650 524.452 300 89
0 650 524.549 300 89
0 650 524.634 300 89
0 650 524.721 300 89
0 650 524.803 300 89
0 650 524.882 300 89
0 650 524.965 300 89
0 650 525.05 300 89
0 650 525.137 300 89
0 650 525.236 300 89
0 650 525.484 300 89
0 650 525.596 300 89
0 650 525.698 300 89
0 650 525.791 300 89
0 650 525.904 300 89
0 650 526.006 300 89
0 650 526.103 300 89
0 650 526.195 300 89
0 650 526.279 300 89
0 650 526.369 300 89
0 650 526.446 300 89
0 650 526.537 300 89
0 650 526.625 300 89
0 650 526.721 300 89
0 650 526.82 300 89
0 650 526.905 300 89
0 650 526.997 300 89
0 650 527.082 300 89
0 650 527.172 300 89
0 650 527.257 300 89
0 650 527.341 300 89
0 650 527.425 300 89
0 650 527.51 300 89
0 650 527.592 300 89
0 650 527.674 300 89
0 650 527.761 300 89
0 650 527.853 300 89
0 650 527.936 300 89
0 650 528.039 300 89
0 650 528.115 300 89
0 650 528.202 300 89
0 650 528.288 300 89
0 650 528.371 300 89
0 650 528.458 300 89
0 650 528.557 300 89
0 650 528.646 300 89
0 650 528.998 300 89
0 650 529.275 300 89
0 650 529.381 300 89
0 650 529.541 300 89
0 650 529.677 300 89
0 650 529.803 300 89
0 650 529.905 300 89
0 650 529.982 300 89
0 650 530.066 300 89
0 650 530.139 300 89
0 650 530.22 300 89
0 650 530.302 300 89
0 650 530.377 300 89
0 650 530.474 300 89
0 650 530.561 300 89
0 650 530.615 300 89
0 650 530.703 300 89
0 650 530.789 300 89
0 650 530.868 300 89
0 650 530.954 300 89
0 650 531.036 300 89
0 650 531.125 300 89
0 650 531.201 300 89
0 650 531.285 300 89
0 650 531.375 300 89
0 650 531.46 300 89
0 650 531.554 300 89
0 650 531.658 300 89
0 650 531.791 300 89
0 650 531.903 300 89
0 650 532.017 300 89
0 650 532.099 300 89
0 650 532.18 300 89
0 650 532.274 300 89
0 650 532.356 300 89
0 650 532.439 300 89
0 650 532.524 300 89
0 650 532.633 300 89
0 650 532.735 300 89
0 650 532.819 300 89
0 650 532.9 300 89
0 650 532.992 300 89
0 650 533.073 300 89
0 650 533.158 300 89
0 650 533.237 300 89
0 650 533.318 300 89
0 650 533.412 300 89
0 650 533.495 300 89
0 650 533.586 300 89
0 650 533.676 300 89
0 650 533.786 300 89
0 650 533.889 300 89
0 650 533.975 300 89
0 650 534.067 300 89
0 650 534.154 300 89
0 650 534.206 300 89
0 650 534.295 300 89
0 650 534.382 300 89
0 650 534.462 300 89
0 650 534.558 300 89
0 650 534.638 300 89
0 650 534.732 300 89
0 650 534.823 300 89
0 650 534.908 300 89
0 650 534.995 300 89
0 650 535.076 300 89
0 650 535.177 300 89
0 650 535.27 300 89
0 650 535.358 300 89
0 650 535.447 300 89
0 650 535.543 300 89
0 650 535.63 300 89
0 650 535.733 300 89
0 650 535.893 300 89
0 650 536.017 300 89
0 650 536.127 300 89
0 650 536.222 300 89
0 650 536.302 300 89
0 650 536.391 300 89
0 650 536.471 300 89
0 650 536.549 300 89
0 650 536.64 300 89
0 650 536.731 300 89
0 650 536.829 300 89
0 650 536.914 300 89
0 650 536.997 300 89
0 650 537.078 300 89
0 650 537.166 300 89
0 650 537.25 300 89
0 650 537.334 300 89
0 650 537.419 300 89
0 650 537.509 300 89
0 650 537.58 300 89
0 650 537.66 300 89
0 650 537.752 300 89
0 650 537.842 300 89
0 650 537.933 300 89
0 650 538.042 300 89
0 650 538.155 300 89
0 650 538.258 300 89
0 650 538.345 300 89
0 650 538.427 300 89
0 650 538.515 300 89
0 650 538.598 300 89
0 650 538.688 300 89
0 650 538.78 300 89
0 650 538.877 300 89
0 650 538.97 300 89
0 650 539.055 300 89
0 650 539.137 300 89
0 650 539.221 300 89
0 650 539.31 300 89
0 650 539.397 300 89
0 650 539.482 300 89
0 650 539.559 300 89
0 650 539.639 300 89
0 650 539.71 300 89
0 650 539.789 300 89
0 650 539.867 300 89
0 650 540.005 300 89
0 650 540.092 300 89
0 650 540.199 300 89
0 650 540.292 300 89
0 650 540.386 300 89
0 650 540.473 300 89
0 650 540.574 300 89
0 650 540.688 300 89
0 650 540.812 300 89
0 650 540.929 300 89
0 650 541.04 300 89
0 650 541.126 300 89
0 650 541.203 300 89
0 650 541.288 300 89
0 650 541.377 300 89
0 650 541.468 300 89
0 650 541.565 300 89
0 650 541.655 300 89
0 650 541.734 300 89
0 650 541.819 300 89
0 650 541.908 300 89
0 650 541.997 300 89
0 650 542.076 300 89
0 650 542.156 300 89
0 650 542.237 300 89
0 650 542.326 300 89
0 650 542.411 300 89
0 650 542.497 300 89
0 650 542.576 300 89
0 650 542.663 300 89
0 650 542.751 300 89
0 650 542.86 300 89
0 650 542.988 300 89
0 650 543.097 300 89
0 650 543.184 300 89
0 650 543.272 300 89
0 650 543.36 300 89
0 650 543.453 300 89
0 650 543.541 300 89
0 650 543.65 300 89
0 650 543.742 300 89
0 650 543.831 300 89
0 650 543.911 300 89
0 650 543.997 300 89
0 650 544.08 300 89
0 650 544.157 300 89
0 650 544.235 300 89
0 650 544.318 300 89
0 650 544.403 300 89
0 650 544.458 300 89
0 650 544.549 300 89
0 650 544.634 300 89
0 650 544.707 300 89
0 650 544.793 300 89
0 650 544.881 300 89
0 650 544.968 300 89
0 650 545.078 300 89
0 650 545.179 300 89
0 650 545.262 300 89
0 650 545.345 300 89
0 650 545.433 300 89
0 650 545.521 300 89
0 650 545.612 300 89
0 650 545.701 300 89
0 650 545.793 300 89
0 650 545.878 300 89
0 650 545.961 300 89
0 650 546.044 300 89
0 650 546.117 300 89
0 650 546.201 300 89
0 650 546.275 300 89
0 650 546.365 300 89
0 650 546.448 300 89
0 650 546.528 300 89
0 650 546.605 300 89
0 650 546.704 300 89
0 650 546.827 300 89
0 650 546.91 300 89
0 650 546.994 300 89
0 650 547.076 300 89
0 650 547.159 300 89
0 650 547.244 300 89
0 650 547.331 300 89
0 650 547.411 300 89
0 650 547.493 300 89
0 650 547.573 300 89
0 650 547.667 300 89
0 650 547.751 300 89
0 650 547.853 300 89
0 650 547.946 300 89
0 650 548.032 300 89
0 650 548.117 300 89
0 650 548.2 300 89
0 650 548.278 300 89
0 650 548.362 300 89
0 650 548.441 300 89
0 650 548.523 300 89
0 650 548.622 300 89
0 650 548.705 300 89
0 650 548.795 300 89
0 650 548.878 300 89
0 650 548.964 300 89
0 650 549.052 300 89
0 650 549.134 300 89
0 650 549.219 300 89
0 650 549.31 300 89
0 650 549.394 300 89
0 650 549.484 300 89
0 650 549.572 300 89
0 650 549.657 300 89
0 650 549.757 300 89
0 650 549.861 300 89
0 650 549.954 300 89
0 650 550.044 300 89
0 650 550.118 300 89
0 650 550.196 300 89
0 650 550.281 300 89
0 650 550.371 300 89
0 650 550.464 300 89
0 650 550.548 300 89
0 650 550.625 300 89
0 650 550.704 300 89
0 650 550.793 300 89
0 650 550.923 300 89
0 650 551.009 300 89
0 650 551.08 300 89
0 650 551.165 300 89
0 650 551.258 300 89
0 650 551.351 300 89
0 650 551.44 300 89
0 650 551.527 300 89
0 650 551.637 300 89
0 650 551.747 300 89
0 650 551.838 300 89
0 650 551.925 300 89
0 650 552.006 300 89
0 650 552.113 300 89
0 650 552.222 300 89
0 650 552.336 300 89
0 650 552.419 300 89
0 650 552.505 300 89
0 650 552.593 300 89
0 650 552.674 300 89
0 650 552.757 300 89
0 650 552.836 300 89
0 650 552.911 300 89
0 650 552.992 300 89
0 650 553.084 300 89
0 650 553.161 300 89
0 650 553.241 300 89
0 650 553.33 300 89
0 650 553.416 300 89
0 650 553.498 300 89
0 650 553.577 300 89
0 650 553.644 300 89
0 650 553.73 300 89
0 650 553.813 300 89
0 650 553.898 300 89
0 650 553.987 300 89
0 650 554.078 300 89
0 650 554.184 300 89
0 650 554.292 300 89
0 650 554.38 300 89
0 650 554.466 300 89
0 650 554.553 300 89
0 650 554.639 300 89
0 650 554.722 300 89
0 650 554.81 300 89
0 650 554.904 300 89
0 650 554.978 300 89
0 650 555.076 300 89
0 650 555.182 300 89
0 650 555.271 300 89
0 650 555.363 300 89
0 650 555.443 300 89
0 650 555.533 300 89
0 650 555.619 300 89
0 650 555.703 300 89
0 650 555.785 300 89
0 650 555.866 300 89
0 650 555.952 300 89
0 650 556.044 300 89
0 650 556.149 300 89
0 650 556.248 300 89
0 650 556.341 300 89
0 650 556.433 300 89
0 650 556.509 300 89
0 650 556.59 300 89
0 650 556.666 300 89
0 650 556.753 300 89
0 650 556.84 300 89
0 650 556.928 300 89
0 650 557.013 300 89
0 650 557.099 300 89
0 650 557.185 300 89
0 650 557.237 300 89
0 650 557.32 300 89
0 650 557.413 300 89
0 650 557.5 300 89
0 650 557.58 300 89
0 650 557.665 300 89
0 650 557.746 300 89
0 650 557.832 300 89
0 650 557.914 300 89
0 650 557.996 300 89
0 650 558.088 300 89
0 650 558.187 300 89
0 650 558.28 300 89
0 650 558.368 300 89
0 650 558.45 300 89
0 650 558.532 300 89
0 650 558.612 300 89
0 650 558.689 300 89
0 650 558.768 300 89
0 650 558.863 300 89
0 650 558.948 300 89
0 650 559.036 300 89
0 650 559.121 300 89
0 650 559.207 300 89
0 650 559.292 300 89
0 650 559.372 300 89
0 650 559.433 300 89
0 650 559.496 300 89
0 650 559.557 300 89
0 650 559.62 300 89
0 650 559.687 300 89
0 650 559.776 300 89
0 650 559.835 300 89
0 650 559.927 300 89
0 650 560.009 300 89
0 650 560.097 300 89
0 650 560.185 300 89
0 650 560.278 300 89
0 650 560.367 300 89
0 650 560.456 300 89
0 650 560.544 300 89
0 650 560.631 300 89
0 650 560.716 300 89
0 650 560.814 300 89
0 650 560.893 300 89
0 650 560.98 300 89
0 650 561.07 300 89
0 650 561.162 300 89
0 650 561.255 300 89
0 650 561.339 300 89
0 650 561.435 300 89
0 650 561.523 300 89
0 650 561.581 300 89
0 650 561.666 300 89
0 650 561.748 300 89
0 650 561.833 300 89
0 650 561.93 300 89
0 650 562.026 300 89
0 650 562.119 300 89
0 650 562.211 300 89
0 650 562.298 300 89
0 650 562.376 300 89
0 650 562.461 300 89
0 650 562.544 300 89
0 650 562.62 300 89
0 650 562.684 300 89
0 650 562.744 300 89
0 650 562.803 300 89
0 650 562.865 300 89
0 650 562.923 300 89
0 650 562.981 300 89
0 650 563.044 300 89
0 650 563.105 300 89
0 650 563.168 300 89
0 650 563.23 300 89
0 650 563.291 300 89
0 650 563.346 300 89
0 650 563.399 300 89
0 650 563.463 300 89
0 650 563.525 300 89
0 650 563.586 300 89
0 650 563.647 300 89
0 650 563.709 300 89
0 650 563.77 300 89
0 650 563.831 300 89
0 650 563.892 300 89
0 650 563.953 300 89
0 650 564.011 300 89
0 650 564.082 300 89
0 650 564.175 300 89
0 650 564.27 300 89
0 650 564.359 300 89
0 650 564.454 300 89
0 650 564.537 300 89
0 650 564.625 300 89
0 650 564.708 300 89
0 650 564.798 300 89
0 650 564.89 300 89
0 650 564.979 300 89
0 650 565.063 300 89
0 650 565.148 300 89
0 650 565.236 300 89
0 650 565.326 300 89
0 650 565.404 300 89
0 650 565.492 300 89
0 650 565.573 300 89
0 650 565.657 300 89
0 650 565.746 300 89
0 650 565.833 300 89
0 650 565.913 300 89
0 650 566.004 300 89
0 650 566.093 300 89
0 650 566.189 300 89
0 650 566.282 300 89
0 650 566.373 300 89
0 650 566.463 300 89
0 650 566.545 300 89
0 650 566.632 300 89
0 650 566.715 300 89
0 650 566.801 300 89
0 650 566.884 300 89
0 650 566.964 300 89
0 650 567.055 300 89
0 650 567.144 300 89
0 650 567.232 300 89
0 650 567.319 300 89
0 650 567.406 300 89
0 650 567.494 300 89
0 650 567.583 300 89
0 650 567.635 300 89
0 650 567.723 300 89
0 650 567.806 300 89
0 650 567.894 300 89
0 650 567.976 300 89
0 650 568.029 300 89
0 650 568.121 300 89
0 650 568.22 300 89
0 650 568.315 300 89
0 650 568.4 300 89
0 650 568.498 300 89
0 650 568.585 300 89
0 650 568.675 300 89
0 650 568.766 300 89
0 650 568.903 300 89
0 650 568.99 300 89
0 650 569.074 300 89
0 650 569.166 300 89
0 650 569.253 300 89
0 650 569.346 300 89
0 650 569.437 300 89
0 650 569.528 300 89
0 650 569.615 300 89
0 650 569.699 300 89
0 650 569.788 300 89
0 650 569.88 300 89
0 650 569.978 300 89
0 650 570.074 300 89
0 650 570.16 300 89
0 650 570.244 300 89
0 650 570.332 300 89
0 650 570.415 300 89
0 650 570.506 300 89
0 650 570.581 300 89
0 650 570.67 300 89
0 650 570.756 300 89
0 650 570.848 300 89
0 650 570.938 300 89
0 650 571.027 300 89
0 650 571.119 300 89
0 650 571.209 300 89
0 650 571.283 300 89
0 650 571.37 300 89
0 650 571.459 300 89
0 650 571.545 300 89
0 650 571.632 300 89
0 650 571.718 300 89
0 650 571.799 300 89
0 650 571.885 300 89
0 650 571.958 300 89
0 650 572.048 300 89
0 650 572.137 300 89
0 650 572.23 300 89
0 650 572.32 300 89
0 650 572.412 300 89
0 650 572.505 300 89
0 650 572.606 300 89
0 650 572.692 300 89
0 650 572.775 300 89
0 650 572.866 300 89
0 650 572.957 300 89
0 650 573.054 300 89
0 650 573.146 300 89
0 650 573.23 300 89
0 650 573.323 300 89
0 650 573.404 300 89
0 650 573.495 300 89
0 650 573.588 300 89
0 650 573.678 300 89
0 650 573.763 300 89
0 650 573.85 300 89
0 650 573.943 300 89
0 650 574.028 300 89
0 650 574.114 300 89
0 650 574.205 300 89
0 650 574.293 300 89
0 650 574.381 300 89
0 650 574.469 300 89
0 650 574.558 300 89
0 650 574.644 300 89
0 650 574.761 300 89
0 650 574.915 300 89
0 650 575.004 300 89
0 650 575.096 300 89
0 650 575.18 300 89
0 650 575.263 300 89
0 650 575.35 300 89
0 650 575.433 300 89
0 650 575.522 300 89
0 650 575.606 300 89
0 650 575.697 300 89
0 650 575.791 300 89
0 650 575.892 300 89
0 650 575.972 300 89
0 650 576.052 300 89
0 650 576.136 300 89
0 650 576.227 300 89
0 650 576.311 300 89
0 650 576.405 300 89
0 650 576.5 300 89
0 650 576.59 300 89
0 650 576.686 300 89
0 650 576.779 300 89
0 650 576.866 300 89
0 650 576.965 300 89
0 650 577.061 300 89
0 650 577.155 300 89
0 650 577.241 300 89
0 650 577.33 300 89
0 650 577.42 300 89
0 650 577.51 300 89
0 650 577.594 300 89
0 650 577.679 300 89
0 650 577.762 300 89
0 650 577.849 300 89
0 650 577.934 300 89
0 650 578.02 300 89
0 650 578.076 300 89
0 650 578.179 300 89
0 650 578.277 300 89
0 650 578.369 300 89
0 650 578.459 300 89
0 650 578.558 300 89
0 650 578.643 300 89
0 650 578.73 300 89
0 650 578.807 300 89
0 650 578.891 300 89
0 650 578.979 300 89
0 650 579.064 300 89
0 650 579.155 300 89
0 650 579.24 300 89
0 650 579.327 300 89
0 650 579.412 300 89
0 650 579.496 300 89
0 650 579.582 300 89
0 650 579.671 300 89
0 650 579.763 300 89
0 650 579.852 300 89
0 650 579.95 300 89
0 650 580.041 300 89
0 650 580.126 300 89
0 650 580.219 300 89
0 650 580.31 300 89
0 650 580.4 300 89
0 650 580.486 300 89
0 650 580.611 300 89
0 650 580.697 300 89
0 650 580.778 300 89
0 650 580.87 300 89
0 650 580.964 300 89
0 650 581.048 300 89
0 650 581.139 300 89
0 650 581.235 300 89
0 650 581.321 300 89
0 650 581.398 300 89
0 650 581.475 300 89
0 650 581.556 300 89
0 650 581.641 300 89
0 650 581.73 300 89
0 650 581.821 300 89
0 650 581.894 300 89
0 650 581.97 300 89
0 650 582.054 300 89
0 650 582.15 300 89
0 650 582.243 300 89
0 650 582.336 300 89
0 650 582.409 300 89
0 650 582.5 300 89
0 650 582.573 300 89
0 650 582.659 300 89
0 650 582.749 300 89
0 650 582.843 300 89
0 650 582.937 300 89
0 650 583.028 300 89
0 650 583.123 300 89
0 650 583.21 300 89
0 650 583.298 300 89
0 650 583.388 300 89
0 650 583.482 300 89
0 650 583.569 300 89
0 650 583.681 300 89
0 650 583.771 300 89
0 650 583.861 300 89
0 650 583.947 300 89
0 650 584.039 300 89
0 650 584.154 300 89
0 650 584.236 300 89
0 650 584.333 300 89
0 650 584.427 300 89
0 650 584.519 300 89
0 650 584.609 300 89
0 650 584.702 300 89
0 650 584.784 300 89
0 650 584.868 300 89
0 650 584.956 300 89
0 650 585.033 300 89
0 650 585.122 300 89
0 650 585.21 300 89
0 650 585.299 300 89
0 650 585.387 300 89
0 650 585.477 300 89
0 650 585.562 300 89
0 650 585.645 300 89
0 650 585.734 300 89
0 650 585.82 300 89
0 650 585.915 300 89
0 650 585.99 300 89
0 650 586.083 300 89
0 650 586.17 300 89
0 650 586.257 300 89
0 650 586.351 300 89
0 650 586.431 300 89
0 650 586.513 300 89
0 650 586.602 300 89
0 650 586.691 300 89
0 650 586.777 300 89
0 650 586.866 300 89
0 650 586.954 300 89
0 650 587.04 300 89
0 650 587.14 300 89
0 650 587.238 300 89
0 650 587.331 300 89
0 650 587.416 300 89
0 650 587.5 300 89
0 650 587.583 300 89
0 650 587.671 300 89
0 650 587.762 300 89
0 650 587.848 300 89
0 650 587.928 300 89
0 650 588.019 300 89
0 650 588.105 300 89
0 650 588.195 300 89
0 650 588.287 300 89
0 650 588.377 300 89
0 650 588.465 300 89
0 650 588.559 300 89
0 650 588.655 300 89
0 650 588.736 300 89
0 650 588.825 300 89
0 650 588.909 300 89
0 650 589.001 300 89
0 650 589.087 300 89
0 650 589.177 300 89
0 650 589.254 300 89
0 650 589.351 300 89
0 650 589.43 300 89
0 650 589.515 300 89
0 650 589.602 300 89
0 650 589.693 300 89
0 650 589.784 300 89
0 650 589.872 300 89
0 650 589.962 300 89
0 650 590.052 300 89
0 650 590.134 300 89
0 650 590.219 300 89
0 650 590.307 300 89
0 650 590.395 300 89
0 650 590.485 300 89
0 650 590.567 300 89
0 650 590.667 300 89
0 650 590.758 300 89
0 650 590.847 300 89
0 650 590.95 300 89
0 650 591.038 300 89
0 650 591.131 300 89
0 650 591.214 300 89
0 650 591.304 300 89
0 650 591.394 300 89
0 650 591.486 300 89
0 650 591.577 300 89
0 650 591.668 300 89
0 650 591.753 300 89
0 650 591.84 300 89
0 650 591.934 300 89
0 650 592.022 300 89
0 650 592.12 300 89
0 650 592.214 300 89
0 650 592.304 300 89
0 650 592.395 300 89
0 650 592.483 300 89
0 650 592.57 300 89
0 650 592.625 300 89
0 650 592.714 300 89
0 650 592.794 300 89
0 650 592.886 300 89
0 650 592.982 300 89
0 650 593.068 300 89
0 650 593.166 300 89
0 650 593.249 300 89
0 650 593.331 300 89
0 650 593.442 300 89
0 650 593.533 300 89
0 650 593.61 300 89
0 650 593.705 300 89
0 650 593.798 300 89
0 650 593.884 300 89
0 650 593.972 300 89
0 650 594.059 300 89
0 650 594.144 300 89
0 650 594.222 300 89
0 650 594.307 300 89
0 650 594.4 300 89
0 650 594.487 300 89
0 650 594.586 300 89
0 650 594.675 300 89
0 650 594.765 300 89
0 650 594.855 300 89
0 650 594.938 300 89
0 650 595.022 300 89
0 650 595.098 300 89
0 650 595.186 300 89
0 650 595.275 300 89
0 650 595.36 300 89
0 650 595.448 300 89
0 650 595.537 300 89
0 650 595.625 300 89
0 650 595.71 300 89
0 650 595.794 300 89
0 650 595.886 300 89
0 650 595.979 300 89
0 650 596.074 300 89
0 650 596.229 300 89
0 650 596.322 300 89
0 650 596.407 300 89
0 650 596.493 300 89
0 650 596.583 300 89
0 650 596.67 300 89
0 650 596.753 300 89
0 650 596.838 300 89
0 650 596.925 300 89
0 650 597.012 300 89
0 650 597.092 300 89
0 650 597.169 300 89
0 650 597.257 300 89
0 650 597.343 300 89
0 650 597.427 300 89
0 650 597.515 300 89
0 650 597.607 300 89
0 650 597.689 300 89
0 650 597.781 300 89
0 650 597.867 300 89
0 650 597.961 300 89
0 650 598.06 300 89
0 650 598.149 300 89
0 650 598.239 300 89
0 650 598.327 300 89
0 650 598.416 300 89
0 650 598.502 300 89
0 650 598.592 300 89
0 650 598.682 300 89
0 650 598.774 300 89
0 650 598.86 300 89
0 650 598.954 300 89
0 650 599.049 300 89
0 650 599.144 300 89
0 650 599.224 300 89
0 650 599.321 300 89
0 650 599.409 300 89
0 650 599.498 300 89
0 650 599.582 300 89
0 650 599.668 300 89
0 650 599.762 300 89
0 650 599.852 300 89
0 650 599.945 300 89
0 650 600.04 300 89
0 650 600.114 300 89
0 650 600.206 300 89
0 650 600.295 300 89
0 650 600.389 300 89
0 650 600.495 300 89
0 650 600.619 300 89
0 650 600.716 300 89
0 650 600.809 300 89
0 650 600.889 300 89
0 650 600.981 300 89
0 650 601.076 300 89
0 650 601.17 300 89
0 650 601.269 300 89
0 650 601.364 300 89
0 650 601.449 300 89
0 650 601.532 300 89
0 650 601.614 300 89
0 650 601.711 300 89
0 650 601.805 300 89
0 650 601.888 300 89
0 650 601.982 300 89
0 650 602.072 300 89
0 650 602.154 300 89
0 650 602.246 300 89
0 650 602.347 300 89
0 650 602.454 300 89
0 650 602.572 300 89
0 650 602.67 300 89
0 650 602.76 300 89
0 650 602.851 300 89
0 650 602.941 300 89
0 650 603.035 300 89
0 650 603.134 300 89
0 650 603.235 300 89
0 650 603.322 300 89
0 650 603.414 300 89
0 650 603.499 300 89
0 650 603.598 300 89
0 650 603.688 300 89
0 650 603.786 300 89
0 650 603.877 300 89
0 650 603.967 300 89
0 650 604.047 300 89
0 650 604.131 300 89
0 650 604.23 300 89
0 650 604.323 300 89
0 650 604.436 300 89
0 650 604.551 300 89
0 650 604.652 300 89
0 650 604.754 300 89
0 650 604.849 300 89
0 650 604.947 300 89
0 650 605.035 300 89
0 650 605.108 300 89
0 650 605.212 300 89
0 650 605.304 300 89
0 650 605.39 300 89
0 650 605.471 300 89
0 650 605.565 300 89
0 650 605.659 300 89
0 650 605.749 300 89
0 650 605.842 300 89
0 650 605.926 300 89
0 650 606.028 300 89
0 650 606.123 300 89
0 650 606.219 300 89
0 650 606.313 300 89
0 650 606.417 300 89
0 650 606.527 300 89
0 650 606.639 300 89
0 650 606.731 300 89
0 650 606.823 300 89
0 650 606.921 300 89
0 650 607.014 300 89
0 650 607.113 300 89
0 650 607.212 300 89
0 650 607.309 300 89
0 650 607.396 300 89
0 650 607.497 300 89
0 650 607.599 300 89
0 650 607.687 300 89
0 650 607.784 300 89
0 650 607.878 300 89
0 650 607.967 300 89
0 650 608.056 300 89
0 650 608.141 300 89
0 650 608.231 300 89
0 650 608.318 300 89
0 650 608.426 300 89
0 650 608.531 300 89
0 650 608.623 300 89
0 650 608.714 300 89
0 650 608.834 300 89
0 650 608.939 300 89
0 650 609.041 300 89
0 650 609.129 300 89
0 650 609.23 300 89
0 650 609.326 300 89
0 650 609.42 300 89
0 650 609.515 300 89
0 650 609.616 300 89
0 650 609.709 300 89
0 650 609.792 300 89
0 650 609.879 300 89
0 650 609.975 300 89
0 650 610.063 300 89
0 650 610.154 300 89
0 650 610.251 300 89
0 650 610.333 300 89
0 650 610.423 300 89
0 650 610.51 300 89
0 650 610.599 300 89
0 650 610.694 300 89
0 650 610.808 300 89
0 650 610.909 300 89
0 650 611.019 300 89
0 650 611.108 300 89
0 650 611.224 300 89
0 650 611.324 300 89
0 650 611.413 300 89
0 650 611.498 300 89
0 650 611.591 300 89
0 650 611.699 300 89
0 650 611.794 300 89
0 650 611.896 300 89
0 650 611.993 300 89
0 650 612.09 300 89
0 650 612.182 300 89
0 650 612.272 300 89
0 650 612.359 300 89
0 650 612.445 300 89
0 650 612.55 300 89
0 650 612.64 300 89
0 650 612.792 300 89
0 650 612.88 300 89
0 650 612.972 300 89
0 650 613.075 300 89
0 650 613.189 300 89
0 650 613.305 300 89
0 650 613.417 300 89
0 650 613.515 300 89
0 650 613.617 300 89
0 650 613.727 300 89
0 650 613.835 300 89
0 650 613.93 300 89
0 650 614.024 300 89
0 650 614.122 300 89
0 650 614.213 300 89
0 650 614.318 300 89
0 650 614.406 300 89
0 650 614.497 300 89
0 650 614.594 300 89
0 650 614.675 300 89
0 650 614.771 300 89
0 650 614.869 300 89
0 650 614.96 300 89
0 650 615.053 300 89
0 650 615.148 300 89
0 650 615.241 300 89
0 650 615.336 300 89
0 650 615.435 300 89
0 650 615.533 300 89
0 650 615.634 300 89
0 650 615.748 300 89
0 650 615.857 300 89
0 650 615.955 300 89
0 650 616.056 300 89
0 650 616.15 300 89
0 650 616.239 300 89
0 650 616.334 300 89
0 650 616.43 300 89
0 650 616.529 300 89
0 650 616.621 300 89
0 650 616.712 300 89
0 650 616.8 300 89
0 650 616.896 300 89
0 650 616.996 300 89
0 650 617.087 300 89
0 650 617.172 300 89
0 650 617.268 300 89
0 650 617.361 300 89
0 650 617.457 300 89
0 650 617.56 300 89
0 650 617.671 300 89
0 650 617.784 300 89
0 650 617.878 300 89
0 650 617.968 300 89
0 650 618.054 300 89
0 650 618.149 300 89
0 650 618.243 300 89
0 650 618.348 300 89
0 650 618.435 300 89
0 650 618.52 300 89
0 650 618.609 300 89
0 650 618.694 300 89
0 650 618.79 300 89
0 650 618.886 300 89
0 650 618.972 300 89
0 650 619.063 300 89
0 650 619.154 300 89
0 650 619.24 300 89
0 650 619.331 300 89
0 650 619.431 300 89
0 650 619.525 300 89
0 650 619.64 300 89
0 650 619.756 300 89
0 650 619.852 300 89
0 650 619.941 300 89
0 650 620.033 300 89
0 650 620.127 300 89
0 650 620.214 300 89
0 650 620.308 300 89
0 650 620.399 300 89
0 650 620.49 300 89
0 650 620.579 300 89
0 650 620.673 300 89
0 650 620.767 300 89
0 650 620.863 300 89
0 650 620.954 300 89
0 650 621.047 300 89
0 650 621.143 300 89
0 650 621.231 300 89
0 650 621.325 300 89
0 650 621.42 300 89
0 650 621.521 300 89
0 650 621.648 300 89
0 650 621.749 300 89
0 650 621.846 300 89
0 650 621.959 300 89
0 650 622.118 300 89
0 650 622.208 300 89
0 650 622.303 300 89
0 650 622.398 300 89
0 650 622.491 300 89
0 650 622.588 300 89
0 650 622.691 300 89
0 650 622.752 300 89
0 650 622.843 300 89
0 650 622.94 300 89
0 650 623.033 300 89
0 650 623.132 300 89
0 650 623.224 300 89
0 650 623.308 300 89
0 650 623.402 300 89
0 650 623.485 300 89
0 650 623.576 300 89
0 650 623.674 300 89
0 650 623.764 300 89
0 650 623.855 300 89
0 650 623.958 300 89
0 650 624.051 300 89
0 650 624.142 300 89
0 650 624.233 300 89
0 650 624.322 300 89
0 650 624.417 300 89
0 650 624.507 300 89
0 650 624.599 300 89
0 650 624.694 300 89
0 650 624.782 300 89
0 650 624.872 300 89
0 650 624.974 300 89
0 650 625.071 300 89
0 650 625.167 300 89
0 650 625.255 300 89
0 650 625.344 300 89
0 650 625.439 300 89
0 650 625.527 300 89
0 650 625.626 300 89
0 650 625.728 300 89
0 650 625.822 300 89
0 650 625.914 300 89
0 650 626.006 300 89
0 650 626.103 300 89
0 650 626.196 300 89
0 650 626.286 300 89
0 650 626.381 300 89
0 650 626.469 300 89
0 650 626.56 300 89
0 650 626.703 300 89
0 650 626.795 300 89
0 650 626.891 300 89
0 650 626.985 300 89
0 650 627.081 300 89
0 650 627.178 300 89
0 650 627.277 300 89
0 650 627.379 300 89
0 650 627.475 300 89
0 650 627.573 300 89
0 650 627.67 300 89
0 650 627.759 300 89
0 650 627.845 300 89
0 650 627.944 300 89
0 650 628.027 300 89
0 650 628.118 300 89
0 650 628.212 300 89
0 650 628.304 300 89
0 650 628.393 300 89
0 650 628.482 300 89
0 650 628.556 300 89
0 650 628.646 300 89
0 650 628.732 300 89
0 650 628.822 300 89
0 650 628.905 300 89
0 650 629.001 300 89
0 650 629.094 300 89
0 650 629.187 300 89
0 650 629.283 300 89
0 650 629.377 300 89
0 650 629.467 300 89
0 650 629.561 300 89
0 650 629.703 300 89
0 650 629.795 300 89
0 650 629.895 300 89
0 650 629.981 300 89
0 650 630.079 300 89
0 650 630.17 300 89
0 650 630.267 300 89
0 650 630.361 300 89
0 650 630.448 300 89
0 650 630.584 300 89
0 650 630.683 300 89
0 650 630.786 300 89
0 650 630.886 300 89
0 650 630.979 300 89
0 650 631.078 300 89
0 650 631.177 300 89
0 650 631.286 300 89
0 650 631.39 300 89
0 650 631.498 300 89
0 650 631.623 300 89
0 650 631.729 300 89
0 650 631.824 300 89
0 650 631.921 300 89
0 650 632.019 300 89
0 650 632.114 300 89
0 650 632.215 300 89
0 650 632.304 300 89
0 650 632.401 300 89
0 650 632.496 300 89
0 650 632.589 300 89
0 650 632.683 300 89
0 650 632.772 300 89
0 650 632.876 300 89
0 650 632.971 300 89
0 650 633.095 300 89
0 650 633.192 300 89
0 650 633.291 300 89
0 650 633.385 300 89
0 650 633.492 300 89
0 650 633.6 300 89
0 650 633.705 300 89
0 650 633.804 300 89
0 650 633.869 300 89
0 650 633.975 300 89
0 650 634.08 300 89
0 650 634.189 300 89
0 650 634.285 300 89
0 650 634.388 300 89
0 650 634.494 300 89
0 650 634.596 300 89
0 650 634.694 300 89
0 650 634.796 300 89
0 650 634.901 300 89
0 650 634.994 300 89
0 650 635.095 300 89
0 650 635.195 300 89
0 650 635.285 300 89
0 650 635.42 300 89
0 650 635.511 300 89
0 650 635.612 300 89
0 650 635.713 300 89
0 650 635.8 300 89
0 650 635.901 300 89
0 650 635.99 300 89
0 650 636.085 300 89
0 650 636.173 300 89
0 650 636.271 300 89
0 650 636.36 300 89
0 650 636.46 300 89
0 650 636.556 300 89
0 650 636.652 300 89
0 650 636.743 300 89
0 650 636.842 300 89
0 650 636.925 300 89
0 650 637.022 300 89
0 650 637.118 300 89
0 650 637.217 300 89
0 650 637.315 300 89
0 650 637.403 300 89
0 650 637.492 300 89
0 650 637.591 300 89
0 650 637.69 300 89
0 650 637.803 300 89
0 650 637.91 300 89
0 650 638.022 300 89
0 650 638.124 300 89
0 650 638.22 300 89
0 650 638.317 300 89
0 650 638.419 300 89
0 650 638.527 300 89
0 650 638.628 300 89
0 650 638.719 300 89
0 650 638.814 300 89
0 650 638.914 300 89
0 650 639.01 300 89
0 650 639.102 300 89
0 650 639.199 300 89
0 650 639.294 300 89
0 650 639.394 300 89
0 650 639.486 300 89
0 650 639.585 300 89
0 650 639.681 300 89
0 650 639.775 300 89
0 650 639.874 300 89
0 650 639.965 300 89
0 650 640.063 300 89
0 650 640.154 300 89
0 650 640.245 300 89
0 650 640.338 300 89
0 650 640.43 300 89
0 650 640.518 300 89
0 650 640.61 300 89
0 650 640.691 300 89
0 650 640.786 300 89
0 650 640.884 300 89
0 650 640.982 300 89
0 650 641.082 300 89
0 650 641.178 300 89
0 650 641.265 300 89
0 650 641.358 300 89
0 650 641.472 300 89
0 650 641.566 300 89
0 650 641.647 300 89
0 650 641.739 300 89
0 650 641.838 300 89
0 650 641.92 300 89
0 650 642.013 300 89
0 650 642.117 300 89
0 650 642.208 300 89
0 650 642.295 300 89
0 650 642.369 300 89
0 650 642.463 300 89
0 650 642.557 300 89
0 650 642.644 300 89
0 650 642.73 300 89
0 650 642.83 300 89
0 650 642.922 300 89
0 650 643.01 300 89
0 650 643.105 300 89
0 650 643.195 300 89
0 650 643.297 300 89
0 650 643.39 300 89
0 650 643.485 300 89
0 650 643.565 300 89
0 650 643.659 300 89
0 650 643.747 300 89
0 650 643.844 300 89
0 650 643.939 300 89
0 650 644.03 300 89
0 650 644.124 300 89
0 650 644.223 300 89
0 650 644.32 300 89
0 650 644.413 300 89
0 650 644.507 300 89
0 650 644.592 300 89
0 650 644.684 300 89
0 650 644.771 300 89
0 650 644.867 300 89
0 650 644.953 300 89
0 650 645.034 300 89
0 650 645.13 300 89
0 650 645.226 300 89
0 650 645.329 300 89
0 650 645.429 300 89
0 650 645.522 300 89
0 650 645.628 300 89
0 650 645.725 300 89
0 650 645.834 300 89
0 650 645.933 300 89
0 650 646.025 300 89
0 650 646.115 300 89
0 650 646.206 300 89
0 650 646.302 300 89
0 650 646.389 300 89
0 650 646.484 300 89
0 650 646.584 300 89
0 650 646.677 300 89
0 650 646.764 300 89
0 650 646.86 300 89
0 650 646.948 300 89
0 650 647.038 300 89
0 650 647.126 300 89
0 650 647.213 300 89
0 650 647.301 300 89
0 650 647.389 300 89
0 650 647.485 300 89
0 650 647.58 300 89
0 650 647.667 300 89
0 650 647.765 300 89
0 650 647.864 300 89
0 650 647.941 300 89
0 650 648.032 300 89
0 650 648.132 300 89
0 650 648.226 300 89
0 650 648.321 300 89
0 650 648.416 300 89
0 650 648.51 300 89
0 650 648.597 300 89
0 650 648.687 300 89
0 650 648.782 300 89
0 650 648.868 300 89
0 650 648.926 300 89
0 650 649.012 300 89
0 650 649.099 300 89
0 650 649.191 300 89
0 650 649.277 300 89
0 650 649.355 300 89
0 650 649.432 300 89
0 650 649.542 300 89
0 650 649.602 300 89
0 650 649.689 300 89
0 650 649.778 300 89
0 650 649.862 300 89
0 650 649.961 300 89
0 650 650.043 300 89
0 650 650.135 300 89
0 650 650.227 300 89
0 650 650.314 300 89
0 650 650.417 300 89
0 650 650.521 300 89
0 650 650.615 300 89
0 650 650.708 300 89
0 650 650.793 300 89
0 650 650.89 300 89
0 650 650.991 300 89
0 650 651.083 300 89
0 650 651.173 300 89
0 650 651.273 300 89
0 650 651.363 300 89
0 650 651.457 300 89
0 650 651.555 300 89
0 650 651.647 300 89
0 650 651.74 300 89
0 650 651.833 300 89
0 650 651.931 300 89
0 650 652.022 300 89
0 650 652.1 300 89
0 650 652.159 300 89
0 650 652.217 300 89
0 650 652.282 300 89
0 650 652.346 300 89
0 650 652.413 300 89
0 650 652.478 300 89
0 650 652.567 300 89
0 650 652.66 300 89
0 650 652.75 300 89
0 650 652.847 300 89
0 650 652.936 300 89
0 650 653.032 300 89
0 650 653.125 300 89
0 650 653.22 300 89
0 650 653.311 300 89
0 650 653.398 300 89
0 650 653.486 300 89
0 650 653.576 300 89
0 650 653.652 300 89
0 650 653.748 300 89
0 650 653.845 300 89
0 650 653.947 300 89
0 650 654.042 300 89
0 650 654.12 300 89
0 650 654.205 300 89
0 650 654.29 300 89
0 650 654.373 300 89
0 650 654.461 300 89
0 650 654.553 300 89
0 650 654.632 300 89
0 650 654.723 300 89
0 650 654.789 300 89
0 650 654.849 300 89
0 650 654.906 300 89
0 650 654.971 300 89
0 650 655.033 300 89
0 650 655.098 300 89
0 650 655.163 300 89
0 650 655.226 300 89
0 650 655.295 300 89
0 650 655.385 300 89
0 650 655.454 300 89
0 650 655.558 300 89
0 650 655.649 300 89
0 650 655.738 300 89
0 650 655.823 300 89
0 650 655.914 300 89
0 650 656.002 300 89
0 650 656.097 300 89
0 650 656.188 300 89
0 650 656.284 300 89
0 650 656.376 300 89
0 650 656.464 300 89
0 650 656.543 300 89
0 650 656.631 300 89
0 650 656.715 300 89
0 650 656.806 300 89
0 650 656.897 300 89
0 650 657 300 89
0 650 657.085 300 89
0 650 657.179 300 89
0 650 657.271 300 89
0 650 657.361 300 89
0 650 657.449 300 89
0 650 657.539 300 89
0 650 657.63 300 89
0 650 657.714 300 89
0 650 657.807 300 89
0 650 657.896 300 89
0 650 657.983 300 89
0 650 658.067 300 89
0 650 658.164 300 89
0 650 658.253 300 89
0 650 658.346 300 89
0 650 658.433 300 89
0 650 658.516 300 89
0 650 658.606 300 89
0 650 658.688 300 89
0 650 658.778 300 89
0 650 658.861 300 89
0 650 658.941 300 89
0 650 659.018 300 89
0 650 659.101 300 89
0 650 659.186 300 89
0 650 659.279 300 89
0 650 659.338 300 89
0 650 659.428 300 89
0 650 659.524 300 89
0 650 659.612 300 89
0 650 659.71 300 89
0 650 659.799 300 89
0 650 659.888 300 89
0 650 659.974 300 89
0 650 660.068 300 89
0 650 660.156 300 89
0 650 660.25 300 89
0 650 660.339 300 89
0 650 660.429 300 89
0 650 660.515 300 89
0 650 660.601 300 89
0 650 660.692 300 89
0 650 660.779 300 89
0 650 660.858 300 89
0 650 660.911 300 89
0 650 660.994 300 89
0 650 661.078 300 89
0 650 661.164 300 89
0 650 661.262 300 89
0 650 661.355 300 89
0 650 661.447 300 89
0 650 661.532 300 89
0 650 661.621 300 89
0 650 661.705 300 89
0 650 661.794 300 89
0 650 661.885 300 89
0 650 661.97 300 89
0 650 662.061 300 89
0 650 662.151 300 89
0 650 662.242 300 89
0 650 662.33 300 89
0 650 662.421 300 89
0 650 662.501 300 89
0 650 662.627 300 89
0 650 662.721 300 89
0 650 662.808 300 89
0 650 662.895 300 89
0 650 662.988 300 89
0 650 663.074 300 89
0 650 663.153 300 89
0 650 663.238 300 89
0 650 663.323 300 89
0 650 663.392 300 89
0 650 663.453 300 89
0 650 663.515 300 89
0 650 663.578 300 89
0 650 663.642 300 89
0 650 663.7 300 89
0 650 663.77 300 89
0 650 663.83 300 89
0 650 663.886 300 89
0 650 663.954 300 89
0 650 664.016 300 89
0 650 664.08 300 89
0 650 664.14 300 89
0 650 664.224 300 89
0 650 664.311 300 89
0 650 664.403 300 89
0 650 664.489 300 89
0 650 664.571 300 89
0 650 664.664 300 89
0 650 664.748 300 89
0 650 664.818 300 89
0 650 664.902 300 89
0 650 664.988 300 89
0 650 665.074 300 89
0 650 665.161 300 89
0 650 665.248 300 89
0 650 665.323 300 89
0 650 665.407 300 89
0 650 665.491 300 89
0 650 665.573 300 89
0 650 665.661 300 89
0 650 665.746 300 89
0 650 665.824 300 89
0 650 665.909 300 89
0 650 665.998 300 89
0 650 666.081 300 89
0 650 666.165 300 89
0 650 666.247 300 89
0 650 666.342 300 89
0 650 666.423 300 89
0 650 666.506 300 89
0 650 666.595 300 89
0 650 666.68 300 89
0 650 666.771 300 89
0 650 666.851 300 89
0 650 666.938 300 89
0 650 667.025 300 89
0 650 667.104 300 89
0 650 667.193 300 89
0 650 667.284 300 89
0 650 667.368 300 89
0 650 667.455 300 89
0 650 667.533 300 89
0 650 667.614 300 89
0 650 667.703 300 89
0 650 667.783 300 89
0 650 667.866 300 89
0 650 667.953 300 89
0 650 668.037 300 89
0 650 668.125 300 89
0 650 668.184 300 89
0 650 668.271 300 89
0 650 668.359 300 89
0 650 668.442 300 89
0 650 668.537 300 89
0 650 668.627 300 89
0 650 668.715 300 89
0 650 668.799 300 89
0 650 668.875 300 89
0 650 668.951 300 89
0 650 669.031 300 89
0 650 669.118 300 89
0 650 669.208 300 89
0 650 669.293 300 89
0 650 669.381 300 89
0 650 669.473 300 89
0 650 669.557 300 89
0 650 669.614 300 89
0 650 669.701 300 89
0 650 669.793 300 89
0 650 669.881 300 89
0 650 670.013 300 89
0 650 670.104 300 89
0 650 670.195 300 89
0 650 670.279 300 89
0 650 670.373 300 89
0 650 670.453 300 89
0 650 670.542 300 89
0 650 670.628 300 89
0 650 670.709 300 89
0 650 670.793 300 89
0 650 670.872 300 89
0 650 670.955 300 89
0 650 671.041 300 89
0 650 671.129 300 89
0 650 671.232 300 89
0 650 671.319 300 89
0 650 671.399 300 89
0 650 671.483 300 89
0 650 671.569 300 89
0 650 671.659 300 89
0 650 671.741 300 89
0 650 671.825 300 89
0 650 671.91 300 89
0 650 671.997 300 89
0 650 672.091 300 89
0 650 672.184 300 89
0 650 672.273 300 89
0 650 672.362 300 89
0 650 672.439 300 89
0 650 672.523 300 89
0 650 672.603 300 89
0 650 672.686 300 89
0 650 672.733 300 89
0 650 672.816 300 89
0 650 672.896 300 89
0 650 672.977 300 89
0 650 673.064 300 89
0 650 673.153 300 89
0 650 673.237 300 89
0 650 673.323 300 89
0 650 673.403 300 89
0 650 673.485 300 89
0 650 673.576 300 89
0 650 673.663 300 89
0 650 673.75 300 89
0 650 673.835 300 89
0 650 673.918 300 89
0 650 674.002 300 89
0 650 674.084 300 89
0 650 674.17 300 89
0 650 674.251 300 89
0 650 674.336 300 89
0 650 674.415 300 89
0 650 674.498 300 89
0 650 674.586 300 89
0 650 674.676 300 89
0 650 674.763 300 89
0 650 674.853 300 89
0 650 674.93 300 89
0 650 675.022 300 89
0 650 675.115 300 89
0 650 675.21 300 89
0 650 675.297 300 89
0 650 675.386 300 89
0 650 675.467 300 89
0 650 675.555 300 89
0 650 675.645 300 89
0 650 675.732 300 89
0 650 675.826 300 89
0 650 675.909 300 89
0 650 675.988 300 89
0 650 676.075 300 89
0 650 676.166 300 89
0 650 676.265 300 89
0 650 676.357 300 89
0 650 676.441 300 89
0 650 676.531 300 89
0 650 676.606 300 89
0 650 676.698 300 89
0 650 676.781 300 89
0 650 676.866 300 89
0 650 676.956 300 89
0 650 677.037 300 89
0 650 677.114 300 89
0 650 677.206 300 89
0 650 677.29 300 89
0 650 677.376 300 89
0 650 677.463 300 89
0 650 677.551 300 89
0 650 677.634 300 89
0 650 677.72 300 89
0 650 677.803 300 89
0 650 677.884 300 89
0 650 677.957 300 89
0 650 678.049 300 89
0 650 678.137 300 89
0 650 678.217 300 89
0 650 678.269 300 89
0 650 678.35 300 89
0 650 678.442 300 89
0 650 678.522 300 89
0 650 678.604 300 89
0 650 678.688 300 89
0 650 678.783 300 89
0 650 678.861 300 89
0 650 678.958 300 89
0 650 679.053 300 89
0 650 679.137 300 89
0 650 679.233 300 89
0 650 679.317 300 89
0 650 679.405 300 89
0 650 679.49 300 89
0 650 679.585 300 89
0 650 679.668 300 89
0 650 679.753 300 89
0 650 679.841 300 89
0 650 679.933 300 89
0 650 680.021 300 89
0 650 680.104 300 89
0 650 680.186 300 89
0 650 680.273 300 89
0 650 680.363 300 89
0 650 680.447 300 89
0 650 680.546 300 89
0 650 680.631 300 89
0 650 680.724 300 89
0 650 680.812 300 89
0 650 680.902 300 89
0 650 680.989 300 89
0 650 681.083 300 89
0 650 681.175 300 89
0 650 681.263 300 89
0 650 681.353 300 89
0 650 681.445 300 89
0 650 681.536 300 89
0 650 681.62 300 89
0 650 681.705 300 89
0 650 681.79 300 89
0 650 681.875 300 89
0 650 681.964 300 89
0 650 682.046 300 89
0 650 682.128 300 89
0 650 682.212 300 89
0 650 682.297 300 89
0 650 682.385 300 89
0 650 682.473 300 89
0 650 682.558 300 89
0 650 682.642 300 89
0 650 682.72 300 89
0 650 682.798 300 89
0 650 682.882 300 89
0 650 682.963 300 89
0 650 683.048 300 89
0 650 683.133 300 89
0 650 683.229 300 89
0 650 683.313 300 89
0 650 683.403 300 89
0 650 683.487 300 89
0 650 683.574 300 89
0 650 683.652 300 89
0 650 683.744 300 89
0 650 683.831 300 89
0 650 683.918 300 89
0 650 684.004 300 89
0 650 684.091 300 89
0 650 684.173 300 89
0 650 684.256 300 89
0 650 684.341 300 89
0 650 684.436 300 89
0 650 684.514 300 89
0 650 684.604 300 89
0 650 684.692 300 89
0 650 684.773 300 89
0 650 684.865 300 89
0 650 684.946 300 89
0 650 685.036 300 89
0 650 685.122 300 89
0 650 685.21 300 89
0 650 685.304 300 89
0 650 685.387 300 89
0 650 685.467 300 89
0 650 685.553 300 89
0 650 685.642 300 89
0 650 685.726 300 89
0 650 685.814 300 89
0 650 685.898 300 89
0 650 685.987 300 89
0 650 686.068 300 89
0 650 686.146 300 89
0 650 686.233 300 89
0 650 686.319 300 89
0 650 686.404 300 89
0 650 686.476 300 89
0 650 686.56 300 89
0 650 686.637 300 89
0 650 686.71 300 89
0 650 686.796 300 89
0 650 686.878 300 89
0 650 686.964 300 89
0 650 687.058 300 89
0 650 687.14 300 89
0 650 687.224 300 89
0 650 687.311 300 89
0 650 687.401 300 89
0 650 687.492 300 89
0 650 687.578 300 89
0 650 687.662 300 89
0 650 687.762 300 89
0 650 687.836 300 89
0 650 687.917 300 89
0 650 688.016 300 89
0 650 688.104 300 89
0 650 688.189 300 89
0 650 688.27 300 89
0 650 688.358 300 89
0 650 688.445 300 89
0 650 688.533 300 89
0 650 688.618 300 89
0 650 688.695 300 89
0 650 688.785 300 89
0 650 688.865 300 89
0 650 688.951 300 89
0 650 689.032 300 89
0 650 689.118 300 89
0 650 689.207 300 89
0 650 689.291 300 89
0 650 689.376 300 89
0 650 689.468 300 89
0 650 689.563 300 89
0 650 689.654 300 89
0 650 689.74 300 89
0 650 689.818 300 89
0 650 689.903 300 89
0 650 689.995 300 89
0 650 690.087 300 89
0 650 690.175 300 89
0 650 690.253 300 89
0 650 690.339 300 89
0 650 690.429 300 89
0 650 690.512 300 89
0 650 690.597 300 89
0 650 690.68 300 89
0 650 690.766 300 89
0 650 690.856 300 89
0 650 690.934 300 89
0 650 691.02 300 89
0 650 691.078 300 89
0 650 691.148 300 89
0 650 691.227 300 89
0 650 691.305 300 89
0 650 691.387 300 89
0 650 691.477 300 89
0 650 691.569 300 89
0 650 691.655 300 89
0 650 691.743 300 89
0 650 691.832 300 89
0 650 691.924 300 89
0 650 692.007 300 89
0 650 692.091 300 89
0 650 692.176 300 89
0 650 692.267 300 89
0 650 692.383 300 89
0 650 692.463 300 89
0 650 692.548 300 89
0 650 692.631 300 89
0 650 692.718 300 89
0 650 692.81 300 89
0 650 692.892 300 89
0 650 692.979 300 89
0 650 693.063 300 89
0 650 693.147 300 89
0 650 693.238 300 89
0 650 693.331 300 89
0 650 693.419 300 89
0 650 693.504 300 89
0 650 693.565 300 89
0 650 693.648 300 89
0 650 693.735 300 89
0 650 693.831 300 89
0 650 693.926 300 89
0 650 694.02 300 89
0 650 694.12 300 89
0 650 694.212 300 89
0 650 694.297 300 89
0 650 694.38 300 89
0 650 694.465 300 89
0 650 694.551 300 89
0 650 694.639 300 89
0 650 694.727 300 89
0 650 694.809 300 89
0 650 694.897 300 89
0 650 694.987 300 89
0 650 695.067 300 89
0 650 695.159 300 89
0 650 695.246 300 89
0 650 695.336 300 89
0 650 695.42 300 89
0 650 695.499 300 89
0 650 695.584 300 89
0 650 695.674 300 89
0 650 695.766 300 89
0 650 695.855 300 89
0 650 695.959 300 89
0 650 696.05 300 89
0 650 696.149 300 89
0 650 696.249 300 89
0 650 696.339 300 89
0 650 696.435 300 89
0 650 696.538 300 89
0 650 696.648 300 89
0 650 696.739 300 89
0 650 696.835 300 89
0 650 696.926 300 89
0 650 697.036 300 89
0 650 697.126 300 89
0 650 697.214 300 89
0 650 697.294 300 89
0 650 697.387 300 89
0 650 697.483 300 89
0 650 697.573 300 89
0 650 697.655 300 89
0 650 697.74 300 89
0 650 697.839 300 89
0 650 697.94 300 89
0 650 698.031 300 89
0 650 698.124 300 89
0 650 698.212 300 89
0 650 698.319 300 89
0 650 698.415 300 89
0 650 698.507 300 89
0 650 698.592 300 89
0 650 698.686 300 89
0 650 698.796 300 89
0 650 698.902 300 89
0 650 698.981 300 89
0 650 699.072 300 89
0 650 699.154 300 89
0 650 699.226 300 89
0 650 699.336 300 89
0 650 699.423 300 89
0 650 699.51 300 89
0 650 699.593 300 89
0 650 699.68 300 89
0 650 699.76 300 89
0 650 699.848 300 89
0 650 699.937 300 89
0 650 700.018 300 89
0 650 700.109 300 89
0 650 700.196 300 89
0 650 700.286 300 89
0 650 700.367 300 89
0 650 700.452 300 89
0 650 700.542 300 89
0 650 700.651 300 89
0 650 700.751 300 89
0 650 700.84 300 89
0 650 700.925 300 89
0 650 701.012 300 89
0 650 701.094 300 89
0 650 701.18 300 89
0 650 701.263 300 89
0 650 701.358 300 89
0 650 701.45 300 89
0 650 701.539 300 89
0 650 701.619 300 89
0 650 701.713 300 89
0 650 701.795 300 89
0 650 701.88 300 89
0 650 701.964 300 89
0 650 702.047 300 89
0 650 702.132 300 89
0 650 702.226 300 89
0 650 702.319 300 89
0 650 702.405 300 89
0 650 702.493 300 89
0 650 702.586 300 89
0 650 702.681 300 89
0 650 702.77 300 89
0 650 702.855 300 89
0 650 702.939 300 89
0 650 703.018 300 89
0 650 703.105 300 89
0 650 703.194 300 89
0 650 703.267 300 89
0 650 703.35 300 89
0 650 703.441 300 89
0 650 703.526 300 89
0 650 703.606 300 89
0 650 703.689 300 89
0 650 703.745 300 89
0 650 703.823 300 89
0 650 703.9 300 89
0 650 703.954 300 89
0 650 704.042 300 89
0 650 704.122 300 89
0 650 704.174 300 89
0 650 704.254 300 89
0 650 704.339 300 89
0 650 704.425 300 89
0 650 704.513 300 89
0 650 704.599 300 89
0 650 704.698 300 89
0 650 704.803 300 89
0 650 704.898 300 89
0 650 704.984 300 89
0 650 705.068 300 89
0 650 705.15 300 89
0 650 705.236 300 89
0 650 705.313 300 89
0 650 705.396 300 89
0 650 705.489 300 89
0 650 705.587 300 89
0 650 705.667 300 89
0 650 705.756 300 89
0 650 705.848 300 89
0 650 705.942 300 89
0 650 706.033 300 89
0 650 706.121 300 89
0 650 706.215 300 89
0 650 706.309 300 89
0 650 706.403 300 89
0 650 706.462 300 89
0 650 706.542 300 89
0 650 706.635 300 89
0 650 706.73 300 89
0 650 706.827 300 89
0 650 706.908 300 89
0 650 706.987 300 89
0 650 707.071 300 89
0 650 707.162 300 89
0 650 707.252 300 89
0 650 707.336 300 89
0 650 707.42 300 89
0 650 707.517 300 89
0 650 707.607 300 89
0 650 707.7 300 89
0 650 707.789 300 89
0 650 707.896 300 89
0 650 707.982 300 89
0 650 708.063 300 89
0 650 708.153 300 89
0 650 708.245 300 89
0 650 708.339 300 89
0 650 708.425 300 89
0 650 708.519 300 89
0 650 708.602 300 89
0 650 708.692 300 89
0 650 708.795 300 89
0 650 708.902 300 89
0 650 708.995 300 89
0 650 709.083 300 89
0 650 709.174 300 89
0 650 709.278 300 89
0 650 709.348 300 89
0 650 709.411 300 89
0 650 709.473 300 89
0 650 709.538 300 89
0 650 709.605 300 89
0 650 709.667 300 89
0 650 709.745 300 89
0 650 709.83 300 89
0 650 709.92 300 89
0 650 710.005 300 89
0 650 710.088 300 89
0 650 710.172 300 89
0 650 710.254 300 89
0 650 710.337 300 89
0 650 710.424 300 89
0 650 710.508 300 89
0 650 710.597 300 89
0 650 710.679 300 89
0 650 710.771 300 89
0 650 710.858 300 89
0 650 710.946 300 89
0 650 711.038 300 89
0 650 711.129 300 89
0 650 711.217 300 89
0 650 711.296 300 89
0 650 711.382 300 89
0 650 711.468 300 89
0 650 711.551 300 89
0 650 711.641 300 89
0 650 711.774 300 89
0 650 711.866 300 89
0 650 711.948 300 89
0 650 712.031 300 89
0 650 712.124 300 89
0 650 712.209 300 89
0 650 712.295 300 89
0 650 712.376 300 89
0 650 712.452 300 89
0 650 712.534 300 89
0 650 712.623 300 89
0 650 712.711 300 89
0 650 712.8 300 89
0 650 712.877 300 89
0 650 712.964 300 89
0 650 713.049 300 89
0 650 713.136 300 89
0 650 713.221 300 89
0 650 713.312 300 89
0 650 713.394 300 89
0 650 713.464 300 89
0 650 713.555 300 89
0 650 713.65 300 89
0 650 713.735 300 89
0 650 713.822 300 89
0 650 713.912 300 89
0 650 713.997 300 89
0 650 714.08 300 89
0 650 714.156 300 89
0 650 714.24 300 89
0 650 714.332 300 89
0 650 714.42 300 89
0 650 714.506 300 89
0 650 714.597 300 89
0 650 714.683 300 89
0 650 714.772 300 89
0 650 714.862 300 89
0 650 714.945 300 89
0 650 715.031 300 89
0 650 715.118 300 89
0 650 715.204 300 89
0 650 715.292 300 89
0 650 715.383 300 89
0 650 715.472 300 89
0 650 715.554 300 89
0 650 715.639 300 89
0 650 715.723 300 89
0 650 715.819 300 89
0 650 715.903 300 89
0 650 715.994 300 89
0 650 716.08 300 89
0 650 716.164 300 89
0 650 716.248 300 89
0 650 716.33 300 89
0 650 716.412 300 89
0 650 716.502 300 89
0 650 716.624 300 89
0 650 716.713 300 89
0 650 716.801 300 89
0 650 716.886 300 89
0 650 716.966 300 89
0 650 717.062 300 89
0 650 717.153 300 89
0 650 717.242 300 89
0 650 717.332 300 89
0 650 717.427 300 89
0 650 717.522 300 89
0 650 717.61 300 89
0 650 717.693 300 89
0 650 717.785 300 89
0 650 717.882 300 89
0 650 717.976 300 89
0 650 718.067 300 89
0 650 718.153 300 89
0 650 718.251 300 89
0 650 718.335 300 89
0 650 718.42 300 89
0 650 718.503 300 89
0 650 718.596 300 89
0 650 718.677 300 89
0 650 718.764 300 89
0 650 718.857 300 89
0 650 718.946 300 89
0 650 719.043 300 89
0 650 719.129 300 89
0 650 719.221 300 89
0 650 719.314 300 89
0 650 719.402 300 89
0 650 719.495 300 89
0 650 719.573 300 89
0 650 719.666 300 89
0 650 719.751 300 89
0 650 719.845 300 89
0 650 719.934 300 89
0 650 720.024 300 89
0 650 720.113 300 89
0 650 720.2 300 89
0 650 720.296 300 89
0 650 720.391 300 89
0 650 720.487 300 89
0 650 720.58 300 89
0 650 720.67 300 89
0 650 720.758 300 89
0 650 720.849 300 89
0 650 720.945 300 89
0 650 721.032 300 89
0 650 721.124 300 89
0 650 721.213 300 89
0 650 721.302 300 89
0 650 721.385 300 89
0 650 721.476 300 89
0 650 721.581 300 89
0 650 721.65 300 89
0 650 721.713 300 89
0 650 721.771 300 89
0 650 721.835 300 89
0 650 721.9 300 89
0 650 721.968 300 89
0 650 722.03 300 89
0 650 722.086 300 89
0 650 722.152 300 89
0 650 722.213 300 89
0 650 722.277 300 89
0 650 722.34 300 89
0 650 722.406 300 89
0 650 722.463 300 89
0 650 722.527 300 89
0 650 722.588 300 89
0 650 722.65 300 89
0 650 722.714 300 89
0 650 722.776 300 89
0 650 722.837 300 89
0 650 722.898 300 89
0 650 722.963 300 89
0 650 723.037 300 89
0 650 723.111 300 89
0 650 723.192 300 89
0 650 723.281 300 89
0 650 723.368 300 89
0 650 723.457 300 89
0 650 723.553 300 89
0 650 723.649 300 89
0 650 723.738 300 89
0 650 723.821 300 89
0 650 723.902 300 89
0 650 723.989 300 89
0 650 724.074 300 89
0 650 724.165 300 89
0 650 724.256 300 89
0 650 724.359 300 89
0 650 724.434 300 89
0 650 724.538 300 89
0 650 724.635 300 89
0 650 724.731 300 89
0 650 724.828 300 89
0 650 724.919 300 89
0 650 725.005 300 89
0 650 725.077 300 89
0 650 725.164 300 89
0 650 725.258 300 89
0 650 725.365 300 89
0 650 725.472 300 89
0 650 725.573 300 89
0 650 725.693 300 89
0 650 725.809 300 89
0 650 725.922 300 89
0 650 726.031 300 89
0 650 726.155 300 89
0 650 726.263 300 89
0 650 726.371 300 89
0 650 726.487 300 89
0 650 726.662 300 89
0 650 726.781 300 89
0 650 726.888 300 89
0 650 727.002 300 89
0 650 727.122 300 89
0 650 727.236 300 89
0 650 727.348 300 89
0 650 727.466 300 89
0 650 727.594 300 89
0 650 727.693 300 89
0 650 727.794 300 89
0 650 727.886 300 89
0 650 727.991 300 89
0 650 728.081 300 89
0 650 728.169 300 89
0 650 728.257 300 89
0 650 728.348 300 89
0 650 728.437 300 89
0 650 728.522 300 89
0 650 728.6 300 89
0 650 728.678 300 89
0 650 728.761 300 89
0 650 728.854 300 89
0 650 728.953 300 89
0 650 729.046 300 89
0 650 729.165 300 89
0 650 729.259 300 89
0 650 729.346 300 89
0 650 729.435 300 89
0 650 729.526 300 89
0 650 729.617 300 89
0 650 729.701 300 89
0 650 729.788 300 89
0 650 729.882 300 89
0 650 729.982 300 89
0 650 730.062 300 89
0 650 730.141 300 89
0 650 730.212 300 89
0 650 730.302 300 89
0 650 730.396 300 89
0 650 730.486 300 89
0 650 730.572 300 89
0 650 730.658 300 89
0 650 730.749 300 89
0 650 730.833 300 89
0 650 730.928 300 89
0 650 731.019 300 89
0 650 731.133 300 89
0 650 731.242 300 89
0 650 731.345 300 89
0 650 731.427 300 89
0 650 731.518 300 89
0 650 731.605 300 89
0 650 731.695 300 89
0 650 731.787 300 89
0 650 731.87 300 89
0 650 731.959 300 89
0 650 732.062 300 89
0 650 732.155 300 89
0 650 732.248 300 89
0 650 732.321 300 89
0 650 732.405 300 89
0 650 732.494 300 89
0 650 732.586 300 89
0 650 732.674 300 89
0 650 732.762 300 89
0 650 732.848 300 89
0 650 732.941 300 89
0 650 733.034 300 89
0 650 733.119 300 89
0 650 733.214 300 89
0 650 733.332 300 89
0 650 733.435 300 89
0 650 733.526 300 89
0 650 733.64 300 89
0 650 733.726 300 89
0 650 733.82 300 89
0 650 733.906 300 89
0 650 733.992 300 89
0 650 734.079 300 89
0 650 734.16 300 89
0 650 734.304 300 89
0 650 734.399 300 89
0 650 734.491 300 89
0 650 734.578 300 89
0 650 734.664 300 89
0 650 734.755 300 89
0 650 734.838 300 89
0 650 734.924 300 89
0 650 735.009 300 89
0 650 735.107 300 89
0 650 735.196 300 89
0 650 735.284 300 89
0 650 735.374 300 89
0 650 735.471 300 89
0 650 735.571 300 89
0 650 735.692 300 89
0 650 735.8 300 89
0 650 735.901 300 89
0 650 735.981 300 89
0 650 736.074 300 89
0 650 736.148 300 89
0 650 736.231 300 89
0 650 736.319 300 89
0 650 736.401 300 89
0 650 736.475 300 89
0 650 736.559 300 89
0 650 736.659 300 89
0 650 736.776 300 89
0 650 736.855 300 89
0 650 736.94 300 89
0 650 737.027 300 89
0 650 737.112 300 89
0 650 737.194 300 89
0 650 737.281 300 89
0 650 737.372 300 89
0 650 737.456 300 89
0 650 737.55 300 89
0 650 737.644 300 89
0 650 737.734 300 89
0 650 737.827 300 89
0 650 737.927 300 89
0 650 738.035 300 89
0 650 738.098 300 89
0 650 738.191 300 89
0 650 738.277 300 89
0 650 738.371 300 89
0 650 738.466 300 89
0 650 738.558 300 89
0 650 738.636 300 89
0 650 738.72 300 89
0 650 738.808 300 89
0 650 738.905 300 89
0 650 739 300 89
0 650 739.078 300 89
0 650 739.169 300 89
0 650 739.251 300 89
0 650 739.336 300 89
0 650 739.421 300 89
0 650 739.506 300 89
0 650 739.593 300 89
0 650 739.68 300 89
0 650 739.769 300 89
0 650 739.848 300 89
0 650 739.936 300 89
0 650 740.051 300 89
0 650 740.149 300 89
0 650 740.254 300 89
0 650 740.345 300 89
0 650 740.428 300 89
0 650 740.512 300 89
0 650 740.595 300 89
0 650 740.677 300 89
0 650 740.754 300 89
0 650 740.847 300 89
0 650 740.939 300 89
0 650 741.056 300 89
0 650 741.185 300 89
0 650 741.272 300 89
0 650 741.362 300 89
0 650 741.453 300 89
0 650 741.538 300 89
0 650 741.63 300 89
0 650 741.717 300 89
0 650 741.795 300 89
0 650 741.888 300 89
0 650 741.98 300 89
0 650 742.072 300 89
0 650 742.155 300 89
0 650 742.252 300 89
0 650 742.36 300 89
0 650 742.473 300 89
0 650 742.575 300 89
0 650 742.662 300 89
0 650 742.754 300 89
0 650 742.835 300 89
0 650 742.917 300 89
0 650 743.053 300 89
0 650 743.142 300 89
0 650 743.233 300 89
0 650 743.33 300 89
0 650 743.426 300 89
0 650 743.524 300 89
0 650 743.605 300 89
0 650 743.689 300 89
0 650 743.776 300 89
0 650 743.867 300 89
0 650 743.951 300 89
0 650 744.037 300 89
0 650 744.127 300 89
0 650 744.21 300 89
0 650 744.293 300 89
0 650 744.383 300 89
0 650 744.471 300 89
0 650 744.582 300 89
0 650 744.679 300 89
0 650 744.765 300 89
0 650 744.856 300 89
0 650 744.936 300 89
0 650 745.017 300 89
0 650 745.101 300 89
0 650 745.191 300 89
0 650 745.285 300 89
0 650 745.375 300 89
0 650 745.458 300 89
0 650 745.565 300 89
0 650 745.657 300 89
0 650 745.733 300 89
0 650 745.819 300 89
0 650 745.906 300 89
0 650 745.997 300 89
0 650 746.089 300 89
0 650 746.173 300 89
0 650 746.256 300 89
0 650 746.341 300 89
0 650 746.434 300 89
0 650 746.525 300 89
0 650 746.625 300 89
0 650 746.758 300 89
0 650 746.866 300 89
0 650 746.958 300 89
0 650 747.052 300 89
0 650 747.151 300 89
0 650 747.268 300 89
0 650 747.384 300 89
0 650 747.487 300 89
0 650 747.578 300 89
0 650 747.663 300 89
0 650 747.745 300 89
0 650 747.823 300 89
0 650 747.912 300 89
0 650 747.995 300 89
0 650 748.083 300 89
0 650 748.17 300 89
0 650 748.263 300 89
0 650 748.373 300 89
0 650 748.468 300 89
0 650 748.555 300 89
0 650 748.638 300 89
0 650 748.736 300 89
0 650 748.824 300 89
0 650 748.898 300 89
0 650 748.971 300 89
0 650 749.063 300 89
0 650 749.129 300 89
0 650 749.191 300 89
0 650 749.249 300 89
0 650 749.31 300 89
0 650 749.367 300 89
0 650 749.427 300 89
0 650 749.49 300 89
0 650 749.559 300 89
0 650 749.642 300 89
0 650 749.739 300 89
0 650 749.826 300 89
0 650 749.933 300 89
0 650 750.038 300 89
0 650 750.131 300 89
0 650 750.23 300 89
0 650 750.314 300 89
0 650 750.411 300 89
0 650 750.516 300 89
0 650 750.613 300 89
0 650 750.708 300 89
0 650 750.789 300 89
0 650 750.878 300 89
0 650 750.964 300 89
0 650 751.066 300 89
0 650 751.176 300 89
0 650 751.281 300 89
0 650 751.366 300 89
0 650 751.452 300 89
0 650 751.541 300 89
0 650 751.63 300 89
0 650 751.718 300 89
0 650 751.802 300 89
0 650 751.888 300 89
0 650 751.974 300 89
0 650 752.06 300 89
0 650 752.141 300 89
0 650 752.228 300 89
0 650 752.316 300 89
0 650 752.398 300 89
0 650 752.489 300 89
0 650 752.58 300 89
0 650 752.666 300 89
0 650 752.769 300 89
0 650 752.865 300 89
0 650 752.983 300 89
0 650 753.065 300 89
0 650 753.151 300 89
0 650 753.23 300 89
0 650 753.333 300 89
0 650 753.447 300 89
0 650 753.539 300 89
0 650 753.632 300 89
0 650 753.717 300 89
0 650 753.809 300 89
0 650 753.879 300 89
0 650 753.986 300 89
0 650 754.073 300 89
0 650 754.163 300 89
0 650 754.26 300 89
0 650 754.352 300 89
0 650 754.453 300 89
0 650 754.548 300 89
0 650 754.636 300 89
0 650 754.73 300 89
0 650 754.821 300 89
0 650 754.914 300 89
0 650 755.011 300 89
0 650 755.097 300 89
0 650 755.182 300 89
0 650 755.264 300 89
0 650 755.347 300 89
0 650 755.432 300 89
0 650 755.518 300 89
0 650 755.603 300 89
0 650 755.68 300 89
0 650 755.753 300 89
0 650 755.833 300 89
0 650 755.917 300 89
0 650 755.999 300 89
0 650 756.088 300 89
0 650 756.182 300 89
0 650 756.295 300 89
0 650 756.39 300 89
0 650 756.53 300 89
0 650 756.625 300 89
0 650 756.719 300 89
0 650 756.812 300 89
0 650 756.908 300 89
0 650 757.003 300 89
0 650 757.117 300 89
0 650 757.216 300 89
0 650 757.306 300 89
0 650 757.392 300 89
0 650 757.481 300 89
0 650 757.588 300 89
0 650 757.69 300 89
0 650 757.786 300 89
0 650 757.874 300 89
0 650 757.971 300 89
0 650 758.052 300 89
0 650 758.14 300 89
0 650 758.231 300 89
0 650 758.327 300 89
0 650 758.416 300 89
0 650 758.5 300 89
0 650 758.591 300 89
0 650 758.673 300 89
0 650 758.758 300 89
0 650 758.848 300 89
0 650 758.931 300 89
0 650 759.016 300 89
0 650 759.103 300 89
0 650 759.19 300 89
0 650 759.276 300 89
0 650 759.362 300 89
0 650 759.444 300 89
0 650 759.535 300 89
0 650 759.633 300 89
0 650 759.769 300 89
0 650 759.861 300 89
0 650 759.95 300 89
0 650 760.03 300 89
0 650 760.115 300 89
0 650 760.197 300 89
0 650 760.316 300 89
0 650 760.434 300 89
0 650 760.555 300 89
0 650 760.68 300 89
0 650 760.802 300 89
0 650 760.916 300 89
0 650 761.041 300 89
0 650 761.161 300 89
0 650 761.271 300 89
0 650 761.384 300 89
0 650 761.501 300 89
0 650 761.617 300 89
0 650 761.739 300 89
0 650 761.857 300 89
0 650 761.983 300 89
0 650 762.103 300 89
0 650 762.226 300 89
0 650 762.34 300 89
0 650 762.455 300 89
0 650 762.569 300 89
0 650 762.706 300 89
0 650 762.82 300 89
0 650 762.917 300 89
0 650 763.026 300 89
0 650 763.145 300 89
0 650 763.276 300 89
0 650 763.392 300 89
0 650 763.496 300 89
0 650 763.617 300 89
0 650 763.692 300 89
0 650 763.756 300 89
0 650 763.817 300 89
0 650 763.881 300 89
0 650 763.942 300 89
0 650 764.006 300 89
0 650 764.082 300 89
0 650 764.168 300 89
0 650 764.256 300 89
0 650 764.344 300 89
0 650 764.434 300 89
0 650 764.522 300 89
0 650 764.616 300 89
0 650 764.713 300 89
0 650 764.804 300 89
0 650 764.901 300 89
0 650 764.99 300 89
0 650 765.083 300 89
0 650 765.176 300 89
0 650 765.269 300 89
0 650 765.359 300 89
0 650 765.455 300 89
0 650 765.542 300 89
0 650 765.629 300 89
0 650 765.718 300 89
0 650 765.809 300 89
0 650 765.871 300 89
0 650 765.961 300 89
0 650 766.04 300 89
0 650 766.121 300 89
0 650 766.202 300 89
0 650 766.298 300 89
0 650 766.39 300 89
0 650 766.479 300 89
0 650 766.573 300 89
0 650 766.665 300 89
0 650 766.754 300 89
0 650 766.841 300 89
0 650 766.927 300 89
0 650 767.017 300 89
0 650 767.113 300 89
0 650 767.201 300 89
0 650 767.29 300 89
0 650 767.376 300 89
0 650 767.46 300 89
0 650 767.546 300 89
0 650 767.637 300 89
0 650 767.719 300 89
0 650 767.809 300 89
0 650 767.897 300 89
0 650 767.983 300 89
0 650 768.076 300 89
0 650 768.164 300 89
0 650 768.236 300 89
0 650 768.348 300 89
0 650 768.428 300 89
0 650 768.519 300 89
0 650 768.611 300 89
0 650 768.698 300 89
0 650 768.776 300 89
0 650 768.861 300 89
0 650 768.946 300 89
0 650 769.031 300 89
0 650 769.115 300 89
0 650 769.201 300 89
0 650 769.29 300 89
0 650 769.383 300 89
0 650 769.473 300 89
0 650 769.556 300 89
0 650 769.635 300 89
0 650 769.718 300 89
0 650 769.804 300 89
0 650 769.897 300 89
0 650 769.98 300 89
0 650 770.067 300 89
0 650 770.154 300 89
0 650 770.249 300 89
0 650 770.338 300 89
0 650 770.424 300 89
0 650 770.52 300 89
0 650 770.602 300 89
0 650 770.695 300 89
0 650 770.774 300 89
0 650 770.855 300 89
0 650 770.935 300 89
0 650 771.069 300 89
0 650 771.164 300 89
0 650 771.267 300 89
0 650 771.358 300 89
0 650 771.444 300 89
0 650 771.534 300 89
0 650 771.611 300 89
0 650 771.705 300 89
0 650 771.792 300 89
0 650 771.883 300 89
0 650 771.97 300 89
0 650 772.056 300 89
0 650 772.141 300 89
0 650 772.201 300 89
0 650 772.286 300 89
0 650 772.38 300 89
0 650 772.465 300 89
0 650 772.553 300 89
0 650 772.643 300 89
0 650 772.73 300 89
0 650 772.814 300 89
0 650 772.897 300 89
0 650 772.985 300 89
0 650 773.082 300 89
0 650 773.164 300 89
0 650 773.246 300 89
0 650 773.334 300 89
0 650 773.425 300 89
0 650 773.513 300 89
0 650 773.602 300 89
0 650 773.69 300 89
0 650 773.78 300 89
0 650 773.865 300 89
0 650 773.949 300 89
0 650 774.038 300 89
0 650 774.117 300 89
0 650 774.204 300 89
0 650 774.288 300 89
0 650 774.38 300 89
0 650 774.47 300 89
0 650 774.559 300 89
0 650 774.651 300 89
0 650 774.75 300 89
0 650 774.83 300 89
0 650 774.919 300 89
0 650 775.003 300 89
0 650 775.092 300 89
0 650 775.184 300 89
0 650 775.269 300 89
0 650 775.349 300 89
0 650 775.446 300 89
0 650 775.541 300 89
0 650 775.63 300 89
0 650 775.713 300 89
0 650 775.808 300 89
0 650 775.899 300 89
0 650 775.981 300 89
0 650 776.067 300 89
0 650 776.158 300 89
0 650 776.246 300 89
0 650 776.338 300 89
0 650 776.421 300 89
0 650 776.507 300 89
0 650 776.597 300 89
0 650 776.68 300 89
0 650 776.763 300 89
0 650 776.847 300 89
0 650 776.955 300 89
0 650 777.038 300 89
0 650 777.124 300 89
0 650 777.209 300 89
0 650 777.296 300 89
0 650 777.385 300 89
0 650 777.474 300 89
0 650 777.568 300 89
0 650 777.661 300 89
0 650 777.755 300 89
0 650 777.836 300 89
0 650 777.916 300 89
0 650 777.999 300 89
0 650 778.09 300 89
0 650 778.179 300 89
0 650 778.266 300 89
0 650 778.356 300 89
0 650 778.443 300 89
0 650 778.533 300 89
0 650 778.619 300 89
0 650 778.691 300 89
0 650 778.787 300 89
0 650 778.877 300 89
0 650 778.967 300 89
0 650 779.051 300 89
0 650 779.139 300 89
0 650 779.221 300 89
0 650 779.309 300 89
0 650 779.4 300 89
0 650 779.485 300 89
0 650 779.566 300 89
0 650 779.654 300 89
0 650 779.732 300 89
0 650 779.859 300 89
0 650 779.949 300 89
0 650 780.037 300 89
0 650 780.123 300 89
0 650 780.206 300 89
0 650 780.305 300 89
0 650 780.382 300 89
0 650 780.47 300 89
0 650 780.56 300 89
0 650 780.643 300 89
0 650 780.723 300 89
0 650 780.82 300 89
0 650 780.91 300 89
0 650 780.993 300 89
0 650 781.078 300 89
0 650 781.172 300 89
0 650 781.256 300 89
0 650 781.345 300 89
0 650 781.437 300 89
0 650 781.519 300 89
0 650 781.61 300 89
0 650 781.7 300 89
0 650 781.787 300 89
0 650 781.877 300 89
0 650 781.971 300 89
0 650 782.062 300 89
0 650 782.148 300 89
0 650 782.237 300 89
0 650 782.322 300 89
0 650 782.411 300 89
0 650 782.494 300 89
0 650 782.583 300 89
0 650 782.671 300 89
0 650 782.765 300 89
0 650 782.856 300 89
0 650 782.938 300 89
0 650 783.027 300 89
0 650 783.112 300 89
0 650 783.193 300 89
0 650 783.285 300 89
0 650 783.364 300 89
0 650 783.446 300 89
0 650 783.532 300 89
0 650 783.617 300 89
0 650 783.703 300 89
0 650 783.787 300 89
0 650 783.875 300 89
0 650 783.961 300 89
0 650 784.051 300 89
0 650 784.14 300 89
0 650 784.224 300 89
0 650 784.312 300 89
0 650 784.401 300 89
0 650 784.486 300 89
0 650 784.566 300 89
0 650 784.645 300 89
0 650 784.734 300 89
0 650 784.823 300 89
0 650 784.914 300 89
0 650 784.999 300 89
0 650 785.085 300 89
0 650 785.171 300 89
0 650 785.251 300 89
0 650 785.346 300 89
0 650 785.428 300 89
0 650 785.508 300 89
0 650 785.605 300 89
0 650 785.688 300 89
0 650 785.772 300 89
0 650 785.855 300 89
0 650 785.94 300 89
0 650 786.031 300 89
0 650 786.117 300 89
0 650 786.211 300 89
0 650 786.3 300 89
0 650 786.384 300 89
0 650 786.473 300 89
0 650 786.561 300 89
0 650 786.655 300 89
0 650 786.753 300 89
0 650 786.848 300 89
0 650 786.938 300 89
0 650 787.018 300 89
0 650 787.105 300 89
0 650 787.196 300 89
0 650 787.283 300 89
0 650 787.369 300 89
0 650 787.459 300 89
0 650 787.541 300 89
0 650 787.623 300 89
0 650 787.704 300 89
0 650 787.787 300 89
0 650 787.868 300 89
0 650 787.949 300 89
0 650 788.034 300 89
0 650 788.125 300 89
0 650 788.213 300 89
0 650 788.298 300 89
0 650 788.387 300 89
0 650 788.481 300 89
0 650 788.571 300 89
0 650 788.664 300 89
0 650 788.75 300 89
0 650 788.844 300 89
0 650 788.929 300 89
0 650 789.025 300 89
0 650 789.108 300 89
0 650 789.208 300 89
0 650 789.3 300 89
0 650 789.401 300 89
0 650 789.493 300 89
0 650 789.579 300 89
0 650 789.681 300 89
0 650 789.765 300 89
0 650 789.863 300 89
0 650 789.953 300 89
0 650 790.044 300 89
0 650 790.136 300 89
0 650 790.23 300 89
0 650 790.327 300 89
0 650 790.421 300 89
0 650 790.517 300 89
0 650 790.599 300 89
0 650 790.69 300 89
0 650 790.782 300 89
0 650 790.87 300 89
0 650 790.961 300 89
0 650 791.047 300 89
0 650 791.144 300 89
0 650 791.227 300 89
0 650 791.317 300 89
0 650 791.411 300 89
0 650 791.499 300 89
0 650 791.589 300 89
0 650 791.672 300 89
0 650 791.754 300 89
0 650 791.849 300 89
0 650 791.944 300 89
0 650 792.037 300 89
0 650 792.144 300 89
0 650 792.234 300 89
0 650 792.32 300 89
0 650 792.407 300 89
0 650 792.503 300 89
0 650 792.595 300 89
0 650 792.679 300 89
0 650 792.775 300 89
0 650 792.859 300 89
0 650 792.942 300 89
0 650 793.034 300 89
0 650 793.118 300 89
0 650 793.203 300 89
0 650 793.28 300 89
0 650 793.371 300 89
0 650 793.457 300 89
0 650 793.548 300 89
0 650 793.635 300 89
0 650 793.726 300 89
0 650 793.818 300 89
0 650 793.91 300 89
0 650 794.019 300 89
0 650 794.136 300 89
0 650 794.224 300 89
0 650 794.316 300 89
0 650 794.374 300 89
0 650 794.467 300 89
0 650 794.55 300 89
0 650 794.645 300 89
0 650 794.743 300 89
0 650 794.835 300 89
0 650 794.926 300 89
0 650 795.015 300 89
0 650 795.107 300 89
0 650 795.201 300 89
0 650 795.288 300 89
0 650 795.382 300 89
0 650 795.468 300 89
0 650 795.566 300 89
0 650 795.657 300 89
0 650 795.747 300 89
0 650 795.844 300 89
0 650 795.939 300 89
0 650 796.03 300 89
0 650 796.12 300 89
0 650 796.207 300 89
0 650 796.296 300 89
0 650 796.389 300 89
0 650 796.484 300 89
0 650 796.584 300 89
0 650 796.671 300 89
0 650 796.766 300 89
0 650 796.861 300 89
0 650 796.954 300 89
0 650 797.048 300 89
0 650 797.13 300 89
0 650 797.218 300 89
0 650 797.304 300 89
0 650 797.39 300 89
0 650 797.475 300 89
0 650 797.573 300 89
0 650 797.658 300 89
0 650 797.744 300 89
0 650 797.825 300 89
0 650 797.912 300 89
0 650 798.006 300 89
0 650 798.09 300 89
0 650 798.184 300 89
0 650 798.274 300 89
0 650 798.353 300 89
0 650 798.443 300 89
0 650 798.531 300 89
0 650 798.614 300 89
0 650 798.716 300 89
0 650 798.801 300 89
0 650 798.888 300 89
0 650 798.974 300 89
0 650 799.067 300 89
0 650 799.158 300 89
0 650 799.246 300 89
0 650 799.344 300 89
0 650 799.424 300 89
0 650 799.514 300 89
0 650 799.601 300 89
0 650 799.688 300 89
0 650 799.779 300 89
0 650 799.866 300 89
0 650 799.949 300 89
