0 767.6 0.015035 300 0
0 745.2 0.017545 0
0 666.8 0.021161 2
0 666.8 0.075485 300 85
0 666.8 0.124694 300 87
0 661.2 0.180001 300 87
0 655.6 0.183286 87
0 655.6 0.236307 300 89
0 655.6 0.289385 300 89
0 655.6 0.337002 300 89
0 655.6 0.389393 300 89
0 655.6 0.447992 300 89
0 655.6 0.50036 300 89
0 655.6 0.552663 300 89
0 655.6 0.603932 300 89
0 655.6 0.659203 300 89
0 655.6 0.710854 300 89
0 655.6 0.762907 300 89
0 655.6 0.815302 300 89
0 655.6 0.868001 300 89
0 655.6 0.922419 300 89
0 655.6 0.979055 300 89
0 655.6 1.03207 300 89
0 655.6 1.08742 300 89
0 655.6 1.14356 300 89
0 655.6 1.19892 300 89
0 655.6 1.25367 300 89
0 655.6 1.30873 300 89
0 655.6 1.36143 300 89
0 655.6 1.40925 300 89
0 655.6 1.46661 300 89
0 655.6 1.5226 300 89
0 655.6 1.57409 300 89
0 655.6 1.62989 300 89
0 655.6 1.68375 300 89
0 655.6 1.73926 300 89
0 655.6 1.78945 300 89
0 655.6 1.84668 300 89
0 655.6 1.89363 300 89
0 655.6 1.94792 300 89
0 655.6 2.00438 300 89
0 655.6 2.05849 300 89
0 655.6 2.11242 300 89
0 655.6 2.164 300 89
0 655.6 2.22549 300 89
0 655.6 2.28006 300 89
0 655.6 2.33636 300 89
0 655.6 2.39206 300 89
0 655.6 2.4522 300 89
0 655.6 2.50842 300 89
0 655.6 2.56188 300 89
0 655.6 2.6204 300 89
0 655.6 2.67598 300 89
0 655.6 2.72974 300 89
0 655.6 2.78515 300 89
0 655.6 2.84421 300 89
0 655.6 2.89966 300 89
0 655.6 2.95922 300 89
0 655.6 3.01955 300 89
0 655.6 3.0785 300 89
0 655.6 3.13425 300 89
0 655.6 3.18912 300 89
0 655.6 3.24332 300 89
0 655.6 3.30011 300 89
0 655.6 3.3596 300 89
0 655.6 3.41508 300 89
0 655.6 3.47196 300 89
0 655.6 3.52755 300 89
0 655.6 3.58901 300 89
0 655.6 3.64802 300 89
0 655.6 3.70346 300 89
0 655.6 3.76087 300 89
0 655.6 3.81546 300 89
0 655.6 3.86921 300 89
0 655.6 3.92456 300 89
0 655.6 3.98721 300 89
0 655.6 4.04495 300 89
0 655.6 4.09924 300 89
0 655.6 4.15923 300 89
0 655.6 4.21958 300 89
0 655.6 4.2775 300 89
0 655.6 4.33983 300 89
0 655.6 4.39431 300 89
0 655.6 4.44955 300 89
0 655.6 4.50791 300 89
0 655.6 4.5692 300 89
0 655.6 4.62616 300 89
0 655.6 4.68761 300 89
0 655.6 4.74552 300 89
0 655.6 4.80183 300 89
0 655.6 4.85931 300 89
0 655.6 4.91523 300 89
0 655.6 4.96512 300 89
0 655.6 5.02178 300 89
0 655.6 5.07923 300 89
0 655.6 5.13259 300 89
0 655.6 5.18761 300 89
0 655.6 5.24272 300 89
0 655.6 5.29533 300 89
0 655.6 5.35408 300 89
0 655.6 5.41495 300 89
0 655.6 5.47581 300 89
0 655.6 5.53446 300 89
0 655.6 5.58241 300 89
0 655.6 5.64133 300 89
0 655.6 5.69737 300 89
0 655.6 5.75667 300 89
0 655.6 5.8428 300 89
0 655.6 5.90042 300 89
0 655.6 5.95087 300 89
0 655.6 6.00446 300 89
0 655.6 6.06568 300 89
0 655.6 6.12387 300 89
0 655.6 6.18151 300 89
0 655.6 6.2418 300 89
0 655.6 6.29909 300 89
0 655.6 6.3617 300 89
0 655.6 6.4207 300 89
0 655.6 6.48334 300 89
0 655.6 6.54229 300 89
0 655.6 6.60265 300 89
0 655.6 6.66324 300 89
0 655.6 6.72149 300 89
0 655.6 6.77848 300 89
0 655.6 6.83743 300 89
0 655.6 6.90526 300 89
0 655.6 6.96229 300 89
0 655.6 7.02112 300 89
0 655.6 7.08091 300 89
0 655.6 7.14653 300 89
0 655.6 7.21102 300 89
0 655.6 7.27368 300 89
0 655.6 7.32956 300 89
0 655.6 7.38551 300 89
0 655.6 7.44815 300 89
0 655.6 7.51071 300 89
0 655.6 7.56934 300 89
0 655.6 7.62818 300 89
0 655.6 7.68474 300 89
0 655.6 7.74689 300 89
0 655.6 7.8142 300 89
0 655.6 7.87144 300 89
0 655.6 7.91947 300 89
0 655.6 7.9834 300 89
0 655.6 8.04362 300 89
0 655.6 8.10679 300 89
0 655.6 8.17151 300 89
0 655.6 8.23483 300 89
0 655.6 8.29619 300 89
0 655.6 8.35987 300 89
0 655.6 8.42436 300 89
0 655.6 8.48079 300 89
0 655.6 8.54132 300 89
0 655.6 8.60349 300 89
0 655.6 8.6572 300 89
0 655.6 8.69565 300 89
0 655.6 8.75634 300 89
0 655.6 8.81904 300 89
0 655.6 8.88053 300 89
0 655.6 8.92102 300 89
0 655.6 8.98351 300 89
0 655.6 9.04919 300 89
0 655.6 9.11687 300 89
0 655.6 9.19015 300 89
0 655.6 9.25543 300 89
0 655.6 9.35333 300 89
0 655.6 9.42032 300 89
0 655.6 9.48502 300 89
0 655.6 9.55105 300 89
0 655.6 9.61256 300 89
0 655.6 9.6739 300 89
0 655.6 9.73708 300 89
0 655.6 9.80117 300 89
0 655.6 9.84175 300 89
0 655.6 9.90958 300 89
0 655.6 9.97092 300 89
0 655.6 10.0124 300 89
0 655.6 10.07 300 89
0 655.6 10.1347 300 89
0 655.6 10.1915 300 89
0 655.6 10.2538 300 89
0 655.6 10.3189 300 89
0 655.6 10.3849 300 89
0 655.6 10.4482 300 89
0 655.6 10.5106 300 89
0 655.6 10.5775 300 89
0 655.6 10.6396 300 89
0 655.6 10.7091 300 89
0 655.6 10.7735 300 89
0 655.6 10.8434 300 89
0 655.6 10.9104 300 89
0 655.6 10.9805 300 89
0 655.6 11.0425 300 89
0 655.6 11.1048 300 89
0 655.6 11.1691 300 89
0 655.6 11.2372 300 89
0 655.6 11.3019 300 89
0 655.6 11.367 300 89
0 655.6 11.4252 300 89
0 655.6 11.4974 300 89
0 655.6 11.564 300 89
0 655.6 11.6292 300 89
0 655.6 11.7001 300 89
0 655.6 11.7748 300 89
0 655.6 11.8463 300 89
0 655.6 11.9116 300 89
0 655.6 11.9823 300 89
0 655.6 12.0452 300 89
0 655.6 12.1152 300 89
0 655.6 12.1867 300 89
0 655.6 12.2525 300 89
0 655.6 12.3174 300 89
0 655.6 12.3833 300 89
0 655.6 12.4452 300 89
0 655.6 12.5152 300 89
0 655.6 12.5827 300 89
0 655.6 12.6462 300 89
0 655.6 12.7183 300 89
0 655.6 12.785 300 89
0 655.6 12.8563 300 89
0 655.6 12.9264 300 89
0 655.6 12.9998 300 89
0 655.6 13.0728 300 89
0 655.6 13.1456 300 89
0 655.6 13.219 300 89
0 655.6 13.2857 300 89
0 655.6 13.3544 300 89
0 655.6 13.4275 300 89
0 655.6 13.5114 300 89
0 655.6 13.5812 300 89
0 655.6 13.6562 300 89
0 655.6 13.7281 300 89
0 655.6 13.7961 300 89
0 655.6 13.8702 300 89
0 655.6 13.9756 300 89
0 655.6 14.0773 300 89
0 655.6 14.1838 300 89
0 655.6 14.2813 300 89
0 655.6 14.3833 300 89
0 655.6 14.4848 300 89
0 655.6 14.5803 300 89
0 655.6 14.6715 300 89
0 655.6 14.8102 300 89
0 655.6 14.9445 300 89
0 655.6 15.0887 300 89
0 655.6 15.2101 300 89
0 655.6 15.3484 300 89
0 655.6 15.5572 300 89
0 655.6 15.693 300 89
0 655.6 15.8312 300 89
0 655.6 15.9698 300 89
0 655.6 16.0915 300 89
0 655.6 16.2357 300 89
0 655.6 16.3829 300 89
0 655.6 16.521 300 89
0 655.6 16.6494 300 89
0 655.6 16.7922 300 89
0 655.6 16.9427 300 89
0 655.6 17.082 300 89
0 655.6 17.2179 300 89
0 655.6 17.3543 300 89
0 655.6 17.4863 300 89
0 655.6 17.6177 300 89
0 655.6 17.7516 300 89
0 655.6 17.8833 300 89
0 655.6 18.0206 300 89
0 655.6 18.1587 300 89
0 655.6 18.2903 300 89
0 655.6 18.4205 300 89
0 655.6 18.5558 300 89
0 655.6 18.6915 300 89
0 655.6 18.8377 300 89
0 655.6 18.9648 300 89
0 655.6 19.0941 300 89
0 655.6 19.2353 300 89
0 655.6 19.3465 300 89
0 655.6 19.4708 300 89
0 655.6 19.607 300 89
0 655.6 19.7406 300 89
0 655.6 19.867 300 89
0 655.6 19.9938 300 89
0 655.6 20.117 300 89
0 655.6 20.2455 300 89
0 655.6 20.372 300 89
0 655.6 20.4932 300 89
0 655.6 20.6259 300 89
0 655.6 20.7423 300 89
0 655.6 20.8748 300 89
0 655.6 21.0111 300 89
0 655.6 21.1412 300 89
0 655.6 21.2646 300 89
0 655.6 21.4002 300 89
0 655.6 21.533 300 89
0 655.6 21.6515 300 89
0 655.6 21.7895 300 89
0 655.6 21.9142 300 89
0 655.6 22.0444 300 89
0 655.6 22.1645 300 89
0 655.6 22.2861 300 89
0 655.6 22.4175 300 89
0 655.6 22.5512 300 89
0 655.6 22.6828 300 89
0 655.6 22.8131 300 89
0 655.6 22.9402 300 89
0 655.6 23.0635 300 89
0 655.6 23.206 300 89
0 655.6 23.3467 300 89
0 655.6 23.4885 300 89
0 655.6 23.6116 300 89
0 655.6 23.7382 300 89
0 655.6 23.8656 300 89
0 655.6 23.9981 300 89
0 655.6 24.1366 300 89
0 655.6 24.2686 300 89
0 655.6 24.4033 300 89
0 655.6 24.54 300 89
0 655.6 24.6759 300 89
0 655.6 24.8056 300 89
0 655.6 24.9348 300 89
0 655.6 25.062 300 89
0 655.6 25.1909 300 89
0 655.6 25.328 300 89
0 655.6 25.4676 300 89
0 655.6 25.5841 300 89
0 655.6 25.7012 300 89
0 655.6 25.8257 300 89
0 655.6 25.9534 300 89
0 655.6 26.0792 300 89
0 655.6 26.2065 300 89
0 655.6 26.3434 300 89
0 655.6 26.4719 300 89
0 655.6 26.5883 300 89
0 655.6 26.7235 300 89
0 655.6 26.8478 300 89
0 655.6 26.9752 300 89
0 655.6 27.0992 300 89
0 655.6 27.2353 300 89
0 655.6 27.3589 300 89
0 655.6 27.4777 300 89
0 655.6 27.6111 300 89
0 655.6 27.7499 300 89
0 655.6 27.8786 300 89
0 655.6 28.0113 300 89
0 655.6 28.15 300 89
0 655.6 28.2673 300 89
0 655.6 28.4159 300 89
0 655.6 28.5415 300 89
0 655.6 28.6574 300 89
0 655.6 28.7875 300 89
0 655.6 28.9158 300 89
0 655.6 29.0526 300 89
0 655.6 29.183 300 89
0 655.6 29.3176 300 89
0 655.6 29.4564 300 89
0 655.6 29.5974 300 89
0 655.6 29.7119 300 89
0 655.6 29.8349 300 89
0 655.6 29.9708 300 89
0 655.6 30.1038 300 89
0 655.6 30.2322 300 89
0 655.6 30.3712 300 89
0 655.6 30.4968 300 89
0 655.6 30.6135 300 89
0 655.6 30.743 300 89
0 655.6 30.905 300 89
0 655.6 31.029 300 89
0 655.6 31.1629 300 89
0 655.6 31.293 300 89
0 655.6 31.4245 300 89
0 655.6 31.5432 300 89
0 655.6 31.6789 300 89
0 655.6 31.8088 300 89
0 655.6 31.9387 300 89
0 655.6 32.0617 300 89
0 655.6 32.1836 300 89
0 655.6 32.3044 300 89
0 655.6 32.4273 300 89
0 655.6 32.5528 300 89
0 655.6 32.673 300 89
0 655.6 32.7859 300 89
0 655.6 32.9109 300 89
0 655.6 33.0326 300 89
0 655.6 33.1484 300 89
0 655.6 33.2669 300 89
0 655.6 33.3945 300 89
0 655.6 33.5261 300 89
0 655.6 33.6429 300 89
0 655.6 33.7596 300 89
0 655.6 33.8841 300 89
0 655.6 33.9984 300 89
0 655.6 34.1241 300 89
0 655.6 34.2404 300 89
0 655.6 34.3549 300 89
0 655.6 34.4819 300 89
0 655.6 34.5971 300 89
0 655.6 34.7193 300 89
0 655.6 34.8368 300 89
0 655.6 34.951 300 89
0 655.6 35.0703 300 89
0 655.6 35.19 300 89
0 655.6 35.3102 300 89
0 655.6 35.4353 300 89
0 655.6 35.5558 300 89
0 655.6 35.6558 300 89
0 655.6 35.7799 300 89
0 655.6 35.8937 300 89
0 655.6 36.0084 300 89
0 655.6 36.1196 300 89
0 655.6 36.2475 300 89
0 655.6 36.3692 300 89
0 655.6 36.4919 300 89
0 655.6 36.6107 300 89
0 655.6 36.739 300 89
0 655.6 36.8703 300 89
0 655.6 36.9841 300 89
0 655.6 37.0997 300 89
0 655.6 37.218 300 89
0 655.6 37.3387 300 89
0 655.6 37.4492 300 89
0 655.6 37.5555 300 89
0 655.6 37.6684 300 89
0 655.6 37.7794 300 89
0 655.6 37.9019 300 89
0 655.6 38.0145 300 89
0 655.6 38.1268 300 89
0 655.6 38.2494 300 89
0 655.6 38.3629 300 89
0 655.6 38.494 300 89
0 655.6 38.611 300 89
0 655.6 38.7248 300 89
0 655.6 38.8474 300 89
0 655.6 38.9585 300 89
0 655.6 39.0586 300 89
0 655.6 39.1824 300 89
0 655.6 39.2954 300 89
0 655.6 39.4075 300 89
0 655.6 39.518 300 89
0 655.6 39.6192 300 89
0 655.6 39.7229 300 89
0 655.6 39.8291 300 89
0 655.6 39.9244 300 89
0 655.6 40.0377 300 89
0 655.6 40.1461 300 89
0 655.6 40.2493 300 89
0 655.6 40.3589 300 89
0 655.6 40.4673 300 89
0 655.6 40.5866 300 89
0 655.6 40.6785 300 89
0 655.6 40.7813 300 89
0 655.6 40.8697 300 89
0 655.6 40.9528 300 89
0 655.6 41.0394 300 89
0 655.6 41.1345 300 89
0 655.6 41.2246 300 89
0 655.6 41.3214 300 89
0 655.6 41.4106 300 89
0 655.6 41.501 300 89
0 655.6 41.5926 300 89
0 655.6 41.6881 300 89
0 655.6 41.783 300 89
0 655.6 41.8797 300 89
0 655.6 41.9802 300 89
0 655.6 42.0714 300 89
0 655.6 42.1619 300 89
0 655.6 42.2553 300 89
0 655.6 42.3492 300 89
0 655.6 42.4431 300 89
0 655.6 42.5459 300 89
0 655.6 42.6645 300 89
0 655.6 42.7663 300 89
0 655.6 42.8596 300 89
0 655.6 42.9595 300 89
0 655.6 43.0559 300 89
0 655.6 43.1546 300 89
0 655.6 43.2595 300 89
0 655.6 43.3618 300 89
0 655.6 43.4963 300 89
0 655.6 43.6267 300 89
0 655.6 43.7193 300 89
0 655.6 43.8039 300 89
0 655.6 43.8997 300 89
0 655.6 43.9952 300 89
0 655.6 44.1086 300 89
0 655.6 44.2108 300 89
0 655.6 44.3028 300 89
0 655.6 44.3893 300 89
0 655.6 44.4692 300 89
0 655.6 44.5603 300 89
0 655.6 44.647 300 89
0 655.6 44.7319 300 89
0 655.6 44.817 300 89
0 655.6 44.9072 300 89
0 655.6 44.9999 300 89
0 655.6 45.0801 300 89
0 655.6 45.1696 300 89
0 655.6 45.262 300 89
0 655.6 45.3504 300 89
0 655.6 45.4349 300 89
0 655.6 45.5173 300 89
0 655.6 45.5959 300 89
0 655.6 45.6825 300 89
0 655.6 45.7686 300 89
0 655.6 45.8424 300 89
0 655.6 45.9337 300 89
0 655.6 46.189 300 89
0 655.6 46.5361 300 89
0 655.6 46.7097 300 89
0 655.6 46.8462 300 89
0 655.6 46.9997 300 89
0 655.6 47.0916 300 89
0 655.6 47.1837 300 89
0 655.6 47.27 300 89
0 655.6 47.3552 300 89
0 655.6 47.4683 300 89
0 655.6 47.5607 300 89
0 655.6 47.6584 300 89
0 655.6 47.7609 300 89
0 655.6 47.8779 300 89
0 655.6 48.1215 300 89
0 655.6 48.4978 300 89
0 655.6 48.6547 300 89
0 655.6 48.7922 300 89
0 655.6 48.9243 300 89
0 655.6 49.0611 300 89
0 655.6 49.2306 300 89
0 655.6 49.3499 300 89
0 655.6 49.4439 300 89
0 655.6 49.5418 300 89
0 655.6 49.6486 300 89
0 655.6 49.7522 300 89
0 655.6 49.8509 300 89
0 655.6 49.953 300 89
0 655.6 50.0539 300 89
0 655.6 50.1724 300 89
0 655.6 50.299 300 89
0 655.6 50.4216 300 89
0 655.6 50.5009 300 89
0 655.6 50.593 300 89
0 655.6 50.6768 300 89
0 655.6 50.7613 300 89
0 655.6 50.8495 300 89
0 655.6 50.9776 300 89
0 655.6 51.0631 300 89
0 655.6 51.1489 300 89
0 655.6 51.2351 300 89
0 655.6 51.3186 300 89
0 655.6 51.4118 300 89
0 655.6 51.4905 300 89
0 655.6 51.5805 300 89
0 655.6 51.6666 300 89
0 655.6 51.7446 300 89
0 655.6 51.8242 300 89
0 655.6 51.905 300 89
0 655.6 52.0406 300 89
0 655.6 52.1321 300 89
0 655.6 52.2156 300 89
0 655.6 52.2956 300 89
0 655.6 52.3781 300 89
0 655.6 52.465 300 89
0 655.6 52.5445 300 89
0 655.6 52.6264 300 89
0 655.6 52.7044 300 89
0 655.6 52.7937 300 89
0 655.6 52.93 300 89
0 655.6 53.02 300 89
0 655.6 53.3367 300 89
0 655.6 53.5233 300 89
0 655.6 53.6679 300 89
0 655.6 53.8041 300 89
0 655.6 53.944 300 89
0 655.6 54.0328 300 89
0 655.6 54.122 300 89
0 655.6 54.2104 300 89
0 655.6 54.2914 300 89
0 655.6 54.3813 300 89
0 655.6 54.4695 300 89
0 655.6 54.5505 300 89
0 655.6 54.6424 300 89
0 655.6 54.78 300 89
0 655.6 54.9584 300 89
0 655.6 55.2408 300 89
0 655.6 55.4426 300 89
0 655.6 55.5633 300 89
0 655.6 55.6727 300 89
0 655.6 55.7817 300 89
0 655.6 55.8813 300 89
0 655.6 56.0029 300 89
0 655.6 56.1544 300 89
0 655.6 56.2812 300 89
0 655.6 56.3874 300 89
0 655.6 56.4632 300 89
0 655.6 56.56 300 89
0 655.6 56.6795 300 89
0 655.6 56.7784 300 89
0 655.6 56.8666 300 89
0 655.6 56.9478 300 89
0 655.6 57.0506 300 89
0 655.6 57.1438 300 89
0 655.6 57.2425 300 89
0 655.6 57.3397 300 89
0 655.6 57.4592 300 89
0 655.6 57.5495 300 89
0 655.6 57.641 300 89
0 655.6 57.7271 300 89
0 655.6 57.8025 300 89
0 655.6 57.8851 300 89
0 655.6 57.9632 300 89
0 655.6 58.0503 300 89
0 655.6 58.123 300 89
0 655.6 58.2089 300 89
0 655.6 58.3001 300 89
0 655.6 58.3858 300 89
0 655.6 58.4763 300 89
0 655.6 58.5666 300 89
0 655.6 58.6561 300 89
0 655.6 58.7242 300 89
0 655.6 58.8034 300 89
0 655.6 58.8639 300 89
0 655.6 58.9284 300 89
0 655.6 58.9915 300 89
0 655.6 59.0475 300 89
0 655.6 59.1111 300 89
0 655.6 59.1708 300 89
0 655.6 59.2241 300 89
0 655.6 59.2923 300 89
0 655.6 59.3553 300 89
0 655.6 59.4158 300 89
0 655.6 59.4831 300 89
0 655.6 59.541 300 89
0 655.6 59.6036 300 89
0 655.6 59.665 300 89
0 655.6 59.7276 300 89
0 655.6 59.7991 300 89
0 655.6 59.8516 300 89
0 655.6 59.9161 300 89
0 655.6 59.9781 300 89
0 655.6 60.0379 300 89
0 655.6 60.1029 300 89
0 655.6 60.1674 300 89
0 655.6 60.2267 300 89
0 655.6 60.2908 300 89
0 655.6 60.3481 300 89
0 655.6 60.4182 300 89
0 655.6 60.4818 300 89
0 655.6 60.54 300 89
0 655.6 60.5981 300 89
0 655.6 60.6608 300 89
0 655.6 60.7207 300 89
0 655.6 60.7871 300 89
0 655.6 60.8464 300 89
0 655.6 60.9174 300 89
0 655.6 60.9812 300 89
0 655.6 61.0432 300 89
0 655.6 61.1063 300 89
0 655.6 61.1664 300 89
0 655.6 61.2317 300 89
0 655.6 61.2972 300 89
0 655.6 61.3572 300 89
0 655.6 61.4184 300 89
0 655.6 61.4863 300 89
0 655.6 61.5484 300 89
0 655.6 61.6022 300 89
0 655.6 61.666 300 89
0 655.6 61.7266 300 89
0 655.6 61.7899 300 89
0 655.6 61.8542 300 89
0 655.6 61.9243 300 89
0 655.6 61.9947 300 89
0 655.6 62.0569 300 89
0 655.6 62.1138 300 89
0 655.6 62.1764 300 89
0 655.6 62.2353 300 89
0 655.6 62.2942 300 89
0 655.6 62.3489 300 89
0 655.6 62.4129 300 89
0 655.6 62.47 300 89
0 655.6 62.5411 300 89
0 655.6 62.6067 300 89
0 655.6 62.6689 300 89
0 655.6 62.7236 300 89
0 655.6 62.7854 300 89
0 655.6 62.8477 300 89
0 655.6 62.9103 300 89
0 655.6 62.9715 300 89
0 655.6 63.041 300 89
0 655.6 63.1083 300 89
0 655.6 63.1681 300 89
0 655.6 63.2342 300 89
0 655.6 63.2981 300 89
0 655.6 63.3604 300 89
0 655.6 63.4202 300 89
0 655.6 63.4822 300 89
0 655.6 63.5414 300 89
0 655.6 63.6129 300 89
0 655.6 63.678 300 89
0 655.6 63.7442 300 89
0 655.6 63.8084 300 89
0 655.6 63.8718 300 89
0 655.6 63.9326 300 89
0 655.6 63.9984 300 89
0 655.6 64.0599 300 89
0 655.6 64.1238 300 89
0 655.6 64.1929 300 89
0 655.6 64.2511 300 89
0 655.6 64.3032 300 89
0 655.6 64.3623 300 89
0 655.6 64.4563 300 89
0 655.6 64.5465 300 89
0 655.6 64.6911 300 89
0 655.6 64.9031 300 89
0 655.6 65.0365 300 89
0 655.6 65.1417 300 89
0 655.6 65.2498 300 89
0 655.6 65.3698 300 89
0 655.6 65.4892 300 89
0 655.6 65.6118 300 89
0 655.6 65.698 300 89
0 655.6 65.8125 300 89
0 655.6 65.9294 300 89
0 655.6 66.014 300 89
0 655.6 66.0976 300 89
0 655.6 66.1842 300 89
0 655.6 66.2744 300 89
0 655.6 66.358 300 89
0 655.6 66.4547 300 89
0 655.6 66.544 300 89
0 655.6 66.6374 300 89
0 655.6 66.7223 300 89
0 655.6 66.808 300 89
0 655.6 66.8971 300 89
0 655.6 66.9764 300 89
0 655.6 67.0705 300 89
0 655.6 67.1534 300 89
0 655.6 67.2384 300 89
0 655.6 67.3157 300 89
0 655.6 67.4036 300 89
0 655.6 67.4848 300 89
0 655.6 67.5713 300 89
0 655.6 67.6459 300 89
0 655.6 67.7153 300 89
0 655.6 67.8006 300 89
0 655.6 67.882 300 89
0 655.6 67.9596 300 89
0 655.6 68.043 300 89
0 655.6 68.1373 300 89
0 655.6 68.2463 300 89
0 655.6 68.3401 300 89
0 655.6 68.4382 300 89
0 655.6 68.5242 300 89
0 655.6 68.615 300 89
0 655.6 68.6857 300 89
0 655.6 68.7668 300 89
0 655.6 68.8394 300 89
0 655.6 68.92 300 89
0 655.6 68.9989 300 89
0 655.6 69.0805 300 89
0 655.6 69.1796 300 89
0 655.6 69.2619 300 89
0 655.6 69.5046 300 89
0 655.6 69.6726 300 89
0 655.6 69.7609 300 89
0 655.6 69.8664 300 89
0 655.6 69.9686 300 89
0 655.6 70.0816 300 89
0 655.6 70.1878 300 89
0 655.6 70.2851 300 89
0 655.6 70.3655 300 89
0 655.6 70.4699 300 89
0 655.6 70.5626 300 89
0 655.6 70.6483 300 89
0 655.6 70.7302 300 89
0 655.6 70.8155 300 89
0 655.6 70.9032 300 89
0 655.6 70.9903 300 89
0 655.6 71.109 300 89
0 655.6 71.1991 300 89
0 655.6 71.2799 300 89
0 655.6 71.3635 300 89
0 655.6 71.4454 300 89
0 655.6 71.5239 300 89
0 655.6 71.6044 300 89
0 655.6 71.6835 300 89
0 655.6 71.7674 300 89
0 655.6 71.8403 300 89
0 655.6 71.9254 300 89
0 655.6 72.0137 300 89
0 655.6 72.0906 300 89
0 655.6 72.1688 300 89
0 655.6 72.2593 300 89
0 655.6 72.3467 300 89
0 655.6 72.4374 300 89
0 655.6 72.5197 300 89
0 655.6 72.6096 300 89
0 655.6 72.7205 300 89
0 655.6 72.8305 300 89
0 655.6 72.9144 300 89
0 655.6 73.0082 300 89
0 655.6 73.0962 300 89
0 655.6 73.1771 300 89
0 655.6 73.2615 300 89
0 655.6 73.3428 300 89
0 655.6 73.4196 300 89
0 655.6 73.4973 300 89
0 655.6 73.5819 300 89
0 655.6 73.6629 300 89
0 655.6 73.7554 300 89
0 655.6 73.8816 300 89
0 655.6 73.9716 300 89
0 655.6 74.0764 300 89
0 655.6 74.1751 300 89
0 655.6 74.2765 300 89
0 655.6 74.3774 300 89
0 655.6 74.4604 300 89
0 655.6 74.5379 300 89
0 655.6 74.6146 300 89
0 655.6 74.7107 300 89
0 655.6 74.7935 300 89
0 655.6 74.8814 300 89
0 655.6 74.9637 300 89
0 655.6 75.0446 300 89
0 655.6 75.1192 300 89
0 655.6 75.204 300 89
0 655.6 75.2958 300 89
0 655.6 75.3772 300 89
0 655.6 75.4694 300 89
0 655.6 75.5537 300 89
0 655.6 75.6385 300 89
0 655.6 75.7267 300 89
0 655.6 75.8048 300 89
0 655.6 75.8874 300 89
0 655.6 75.9599 300 89
0 655.6 76.0462 300 89
0 655.6 76.1294 300 89
0 655.6 76.2084 300 89
0 655.6 76.2941 300 89
0 655.6 76.3776 300 89
0 655.6 76.472 300 89
0 655.6 76.5542 300 89
0 655.6 76.6346 300 89
0 655.6 76.7314 300 89
0 655.6 76.818 300 89
0 655.6 76.9514 300 89
0 655.6 77.0524 300 89
0 655.6 77.1475 300 89
0 655.6 77.2494 300 89
0 655.6 77.344 300 89
0 655.6 77.4281 300 89
0 655.6 77.5006 300 89
0 655.6 77.5758 300 89
0 655.6 77.66 300 89
0 655.6 77.7489 300 89
0 655.6 77.8288 300 89
0 655.6 77.9117 300 89
0 655.6 78.0729 300 89
0 655.6 78.2254 300 89
0 655.6 78.3265 300 89
0 655.6 78.4326 300 89
0 655.6 78.5512 300 89
0 655.6 78.652 300 89
0 655.6 78.7439 300 89
0 655.6 78.8438 300 89
0 655.6 78.9227 300 89
0 655.6 79.0077 300 89
0 655.6 79.0889 300 89
0 655.6 79.1706 300 89
0 655.6 79.2739 300 89
0 655.6 79.3621 300 89
0 655.6 79.4528 300 89
0 655.6 79.5089 300 89
0 655.6 79.5677 300 89
0 655.6 79.6306 300 89
0 655.6 79.6946 300 89
0 655.6 79.7651 300 89
0 655.6 79.8527 300 89
0 655.6 79.9455 300 89
0 655.6 80.0318 300 89
0 655.6 80.1285 300 89
0 655.6 80.2208 300 89
0 655.6 80.2922 300 89
0 655.6 80.3682 300 89
0 655.6 80.4563 300 89
0 655.6 80.5885 300 89
0 655.6 80.6976 300 89
0 655.6 80.7899 300 89
0 655.6 80.8892 300 89
0 655.6 81.0179 300 89
0 655.6 81.1417 300 89
0 655.6 81.2481 300 89
0 655.6 81.3457 300 89
0 655.6 81.4431 300 89
0 655.6 81.5784 300 89
0 655.6 81.6925 300 89
0 655.6 81.8142 300 89
0 655.6 81.9042 300 89
0 655.6 81.9648 300 89
0 655.6 82.0972 300 89
0 655.6 82.2097 300 89
0 655.6 82.3294 300 89
0 655.6 82.4698 300 89
0 655.6 82.5525 300 89
0 655.6 82.6407 300 89
0 655.6 82.7258 300 89
0 655.6 82.8058 300 89
0 655.6 82.8844 300 89
0 655.6 82.9621 300 89
0 655.6 83.0432 300 89
0 655.6 83.1271 300 89
0 655.6 83.2606 300 89
0 655.6 83.3574 300 89
0 655.6 83.4381 300 89
0 655.6 83.5165 300 89
0 655.6 83.6057 300 89
0 655.6 83.6941 300 89
0 655.6 83.7733 300 89
0 655.6 83.8592 300 89
0 655.6 83.9471 300 89
0 655.6 84.036 300 89
0 655.6 84.1306 300 89
0 655.6 84.2218 300 89
0 655.6 84.3303 300 89
0 655.6 84.4301 300 89
0 650 84.4353 89
0 650 84.5117 300 89
0 650 84.6024 300 89
0 650 84.7143 300 89
0 650 84.8335 300 89
0 650 84.9092 300 89
0 650 84.9921 300 89
0 650 85.0772 300 89
0 650 85.1586 300 89
0 650 85.2414 300 89
0 650 85.3219 300 89
0 650 85.4053 300 89
0 650 85.4929 300 89
0 650 85.6247 300 89
0 650 85.7132 300 89
0 650 85.8018 300 89
0 650 85.9 300 89
0 650 85.9886 300 89
0 650 86.0877 300 89
0 650 86.173 300 89
0 650 86.2548 300 89
0 650 86.3468 300 89
0 650 86.4345 300 89
0 650 86.5291 300 89
0 650 86.6343 300 89
0 650 86.7224 300 89
0 650 86.8131 300 89
0 650 86.9354 300 89
0 650 87.0791 300 89
0 650 87.1967 300 89
0 650 87.278 300 89
0 650 87.3656 300 89
0 650 87.4518 300 89
0 650 87.5643 300 89
0 650 87.6704 300 89
0 650 87.7597 300 89
0 650 87.8468 300 89
0 650 87.9317 300 89
0 650 87.9901 300 89
0 650 88.0855 300 89
0 650 88.1729 300 89
0 650 88.2557 300 89
0 650 88.3478 300 89
0 650 88.4332 300 89
0 650 88.5218 300 89
0 650 88.6099 300 89
0 650 88.7011 300 89
0 650 88.7861 300 89
0 650 88.8809 300 89
0 650 88.9856 300 89
0 650 89.0834 300 89
0 650 89.172 300 89
0 650 89.2559 300 89
0 650 89.3339 300 89
0 650 89.4176 300 89
0 650 89.5 300 89
0 650 89.5929 300 89
0 650 89.6789 300 89
0 650 89.7709 300 89
0 650 89.8822 300 89
0 650 89.9713 300 89
0 650 90.065 300 89
0 650 90.1604 300 89
0 650 90.2568 300 89
0 650 90.3552 300 89
0 650 90.4489 300 89
0 650 90.5381 300 89
0 650 90.6192 300 89
0 650 90.7136 300 89
0 650 90.7976 300 89
0 650 90.8902 300 89
0 650 90.9952 300 89
0 650 91.0972 300 89
0 650 91.1896 300 89
0 650 91.2828 300 89
0 650 91.3665 300 89
0 650 91.4484 300 89
0 650 91.5242 300 89
0 650 91.6072 300 89
0 650 91.6944 300 89
0 650 91.804 300 89
0 650 91.9106 300 89
0 650 92.0201 300 89
0 650 92.1055 300 89
0 650 92.1952 300 89
0 650 92.2898 300 89
0 650 92.381 300 89
0 650 92.4676 300 89
0 650 92.5765 300 89
0 650 92.6723 300 89
0 650 92.7899 300 89
0 650 92.893 300 89
0 650 92.993 300 89
0 650 93.0934 300 89
0 650 93.1882 300 89
0 650 93.2834 300 89
0 650 93.3715 300 89
0 650 93.4569 300 89
0 650 93.5611 300 89
0 650 93.6693 300 89
0 650 93.7478 300 89
0 650 93.8247 300 89
0 650 93.9087 300 89
0 650 93.9866 300 89
0 650 94.0714 300 89
0 650 94.1494 300 89
0 650 94.2388 300 89
0 650 94.3309 300 89
0 650 94.4214 300 89
0 650 94.5123 300 89
0 650 94.6002 300 89
0 650 94.6914 300 89
0 650 94.7694 300 89
0 650 94.8508 300 89
0 650 94.9314 300 89
0 650 95.0262 300 89
0 650 95.1138 300 89
0 650 95.1959 300 89
0 650 95.2864 300 89
0 650 95.3795 300 89
0 650 95.4642 300 89
0 650 95.5711 300 89
0 650 95.7267 300 89
0 650 95.8927 300 89
0 650 95.9949 300 89
0 650 96.0773 300 89
0 650 96.1759 300 89
0 650 96.2561 300 89
0 650 96.3506 300 89
0 650 96.4438 300 89
0 650 96.5329 300 89
0 650 96.6136 300 89
0 650 96.6952 300 89
0 650 96.7706 300 89
0 650 96.8787 300 89
0 650 96.9615 300 89
0 650 97.08 300 89
0 650 97.2085 300 89
0 650 97.2916 300 89
0 650 97.3878 300 89
0 650 97.4786 300 89
0 650 97.5604 300 89
0 650 97.6567 300 89
0 650 97.7433 300 89
0 650 97.8226 300 89
0 650 97.9016 300 89
0 650 97.9829 300 89
0 650 98.0681 300 89
0 650 98.155 300 89
0 650 98.2331 300 89
0 650 98.338 300 89
0 650 98.4203 300 89
0 650 98.5054 300 89
0 650 98.5894 300 89
0 650 98.6712 300 89
0 650 98.7567 300 89
0 650 98.8374 300 89
0 650 98.9307 300 89
0 650 99.0234 300 89
0 650 99.1173 300 89
0 650 99.2074 300 89
0 650 99.2942 300 89
0 650 99.3901 300 89
0 650 99.496 300 89
0 650 99.5942 300 89
0 650 99.6877 300 89
0 650 99.8003 300 89
0 650 99.8884 300 89
0 650 99.9727 300 89
0 650 100.064 300 89
0 650 100.151 300 89
0 650 100.233 300 89
0 650 100.322 300 89
0 650 100.42 300 89
0 650 100.504 300 89
0 650 100.583 300 89
0 650 100.677 300 89
0 650 100.771 300 89
0 650 100.859 300 89
0 650 100.945 300 89
0 650 101.04 300 89
0 650 101.125 300 89
0 650 101.197 300 89
0 650 101.287 300 89
0 650 101.386 300 89
0 650 101.493 300 89
0 650 101.627 300 89
0 650 101.739 300 89
0 650 101.841 300 89
0 650 101.932 300 89
0 650 102.017 300 89
0 650 102.104 300 89
0 650 102.195 300 89
0 650 102.291 300 89
0 650 102.426 300 89
0 650 102.527 300 89
0 650 102.624 300 89
0 650 102.714 300 89
0 650 102.828 300 89
0 650 102.936 300 89
0 650 103.049 300 89
0 650 103.172 300 89
0 650 103.277 300 89
0 650 103.362 300 89
0 650 103.451 300 89
0 650 103.546 300 89
0 650 103.627 300 89
0 650 103.745 300 89
0 650 103.845 300 89
0 650 103.931 300 89
0 650 104.026 300 89
0 650 104.112 300 89
0 650 104.201 300 89
0 650 104.291 300 89
0 650 104.374 300 89
0 650 104.454 300 89
0 650 104.54 300 89
0 650 104.628 300 89
0 650 104.708 300 89
0 650 104.793 300 89
0 650 104.88 300 89
0 650 104.969 300 89
0 650 105.052 300 89
0 650 105.132 300 89
0 650 105.217 300 89
0 650 105.304 300 89
0 650 105.379 300 89
0 650 105.457 300 89
0 650 105.541 300 89
0 650 105.638 300 89
0 650 105.735 300 89
0 650 105.845 300 89
0 650 105.962 300 89
0 650 106.063 300 89
0 650 106.156 300 89
0 650 106.235 300 89
0 650 106.326 300 89
0 650 106.425 300 89
0 650 106.51 300 89
0 650 106.572 300 89
0 650 106.648 300 89
0 650 106.712 300 89
0 650 106.767 300 89
0 650 106.849 300 89
0 650 106.933 300 89
0 650 107.021 300 89
0 650 107.083 300 89
0 650 107.158 300 89
0 650 107.22 300 89
0 650 107.281 300 89
0 650 107.337 300 89
0 650 107.399 300 89
0 650 107.46 300 89
0 650 107.523 300 89
0 650 107.591 300 89
0 650 107.671 300 89
0 650 107.743 300 89
0 650 107.804 300 89
0 650 107.868 300 89
0 650 107.932 300 89
0 650 107.997 300 89
0 650 108.059 300 89
0 650 108.118 300 89
0 650 108.179 300 89
0 650 108.25 300 89
0 650 108.318 300 89
0 650 108.386 300 89
0 650 108.451 300 89
0 650 108.515 300 89
0 650 108.581 300 89
0 650 108.638 300 89
0 650 108.716 300 89
0 650 108.805 300 89
0 650 108.89 300 89
0 650 108.982 300 89
0 650 109.125 300 89
0 650 109.215 300 89
0 650 109.295 300 89
0 650 109.355 300 89
0 650 109.442 300 89
0 650 109.524 300 89
0 650 109.611 300 89
0 650 109.695 300 89
0 650 109.78 300 89
0 650 109.875 300 89
0 650 109.96 300 89
0 650 110.042 300 89
0 650 110.127 300 89
0 650 110.22 300 89
0 650 110.318 300 89
0 650 110.428 300 89
0 650 110.521 300 89
0 650 110.612 300 89
0 650 110.709 300 89
0 650 110.814 300 89
0 650 110.947 300 89
0 650 111.094 300 89
0 650 111.2 300 89
0 650 111.307 300 89
0 650 111.395 300 89
0 650 111.481 300 89
0 650 111.581 300 89
0 650 111.678 300 89
0 650 111.862 300 89
0 650 111.957 300 89
0 650 112.048 300 89
0 650 112.131 300 89
0 650 112.234 300 89
0 650 112.32 300 89
0 650 112.409 300 89
0 650 112.494 300 89
0 650 112.584 300 89
0 650 112.671 300 89
0 650 112.745 300 89
0 650 112.831 300 89
0 650 112.926 300 89
0 650 113.019 300 89
0 650 113.131 300 89
0 650 113.232 300 89
0 650 113.351 300 89
0 650 113.48 300 89
0 650 113.606 300 89
0 650 113.723 300 89
0 650 113.808 300 89
0 650 113.892 300 89
0 650 113.985 300 89
0 650 114.077 300 89
0 650 114.161 300 89
0 650 114.238 300 89
0 650 114.323 300 89
0 650 114.417 300 89
0 650 114.514 300 89
0 650 114.593 300 89
0 650 114.679 300 89
0 650 114.779 300 89
0 650 114.885 300 89
0 650 115.023 300 89
0 650 115.113 300 89
0 650 115.2 300 89
0 650 115.28 300 89
0 650 115.368 300 89
0 650 115.463 300 89
0 650 115.553 300 89
0 650 115.644 300 89
0 650 115.748 300 89
0 650 115.826 300 89
0 650 115.911 300 89
0 650 115.998 300 89
0 650 116.092 300 89
0 650 116.184 300 89
0 650 116.294 300 89
0 650 116.424 300 89
0 650 116.555 300 89
0 650 116.654 300 89
0 650 116.755 300 89
0 650 116.856 300 89
0 650 116.942 300 89
0 650 117.022 300 89
0 650 117.098 300 89
0 650 117.186 300 89
0 650 117.272 300 89
0 650 117.363 300 89
0 650 117.468 300 89
0 650 117.572 300 89
0 650 117.742 300 89
0 650 117.847 300 89
0 650 117.936 300 89
0 650 118.031 300 89
0 650 118.142 300 89
0 650 118.236 300 89
0 650 118.348 300 89
0 650 118.432 300 89
0 650 118.519 300 89
0 650 118.608 300 89
0 650 118.687 300 89
0 650 118.766 300 89
0 650 118.844 300 89
0 650 118.937 300 89
0 650 119.034 300 89
0 650 119.114 300 89
0 650 119.191 300 89
0 650 119.279 300 89
0 650 119.368 300 89
0 650 119.45 300 89
0 650 119.543 300 89
0 650 119.65 300 89
0 650 119.743 300 89
0 650 119.839 300 89
0 650 119.923 300 89
0 650 120.021 300 89
0 650 120.116 300 89
0 650 120.215 300 89
0 650 120.298 300 89
0 650 120.39 300 89
0 650 120.483 300 89
0 650 120.609 300 89
0 650 120.712 300 89
0 650 120.801 300 89
0 650 120.886 300 89
0 650 120.991 300 89
0 650 121.097 300 89
0 650 121.178 300 89
0 650 121.263 300 89
0 650 121.342 300 89
0 650 121.424 300 89
0 650 121.513 300 89
0 650 121.599 300 89
0 650 121.657 300 89
0 650 121.751 300 89
0 650 121.839 300 89
0 650 121.916 300 89
0 650 122.003 300 89
0 650 122.086 300 89
0 650 122.171 300 89
0 650 122.265 300 89
0 650 122.356 300 89
0 650 122.442 300 89
0 650 122.548 300 89
0 650 122.64 300 89
0 650 122.732 300 89
0 650 122.845 300 89
0 650 122.949 300 89
0 650 123.044 300 89
0 650 123.128 300 89
0 650 123.217 300 89
0 650 123.277 300 89
0 650 123.363 300 89
0 650 123.448 300 89
0 650 123.532 300 89
0 650 123.627 300 89
0 650 123.71 300 89
0 650 123.797 300 89
0 650 123.887 300 89
0 650 123.973 300 89
0 650 124.059 300 89
0 650 124.143 300 89
0 650 124.231 300 89
0 650 124.316 300 89
0 650 124.407 300 89
0 650 124.499 300 89
0 650 124.588 300 89
0 650 124.7 300 89
0 650 124.813 300 89
0 650 124.912 300 89
0 650 125.002 300 89
0 650 125.2 300 89
0 650 125.306 300 89
0 650 125.4 300 89
0 650 125.478 300 89
0 650 125.564 300 89
0 650 125.649 300 89
0 650 125.728 300 89
0 650 125.803 300 89
0 650 125.881 300 89
0 650 125.997 300 89
0 650 126.097 300 89
0 650 126.186 300 89
0 650 126.275 300 89
0 650 126.364 300 89
0 650 126.441 300 89
0 650 126.531 300 89
0 650 126.623 300 89
0 650 126.712 300 89
0 650 126.799 300 89
0 650 126.886 300 89
0 650 126.974 300 89
0 650 127.063 300 89
0 650 127.178 300 89
0 650 127.269 300 89
0 650 127.358 300 89
0 650 127.444 300 89
0 650 127.532 300 89
0 650 127.615 300 89
0 650 127.703 300 89
0 650 127.786 300 89
0 650 127.878 300 89
0 650 127.972 300 89
0 650 128.059 300 89
0 650 128.136 300 89
0 650 128.22 300 89
0 650 128.303 300 89
0 650 128.382 300 89
0 650 128.468 300 89
0 650 128.55 300 89
0 650 128.643 300 89
0 650 128.726 300 89
0 650 128.806 300 89
0 650 128.894 300 89
0 650 128.984 300 89
0 650 129.073 300 89
0 650 129.169 300 89
0 650 129.274 300 89
0 650 129.377 300 89
0 650 129.474 300 89
0 650 129.528 300 89
0 650 129.611 300 89
0 650 129.711 300 89
0 650 129.797 300 89
0 650 129.896 300 89
0 650 129.981 300 89
0 650 130.069 300 89
0 650 130.162 300 89
0 650 130.253 300 89
0 650 130.341 300 89
0 650 130.422 300 89
0 650 130.511 300 89
0 650 130.592 300 89
0 650 130.686 300 89
0 650 130.767 300 89
0 650 130.853 300 89
0 650 130.937 300 89
0 650 131.029 300 89
0 650 131.118 300 89
0 650 131.22 300 89
0 650 131.321 300 89
0 650 131.426 300 89
0 650 131.513 300 89
0 650 131.607 300 89
0 650 131.728 300 89
0 650 131.831 300 89
0 650 131.935 300 89
0 650 132.026 300 89
0 650 132.112 300 89
0 650 132.196 300 89
0 650 132.285 300 89
0 650 132.367 300 89
0 650 132.453 300 89
0 650 132.563 300 89
0 650 132.65 300 89
0 650 132.739 300 89
0 650 132.826 300 89
0 650 132.913 300 89
0 650 132.999 300 89
0 650 133.09 300 89
0 650 133.175 300 89
0 650 133.261 300 89
0 650 133.348 300 89
0 650 133.435 300 89
0 650 133.519 300 89
0 650 133.61 300 89
0 650 133.701 300 89
0 650 133.814 300 89
0 650 133.913 300 89
0 650 134.007 300 89
0 650 134.112 300 89
0 650 134.211 300 89
0 650 134.303 300 89
0 650 134.393 300 89
0 650 134.502 300 89
0 650 134.584 300 89
0 650 134.656 300 89
0 650 134.744 300 89
0 650 134.827 300 89
0 650 134.916 300 89
0 650 134.99 300 89
0 650 135.082 300 89
0 650 135.166 300 89
0 650 135.261 300 89
0 650 135.351 300 89
0 650 135.424 300 89
0 650 135.509 300 89
0 650 135.599 300 89
0 650 135.686 300 89
0 650 135.778 300 89
0 650 135.876 300 89
0 650 135.962 300 89
0 650 136.046 300 89
0 650 136.136 300 89
0 650 136.226 300 89
0 650 136.319 300 89
0 650 136.431 300 89
0 650 136.529 300 89
0 650 136.613 300 89
0 650 136.705 300 89
0 650 136.801 300 89
0 650 136.892 300 89
0 650 136.981 300 89
0 650 137.078 300 89
0 650 137.167 300 89
0 650 137.258 300 89
0 650 137.348 300 89
0 650 137.438 300 89
0 650 137.523 300 89
0 650 137.609 300 89
0 650 137.703 300 89
0 650 137.79 300 89
0 650 137.887 300 89
0 650 137.987 300 89
0 650 138.092 300 89
0 650 138.209 300 89
0 650 138.31 300 89
0 650 138.405 300 89
0 650 138.496 300 89
0 650 138.629 300 89
0 650 138.685 300 89
0 650 138.778 300 89
0 650 138.937 300 89
0 650 139.047 300 89
0 650 139.171 300 89
0 650 139.264 300 89
0 650 139.351 300 89
0 650 139.407 300 89
0 650 139.501 300 89
0 650 139.598 300 89
0 650 139.694 300 89
0 650 139.781 300 89
0 650 139.871 300 89
0 650 139.959 300 89
0 650 140.047 300 89
0 650 140.165 300 89
0 650 140.265 300 89
0 650 140.356 300 89
0 650 140.473 300 89
0 650 140.567 300 89
0 650 140.653 300 89
0 650 140.737 300 89
0 650 140.828 300 89
0 650 140.91 300 89
0 650 140.997 300 89
0 650 141.086 300 89
0 650 141.185 300 89
0 650 141.274 300 89
0 650 141.368 300 89
0 650 141.463 300 89
0 650 141.554 300 89
0 650 141.649 300 89
0 650 141.739 300 89
0 650 141.823 300 89
0 650 141.906 300 89
0 650 141.995 300 89
0 650 142.089 300 89
0 650 142.179 300 89
0 650 142.297 300 89
0 650 142.396 300 89
0 650 142.479 300 89
0 650 142.565 300 89
0 650 142.651 300 89
0 650 142.739 300 89
0 650 142.821 300 89
0 650 142.91 300 89
0 650 143.005 300 89
0 650 143.099 300 89
0 650 143.193 300 89
0 650 143.284 300 89
0 650 143.375 300 89
0 650 143.469 300 89
0 650 143.556 300 89
0 650 143.648 300 89
0 650 143.737 300 89
0 650 143.831 300 89
0 650 143.923 300 89
0 650 144.012 300 89
0 650 144.102 300 89
0 650 144.2 300 89
0 650 144.279 300 89
0 650 144.365 300 89
0 650 144.448 300 89
0 650 144.536 300 89
0 650 144.618 300 89
0 650 144.704 300 89
0 650 144.805 300 89
0 650 144.883 300 89
0 650 144.976 300 89
0 650 145.074 300 89
0 650 145.169 300 89
0 650 145.263 300 89
0 650 145.354 300 89
0 650 145.438 300 89
0 650 145.557 300 89
0 650 145.654 300 89
0 650 145.771 300 89
0 650 145.879 300 89
0 650 145.981 300 89
0 650 146.082 300 89
0 650 146.234 300 89
0 650 146.332 300 89
0 650 146.434 300 89
0 650 146.555 300 89
0 650 146.65 300 89
0 650 146.738 300 89
0 650 146.824 300 89
0 650 146.916 300 89
0 650 147.01 300 89
0 650 147.109 300 89
0 650 147.2 300 89
0 650 147.263 300 89
0 650 147.374 300 89
0 650 147.461 300 89
0 650 147.552 300 89
0 650 147.634 300 89
0 650 147.725 300 89
0 650 147.812 300 89
0 650 147.905 300 89
0 650 147.997 300 89
0 650 148.087 300 89
0 650 148.18 300 89
0 650 148.269 300 89
0 650 148.354 300 89
0 650 148.456 300 89
0 650 148.554 300 89
0 650 148.624 300 89
0 650 148.711 300 89
0 650 148.795 300 89
0 650 148.883 300 89
0 650 148.975 300 89
0 650 149.071 300 89
0 650 149.174 300 89
0 650 149.266 300 89
0 650 149.367 300 89
0 650 149.459 300 89
0 650 149.541 300 89
0 650 149.623 300 89
0 650 149.714 300 89
0 650 149.802 300 89
0 650 149.892 300 89
0 650 149.975 300 89
0 650 150.075 300 89
0 650 150.17 300 89
0 650 150.256 300 89
0 650 150.382 300 89
0 650 150.487 300 89
0 650 150.592 300 89
0 650 150.69 300 89
0 650 150.781 300 89
0 650 150.872 300 89
0 650 150.967 300 89
0 650 151.07 300 89
0 650 151.164 300 89
0 650 151.246 300 89
0 650 151.34 300 89
0 650 151.44 300 89
0 650 151.524 300 89
0 650 151.614 300 89
0 650 151.706 300 89
0 650 151.796 300 89
0 650 151.882 300 89
0 650 151.962 300 89
0 650 152.05 300 89
0 650 152.144 300 89
0 650 152.238 300 89
0 650 152.328 300 89
0 650 152.421 300 89
0 650 152.53 300 89
0 650 152.636 300 89
0 650 152.732 300 89
0 650 152.827 300 89
0 650 152.934 300 89
0 650 153.038 300 89
0 650 153.131 300 89
0 650 153.21 300 89
0 650 153.294 300 89
0 650 153.385 300 89
0 650 153.512 300 89
0 650 153.6 300 89
0 650 153.69 300 89
0 650 153.781 300 89
0 650 153.865 300 89
0 650 153.956 300 89
0 650 154.047 300 89
0 650 154.138 300 89
0 650 154.231 300 89
0 650 154.323 300 89
0 650 154.411 300 89
0 650 154.507 300 89
0 650 154.596 300 89
0 650 154.685 300 89
0 650 154.786 300 89
0 650 154.871 300 89
0 650 154.961 300 89
0 650 155.059 300 89
0 650 155.15 300 89
0 650 155.233 300 89
0 650 155.327 300 89
0 650 155.432 300 89
0 650 155.541 300 89
0 650 155.642 300 89
0 650 155.743 300 89
0 650 155.831 300 89
0 650 155.915 300 89
0 650 156.002 300 89
0 650 156.096 300 89
0 650 156.183 300 89
0 650 156.276 300 89
0 650 156.374 300 89
0 650 156.475 300 89
0 650 156.564 300 89
0 650 156.668 300 89
0 650 156.774 300 89
0 650 156.882 300 89
0 650 156.983 300 89
0 650 157.069 300 89
0 650 157.159 300 89
0 650 157.241 300 89
0 650 157.322 300 89
0 650 157.409 300 89
0 650 157.504 300 89
0 650 157.597 300 89
0 650 157.691 300 89
0 650 157.776 300 89
0 650 157.867 300 89
0 650 157.964 300 89
0 650 158.057 300 89
0 650 158.147 300 89
0 650 158.246 300 89
0 650 158.333 300 89
0 650 158.429 300 89
0 650 158.522 300 89
0 650 158.606 300 89
0 650 158.693 300 89
0 650 158.795 300 89
0 650 158.899 300 89
0 650 158.987 300 89
0 650 159.081 300 89
0 650 159.167 300 89
0 650 159.254 300 89
0 650 159.344 300 89
0 650 159.422 300 89
0 650 159.511 300 89
0 650 159.617 300 89
0 650 159.706 300 89
0 650 159.809 300 89
0 650 159.892 300 89
0 650 159.982 300 89
0 650 160.063 300 89
0 650 160.155 300 89
0 650 160.235 300 89
0 650 160.318 300 89
0 650 160.406 300 89
0 650 160.495 300 89
0 650 160.585 300 89
0 650 160.675 300 89
0 650 160.76 300 89
0 650 160.863 300 89
0 650 160.959 300 89
0 650 161.06 300 89
0 650 161.147 300 89
0 650 161.249 300 89
0 650 161.346 300 89
0 650 161.441 300 89
0 650 161.535 300 89
0 650 161.649 300 89
0 650 161.756 300 89
0 650 161.856 300 89
0 650 161.947 300 89
0 650 162.033 300 89
0 650 162.118 300 89
0 650 162.205 300 89
0 650 162.287 300 89
0 650 162.392 300 89
0 650 162.465 300 89
0 650 162.553 300 89
0 650 162.636 300 89
0 650 162.724 300 89
0 650 162.812 300 89
0 650 162.89 300 89
0 650 162.984 300 89
0 650 163.07 300 89
0 650 163.166 300 89
0 650 163.251 300 89
0 650 163.335 300 89
0 650 163.422 300 89
0 650 163.514 300 89
0 650 163.603 300 89
0 650 163.721 300 89
0 650 163.822 300 89
0 650 163.909 300 89
0 650 164.002 300 89
0 650 164.092 300 89
0 650 164.206 300 89
0 650 164.3 300 89
0 650 164.39 300 89
0 650 164.51 300 89
0 650 164.595 300 89
0 650 164.676 300 89
0 650 164.766 300 89
0 650 164.846 300 89
0 650 164.946 300 89
0 650 165.023 300 89
0 650 165.108 300 89
0 650 165.19 300 89
0 650 165.262 300 89
0 650 165.401 300 89
0 650 165.478 300 89
0 650 165.551 300 89
0 650 165.639 300 89
0 650 165.736 300 89
0 650 165.826 300 89
0 650 165.912 300 89
0 650 166.012 300 89
0 650 166.117 300 89
0 650 166.227 300 89
0 650 166.318 300 89
0 650 166.406 300 89
0 650 166.521 300 89
0 650 166.623 300 89
0 650 166.705 300 89
0 650 166.797 300 89
0 650 166.902 300 89
0 650 166.988 300 89
0 650 167.073 300 89
0 650 167.152 300 89
0 650 167.238 300 89
0 650 167.322 300 89
0 650 167.403 300 89
0 650 167.493 300 89
0 650 167.581 300 89
0 650 167.668 300 89
0 650 167.725 300 89
0 650 167.81 300 89
0 650 167.892 300 89
0 650 167.976 300 89
0 650 168.067 300 89
0 650 168.141 300 89
0 650 168.237 300 89
0 650 168.321 300 89
0 650 168.422 300 89
0 650 168.503 300 89
0 650 168.603 300 89
0 650 168.696 300 89
0 650 168.784 300 89
0 650 168.889 300 89
0 650 168.998 300 89
0 650 169.095 300 89
0 650 169.175 300 89
0 650 169.259 300 89
0 650 169.343 300 89
0 650 169.421 300 89
0 650 169.507 300 89
0 650 169.592 300 89
0 650 169.68 300 89
0 650 169.784 300 89
0 650 169.869 300 89
0 650 169.95 300 89
0 650 170.044 300 89
0 650 170.133 300 89
0 650 170.217 300 89
0 650 170.304 300 89
0 650 170.393 300 89
0 650 170.496 300 89
0 650 170.589 300 89
0 650 170.69 300 89
0 650 170.78 300 89
0 650 170.88 300 89
0 650 170.993 300 89
0 650 171.089 300 89
0 650 171.173 300 89
0 650 171.259 300 89
0 650 171.345 300 89
0 650 171.427 300 89
0 650 171.504 300 89
0 650 171.588 300 89
0 650 171.68 300 89
0 650 171.779 300 89
0 650 171.859 300 89
0 650 171.945 300 89
0 650 172.032 300 89
0 650 172.114 300 89
0 650 172.203 300 89
0 650 172.285 300 89
0 650 172.378 300 89
0 650 172.465 300 89
0 650 172.546 300 89
0 650 172.635 300 89
0 650 172.72 300 89
0 650 172.807 300 89
0 650 172.901 300 89
0 650 172.986 300 89
0 650 173.094 300 89
0 650 173.188 300 89
0 650 173.273 300 89
0 650 173.348 300 89
0 650 173.442 300 89
0 650 173.525 300 89
0 650 173.616 300 89
0 650 173.699 300 89
0 650 173.785 300 89
0 650 173.877 300 89
0 650 173.954 300 89
0 650 174.041 300 89
0 650 174.12 300 89
0 650 174.214 300 89
0 650 174.31 300 89
0 650 174.403 300 89
0 650 174.491 300 89
0 650 174.579 300 89
0 650 174.661 300 89
0 650 174.753 300 89
0 650 174.843 300 89
0 650 174.929 300 89
0 650 175.018 300 89
0 650 175.103 300 89
0 650 175.183 300 89
0 650 175.271 300 89
0 650 175.355 300 89
0 650 175.434 300 89
0 650 175.538 300 89
0 650 175.622 300 89
0 650 175.708 300 89
0 650 175.813 300 89
0 650 175.922 300 89
0 650 176.028 300 89
0 650 176.113 300 89
0 650 176.203 300 89
0 650 176.273 300 89
0 650 176.353 300 89
0 650 176.444 300 89
0 650 176.526 300 89
0 650 176.601 300 89
0 650 176.688 300 89
0 650 176.773 300 89
0 650 176.875 300 89
0 650 176.96 300 89
0 650 177.046 300 89
0 650 177.129 300 89
0 650 177.212 300 89
0 650 177.303 300 89
0 650 177.408 300 89
0 650 177.502 300 89
0 650 177.59 300 89
0 650 177.669 300 89
0 650 177.762 300 89
0 650 177.848 300 89
0 650 177.931 300 89
0 650 178.022 300 89
0 650 178.122 300 89
0 650 178.227 300 89
0 650 178.316 300 89
0 650 178.404 300 89
0 650 178.482 300 89
0 650 178.563 300 89
0 650 178.641 300 89
0 650 178.721 300 89
0 650 178.812 300 89
0 650 178.899 300 89
0 650 178.982 300 89
0 650 179.063 300 89
0 650 179.149 300 89
0 650 179.229 300 89
0 650 179.319 300 89
0 650 179.397 300 89
0 650 179.485 300 89
0 650 179.567 300 89
0 650 179.657 300 89
0 650 179.729 300 89
0 650 179.818 300 89
0 650 179.908 300 89
0 650 179.996 300 89
0 650 180.089 300 89
0 650 180.191 300 89
0 650 180.278 300 89
0 650 180.356 300 89
0 650 180.445 300 89
0 650 180.523 300 89
0 650 180.607 300 89
0 650 180.688 300 89
0 650 180.766 300 89
0 650 180.859 300 89
0 650 180.939 300 89
0 650 181.018 300 89
0 650 181.096 300 89
0 650 181.18 300 89
0 650 181.262 300 89
0 650 181.344 300 89
0 650 181.424 300 89
0 650 181.516 300 89
0 650 181.601 300 89
0 650 181.694 300 89
0 650 181.785 300 89
0 650 181.874 300 89
0 650 181.963 300 89
0 650 182.064 300 89
0 650 182.159 300 89
0 650 182.254 300 89
0 650 182.344 300 89
0 650 182.447 300 89
0 650 182.547 300 89
0 650 182.633 300 89
0 650 182.729 300 89
0 650 182.847 300 89
0 650 182.946 300 89
0 650 183.035 300 89
0 650 183.127 300 89
0 650 183.208 300 89
0 650 183.313 300 89
0 650 183.403 300 89
0 650 183.499 300 89
0 650 183.586 300 89
0 650 183.674 300 89
0 650 183.759 300 89
0 650 183.836 300 89
0 650 183.923 300 89
0 650 184.004 300 89
0 650 184.103 300 89
0 650 184.181 300 89
0 650 184.265 300 89
0 650 184.352 300 89
0 650 184.435 300 89
0 650 184.527 300 89
0 650 184.62 300 89
0 650 184.705 300 89
0 650 184.798 300 89
0 650 184.88 300 89
0 650 184.977 300 89
0 650 185.053 300 89
0 650 185.146 300 89
0 650 185.249 300 89
0 650 185.359 300 89
0 650 185.459 300 89
0 650 185.548 300 89
0 650 185.633 300 89
0 650 185.719 300 89
0 650 185.816 300 89
0 650 185.908 300 89
0 650 185.998 300 89
0 650 186.093 300 89
0 650 186.19 300 89
0 650 186.27 300 89
0 650 186.353 300 89
0 650 186.448 300 89
0 650 186.538 300 89
0 650 186.623 300 89
0 650 186.716 300 89
0 650 186.808 300 89
0 650 186.898 300 89
0 650 186.989 300 89
0 650 187.076 300 89
0 650 187.168 300 89
0 650 187.269 300 89
0 650 187.365 300 89
0 650 187.456 300 89
0 650 187.54 300 89
0 650 187.65 300 89
0 650 187.748 300 89
0 650 187.836 300 89
0 650 187.92 300 89
0 650 188.007 300 89
0 650 188.093 300 89
0 650 188.174 300 89
0 650 188.264 300 89
0 650 188.35 300 89
0 650 188.442 300 89
0 650 188.529 300 89
0 650 188.622 300 89
0 650 188.7 300 89
0 650 188.787 300 89
0 650 188.88 300 89
0 650 188.962 300 89
0 650 189.045 300 89
0 650 189.134 300 89
0 650 189.215 300 89
0 650 189.306 300 89
0 650 189.405 300 89
0 650 189.503 300 89
0 650 189.61 300 89
0 650 189.712 300 89
0 650 189.803 300 89
0 650 189.886 300 89
0 650 189.968 300 89
0 650 190.05 300 89
0 650 190.151 300 89
0 650 190.261 300 89
0 650 190.357 300 89
0 650 190.458 300 89
0 650 190.551 300 89
0 650 190.648 300 89
0 650 190.735 300 89
0 650 190.806 300 89
0 650 190.894 300 89
0 650 190.984 300 89
0 650 191.065 300 89
0 650 191.156 300 89
0 650 191.237 300 89
0 650 191.317 300 89
0 650 191.405 300 89
0 650 191.501 300 89
0 650 191.6 300 89
0 650 191.72 300 89
0 650 191.817 300 89
0 650 191.909 300 89
0 650 191.998 300 89
0 650 192.092 300 89
0 650 192.155 300 89
0 650 192.218 300 89
0 650 192.277 300 89
0 650 192.34 300 89
0 650 192.404 300 89
0 650 192.468 300 89
0 650 192.525 300 89
0 650 192.582 300 89
0 650 192.646 300 89
0 650 192.702 300 89
0 650 192.763 300 89
0 650 192.828 300 89
0 650 192.886 300 89
0 650 192.942 300 89
0 650 193.005 300 89
0 650 193.071 300 89
0 650 193.137 300 89
0 650 193.197 300 89
0 650 193.264 300 89
0 650 193.324 300 89
0 650 193.393 300 89
0 650 193.488 300 89
0 650 193.574 300 89
0 650 193.66 300 89
0 650 193.748 300 89
0 650 193.843 300 89
0 650 193.93 300 89
0 650 194.022 300 89
0 650 194.108 300 89
0 650 194.198 300 89
0 650 194.29 300 89
0 650 194.38 300 89
0 650 194.466 300 89
0 650 194.545 300 89
0 650 194.638 300 89
0 650 194.731 300 89
0 650 194.819 300 89
0 650 194.896 300 89
0 650 194.961 300 89
0 650 195.021 300 89
0 650 195.077 300 89
0 650 195.137 300 89
0 650 195.197 300 89
0 650 195.254 300 89
0 650 195.315 300 89
0 650 195.378 300 89
0 650 195.438 300 89
0 650 195.499 300 89
0 650 195.563 300 89
0 650 195.628 300 89
0 650 195.687 300 89
0 650 195.75 300 89
0 650 195.809 300 89
0 650 195.862 300 89
0 650 195.923 300 89
0 650 196.016 300 89
0 650 196.082 300 89
0 650 196.147 300 89
0 650 196.211 300 89
0 650 196.288 300 89
0 650 196.351 300 89
0 650 196.409 300 89
0 650 196.466 300 89
0 650 196.531 300 89
0 650 196.598 300 89
0 650 196.654 300 89
0 650 196.715 300 89
0 650 196.777 300 89
0 650 196.843 300 89
0 650 196.928 300 89
0 650 197.014 300 89
0 650 197.098 300 89
0 650 197.189 300 89
0 650 197.27 300 89
0 650 197.358 300 89
0 650 197.449 300 89
0 650 197.54 300 89
0 650 197.628 300 89
0 650 197.717 300 89
0 650 197.797 300 89
0 650 197.883 300 89
0 650 197.975 300 89
0 650 198.063 300 89
0 650 198.153 300 89
0 650 198.226 300 89
0 650 198.32 300 89
0 650 198.405 300 89
0 650 198.496 300 89
0 650 198.584 300 89
0 650 198.677 300 89
0 650 198.76 300 89
0 650 198.839 300 89
0 650 198.928 300 89
0 650 199.013 300 89
0 650 199.098 300 89
0 650 199.188 300 89
0 650 199.275 300 89
0 650 199.362 300 89
0 650 199.417 300 89
0 650 199.482 300 89
0 650 199.54 300 89
0 650 199.599 300 89
0 650 199.65 300 89
0 650 199.707 300 89
0 650 199.764 300 89
0 650 199.82 300 89
0 650 199.88 300 89
0 650 199.934 300 89
0 650 199.994 300 89
0 650 200.056 300 89
0 650 200.12 300 89
0 650 200.209 300 89
0 650 200.338 300 89
0 650 200.435 300 89
0 650 200.518 300 89
0 650 200.605 300 89
0 650 200.691 300 89
0 650 200.774 300 89
0 650 200.864 300 89
0 650 200.991 300 89
0 650 201.09 300 89
0 650 201.177 300 89
0 650 201.271 300 89
0 650 201.363 300 89
0 650 201.444 300 89
0 650 201.531 300 89
0 650 201.617 300 89
0 650 201.704 300 89
0 650 201.79 300 89
0 650 201.871 300 89
0 650 201.957 300 89
0 650 202.037 300 89
0 650 202.125 300 89
0 650 202.218 300 89
0 650 202.304 300 89
0 650 202.387 300 89
0 650 202.474 300 89
0 650 202.558 300 89
0 650 202.653 300 89
0 650 202.738 300 89
0 650 202.826 300 89
0 650 202.897 300 89
0 650 202.957 300 89
0 650 203.016 300 89
0 650 203.079 300 89
0 650 203.134 300 89
0 650 203.198 300 89
0 650 203.252 300 89
0 650 203.314 300 89
0 650 203.382 300 89
0 650 203.445 300 89
0 650 203.508 300 89
0 650 203.565 300 89
0 650 203.621 300 89
0 650 203.683 300 89
0 650 203.747 300 89
0 650 203.811 300 89
0 650 203.875 300 89
0 650 203.936 300 89
0 650 203.995 300 89
0 650 204.057 300 89
0 650 204.111 300 89
0 650 204.171 300 89
0 650 204.23 300 89
0 650 204.294 300 89
0 650 204.354 300 89
0 650 204.411 300 89
0 650 204.47 300 89
0 650 204.527 300 89
0 650 204.596 300 89
0 650 204.663 300 89
0 650 204.729 300 89
0 650 204.794 300 89
0 650 204.857 300 89
0 650 204.909 300 89
0 650 204.968 300 89
0 650 205.034 300 89
0 650 205.098 300 89
0 650 205.163 300 89
0 650 205.224 300 89
0 650 205.286 300 89
0 650 205.354 300 89
0 650 205.416 300 89
0 650 205.474 300 89
0 650 205.541 300 89
0 650 205.61 300 89
0 650 205.669 300 89
0 650 205.731 300 89
0 650 205.789 300 89
0 650 205.851 300 89
0 650 205.91 300 89
0 650 205.97 300 89
0 650 206.033 300 89
0 650 206.092 300 89
0 650 206.154 300 89
0 650 206.211 300 89
0 650 206.275 300 89
0 650 206.333 300 89
0 650 206.396 300 89
0 650 206.459 300 89
0 650 206.515 300 89
0 650 206.574 300 89
0 650 206.634 300 89
0 650 206.693 300 89
0 650 206.754 300 89
0 650 206.816 300 89
0 650 206.876 300 89
0 650 206.942 300 89
0 650 207.009 300 89
0 650 207.069 300 89
0 650 207.133 300 89
0 650 207.196 300 89
0 650 207.259 300 89
0 650 207.319 300 89
0 650 207.405 300 89
0 650 207.463 300 89
0 650 207.526 300 89
0 650 207.589 300 89
0 650 207.65 300 89
0 650 207.716 300 89
0 650 207.777 300 89
0 650 207.837 300 89
0 650 207.901 300 89
0 650 207.96 300 89
0 650 208.034 300 89
0 650 208.116 300 89
0 650 208.169 300 89
0 650 208.262 300 89
0 650 208.36 300 89
0 650 208.452 300 89
0 650 208.549 300 89
0 650 208.662 300 89
0 650 208.767 300 89
0 650 208.854 300 89
0 650 208.948 300 89
0 650 209.057 300 89
0 650 209.16 300 89
0 650 209.25 300 89
0 650 209.339 300 89
0 650 209.423 300 89
0 650 209.494 300 89
0 650 209.56 300 89
0 650 209.623 300 89
0 650 209.688 300 89
0 650 209.731 300 89
0 650 209.804 300 89
0 650 209.902 300 89
0 650 210.002 300 89
0 650 210.09 300 89
0 650 210.18 300 89
0 650 210.274 300 89
0 650 210.359 300 89
0 650 210.451 300 89
0 650 210.541 300 89
0 650 210.633 300 89
0 650 210.721 300 89
0 650 210.806 300 89
0 650 210.896 300 89
0 650 210.986 300 89
0 650 211.078 300 89
0 650 211.17 300 89
0 650 211.254 300 89
0 650 211.339 300 89
0 650 211.424 300 89
0 650 211.512 300 89
0 650 211.602 300 89
0 650 211.692 300 89
0 650 211.773 300 89
0 650 211.858 300 89
0 650 211.946 300 89
0 650 212.04 300 89
0 650 212.128 300 89
0 650 212.226 300 89
0 650 212.316 300 89
0 650 212.393 300 89
0 650 212.468 300 89
0 650 212.565 300 89
0 650 212.653 300 89
0 650 212.75 300 89
0 650 212.835 300 89
0 650 212.911 300 89
0 650 213.001 300 89
0 650 213.09 300 89
0 650 213.182 300 89
0 650 213.275 300 89
0 650 213.365 300 89
0 650 213.459 300 89
0 650 213.548 300 89
0 650 213.637 300 89
0 650 213.737 300 89
0 650 213.833 300 89
0 650 213.924 300 89
0 650 214.021 300 89
0 650 214.112 300 89
0 650 214.203 300 89
0 650 214.295 300 89
0 650 214.378 300 89
0 650 214.472 300 89
0 650 214.565 300 89
0 650 214.657 300 89
0 650 214.754 300 89
0 650 214.849 300 89
0 650 214.939 300 89
0 650 215.033 300 89
0 650 215.148 300 89
0 650 215.239 300 89
0 650 215.331 300 89
0 650 215.43 300 89
0 650 215.529 300 89
0 650 215.622 300 89
0 650 215.716 300 89
0 650 215.809 300 89
0 650 215.895 300 89
0 650 215.984 300 89
0 650 216.077 300 89
0 650 216.169 300 89
0 650 216.261 300 89
0 650 216.354 300 89
0 650 216.453 300 89
0 650 216.551 300 89
0 650 216.644 300 89
0 650 216.742 300 89
0 650 216.835 300 89
0 650 216.93 300 89
0 650 217.025 300 89
0 650 217.112 300 89
0 650 217.203 300 89
0 650 217.294 300 89
0 650 217.398 300 89
0 650 217.488 300 89
0 650 217.578 300 89
0 650 217.67 300 89
0 650 217.764 300 89
0 650 217.858 300 89
0 650 217.952 300 89
0 650 218.04 300 89
0 650 218.133 300 89
0 650 218.221 300 89
0 650 218.323 300 89
0 650 218.415 300 89
0 650 218.514 300 89
0 650 218.603 300 89
0 650 218.703 300 89
0 650 218.801 300 89
0 650 218.893 300 89
0 650 218.984 300 89
0 650 219.068 300 89
0 650 219.165 300 89
0 650 219.253 300 89
0 650 219.343 300 89
0 650 219.43 300 89
0 650 219.519 300 89
0 650 219.611 300 89
0 650 219.715 300 89
0 650 219.807 300 89
0 650 219.895 300 89
0 650 219.951 300 89
0 650 220.051 300 89
0 650 220.15 300 89
0 650 220.235 300 89
0 650 220.325 300 89
0 650 220.442 300 89
0 650 220.536 300 89
0 650 220.626 300 89
0 650 220.724 300 89
0 650 220.821 300 89
0 650 220.913 300 89
0 650 221.009 300 89
0 650 221.105 300 89
0 650 221.208 300 89
0 650 221.303 300 89
0 650 221.398 300 89
0 650 221.493 300 89
0 650 221.593 300 89
0 650 221.682 300 89
0 650 221.774 300 89
0 650 221.863 300 89
0 650 221.962 300 89
0 650 222.056 300 89
0 650 222.152 300 89
0 650 222.241 300 89
0 650 222.32 300 89
0 650 222.409 300 89
0 650 222.513 300 89
0 650 222.605 300 89
0 650 222.699 300 89
0 650 222.788 300 89
0 650 222.869 300 89
0 650 222.961 300 89
0 650 223.066 300 89
0 650 223.159 300 89
0 650 223.255 300 89
0 650 223.35 300 89
0 650 223.446 300 89
0 650 223.543 300 89
0 650 223.642 300 89
0 650 223.739 300 89
0 650 223.85 300 89
0 650 223.94 300 89
0 650 224.038 300 89
0 650 224.133 300 89
0 650 224.228 300 89
0 650 224.327 300 89
0 650 224.43 300 89
0 650 224.524 300 89
0 650 224.616 300 89
0 650 224.708 300 89
0 650 224.807 300 89
0 650 224.899 300 89
0 650 224.99 300 89
0 650 225.088 300 89
0 650 225.183 300 89
0 650 225.283 300 89
0 650 225.384 300 89
0 650 225.48 300 89
0 650 225.57 300 89
0 650 225.663 300 89
0 650 225.758 300 89
0 650 225.818 300 89
0 650 225.91 300 89
0 650 226.006 300 89
0 650 226.101 300 89
0 650 226.197 300 89
0 650 226.295 300 89
0 650 226.393 300 89
0 650 226.476 300 89
0 650 226.561 300 89
0 650 226.652 300 89
0 650 226.749 300 89
0 650 226.839 300 89
0 650 226.932 300 89
0 650 227.022 300 89
0 650 227.115 300 89
0 650 227.211 300 89
0 650 227.302 300 89
0 650 227.397 300 89
0 650 227.485 300 89
0 650 227.579 300 89
0 650 227.671 300 89
0 650 227.761 300 89
0 650 227.855 300 89
0 650 227.953 300 89
0 650 228.041 300 89
0 650 228.137 300 89
0 650 228.234 300 89
0 650 228.331 300 89
0 650 228.426 300 89
0 650 228.517 300 89
0 650 228.605 300 89
0 650 228.694 300 89
0 650 228.761 300 89
0 650 228.853 300 89
0 650 228.95 300 89
0 650 229.05 300 89
0 650 229.145 300 89
0 650 229.241 300 89
0 650 229.346 300 89
0 650 229.434 300 89
0 650 229.523 300 89
0 650 229.619 300 89
0 650 229.712 300 89
0 650 229.799 300 89
0 650 229.892 300 89
0 650 229.987 300 89
0 650 230.08 300 89
0 650 230.175 300 89
0 650 230.256 300 89
0 650 230.342 300 89
0 650 230.426 300 89
0 650 230.518 300 89
0 650 230.613 300 89
0 650 230.701 300 89
0 650 230.795 300 89
0 650 230.89 300 89
0 650 230.982 300 89
0 650 231.079 300 89
0 650 231.169 300 89
0 650 231.268 300 89
0 650 231.363 300 89
0 650 231.444 300 89
0 650 231.541 300 89
0 650 231.626 300 89
0 650 231.725 300 89
0 650 231.813 300 89
0 650 231.905 300 89
0 650 231.992 300 89
0 650 232.082 300 89
0 650 232.199 300 89
0 650 232.297 300 89
0 650 232.388 300 89
0 650 232.473 300 89
0 650 232.563 300 89
0 650 232.66 300 89
0 650 232.749 300 89
0 650 232.838 300 89
0 650 232.924 300 89
0 650 233.047 300 89
0 650 233.142 300 89
0 650 233.246 300 89
0 650 233.341 300 89
0 650 233.434 300 89
0 650 233.522 300 89
0 650 233.61 300 89
0 650 233.702 300 89
0 650 233.788 300 89
0 650 233.886 300 89
0 650 233.979 300 89
0 650 234.065 300 89
0 650 234.156 300 89
0 650 234.251 300 89
0 650 234.337 300 89
0 650 234.431 300 89
0 650 234.516 300 89
0 650 234.605 300 89
0 650 234.69 300 89
0 650 234.769 300 89
0 650 234.86 300 89
0 650 234.947 300 89
0 650 235.03 300 89
0 650 235.121 300 89
0 650 235.213 300 89
0 650 235.301 300 89
0 650 235.394 300 89
0 650 235.483 300 89
0 650 235.578 300 89
0 650 235.665 300 89
0 650 235.761 300 89
0 650 235.856 300 89
0 650 235.947 300 89
0 650 236.046 300 89
0 650 236.131 300 89
0 650 236.207 300 89
0 650 236.31 300 89
0 650 236.397 300 89
0 650 236.486 300 89
0 650 236.581 300 89
0 650 236.679 300 89
0 650 236.761 300 89
0 650 236.852 300 89
0 650 236.944 300 89
0 650 237.034 300 89
0 650 237.121 300 89
0 650 237.208 300 89
0 650 237.291 300 89
0 650 237.37 300 89
0 650 237.466 300 89
0 650 237.551 300 89
0 650 237.645 300 89
0 650 237.734 300 89
0 650 237.813 300 89
0 650 237.905 300 89
0 650 237.994 300 89
0 650 238.084 300 89
0 650 238.176 300 89
0 650 238.27 300 89
0 650 238.357 300 89
0 650 238.438 300 89
0 650 238.525 300 89
0 650 238.622 300 89
0 650 238.709 300 89
0 650 238.793 300 89
0 650 238.877 300 89
0 650 238.968 300 89
0 650 239.058 300 89
0 650 239.152 300 89
0 650 239.234 300 89
0 650 239.316 300 89
0 650 239.407 300 89
0 650 239.492 300 89
0 650 239.582 300 89
0 650 239.673 300 89
0 650 239.763 300 89
0 650 239.842 300 89
0 650 239.935 300 89
0 650 240.029 300 89
0 650 240.125 300 89
0 650 240.203 300 89
0 650 240.294 300 89
0 650 240.381 300 89
0 650 240.466 300 89
0 650 240.561 300 89
0 650 240.655 300 89
0 650 240.753 300 89
0 650 240.846 300 89
0 650 240.928 300 89
0 650 241.019 300 89
0 650 241.106 300 89
0 650 241.195 300 89
0 650 241.285 300 89
0 650 241.38 300 89
0 650 241.468 300 89
0 650 241.567 300 89
0 650 241.654 300 89
0 650 241.743 300 89
0 650 241.833 300 89
0 650 241.919 300 89
0 650 241.996 300 89
0 650 242.087 300 89
0 650 242.174 300 89
0 650 242.268 300 89
0 650 242.342 300 89
0 650 242.431 300 89
0 650 242.517 300 89
0 650 242.593 300 89
0 650 242.68 300 89
0 650 242.77 300 89
0 650 242.852 300 89
0 650 242.945 300 89
0 650 243.033 300 89
0 650 243.113 300 89
0 650 243.199 300 89
0 650 243.289 300 89
0 650 243.383 300 89
0 650 243.475 300 89
0 650 243.57 300 89
0 650 243.645 300 89
0 650 243.736 300 89
0 650 243.825 300 89
0 650 243.912 300 89
0 650 243.998 300 89
0 650 244.087 300 89
0 650 244.174 300 89
0 650 244.26 300 89
0 650 244.351 300 89
0 650 244.431 300 89
0 650 244.519 300 89
0 650 244.607 300 89
0 650 244.698 300 89
0 650 244.788 300 89
0 650 244.877 300 89
0 650 244.967 300 89
0 650 245.049 300 89
0 650 245.14 300 89
0 650 245.234 300 89
0 650 245.327 300 89
0 650 245.421 300 89
0 650 245.504 300 89
0 650 245.588 300 89
0 650 245.724 300 89
0 650 245.81 300 89
0 650 245.908 300 89
0 650 246.002 300 89
0 650 246.094 300 89
0 650 246.154 300 89
0 650 246.243 300 89
0 650 246.342 300 89
0 650 246.439 300 89
0 650 246.534 300 89
0 650 246.625 300 89
0 650 246.713 300 89
0 650 246.796 300 89
0 650 246.883 300 89
0 650 246.966 300 89
0 650 247.062 300 89
0 650 247.146 300 89
0 650 247.243 300 89
0 650 247.331 300 89
0 650 247.428 300 89
0 650 247.519 300 89
0 650 247.607 300 89
0 650 247.697 300 89
0 650 247.79 300 89
0 650 247.875 300 89
0 650 247.969 300 89
0 650 248.052 300 89
0 650 248.138 300 89
0 650 248.225 300 89
0 650 248.316 300 89
0 650 248.408 300 89
0 650 248.5 300 89
0 650 248.588 300 89
0 650 248.686 300 89
0 650 248.772 300 89
0 650 248.864 300 89
0 650 248.963 300 89
0 650 249.051 300 89
0 650 249.141 300 89
0 650 249.242 300 89
0 650 249.341 300 89
0 650 249.431 300 89
0 650 249.523 300 89
0 650 249.621 300 89
0 650 249.708 300 89
0 650 249.796 300 89
0 650 249.882 300 89
0 650 249.975 300 89
0 650 250.068 300 89
0 650 250.158 300 89
0 650 250.246 300 89
0 650 250.338 300 89
0 650 250.438 300 89
0 650 250.525 300 89
0 650 250.618 300 89
0 650 250.757 300 89
0 650 250.847 300 89
0 650 250.936 300 89
0 650 251.027 300 89
0 650 251.124 300 89
0 650 251.223 300 89
0 650 251.308 300 89
0 650 251.391 300 89
0 650 251.476 300 89
0 650 251.576 300 89
0 650 251.666 300 89
0 650 251.753 300 89
0 650 251.844 300 89
0 650 251.94 300 89
0 650 252.036 300 89
0 650 252.127 300 89
0 650 252.218 300 89
0 650 252.316 300 89
0 650 252.431 300 89
0 650 252.532 300 89
0 650 252.632 300 89
0 650 252.734 300 89
0 650 252.831 300 89
0 650 252.924 300 89
0 650 253.018 300 89
0 650 253.116 300 89
0 650 253.21 300 89
0 650 253.298 300 89
0 650 253.387 300 89
0 650 253.478 300 89
0 650 253.564 300 89
0 650 253.642 300 89
0 650 253.731 300 89
0 650 253.827 300 89
0 650 253.92 300 89
0 650 254.017 300 89
0 650 254.117 300 89
0 650 254.214 300 89
0 650 254.306 300 89
0 650 254.398 300 89
0 650 254.488 300 89
0 650 254.576 300 89
0 650 254.664 300 89
0 650 254.756 300 89
0 650 254.849 300 89
0 650 254.942 300 89
0 650 255.04 300 89
0 650 255.127 300 89
0 650 255.216 300 89
0 650 255.312 300 89
0 650 255.407 300 89
0 650 255.527 300 89
0 650 255.615 300 89
0 650 255.72 300 89
0 650 255.802 300 89
0 650 255.896 300 89
0 650 255.983 300 89
0 650 256.077 300 89
0 650 256.167 300 89
0 650 256.249 300 89
0 650 256.337 300 89
0 650 256.425 300 89
0 650 256.52 300 89
0 650 256.607 300 89
0 650 256.699 300 89
0 650 256.79 300 89
0 650 256.879 300 89
0 650 256.962 300 89
0 650 257.049 300 89
0 650 257.141 300 89
0 650 257.234 300 89
0 650 257.323 300 89
0 650 257.399 300 89
0 650 257.488 300 89
0 650 257.575 300 89
0 650 257.67 300 89
0 650 257.768 300 89
0 650 257.862 300 89
0 650 257.955 300 89
0 650 258.044 300 89
0 650 258.126 300 89
0 650 258.22 300 89
0 650 258.314 300 89
0 650 258.405 300 89
0 650 258.493 300 89
0 650 258.58 300 89
0 650 258.672 300 89
0 650 258.762 300 89
0 650 258.852 300 89
0 650 258.944 300 89
0 650 259.033 300 89
0 650 259.122 300 89
0 650 259.214 300 89
0 650 259.299 300 89
0 650 259.389 300 89
0 650 259.485 300 89
0 650 259.578 300 89
0 650 259.675 300 89
0 650 259.766 300 89
0 650 259.857 300 89
0 650 259.946 300 89
0 650 260.034 300 89
0 650 260.115 300 89
0 650 260.208 300 89
0 650 260.301 300 89
0 650 260.396 300 89
0 650 260.487 300 89
0 650 260.576 300 89
0 650 260.669 300 89
0 650 260.762 300 89
0 650 260.855 300 89
0 650 260.953 300 89
0 650 261.031 300 89
0 650 261.125 300 89
0 650 261.214 300 89
0 650 261.305 300 89
0 650 261.402 300 89
0 650 261.489 300 89
0 650 261.585 300 89
0 650 261.674 300 89
0 650 261.762 300 89
0 650 261.858 300 89
0 650 261.931 300 89
0 650 261.994 300 89
0 650 262.049 300 89
0 650 262.116 300 89
0 650 262.179 300 89
0 650 262.246 300 89
0 650 262.316 300 89
0 650 262.375 300 89
0 650 262.442 300 89
0 650 262.503 300 89
0 650 262.572 300 89
0 650 262.635 300 89
0 650 262.696 300 89
0 650 262.76 300 89
0 650 262.825 300 89
0 650 262.88 300 89
0 650 262.937 300 89
0 650 263.002 300 89
0 650 263.069 300 89
0 650 263.136 300 89
0 650 263.194 300 89
0 650 263.257 300 89
0 650 263.314 300 89
0 650 263.376 300 89
0 650 263.438 300 89
0 650 263.504 300 89
0 650 263.561 300 89
0 650 263.626 300 89
0 650 263.687 300 89
0 650 263.748 300 89
0 650 263.81 300 89
0 650 263.873 300 89
0 650 263.941 300 89
0 650 263.998 300 89
0 650 264.062 300 89
0 650 264.125 300 89
0 650 264.182 300 89
0 650 264.243 300 89
0 650 264.312 300 89
0 650 264.384 300 89
0 650 264.488 300 89
0 650 264.573 300 89
0 650 264.659 300 89
0 650 264.711 300 89
0 650 264.794 300 89
0 650 264.885 300 89
0 650 264.98 300 89
0 650 265.075 300 89
0 650 265.169 300 89
0 650 265.264 300 89
0 650 265.353 300 89
0 650 265.45 300 89
0 650 265.551 300 89
0 650 265.637 300 89
0 650 265.72 300 89
0 650 265.803 300 89
0 650 265.892 300 89
0 650 265.979 300 89
0 650 266.077 300 89
0 650 266.176 300 89
0 650 266.285 300 89
0 650 266.396 300 89
0 650 266.496 300 89
0 650 266.614 300 89
0 650 266.708 300 89
0 650 266.8 300 89
0 650 266.886 300 89
0 650 266.971 300 89
0 650 267.064 300 89
0 650 267.156 300 89
0 650 267.247 300 89
0 650 267.349 300 89
0 650 267.443 300 89
0 650 267.537 300 89
0 650 267.633 300 89
0 650 267.73 300 89
0 650 267.815 300 89
0 650 267.894 300 89
0 650 267.992 300 89
0 650 268.081 300 89
0 650 268.173 300 89
0 650 268.256 300 89
0 650 268.348 300 89
0 650 268.434 300 89
0 650 268.526 300 89
0 650 268.613 300 89
0 650 268.74 300 89
0 650 268.878 300 89
0 650 268.978 300 89
0 650 269.074 300 89
0 650 269.188 300 89
0 650 269.295 300 89
0 650 269.39 300 89
0 650 269.485 300 89
0 650 269.592 300 89
0 650 269.689 300 89
0 650 269.774 300 89
0 650 269.869 300 89
0 650 269.974 300 89
0 650 270.088 300 89
0 650 270.182 300 89
0 650 270.284 300 89
0 650 270.393 300 89
0 650 270.483 300 89
0 650 270.568 300 89
0 650 270.653 300 89
0 650 270.749 300 89
0 650 270.84 300 89
0 650 270.936 300 89
0 650 271.032 300 89
0 650 271.125 300 89
0 650 271.21 300 89
0 650 271.305 300 89
0 650 271.401 300 89
0 650 271.501 300 89
0 650 271.598 300 89
0 650 271.689 300 89
0 650 271.784 300 89
0 650 271.87 300 89
0 650 271.965 300 89
0 650 272.06 300 89
0 650 272.162 300 89
0 650 272.253 300 89
0 650 272.35 300 89
0 650 272.438 300 89
0 650 272.532 300 89
0 650 272.627 300 89
0 650 272.712 300 89
0 650 272.805 300 89
0 650 272.896 300 89
0 650 272.98 300 89
0 650 273.075 300 89
0 650 273.166 300 89
0 650 273.26 300 89
0 650 273.357 300 89
0 650 273.452 300 89
0 650 273.548 300 89
0 650 273.634 300 89
0 650 273.73 300 89
0 650 273.828 300 89
0 650 273.933 300 89
0 650 274.029 300 89
0 650 274.129 300 89
0 650 274.225 300 89
0 650 274.318 300 89
0 650 274.414 300 89
0 650 274.504 300 89
0 650 274.603 300 89
0 650 274.698 300 89
0 650 274.792 300 89
0 650 274.89 300 89
0 650 274.981 300 89
0 650 275.078 300 89
0 650 275.171 300 89
0 650 275.263 300 89
0 650 275.368 300 89
0 650 275.472 300 89
0 650 275.56 300 89
0 650 275.662 300 89
0 650 275.753 300 89
0 650 275.849 300 89
0 650 275.938 300 89
0 650 276.029 300 89
0 650 276.13 300 89
0 650 276.227 300 89
0 650 276.316 300 89
0 650 276.402 300 89
0 650 276.496 300 89
0 650 276.589 300 89
0 650 276.682 300 89
0 650 276.782 300 89
0 650 276.862 300 89
0 650 276.959 300 89
0 650 277.05 300 89
0 650 277.138 300 89
0 650 277.228 300 89
0 650 277.326 300 89
0 650 277.415 300 89
0 650 277.503 300 89
0 650 277.598 300 89
0 650 277.704 300 89
0 650 277.816 300 89
0 650 277.939 300 89
0 650 278.053 300 89
0 650 278.161 300 89
0 650 278.261 300 89
0 650 278.375 300 89
0 650 278.472 300 89
0 650 278.572 300 89
0 650 278.686 300 89
0 650 278.8 300 89
0 650 278.923 300 89
0 650 279.042 300 89
0 650 279.145 300 89
0 650 279.255 300 89
0 650 279.366 300 89
0 650 279.47 300 89
0 650 279.566 300 89
0 650 279.679 300 89
0 650 279.793 300 89
0 650 279.891 300 89
0 650 280.002 300 89
0 650 280.111 300 89
0 650 280.22 300 89
0 650 280.33 300 89
0 650 280.437 300 89
0 650 280.54 300 89
0 650 280.641 300 89
0 650 280.74 300 89
0 650 280.847 300 89
0 650 280.952 300 89
0 650 281.048 300 89
0 650 281.147 300 89
0 650 281.242 300 89
0 650 281.335 300 89
0 650 281.429 300 89
0 650 281.515 300 89
0 650 281.596 300 89
0 650 281.678 300 89
0 650 281.771 300 89
0 650 281.857 300 89
0 650 281.946 300 89
0 650 282.031 300 89
0 650 282.117 300 89
0 650 282.22 300 89
0 650 282.33 300 89
0 650 282.428 300 89
0 650 282.531 300 89
0 650 282.648 300 89
0 650 282.764 300 89
0 650 282.861 300 89
0 650 282.955 300 89
0 650 283.055 300 89
0 650 283.143 300 89
0 650 283.24 300 89
0 650 283.317 300 89
0 650 283.4 300 89
0 650 283.486 300 89
0 650 283.573 300 89
0 650 283.665 300 89
0 650 283.755 300 89
0 650 283.838 300 89
0 650 283.927 300 89
0 650 284.02 300 89
0 650 284.096 300 89
0 650 284.19 300 89
0 650 284.273 300 89
0 650 284.37 300 89
0 650 284.473 300 89
0 650 284.568 300 89
0 650 284.656 300 89
0 650 284.741 300 89
0 650 284.83 300 89
0 650 284.917 300 89
0 650 284.998 300 89
0 650 285.096 300 89
0 650 285.19 300 89
0 650 285.367 300 89
0 650 285.494 300 89
0 650 285.619 300 89
0 650 285.778 300 89
0 650 285.91 300 89
0 650 286.018 300 89
0 650 286.119 300 89
0 650 286.212 300 89
0 650 286.337 300 89
0 650 286.43 300 89
0 650 286.529 300 89
0 650 286.623 300 89
0 650 286.717 300 89
0 650 286.803 300 89
0 650 286.891 300 89
0 650 286.979 300 89
0 650 287.071 300 89
0 650 287.152 300 89
0 650 287.239 300 89
0 650 287.338 300 89
0 650 287.432 300 89
0 650 287.531 300 89
0 650 287.618 300 89
0 650 287.704 300 89
0 650 287.789 300 89
0 650 287.937 300 89
0 650 288.02 300 89
0 650 288.106 300 89
0 650 288.177 300 89
0 650 288.26 300 89
0 650 288.334 300 89
0 650 288.42 300 89
0 650 288.5 300 89
0 650 288.586 300 89
0 650 288.672 300 89
0 650 288.764 300 89
0 650 289.081 300 89
0 650 289.243 300 89
0 650 289.327 300 89
0 650 289.42 300 89
0 650 289.509 300 89
0 650 289.594 300 89
0 650 289.68 300 89
0 650 289.762 300 89
0 650 289.845 300 89
0 650 289.976 300 89
0 650 290.222 300 89
0 650 290.476 300 89
0 650 290.653 300 89
0 650 290.783 300 89
0 650 290.964 300 89
0 650 291.086 300 89
0 650 291.227 300 89
0 650 291.365 300 89
0 650 291.454 300 89
0 650 291.552 300 89
0 650 291.663 300 89
0 650 291.767 300 89
0 650 291.848 300 89
0 650 291.928 300 89
0 650 292.006 300 89
0 650 292.061 300 89
0 650 292.142 300 89
0 650 292.222 300 89
0 650 292.306 300 89
0 650 292.423 300 89
0 650 292.512 300 89
0 650 292.824 300 89
0 650 292.955 300 89
0 650 293.071 300 89
0 650 293.234 300 89
0 650 293.346 300 89
0 650 293.456 300 89
0 650 293.564 300 89
0 650 293.643 300 89
0 650 293.733 300 89
0 650 293.822 300 89
0 650 293.916 300 89
0 650 294.049 300 89
0 650 294.204 300 89
0 650 294.284 300 89
0 650 294.375 300 89
0 650 294.462 300 89
0 650 294.537 300 89
0 650 294.627 300 89
0 650 294.713 300 89
0 650 294.807 300 89
0 650 294.897 300 89
0 650 294.977 300 89
0 650 295.067 300 89
0 650 295.16 300 89
0 650 295.253 300 89
0 650 295.345 300 89
0 650 295.436 300 89
0 650 295.519 300 89
0 650 295.608 300 89
0 650 295.68 300 89
0 650 295.742 300 89
0 650 295.802 300 89
0 650 295.867 300 89
0 650 295.927 300 89
0 650 295.989 300 89
0 650 296.057 300 89
0 650 296.122 300 89
0 650 296.187 300 89
0 650 296.25 300 89
0 650 296.314 300 89
0 650 296.379 300 89
0 650 296.441 300 89
0 650 296.503 300 89
0 650 296.561 300 89
0 650 296.624 300 89
0 650 296.692 300 89
0 650 296.758 300 89
0 650 296.819 300 89
0 650 296.899 300 89
0 650 296.957 300 89
0 650 297.017 300 89
0 650 297.083 300 89
0 650 297.147 300 89
0 650 297.208 300 89
0 650 297.274 300 89
0 650 297.356 300 89
0 650 297.443 300 89
0 650 297.533 300 89
0 650 297.618 300 89
0 650 297.703 300 89
0 650 297.791 300 89
0 650 297.877 300 89
0 650 297.946 300 89
0 650 298.039 300 89
0 650 298.122 300 89
0 650 298.202 300 89
0 650 298.287 300 89
0 650 298.364 300 89
0 650 298.449 300 89
0 650 298.575 300 89
0 650 298.646 300 89
0 650 298.735 300 89
0 650 298.827 300 89
0 650 298.925 300 89
0 650 298.984 300 89
0 650 299.05 300 89
0 650 299.113 300 89
0 650 299.2 300 89
0 650 299.293 300 89
0 650 299.351 300 89
0 650 299.441 300 89
0 650 299.525 300 89
0 650 299.618 300 89
0 650 299.711 300 89
0 650 299.796 300 89
0 650 299.886 300 89
0 650 299.974 300 89
0 650 300.053 300 89
0 650 300.143 300 89
0 650 300.23 300 89
0 650 300.309 300 89
0 650 300.397 300 89
0 650 300.484 300 89
0 650 300.572 300 89
0 650 300.659 300 89
0 650 300.748 300 89
0 650 300.841 300 89
0 650 300.937 300 89
0 650 301.033 300 89
0 650 301.128 300 89
0 650 301.223 300 89
0 650 301.32 300 89
0 650 301.413 300 89
0 650 301.505 300 89
0 650 301.588 300 89
0 650 301.68 300 89
0 650 301.771 300 89
0 650 301.908 300 89
0 650 301.999 300 89
0 650 302.086 300 89
0 650 302.179 300 89
0 650 302.267 300 89
0 650 302.349 300 89
0 650 302.442 300 89
0 650 302.534 300 89
0 650 302.617 300 89
0 650 302.705 300 89
0 650 302.792 300 89
0 650 302.883 300 89
0 650 302.974 300 89
0 650 303.062 300 89
0 650 303.155 300 89
0 650 303.24 300 89
0 650 303.318 300 89
0 650 303.405 300 89
0 650 303.498 300 89
0 650 303.586 300 89
0 650 303.683 300 89
0 650 303.776 300 89
0 650 303.863 300 89
0 650 303.948 300 89
0 650 304.043 300 89
0 650 304.138 300 89
0 650 304.226 300 89
0 650 304.32 300 89
0 650 304.413 300 89
0 650 304.502 300 89
0 650 304.6 300 89
0 650 304.693 300 89
0 650 304.784 300 89
0 650 304.878 300 89
0 650 304.966 300 89
0 650 305.052 300 89
0 650 305.141 300 89
0 650 305.222 300 89
0 650 305.304 300 89
0 650 305.389 300 89
0 650 305.481 300 89
0 650 305.564 300 89
0 650 305.653 300 89
0 650 305.743 300 89
0 650 305.831 300 89
0 650 305.914 300 89
0 650 306.003 300 89
0 650 306.089 300 89
0 650 306.179 300 89
0 650 306.269 300 89
0 650 306.348 300 89
0 650 306.434 300 89
0 650 306.514 300 89
0 650 306.596 300 89
0 650 306.682 300 89
0 650 306.77 300 89
0 650 306.859 300 89
0 650 306.949 300 89
0 650 307.028 300 89
0 650 307.118 300 89
0 650 307.211 300 89
0 650 307.293 300 89
0 650 307.378 300 89
0 650 307.464 300 89
0 650 307.549 300 89
0 650 307.639 300 89
0 650 307.736 300 89
0 650 307.815 300 89
0 650 307.897 300 89
0 650 307.99 300 89
0 650 308.073 300 89
0 650 308.154 300 89
0 650 308.24 300 89
0 650 308.324 300 89
0 650 308.418 300 89
0 650 308.498 300 89
0 650 308.579 300 89
0 650 308.651 300 89
0 650 308.744 300 89
0 650 308.821 300 89
0 650 308.906 300 89
0 650 308.992 300 89
0 650 309.078 300 89
0 650 309.169 300 89
0 650 309.246 300 89
0 650 309.332 300 89
0 650 309.42 300 89
0 650 309.504 300 89
0 650 309.595 300 89
0 650 309.689 300 89
0 650 309.772 300 89
0 650 309.864 300 89
0 650 309.954 300 89
0 650 310.05 300 89
0 650 310.141 300 89
0 650 310.226 300 89
0 650 310.317 300 89
0 650 310.414 300 89
0 650 310.507 300 89
0 650 310.594 300 89
0 650 310.683 300 89
0 650 310.774 300 89
0 650 310.865 300 89
0 650 310.948 300 89
0 650 311.034 300 89
0 650 311.124 300 89
0 650 311.215 300 89
0 650 311.302 300 89
0 650 311.386 300 89
0 650 311.471 300 89
0 650 311.559 300 89
0 650 311.644 300 89
0 650 311.724 300 89
0 650 311.809 300 89
0 650 311.897 300 89
0 650 311.988 300 89
0 650 312.071 300 89
0 650 312.157 300 89
0 650 312.243 300 89
0 650 312.329 300 89
0 650 312.417 300 89
0 650 312.505 300 89
0 650 312.592 300 89
0 650 312.686 300 89
0 650 312.784 300 89
0 650 312.878 300 89
0 650 312.966 300 89
0 650 313.04 300 89
0 650 313.113 300 89
0 650 313.203 300 89
0 650 313.295 300 89
0 650 313.386 300 89
0 650 313.469 300 89
0 650 313.554 300 89
0 650 313.649 300 89
0 650 313.738 300 89
0 650 313.835 300 89
0 650 313.922 300 89
0 650 314.005 300 89
0 650 314.089 300 89
0 650 314.178 300 89
0 650 314.265 300 89
0 650 314.36 300 89
0 650 314.451 300 89
0 650 314.545 300 89
0 650 314.629 300 89
0 650 314.724 300 89
0 650 314.809 300 89
0 650 314.898 300 89
0 650 314.987 300 89
0 650 315.074 300 89
0 650 315.153 300 89
0 650 315.244 300 89
0 650 315.324 300 89
0 650 315.406 300 89
0 650 315.489 300 89
0 650 315.581 300 89
0 650 315.668 300 89
0 650 315.748 300 89
0 650 315.839 300 89
0 650 315.922 300 89
0 650 316.009 300 89
0 650 316.093 300 89
0 650 316.182 300 89
0 650 316.268 300 89
0 650 316.362 300 89
0 650 316.45 300 89
0 650 316.535 300 89
0 650 316.621 300 89
0 650 316.705 300 89
0 650 316.79 300 89
0 650 316.878 300 89
0 650 316.971 300 89
0 650 317.055 300 89
0 650 317.13 300 89
0 650 317.232 300 89
0 650 317.323 300 89
0 650 317.429 300 89
0 650 317.519 300 89
0 650 317.603 300 89
0 650 317.687 300 89
0 650 317.78 300 89
0 650 317.865 300 89
0 650 317.953 300 89
0 650 318.038 300 89
0 650 318.128 300 89
0 650 318.213 300 89
0 650 318.3 300 89
0 650 318.381 300 89
0 650 318.466 300 89
0 650 318.547 300 89
0 650 318.635 300 89
0 650 318.725 300 89
0 650 318.811 300 89
0 650 318.9 300 89
0 650 318.986 300 89
0 650 319.076 300 89
0 650 319.169 300 89
0 650 319.27 300 89
0 650 319.359 300 89
0 650 319.438 300 89
0 650 319.547 300 89
0 650 319.638 300 89
0 650 319.728 300 89
0 650 319.806 300 89
0 650 319.894 300 89
0 650 319.988 300 89
0 650 320.079 300 89
0 650 320.161 300 89
0 650 320.249 300 89
0 650 320.333 300 89
0 650 320.427 300 89
0 650 320.521 300 89
0 650 320.618 300 89
0 650 320.703 300 89
0 650 320.761 300 89
0 650 320.847 300 89
0 650 320.933 300 89
0 650 321.018 300 89
0 650 321.108 300 89
0 650 321.199 300 89
0 650 321.292 300 89
0 650 321.382 300 89
0 650 321.476 300 89
0 650 321.571 300 89
0 650 321.649 300 89
0 650 321.744 300 89
0 650 321.831 300 89
0 650 321.925 300 89
0 650 322.013 300 89
0 650 322.115 300 89
0 650 322.207 300 89
0 650 322.299 300 89
0 650 322.38 300 89
0 650 322.473 300 89
0 650 322.574 300 89
0 650 322.666 300 89
0 650 322.752 300 89
0 650 322.844 300 89
0 650 322.934 300 89
0 650 323.034 300 89
0 650 323.123 300 89
0 650 323.206 300 89
0 650 323.298 300 89
0 650 323.389 300 89
0 650 323.484 300 89
0 650 323.568 300 89
0 650 323.658 300 89
0 650 323.785 300 89
0 650 323.892 300 89
0 650 323.982 300 89
0 650 324.074 300 89
0 650 324.165 300 89
0 650 324.257 300 89
0 650 324.347 300 89
0 650 324.427 300 89
0 650 324.521 300 89
0 650 324.614 300 89
0 650 324.704 300 89
0 650 324.786 300 89
0 650 324.879 300 89
0 650 324.97 300 89
0 650 325.059 300 89
0 650 325.144 300 89
0 650 325.232 300 89
0 650 325.315 300 89
0 650 325.41 300 89
0 650 325.5 300 89
0 650 325.586 300 89
0 650 325.678 300 89
0 650 325.769 300 89
0 650 325.857 300 89
0 650 325.945 300 89
0 650 326.041 300 89
0 650 326.134 300 89
0 650 326.225 300 89
0 650 326.313 300 89
0 650 326.409 300 89
0 650 326.502 300 89
0 650 326.585 300 89
0 650 326.668 300 89
0 650 326.752 300 89
0 650 326.84 300 89
0 650 326.928 300 89
0 650 327.013 300 89
0 650 327.094 300 89
0 650 327.18 300 89
0 650 327.273 300 89
0 650 327.368 300 89
0 650 327.457 300 89
0 650 327.55 300 89
0 650 327.643 300 89
0 650 327.752 300 89
0 650 327.843 300 89
0 650 327.932 300 89
0 650 328.031 300 89
0 650 328.124 300 89
0 650 328.217 300 89
0 650 328.308 300 89
0 650 328.403 300 89
0 650 328.491 300 89
0 650 328.586 300 89
0 650 328.681 300 89
0 650 328.776 300 89
0 650 328.877 300 89
0 650 328.971 300 89
0 650 329.093 300 89
0 650 329.18 300 89
0 650 329.258 300 89
0 650 329.347 300 89
0 650 329.424 300 89
0 650 329.513 300 89
0 650 329.588 300 89
0 650 329.68 300 89
0 650 329.774 300 89
0 650 329.84 300 89
0 650 329.902 300 89
0 650 329.959 300 89
0 650 330.027 300 89
0 650 330.096 300 89
0 650 330.161 300 89
0 650 330.224 300 89
0 650 330.291 300 89
0 650 330.36 300 89
0 650 330.432 300 89
0 650 330.493 300 89
0 650 330.551 300 89
0 650 330.613 300 89
0 650 330.674 300 89
0 650 330.742 300 89
0 650 330.803 300 89
0 650 330.899 300 89
0 650 330.964 300 89
0 650 331.024 300 89
0 650 331.13 300 89
0 650 331.192 300 89
0 650 331.255 300 89
0 650 331.317 300 89
0 650 331.381 300 89
0 650 331.445 300 89
0 650 331.539 300 89
0 650 331.631 300 89
0 650 331.732 300 89
0 650 331.818 300 89
0 650 331.909 300 89
0 650 332.006 300 89
0 650 332.094 300 89
0 650 332.189 300 89
0 650 332.282 300 89
0 650 332.382 300 89
0 650 332.477 300 89
0 650 332.57 300 89
0 650 332.669 300 89
0 650 332.765 300 89
0 650 332.847 300 89
0 650 332.943 300 89
0 650 333.039 300 89
0 650 333.139 300 89
0 650 333.235 300 89
0 650 333.341 300 89
0 650 333.439 300 89
0 650 333.53 300 89
0 650 333.625 300 89
0 650 333.719 300 89
0 650 333.808 300 89
0 650 333.897 300 89
0 650 334.033 300 89
0 650 334.122 300 89
0 650 334.214 300 89
0 650 334.301 300 89
0 650 334.398 300 89
0 650 334.491 300 89
0 650 334.574 300 89
0 650 334.662 300 89
0 650 334.738 300 89
0 650 334.823 300 89
0 650 334.916 300 89
0 650 335.012 300 89
0 650 335.111 300 89
0 650 335.196 300 89
0 650 335.278 300 89
0 650 335.363 300 89
0 650 335.458 300 89
0 650 335.539 300 89
0 650 335.629 300 89
0 650 335.731 300 89
0 650 335.839 300 89
0 650 335.929 300 89
0 650 336.023 300 89
0 650 336.12 300 89
0 650 336.21 300 89
0 650 336.306 300 89
0 650 336.4 300 89
0 650 336.49 300 89
0 650 336.58 300 89
0 650 336.668 300 89
0 650 336.761 300 89
0 650 336.855 300 89
0 650 336.957 300 89
0 650 337.05 300 89
0 650 337.143 300 89
0 650 337.255 300 89
0 650 337.357 300 89
0 650 337.451 300 89
0 650 337.542 300 89
0 650 337.623 300 89
0 650 337.718 300 89
0 650 337.813 300 89
0 650 337.901 300 89
0 650 337.999 300 89
0 650 338.102 300 89
0 650 338.196 300 89
0 650 338.276 300 89
0 650 338.367 300 89
0 650 338.458 300 89
0 650 338.551 300 89
0 650 338.654 300 89
0 650 338.745 300 89
0 650 338.807 300 89
0 650 338.903 300 89
0 650 339.004 300 89
0 650 339.094 300 89
0 650 339.202 300 89
0 650 339.3 300 89
0 650 339.368 300 89
0 650 339.46 300 89
0 650 339.554 300 89
0 650 339.649 300 89
0 650 339.742 300 89
0 650 339.854 300 89
0 650 339.942 300 89
0 650 340.042 300 89
0 650 340.14 300 89
0 650 340.249 300 89
0 650 340.342 300 89
0 650 340.433 300 89
0 650 340.522 300 89
0 650 340.61 300 89
0 650 340.707 300 89
0 650 340.793 300 89
0 650 340.876 300 89
0 650 340.962 300 89
0 650 341.058 300 89
0 650 341.135 300 89
0 650 341.224 300 89
0 650 341.33 300 89
0 650 341.392 300 89
0 650 341.457 300 89
0 650 341.519 300 89
0 650 341.579 300 89
0 650 341.641 300 89
0 650 341.708 300 89
0 650 341.774 300 89
0 650 341.83 300 89
0 650 341.893 300 89
0 650 341.96 300 89
0 650 342.026 300 89
0 650 342.093 300 89
0 650 342.158 300 89
0 650 342.222 300 89
0 650 342.288 300 89
0 650 342.35 300 89
0 650 342.412 300 89
0 650 342.477 300 89
0 650 342.545 300 89
0 650 342.607 300 89
0 650 342.667 300 89
0 650 342.727 300 89
0 650 342.798 300 89
0 650 342.858 300 89
0 650 342.928 300 89
0 650 342.991 300 89
0 650 343.053 300 89
0 650 343.12 300 89
0 650 343.188 300 89
0 650 343.26 300 89
0 650 343.355 300 89
0 650 343.452 300 89
0 650 343.543 300 89
0 650 343.622 300 89
0 650 343.714 300 89
0 650 343.805 300 89
0 650 343.892 300 89
0 650 343.975 300 89
0 650 344.062 300 89
0 650 344.141 300 89
0 650 344.234 300 89
0 650 344.323 300 89
0 650 344.408 300 89
0 650 344.489 300 89
0 650 344.591 300 89
0 650 344.686 300 89
0 650 344.777 300 89
0 650 344.87 300 89
0 650 344.954 300 89
0 650 345.056 300 89
0 650 345.15 300 89
0 650 345.24 300 89
0 650 345.325 300 89
0 650 345.406 300 89
0 650 345.496 300 89
0 650 345.593 300 89
0 650 345.689 300 89
0 650 345.769 300 89
0 650 345.859 300 89
0 650 345.943 300 89
0 650 346.031 300 89
0 650 346.124 300 89
0 650 346.213 300 89
0 650 346.305 300 89
0 650 346.4 300 89
0 650 346.496 300 89
0 650 346.586 300 89
0 650 346.678 300 89
0 650 346.768 300 89
0 650 346.861 300 89
0 650 346.97 300 89
0 650 347.078 300 89
0 650 347.166 300 89
0 650 347.247 300 89
0 650 347.333 300 89
0 650 347.415 300 89
0 650 347.48 300 89
0 650 347.54 300 89
0 650 347.603 300 89
0 650 347.664 300 89
0 650 347.732 300 89
0 650 347.797 300 89
0 650 347.862 300 89
0 650 347.923 300 89
0 650 347.982 300 89
0 650 348.045 300 89
0 650 348.106 300 89
0 650 348.169 300 89
0 650 348.235 300 89
0 650 348.328 300 89
0 650 348.419 300 89
0 650 348.515 300 89
0 650 348.607 300 89
0 650 348.692 300 89
0 650 348.79 300 89
0 650 348.896 300 89
0 650 348.986 300 89
0 650 349.086 300 89
0 650 349.18 300 89
0 650 349.271 300 89
0 650 349.351 300 89
0 650 349.453 300 89
0 650 349.545 300 89
0 650 349.644 300 89
0 650 349.741 300 89
0 650 349.842 300 89
0 650 349.939 300 89
0 650 350.022 300 89
0 650 350.123 300 89
0 650 350.212 300 89
0 650 350.319 300 89
0 650 350.419 300 89
0 650 350.515 300 89
0 650 350.61 300 89
0 650 350.693 300 89
0 650 350.787 300 89
0 650 350.889 300 89
0 650 350.967 300 89
0 650 351.061 300 89
0 650 351.154 300 89
0 650 351.249 300 89
0 650 351.33 300 89
0 650 351.416 300 89
0 650 351.515 300 89
0 650 351.602 300 89
0 650 351.697 300 89
0 650 351.789 300 89
0 650 351.884 300 89
0 650 351.979 300 89
0 650 352.077 300 89
0 650 352.183 300 89
0 650 352.273 300 89
0 650 352.358 300 89
0 650 352.45 300 89
0 650 352.535 300 89
0 650 352.625 300 89
0 650 352.758 300 89
0 650 352.844 300 89
0 650 352.935 300 89
0 650 353.02 300 89
0 650 353.11 300 89
0 650 353.198 300 89
0 650 353.29 300 89
0 650 353.381 300 89
0 650 353.473 300 89
0 650 353.564 300 89
0 650 353.655 300 89
0 650 353.753 300 89
0 650 353.852 300 89
0 650 353.944 300 89
0 650 354.041 300 89
0 650 354.132 300 89
0 650 354.222 300 89
0 650 354.317 300 89
0 650 354.415 300 89
0 650 354.507 300 89
0 650 354.597 300 89
0 650 354.691 300 89
0 650 354.783 300 89
0 650 354.882 300 89
0 650 354.964 300 89
0 650 355.047 300 89
0 650 355.137 300 89
0 650 355.225 300 89
0 650 355.313 300 89
0 650 355.406 300 89
0 650 355.496 300 89
0 650 355.587 300 89
0 650 355.681 300 89
0 650 355.766 300 89
0 650 355.853 300 89
0 650 355.946 300 89
0 650 356.042 300 89
0 650 356.126 300 89
0 650 356.213 300 89
0 650 356.316 300 89
0 650 356.429 300 89
0 650 356.53 300 89
0 650 356.614 300 89
0 650 356.699 300 89
0 650 356.787 300 89
0 650 356.884 300 89
0 650 356.99 300 89
0 650 357.081 300 89
0 650 357.166 300 89
0 650 357.258 300 89
0 650 357.349 300 89
0 650 357.437 300 89
0 650 357.534 300 89
0 650 357.612 300 89
0 650 357.711 300 89
0 650 357.799 300 89
0 650 357.886 300 89
0 650 357.973 300 89
0 650 358.06 300 89
0 650 358.146 300 89
0 650 358.232 300 89
0 650 358.323 300 89
0 650 358.408 300 89
0 650 358.485 300 89
0 650 358.575 300 89
0 650 358.664 300 89
0 650 358.8 300 89
0 650 358.893 300 89
0 650 358.989 300 89
0 650 359.084 300 89
0 650 359.179 300 89
0 650 359.277 300 89
0 650 359.377 300 89
0 650 359.48 300 89
0 650 359.58 300 89
0 650 359.715 300 89
0 650 359.823 300 89
0 650 359.927 300 89
0 650 360.019 300 89
0 650 360.117 300 89
0 650 360.212 300 89
0 650 360.311 300 89
0 650 360.398 300 89
0 650 360.484 300 89
0 650 360.578 300 89
0 650 360.675 300 89
0 650 360.765 300 89
0 650 360.862 300 89
0 650 360.974 300 89
0 650 361.056 300 89
0 650 361.13 300 89
0 650 361.243 300 89
0 650 361.337 300 89
0 650 361.422 300 89
0 650 361.515 300 89
0 650 361.606 300 89
0 650 361.7 300 89
0 650 361.791 300 89
0 650 361.878 300 89
0 650 361.962 300 89
0 650 362.053 300 89
0 650 362.142 300 89
0 650 362.229 300 89
0 650 362.355 300 89
0 650 362.439 300 89
0 650 362.53 300 89
0 650 362.618 300 89
0 650 362.709 300 89
0 650 362.797 300 89
0 650 362.885 300 89
0 650 362.982 300 89
0 650 363.075 300 89
0 650 363.156 300 89
0 650 363.24 300 89
0 650 363.327 300 89
0 650 363.411 300 89
0 650 363.499 300 89
0 650 363.579 300 89
0 650 363.672 300 89
0 650 363.758 300 89
0 650 363.847 300 89
0 650 363.936 300 89
0 650 364.021 300 89
0 650 364.108 300 89
0 650 364.195 300 89
0 650 364.282 300 89
0 650 364.368 300 89
0 650 364.459 300 89
0 650 364.558 300 89
0 650 364.657 300 89
0 650 364.751 300 89
0 650 364.849 300 89
0 650 364.945 300 89
0 650 365.022 300 89
0 650 365.115 300 89
0 650 365.205 300 89
0 650 365.294 300 89
0 650 365.378 300 89
0 650 365.469 300 89
0 650 365.555 300 89
0 650 365.646 300 89
0 650 365.739 300 89
0 650 365.835 300 89
0 650 365.923 300 89
0 650 366.011 300 89
0 650 366.093 300 89
0 650 366.181 300 89
0 650 366.268 300 89
0 650 366.359 300 89
0 650 366.45 300 89
0 650 366.541 300 89
0 650 366.631 300 89
0 650 366.713 300 89
0 650 366.807 300 89
0 650 366.904 300 89
0 650 366.995 300 89
0 650 367.095 300 89
0 650 367.189 300 89
0 650 367.284 300 89
0 650 367.377 300 89
0 650 367.459 300 89
0 650 367.548 300 89
0 650 367.639 300 89
0 650 367.734 300 89
0 650 367.818 300 89
0 650 367.886 300 89
0 650 367.954 300 89
0 650 368.02 300 89
0 650 368.081 300 89
0 650 368.146 300 89
0 650 368.209 300 89
0 650 368.274 300 89
0 650 368.337 300 89
0 650 368.398 300 89
0 650 368.46 300 89
0 650 368.516 300 89
0 650 368.603 300 89
0 650 368.687 300 89
0 650 368.775 300 89
0 650 368.871 300 89
0 650 368.964 300 89
0 650 369.046 300 89
0 650 369.139 300 89
0 650 369.232 300 89
0 650 369.327 300 89
0 650 369.414 300 89
0 650 369.561 300 89
0 650 369.657 300 89
0 650 369.75 300 89
0 650 369.841 300 89
0 650 369.927 300 89
0 650 370.011 300 89
0 650 370.088 300 89
0 650 370.176 300 89
0 650 370.263 300 89
0 650 370.355 300 89
0 650 370.448 300 89
0 650 370.529 300 89
0 650 370.62 300 89
0 650 370.72 300 89
0 650 370.808 300 89
0 650 370.894 300 89
0 650 370.977 300 89
0 650 371.061 300 89
0 650 371.147 300 89
0 650 371.24 300 89
0 650 371.327 300 89
0 650 371.41 300 89
0 650 371.503 300 89
0 650 371.589 300 89
0 650 371.684 300 89
0 650 371.771 300 89
0 650 371.862 300 89
0 650 371.956 300 89
0 650 372.048 300 89
0 650 372.134 300 89
0 650 372.223 300 89
0 650 372.307 300 89
0 650 372.415 300 89
0 650 372.502 300 89
0 650 372.592 300 89
0 650 372.681 300 89
0 650 372.767 300 89
0 650 372.849 300 89
0 650 372.936 300 89
0 650 373.022 300 89
0 650 373.111 300 89
0 650 373.199 300 89
0 650 373.272 300 89
0 650 373.361 300 89
0 650 373.447 300 89
0 650 373.532 300 89
0 650 373.614 300 89
0 650 373.704 300 89
0 650 373.794 300 89
0 650 373.885 300 89
0 650 373.973 300 89
0 650 374.062 300 89
0 650 374.152 300 89
0 650 374.241 300 89
0 650 374.329 300 89
0 650 374.412 300 89
0 650 374.505 300 89
0 650 374.59 300 89
0 650 374.684 300 89
0 650 374.773 300 89
0 650 374.864 300 89
0 650 374.955 300 89
0 650 375.05 300 89
0 650 375.139 300 89
0 650 375.234 300 89
0 650 375.33 300 89
0 650 375.422 300 89
0 650 375.513 300 89
0 650 375.598 300 89
0 650 375.683 300 89
0 650 375.781 300 89
0 650 375.881 300 89
0 650 375.974 300 89
0 650 376.043 300 89
0 650 376.108 300 89
0 650 376.174 300 89
0 650 376.237 300 89
0 650 376.306 300 89
0 650 376.372 300 89
0 650 376.434 300 89
0 650 376.498 300 89
0 650 376.56 300 89
0 650 376.623 300 89
0 650 376.689 300 89
0 650 376.749 300 89
0 650 376.815 300 89
0 650 376.877 300 89
0 650 376.938 300 89
0 650 377.012 300 89
0 650 377.104 300 89
0 650 377.201 300 89
0 650 377.286 300 89
0 650 377.386 300 89
0 650 377.478 300 89
0 650 377.559 300 89
0 650 377.653 300 89
0 650 377.788 300 89
0 650 377.877 300 89
0 650 377.963 300 89
0 650 378.053 300 89
0 650 378.14 300 89
0 650 378.225 300 89
0 650 378.316 300 89
0 650 378.405 300 89
0 650 378.484 300 89
0 650 378.576 300 89
0 650 378.67 300 89
0 650 378.756 300 89
0 650 378.849 300 89
0 650 378.943 300 89
0 650 379.043 300 89
0 650 379.134 300 89
0 650 379.223 300 89
0 650 379.313 300 89
0 650 379.4 300 89
0 650 379.49 300 89
0 650 379.564 300 89
0 650 379.687 300 89
0 650 379.78 300 89
0 650 379.868 300 89
0 650 379.955 300 89
0 650 380.044 300 89
0 650 380.14 300 89
0 650 380.231 300 89
0 650 380.317 300 89
0 650 380.403 300 89
0 650 380.491 300 89
0 650 380.581 300 89
0 650 380.666 300 89
0 650 380.755 300 89
0 650 380.839 300 89
0 650 380.928 300 89
0 650 381.009 300 89
0 650 381.097 300 89
0 650 381.193 300 89
0 650 381.29 300 89
0 650 381.378 300 89
0 650 381.469 300 89
0 650 381.562 300 89
0 650 381.645 300 89
0 650 381.737 300 89
0 650 381.827 300 89
0 650 381.917 300 89
0 650 382.007 300 89
0 650 382.09 300 89
0 650 382.187 300 89
0 650 382.281 300 89
0 650 382.373 300 89
0 650 382.461 300 89
0 650 382.548 300 89
0 650 382.636 300 89
0 650 382.719 300 89
0 650 382.802 300 89
0 650 382.889 300 89
0 650 382.979 300 89
0 650 383.063 300 89
0 650 383.153 300 89
0 650 383.242 300 89
0 650 383.329 300 89
0 650 383.422 300 89
0 650 383.514 300 89
0 650 383.606 300 89
0 650 383.697 300 89
0 650 383.783 300 89
0 650 383.866 300 89
0 650 383.96 300 89
0 650 384.052 300 89
0 650 384.136 300 89
0 650 384.227 300 89
0 650 384.327 300 89
0 650 384.413 300 89
0 650 384.503 300 89
0 650 384.596 300 89
0 650 384.687 300 89
0 650 384.771 300 89
0 650 384.863 300 89
0 650 384.949 300 89
0 650 385.035 300 89
0 650 385.123 300 89
0 650 385.211 300 89
0 650 385.295 300 89
0 650 385.385 300 89
0 650 385.473 300 89
0 650 385.56 300 89
0 650 385.649 300 89
0 650 385.746 300 89
0 650 385.848 300 89
0 650 385.949 300 89
0 650 386.035 300 89
0 650 386.129 300 89
0 650 386.226 300 89
0 650 386.323 300 89
0 650 386.419 300 89
0 650 386.516 300 89
0 650 386.575 300 89
0 650 386.671 300 89
0 650 386.761 300 89
0 650 386.86 300 89
0 650 386.955 300 89
0 650 387.051 300 89
0 650 387.143 300 89
0 650 387.241 300 89
0 650 387.332 300 89
0 650 387.423 300 89
0 650 387.516 300 89
0 650 387.609 300 89
0 650 387.698 300 89
0 650 387.801 300 89
0 650 387.891 300 89
0 650 387.984 300 89
0 650 388.081 300 89
0 650 388.179 300 89
0 650 388.273 300 89
0 650 388.354 300 89
0 650 388.447 300 89
0 650 388.538 300 89
0 650 388.625 300 89
0 650 388.72 300 89
0 650 388.821 300 89
0 650 388.917 300 89
0 650 388.994 300 89
0 650 389.091 300 89
0 650 389.181 300 89
0 650 389.272 300 89
0 650 389.372 300 89
0 650 389.477 300 89
0 650 389.58 300 89
0 650 389.677 300 89
0 650 389.775 300 89
0 650 389.871 300 89
0 650 389.967 300 89
0 650 390.068 300 89
0 650 390.161 300 89
0 650 390.253 300 89
0 650 390.349 300 89
0 650 390.445 300 89
0 650 390.542 300 89
0 650 390.64 300 89
0 650 390.744 300 89
0 650 390.827 300 89
0 650 390.951 300 89
0 650 391.043 300 89
0 650 391.136 300 89
0 650 391.23 300 89
0 650 391.327 300 89
0 650 391.428 300 89
0 650 391.522 300 89
0 650 391.62 300 89
0 650 391.724 300 89
0 650 391.815 300 89
0 650 391.902 300 89
0 650 392.002 300 89
0 650 392.106 300 89
0 650 392.196 300 89
0 650 392.295 300 89
0 650 392.375 300 89
0 650 392.47 300 89
0 650 392.565 300 89
0 650 392.66 300 89
0 650 392.751 300 89
0 650 392.849 300 89
0 650 392.942 300 89
0 650 393.036 300 89
0 650 393.131 300 89
0 650 393.223 300 89
0 650 393.312 300 89
0 650 393.403 300 89
0 650 393.487 300 89
0 650 393.588 300 89
0 650 393.685 300 89
0 650 393.777 300 89
0 650 393.867 300 89
0 650 393.944 300 89
0 650 394.04 300 89
0 650 394.127 300 89
0 650 394.225 300 89
0 650 394.316 300 89
0 650 394.407 300 89
0 650 394.495 300 89
0 650 394.592 300 89
0 650 394.678 300 89
0 650 394.773 300 89
0 650 394.872 300 89
0 650 394.971 300 89
0 650 395.068 300 89
0 650 395.162 300 89
0 650 395.25 300 89
0 650 395.342 300 89
0 650 395.431 300 89
0 650 395.526 300 89
0 650 395.618 300 89
0 650 395.715 300 89
0 650 395.809 300 89
0 650 395.901 300 89
0 650 395.99 300 89
0 650 396.094 300 89
0 650 396.178 300 89
0 650 396.261 300 89
0 650 396.354 300 89
0 650 396.453 300 89
0 650 396.544 300 89
0 650 396.634 300 89
0 650 396.727 300 89
0 650 396.81 300 89
0 650 396.902 300 89
0 650 397.003 300 89
0 650 397.096 300 89
0 650 397.197 300 89
0 650 397.3 300 89
0 650 397.393 300 89
0 650 397.471 300 89
0 650 397.564 300 89
0 650 397.655 300 89
0 650 397.75 300 89
0 650 397.839 300 89
0 650 397.921 300 89
0 650 397.995 300 89
0 650 398.078 300 89
0 650 398.177 300 89
0 650 398.275 300 89
0 650 398.366 300 89
0 650 398.456 300 89
0 650 398.55 300 89
0 650 398.651 300 89
0 650 398.747 300 89
0 650 398.839 300 89
0 650 398.942 300 89
0 650 399.04 300 89
0 650 399.13 300 89
0 650 399.225 300 89
0 650 399.321 300 89
0 650 399.419 300 89
0 650 399.519 300 89
0 650 399.621 300 89
0 650 399.724 300 89
0 650 399.818 300 89
0 650 399.914 300 89
0 650 400.001 300 89
0 650 400.096 300 89
0 650 400.185 300 89
0 650 400.285 300 89
0 650 400.377 300 89
0 650 400.459 300 89
0 650 400.552 300 89
0 650 400.64 300 89
0 650 400.729 300 89
0 650 400.819 300 89
0 650 400.92 300 89
0 650 401.017 300 89
0 650 401.11 300 89
0 650 401.209 300 89
0 650 401.293 300 89
0 650 401.393 300 89
0 650 401.491 300 89
0 650 401.582 300 89
0 650 401.684 300 89
0 650 401.778 300 89
0 650 401.874 300 89
0 650 401.977 300 89
0 650 402.088 300 89
0 650 402.17 300 89
0 650 402.262 300 89
0 650 402.356 300 89
0 650 402.451 300 89
0 650 402.543 300 89
0 650 402.632 300 89
0 650 402.723 300 89
0 650 402.818 300 89
0 650 402.912 300 89
0 650 403.009 300 89
0 650 403.094 300 89
0 650 403.186 300 89
0 650 403.278 300 89
0 650 403.376 300 89
0 650 403.465 300 89
0 650 403.553 300 89
0 650 403.651 300 89
0 650 403.744 300 89
0 650 403.846 300 89
0 650 403.938 300 89
0 650 404.036 300 89
0 650 404.121 300 89
0 650 404.208 300 89
0 650 404.306 300 89
0 650 404.405 300 89
0 650 404.499 300 89
0 650 404.593 300 89
0 650 404.676 300 89
0 650 404.765 300 89
0 650 404.863 300 89
0 650 404.951 300 89
0 650 405.042 300 89
0 650 405.132 300 89
0 650 405.216 300 89
0 650 405.313 300 89
0 650 405.406 300 89
0 650 405.498 300 89
0 650 405.585 300 89
0 650 405.67 300 89
0 650 405.762 300 89
0 650 405.859 300 89
0 650 405.954 300 89
0 650 406.045 300 89
0 650 406.139 300 89
0 650 406.223 300 89
0 650 406.318 300 89
0 650 406.413 300 89
0 650 406.512 300 89
0 650 406.606 300 89
0 650 406.691 300 89
0 650 406.794 300 89
0 650 406.886 300 89
0 650 406.974 300 89
0 650 407.067 300 89
0 650 407.174 300 89
0 650 407.276 300 89
0 650 407.363 300 89
0 650 407.446 300 89
0 650 407.542 300 89
0 650 407.628 300 89
0 650 407.721 300 89
0 650 407.816 300 89
0 650 407.906 300 89
0 650 407.999 300 89
0 650 408.1 300 89
0 650 408.191 300 89
0 650 408.29 300 89
0 650 408.379 300 89
0 650 408.476 300 89
0 650 408.568 300 89
0 650 408.66 300 89
0 650 408.754 300 89
0 650 408.828 300 89
0 650 408.913 300 89
0 650 409.002 300 89
0 650 409.088 300 89
0 650 409.17 300 89
0 650 409.261 300 89
0 650 409.345 300 89
0 650 409.437 300 89
0 650 409.523 300 89
0 650 409.61 300 89
0 650 409.699 300 89
0 650 409.783 300 89
0 650 409.874 300 89
0 650 409.959 300 89
0 650 410.046 300 89
0 650 410.13 300 89
0 650 410.208 300 89
0 650 410.3 300 89
0 650 410.389 300 89
0 650 410.474 300 89
0 650 410.562 300 89
0 650 410.651 300 89
0 650 410.701 300 89
0 650 410.79 300 89
0 650 410.883 300 89
0 650 410.975 300 89
0 650 411.062 300 89
0 650 411.148 300 89
0 650 411.247 300 89
0 650 411.347 300 89
0 650 411.435 300 89
0 650 411.531 300 89
0 650 411.624 300 89
0 650 411.718 300 89
0 650 411.803 300 89
0 650 411.892 300 89
0 650 411.976 300 89
0 650 412.069 300 89
0 650 412.149 300 89
0 650 412.26 300 89
0 650 412.355 300 89
0 650 412.442 300 89
0 650 412.524 300 89
0 650 412.611 300 89
0 650 412.702 300 89
0 650 412.793 300 89
0 650 412.9 300 89
0 650 412.988 300 89
0 650 413.082 300 89
0 650 413.167 300 89
0 650 413.251 300 89
0 650 413.346 300 89
0 650 413.403 300 89
0 650 413.491 300 89
0 650 413.577 300 89
0 650 413.67 300 89
0 650 413.758 300 89
0 650 413.846 300 89
0 650 413.936 300 89
0 650 414.025 300 89
0 650 414.114 300 89
0 650 414.202 300 89
0 650 414.292 300 89
0 650 414.389 300 89
0 650 414.51 300 89
0 650 414.613 300 89
0 650 414.728 300 89
0 650 414.835 300 89
0 650 414.944 300 89
0 650 415.06 300 89
0 650 415.174 300 89
0 650 415.282 300 89
0 650 415.389 300 89
0 650 415.497 300 89
0 650 415.597 300 89
0 650 415.7 300 89
0 650 415.798 300 89
0 650 415.901 300 89
0 650 416.005 300 89
0 650 416.095 300 89
0 650 416.189 300 89
0 650 416.283 300 89
0 650 416.373 300 89
0 650 416.461 300 89
0 650 416.542 300 89
0 650 416.626 300 89
0 650 416.703 300 89
0 650 416.781 300 89
0 650 416.867 300 89
0 650 416.963 300 89
0 650 417.073 300 89
0 650 417.187 300 89
0 650 417.283 300 89
0 650 417.375 300 89
0 650 417.472 300 89
0 650 417.572 300 89
0 650 417.679 300 89
0 650 417.771 300 89
0 650 417.851 300 89
0 650 417.94 300 89
0 650 418.051 300 89
0 650 418.157 300 89
0 650 418.255 300 89
0 650 418.349 300 89
0 650 418.432 300 89
0 650 418.525 300 89
0 650 418.62 300 89
0 650 418.702 300 89
0 650 418.794 300 89
0 650 418.881 300 89
0 650 418.972 300 89
0 650 419.057 300 89
0 650 419.13 300 89
0 650 419.211 300 89
0 650 419.292 300 89
0 650 419.381 300 89
0 650 419.473 300 89
0 650 419.559 300 89
0 650 419.641 300 89
0 650 419.727 300 89
0 650 419.817 300 89
0 650 419.902 300 89
0 650 419.989 300 89
0 650 420.077 300 89
0 650 420.166 300 89
0 650 420.237 300 89
0 650 420.315 300 89
0 650 420.392 300 89
0 650 420.475 300 89
0 650 420.561 300 89
0 650 420.673 300 89
0 650 420.788 300 89
0 650 420.883 300 89
0 650 420.984 300 89
0 650 421.124 300 89
0 650 421.221 300 89
0 650 421.305 300 89
0 650 421.396 300 89
0 650 421.487 300 89
0 650 421.595 300 89
0 650 421.708 300 89
0 650 421.816 300 89
0 650 421.919 300 89
0 650 422.024 300 89
0 650 422.111 300 89
0 650 422.205 300 89
0 650 422.29 300 89
0 650 422.37 300 89
0 650 422.453 300 89
0 650 422.529 300 89
0 650 422.613 300 89
0 650 422.698 300 89
0 650 422.783 300 89
0 650 422.921 300 89
0 650 423.026 300 89
0 650 423.12 300 89
0 650 423.206 300 89
0 650 423.294 300 89
0 650 423.422 300 89
0 650 423.51 300 89
0 650 423.607 300 89
0 650 423.699 300 89
0 650 423.815 300 89
0 650 423.93 300 89
0 650 424.038 300 89
0 650 424.109 300 89
0 650 424.207 300 89
0 650 424.293 300 89
0 650 424.389 300 89
0 650 424.489 300 89
0 650 424.589 300 89
0 650 424.692 300 89
0 650 424.783 300 89
0 650 424.871 300 89
0 650 424.943 300 89
0 650 425.009 300 89
0 650 425.099 300 89
0 650 425.189 300 89
0 650 425.279 300 89
0 650 425.372 300 89
0 650 425.463 300 89
0 650 425.543 300 89
0 650 425.632 300 89
0 650 425.716 300 89
0 650 425.807 300 89
0 650 425.889 300 89
0 650 425.981 300 89
0 650 426.066 300 89
0 650 426.149 300 89
0 650 426.233 300 89
0 650 426.32 300 89
0 650 426.408 300 89
0 650 426.491 300 89
0 650 426.581 300 89
0 650 426.662 300 89
0 650 426.75 300 89
0 650 426.837 300 89
0 650 426.914 300 89
0 650 427.001 300 89
0 650 427.096 300 89
0 650 427.207 300 89
0 650 427.29 300 89
0 650 427.384 300 89
0 650 427.47 300 89
0 650 427.554 300 89
0 650 427.634 300 89
0 650 427.722 300 89
0 650 427.807 300 89
0 650 427.892 300 89
0 650 427.978 300 89
0 650 428.069 300 89
0 650 428.149 300 89
0 650 428.226 300 89
0 650 428.318 300 89
0 650 428.409 300 89
0 650 428.492 300 89
0 650 428.575 300 89
0 650 428.657 300 89
0 650 428.757 300 89
0 650 428.845 300 89
0 650 428.934 300 89
0 650 429.016 300 89
0 650 429.104 300 89
0 650 429.184 300 89
0 650 429.271 300 89
0 650 429.352 300 89
0 650 429.443 300 89
0 650 429.531 300 89
0 650 429.616 300 89
0 650 429.707 300 89
0 650 429.796 300 89
0 650 429.877 300 89
0 650 429.965 300 89
0 650 430.058 300 89
0 650 430.138 300 89
0 650 430.226 300 89
0 650 430.312 300 89
0 650 430.402 300 89
0 650 430.498 300 89
0 650 430.59 300 89
0 650 430.679 300 89
0 650 430.769 300 89
0 650 430.86 300 89
0 650 430.952 300 89
0 650 431.037 300 89
0 650 431.124 300 89
0 650 431.215 300 89
0 650 431.306 300 89
0 650 431.397 300 89
0 650 431.488 300 89
0 650 431.572 300 89
0 650 431.645 300 89
0 650 431.73 300 89
0 650 431.822 300 89
0 650 431.909 300 89
0 650 431.997 300 89
0 650 432.076 300 89
0 650 432.166 300 89
0 650 432.247 300 89
0 650 432.334 300 89
0 650 432.424 300 89
0 650 432.507 300 89
0 650 432.592 300 89
0 650 432.668 300 89
0 650 432.752 300 89
0 650 432.845 300 89
0 650 432.934 300 89
0 650 433.019 300 89
0 650 433.098 300 89
0 650 433.179 300 89
0 650 433.267 300 89
0 650 433.346 300 89
0 650 433.442 300 89
0 650 433.533 300 89
0 650 433.626 300 89
0 650 433.736 300 89
0 650 433.826 300 89
0 650 433.918 300 89
0 650 433.995 300 89
0 650 434.08 300 89
0 650 434.162 300 89
0 650 434.247 300 89
0 650 434.34 300 89
0 650 434.422 300 89
0 650 434.51 300 89
0 650 434.594 300 89
0 650 434.683 300 89
0 650 434.774 300 89
0 650 434.86 300 89
0 650 434.949 300 89
0 650 435.039 300 89
0 650 435.128 300 89
0 650 435.216 300 89
0 650 435.323 300 89
0 650 435.412 300 89
0 650 435.499 300 89
0 650 435.584 300 89
0 650 435.675 300 89
0 650 435.765 300 89
0 650 435.857 300 89
0 650 435.945 300 89
0 650 436.02 300 89
0 650 436.108 300 89
0 650 436.196 300 89
0 650 436.283 300 89
0 650 436.358 300 89
0 650 436.448 300 89
0 650 436.534 300 89
0 650 436.629 300 89
0 650 436.72 300 89
0 650 436.806 300 89
0 650 436.899 300 89
0 650 436.996 300 89
0 650 437.085 300 89
0 650 437.144 300 89
0 650 437.227 300 89
0 650 437.313 300 89
0 650 437.407 300 89
0 650 437.493 300 89
0 650 437.586 300 89
0 650 437.674 300 89
0 650 437.756 300 89
0 650 437.846 300 89
0 650 437.937 300 89
0 650 438.019 300 89
0 650 438.11 300 89
0 650 438.204 300 89
0 650 438.287 300 89
0 650 438.382 300 89
0 650 438.465 300 89
0 650 438.546 300 89
0 650 438.645 300 89
0 650 438.727 300 89
0 650 438.811 300 89
0 650 438.903 300 89
0 650 438.985 300 89
0 650 439.061 300 89
0 650 439.154 300 89
0 650 439.239 300 89
0 650 439.323 300 89
0 650 439.412 300 89
0 650 439.495 300 89
0 650 439.579 300 89
0 650 439.667 300 89
0 650 439.773 300 89
0 650 439.87 300 89
0 650 439.961 300 89
0 650 440.056 300 89
0 650 440.143 300 89
0 650 440.234 300 89
0 650 440.335 300 89
0 650 440.424 300 89
0 650 440.518 300 89
0 650 440.611 300 89
0 650 440.706 300 89
0 650 440.788 300 89
0 650 440.883 300 89
0 650 440.988 300 89
0 650 441.08 300 89
0 650 441.163 300 89
0 650 441.251 300 89
0 650 441.333 300 89
0 650 441.419 300 89
0 650 441.51 300 89
0 650 441.604 300 89
0 650 441.697 300 89
0 650 441.783 300 89
0 650 441.874 300 89
0 650 441.952 300 89
0 650 442.048 300 89
0 650 442.131 300 89
0 650 442.22 300 89
0 650 442.308 300 89
0 650 442.394 300 89
0 650 442.477 300 89
0 650 442.563 300 89
0 650 442.65 300 89
0 650 442.734 300 89
0 650 442.826 300 89
0 650 442.912 300 89
0 650 442.987 300 89
0 650 443.077 300 89
0 650 443.166 300 89
0 650 443.263 300 89
0 650 443.35 300 89
0 650 443.441 300 89
0 650 443.531 300 89
0 650 443.613 300 89
0 650 443.708 300 89
0 650 443.794 300 89
0 650 443.891 300 89
0 650 443.973 300 89
0 650 444.067 300 89
0 650 444.155 300 89
0 650 444.25 300 89
0 650 444.34 300 89
0 650 444.393 300 89
0 650 444.484 300 89
0 650 444.574 300 89
0 650 444.667 300 89
0 650 444.763 300 89
0 650 444.857 300 89
0 650 444.951 300 89
0 650 445.049 300 89
0 650 445.143 300 89
0 650 445.225 300 89
0 650 445.323 300 89
0 650 445.409 300 89
0 650 445.501 300 89
0 650 445.599 300 89
0 650 445.698 300 89
0 650 445.79 300 89
0 650 445.889 300 89
0 650 445.983 300 89
0 650 446.074 300 89
0 650 446.172 300 89
0 650 446.263 300 89
0 650 446.356 300 89
0 650 446.453 300 89
0 650 446.545 300 89
0 650 446.64 300 89
0 650 446.729 300 89
0 650 446.821 300 89
0 650 446.909 300 89
0 650 446.998 300 89
0 650 447.092 300 89
0 650 447.18 300 89
0 650 447.278 300 89
0 650 447.375 300 89
0 650 447.474 300 89
0 650 447.566 300 89
0 650 447.67 300 89
0 650 447.769 300 89
0 650 447.869 300 89
0 650 447.966 300 89
0 650 448.057 300 89
0 650 448.157 300 89
0 650 448.255 300 89
0 650 448.34 300 89
0 650 448.441 300 89
0 650 448.534 300 89
0 650 448.629 300 89
0 650 448.73 300 89
0 650 448.823 300 89
0 650 448.916 300 89
0 650 449.002 300 89
0 650 449.086 300 89
0 650 449.181 300 89
0 650 449.274 300 89
0 650 449.367 300 89
0 650 449.457 300 89
0 650 449.559 300 89
0 650 449.659 300 89
0 650 449.755 300 89
0 650 449.84 300 89
0 650 449.936 300 89
0 650 450.03 300 89
0 650 450.118 300 89
0 650 450.21 300 89
0 650 450.303 300 89
0 650 450.391 300 89
0 650 450.491 300 89
0 650 450.57 300 89
0 650 450.665 300 89
0 650 450.761 300 89
0 650 450.854 300 89
0 650 450.953 300 89
0 650 451.046 300 89
0 650 451.147 300 89
0 650 451.239 300 89
0 650 451.324 300 89
0 650 451.423 300 89
0 650 451.512 300 89
0 650 451.604 300 89
0 650 451.702 300 89
0 650 451.786 300 89
0 650 451.871 300 89
0 650 451.958 300 89
0 650 452.05 300 89
0 650 452.151 300 89
0 650 452.239 300 89
0 650 452.328 300 89
0 650 452.425 300 89
0 650 452.52 300 89
0 650 452.621 300 89
0 650 452.708 300 89
0 650 452.798 300 89
0 650 452.89 300 89
0 650 452.978 300 89
0 650 453.07 300 89
0 650 453.163 300 89
0 650 453.252 300 89
0 650 453.352 300 89
0 650 453.487 300 89
0 650 453.587 300 89
0 650 453.674 300 89
0 650 453.771 300 89
0 650 453.863 300 89
0 650 453.94 300 89
0 650 454.032 300 89
0 650 454.127 300 89
0 650 454.219 300 89
0 650 454.301 300 89
0 650 454.375 300 89
0 650 454.466 300 89
0 650 454.556 300 89
0 650 454.65 300 89
0 650 454.743 300 89
0 650 454.835 300 89
0 650 454.921 300 89
0 650 455.01 300 89
0 650 455.104 300 89
0 650 455.203 300 89
0 650 455.298 300 89
0 650 455.363 300 89
0 650 455.454 300 89
0 650 455.545 300 89
0 650 455.636 300 89
0 650 455.735 300 89
0 650 455.838 300 89
0 650 455.93 300 89
0 650 456.028 300 89
0 650 456.13 300 89
0 650 456.228 300 89
0 650 456.325 300 89
0 650 456.415 300 89
0 650 456.513 300 89
0 650 456.612 300 89
0 650 456.704 300 89
0 650 456.802 300 89
0 650 456.899 300 89
0 650 456.996 300 89
0 650 457.085 300 89
0 650 457.174 300 89
0 650 457.262 300 89
0 650 457.362 300 89
0 650 457.458 300 89
0 650 457.544 300 89
0 650 457.638 300 89
0 650 457.734 300 89
0 650 457.822 300 89
0 650 457.924 300 89
0 650 458.022 300 89
0 650 458.109 300 89
0 650 458.194 300 89
0 650 458.284 300 89
0 650 458.381 300 89
0 650 458.477 300 89
0 650 458.563 300 89
0 650 458.66 300 89
0 650 458.752 300 89
0 650 458.844 300 89
0 650 458.936 300 89
0 650 459.035 300 89
0 650 459.128 300 89
0 650 459.226 300 89
0 650 459.318 300 89
0 650 459.424 300 89
0 650 459.516 300 89
0 650 459.613 300 89
0 650 459.697 300 89
0 650 459.793 300 89
0 650 459.885 300 89
0 650 459.974 300 89
0 650 460.058 300 89
0 650 460.14 300 89
0 650 460.234 300 89
0 650 460.32 300 89
0 650 460.417 300 89
0 650 460.512 300 89
0 650 460.602 300 89
0 650 460.705 300 89
0 650 460.797 300 89
0 650 460.891 300 89
0 650 460.963 300 89
0 650 461.06 300 89
0 650 461.152 300 89
0 650 461.244 300 89
0 650 461.339 300 89
0 650 461.433 300 89
0 650 461.529 300 89
0 650 461.612 300 89
0 650 461.705 300 89
0 650 461.794 300 89
0 650 461.884 300 89
0 650 461.977 300 89
0 650 462.064 300 89
0 650 462.158 300 89
0 650 462.247 300 89
0 650 462.341 300 89
0 650 462.429 300 89
0 650 462.534 300 89
0 650 462.636 300 89
0 650 462.725 300 89
0 650 462.822 300 89
0 650 462.914 300 89
0 650 463 300 89
0 650 463.093 300 89
0 650 463.195 300 89
0 650 463.283 300 89
0 650 463.378 300 89
0 650 463.469 300 89
0 650 463.567 300 89
0 650 463.666 300 89
0 650 463.75 300 89
0 650 463.842 300 89
0 650 463.923 300 89
0 650 464.02 300 89
0 650 464.117 300 89
0 650 464.211 300 89
0 650 464.298 300 89
0 650 464.381 300 89
0 650 464.475 300 89
0 650 464.573 300 89
0 650 464.667 300 89
0 650 464.757 300 89
0 650 464.849 300 89
0 650 464.943 300 89
0 650 465.04 300 89
0 650 465.134 300 89
0 650 465.223 300 89
0 650 465.303 300 89
0 650 465.388 300 89
0 650 465.479 300 89
0 650 465.567 300 89
0 650 465.657 300 89
0 650 465.746 300 89
0 650 465.829 300 89
0 650 465.922 300 89
0 650 466.01 300 89
0 650 466.108 300 89
0 650 466.196 300 89
0 650 466.284 300 89
0 650 466.37 300 89
0 650 466.465 300 89
0 650 466.552 300 89
0 650 466.65 300 89
0 650 466.741 300 89
0 650 466.834 300 89
0 650 466.922 300 89
0 650 467.011 300 89
0 650 467.077 300 89
0 650 467.179 300 89
0 650 467.272 300 89
0 650 467.362 300 89
0 650 467.455 300 89
0 650 467.552 300 89
0 650 467.639 300 89
0 650 467.718 300 89
0 650 467.801 300 89
0 650 467.895 300 89
0 650 468.026 300 89
0 650 468.118 300 89
0 650 468.204 300 89
0 650 468.284 300 89
0 650 468.371 300 89
0 650 468.465 300 89
0 650 468.553 300 89
0 650 468.638 300 89
0 650 468.722 300 89
0 650 468.807 300 89
0 650 468.902 300 89
0 650 468.99 300 89
0 650 469.093 300 89
0 650 469.194 300 89
0 650 469.283 300 89
0 650 469.368 300 89
0 650 469.45 300 89
0 650 469.534 300 89
0 650 469.614 300 89
0 650 469.695 300 89
0 650 469.784 300 89
0 650 469.895 300 89
0 650 469.98 300 89
0 650 470.064 300 89
0 650 470.156 300 89
0 650 470.242 300 89
0 650 470.303 300 89
0 650 470.391 300 89
0 650 470.474 300 89
0 650 470.567 300 89
0 650 470.656 300 89
0 650 470.748 300 89
0 650 470.843 300 89
0 650 470.929 300 89
0 650 471.009 300 89
0 650 471.102 300 89
0 650 471.191 300 89
0 650 471.266 300 89
0 650 471.362 300 89
0 650 471.453 300 89
0 650 471.534 300 89
0 650 471.622 300 89
0 650 471.709 300 89
0 650 471.778 300 89
0 650 471.876 300 89
0 650 471.969 300 89
0 650 472.057 300 89
0 650 472.15 300 89
0 650 472.241 300 89
0 650 472.326 300 89
0 650 472.414 300 89
0 650 472.501 300 89
0 650 472.595 300 89
0 650 472.675 300 89
0 650 472.758 300 89
0 650 472.851 300 89
0 650 472.933 300 89
0 650 473.024 300 89
0 650 473.116 300 89
0 650 473.195 300 89
0 650 473.284 300 89
0 650 473.372 300 89
0 650 473.464 300 89
0 650 473.556 300 89
0 650 473.65 300 89
0 650 473.741 300 89
0 650 473.833 300 89
0 650 473.922 300 89
0 650 474.018 300 89
0 650 474.117 300 89
0 650 474.206 300 89
0 650 474.294 300 89
0 650 474.387 300 89
0 650 474.47 300 89
0 650 474.561 300 89
0 650 474.657 300 89
0 650 474.752 300 89
0 650 474.843 300 89
0 650 474.935 300 89
0 650 475.029 300 89
0 650 475.115 300 89
0 650 475.2 300 89
0 650 475.277 300 89
0 650 475.359 300 89
0 650 475.446 300 89
0 650 475.528 300 89
0 650 475.618 300 89
0 650 475.704 300 89
0 650 475.788 300 89
0 650 475.876 300 89
0 650 475.957 300 89
0 650 476.094 300 89
0 650 476.182 300 89
0 650 476.268 300 89
0 650 476.362 300 89
0 650 476.442 300 89
0 650 476.53 300 89
0 650 476.623 300 89
0 650 476.716 300 89
0 650 476.807 300 89
0 650 476.892 300 89
0 650 476.978 300 89
0 650 477.065 300 89
0 650 477.153 300 89
0 650 477.244 300 89
0 650 477.333 300 89
0 650 477.422 300 89
0 650 477.515 300 89
0 650 477.611 300 89
0 650 477.7 300 89
0 650 477.79 300 89
0 650 477.871 300 89
0 650 477.956 300 89
0 650 478.04 300 89
0 650 478.129 300 89
0 650 478.221 300 89
0 650 478.31 300 89
0 650 478.399 300 89
0 650 478.495 300 89
0 650 478.578 300 89
0 650 478.672 300 89
0 650 478.762 300 89
0 650 478.846 300 89
0 650 478.943 300 89
0 650 479.033 300 89
0 650 479.127 300 89
0 650 479.22 300 89
0 650 479.305 300 89
0 650 479.397 300 89
0 650 479.497 300 89
0 650 479.587 300 89
0 650 479.679 300 89
0 650 479.772 300 89
0 650 479.863 300 89
0 650 479.949 300 89
0 650 480.046 300 89
0 650 480.135 300 89
0 650 480.215 300 89
0 650 480.302 300 89
0 650 480.38 300 89
0 650 480.474 300 89
0 650 480.558 300 89
0 650 480.642 300 89
0 650 480.732 300 89
0 650 480.819 300 89
0 650 480.908 300 89
0 650 481.002 300 89
0 650 481.097 300 89
0 650 481.185 300 89
0 650 481.278 300 89
0 650 481.367 300 89
0 650 481.457 300 89
0 650 481.555 300 89
0 650 481.644 300 89
0 650 481.728 300 89
0 650 481.815 300 89
0 650 481.913 300 89
0 650 482.001 300 89
0 650 482.084 300 89
0 650 482.183 300 89
0 650 482.274 300 89
0 650 482.366 300 89
0 650 482.456 300 89
0 650 482.546 300 89
0 650 482.635 300 89
0 650 482.712 300 89
0 650 482.797 300 89
0 650 482.891 300 89
0 650 482.981 300 89
0 650 483.045 300 89
0 650 483.108 300 89
0 650 483.169 300 89
0 650 483.23 300 89
0 650 483.283 300 89
0 650 483.342 300 89
0 650 483.404 300 89
0 650 483.468 300 89
0 650 483.533 300 89
0 650 483.6 300 89
0 650 483.662 300 89
0 650 483.723 300 89
0 650 483.789 300 89
0 650 483.856 300 89
0 650 483.92 300 89
0 650 483.986 300 89
0 650 484.047 300 89
0 650 484.109 300 89
0 650 484.178 300 89
0 650 484.238 300 89
0 650 484.304 300 89
0 650 484.37 300 89
0 650 484.433 300 89
0 650 484.494 300 89
0 650 484.554 300 89
0 650 484.653 300 89
0 650 484.71 300 89
0 650 484.773 300 89
0 650 484.843 300 89
0 650 484.907 300 89
0 650 484.974 300 89
0 650 485.04 300 89
0 650 485.098 300 89
0 650 485.162 300 89
0 650 485.229 300 89
0 650 485.289 300 89
0 650 485.354 300 89
0 650 485.415 300 89
0 650 485.478 300 89
0 650 485.536 300 89
0 650 485.599 300 89
0 650 485.664 300 89
0 650 485.732 300 89
0 650 485.792 300 89
0 650 485.858 300 89
0 650 485.924 300 89
0 650 485.987 300 89
0 650 486.05 300 89
0 650 486.107 300 89
0 650 486.176 300 89
0 650 486.243 300 89
0 650 486.304 300 89
0 650 486.365 300 89
0 650 486.429 300 89
0 650 486.494 300 89
0 650 486.56 300 89
0 650 486.624 300 89
0 650 486.68 300 89
0 650 486.748 300 89
0 650 486.818 300 89
0 650 486.88 300 89
0 650 486.943 300 89
0 650 487.01 300 89
0 650 487.052 300 89
0 650 487.113 300 89
0 650 487.184 300 89
0 650 487.274 300 89
0 650 487.374 300 89
0 650 487.463 300 89
0 650 487.549 300 89
0 650 487.648 300 89
0 650 487.741 300 89
0 650 487.834 300 89
0 650 487.924 300 89
0 650 488.019 300 89
0 650 488.111 300 89
0 650 488.21 300 89
0 650 488.299 300 89
0 650 488.386 300 89
0 650 488.468 300 89
0 650 488.562 300 89
0 650 488.654 300 89
0 650 488.748 300 89
0 650 488.836 300 89
0 650 488.927 300 89
0 650 489.006 300 89
0 650 489.102 300 89
0 650 489.189 300 89
0 650 489.271 300 89
0 650 489.365 300 89
0 650 489.461 300 89
0 650 489.543 300 89
0 650 489.603 300 89
0 650 489.661 300 89
0 650 489.721 300 89
0 650 489.78 300 89
0 650 489.848 300 89
0 650 489.908 300 89
0 650 489.969 300 89
0 650 490.06 300 89
0 650 490.156 300 89
0 650 490.242 300 89
0 650 490.331 300 89
0 650 490.42 300 89
0 650 490.512 300 89
0 650 490.604 300 89
0 650 490.69 300 89
0 650 490.792 300 89
0 650 490.89 300 89
0 650 490.978 300 89
0 650 491.07 300 89
0 650 491.165 300 89
0 650 491.256 300 89
0 650 491.342 300 89
0 650 491.428 300 89
0 650 491.526 300 89
0 650 491.613 300 89
0 650 491.709 300 89
0 650 491.802 300 89
0 650 491.897 300 89
0 650 491.978 300 89
0 650 492.069 300 89
0 650 492.16 300 89
0 650 492.256 300 89
0 650 492.359 300 89
0 650 492.453 300 89
0 650 492.544 300 89
0 650 492.642 300 89
0 650 492.734 300 89
0 650 492.828 300 89
0 650 492.926 300 89
0 650 493.015 300 89
0 650 493.109 300 89
0 650 493.208 300 89
0 650 493.315 300 89
0 650 493.414 300 89
0 650 493.507 300 89
0 650 493.606 300 89
0 650 493.706 300 89
0 650 493.799 300 89
0 650 493.891 300 89
0 650 493.981 300 89
0 650 494.075 300 89
0 650 494.16 300 89
0 650 494.242 300 89
0 650 494.332 300 89
0 650 494.421 300 89
0 650 494.517 300 89
0 650 494.606 300 89
0 650 494.705 300 89
0 650 494.797 300 89
0 650 494.887 300 89
0 650 494.976 300 89
0 650 495.067 300 89
0 650 495.153 300 89
0 650 495.253 300 89
0 650 495.346 300 89
0 650 495.44 300 89
0 650 495.528 300 89
0 650 495.625 300 89
0 650 495.719 300 89
0 650 495.815 300 89
0 650 495.903 300 89
0 650 495.992 300 89
0 650 496.083 300 89
0 650 496.167 300 89
0 650 496.261 300 89
0 650 496.351 300 89
0 650 496.448 300 89
0 650 496.534 300 89
0 650 496.634 300 89
0 650 496.73 300 89
0 650 496.821 300 89
0 650 496.924 300 89
0 650 497.022 300 89
0 650 497.113 300 89
0 650 497.226 300 89
0 650 497.319 300 89
0 650 497.414 300 89
0 650 497.511 300 89
0 650 497.605 300 89
0 650 497.697 300 89
0 650 497.79 300 89
0 650 497.885 300 89
0 650 497.975 300 89
0 650 498.061 300 89
0 650 498.15 300 89
0 650 498.239 300 89
0 650 498.326 300 89
0 650 498.483 300 89
0 650 498.574 300 89
0 650 498.666 300 89
0 650 498.758 300 89
0 650 498.851 300 89
0 650 498.941 300 89
0 650 499.021 300 89
0 650 499.109 300 89
0 650 499.2 300 89
0 650 499.286 300 89
0 650 499.37 300 89
0 650 499.466 300 89
0 650 499.561 300 89
0 650 499.651 300 89
0 650 499.745 300 89
0 650 499.835 300 89
0 650 499.927 300 89
0 650 500.026 300 89
0 650 500.105 300 89
0 650 500.193 300 89
0 650 500.289 300 89
0 650 500.392 300 89
0 650 500.505 300 89
0 650 500.61 300 89
0 650 500.726 300 89
0 650 500.824 300 89
0 650 500.92 300 89
0 650 501.021 300 89
0 650 501.112 300 89
0 650 501.209 300 89
0 650 501.302 300 89
0 650 501.39 300 89
0 650 501.482 300 89
0 650 501.575 300 89
0 650 501.673 300 89
0 650 501.762 300 89
0 650 501.848 300 89
0 650 501.949 300 89
0 650 502.044 300 89
0 650 502.136 300 89
0 650 502.23 300 89
0 650 502.323 300 89
0 650 502.417 300 89
0 650 502.507 300 89
0 650 502.599 300 89
0 650 502.687 300 89
0 650 502.823 300 89
0 650 502.921 300 89
0 650 503.017 300 89
0 650 503.113 300 89
0 650 503.209 300 89
0 650 503.298 300 89
0 650 503.387 300 89
0 650 503.464 300 89
0 650 503.556 300 89
0 650 503.656 300 89
0 650 503.755 300 89
0 650 503.849 300 89
0 650 503.947 300 89
0 650 504.049 300 89
0 650 504.139 300 89
0 650 504.22 300 89
0 650 504.321 300 89
0 650 504.402 300 89
0 650 504.496 300 89
0 650 504.589 300 89
0 650 504.682 300 89
0 650 504.771 300 89
0 650 504.856 300 89
0 650 504.954 300 89
0 650 505.044 300 89
0 650 505.139 300 89
0 650 505.235 300 89
0 650 505.337 300 89
0 650 505.427 300 89
0 650 505.521 300 89
0 650 505.621 300 89
0 650 505.718 300 89
0 650 505.803 300 89
0 650 505.899 300 89
0 650 506 300 89
0 650 506.094 300 89
0 650 506.188 300 89
0 650 506.286 300 89
0 650 506.384 300 89
0 650 506.474 300 89
0 650 506.573 300 89
0 650 506.664 300 89
0 650 506.741 300 89
0 650 506.837 300 89
0 650 506.927 300 89
0 650 507.021 300 89
0 650 507.106 300 89
0 650 507.199 300 89
0 650 507.289 300 89
0 650 507.383 300 89
0 650 507.475 300 89
0 650 507.582 300 89
0 650 507.683 300 89
0 650 507.778 300 89
0 650 507.876 300 89
0 650 507.978 300 89
0 650 508.073 300 89
0 650 508.165 300 89
0 650 508.253 300 89
0 650 508.347 300 89
0 650 508.431 300 89
0 650 508.522 300 89
0 650 508.614 300 89
0 650 508.709 300 89
0 650 508.804 300 89
0 650 508.899 300 89
0 650 508.994 300 89
0 650 509.08 300 89
0 650 509.171 300 89
0 650 509.261 300 89
0 650 509.358 300 89
0 650 509.448 300 89
0 650 509.548 300 89
0 650 509.646 300 89
0 650 509.739 300 89
0 650 509.828 300 89
0 650 509.921 300 89
0 650 510.016 300 89
0 650 510.106 300 89
0 650 510.198 300 89
0 650 510.263 300 89
0 650 510.364 300 89
0 650 510.463 300 89
0 650 510.609 300 89
0 650 510.714 300 89
0 650 510.819 300 89
0 650 510.909 300 89
0 650 510.994 300 89
0 650 511.099 300 89
0 650 511.213 300 89
0 650 511.303 300 89
0 650 511.385 300 89
0 650 511.486 300 89
0 650 511.604 300 89
0 650 511.705 300 89
0 650 511.793 300 89
0 650 511.877 300 89
0 650 511.959 300 89
0 650 512.046 300 89
0 650 512.139 300 89
0 650 512.232 300 89
0 650 512.337 300 89
0 650 512.433 300 89
0 650 512.534 300 89
0 650 512.625 300 89
0 650 512.716 300 89
0 650 512.798 300 89
0 650 512.893 300 89
0 650 512.981 300 89
0 650 513.067 300 89
0 650 513.168 300 89
0 650 513.248 300 89
0 650 513.346 300 89
0 650 513.431 300 89
0 650 513.532 300 89
0 650 513.633 300 89
0 650 513.719 300 89
0 650 513.806 300 89
0 650 513.898 300 89
0 650 513.982 300 89
0 650 514.062 300 89
0 650 514.127 300 89
0 650 514.229 300 89
0 650 514.319 300 89
0 650 514.407 300 89
0 650 514.492 300 89
0 650 514.563 300 89
0 650 514.649 300 89
0 650 514.726 300 89
0 650 514.823 300 89
0 650 514.909 300 89
0 650 515.009 300 89
0 650 515.099 300 89
0 650 515.189 300 89
0 650 515.282 300 89
0 650 515.362 300 89
0 650 515.455 300 89
0 650 515.546 300 89
0 650 515.635 300 89
0 650 515.723 300 89
0 650 515.812 300 89
0 650 515.905 300 89
0 650 515.996 300 89
0 650 516.089 300 89
0 650 516.173 300 89
0 650 516.253 300 89
0 650 516.339 300 89
0 650 516.42 300 89
0 650 516.5 300 89
0 650 516.586 300 89
0 650 516.661 300 89
0 650 516.776 300 89
0 650 516.882 300 89
0 650 516.981 300 89
0 650 517.075 300 89
0 650 517.197 300 89
0 650 517.295 300 89
0 650 517.389 300 89
0 650 517.483 300 89
0 650 517.581 300 89
0 650 517.689 300 89
0 650 517.784 300 89
0 650 517.877 300 89
0 650 517.959 300 89
0 650 518.049 300 89
0 650 518.129 300 89
0 650 518.21 300 89
0 650 518.303 300 89
0 650 518.401 300 89
0 650 518.489 300 89
0 650 518.579 300 89
0 650 518.669 300 89
0 650 518.741 300 89
0 650 518.826 300 89
0 650 518.892 300 89
0 650 518.981 300 89
0 650 519.065 300 89
0 650 519.15 300 89
0 650 519.243 300 89
0 650 519.331 300 89
0 650 519.412 300 89
0 650 519.514 300 89
0 650 519.622 300 89
0 650 519.707 300 89
0 650 519.793 300 89
0 650 519.882 300 89
0 650 519.97 300 89
0 650 520.059 300 89
0 650 520.143 300 89
0 650 520.234 300 89
0 650 520.333 300 89
0 650 520.43 300 89
0 650 520.539 300 89
0 650 520.62 300 89
0 650 520.707 300 89
0 650 520.783 300 89
0 650 520.872 300 89
0 650 520.958 300 89
0 650 521.052 300 89
0 650 521.145 300 89
0 650 521.238 300 89
0 650 521.322 300 89
0 650 521.429 300 89
0 650 521.535 300 89
0 650 521.638 300 89
0 650 521.731 300 89
0 650 521.821 300 89
0 650 521.919 300 89
0 650 522.006 300 89
0 650 522.098 300 89
0 650 522.189 300 89
0 650 522.282 300 89
0 650 522.373 300 89
0 650 522.461 300 89
0 650 522.519 300 89
0 650 522.607 300 89
0 650 522.699 300 89
0 650 522.79 300 89
0 650 522.864 300 89
0 650 522.95 300 89
0 650 523.026 300 89
0 650 523.114 300 89
0 650 523.198 300 89
0 650 523.292 300 89
0 650 523.384 300 89
0 650 523.499 300 89
0 650 523.6 300 89
0 650 523.692 300 89
0 650 523.779 300 89
0 650 523.887 300 89
0 650 523.997 300 89
0 650 524.086 300 89
0 650 524.181 300 89
0 650 524.264 300 89
0 650 524.346 300 89
0 650 524.432 300 89
0 650 524.563 300 89
0 650 524.656 300 89
0 650 524.744 300 89
0 650 524.832 300 89
0 650 524.923 300 89
0 650 525.009 300 89
0 650 525.099 300 89
0 650 525.184 300 89
0 650 525.259 300 89
0 650 525.346 300 89
0 650 525.436 300 89
0 650 525.528 300 89
0 650 525.627 300 89
0 650 525.719 300 89
0 650 525.813 300 89
0 650 525.923 300 89
0 650 525.992 300 89
0 650 526.055 300 89
0 650 526.115 300 89
0 650 526.176 300 89
0 650 526.238 300 89
0 650 526.297 300 89
0 650 526.358 300 89
0 650 526.417 300 89
0 650 526.477 300 89
0 650 526.548 300 89
0 650 526.633 300 89
0 650 526.735 300 89
0 650 526.827 300 89
0 650 526.918 300 89
0 650 527.005 300 89
0 650 527.094 300 89
0 650 527.191 300 89
0 650 527.281 300 89
0 650 527.366 300 89
0 650 527.465 300 89
0 650 527.562 300 89
0 650 527.659 300 89
0 650 527.758 300 89
0 650 527.854 300 89
0 650 527.93 300 89
0 650 528.016 300 89
0 650 528.111 300 89
0 650 528.176 300 89
0 650 528.264 300 89
0 650 528.353 300 89
0 650 528.444 300 89
0 650 528.527 300 89
0 650 528.62 300 89
0 650 528.714 300 89
0 650 528.804 300 89
0 650 528.892 300 89
0 650 528.977 300 89
0 650 529.074 300 89
0 650 529.159 300 89
0 650 529.254 300 89
0 650 529.326 300 89
0 650 529.414 300 89
0 650 529.499 300 89
0 650 529.588 300 89
0 650 529.68 300 89
0 650 529.768 300 89
0 650 529.851 300 89
0 650 529.955 300 89
0 650 530.047 300 89
0 650 530.138 300 89
0 650 530.236 300 89
0 650 530.333 300 89
0 650 530.432 300 89
0 650 530.526 300 89
0 650 530.612 300 89
0 650 530.698 300 89
0 650 530.787 300 89
0 650 530.872 300 89
0 650 530.966 300 89
0 650 531.065 300 89
0 650 531.157 300 89
0 650 531.248 300 89
0 650 531.337 300 89
0 650 531.427 300 89
0 650 531.513 300 89
0 650 531.587 300 89
0 650 531.662 300 89
0 650 531.747 300 89
0 650 531.843 300 89
0 650 531.929 300 89
0 650 532.015 300 89
0 650 532.105 300 89
0 650 532.164 300 89
0 650 532.262 300 89
0 650 532.352 300 89
0 650 532.437 300 89
0 650 532.529 300 89
0 650 532.624 300 89
0 650 532.702 300 89
0 650 532.793 300 89
0 650 532.882 300 89
0 650 532.974 300 89
0 650 533.064 300 89
0 650 533.151 300 89
0 650 533.242 300 89
0 650 533.337 300 89
0 650 533.423 300 89
0 650 533.511 300 89
0 650 533.598 300 89
0 650 533.687 300 89
0 650 533.767 300 89
0 650 533.855 300 89
0 650 533.943 300 89
0 650 534.035 300 89
0 650 534.128 300 89
0 650 534.203 300 89
0 650 534.289 300 89
0 650 534.367 300 89
0 650 534.424 300 89
0 650 534.512 300 89
0 650 534.604 300 89
0 650 534.695 300 89
0 650 534.782 300 89
0 650 534.869 300 89
0 650 534.965 300 89
0 650 535.05 300 89
0 650 535.142 300 89
0 650 535.229 300 89
0 650 535.316 300 89
0 650 535.451 300 89
0 650 535.533 300 89
0 650 535.621 300 89
0 650 535.709 300 89
0 650 535.797 300 89
0 650 535.888 300 89
0 650 535.971 300 89
0 650 536.025 300 89
0 650 536.109 300 89
0 650 536.198 300 89
0 650 536.277 300 89
0 650 536.362 300 89
0 650 536.454 300 89
0 650 536.542 300 89
0 650 536.637 300 89
0 650 536.736 300 89
0 650 536.82 300 89
0 650 536.908 300 89
0 650 537.004 300 89
0 650 537.096 300 89
0 650 537.177 300 89
0 650 537.27 300 89
0 650 537.358 300 89
0 650 537.443 300 89
0 650 537.527 300 89
0 650 537.618 300 89
0 650 537.706 300 89
0 650 537.788 300 89
0 650 537.877 300 89
0 650 537.968 300 89
0 650 538.056 300 89
0 650 538.134 300 89
0 650 538.191 300 89
0 650 538.277 300 89
0 650 538.362 300 89
0 650 538.422 300 89
0 650 538.494 300 89
0 650 538.584 300 89
0 650 538.673 300 89
0 650 538.76 300 89
0 650 538.844 300 89
0 650 538.927 300 89
0 650 539.01 300 89
0 650 539.105 300 89
0 650 539.182 300 89
0 650 539.269 300 89
0 650 539.35 300 89
0 650 539.44 300 89
0 650 539.531 300 89
0 650 539.619 300 89
0 650 539.701 300 89
0 650 539.787 300 89
0 650 539.867 300 89
0 650 539.958 300 89
0 650 540.042 300 89
0 650 540.122 300 89
0 650 540.202 300 89
0 650 540.287 300 89
0 650 540.369 300 89
0 650 540.458 300 89
0 650 540.545 300 89
0 650 540.633 300 89
0 650 540.72 300 89
0 650 540.808 300 89
0 650 540.897 300 89
0 650 540.975 300 89
0 650 541.063 300 89
0 650 541.153 300 89
0 650 541.233 300 89
0 650 541.319 300 89
0 650 541.412 300 89
0 650 541.498 300 89
0 650 541.584 300 89
0 650 541.668 300 89
0 650 541.764 300 89
0 650 541.851 300 89
0 650 541.939 300 89
0 650 542.032 300 89
0 650 542.123 300 89
0 650 542.213 300 89
0 650 542.305 300 89
0 650 542.391 300 89
0 650 542.479 300 89
0 650 542.568 300 89
0 650 542.659 300 89
0 650 542.75 300 89
0 650 542.823 300 89
0 650 542.91 300 89
0 650 542.99 300 89
0 650 543.075 300 89
0 650 543.162 300 89
0 650 543.248 300 89
0 650 543.335 300 89
0 650 543.423 300 89
0 650 543.514 300 89
0 650 543.595 300 89
0 650 543.691 300 89
0 650 543.774 300 89
0 650 543.86 300 89
0 650 543.947 300 89
0 650 544.034 300 89
0 650 544.126 300 89
0 650 544.214 300 89
0 650 544.306 300 89
0 650 544.36 300 89
0 650 544.448 300 89
0 650 544.539 300 89
0 650 544.627 300 89
0 650 544.717 300 89
0 650 544.808 300 89
0 650 544.898 300 89
0 650 544.982 300 89
0 650 545.068 300 89
0 650 545.155 300 89
0 650 545.248 300 89
0 650 545.333 300 89
0 650 545.419 300 89
0 650 545.486 300 89
0 650 545.543 300 89
0 650 545.597 300 89
0 650 545.65 300 89
0 650 545.714 300 89
0 650 545.774 300 89
0 650 545.83 300 89
0 650 545.892 300 89
0 650 545.95 300 89
0 650 546.008 300 89
0 650 546.071 300 89
0 650 546.136 300 89
0 650 546.198 300 89
0 650 546.251 300 89
0 650 546.34 300 89
0 650 546.425 300 89
0 650 546.521 300 89
0 650 546.608 300 89
0 650 546.692 300 89
0 650 546.782 300 89
0 650 546.865 300 89
0 650 546.949 300 89
0 650 547.037 300 89
0 650 547.124 300 89
0 650 547.211 300 89
0 650 547.297 300 89
0 650 547.395 300 89
0 650 547.491 300 89
0 650 547.575 300 89
0 650 547.66 300 89
0 650 547.746 300 89
0 650 547.84 300 89
0 650 547.929 300 89
0 650 548.017 300 89
0 650 548.097 300 89
0 650 548.179 300 89
0 650 548.263 300 89
0 650 548.357 300 89
0 650 548.444 300 89
0 650 548.54 300 89
0 650 548.639 300 89
0 650 548.731 300 89
0 650 548.788 300 89
0 650 548.887 300 89
0 650 548.975 300 89
0 650 549.062 300 89
0 650 549.16 300 89
0 650 549.244 300 89
0 650 549.337 300 89
0 650 549.424 300 89
0 650 549.503 300 89
0 650 549.586 300 89
0 650 549.662 300 89
0 650 549.753 300 89
0 650 549.841 300 89
0 650 549.931 300 89
0 650 550.021 300 89
0 650 550.102 300 89
0 650 550.191 300 89
0 650 550.27 300 89
0 650 550.363 300 89
0 650 550.45 300 89
0 650 550.541 300 89
0 650 550.625 300 89
0 650 550.71 300 89
0 650 550.792 300 89
0 650 550.897 300 89
0 650 550.988 300 89
0 650 551.068 300 89
0 650 551.154 300 89
0 650 551.234 300 89
0 650 551.324 300 89
0 650 551.415 300 89
0 650 551.501 300 89
0 650 551.582 300 89
0 650 551.662 300 89
0 650 551.761 300 89
0 650 551.846 300 89
0 650 551.932 300 89
0 650 552.014 300 89
0 650 552.102 300 89
0 650 552.193 300 89
0 650 552.269 300 89
0 650 552.355 300 89
0 650 552.439 300 89
0 650 552.532 300 89
0 650 552.615 300 89
0 650 552.705 300 89
0 650 552.791 300 89
0 650 552.876 300 89
0 650 552.95 300 89
0 650 553.026 300 89
0 650 553.111 300 89
0 650 553.198 300 89
0 650 553.275 300 89
0 650 553.363 300 89
0 650 553.452 300 89
0 650 553.531 300 89
0 650 553.616 300 89
0 650 553.706 300 89
0 650 553.793 300 89
0 650 553.877 300 89
0 650 553.967 300 89
0 650 554.051 300 89
0 650 554.135 300 89
0 650 554.214 300 89
0 650 554.307 300 89
0 650 554.386 300 89
0 650 554.47 300 89
0 650 554.558 300 89
0 650 554.649 300 89
0 650 554.738 300 89
0 650 554.828 300 89
0 650 554.913 300 89
0 650 555 300 89
0 650 555.083 300 89
0 650 555.166 300 89
0 650 555.251 300 89
0 650 555.335 300 89
0 650 555.421 300 89
0 650 555.505 300 89
0 650 555.589 300 89
0 650 555.678 300 89
0 650 555.738 300 89
0 650 555.826 300 89
0 650 555.913 300 89
0 650 556.001 300 89
0 650 556.094 300 89
0 650 556.178 300 89
0 650 556.267 300 89
0 650 556.354 300 89
0 650 556.442 300 89
0 650 556.535 300 89
0 650 556.629 300 89
0 650 556.721 300 89
0 650 556.813 300 89
0 650 556.897 300 89
0 650 556.984 300 89
0 650 557.079 300 89
0 650 557.163 300 89
0 650 557.248 300 89
0 650 557.342 300 89
0 650 557.433 300 89
0 650 557.515 300 89
0 650 557.597 300 89
0 650 557.68 300 89
0 650 557.768 300 89
0 650 557.857 300 89
0 650 557.936 300 89
0 650 558.028 300 89
0 650 558.114 300 89
0 650 558.204 300 89
0 650 558.286 300 89
0 650 558.376 300 89
0 650 558.469 300 89
0 650 558.563 300 89
0 650 558.652 300 89
0 650 558.743 300 89
0 650 558.834 300 89
0 650 558.92 300 89
0 650 559.013 300 89
0 650 559.096 300 89
0 650 559.183 300 89
0 650 559.271 300 89
0 650 559.361 300 89
0 650 559.457 300 89
0 650 559.554 300 89
0 650 559.644 300 89
0 650 559.74 300 89
0 650 559.831 300 89
0 650 559.924 300 89
0 650 560.011 300 89
0 650 560.107 300 89
0 650 560.195 300 89
0 650 560.283 300 89
0 650 560.369 300 89
0 650 560.453 300 89
0 650 560.545 300 89
0 650 560.63 300 89
0 650 560.714 300 89
0 650 560.8 300 89
0 650 560.893 300 89
0 650 561.033 300 89
0 650 561.122 300 89
0 650 561.207 300 89
0 650 561.288 300 89
0 650 561.375 300 89
0 650 561.465 300 89
0 650 561.547 300 89
0 650 561.633 300 89
0 650 561.72 300 89
0 650 561.805 300 89
0 650 561.905 300 89
0 650 561.996 300 89
0 650 562.084 300 89
0 650 562.17 300 89
0 650 562.25 300 89
0 650 562.334 300 89
0 650 562.445 300 89
0 650 562.521 300 89
0 650 562.609 300 89
0 650 562.697 300 89
0 650 562.804 300 89
0 650 562.903 300 89
0 650 562.992 300 89
0 650 563.084 300 89
0 650 563.165 300 89
0 650 563.251 300 89
0 650 563.335 300 89
0 650 563.418 300 89
0 650 563.502 300 89
0 650 563.581 300 89
0 650 563.67 300 89
0 650 563.756 300 89
0 650 563.848 300 89
0 650 563.969 300 89
0 650 564.05 300 89
0 650 564.136 300 89
0 650 564.223 300 89
0 650 564.312 300 89
0 650 564.393 300 89
0 650 564.487 300 89
0 650 564.572 300 89
0 650 564.681 300 89
0 650 564.747 300 89
0 650 564.805 300 89
0 650 564.87 300 89
0 650 564.936 300 89
0 650 564.971 300 89
0 650 565.026 300 89
0 650 565.085 300 89
0 650 565.145 300 89
0 650 565.207 300 89
0 650 565.26 300 89
0 650 565.322 300 89
0 650 565.385 300 89
0 650 565.445 300 89
0 650 565.508 300 89
0 650 565.569 300 89
0 650 565.63 300 89
0 650 565.692 300 89
0 650 565.752 300 89
0 650 565.813 300 89
0 650 565.876 300 89
0 650 565.938 300 89
0 650 565.995 300 89
0 650 566.055 300 89
0 650 566.113 300 89
0 650 566.18 300 89
0 650 566.241 300 89
0 650 566.309 300 89
0 650 566.372 300 89
0 650 566.421 300 89
0 650 566.484 300 89
0 650 566.546 300 89
0 650 566.608 300 89
0 650 566.674 300 89
0 650 566.733 300 89
0 650 566.794 300 89
0 650 566.859 300 89
0 650 566.937 300 89
0 650 567.016 300 89
0 650 567.099 300 89
0 650 567.189 300 89
0 650 567.273 300 89
0 650 567.358 300 89
0 650 567.436 300 89
0 650 567.521 300 89
0 650 567.607 300 89
0 650 567.689 300 89
0 650 567.78 300 89
0 650 567.869 300 89
0 650 567.971 300 89
0 650 568.071 300 89
0 650 568.156 300 89
0 650 568.259 300 89
0 650 568.359 300 89
0 650 568.448 300 89
0 650 568.545 300 89
0 650 568.64 300 89
0 650 568.73 300 89
0 650 568.816 300 89
0 650 568.916 300 89
0 650 569.017 300 89
0 650 569.118 300 89
0 650 569.207 300 89
0 650 569.292 300 89
0 650 569.375 300 89
0 650 569.456 300 89
0 650 569.537 300 89
0 650 569.63 300 89
0 650 569.712 300 89
0 650 569.802 300 89
0 650 569.888 300 89
0 650 569.963 300 89
0 650 570.049 300 89
0 650 570.129 300 89
0 650 570.215 300 89
0 650 570.299 300 89
0 650 570.39 300 89
0 650 570.475 300 89
0 650 570.569 300 89
0 650 570.655 300 89
0 650 570.737 300 89
0 650 570.855 300 89
0 650 570.978 300 89
0 650 571.095 300 89
0 650 571.231 300 89
0 650 571.348 300 89
0 650 571.461 300 89
0 650 571.578 300 89
0 650 571.687 300 89
0 650 571.806 300 89
0 650 571.921 300 89
0 650 572.014 300 89
0 650 572.116 300 89
0 650 572.237 300 89
0 650 572.359 300 89
0 650 572.462 300 89
0 650 572.573 300 89
0 650 572.679 300 89
0 650 572.794 300 89
0 650 572.899 300 89
0 650 573.01 300 89
0 650 573.116 300 89
0 650 573.228 300 89
0 650 573.328 300 89
0 650 573.433 300 89
0 650 573.547 300 89
0 650 573.65 300 89
0 650 573.764 300 89
0 650 573.874 300 89
0 650 573.981 300 89
0 650 574.091 300 89
0 650 574.21 300 89
0 650 574.326 300 89
0 650 574.432 300 89
0 650 574.535 300 89
0 650 574.635 300 89
0 650 574.748 300 89
0 650 574.857 300 89
0 650 574.96 300 89
0 650 575.069 300 89
0 650 575.177 300 89
0 650 575.283 300 89
0 650 575.39 300 89
0 650 575.498 300 89
0 650 575.604 300 89
0 650 575.716 300 89
0 650 575.817 300 89
0 650 575.927 300 89
0 650 576.048 300 89
0 650 576.158 300 89
0 650 576.273 300 89
0 650 576.396 300 89
0 650 576.508 300 89
0 650 576.624 300 89
0 650 576.735 300 89
0 650 576.81 300 89
0 650 576.919 300 89
0 650 577.01 300 89
0 650 577.112 300 89
0 650 577.222 300 89
0 650 577.317 300 89
0 650 577.427 300 89
0 650 577.539 300 89
0 650 577.653 300 89
0 650 577.755 300 89
0 650 577.862 300 89
0 650 577.969 300 89
0 650 578.067 300 89
0 650 578.139 300 89
0 650 578.241 300 89
0 650 578.353 300 89
0 650 578.46 300 89
0 650 578.57 300 89
0 650 578.676 300 89
0 650 578.775 300 89
0 650 578.884 300 89
0 650 578.998 300 89
0 650 579.114 300 89
0 650 579.23 300 89
0 650 579.333 300 89
0 650 579.441 300 89
0 650 579.55 300 89
0 650 579.661 300 89
0 650 579.767 300 89
0 650 579.868 300 89
0 650 579.969 300 89
0 650 580.084 300 89
0 650 580.189 300 89
0 650 580.294 300 89
0 650 580.407 300 89
0 650 580.525 300 89
0 650 580.643 300 89
0 650 580.752 300 89
0 650 580.854 300 89
0 650 580.971 300 89
0 650 581.085 300 89
0 650 581.189 300 89
0 650 581.3 300 89
0 650 581.41 300 89
0 650 581.518 300 89
0 650 581.617 300 89
0 650 581.73 300 89
0 650 581.848 300 89
0 650 581.952 300 89
0 650 582.063 300 89
0 650 582.176 300 89
0 650 582.292 300 89
0 650 582.4 300 89
0 650 582.514 300 89
0 650 582.628 300 89
0 650 582.749 300 89
0 650 582.854 300 89
0 650 582.964 300 89
0 650 583.077 300 89
0 650 583.181 300 89
0 650 583.284 300 89
0 650 583.396 300 89
0 650 583.507 300 89
0 650 583.612 300 89
0 650 583.728 300 89
0 650 583.846 300 89
0 650 583.954 300 89
0 650 584.067 300 89
0 650 584.177 300 89
0 650 584.299 300 89
0 650 584.394 300 89
0 650 584.488 300 89
0 650 584.596 300 89
0 650 584.718 300 89
0 650 584.837 300 89
0 650 584.954 300 89
0 650 585.059 300 89
0 650 585.188 300 89
0 650 585.296 300 89
0 650 585.412 300 89
0 650 585.525 300 89
0 650 585.64 300 89
0 650 585.757 300 89
0 650 585.877 300 89
0 650 585.993 300 89
0 650 586.115 300 89
0 650 586.232 300 89
0 650 586.348 300 89
0 650 586.463 300 89
0 650 586.578 300 89
0 650 586.705 300 89
0 650 586.82 300 89
0 650 586.914 300 89
0 650 587.029 300 89
0 650 587.149 300 89
0 650 587.253 300 89
0 650 587.371 300 89
0 650 587.483 300 89
0 650 587.592 300 89
0 650 587.706 300 89
0 650 587.816 300 89
0 650 587.931 300 89
0 650 588.051 300 89
0 650 588.176 300 89
0 650 588.293 300 89
0 650 588.419 300 89
0 650 588.532 300 89
0 650 588.606 300 89
0 650 588.716 300 89
0 650 588.847 300 89
0 650 588.97 300 89
0 650 589.09 300 89
0 650 589.197 300 89
0 650 589.304 300 89
0 650 589.414 300 89
0 650 589.531 300 89
0 650 589.649 300 89
0 650 589.777 300 89
0 650 589.908 300 89
0 650 590.017 300 89
0 650 590.124 300 89
0 650 590.238 300 89
0 650 590.359 300 89
0 650 590.47 300 89
0 650 590.581 300 89
0 650 590.696 300 89
0 650 590.804 300 89
0 650 590.922 300 89
0 650 591.043 300 89
0 650 591.157 300 89
0 650 591.268 300 89
0 650 591.392 300 89
0 650 591.506 300 89
0 650 591.612 300 89
0 650 591.73 300 89
0 650 591.843 300 89
0 650 591.957 300 89
0 650 592.068 300 89
0 650 592.18 300 89
0 650 592.299 300 89
0 650 592.41 300 89
0 650 592.523 300 89
0 650 592.642 300 89
0 650 592.748 300 89
0 650 592.849 300 89
0 650 592.958 300 89
0 650 593.073 300 89
0 650 593.185 300 89
0 650 593.289 300 89
0 650 593.406 300 89
0 650 593.524 300 89
0 650 593.627 300 89
0 650 593.738 300 89
0 650 593.841 300 89
0 650 593.949 300 89
0 650 594.053 300 89
0 650 594.171 300 89
0 650 594.284 300 89
0 650 594.397 300 89
0 650 594.51 300 89
0 650 594.62 300 89
0 650 594.731 300 89
0 650 594.844 300 89
0 650 594.948 300 89
0 650 595.062 300 89
0 650 595.166 300 89
0 650 595.275 300 89
0 650 595.373 300 89
0 650 595.479 300 89
0 650 595.599 300 89
0 650 595.707 300 89
0 650 595.816 300 89
0 650 595.927 300 89
0 650 596.034 300 89
0 650 596.149 300 89
0 650 596.255 300 89
0 650 596.364 300 89
0 650 596.47 300 89
0 650 596.564 300 89
0 650 596.66 300 89
0 650 596.77 300 89
0 650 596.881 300 89
0 650 596.985 300 89
0 650 597.103 300 89
0 650 597.199 300 89
0 650 597.309 300 89
0 650 597.423 300 89
0 650 597.532 300 89
0 650 597.639 300 89
0 650 597.743 300 89
0 650 597.848 300 89
0 650 597.952 300 89
0 650 598.05 300 89
0 650 598.162 300 89
0 650 598.271 300 89
0 650 598.375 300 89
0 650 598.475 300 89
0 650 598.567 300 89
0 650 598.66 300 89
0 650 598.742 300 89
0 650 598.837 300 89
0 650 598.923 300 89
0 650 599.004 300 89
0 650 599.084 300 89
0 650 599.169 300 89
0 650 599.251 300 89
0 650 599.393 300 89
0 650 599.491 300 89
0 650 599.593 300 89
0 650 599.696 300 89
0 650 599.784 300 89
0 650 599.886 300 89
0 650 599.996 300 89
0 650 600.094 300 89
0 650 600.174 300 89
0 650 600.261 300 89
0 650 600.348 300 89
0 650 600.429 300 89
0 650 600.52 300 89
0 650 600.606 300 89
0 650 600.7 300 89
0 650 600.785 300 89
0 650 600.874 300 89
0 650 600.959 300 89
0 650 601.046 300 89
0 650 601.133 300 89
0 650 601.222 300 89
0 650 601.306 300 89
0 650 601.406 300 89
0 650 601.502 300 89
0 650 601.587 300 89
0 650 601.681 300 89
0 650 601.769 300 89
0 650 601.857 300 89
0 650 601.94 300 89
0 650 602.029 300 89
0 650 602.139 300 89
0 650 602.243 300 89
0 650 602.332 300 89
0 650 602.449 300 89
0 650 602.55 300 89
0 650 602.643 300 89
0 650 602.723 300 89
0 650 602.811 300 89
0 650 602.904 300 89
0 650 603.001 300 89
0 650 603.089 300 89
0 650 603.175 300 89
0 650 603.266 300 89
0 650 603.356 300 89
0 650 603.44 300 89
0 650 603.525 300 89
0 650 603.616 300 89
0 650 603.707 300 89
0 650 603.79 300 89
0 650 603.889 300 89
0 650 603.977 300 89
0 650 604.057 300 89
0 650 604.15 300 89
0 650 604.242 300 89
0 650 604.367 300 89
0 650 604.466 300 89
0 650 604.556 300 89
0 650 604.65 300 89
0 650 604.732 300 89
0 650 604.832 300 89
0 650 604.92 300 89
0 650 605.002 300 89
0 650 605.09 300 89
0 650 605.175 300 89
0 650 605.267 300 89
0 650 605.36 300 89
0 650 605.446 300 89
0 650 605.531 300 89
0 650 605.618 300 89
0 650 605.694 300 89
0 650 605.784 300 89
0 650 605.869 300 89
0 650 605.958 300 89
0 650 606.053 300 89
0 650 606.143 300 89
0 650 606.234 300 89
0 650 606.326 300 89
0 650 606.41 300 89
0 650 606.5 300 89
0 650 606.585 300 89
0 650 606.681 300 89
0 650 606.791 300 89
0 650 606.892 300 89
0 650 607.003 300 89
0 650 607.119 300 89
0 650 607.217 300 89
0 650 607.307 300 89
0 650 607.395 300 89
0 650 607.499 300 89
0 650 607.603 300 89
0 650 607.692 300 89
0 650 607.778 300 89
0 650 607.867 300 89
0 650 607.957 300 89
0 650 608.043 300 89
0 650 608.138 300 89
0 650 608.213 300 89
0 650 608.305 300 89
0 650 608.402 300 89
0 650 608.489 300 89
0 650 608.577 300 89
0 650 608.667 300 89
0 650 608.747 300 89
0 650 608.834 300 89
0 650 608.93 300 89
0 650 609.015 300 89
0 650 609.1 300 89
0 650 609.195 300 89
0 650 609.283 300 89
0 650 609.372 300 89
0 650 609.465 300 89
0 650 609.552 300 89
0 650 609.638 300 89
0 650 609.728 300 89
0 650 609.828 300 89
0 650 609.966 300 89
0 650 610.06 300 89
0 650 610.161 300 89
0 650 610.251 300 89
0 650 610.338 300 89
0 650 610.431 300 89
0 650 610.494 300 89
0 650 610.587 300 89
0 650 610.667 300 89
0 650 610.756 300 89
0 650 610.85 300 89
0 650 610.935 300 89
0 650 611.033 300 89
0 650 611.131 300 89
0 650 611.218 300 89
0 650 611.315 300 89
0 650 611.406 300 89
0 650 611.497 300 89
0 650 611.587 300 89
0 650 611.679 300 89
0 650 611.773 300 89
0 650 611.863 300 89
0 650 611.957 300 89
0 650 612.048 300 89
0 650 612.142 300 89
0 650 612.236 300 89
0 650 612.328 300 89
0 650 612.427 300 89
0 650 612.511 300 89
0 650 612.605 300 89
0 650 612.7 300 89
0 650 612.799 300 89
0 650 612.899 300 89
0 650 613.007 300 89
0 650 613.084 300 89
0 650 613.18 300 89
0 650 613.266 300 89
0 650 613.35 300 89
0 650 613.439 300 89
0 650 613.531 300 89
0 650 613.62 300 89
0 650 613.713 300 89
0 650 613.805 300 89
0 650 613.901 300 89
0 650 613.994 300 89
0 650 614.082 300 89
0 650 614.176 300 89
0 650 614.27 300 89
0 650 614.359 300 89
0 650 614.459 300 89
0 650 614.55 300 89
0 650 614.642 300 89
0 650 614.739 300 89
0 650 614.836 300 89
0 650 614.932 300 89
0 650 615.015 300 89
0 650 615.115 300 89
0 650 615.204 300 89
0 650 615.301 300 89
0 650 615.396 300 89
0 650 615.496 300 89
0 650 615.589 300 89
0 650 615.681 300 89
0 650 615.773 300 89
0 650 615.86 300 89
0 650 615.952 300 89
0 650 616.042 300 89
0 650 616.127 300 89
0 650 616.217 300 89
0 650 616.306 300 89
0 650 616.404 300 89
0 650 616.5 300 89
0 650 616.608 300 89
0 650 616.7 300 89
0 650 616.795 300 89
0 650 616.881 300 89
0 650 616.974 300 89
0 650 617.063 300 89
0 650 617.159 300 89
0 650 617.253 300 89
0 650 617.343 300 89
0 650 617.436 300 89
0 650 617.527 300 89
0 650 617.616 300 89
0 650 617.71 300 89
0 650 617.804 300 89
0 650 617.901 300 89
0 650 617.998 300 89
0 650 618.089 300 89
0 650 618.191 300 89
0 650 618.282 300 89
0 650 618.369 300 89
0 650 618.472 300 89
0 650 618.566 300 89
0 650 618.671 300 89
0 650 618.764 300 89
0 650 618.864 300 89
0 650 618.952 300 89
0 650 619.042 300 89
0 650 619.134 300 89
0 650 619.228 300 89
0 650 619.318 300 89
0 650 619.408 300 89
0 650 619.497 300 89
0 650 619.583 300 89
0 650 619.676 300 89
0 650 619.773 300 89
0 650 619.867 300 89
0 650 619.967 300 89
0 650 620.047 300 89
0 650 620.139 300 89
0 650 620.229 300 89
0 650 620.322 300 89
0 650 620.414 300 89
0 650 620.511 300 89
0 650 620.602 300 89
0 650 620.683 300 89
0 650 620.779 300 89
0 650 620.885 300 89
0 650 620.99 300 89
0 650 621.134 300 89
0 650 621.231 300 89
0 650 621.33 300 89
0 650 621.42 300 89
0 650 621.509 300 89
0 650 621.597 300 89
0 650 621.692 300 89
0 650 621.782 300 89
0 650 621.874 300 89
0 650 621.967 300 89
0 650 622.062 300 89
0 650 622.156 300 89
0 650 622.25 300 89
0 650 622.344 300 89
0 650 622.429 300 89
0 650 622.519 300 89
0 650 622.618 300 89
0 650 622.739 300 89
0 650 622.835 300 89
0 650 622.936 300 89
0 650 623.013 300 89
0 650 623.113 300 89
0 650 623.202 300 89
0 650 623.294 300 89
0 650 623.383 300 89
0 650 623.477 300 89
0 650 623.563 300 89
0 650 623.655 300 89
0 650 623.789 300 89
0 650 623.887 300 89
0 650 623.967 300 89
0 650 624.057 300 89
0 650 624.158 300 89
0 650 624.245 300 89
0 650 624.339 300 89
0 650 624.435 300 89
0 650 624.521 300 89
0 650 624.615 300 89
0 650 624.701 300 89
0 650 624.796 300 89
0 650 624.856 300 89
0 650 624.953 300 89
0 650 625.032 300 89
0 650 625.124 300 89
0 650 625.223 300 89
0 650 625.311 300 89
0 650 625.398 300 89
0 650 625.492 300 89
0 650 625.583 300 89
0 650 625.681 300 89
0 650 625.765 300 89
0 650 625.855 300 89
0 650 625.957 300 89
0 650 626.047 300 89
0 650 626.125 300 89
0 650 626.215 300 89
0 650 626.302 300 89
0 650 626.396 300 89
0 650 626.496 300 89
0 650 626.578 300 89
0 650 626.681 300 89
0 650 626.782 300 89
0 650 626.897 300 89
0 650 626.986 300 89
0 650 627.082 300 89
0 650 627.177 300 89
0 650 627.26 300 89
0 650 627.35 300 89
0 650 627.45 300 89
0 650 627.55 300 89
0 650 627.645 300 89
0 650 627.729 300 89
0 650 627.819 300 89
0 650 627.915 300 89
0 650 628.002 300 89
0 650 628.092 300 89
0 650 628.182 300 89
0 650 628.274 300 89
0 650 628.371 300 89
0 650 628.462 300 89
0 650 628.548 300 89
0 650 628.657 300 89
0 650 628.774 300 89
0 650 628.902 300 89
0 650 629.031 300 89
0 650 629.153 300 89
0 650 629.278 300 89
0 650 629.398 300 89
0 650 629.516 300 89
0 650 629.647 300 89
0 650 629.762 300 89
0 650 629.875 300 89
0 650 629.986 300 89
0 650 630.114 300 89
0 650 630.234 300 89
0 650 630.365 300 89
0 650 630.521 300 89
0 650 630.649 300 89
0 650 630.769 300 89
0 650 630.899 300 89
0 650 631.032 300 89
0 650 631.164 300 89
0 650 631.3 300 89
0 650 631.426 300 89
0 650 631.54 300 89
0 650 631.627 300 89
0 650 631.756 300 89
0 650 631.872 300 89
0 650 631.995 300 89
0 650 632.134 300 89
0 650 632.262 300 89
0 650 632.385 300 89
0 650 632.522 300 89
0 650 632.661 300 89
0 650 632.806 300 89
0 650 632.943 300 89
0 650 633.152 300 89
0 650 633.292 300 89
0 650 633.411 300 89
0 650 633.538 300 89
0 650 633.666 300 89
0 650 633.775 300 89
0 650 633.903 300 89
0 650 634.027 300 89
0 650 634.146 300 89
0 650 634.275 300 89
0 650 634.389 300 89
0 650 634.511 300 89
0 650 634.626 300 89
0 650 634.752 300 89
0 650 634.883 300 89
0 650 635.009 300 89
0 650 635.13 300 89
0 650 635.239 300 89
0 650 635.369 300 89
0 650 635.49 300 89
0 650 635.622 300 89
0 650 635.756 300 89
0 650 635.876 300 89
0 650 636 300 89
0 650 636.112 300 89
0 650 636.236 300 89
0 650 636.353 300 89
0 650 636.472 300 89
0 650 636.599 300 89
0 650 636.743 300 89
0 650 636.87 300 89
0 650 636.979 300 89
0 650 637.096 300 89
0 650 637.209 300 89
0 650 637.33 300 89
0 650 637.457 300 89
0 650 637.557 300 89
0 650 637.666 300 89
0 650 637.772 300 89
0 650 637.887 300 89
0 650 638 300 89
0 650 638.115 300 89
0 650 638.211 300 89
0 650 638.334 300 89
0 650 638.449 300 89
0 650 638.568 300 89
0 650 638.692 300 89
0 650 638.808 300 89
0 650 638.925 300 89
0 650 639.045 300 89
0 650 639.154 300 89
0 650 639.26 300 89
0 650 639.374 300 89
0 650 639.482 300 89
0 650 639.582 300 89
0 650 639.694 300 89
0 650 639.816 300 89
0 650 639.926 300 89
0 650 640.041 300 89
0 650 640.145 300 89
0 650 640.253 300 89
0 650 640.371 300 89
0 650 640.489 300 89
0 650 640.598 300 89
0 650 640.708 300 89
0 650 640.821 300 89
0 650 640.924 300 89
0 650 641.043 300 89
0 650 641.151 300 89
0 650 641.257 300 89
0 650 641.353 300 89
0 650 641.444 300 89
0 650 641.543 300 89
0 650 641.633 300 89
0 650 641.716 300 89
0 650 641.809 300 89
0 650 641.903 300 89
0 650 641.988 300 89
0 650 642.066 300 89
0 650 642.147 300 89
0 650 642.228 300 89
0 650 642.318 300 89
0 650 642.404 300 89
0 650 642.49 300 89
0 650 642.592 300 89
0 650 642.687 300 89
0 650 642.794 300 89
0 650 642.888 300 89
0 650 643.009 300 89
0 650 643.095 300 89
0 650 643.188 300 89
0 650 643.31 300 89
0 650 643.404 300 89
0 650 643.494 300 89
0 650 643.595 300 89
0 650 643.696 300 89
0 650 643.786 300 89
0 650 643.88 300 89
0 650 643.965 300 89
0 650 644.054 300 89
0 650 644.144 300 89
0 650 644.232 300 89
0 650 644.329 300 89
0 650 644.42 300 89
0 650 644.521 300 89
0 650 644.612 300 89
0 650 644.692 300 89
0 650 644.784 300 89
0 650 644.878 300 89
0 650 644.964 300 89
0 650 645.052 300 89
0 650 645.151 300 89
0 650 645.247 300 89
0 650 645.343 300 89
0 650 645.429 300 89
0 650 645.522 300 89
0 650 645.612 300 89
0 650 645.702 300 89
0 650 645.792 300 89
0 650 645.89 300 89
0 650 645.991 300 89
0 650 646.082 300 89
0 650 646.169 300 89
0 650 646.267 300 89
0 650 646.361 300 89
0 650 646.462 300 89
0 650 646.568 300 89
0 650 646.66 300 89
0 650 646.758 300 89
0 650 646.848 300 89
0 650 646.935 300 89
0 650 647.026 300 89
0 650 647.121 300 89
0 650 647.212 300 89
0 650 647.314 300 89
0 650 647.407 300 89
0 650 647.495 300 89
0 650 647.599 300 89
0 650 647.691 300 89
0 650 647.782 300 89
0 650 647.883 300 89
0 650 647.984 300 89
0 650 648.074 300 89
0 650 648.17 300 89
0 650 648.264 300 89
0 650 648.359 300 89
0 650 648.446 300 89
0 650 648.531 300 89
0 650 648.631 300 89
0 650 648.721 300 89
0 650 648.813 300 89
0 650 648.91 300 89
0 650 648.998 300 89
0 650 649.059 300 89
0 650 649.151 300 89
0 650 649.24 300 89
0 650 649.327 300 89
0 650 649.415 300 89
0 650 649.508 300 89
0 650 649.599 300 89
0 650 649.698 300 89
0 650 649.79 300 89
0 650 649.883 300 89
0 650 649.974 300 89
0 650 650.063 300 89
0 650 650.149 300 89
0 650 650.25 300 89
0 650 650.339 300 89
0 650 650.431 300 89
0 650 650.522 300 89
0 650 650.603 300 89
0 650 650.694 300 89
0 650 650.79 300 89
0 650 650.878 300 89
0 650 650.962 300 89
0 650 651.051 300 89
0 650 651.135 300 89
0 650 651.231 300 89
0 650 651.325 300 89
0 650 651.413 300 89
0 650 651.498 300 89
0 650 651.588 300 89
0 650 651.681 300 89
0 650 651.78 300 89
0 650 651.871 300 89
0 650 651.963 300 89
0 650 652.041 300 89
0 650 652.131 300 89
0 650 652.207 300 89
0 650 652.29 300 89
0 650 652.376 300 89
0 650 652.463 300 89
0 650 652.55 300 89
0 650 652.637 300 89
0 650 652.722 300 89
0 650 652.81 300 89
0 650 652.899 300 89
0 650 652.984 300 89
0 650 653.076 300 89
0 650 653.167 300 89
0 650 653.257 300 89
0 650 653.343 300 89
0 650 653.436 300 89
0 650 653.519 300 89
0 650 653.603 300 89
0 650 653.685 300 89
0 650 653.77 300 89
0 650 653.864 300 89
0 650 653.954 300 89
0 650 654.043 300 89
0 650 654.134 300 89
0 650 654.222 300 89
0 650 654.318 300 89
0 650 654.409 300 89
0 650 654.496 300 89
0 650 654.591 300 89
0 650 654.689 300 89
0 650 654.775 300 89
0 650 654.861 300 89
0 650 654.956 300 89
0 650 655.044 300 89
0 650 655.136 300 89
0 650 655.231 300 89
0 650 655.321 300 89
0 650 655.408 300 89
0 650 655.502 300 89
0 650 655.591 300 89
0 650 655.686 300 89
0 650 655.769 300 89
0 650 655.86 300 89
0 650 655.951 300 89
0 650 656.038 300 89
0 650 656.125 300 89
0 650 656.214 300 89
0 650 656.305 300 89
0 650 656.392 300 89
0 650 656.478 300 89
0 650 656.57 300 89
0 650 656.656 300 89
0 650 656.745 300 89
0 650 656.833 300 89
0 650 656.913 300 89
0 650 656.999 300 89
0 650 657.087 300 89
0 650 657.173 300 89
0 650 657.261 300 89
0 650 657.344 300 89
0 650 657.43 300 89
0 650 657.516 300 89
0 650 657.61 300 89
0 650 657.705 300 89
0 650 657.795 300 89
0 650 657.878 300 89
0 650 657.977 300 89
0 650 658.065 300 89
0 650 658.151 300 89
0 650 658.237 300 89
0 650 658.321 300 89
0 650 658.409 300 89
0 650 658.493 300 89
0 650 658.587 300 89
0 650 658.666 300 89
0 650 658.75 300 89
0 650 658.845 300 89
0 650 658.939 300 89
0 650 659.029 300 89
0 650 659.115 300 89
0 650 659.205 300 89
0 650 659.288 300 89
0 650 659.385 300 89
0 650 659.471 300 89
0 650 659.559 300 89
0 650 659.645 300 89
0 650 659.733 300 89
0 650 659.825 300 89
0 650 659.921 300 89
0 650 660.011 300 89
0 650 660.097 300 89
0 650 660.171 300 89
0 650 660.249 300 89
0 650 660.343 300 89
0 650 660.43 300 89
0 650 660.517 300 89
0 650 660.605 300 89
0 650 660.696 300 89
0 650 660.784 300 89
0 650 660.872 300 89
0 650 660.952 300 89
0 650 661.039 300 89
0 650 661.129 300 89
0 650 661.219 300 89
0 650 661.311 300 89
0 650 661.394 300 89
0 650 661.483 300 89
0 650 661.572 300 89
0 650 661.657 300 89
0 650 661.733 300 89
0 650 661.822 300 89
0 650 661.915 300 89
0 650 662.013 300 89
0 650 662.096 300 89
0 650 662.191 300 89
0 650 662.29 300 89
0 650 662.385 300 89
0 650 662.466 300 89
0 650 662.56 300 89
0 650 662.652 300 89
0 650 662.741 300 89
0 650 662.835 300 89
0 650 662.924 300 89
0 650 663.019 300 89
0 650 663.109 300 89
0 650 663.2 300 89
0 650 663.274 300 89
0 650 663.339 300 89
0 650 663.393 300 89
0 650 663.435 300 89
0 650 663.494 300 89
0 650 663.56 300 89
0 650 663.622 300 89
0 650 663.688 300 89
0 650 663.756 300 89
0 650 663.82 300 89
0 650 663.881 300 89
0 650 663.945 300 89
0 650 664.009 300 89
0 650 664.076 300 89
0 650 664.142 300 89
0 650 664.205 300 89
0 650 664.268 300 89
0 650 664.335 300 89
0 650 664.398 300 89
0 650 664.475 300 89
0 650 664.555 300 89
0 650 664.647 300 89
0 650 664.738 300 89
0 650 664.832 300 89
0 650 664.926 300 89
0 650 665.015 300 89
0 650 665.099 300 89
0 650 665.192 300 89
0 650 665.279 300 89
0 650 665.364 300 89
0 650 665.463 300 89
0 650 665.548 300 89
0 650 665.635 300 89
0 650 665.716 300 89
0 650 665.802 300 89
0 650 665.884 300 89
0 650 665.978 300 89
0 650 666.07 300 89
0 650 666.154 300 89
0 650 666.253 300 89
0 650 666.347 300 89
0 650 666.443 300 89
0 650 666.541 300 89
0 650 666.628 300 89
0 650 666.731 300 89
0 650 666.81 300 89
0 650 666.896 300 89
0 650 666.992 300 89
0 650 667.08 300 89
0 650 667.166 300 89
0 650 667.26 300 89
0 650 667.354 300 89
0 650 667.447 300 89
0 650 667.532 300 89
0 650 667.621 300 89
0 650 667.711 300 89
0 650 667.798 300 89
0 650 667.886 300 89
0 650 667.977 300 89
0 650 668.073 300 89
0 650 668.163 300 89
0 650 668.258 300 89
0 650 668.348 300 89
0 650 668.443 300 89
0 650 668.532 300 89
0 650 668.624 300 89
0 650 668.725 300 89
0 650 668.836 300 89
0 650 668.936 300 89
0 650 669.028 300 89
0 650 669.124 300 89
0 650 669.22 300 89
0 650 669.313 300 89
0 650 669.407 300 89
0 650 669.496 300 89
0 650 669.583 300 89
0 650 669.679 300 89
0 650 669.761 300 89
0 650 669.848 300 89
0 650 669.937 300 89
0 650 670.023 300 89
0 650 670.118 300 89
0 650 670.178 300 89
0 650 670.237 300 89
0 650 670.3 300 89
0 650 670.359 300 89
0 650 670.415 300 89
0 650 670.484 300 89
0 650 670.548 300 89
0 650 670.601 300 89
0 650 670.665 300 89
0 650 670.726 300 89
0 650 670.789 300 89
0 650 670.853 300 89
0 650 670.913 300 89
0 650 670.978 300 89
0 650 671.04 300 89
0 650 671.14 300 89
0 650 671.202 300 89
0 650 671.264 300 89
0 650 671.33 300 89
0 650 671.399 300 89
0 650 671.475 300 89
0 650 671.534 300 89
0 650 671.597 300 89
0 650 671.664 300 89
0 650 671.728 300 89
0 650 671.795 300 89
0 650 671.862 300 89
0 650 671.931 300 89
0 650 671.995 300 89
0 650 672.057 300 89
0 650 672.139 300 89
0 650 672.229 300 89
0 650 672.315 300 89
0 650 672.407 300 89
0 650 672.497 300 89
0 650 672.589 300 89
0 650 672.684 300 89
0 650 672.777 300 89
0 650 672.855 300 89
0 650 672.945 300 89
0 650 673.031 300 89
0 650 673.127 300 89
0 650 673.213 300 89
0 650 673.303 300 89
0 650 673.392 300 89
0 650 673.486 300 89
0 650 673.574 300 89
0 650 673.672 300 89
0 650 673.77 300 89
0 650 673.863 300 89
0 650 673.956 300 89
0 650 674.048 300 89
0 650 674.134 300 89
0 650 674.225 300 89
0 650 674.32 300 89
0 650 674.414 300 89
0 650 674.492 300 89
0 650 674.584 300 89
0 650 674.671 300 89
0 650 674.768 300 89
0 650 674.855 300 89
0 650 674.95 300 89
0 650 675.051 300 89
0 650 675.134 300 89
0 650 675.231 300 89
0 650 675.324 300 89
0 650 675.417 300 89
0 650 675.504 300 89
0 650 675.597 300 89
0 650 675.687 300 89
0 650 675.784 300 89
0 650 675.878 300 89
0 650 675.976 300 89
0 650 676.066 300 89
0 650 676.165 300 89
0 650 676.254 300 89
0 650 676.34 300 89
0 650 676.438 300 89
0 650 676.538 300 89
0 650 676.635 300 89
0 650 676.729 300 89
0 650 676.822 300 89
0 650 676.923 300 89
0 650 677.02 300 89
0 650 677.117 300 89
0 650 677.21 300 89
0 650 677.3 300 89
0 650 677.39 300 89
0 650 677.485 300 89
0 650 677.579 300 89
0 650 677.658 300 89
0 650 677.739 300 89
0 650 677.834 300 89
0 650 677.937 300 89
0 650 678.029 300 89
0 650 678.111 300 89
0 650 678.205 300 89
0 650 678.3 300 89
0 650 678.393 300 89
0 650 678.493 300 89
0 650 678.595 300 89
0 650 678.695 300 89
0 650 678.79 300 89
0 650 678.88 300 89
0 650 678.958 300 89
0 650 679.054 300 89
0 650 679.13 300 89
0 650 679.224 300 89
0 650 679.321 300 89
0 650 679.412 300 89
0 650 679.502 300 89
0 650 679.583 300 89
0 650 679.678 300 89
0 650 679.765 300 89
0 650 679.857 300 89
0 650 679.94 300 89
0 650 680.035 300 89
0 650 680.115 300 89
0 650 680.206 300 89
0 650 680.296 300 89
0 650 680.397 300 89
0 650 680.483 300 89
0 650 680.571 300 89
0 650 680.661 300 89
0 650 680.757 300 89
0 650 680.861 300 89
0 650 680.958 300 89
0 650 681.048 300 89
0 650 681.141 300 89
0 650 681.236 300 89
0 650 681.325 300 89
0 650 681.41 300 89
0 650 681.498 300 89
0 650 681.594 300 89
0 650 681.685 300 89
0 650 681.775 300 89
0 650 681.863 300 89
0 650 681.915 300 89
0 650 681.999 300 89
0 650 682.087 300 89
0 650 682.183 300 89
0 650 682.271 300 89
0 650 682.352 300 89
0 650 682.437 300 89
0 650 682.526 300 89
0 650 682.618 300 89
0 650 682.709 300 89
0 650 682.81 300 89
0 650 682.902 300 89
0 650 682.991 300 89
0 650 683.078 300 89
0 650 683.166 300 89
0 650 683.254 300 89
0 650 683.353 300 89
0 650 683.451 300 89
0 650 683.539 300 89
0 650 683.621 300 89
0 650 683.717 300 89
0 650 683.805 300 89
0 650 683.893 300 89
0 650 683.983 300 89
0 650 684.073 300 89
0 650 684.168 300 89
0 650 684.265 300 89
0 650 684.353 300 89
0 650 684.442 300 89
0 650 684.532 300 89
0 650 684.622 300 89
0 650 684.708 300 89
0 650 684.801 300 89
0 650 684.89 300 89
0 650 684.981 300 89
0 650 685.065 300 89
0 650 685.156 300 89
0 650 685.245 300 89
0 650 685.331 300 89
0 650 685.425 300 89
0 650 685.517 300 89
0 650 685.612 300 89
0 650 685.696 300 89
0 650 685.788 300 89
0 650 685.878 300 89
0 650 685.958 300 89
0 650 686.085 300 89
0 650 686.176 300 89
0 650 686.265 300 89
0 650 686.349 300 89
0 650 686.428 300 89
0 650 686.52 300 89
0 650 686.614 300 89
0 650 686.703 300 89
0 650 686.799 300 89
0 650 686.885 300 89
0 650 686.978 300 89
0 650 687.059 300 89
0 650 687.151 300 89
0 650 687.233 300 89
0 650 687.32 300 89
0 650 687.417 300 89
0 650 687.502 300 89
0 650 687.598 300 89
0 650 687.69 300 89
0 650 687.776 300 89
0 650 687.869 300 89
0 650 687.956 300 89
0 650 688.049 300 89
0 650 688.141 300 89
0 650 688.227 300 89
0 650 688.313 300 89
0 650 688.399 300 89
0 650 688.49 300 89
0 650 688.582 300 89
0 650 688.68 300 89
0 650 688.769 300 89
0 650 688.858 300 89
0 650 688.947 300 89
0 650 689.04 300 89
0 650 689.134 300 89
0 650 689.225 300 89
0 650 689.308 300 89
0 650 689.394 300 89
0 650 689.487 300 89
0 650 689.567 300 89
0 650 689.65 300 89
0 650 689.738 300 89
0 650 689.829 300 89
0 650 689.917 300 89
0 650 690.008 300 89
0 650 690.093 300 89
0 650 690.187 300 89
0 650 690.273 300 89
0 650 690.363 300 89
0 650 690.451 300 89
0 650 690.546 300 89
0 650 690.627 300 89
0 650 690.713 300 89
0 650 690.79 300 89
0 650 690.881 300 89
0 650 690.968 300 89
0 650 691.028 300 89
0 650 691.105 300 89
0 650 691.191 300 89
0 650 691.278 300 89
0 650 691.352 300 89
0 650 691.438 300 89
0 650 691.528 300 89
0 650 691.612 300 89
0 650 691.7 300 89
0 650 691.788 300 89
0 650 691.877 300 89
0 650 691.964 300 89
0 650 692.049 300 89
0 650 692.136 300 89
0 650 692.223 300 89
0 650 692.31 300 89
0 650 692.411 300 89
0 650 692.509 300 89
0 650 692.607 300 89
0 650 692.691 300 89
0 650 692.781 300 89
0 650 692.875 300 89
0 650 692.961 300 89
0 650 693.057 300 89
0 650 693.144 300 89
0 650 693.234 300 89
0 650 693.314 300 89
0 650 693.397 300 89
0 650 693.491 300 89
0 650 693.58 300 89
0 650 693.693 300 89
0 650 693.783 300 89
0 650 693.872 300 89
0 650 693.947 300 89
0 650 694.042 300 89
0 650 694.133 300 89
0 650 694.218 300 89
0 650 694.307 300 89
0 650 694.391 300 89
0 650 694.486 300 89
0 650 694.58 300 89
0 650 694.678 300 89
0 650 694.776 300 89
0 650 694.868 300 89
0 650 694.953 300 89
0 650 695.039 300 89
0 650 695.132 300 89
0 650 695.217 300 89
0 650 695.298 300 89
0 650 695.381 300 89
0 650 695.469 300 89
0 650 695.556 300 89
0 650 695.643 300 89
0 650 695.731 300 89
0 650 695.822 300 89
0 650 695.913 300 89
0 650 696.004 300 89
0 650 696.091 300 89
0 650 696.179 300 89
0 650 696.264 300 89
0 650 696.345 300 89
0 650 696.435 300 89
0 650 696.502 300 89
0 650 696.588 300 89
0 650 696.666 300 89
0 650 696.752 300 89
0 650 696.841 300 89
0 650 696.919 300 89
0 650 697.002 300 89
0 650 697.084 300 89
0 650 697.166 300 89
0 650 697.249 300 89
0 650 697.376 300 89
0 650 697.465 300 89
0 650 697.551 300 89
0 650 697.65 300 89
0 650 697.772 300 89
0 650 697.875 300 89
0 650 697.971 300 89
0 650 698.056 300 89
0 650 698.137 300 89
0 650 698.217 300 89
0 650 698.299 300 89
0 650 698.39 300 89
0 650 698.489 300 89
0 650 698.584 300 89
0 650 698.67 300 89
0 650 698.762 300 89
0 650 698.851 300 89
0 650 698.941 300 89
0 650 699.022 300 89
0 650 699.114 300 89
0 650 699.191 300 89
0 650 699.284 300 89
0 650 699.377 300 89
0 650 699.461 300 89
0 650 699.551 300 89
0 650 699.641 300 89
0 650 699.73 300 89
0 650 699.838 300 89
0 650 699.928 300 89
0 650 700.027 300 89
0 650 700.109 300 89
0 650 700.195 300 89
0 650 700.282 300 89
0 650 700.36 300 89
0 650 700.446 300 89
0 650 700.534 300 89
0 650 700.62 300 89
0 650 700.7 300 89
0 650 700.786 300 89
0 650 700.869 300 89
0 650 700.956 300 89
0 650 701.04 300 89
0 650 701.129 300 89
0 650 701.22 300 89
0 650 701.303 300 89
0 650 701.392 300 89
0 650 701.482 300 89
0 650 701.57 300 89
0 650 701.671 300 89
0 650 701.769 300 89
0 650 701.865 300 89
0 650 701.945 300 89
0 650 702.025 300 89
0 650 702.108 300 89
0 650 702.19 300 89
0 650 702.276 300 89
0 650 702.351 300 89
0 650 702.437 300 89
0 650 702.527 300 89
0 650 702.6 300 89
0 650 702.681 300 89
0 650 702.77 300 89
0 650 702.856 300 89
0 650 702.936 300 89
0 650 703.015 300 89
0 650 703.099 300 89
0 650 703.185 300 89
0 650 703.277 300 89
0 650 703.358 300 89
0 650 703.442 300 89
0 650 703.529 300 89
0 650 703.633 300 89
0 650 703.74 300 89
0 650 703.823 300 89
0 650 703.913 300 89
0 650 704.005 300 89
0 650 704.093 300 89
0 650 704.175 300 89
0 650 704.266 300 89
0 650 704.338 300 89
0 650 704.426 300 89
0 650 704.516 300 89
0 650 704.598 300 89
0 650 704.677 300 89
0 650 704.762 300 89
0 650 704.844 300 89
0 650 704.921 300 89
0 650 705.004 300 89
0 650 705.091 300 89
0 650 705.181 300 89
0 650 705.267 300 89
0 650 705.353 300 89
0 650 705.463 300 89
0 650 705.557 300 89
0 650 705.713 300 89
0 650 705.864 300 89
0 650 705.969 300 89
0 650 706.059 300 89
0 650 706.15 300 89
0 650 706.24 300 89
0 650 706.329 300 89
0 650 706.415 300 89
0 650 706.499 300 89
0 650 706.584 300 89
0 650 706.668 300 89
0 650 706.757 300 89
0 650 706.848 300 89
0 650 706.929 300 89
0 650 707.012 300 89
0 650 707.099 300 89
0 650 707.182 300 89
0 650 707.271 300 89
0 650 707.359 300 89
0 650 707.444 300 89
0 650 707.531 300 89
0 650 707.624 300 89
0 650 707.71 300 89
0 650 707.802 300 89
0 650 707.904 300 89
0 650 708 300 89
0 650 708.086 300 89
0 650 708.174 300 89
0 650 708.262 300 89
0 650 708.35 300 89
0 650 708.437 300 89
0 650 708.512 300 89
0 650 708.614 300 89
0 650 708.728 300 89
0 650 708.819 300 89
0 650 708.895 300 89
0 650 708.997 300 89
0 650 709.097 300 89
0 650 709.2 300 89
0 650 709.298 300 89
0 650 709.379 300 89
0 650 709.471 300 89
0 650 709.563 300 89
0 650 709.648 300 89
0 650 709.734 300 89
0 650 709.831 300 89
0 650 709.908 300 89
0 650 709.991 300 89
0 650 710.082 300 89
0 650 710.174 300 89
0 650 710.237 300 89
0 650 710.325 300 89
0 650 710.411 300 89
0 650 710.502 300 89
0 650 710.587 300 89
0 650 710.673 300 89
0 650 710.762 300 89
0 650 710.839 300 89
0 650 710.93 300 89
0 650 711.011 300 89
0 650 711.096 300 89
0 650 711.179 300 89
0 650 711.255 300 89
0 650 711.334 300 89
0 650 711.417 300 89
0 650 711.497 300 89
0 650 711.569 300 89
0 650 711.658 300 89
0 650 711.747 300 89
0 650 711.88 300 89
0 650 711.977 300 89
0 650 712.075 300 89
0 650 712.18 300 89
0 650 712.284 300 89
0 650 712.385 300 89
0 650 712.476 300 89
0 650 712.573 300 89
0 650 712.676 300 89
0 650 712.771 300 89
0 650 712.855 300 89
0 650 712.982 300 89
0 650 713.086 300 89
0 650 713.173 300 89
0 650 713.272 300 89
0 650 713.368 300 89
0 650 713.47 300 89
0 650 713.562 300 89
0 650 713.654 300 89
0 650 713.738 300 89
0 650 713.826 300 89
0 650 713.918 300 89
0 650 713.998 300 89
0 650 714.055 300 89
0 650 714.145 300 89
0 650 714.231 300 89
0 650 714.315 300 89
0 650 714.404 300 89
0 650 714.484 300 89
0 650 714.579 300 89
0 650 714.664 300 89
0 650 714.75 300 89
0 650 714.84 300 89
0 650 714.93 300 89
0 650 715.018 300 89
0 650 715.111 300 89
0 650 715.19 300 89
0 650 715.297 300 89
0 650 715.407 300 89
0 650 715.499 300 89
0 650 715.582 300 89
0 650 715.671 300 89
0 650 715.756 300 89
0 650 715.842 300 89
0 650 715.926 300 89
0 650 716.012 300 89
0 650 716.11 300 89
0 650 716.204 300 89
0 650 716.293 300 89
0 650 716.385 300 89
0 650 716.475 300 89
0 650 716.569 300 89
0 650 716.653 300 89
0 650 716.742 300 89
0 650 716.835 300 89
0 650 716.918 300 89
0 650 717.005 300 89
0 650 717.086 300 89
0 650 717.15 300 89
0 650 717.216 300 89
0 650 717.277 300 89
0 650 717.332 300 89
0 650 717.39 300 89
0 650 717.454 300 89
0 650 717.519 300 89
0 650 717.58 300 89
0 650 717.642 300 89
0 650 717.703 300 89
0 650 717.761 300 89
0 650 717.82 300 89
0 650 717.86 300 89
0 650 717.924 300 89
0 650 717.983 300 89
0 650 718.042 300 89
0 650 718.105 300 89
0 650 718.169 300 89
0 650 718.237 300 89
0 650 718.276 300 89
0 650 718.341 300 89
0 650 718.404 300 89
0 650 718.468 300 89
0 650 718.54 300 89
0 650 718.622 300 89
0 650 718.724 300 89
0 650 718.816 300 89
0 650 718.895 300 89
0 650 718.988 300 89
0 650 719.076 300 89
0 650 719.164 300 89
0 650 719.261 300 89
0 650 719.351 300 89
0 650 719.436 300 89
0 650 719.523 300 89
0 650 719.606 300 89
0 650 719.695 300 89
0 650 719.787 300 89
0 650 719.876 300 89
0 650 719.971 300 89
0 650 720.069 300 89
0 650 720.156 300 89
0 650 720.247 300 89
0 650 720.339 300 89
0 650 720.428 300 89
0 650 720.526 300 89
0 650 720.613 300 89
0 650 720.7 300 89
0 650 720.757 300 89
0 650 720.849 300 89
0 650 720.939 300 89
0 650 721.021 300 89
0 650 721.116 300 89
0 650 721.203 300 89
0 650 721.295 300 89
0 650 721.393 300 89
0 650 721.478 300 89
0 650 721.57 300 89
0 650 721.66 300 89
0 650 721.737 300 89
0 650 721.823 300 89
0 650 721.914 300 89
0 650 721.999 300 89
0 650 722.085 300 89
0 650 722.173 300 89
0 650 722.265 300 89
0 650 722.36 300 89
0 650 722.444 300 89
0 650 722.541 300 89
0 650 722.637 300 89
0 650 722.724 300 89
0 650 722.809 300 89
0 650 722.906 300 89
0 650 722.993 300 89
0 650 723.085 300 89
0 650 723.166 300 89
0 650 723.254 300 89
0 650 723.344 300 89
0 650 723.435 300 89
0 650 723.518 300 89
0 650 723.609 300 89
0 650 723.702 300 89
0 650 723.794 300 89
0 650 723.88 300 89
0 650 723.988 300 89
0 650 724.076 300 89
0 650 724.153 300 89
0 650 724.244 300 89
0 650 724.334 300 89
0 650 724.425 300 89
0 650 724.513 300 89
0 650 724.611 300 89
0 650 724.703 300 89
0 650 724.798 300 89
0 650 724.892 300 89
0 650 724.984 300 89
0 650 725.079 300 89
0 650 725.18 300 89
0 650 725.272 300 89
0 650 725.362 300 89
0 650 725.461 300 89
0 650 725.547 300 89
0 650 725.632 300 89
0 650 725.721 300 89
0 650 725.795 300 89
0 650 725.883 300 89
0 650 725.966 300 89
0 650 726.059 300 89
0 650 726.151 300 89
0 650 726.231 300 89
0 650 726.316 300 89
0 650 726.411 300 89
0 650 726.506 300 89
0 650 726.601 300 89
0 650 726.692 300 89
0 650 726.774 300 89
0 650 726.87 300 89
0 650 726.958 300 89
0 650 727.052 300 89
0 650 727.134 300 89
0 650 727.219 300 89
0 650 727.311 300 89
0 650 727.405 300 89
0 650 727.489 300 89
0 650 727.576 300 89
0 650 727.666 300 89
0 650 727.756 300 89
0 650 727.845 300 89
0 650 727.932 300 89
0 650 728.016 300 89
0 650 728.108 300 89
0 650 728.186 300 89
0 650 728.277 300 89
0 650 728.374 300 89
0 650 728.463 300 89
0 650 728.559 300 89
0 650 728.651 300 89
0 650 728.743 300 89
0 650 728.836 300 89
0 650 728.924 300 89
0 650 729.019 300 89
0 650 729.116 300 89
0 650 729.21 300 89
0 650 729.3 300 89
0 650 729.393 300 89
0 650 729.483 300 89
0 650 729.567 300 89
0 650 729.652 300 89
0 650 729.74 300 89
0 650 729.837 300 89
0 650 729.92 300 89
0 650 730.011 300 89
0 650 730.094 300 89
0 650 730.175 300 89
0 650 730.261 300 89
0 650 730.35 300 89
0 650 730.43 300 89
0 650 730.581 300 89
0 650 730.661 300 89
0 650 730.738 300 89
0 650 730.828 300 89
0 650 730.919 300 89
0 650 731.003 300 89
0 650 731.1 300 89
0 650 731.183 300 89
0 650 731.276 300 89
0 650 731.368 300 89
0 650 731.456 300 89
0 650 731.542 300 89
0 650 731.636 300 89
0 650 731.739 300 89
0 650 731.826 300 89
0 650 731.918 300 89
0 650 732.003 300 89
0 650 732.096 300 89
0 650 732.188 300 89
0 650 732.278 300 89
0 650 732.372 300 89
0 650 732.466 300 89
0 650 732.557 300 89
0 650 732.652 300 89
0 650 732.743 300 89
0 650 732.839 300 89
0 650 732.925 300 89
0 650 733.015 300 89
0 650 733.103 300 89
0 650 733.193 300 89
0 650 733.279 300 89
0 650 733.377 300 89
0 650 733.461 300 89
0 650 733.555 300 89
0 650 733.619 300 89
0 650 733.714 300 89
0 650 733.81 300 89
0 650 733.896 300 89
0 650 733.988 300 89
0 650 734.086 300 89
0 650 734.171 300 89
0 650 734.266 300 89
0 650 734.363 300 89
0 650 734.458 300 89
0 650 734.546 300 89
0 650 734.638 300 89
0 650 734.726 300 89
0 650 734.819 300 89
0 650 734.914 300 89
0 650 735.005 300 89
0 650 735.095 300 89
0 650 735.183 300 89
0 650 735.276 300 89
0 650 735.394 300 89
0 650 735.479 300 89
0 650 735.577 300 89
0 650 735.675 300 89
0 650 735.765 300 89
0 650 735.846 300 89
0 650 735.931 300 89
0 650 736.028 300 89
0 650 736.127 300 89
0 650 736.226 300 89
0 650 736.32 300 89
0 650 736.419 300 89
0 650 736.515 300 89
0 650 736.614 300 89
0 650 736.709 300 89
0 650 736.809 300 89
0 650 736.907 300 89
0 650 736.996 300 89
0 650 737.091 300 89
0 650 737.18 300 89
0 650 737.266 300 89
0 650 737.353 300 89
0 650 737.442 300 89
0 650 737.534 300 89
0 650 737.63 300 89
0 650 737.721 300 89
0 650 737.817 300 89
0 650 737.911 300 89
0 650 738.022 300 89
0 650 738.117 300 89
0 650 738.211 300 89
0 650 738.307 300 89
0 650 738.398 300 89
0 650 738.481 300 89
0 650 738.577 300 89
0 650 738.678 300 89
0 650 738.77 300 89
0 650 738.873 300 89
0 650 738.966 300 89
0 650 739.062 300 89
0 650 739.157 300 89
0 650 739.256 300 89
0 650 739.343 300 89
0 650 739.437 300 89
0 650 739.536 300 89
0 650 739.635 300 89
0 650 739.729 300 89
0 650 739.818 300 89
0 650 739.912 300 89
0 650 739.998 300 89
0 650 740.088 300 89
0 650 740.177 300 89
0 650 740.267 300 89
0 650 740.359 300 89
0 650 740.443 300 89
0 650 740.527 300 89
0 650 740.629 300 89
0 650 740.727 300 89
0 650 740.823 300 89
0 650 740.911 300 89
0 650 740.997 300 89
0 650 741.095 300 89
0 650 741.19 300 89
0 650 741.284 300 89
0 650 741.371 300 89
0 650 741.471 300 89
0 650 741.555 300 89
0 650 741.649 300 89
0 650 741.744 300 89
0 650 741.836 300 89
0 650 741.926 300 89
0 650 742.011 300 89
0 650 742.102 300 89
0 650 742.194 300 89
0 650 742.281 300 89
0 650 742.367 300 89
0 650 742.456 300 89
0 650 742.541 300 89
0 650 742.639 300 89
0 650 742.723 300 89
0 650 742.817 300 89
0 650 742.904 300 89
0 650 742.998 300 89
0 650 743.085 300 89
0 650 743.176 300 89
0 650 743.262 300 89
0 650 743.355 300 89
0 650 743.44 300 89
0 650 743.536 300 89
0 650 743.621 300 89
0 650 743.716 300 89
0 650 743.804 300 89
0 650 743.887 300 89
0 650 743.969 300 89
0 650 744.097 300 89
0 650 744.202 300 89
0 650 744.292 300 89
0 650 744.389 300 89
0 650 744.475 300 89
0 650 744.558 300 89
0 650 744.645 300 89
0 650 744.737 300 89
0 650 744.824 300 89
0 650 744.904 300 89
0 650 744.99 300 89
0 650 745.076 300 89
0 650 745.169 300 89
0 650 745.264 300 89
0 650 745.355 300 89
0 650 745.431 300 89
0 650 745.526 300 89
0 650 745.609 300 89
0 650 745.699 300 89
0 650 745.792 300 89
0 650 745.875 300 89
0 650 745.963 300 89
0 650 746.046 300 89
0 650 746.129 300 89
0 650 746.221 300 89
0 650 746.307 300 89
0 650 746.386 300 89
0 650 746.474 300 89
0 650 746.561 300 89
0 650 746.645 300 89
0 650 746.732 300 89
0 650 746.822 300 89
0 650 746.916 300 89
0 650 747.01 300 89
0 650 747.097 300 89
0 650 747.183 300 89
0 650 747.278 300 89
0 650 747.366 300 89
0 650 747.458 300 89
0 650 747.534 300 89
0 650 747.619 300 89
0 650 747.706 300 89
0 650 747.792 300 89
0 650 747.873 300 89
0 650 747.946 300 89
0 650 748.032 300 89
0 650 748.122 300 89
0 650 748.208 300 89
0 650 748.295 300 89
0 650 748.378 300 89
0 650 748.469 300 89
0 650 748.56 300 89
0 650 748.648 300 89
0 650 748.738 300 89
0 650 748.824 300 89
0 650 748.915 300 89
0 650 749.003 300 89
0 650 749.095 300 89
0 650 749.18 300 89
0 650 749.266 300 89
0 650 749.354 300 89
0 650 749.441 300 89
0 650 749.529 300 89
0 650 749.619 300 89
0 650 749.698 300 89
0 650 749.777 300 89
0 650 749.861 300 89
0 650 749.949 300 89
0 650 750.029 300 89
0 650 750.111 300 89
0 650 750.201 300 89
0 650 750.284 300 89
0 650 750.375 300 89
0 650 750.462 300 89
0 650 750.558 300 89
0 650 750.657 300 89
0 650 750.751 300 89
0 650 750.843 300 89
0 650 750.927 300 89
0 650 751.031 300 89
0 650 751.136 300 89
0 650 751.229 300 89
0 650 751.319 300 89
0 650 751.416 300 89
0 650 751.524 300 89
0 650 751.622 300 89
0 650 751.696 300 89
0 650 751.777 300 89
0 650 751.855 300 89
0 650 751.937 300 89
0 650 752.017 300 89
0 650 752.103 300 89
0 650 752.176 300 89
0 650 752.28 300 89
0 650 752.368 300 89
0 650 752.447 300 89
0 650 752.542 300 89
0 650 752.623 300 89
0 650 752.71 300 89
0 650 752.802 300 89
0 650 752.893 300 89
0 650 752.986 300 89
0 650 753.07 300 89
0 650 753.157 300 89
0 650 753.245 300 89
0 650 753.335 300 89
0 650 753.425 300 89
0 650 753.539 300 89
0 650 753.637 300 89
0 650 753.725 300 89
0 650 753.821 300 89
0 650 753.92 300 89
0 650 754.035 300 89
0 650 754.143 300 89
0 650 754.229 300 89
0 650 754.312 300 89
0 650 754.4 300 89
0 650 754.483 300 89
0 650 754.571 300 89
0 650 754.664 300 89
0 650 754.747 300 89
0 650 754.832 300 89
0 650 754.95 300 89
0 650 755.036 300 89
0 650 755.124 300 89
0 650 755.204 300 89
0 650 755.296 300 89
0 650 755.381 300 89
0 650 755.469 300 89
0 650 755.559 300 89
0 650 755.646 300 89
0 650 755.733 300 89
0 650 755.826 300 89
0 650 755.915 300 89
0 650 756.006 300 89
0 650 756.102 300 89
0 650 756.219 300 89
0 650 756.329 300 89
0 650 756.423 300 89
0 650 756.517 300 89
0 650 756.603 300 89
0 650 756.692 300 89
0 650 756.777 300 89
0 650 756.861 300 89
0 650 756.952 300 89
0 650 757.039 300 89
0 650 757.13 300 89
0 650 757.219 300 89
0 650 757.364 300 89
0 650 757.45 300 89
0 650 757.528 300 89
0 650 757.614 300 89
0 650 757.702 300 89
0 650 757.792 300 89
0 650 757.876 300 89
0 650 757.959 300 89
0 650 758.039 300 89
0 650 758.124 300 89
0 650 758.221 300 89
0 650 758.317 300 89
0 650 758.426 300 89
0 650 758.509 300 89
0 650 758.589 300 89
0 650 758.677 300 89
0 650 758.78 300 89
0 650 758.876 300 89
0 650 759.017 300 89
0 650 759.096 300 89
0 650 759.179 300 89
0 650 759.263 300 89
0 650 759.347 300 89
0 650 759.43 300 89
0 650 759.513 300 89
0 650 759.649 300 89
0 650 759.72 300 89
0 650 759.817 300 89
0 650 759.906 300 89
0 650 759.992 300 89
0 650 760.081 300 89
0 650 760.17 300 89
0 650 760.249 300 89
0 650 760.338 300 89
0 650 760.416 300 89
0 650 760.501 300 89
0 650 760.595 300 89
0 650 760.69 300 89
0 650 760.785 300 89
0 650 760.9 300 89
0 650 761 300 89
0 650 761.078 300 89
0 650 761.167 300 89
0 650 761.252 300 89
0 650 761.331 300 89
0 650 761.417 300 89
0 650 761.508 300 89
0 650 761.597 300 89
0 650 761.68 300 89
0 650 761.766 300 89
0 650 761.859 300 89
0 650 761.966 300 89
0 650 762.051 300 89
0 650 762.137 300 89
0 650 762.224 300 89
0 650 762.302 300 89
0 650 762.394 300 89
0 650 762.474 300 89
0 650 762.56 300 89
0 650 762.647 300 89
0 650 762.74 300 89
0 650 762.833 300 89
0 650 762.927 300 89
0 650 763.038 300 89
0 650 763.143 300 89
0 650 763.228 300 89
0 650 763.313 300 89
0 650 763.392 300 89
0 650 763.476 300 89
0 650 763.552 300 89
0 650 763.638 300 89
0 650 763.725 300 89
0 650 763.817 300 89
0 650 763.899 300 89
0 650 763.981 300 89
0 650 764.058 300 89
0 650 764.145 300 89
0 650 764.234 300 89
0 650 764.32 300 89
0 650 764.392 300 89
0 650 764.473 300 89
0 650 764.563 300 89
0 650 764.658 300 89
0 650 764.744 300 89
0 650 764.829 300 89
0 650 764.924 300 89
0 650 764.995 300 89
0 650 765.104 300 89
0 650 765.216 300 89
0 650 765.307 300 89
0 650 765.395 300 89
0 650 765.477 300 89
0 650 765.565 300 89
0 650 765.65 300 89
0 650 765.732 300 89
0 650 765.821 300 89
0 650 765.916 300 89
0 650 765.998 300 89
0 650 766.098 300 89
0 650 766.195 300 89
0 650 766.278 300 89
0 650 766.363 300 89
0 650 766.451 300 89
0 650 766.538 300 89
0 650 766.619 300 89
0 650 766.704 300 89
0 650 766.788 300 89
0 650 766.875 300 89
0 650 766.951 300 89
0 650 767.042 300 89
0 650 767.134 300 89
0 650 767.233 300 89
0 650 767.352 300 89
0 650 767.454 300 89
0 650 767.535 300 89
0 650 767.62 300 89
0 650 767.698 300 89
0 650 767.786 300 89
0 650 767.867 300 89
0 650 767.949 300 89
0 650 768.035 300 89
0 650 768.128 300 89
0 650 768.212 300 89
0 650 768.295 300 89
0 650 768.38 300 89
0 650 768.466 300 89
0 650 768.557 300 89
0 650 768.64 300 89
0 650 768.727 300 89
0 650 768.818 300 89
0 650 768.903 300 89
0 650 768.989 300 89
0 650 769.072 300 89
0 650 769.167 300 89
0 650 769.257 300 89
0 650 769.35 300 89
0 650 769.45 300 89
0 650 769.547 300 89
0 650 769.625 300 89
0 650 769.7 300 89
0 650 769.784 300 89
0 650 769.869 300 89
0 650 769.961 300 89
0 650 770.042 300 89
0 650 770.125 300 89
0 650 770.22 300 89
0 650 770.302 300 89
0 650 770.385 300 89
0 650 770.478 300 89
0 650 770.563 300 89
0 650 770.65 300 89
0 650 770.74 300 89
0 650 770.828 300 89
0 650 770.906 300 89
0 650 770.99 300 89
0 650 771.073 300 89
0 650 771.163 300 89
0 650 771.254 300 89
0 650 771.347 300 89
0 650 771.442 300 89
0 650 771.548 300 89
0 650 771.641 300 89
0 650 771.729 300 89
0 650 771.832 300 89
0 650 771.937 300 89
0 650 772.03 300 89
0 650 772.115 300 89
0 650 772.195 300 89
0 650 772.278 300 89
0 650 772.364 300 89
0 650 772.448 300 89
0 650 772.53 300 89
0 650 772.621 300 89
0 650 772.723 300 89
0 650 772.81 300 89
0 650 772.899 300 89
0 650 773.005 300 89
0 650 773.078 300 89
0 650 773.168 300 89
0 650 773.258 300 89
0 650 773.346 300 89
0 650 773.446 300 89
0 650 773.537 300 89
0 650 773.628 300 89
0 650 773.721 300 89
0 650 773.813 300 89
0 650 773.928 300 89
0 650 774.036 300 89
0 650 774.129 300 89
0 650 774.216 300 89
0 650 774.307 300 89
0 650 774.391 300 89
0 650 774.478 300 89
0 650 774.563 300 89
0 650 774.652 300 89
0 650 774.746 300 89
0 650 774.839 300 89
0 650 774.928 300 89
0 650 775.025 300 89
0 650 775.118 300 89
0 650 775.205 300 89
0 650 775.289 300 89
0 650 775.374 300 89
0 650 775.468 300 89
0 650 775.557 300 89
0 650 775.645 300 89
0 650 775.739 300 89
0 650 775.825 300 89
0 650 775.921 300 89
0 650 776.025 300 89
0 650 776.137 300 89
0 650 776.244 300 89
0 650 776.327 300 89
0 650 776.418 300 89
0 650 776.515 300 89
0 650 776.623 300 89
0 650 776.711 300 89
0 650 776.799 300 89
0 650 776.89 300 89
0 650 776.987 300 89
0 650 777.141 300 89
0 650 777.233 300 89
0 650 777.323 300 89
0 650 777.409 300 89
0 650 777.497 300 89
0 650 777.593 300 89
0 650 777.673 300 89
0 650 777.761 300 89
0 650 777.845 300 89
0 650 777.935 300 89
0 650 778.027 300 89
0 650 778.109 300 89
0 650 778.209 300 89
0 650 778.299 300 89
0 650 778.389 300 89
0 650 778.476 300 89
0 650 778.561 300 89
0 650 778.654 300 89
0 650 778.738 300 89
0 650 778.83 300 89
0 650 778.917 300 89
0 650 779.005 300 89
0 650 779.099 300 89
0 650 779.195 300 89
0 650 779.294 300 89
0 650 779.386 300 89
0 650 779.473 300 89
0 650 779.579 300 89
0 650 779.688 300 89
0 650 779.771 300 89
0 650 779.862 300 89
0 650 779.952 300 89
0 650 780.039 300 89
0 650 780.126 300 89
0 650 780.208 300 89
0 650 780.294 300 89
0 650 780.391 300 89
0 650 780.488 300 89
0 650 780.571 300 89
0 650 780.658 300 89
0 650 780.744 300 89
0 650 780.835 300 89
0 650 780.929 300 89
0 650 781.016 300 89
0 650 781.104 300 89
0 650 781.199 300 89
0 650 781.292 300 89
0 650 781.383 300 89
0 650 781.473 300 89
0 650 781.586 300 89
0 650 781.689 300 89
0 650 781.788 300 89
0 650 781.871 300 89
0 650 781.985 300 89
0 650 782.077 300 89
0 650 782.168 300 89
0 650 782.251 300 89
0 650 782.335 300 89
0 650 782.422 300 89
0 650 782.502 300 89
0 650 782.591 300 89
0 650 782.693 300 89
0 650 782.779 300 89
0 650 782.865 300 89
0 650 782.954 300 89
0 650 783.044 300 89
0 650 783.133 300 89
0 650 783.259 300 89
0 650 783.377 300 89
0 650 783.475 300 89
0 650 783.569 300 89
0 650 783.652 300 89
0 650 783.751 300 89
0 650 783.861 300 89
0 650 783.967 300 89
0 650 784.071 300 89
0 650 784.154 300 89
0 650 784.219 300 89
0 650 784.282 300 89
0 650 784.346 300 89
0 650 784.408 300 89
0 650 784.47 300 89
0 650 784.537 300 89
0 650 784.597 300 89
0 650 784.66 300 89
0 650 784.719 300 89
0 650 784.783 300 89
0 650 784.847 300 89
0 650 784.909 300 89
0 650 784.972 300 89
0 650 785.034 300 89
0 650 785.093 300 89
0 650 785.157 300 89
0 650 785.22 300 89
0 650 785.286 300 89
0 650 785.351 300 89
0 650 785.415 300 89
0 650 785.477 300 89
0 650 785.54 300 89
0 650 785.599 300 89
0 650 785.664 300 89
0 650 785.723 300 89
0 650 785.788 300 89
0 650 785.853 300 89
0 650 785.916 300 89
0 650 785.977 300 89
0 650 786.04 300 89
0 650 786.105 300 89
0 650 786.167 300 89
0 650 786.231 300 89
0 650 786.294 300 89
0 650 786.354 300 89
0 650 786.416 300 89
0 650 786.474 300 89
0 650 786.536 300 89
0 650 786.599 300 89
0 650 786.66 300 89
0 650 786.724 300 89
0 650 786.789 300 89
0 650 786.849 300 89
0 650 786.916 300 89
0 650 787.007 300 89
0 650 787.095 300 89
0 650 787.186 300 89
0 650 787.284 300 89
0 650 787.382 300 89
0 650 787.466 300 89
0 650 787.561 300 89
0 650 787.667 300 89
0 650 787.754 300 89
0 650 787.849 300 89
0 650 787.936 300 89
0 650 788.021 300 89
0 650 788.108 300 89
0 650 788.196 300 89
0 650 788.288 300 89
0 650 788.427 300 89
0 650 788.514 300 89
0 650 788.597 300 89
0 650 788.685 300 89
0 650 788.764 300 89
0 650 788.852 300 89
0 650 788.942 300 89
0 650 789.033 300 89
0 650 789.123 300 89
0 650 789.2 300 89
0 650 789.287 300 89
0 650 789.376 300 89
0 650 789.465 300 89
0 650 789.558 300 89
0 650 789.638 300 89
0 650 789.728 300 89
0 650 789.81 300 89
0 650 789.895 300 89
0 650 789.986 300 89
0 650 790.076 300 89
0 650 790.171 300 89
0 650 790.259 300 89
0 650 790.347 300 89
0 650 790.435 300 89
0 650 790.521 300 89
0 650 790.608 300 89
0 650 790.698 300 89
0 650 790.79 300 89
0 650 790.874 300 89
0 650 790.962 300 89
0 650 791.048 300 89
0 650 791.139 300 89
0 650 791.231 300 89
0 650 791.324 300 89
0 650 791.407 300 89
0 650 791.499 300 89
0 650 791.588 300 89
0 650 791.682 300 89
0 650 791.771 300 89
0 650 791.853 300 89
0 650 791.942 300 89
0 650 792.033 300 89
0 650 792.118 300 89
0 650 792.208 300 89
0 650 792.299 300 89
0 650 792.405 300 89
0 650 792.492 300 89
0 650 792.58 300 89
0 650 792.666 300 89
0 650 792.754 300 89
0 650 792.845 300 89
0 650 792.93 300 89
0 650 793.012 300 89
0 650 793.102 300 89
0 650 793.191 300 89
0 650 793.269 300 89
0 650 793.361 300 89
0 650 793.419 300 89
0 650 793.514 300 89
0 650 793.609 300 89
0 650 793.704 300 89
0 650 793.799 300 89
0 650 793.881 300 89
0 650 793.971 300 89
0 650 794.061 300 89
0 650 794.148 300 89
0 650 794.236 300 89
0 650 794.316 300 89
0 650 794.408 300 89
0 650 794.496 300 89
0 650 794.581 300 89
0 650 794.654 300 89
0 650 794.745 300 89
0 650 794.838 300 89
0 650 794.934 300 89
0 650 795.031 300 89
0 650 795.12 300 89
0 650 795.203 300 89
0 650 795.296 300 89
0 650 795.384 300 89
0 650 795.47 300 89
0 650 795.556 300 89
0 650 795.641 300 89
0 650 795.73 300 89
0 650 795.81 300 89
0 650 795.897 300 89
0 650 795.989 300 89
0 650 796.067 300 89
0 650 796.152 300 89
0 650 796.236 300 89
0 650 796.321 300 89
0 650 796.407 300 89
0 650 796.481 300 89
0 650 796.574 300 89
0 650 796.668 300 89
0 650 796.759 300 89
0 650 796.852 300 89
0 650 796.938 300 89
0 650 797.035 300 89
0 650 797.125 300 89
0 650 797.224 300 89
0 650 797.327 300 89
0 650 797.427 300 89
0 650 797.51 300 89
0 650 797.597 300 89
0 650 797.679 300 89
0 650 797.763 300 89
0 650 797.849 300 89
0 650 797.936 300 89
0 650 798.021 300 89
0 650 798.114 300 89
0 650 798.199 300 89
0 650 798.289 300 89
0 650 798.406 300 89
0 650 798.495 300 89
0 650 798.581 300 89
0 650 798.675 300 89
0 650 798.765 300 89
0 650 798.852 300 89
0 650 798.94 300 89
0 650 799.029 300 89
0 650 799.114 300 89
0 650 799.211 300 89
0 650 799.298 300 89
0 650 799.387 300 89
0 650 799.479 300 89
0 650 799.573 300 89
0 650 799.66 300 89
0 650 799.718 300 89
0 650 799.809 300 89
0 650 799.889 300 89
0 650 799.973 300 89
