0 762 0.015216 300 0
0 666.8 0.018407 0
0 666.8 0.073378 300 88
0 666.8 0.125839 300 89
0 666.8 0.176262 300 89
0 666.8 0.228934 300 89
0 661.2 0.232746 89
0 655.6 0.236308 89
0 655.6 0.285158 300 89
0 655.6 0.343806 300 89
0 655.6 0.39291 300 89
0 655.6 0.452426 300 89
0 655.6 0.499007 300 89
0 655.6 0.548327 300 89
0 655.6 0.595184 300 89
0 655.6 0.647643 300 89
0 655.6 0.699526 300 89
0 655.6 0.755061 300 89
0 655.6 0.812377 300 89
0 655.6 0.86878 300 89
0 655.6 0.922483 300 89
0 655.6 0.980464 300 89
0 655.6 1.02828 300 89
0 655.6 1.08193 300 89
0 655.6 1.13501 300 89
0 655.6 1.1925 300 89
0 655.6 1.24527 300 89
0 655.6 1.30035 300 89
0 655.6 1.35089 300 89
0 655.6 1.40098 300 89
0 655.6 1.45726 300 89
0 655.6 1.51151 300 89
0 655.6 1.57115 300 89
0 655.6 1.62191 300 89
0 655.6 1.67674 300 89
0 655.6 1.72829 300 89
0 655.6 1.78764 300 89
0 655.6 1.84636 300 89
0 655.6 1.8994 300 89
0 655.6 1.95182 300 89
0 655.6 2.00813 300 89
0 655.6 2.06143 300 89
0 655.6 2.11369 300 89
0 655.6 2.17491 300 89
0 655.6 2.2286 300 89
0 655.6 2.28356 300 89
0 655.6 2.33936 300 89
0 655.6 2.40008 300 89
0 655.6 2.45849 300 89
0 655.6 2.51789 300 89
0 655.6 2.58271 300 89
0 655.6 2.64284 300 89
0 655.6 2.70789 300 89
0 655.6 2.76262 300 89
0 655.6 2.82308 300 89
0 655.6 2.88268 300 89
0 655.6 2.94251 300 89
0 655.6 2.99849 300 89
0 655.6 3.05746 300 89
0 655.6 3.11827 300 89
0 655.6 3.17911 300 89
0 655.6 3.23121 300 89
0 655.6 3.29119 300 89
0 655.6 3.34412 300 89
0 655.6 3.39474 300 89
0 655.6 3.45808 300 89
0 655.6 3.51951 300 89
0 655.6 3.58238 300 89
0 655.6 3.63811 300 89
0 655.6 3.69612 300 89
0 655.6 3.75305 300 89
0 655.6 3.81037 300 89
0 655.6 3.8661 300 89
0 655.6 3.90719 300 89
0 655.6 3.97005 300 89
0 655.6 4.02894 300 89
0 655.6 4.08929 300 89
0 655.6 4.14934 300 89
0 655.6 4.20291 300 89
0 655.6 4.26338 300 89
0 655.6 4.31508 300 89
0 655.6 4.37825 300 89
0 655.6 4.43714 300 89
0 655.6 4.49801 300 89
0 655.6 4.55402 300 89
0 655.6 4.61772 300 89
0 655.6 4.68944 300 89
0 655.6 4.74566 300 89
0 655.6 4.80619 300 89
0 655.6 4.86093 300 89
0 655.6 4.92017 300 89
0 655.6 4.97611 300 89
0 655.6 5.03366 300 89
0 655.6 5.09429 300 89
0 655.6 5.15207 300 89
0 655.6 5.20578 300 89
0 655.6 5.26664 300 89
0 655.6 5.32227 300 89
0 655.6 5.37909 300 89
0 655.6 5.43419 300 89
0 655.6 5.48866 300 89
0 655.6 5.54554 300 89
0 655.6 5.60766 300 89
0 655.6 5.66641 300 89
0 655.6 5.7255 300 89
0 655.6 5.78388 300 89
0 655.6 5.84312 300 89
0 655.6 5.90122 300 89
0 655.6 5.9618 300 89
0 655.6 6.02383 300 89
0 655.6 6.08545 300 89
0 655.6 6.14401 300 89
0 655.6 6.20188 300 89
0 655.6 6.28634 300 89
0 650 6.31683 89
0 650 6.39801 300 89
0 650 6.48623 300 89
0 650 6.56822 300 89
0 650 6.65804 300 89
0 650 6.75403 300 89
0 650 6.84438 300 89
0 650 6.93713 300 89
0 650 7.033 300 89
0 650 7.12371 300 89
0 650 7.21371 300 89
0 650 7.30048 300 89
0 650 7.3927 300 89
0 650 7.48546 300 89
0 650 7.57789 300 89
0 650 7.67066 300 89
0 650 7.763 300 89
0 650 7.85636 300 89
0 650 7.94519 300 89
0 650 8.03604 300 89
0 650 8.13437 300 89
0 650 8.21719 300 89
0 650 8.30809 300 89
0 650 8.40773 300 89
0 650 8.50492 300 89
0 650 8.59576 300 89
0 650 8.68845 300 89
0 650 8.78472 300 89
0 650 8.95275 300 89
0 650 9.07113 300 89
0 650 9.17682 300 89
0 650 9.30176 300 89
0 650 9.41727 300 89
0 650 9.53636 300 89
0 650 9.66091 300 89
0 650 9.7864 300 89
0 650 9.90216 300 89
0 650 10.0268 300 89
0 650 10.1417 300 89
0 650 10.2644 300 89
0 650 10.3688 300 89
0 650 10.4906 300 89
0 650 10.6178 300 89
0 650 10.7399 300 89
0 650 10.8749 300 89
0 650 10.9982 300 89
0 650 11.1267 300 89
0 650 11.24 300 89
0 650 11.3804 300 89
0 650 11.5393 300 89
0 650 11.6736 300 89
0 650 11.793 300 89
0 650 11.9038 300 89
0 650 12.0186 300 89
0 650 12.15 300 89
0 650 12.2672 300 89
0 650 12.3829 300 89
0 650 12.4876 300 89
0 650 12.628 300 89
0 650 12.7518 300 89
0 650 12.8407 300 89
0 650 12.9506 300 89
0 650 13.072 300 89
0 650 13.1976 300 89
0 650 13.3254 300 89
0 650 13.4428 300 89
0 650 13.5611 300 89
0 650 13.6903 300 89
0 650 13.8264 300 89
0 650 13.9459 300 89
0 650 14.0745 300 89
0 650 14.2053 300 89
0 650 14.3494 300 89
0 650 14.4823 300 89
0 650 14.6076 300 89
0 650 14.7387 300 89
0 650 14.8707 300 89
0 650 14.9936 300 89
0 650 15.142 300 89
0 650 15.2884 300 89
0 650 15.4253 300 89
0 650 15.551 300 89
0 650 15.6626 300 89
0 650 15.7956 300 89
0 650 15.926 300 89
0 650 16.0613 300 89
0 650 16.1778 300 89
0 650 16.3056 300 89
0 650 16.433 300 89
0 650 16.5592 300 89
0 650 16.6887 300 89
0 650 16.8123 300 89
0 650 16.929 300 89
0 650 17.061 300 89
0 650 17.1994 300 89
0 650 17.3121 300 89
0 650 17.4337 300 89
0 650 17.5582 300 89
0 650 17.6889 300 89
0 650 17.8081 300 89
0 650 17.9255 300 89
0 650 18.0514 300 89
0 650 18.1674 300 89
0 650 18.2962 300 89
0 650 18.4051 300 89
0 650 18.5029 300 89
0 650 18.6065 300 89
0 650 18.7068 300 89
0 650 18.8121 300 89
0 650 18.9097 300 89
0 650 19.0028 300 89
0 650 19.1033 300 89
0 650 19.2013 300 89
0 650 19.2949 300 89
0 650 19.4086 300 89
0 650 19.4967 300 89
0 650 19.5919 300 89
0 650 19.6863 300 89
0 650 19.7877 300 89
0 650 19.878 300 89
0 650 19.9794 300 89
0 650 20.0738 300 89
0 650 20.1748 300 89
0 650 20.2776 300 89
0 650 20.3891 300 89
0 650 20.4794 300 89
0 650 20.5786 300 89
0 650 20.675 300 89
0 650 20.7674 300 89
0 650 20.8448 300 89
0 650 20.9141 300 89
0 650 20.982 300 89
0 650 21.0568 300 89
0 650 21.1327 300 89
0 650 21.2032 300 89
0 650 21.2697 300 89
0 650 21.3387 300 89
0 650 21.4117 300 89
0 650 21.4847 300 89
0 650 21.5675 300 89
0 650 21.6624 300 89
0 650 21.7562 300 89
0 650 21.8557 300 89
0 650 21.9561 300 89
0 650 22.0624 300 89
0 650 22.1257 300 89
0 650 22.2327 300 89
0 650 22.3313 300 89
0 650 22.4302 300 89
0 650 22.5316 300 89
0 650 22.6389 300 89
0 650 22.7432 300 89
0 650 22.833 300 89
0 650 22.9314 300 89
0 650 23.0231 300 89
0 650 23.1206 300 89
0 650 23.2242 300 89
0 650 23.3289 300 89
0 650 23.4343 300 89
0 650 23.5327 300 89
0 650 23.636 300 89
0 650 23.7303 300 89
0 650 23.8355 300 89
0 650 23.9377 300 89
0 650 24.0385 300 89
0 650 24.1473 300 89
0 650 24.2509 300 89
0 650 24.3564 300 89
0 650 24.4469 300 89
0 650 24.5474 300 89
0 650 24.655 300 89
0 650 24.7497 300 89
0 650 24.8467 300 89
0 650 24.9538 300 89
0 650 25.0533 300 89
0 650 25.1373 300 89
0 650 25.2404 300 89
0 650 25.3453 300 89
0 650 25.4489 300 89
0 650 25.5584 300 89
0 650 25.6688 300 89
0 650 25.7689 300 89
0 650 25.8812 300 89
0 650 25.9869 300 89
0 650 26.0926 300 89
0 650 26.1958 300 89
0 650 26.3467 300 89
0 650 26.4472 300 89
0 650 26.5601 300 89
0 650 26.6576 300 89
0 650 26.7561 300 89
0 650 26.8552 300 89
0 650 26.9541 300 89
0 650 27.0613 300 89
0 650 27.1594 300 89
0 650 27.2648 300 89
0 650 27.363 300 89
0 650 27.4684 300 89
0 650 27.5621 300 89
0 650 27.6689 300 89
0 650 27.7715 300 89
0 650 27.8725 300 89
0 650 27.9798 300 89
0 650 28.0821 300 89
0 650 28.1958 300 89
0 650 28.2974 300 89
0 650 28.4 300 89
0 650 28.5003 300 89
0 650 28.6021 300 89
0 650 28.7053 300 89
0 650 28.8082 300 89
0 650 28.8974 300 89
0 650 28.9962 300 89
0 650 29.1338 300 89
0 650 29.232 300 89
0 650 29.3317 300 89
0 650 29.4308 300 89
0 650 29.5307 300 89
0 650 29.6371 300 89
0 650 29.7461 300 89
0 650 29.8496 300 89
0 650 29.955 300 89
0 650 30.054 300 89
0 650 30.153 300 89
0 650 30.2547 300 89
0 650 30.3565 300 89
0 650 30.4531 300 89
0 650 30.5566 300 89
0 650 30.6536 300 89
0 650 30.7427 300 89
0 650 30.8478 300 89
0 650 30.9473 300 89
0 650 31.0463 300 89
0 650 31.1465 300 89
0 650 31.2412 300 89
0 650 31.3398 300 89
0 650 31.4411 300 89
0 650 31.5487 300 89
0 650 31.6475 300 89
0 650 31.7576 300 89
0 650 31.8501 300 89
0 650 31.9532 300 89
0 650 32.0575 300 89
0 650 32.1538 300 89
0 650 32.2562 300 89
0 650 32.3479 300 89
0 650 32.448 300 89
0 650 32.5493 300 89
0 650 32.6463 300 89
0 650 32.7507 300 89
0 650 32.8496 300 89
0 650 32.938 300 89
0 650 33.0423 300 89
0 650 33.1443 300 89
0 650 33.2388 300 89
0 650 33.3411 300 89
0 650 33.441 300 89
0 650 33.5404 300 89
0 650 33.634 300 89
0 650 33.7425 300 89
0 650 33.8394 300 89
0 650 33.94 300 89
0 650 34.0373 300 89
0 650 34.1294 300 89
0 650 34.2207 300 89
0 650 34.3208 300 89
0 650 34.4275 300 89
0 650 34.5357 300 89
0 650 34.6323 300 89
0 650 34.7275 300 89
0 650 34.8266 300 89
0 650 34.9236 300 89
0 650 35.025 300 89
0 650 35.1142 300 89
0 650 35.2027 300 89
0 650 35.2935 300 89
0 650 35.3835 300 89
0 650 35.4922 300 89
0 650 35.5814 300 89
0 650 35.6694 300 89
0 650 35.7657 300 89
0 650 35.8568 300 89
0 650 35.9503 300 89
0 650 36.0477 300 89
0 650 36.1392 300 89
0 650 36.2328 300 89
0 650 36.341 300 89
0 650 36.4451 300 89
0 650 36.5184 300 89
0 650 36.5816 300 89
0 650 36.6444 300 89
0 650 36.7148 300 89
0 650 36.7811 300 89
0 650 36.8486 300 89
0 650 36.9195 300 89
0 650 36.985 300 89
0 650 37.0521 300 89
0 650 37.1229 300 89
0 650 37.1911 300 89
0 650 37.2549 300 89
0 650 37.3205 300 89
0 650 37.3876 300 89
0 650 37.4561 300 89
0 650 37.518 300 89
0 650 37.5847 300 89
0 650 37.6517 300 89
0 650 37.7215 300 89
0 650 37.7941 300 89
0 650 37.8607 300 89
0 650 37.9323 300 89
0 650 37.9953 300 89
0 650 38.0648 300 89
0 650 38.1269 300 89
0 650 38.1933 300 89
0 650 38.2581 300 89
0 650 38.3273 300 89
0 650 38.3883 300 89
0 650 38.4623 300 89
0 650 38.53 300 89
0 650 38.5917 300 89
0 650 38.6596 300 89
0 650 38.7276 300 89
0 650 38.7944 300 89
0 650 38.8588 300 89
0 650 38.9258 300 89
0 650 38.9914 300 89
0 650 39.0559 300 89
0 650 39.1221 300 89
0 650 39.1928 300 89
0 650 39.2559 300 89
0 650 39.3212 300 89
0 650 39.3848 300 89
0 650 39.4555 300 89
0 650 39.5219 300 89
0 650 39.5843 300 89
0 650 39.6511 300 89
0 650 39.7242 300 89
0 650 39.796 300 89
0 650 39.862 300 89
0 650 39.9234 300 89
0 650 39.9804 300 89
0 650 40.045 300 89
0 650 40.1059 300 89
0 650 40.1739 300 89
0 650 40.2379 300 89
0 650 40.304 300 89
0 650 40.3734 300 89
0 650 40.4382 300 89
0 650 40.4947 300 89
0 650 40.5623 300 89
0 650 40.6274 300 89
0 650 40.6891 300 89
0 650 40.7702 300 89
0 650 40.8718 300 89
0 650 40.9684 300 89
0 650 41.0716 300 89
0 650 41.1582 300 89
0 650 41.2464 300 89
0 650 41.3412 300 89
0 650 41.4364 300 89
0 650 41.5477 300 89
0 650 41.6643 300 89
0 650 41.7595 300 89
0 650 41.8473 300 89
0 650 41.9493 300 89
0 650 42.0456 300 89
0 650 42.1312 300 89
0 650 42.2263 300 89
0 650 42.3334 300 89
0 650 42.431 300 89
0 650 42.5438 300 89
0 650 42.6378 300 89
0 650 42.7372 300 89
0 650 42.8366 300 89
0 650 42.9318 300 89
0 650 43.0351 300 89
0 650 43.1332 300 89
0 650 43.2294 300 89
0 650 43.3231 300 89
0 650 43.4161 300 89
0 650 43.5043 300 89
0 650 43.597 300 89
0 650 43.6976 300 89
0 650 43.7901 300 89
0 650 43.8799 300 89
0 650 43.9736 300 89
0 650 44.057 300 89
0 650 44.1521 300 89
0 650 44.2401 300 89
0 650 44.3264 300 89
0 650 44.4077 300 89
0 650 44.504 300 89
0 650 44.5921 300 89
0 650 44.6872 300 89
0 650 44.7773 300 89
0 650 44.8585 300 89
0 650 44.9462 300 89
0 650 44.997 300 89
0 650 45.095 300 89
0 650 45.1951 300 89
0 650 45.2816 300 89
0 650 45.3737 300 89
0 650 45.4678 300 89
0 650 45.5612 300 89
0 650 45.6426 300 89
0 650 45.7327 300 89
0 650 45.8249 300 89
0 650 45.9144 300 89
0 650 45.9995 300 89
0 650 46.0895 300 89
0 650 46.1857 300 89
0 650 46.274 300 89
0 650 46.3563 300 89
0 650 46.4479 300 89
0 650 46.5363 300 89
0 650 46.6223 300 89
0 650 46.7111 300 89
0 650 46.7957 300 89
0 650 46.8794 300 89
0 650 46.9567 300 89
0 650 47.0532 300 89
0 650 47.1415 300 89
0 650 47.2319 300 89
0 650 47.3245 300 89
0 650 47.4076 300 89
0 650 47.4973 300 89
0 650 47.5928 300 89
0 650 47.6786 300 89
0 650 47.7623 300 89
0 650 47.8617 300 89
0 650 47.9543 300 89
0 650 48.0457 300 89
0 650 48.1338 300 89
0 650 48.2154 300 89
0 650 48.306 300 89
0 650 48.3905 300 89
0 650 48.4782 300 89
0 650 48.5658 300 89
0 650 48.6558 300 89
0 650 48.7473 300 89
0 650 48.8276 300 89
0 650 48.9143 300 89
0 650 48.9941 300 89
0 650 49.0739 300 89
0 650 49.1569 300 89
0 650 49.2391 300 89
0 650 49.3266 300 89
0 650 49.4066 300 89
0 650 49.4981 300 89
0 650 49.5838 300 89
0 650 49.6676 300 89
0 650 49.7655 300 89
0 650 49.8544 300 89
0 650 49.9472 300 89
0 650 50.0379 300 89
0 650 50.135 300 89
0 650 50.235 300 89
0 650 50.3226 300 89
0 650 50.4399 300 89
0 650 50.5271 300 89
0 650 50.6067 300 89
0 650 50.6842 300 89
0 650 50.7726 300 89
0 650 50.8534 300 89
0 650 50.9352 300 89
0 650 51.0248 300 89
0 650 51.1128 300 89
0 650 51.2301 300 89
0 650 51.3874 300 89
0 650 51.7099 300 89
0 650 51.8607 300 89
0 650 51.9514 300 89
0 650 52.0511 300 89
0 650 52.1466 300 89
0 650 52.2348 300 89
0 650 52.3272 300 89
0 650 52.4093 300 89
0 650 52.5067 300 89
0 650 52.6027 300 89
0 650 52.695 300 89
0 650 52.7832 300 89
0 650 52.87 300 89
0 650 52.9543 300 89
0 650 53.0428 300 89
0 650 53.1368 300 89
0 650 53.2197 300 89
0 650 53.3098 300 89
0 650 53.3888 300 89
0 650 53.481 300 89
0 650 53.5669 300 89
0 650 53.6476 300 89
0 650 53.7381 300 89
0 650 53.8285 300 89
0 650 53.9171 300 89
0 650 54.006 300 89
0 650 54.09 300 89
0 650 54.1793 300 89
0 650 54.2657 300 89
0 650 54.3606 300 89
0 650 54.4427 300 89
0 650 54.5289 300 89
0 650 54.6124 300 89
0 650 54.6955 300 89
0 650 54.7765 300 89
0 650 54.9057 300 89
0 650 54.9997 300 89
0 650 55.0867 300 89
0 650 55.1659 300 89
0 650 55.2553 300 89
0 650 55.3393 300 89
0 650 55.4213 300 89
0 650 55.507 300 89
0 650 55.5921 300 89
0 650 55.6765 300 89
0 650 55.756 300 89
0 650 55.8441 300 89
0 650 55.9268 300 89
0 650 56.02 300 89
0 650 56.112 300 89
0 650 56.2332 300 89
0 650 56.3315 300 89
0 650 56.4313 300 89
0 650 56.5327 300 89
0 650 56.6228 300 89
0 650 56.7175 300 89
0 650 56.7967 300 89
0 650 56.883 300 89
0 650 56.967 300 89
0 650 57.0665 300 89
0 650 57.1638 300 89
0 650 57.2929 300 89
0 650 57.3786 300 89
0 650 57.4665 300 89
0 650 57.5612 300 89
0 650 57.6366 300 89
0 650 57.721 300 89
0 650 57.806 300 89
0 650 57.8854 300 89
0 650 57.9671 300 89
0 650 58.0608 300 89
0 650 58.1584 300 89
0 650 58.255 300 89
0 650 58.3539 300 89
0 650 58.4478 300 89
0 650 58.5481 300 89
0 650 58.6454 300 89
0 650 58.7374 300 89
0 650 58.8284 300 89
0 650 58.9393 300 89
0 650 59.0421 300 89
0 650 59.1657 300 89
0 650 59.2747 300 89
0 650 59.3634 300 89
0 650 59.4488 300 89
0 650 59.5349 300 89
0 650 59.6342 300 89
0 650 59.7613 300 89
0 650 59.847 300 89
0 650 59.9384 300 89
0 650 60.0199 300 89
0 650 60.1058 300 89
0 650 60.1947 300 89
0 650 60.2828 300 89
0 650 60.3696 300 89
0 650 60.4639 300 89
0 650 60.5492 300 89
0 650 60.6284 300 89
0 650 60.7114 300 89
0 650 60.8013 300 89
0 650 60.8892 300 89
0 650 60.9958 300 89
0 650 61.0934 300 89
0 650 61.173 300 89
0 650 61.2497 300 89
0 650 61.3414 300 89
0 650 61.4429 300 89
0 650 61.5482 300 89
0 650 61.6355 300 89
0 650 61.7227 300 89
0 650 61.8271 300 89
0 650 61.9375 300 89
0 650 62.0323 300 89
0 650 62.1214 300 89
0 650 62.2192 300 89
0 650 62.3103 300 89
0 650 62.4113 300 89
0 650 62.501 300 89
0 650 62.586 300 89
0 650 62.6646 300 89
0 650 62.7527 300 89
0 650 62.8447 300 89
0 650 62.9327 300 89
0 650 63.0162 300 89
0 650 63.0994 300 89
0 650 63.1756 300 89
0 650 63.2585 300 89
0 650 63.3331 300 89
0 650 63.4086 300 89
0 650 63.493 300 89
0 650 63.5878 300 89
0 650 63.6766 300 89
0 650 63.7858 300 89
0 650 63.8925 300 89
0 650 64.0109 300 89
0 650 64.1163 300 89
0 650 64.2184 300 89
0 650 64.3284 300 89
0 650 64.4204 300 89
0 650 64.4998 300 89
0 650 64.5891 300 89
0 650 64.686 300 89
0 650 64.79 300 89
0 650 64.8867 300 89
0 650 64.9789 300 89
0 650 65.0598 300 89
0 650 65.1441 300 89
0 650 65.2273 300 89
0 650 65.3135 300 89
0 650 65.4304 300 89
0 650 65.5178 300 89
0 650 65.5949 300 89
0 650 65.6774 300 89
0 650 65.7503 300 89
0 650 65.8386 300 89
0 650 65.9282 300 89
0 650 66.0382 300 89
0 650 66.1386 300 89
0 650 66.2319 300 89
0 650 66.3176 300 89
0 650 66.4126 300 89
0 650 66.5165 300 89
0 650 66.6293 300 89
0 650 66.7433 300 89
0 650 66.8393 300 89
0 650 66.921 300 89
0 650 67.0001 300 89
0 650 67.0788 300 89
0 650 67.175 300 89
0 650 67.2727 300 89
0 650 67.3671 300 89
0 650 67.4569 300 89
0 650 67.5426 300 89
0 650 67.623 300 89
0 650 67.7165 300 89
0 650 67.7845 300 89
0 650 67.8432 300 89
0 650 67.9097 300 89
0 650 67.9728 300 89
0 650 68.0339 300 89
0 650 68.096 300 89
0 650 68.1642 300 89
0 650 68.2234 300 89
0 650 68.2872 300 89
0 650 68.352 300 89
0 650 68.4162 300 89
0 650 68.4696 300 89
0 650 68.5382 300 89
0 650 68.6046 300 89
0 650 68.6626 300 89
0 650 68.714 300 89
0 650 68.7791 300 89
0 650 68.86 300 89
0 650 68.978 300 89
0 650 69.0896 300 89
0 650 69.1887 300 89
0 650 69.2499 300 89
0 650 69.3094 300 89
0 650 69.3694 300 89
0 650 69.43 300 89
0 650 69.4887 300 89
0 650 69.5515 300 89
0 650 69.6073 300 89
0 650 69.6755 300 89
0 650 69.7413 300 89
0 650 69.8022 300 89
0 650 69.8613 300 89
0 650 69.9197 300 89
0 650 69.9783 300 89
0 650 70.0389 300 89
0 650 70.1 300 89
0 650 70.1594 300 89
0 650 70.2199 300 89
0 650 70.2752 300 89
0 650 70.3322 300 89
0 650 70.3959 300 89
0 650 70.4563 300 89
0 650 70.5203 300 89
0 650 70.5778 300 89
0 650 70.6418 300 89
0 650 70.7018 300 89
0 650 70.7618 300 89
0 650 70.8228 300 89
0 650 70.8841 300 89
0 650 70.9472 300 89
0 650 71.0093 300 89
0 650 71.0703 300 89
0 650 71.1315 300 89
0 650 71.2531 300 89
0 650 71.3797 300 89
0 650 71.5267 300 89
0 650 71.617 300 89
0 650 71.6929 300 89
0 650 71.7765 300 89
0 650 71.8705 300 89
0 650 71.9593 300 89
0 650 72.044 300 89
0 650 72.1306 300 89
0 650 72.2253 300 89
0 650 72.3603 300 89
0 650 72.4483 300 89
0 650 72.5494 300 89
0 650 72.6389 300 89
0 650 72.7264 300 89
0 650 72.8032 300 89
0 650 72.8863 300 89
0 650 72.9757 300 89
0 650 73.0735 300 89
0 650 73.17 300 89
0 650 73.2542 300 89
0 650 73.3471 300 89
0 650 73.4389 300 89
0 650 73.5508 300 89
0 650 73.6568 300 89
0 650 73.8105 300 89
0 650 73.9007 300 89
0 650 73.9947 300 89
0 650 74.113 300 89
0 650 74.2151 300 89
0 650 74.3044 300 89
0 650 74.3972 300 89
0 650 74.4876 300 89
0 650 74.5738 300 89
0 650 74.6662 300 89
0 650 74.7534 300 89
0 650 74.8543 300 89
0 650 74.942 300 89
0 650 75.0358 300 89
0 650 75.1246 300 89
0 650 75.2066 300 89
0 650 75.2851 300 89
0 650 75.3677 300 89
0 650 75.4537 300 89
0 650 75.5453 300 89
0 650 75.6289 300 89
0 650 75.7233 300 89
0 650 75.8196 300 89
0 650 75.9036 300 89
0 650 76.0155 300 89
0 650 76.134 300 89
0 650 76.2463 300 89
0 650 76.3676 300 89
0 650 76.4954 300 89
0 650 76.5828 300 89
0 650 76.6685 300 89
0 650 76.7579 300 89
0 650 76.8877 300 89
0 650 77.0026 300 89
0 650 77.0876 300 89
0 650 77.1775 300 89
0 650 77.2597 300 89
0 650 77.3463 300 89
0 650 77.4335 300 89
0 650 77.511 300 89
0 650 77.5915 300 89
0 650 77.6842 300 89
0 650 77.7665 300 89
0 650 77.8482 300 89
0 650 77.9699 300 89
0 650 78.0562 300 89
0 650 78.1347 300 89
0 650 78.2536 300 89
0 650 78.3696 300 89
0 650 78.4999 300 89
0 650 78.599 300 89
0 650 78.6817 300 89
0 650 78.774 300 89
0 650 78.8534 300 89
0 650 78.9415 300 89
0 650 79.027 300 89
0 650 79.1077 300 89
0 650 79.1869 300 89
0 650 79.2762 300 89
0 650 79.3617 300 89
0 650 79.4464 300 89
0 650 79.5205 300 89
0 650 79.5967 300 89
0 650 79.6723 300 89
0 650 79.7578 300 89
0 650 79.844 300 89
0 650 79.9292 300 89
0 650 80.0216 300 89
0 650 80.0985 300 89
0 650 80.1784 300 89
0 650 80.2611 300 89
0 650 80.3559 300 89
0 650 80.4783 300 89
0 650 80.5837 300 89
0 650 80.7068 300 89
0 650 80.7964 300 89
0 650 80.8915 300 89
0 650 80.9822 300 89
0 650 81.0687 300 89
0 650 81.1564 300 89
0 650 81.2405 300 89
0 650 81.3311 300 89
0 650 81.4621 300 89
0 650 81.6378 300 89
0 650 81.7225 300 89
0 650 81.8124 300 89
0 650 81.8942 300 89
0 650 81.9784 300 89
0 650 82.0686 300 89
0 650 82.1511 300 89
0 650 82.232 300 89
0 650 82.3185 300 89
0 650 82.402 300 89
0 650 82.491 300 89
0 650 82.5813 300 89
0 650 82.6618 300 89
0 650 82.7703 300 89
0 650 82.9036 300 89
0 650 83.0329 300 89
0 650 83.2244 300 89
0 650 83.3119 300 89
0 650 83.4044 300 89
0 650 83.4998 300 89
0 650 83.5963 300 89
0 650 83.6792 300 89
0 650 83.7672 300 89
0 650 83.8478 300 89
0 650 83.9326 300 89
0 650 84.03 300 89
0 650 84.1247 300 89
0 650 84.2015 300 89
0 650 84.2889 300 89
0 650 84.3727 300 89
0 650 84.4667 300 89
0 650 84.5469 300 89
0 650 84.6365 300 89
0 650 84.7188 300 89
0 650 84.7972 300 89
0 650 84.878 300 89
0 650 84.9639 300 89
0 650 85.046 300 89
0 650 85.1282 300 89
0 650 85.2109 300 89
0 650 85.3009 300 89
0 650 85.384 300 89
0 650 85.4719 300 89
0 650 85.5628 300 89
0 650 85.6483 300 89
0 650 85.8137 300 89
0 650 85.9611 300 89
0 650 86.0651 300 89
0 650 86.1663 300 89
0 650 86.246 300 89
0 650 86.3769 300 89
0 650 86.4548 300 89
0 650 86.5426 300 89
0 650 86.6207 300 89
0 650 86.7087 300 89
0 650 86.7921 300 89
0 650 86.9026 300 89
0 650 87.0348 300 89
0 650 87.2623 300 89
0 650 87.3708 300 89
0 650 87.4723 300 89
0 650 87.5741 300 89
0 650 87.6779 300 89
0 650 87.7702 300 89
0 650 87.8743 300 89
0 650 87.938 300 89
0 650 88.0374 300 89
0 650 88.1402 300 89
0 650 88.2338 300 89
0 650 88.2899 300 89
0 650 88.3734 300 89
0 650 88.4773 300 89
0 650 88.5668 300 89
0 650 88.6504 300 89
0 650 88.7372 300 89
0 650 88.8279 300 89
0 650 88.9089 300 89
0 650 88.9912 300 89
0 650 89.0787 300 89
0 650 89.1585 300 89
0 650 89.2411 300 89
0 650 89.3302 300 89
0 650 89.4207 300 89
0 650 89.594 300 89
0 650 89.7008 300 89
0 650 89.7954 300 89
0 650 89.8943 300 89
0 650 89.9838 300 89
0 650 90.0724 300 89
0 650 90.1483 300 89
0 650 90.2303 300 89
0 650 90.3158 300 89
0 650 90.3894 300 89
0 650 90.4792 300 89
0 650 90.6072 300 89
0 650 90.7594 300 89
0 650 90.8504 300 89
0 650 90.9342 300 89
0 650 91.0236 300 89
0 650 91.1314 300 89
0 650 91.2219 300 89
0 650 91.3035 300 89
0 650 91.3871 300 89
0 650 91.4695 300 89
0 650 91.5559 300 89
0 650 91.6395 300 89
0 650 91.7203 300 89
0 650 91.8112 300 89
0 650 91.9081 300 89
0 650 91.9972 300 89
0 650 92.0772 300 89
0 650 92.1597 300 89
0 650 92.2453 300 89
0 650 92.3163 300 89
0 650 92.4056 300 89
0 650 92.4834 300 89
0 650 92.5668 300 89
0 650 92.6632 300 89
0 650 92.7624 300 89
0 650 92.8618 300 89
0 650 92.9497 300 89
0 650 93.0359 300 89
0 650 93.1218 300 89
0 650 93.2106 300 89
0 650 93.3092 300 89
0 650 93.4078 300 89
0 650 93.4947 300 89
0 650 93.5899 300 89
0 650 93.6886 300 89
0 650 93.7939 300 89
0 650 93.891 300 89
0 650 93.9787 300 89
0 650 94.0923 300 89
0 650 94.1731 300 89
0 650 94.2538 300 89
0 650 94.3381 300 89
0 650 94.4229 300 89
0 650 94.5081 300 89
0 650 94.5985 300 89
0 650 94.688 300 89
0 650 94.7825 300 89
0 650 94.8675 300 89
0 650 94.95 300 89
0 650 95.0372 300 89
0 650 95.1149 300 89
0 650 95.199 300 89
0 650 95.2747 300 89
0 650 95.3647 300 89
0 650 95.4479 300 89
0 650 95.5421 300 89
0 650 95.6408 300 89
0 650 95.7414 300 89
0 650 95.8277 300 89
0 650 95.9097 300 89
0 650 95.9969 300 89
0 650 96.0847 300 89
0 650 96.1676 300 89
0 650 96.2491 300 89
0 650 96.3917 300 89
0 650 96.4874 300 89
0 650 96.617 300 89
0 650 96.7111 300 89
0 650 96.7981 300 89
0 650 96.8841 300 89
0 650 96.9681 300 89
0 650 97.0518 300 89
0 650 97.1391 300 89
0 650 97.2287 300 89
0 650 97.3125 300 89
0 650 97.3985 300 89
0 650 97.4618 300 89
0 650 97.5813 300 89
0 650 97.6816 300 89
0 650 97.779 300 89
0 650 97.8702 300 89
0 650 97.9653 300 89
0 650 98.0899 300 89
0 650 98.1901 300 89
0 650 98.271 300 89
0 650 98.3601 300 89
0 650 98.4497 300 89
0 650 98.5352 300 89
0 650 98.6263 300 89
0 650 98.7119 300 89
0 650 98.8033 300 89
0 650 98.8889 300 89
0 650 98.9704 300 89
0 650 99.0592 300 89
0 650 99.1401 300 89
0 650 99.2277 300 89
0 650 99.3244 300 89
0 650 99.4098 300 89
0 650 99.4939 300 89
0 650 99.5713 300 89
0 650 99.6654 300 89
0 650 99.7525 300 89
0 650 99.8461 300 89
0 650 99.9445 300 89
0 650 100.058 300 89
0 650 100.15 300 89
0 650 100.236 300 89
0 650 100.336 300 89
0 650 100.463 300 89
0 650 100.571 300 89
0 650 100.679 300 89
0 650 100.766 300 89
0 650 100.854 300 89
0 650 100.951 300 89
0 650 101.036 300 89
0 650 101.128 300 89
0 650 101.219 300 89
0 650 101.308 300 89
0 650 101.393 300 89
0 650 101.485 300 89
0 650 101.573 300 89
0 650 101.666 300 89
0 650 101.753 300 89
0 650 101.84 300 89
0 650 101.93 300 89
0 650 102.012 300 89
0 650 102.1 300 89
0 650 102.183 300 89
0 650 102.275 300 89
0 650 102.366 300 89
0 650 102.47 300 89
0 650 102.571 300 89
0 650 102.671 300 89
0 650 102.771 300 89
0 650 102.859 300 89
0 650 102.958 300 89
0 650 103.056 300 89
0 650 103.173 300 89
0 650 103.284 300 89
0 650 103.371 300 89
0 650 103.454 300 89
0 650 103.537 300 89
0 650 103.621 300 89
0 650 103.701 300 89
0 650 103.785 300 89
0 650 103.877 300 89
0 650 103.968 300 89
0 650 104.052 300 89
0 650 104.136 300 89
0 650 104.225 300 89
0 650 104.311 300 89
0 650 104.392 300 89
0 650 104.477 300 89
0 650 104.564 300 89
0 650 104.655 300 89
0 650 104.743 300 89
0 650 104.835 300 89
0 650 104.949 300 89
0 650 105.058 300 89
0 650 105.151 300 89
0 650 105.229 300 89
0 650 105.288 300 89
0 650 105.344 300 89
0 650 105.407 300 89
0 650 105.471 300 89
0 650 105.557 300 89
0 650 105.644 300 89
0 650 105.734 300 89
0 650 105.82 300 89
0 650 105.906 300 89
0 650 105.989 300 89
0 650 106.078 300 89
0 650 106.169 300 89
0 650 106.262 300 89
0 650 106.335 300 89
0 650 106.426 300 89
0 650 106.51 300 89
0 650 106.598 300 89
0 650 106.726 300 89
0 650 106.819 300 89
0 650 106.902 300 89
0 650 106.994 300 89
0 650 107.08 300 89
0 650 107.165 300 89
0 650 107.252 300 89
0 650 107.345 300 89
0 650 107.429 300 89
0 650 107.526 300 89
0 650 107.625 300 89
0 650 107.719 300 89
0 650 107.808 300 89
0 650 107.896 300 89
0 650 107.978 300 89
0 650 108.054 300 89
0 650 108.115 300 89
0 650 108.178 300 89
0 650 108.238 300 89
0 650 108.314 300 89
0 650 108.393 300 89
0 650 108.478 300 89
0 650 108.566 300 89
0 650 108.649 300 89
0 650 108.728 300 89
0 650 108.815 300 89
0 650 108.897 300 89
0 650 108.976 300 89
0 650 109.064 300 89
0 650 109.156 300 89
0 650 109.237 300 89
0 650 109.33 300 89
0 650 109.417 300 89
0 650 109.51 300 89
0 650 109.607 300 89
0 650 109.697 300 89
0 650 109.782 300 89
0 650 109.878 300 89
0 650 109.966 300 89
0 650 110.048 300 89
0 650 110.135 300 89
0 650 110.223 300 89
0 650 110.312 300 89
0 650 110.4 300 89
0 650 110.488 300 89
0 650 110.576 300 89
0 650 110.663 300 89
0 650 110.756 300 89
0 650 110.845 300 89
0 650 110.933 300 89
0 650 111.017 300 89
0 650 111.103 300 89
0 650 111.194 300 89
0 650 111.263 300 89
0 650 111.324 300 89
0 650 111.384 300 89
0 650 111.447 300 89
0 650 111.507 300 89
0 650 111.565 300 89
0 650 111.627 300 89
0 650 111.694 300 89
0 650 111.755 300 89
0 650 111.818 300 89
0 650 111.88 300 89
0 650 111.937 300 89
0 650 111.995 300 89
0 650 112.056 300 89
0 650 112.119 300 89
0 650 112.178 300 89
0 650 112.241 300 89
0 650 112.297 300 89
0 650 112.357 300 89
0 650 112.418 300 89
0 650 112.469 300 89
0 650 112.533 300 89
0 650 112.594 300 89
0 650 112.659 300 89
0 650 112.72 300 89
0 650 112.784 300 89
0 650 112.845 300 89
0 650 112.907 300 89
0 650 112.97 300 89
0 650 113.033 300 89
0 650 113.091 300 89
0 650 113.151 300 89
0 650 113.218 300 89
0 650 113.272 300 89
0 650 113.336 300 89
0 650 113.404 300 89
0 650 113.47 300 89
0 650 113.53 300 89
0 650 113.586 300 89
0 650 113.647 300 89
0 650 113.71 300 89
0 650 113.769 300 89
0 650 113.826 300 89
0 650 113.89 300 89
0 650 113.949 300 89
0 650 114.011 300 89
0 650 114.075 300 89
0 650 114.127 300 89
0 650 114.193 300 89
0 650 114.25 300 89
0 650 114.314 300 89
0 650 114.378 300 89
0 650 114.435 300 89
0 650 114.495 300 89
0 650 114.586 300 89
0 650 114.678 300 89
0 650 114.761 300 89
0 650 114.848 300 89
0 650 114.938 300 89
0 650 115.017 300 89
0 650 115.107 300 89
0 650 115.202 300 89
0 650 115.287 300 89
0 650 115.372 300 89
0 650 115.455 300 89
0 650 115.542 300 89
0 650 115.629 300 89
0 650 115.713 300 89
0 650 115.823 300 89
0 650 115.917 300 89
0 650 116.014 300 89
0 650 116.104 300 89
0 650 116.195 300 89
0 650 116.29 300 89
0 650 116.373 300 89
0 650 116.457 300 89
0 650 116.543 300 89
0 650 116.632 300 89
0 650 116.733 300 89
0 650 116.829 300 89
0 650 116.94 300 89
0 650 117.023 300 89
0 650 117.117 300 89
0 650 117.204 300 89
0 650 117.295 300 89
0 650 117.389 300 89
0 650 117.47 300 89
0 650 117.554 300 89
0 650 117.638 300 89
0 650 117.72 300 89
0 650 117.812 300 89
0 650 117.897 300 89
0 650 117.987 300 89
0 650 118.07 300 89
0 650 118.156 300 89
0 650 118.251 300 89
0 650 118.342 300 89
0 650 118.43 300 89
0 650 118.526 300 89
0 650 118.617 300 89
0 650 118.705 300 89
0 650 118.792 300 89
0 650 118.878 300 89
0 650 118.969 300 89
0 650 119.06 300 89
0 650 119.15 300 89
0 650 119.232 300 89
0 650 119.312 300 89
0 650 119.399 300 89
0 650 119.484 300 89
0 650 119.576 300 89
0 650 119.667 300 89
0 650 119.756 300 89
0 650 119.836 300 89
0 650 119.919 300 89
0 650 120.004 300 89
0 650 120.084 300 89
0 650 120.176 300 89
0 650 120.257 300 89
0 650 120.346 300 89
0 650 120.428 300 89
0 650 120.512 300 89
0 650 120.601 300 89
0 650 120.681 300 89
0 650 120.781 300 89
0 650 120.874 300 89
0 650 120.969 300 89
0 650 121.057 300 89
0 650 121.137 300 89
0 650 121.228 300 89
0 650 121.32 300 89
0 650 121.4 300 89
0 650 121.474 300 89
0 650 121.568 300 89
0 650 121.656 300 89
0 650 121.744 300 89
0 650 121.839 300 89
0 650 121.971 300 89
0 650 122.049 300 89
0 650 122.133 300 89
0 650 122.221 300 89
0 650 122.308 300 89
0 650 122.397 300 89
0 650 122.481 300 89
0 650 122.565 300 89
0 650 122.651 300 89
0 650 122.744 300 89
0 650 122.826 300 89
0 650 122.911 300 89
0 650 122.995 300 89
0 650 123.083 300 89
0 650 123.171 300 89
0 650 123.26 300 89
0 650 123.341 300 89
0 650 123.424 300 89
0 650 123.508 300 89
0 650 123.592 300 89
0 650 123.682 300 89
0 650 123.77 300 89
0 650 123.856 300 89
0 650 123.942 300 89
0 650 124.036 300 89
0 650 124.121 300 89
0 650 124.207 300 89
0 650 124.297 300 89
0 650 124.38 300 89
0 650 124.457 300 89
0 650 124.546 300 89
0 650 124.628 300 89
0 650 124.722 300 89
0 650 124.811 300 89
0 650 124.903 300 89
0 650 124.992 300 89
0 650 125.08 300 89
0 650 125.168 300 89
0 650 125.261 300 89
0 650 125.35 300 89
0 650 125.442 300 89
0 650 125.537 300 89
0 650 125.627 300 89
0 650 125.72 300 89
0 650 125.807 300 89
0 650 125.894 300 89
0 650 125.985 300 89
0 650 126.069 300 89
0 650 126.15 300 89
0 650 126.235 300 89
0 650 126.333 300 89
0 650 126.42 300 89
0 650 126.491 300 89
0 650 126.577 300 89
0 650 126.664 300 89
0 650 126.75 300 89
0 650 126.827 300 89
0 650 126.91 300 89
0 650 127.003 300 89
0 650 127.085 300 89
0 650 127.173 300 89
0 650 127.265 300 89
0 650 127.364 300 89
0 650 127.463 300 89
0 650 127.562 300 89
0 650 127.649 300 89
0 650 127.737 300 89
0 650 127.822 300 89
0 650 127.907 300 89
0 650 127.992 300 89
0 650 128.085 300 89
0 650 128.177 300 89
0 650 128.268 300 89
0 650 128.366 300 89
0 650 128.447 300 89
0 650 128.529 300 89
0 650 128.616 300 89
0 650 128.707 300 89
0 650 128.79 300 89
0 650 128.876 300 89
0 650 128.964 300 89
0 650 129.053 300 89
0 650 129.141 300 89
0 650 129.228 300 89
0 650 129.321 300 89
0 650 129.41 300 89
0 650 129.494 300 89
0 650 129.584 300 89
0 650 129.678 300 89
0 650 129.77 300 89
0 650 129.859 300 89
0 650 129.944 300 89
0 650 130.008 300 89
0 650 130.096 300 89
0 650 130.186 300 89
0 650 130.278 300 89
0 650 130.342 300 89
0 650 130.431 300 89
0 650 130.523 300 89
0 650 130.615 300 89
0 650 130.704 300 89
0 650 130.783 300 89
0 650 130.876 300 89
0 650 130.959 300 89
0 650 131.046 300 89
0 650 131.134 300 89
0 650 131.216 300 89
0 650 131.3 300 89
0 650 131.386 300 89
0 650 131.471 300 89
0 650 131.562 300 89
0 650 131.655 300 89
0 650 131.748 300 89
0 650 131.844 300 89
0 650 131.933 300 89
0 650 132.015 300 89
0 650 132.097 300 89
0 650 132.192 300 89
0 650 132.285 300 89
0 650 132.383 300 89
0 650 132.463 300 89
0 650 132.557 300 89
0 650 132.651 300 89
0 650 132.745 300 89
0 650 132.837 300 89
0 650 132.927 300 89
0 650 133.015 300 89
0 650 133.102 300 89
0 650 133.184 300 89
0 650 133.28 300 89
0 650 133.37 300 89
0 650 133.458 300 89
0 650 133.545 300 89
0 650 133.638 300 89
0 650 133.733 300 89
0 650 133.816 300 89
0 650 133.907 300 89
0 650 133.995 300 89
0 650 134.089 300 89
0 650 134.175 300 89
0 650 134.265 300 89
0 650 134.35 300 89
0 650 134.433 300 89
0 650 134.526 300 89
0 650 134.606 300 89
0 650 134.742 300 89
0 650 134.829 300 89
0 650 134.924 300 89
0 650 135.013 300 89
0 650 135.107 300 89
0 650 135.192 300 89
0 650 135.283 300 89
0 650 135.373 300 89
0 650 135.458 300 89
0 650 135.537 300 89
0 650 135.631 300 89
0 650 135.723 300 89
0 650 135.81 300 89
0 650 135.903 300 89
0 650 135.993 300 89
0 650 136.087 300 89
0 650 136.177 300 89
0 650 136.27 300 89
0 650 136.359 300 89
0 650 136.454 300 89
0 650 136.543 300 89
0 650 136.63 300 89
0 650 136.719 300 89
0 650 136.813 300 89
0 650 136.899 300 89
0 650 136.99 300 89
0 650 137.075 300 89
0 650 137.165 300 89
0 650 137.258 300 89
0 650 137.349 300 89
0 650 137.448 300 89
0 650 137.544 300 89
0 650 137.634 300 89
0 650 137.734 300 89
0 650 137.824 300 89
0 650 137.912 300 89
0 650 138.005 300 89
0 650 138.092 300 89
0 650 138.181 300 89
0 650 138.264 300 89
0 650 138.351 300 89
0 650 138.45 300 89
0 650 138.545 300 89
0 650 138.637 300 89
0 650 138.725 300 89
0 650 138.815 300 89
0 650 138.901 300 89
0 650 138.991 300 89
0 650 139.076 300 89
0 650 139.169 300 89
0 650 139.262 300 89
0 650 139.356 300 89
0 650 139.502 300 89
0 650 139.589 300 89
0 650 139.678 300 89
0 650 139.772 300 89
0 650 139.873 300 89
0 650 139.973 300 89
0 650 140.08 300 89
0 650 140.176 300 89
0 650 140.273 300 89
0 650 140.378 300 89
0 650 140.483 300 89
0 650 140.574 300 89
0 650 140.664 300 89
0 650 140.759 300 89
0 650 140.849 300 89
0 650 140.956 300 89
0 650 141.046 300 89
0 650 141.135 300 89
0 650 141.232 300 89
0 650 141.381 300 89
0 650 141.478 300 89
0 650 141.585 300 89
0 650 141.685 300 89
0 650 141.774 300 89
0 650 141.864 300 89
0 650 141.957 300 89
0 650 142.065 300 89
0 650 142.161 300 89
0 650 142.257 300 89
0 650 142.352 300 89
0 650 142.445 300 89
0 650 142.545 300 89
0 650 142.636 300 89
0 650 142.74 300 89
0 650 142.843 300 89
0 650 142.94 300 89
0 650 143.032 300 89
0 650 143.12 300 89
0 650 143.216 300 89
0 650 143.31 300 89
0 650 143.402 300 89
0 650 143.502 300 89
0 650 143.604 300 89
0 650 143.692 300 89
0 650 143.785 300 89
0 650 143.887 300 89
0 650 143.99 300 89
0 650 144.111 300 89
0 650 144.219 300 89
0 650 144.315 300 89
0 650 144.418 300 89
0 650 144.53 300 89
0 650 144.643 300 89
0 650 144.738 300 89
0 650 144.848 300 89
0 650 144.952 300 89
0 650 145.034 300 89
0 650 145.127 300 89
0 650 145.234 300 89
0 650 145.347 300 89
0 650 145.457 300 89
0 650 145.549 300 89
0 650 145.653 300 89
0 650 145.765 300 89
0 650 145.877 300 89
0 650 145.994 300 89
0 650 146.101 300 89
0 650 146.199 300 89
0 650 146.303 300 89
0 650 146.392 300 89
0 650 146.479 300 89
0 650 146.577 300 89
0 650 146.684 300 89
0 650 146.803 300 89
0 650 146.902 300 89
0 650 146.998 300 89
0 650 147.09 300 89
0 650 147.194 300 89
0 650 147.3 300 89
0 650 147.411 300 89
0 650 147.514 300 89
0 650 147.607 300 89
0 650 147.711 300 89
0 650 147.814 300 89
0 650 147.92 300 89
0 650 148.031 300 89
0 650 148.141 300 89
0 650 148.242 300 89
0 650 148.344 300 89
0 650 148.44 300 89
0 650 148.553 300 89
0 650 148.641 300 89
0 650 148.752 300 89
0 650 148.854 300 89
0 650 148.963 300 89
0 650 149.056 300 89
0 650 149.164 300 89
0 650 149.272 300 89
0 650 149.37 300 89
0 650 149.48 300 89
0 650 149.579 300 89
0 650 149.68 300 89
0 650 149.777 300 89
0 650 149.883 300 89
0 650 149.988 300 89
0 650 150.094 300 89
0 650 150.199 300 89
0 650 150.311 300 89
0 650 150.415 300 89
0 650 150.512 300 89
0 650 150.608 300 89
0 650 150.712 300 89
0 650 150.808 300 89
0 650 150.915 300 89
0 650 151.015 300 89
0 650 151.113 300 89
0 650 151.215 300 89
0 650 151.311 300 89
0 650 151.406 300 89
0 650 151.501 300 89
0 650 151.608 300 89
0 650 151.691 300 89
0 650 151.792 300 89
0 650 151.889 300 89
0 650 151.996 300 89
0 650 152.107 300 89
0 650 152.21 300 89
0 650 152.313 300 89
0 650 152.41 300 89
0 650 152.502 300 89
0 650 152.61 300 89
0 650 152.713 300 89
0 650 152.816 300 89
0 650 152.922 300 89
0 650 153.018 300 89
0 650 153.104 300 89
0 650 153.202 300 89
0 650 153.302 300 89
0 650 153.395 300 89
0 650 153.49 300 89
0 650 153.592 300 89
0 650 153.692 300 89
0 650 153.796 300 89
0 650 153.89 300 89
0 650 153.998 300 89
0 650 154.105 300 89
0 650 154.201 300 89
0 650 154.285 300 89
0 650 154.387 300 89
0 650 154.484 300 89
0 650 154.576 300 89
0 650 154.664 300 89
0 650 154.771 300 89
0 650 154.864 300 89
0 650 154.961 300 89
0 650 155.063 300 89
0 650 155.161 300 89
0 650 155.259 300 89
0 650 155.351 300 89
0 650 155.445 300 89
0 650 155.544 300 89
0 650 155.648 300 89
0 650 155.754 300 89
0 650 155.856 300 89
0 650 155.961 300 89
0 650 156.043 300 89
0 650 156.132 300 89
0 650 156.196 300 89
0 650 156.298 300 89
0 650 156.385 300 89
0 650 156.479 300 89
0 650 156.578 300 89
0 650 156.671 300 89
0 650 156.77 300 89
0 650 156.862 300 89
0 650 156.954 300 89
0 650 157.047 300 89
0 650 157.139 300 89
0 650 157.236 300 89
0 650 157.334 300 89
0 650 157.432 300 89
0 650 157.531 300 89
0 650 157.629 300 89
0 650 157.734 300 89
0 650 157.824 300 89
0 650 157.915 300 89
0 650 158.009 300 89
0 650 158.107 300 89
0 650 158.203 300 89
0 650 158.29 300 89
0 650 158.388 300 89
0 650 158.484 300 89
0 650 158.585 300 89
0 650 158.666 300 89
0 650 158.764 300 89
0 650 158.856 300 89
0 650 158.948 300 89
0 650 159.036 300 89
0 650 159.131 300 89
0 650 159.226 300 89
0 650 159.326 300 89
0 650 159.414 300 89
0 650 159.512 300 89
0 650 159.603 300 89
0 650 159.698 300 89
0 650 159.79 300 89
0 650 159.884 300 89
0 650 159.978 300 89
0 650 160.072 300 89
0 650 160.164 300 89
0 650 160.26 300 89
0 650 160.351 300 89
0 650 160.441 300 89
0 650 160.542 300 89
0 650 160.638 300 89
0 650 160.728 300 89
0 650 160.822 300 89
0 650 160.919 300 89
0 650 161.018 300 89
0 650 161.115 300 89
0 650 161.21 300 89
0 650 161.318 300 89
0 650 161.408 300 89
0 650 161.498 300 89
0 650 161.589 300 89
0 650 161.679 300 89
0 650 161.765 300 89
0 650 161.864 300 89
0 650 161.956 300 89
0 650 162.044 300 89
0 650 162.137 300 89
0 650 162.234 300 89
0 650 162.327 300 89
0 650 162.413 300 89
0 650 162.506 300 89
0 650 162.6 300 89
0 650 162.69 300 89
0 650 162.781 300 89
0 650 162.874 300 89
0 650 162.959 300 89
0 650 163.046 300 89
0 650 163.144 300 89
0 650 163.237 300 89
0 650 163.328 300 89
0 650 163.412 300 89
0 650 163.499 300 89
0 650 163.595 300 89
0 650 163.676 300 89
0 650 163.758 300 89
0 650 163.85 300 89
0 650 163.94 300 89
0 650 164.032 300 89
0 650 164.127 300 89
0 650 164.211 300 89
0 650 164.308 300 89
0 650 164.4 300 89
0 650 164.493 300 89
0 650 164.591 300 89
0 650 164.688 300 89
0 650 164.776 300 89
0 650 164.868 300 89
0 650 164.95 300 89
0 650 165.035 300 89
0 650 165.122 300 89
0 650 165.214 300 89
0 650 165.304 300 89
0 650 165.397 300 89
0 650 165.481 300 89
0 650 165.571 300 89
0 650 165.665 300 89
0 650 165.756 300 89
0 650 165.847 300 89
0 650 165.986 300 89
0 650 166.081 300 89
0 650 166.169 300 89
0 650 166.261 300 89
0 650 166.353 300 89
0 650 166.441 300 89
0 650 166.533 300 89
0 650 166.62 300 89
0 650 166.712 300 89
0 650 166.795 300 89
0 650 166.885 300 89
0 650 166.974 300 89
0 650 167.068 300 89
0 650 167.153 300 89
0 650 167.242 300 89
0 650 167.319 300 89
0 650 167.412 300 89
0 650 167.497 300 89
0 650 167.603 300 89
0 650 167.682 300 89
0 650 167.759 300 89
0 650 167.851 300 89
0 650 167.941 300 89
0 650 168.031 300 89
0 650 168.113 300 89
0 650 168.209 300 89
0 650 168.301 300 89
0 650 168.393 300 89
0 650 168.483 300 89
0 650 168.57 300 89
0 650 168.672 300 89
0 650 168.752 300 89
0 650 168.841 300 89
0 650 168.932 300 89
0 650 169.033 300 89
0 650 169.124 300 89
0 650 169.215 300 89
0 650 169.313 300 89
0 650 169.405 300 89
0 650 169.498 300 89
0 650 169.585 300 89
0 650 169.673 300 89
0 650 169.765 300 89
0 650 169.857 300 89
0 650 169.948 300 89
0 650 170.041 300 89
0 650 170.133 300 89
0 650 170.219 300 89
0 650 170.307 300 89
0 650 170.398 300 89
0 650 170.491 300 89
0 650 170.574 300 89
0 650 170.66 300 89
0 650 170.743 300 89
0 650 170.829 300 89
0 650 170.915 300 89
0 650 170.999 300 89
0 650 171.088 300 89
0 650 171.176 300 89
0 650 171.265 300 89
0 650 171.348 300 89
0 650 171.433 300 89
0 650 171.518 300 89
0 650 171.609 300 89
0 650 171.698 300 89
0 650 171.786 300 89
0 650 171.865 300 89
0 650 171.953 300 89
0 650 172.041 300 89
0 650 172.128 300 89
0 650 172.214 300 89
0 650 172.305 300 89
0 650 172.382 300 89
0 650 172.466 300 89
0 650 172.543 300 89
0 650 172.606 300 89
0 650 172.661 300 89
0 650 172.726 300 89
0 650 172.791 300 89
0 650 172.851 300 89
0 650 172.914 300 89
0 650 172.968 300 89
0 650 173.032 300 89
0 650 173.094 300 89
0 650 173.157 300 89
0 650 173.229 300 89
0 650 173.314 300 89
0 650 173.399 300 89
0 650 173.457 300 89
0 650 173.516 300 89
0 650 173.572 300 89
0 650 173.632 300 89
0 650 173.719 300 89
0 650 173.801 300 89
0 650 173.888 300 89
0 650 173.978 300 89
0 650 174.056 300 89
0 650 174.113 300 89
0 650 174.173 300 89
0 650 174.235 300 89
0 650 174.321 300 89
0 650 174.383 300 89
0 650 174.442 300 89
0 650 174.504 300 89
0 650 174.557 300 89
0 650 174.62 300 89
0 650 174.684 300 89
0 650 174.747 300 89
0 650 174.805 300 89
0 650 174.863 300 89
0 650 174.922 300 89
0 650 174.983 300 89
0 650 175.045 300 89
0 650 175.106 300 89
0 650 175.168 300 89
0 650 175.23 300 89
0 650 175.291 300 89
0 650 175.35 300 89
0 650 175.412 300 89
0 650 175.465 300 89
0 650 175.525 300 89
0 650 175.588 300 89
0 650 175.648 300 89
0 650 175.71 300 89
0 650 175.77 300 89
0 650 175.835 300 89
0 650 175.897 300 89
0 650 175.955 300 89
0 650 176.009 300 89
0 650 176.071 300 89
0 650 176.131 300 89
0 650 176.194 300 89
0 650 176.249 300 89
0 650 176.307 300 89
0 650 176.366 300 89
0 650 176.43 300 89
0 650 176.492 300 89
0 650 176.548 300 89
0 650 176.602 300 89
0 650 176.665 300 89
0 650 176.73 300 89
0 650 176.788 300 89
0 650 176.847 300 89
0 650 176.907 300 89
0 650 176.964 300 89
0 650 177.028 300 89
0 650 177.091 300 89
0 650 177.153 300 89
0 650 177.21 300 89
0 650 177.275 300 89
0 650 177.332 300 89
0 650 177.396 300 89
0 650 177.452 300 89
0 650 177.513 300 89
0 650 177.577 300 89
0 650 177.637 300 89
0 650 177.697 300 89
0 650 177.754 300 89
0 650 177.818 300 89
0 650 177.874 300 89
0 650 177.932 300 89
0 650 177.994 300 89
0 650 178.079 300 89
0 650 178.134 300 89
0 650 178.197 300 89
0 650 178.258 300 89
0 650 178.324 300 89
0 650 178.388 300 89
0 650 178.447 300 89
0 650 178.504 300 89
0 650 178.568 300 89
0 650 178.639 300 89
0 650 178.726 300 89
0 650 178.816 300 89
0 650 178.908 300 89
0 650 178.997 300 89
0 650 179.077 300 89
0 650 179.146 300 89
0 650 179.214 300 89
0 650 179.285 300 89
0 650 179.343 300 89
0 650 179.432 300 89
0 650 179.522 300 89
0 650 179.61 300 89
0 650 179.693 300 89
0 650 179.773 300 89
0 650 179.861 300 89
0 650 179.946 300 89
0 650 180.037 300 89
0 650 180.127 300 89
0 650 180.214 300 89
0 650 180.301 300 89
0 650 180.389 300 89
0 650 180.484 300 89
0 650 180.576 300 89
0 650 180.669 300 89
0 650 180.76 300 89
0 650 180.852 300 89
0 650 180.934 300 89
0 650 181.017 300 89
0 650 181.105 300 89
0 650 181.195 300 89
0 650 181.28 300 89
0 650 181.362 300 89
0 650 181.45 300 89
0 650 181.535 300 89
0 650 181.62 300 89
0 650 181.708 300 89
0 650 181.796 300 89
0 650 181.879 300 89
0 650 181.965 300 89
0 650 182.048 300 89
0 650 182.134 300 89
0 650 182.223 300 89
0 650 182.307 300 89
0 650 182.393 300 89
0 650 182.478 300 89
0 650 182.56 300 89
0 650 182.643 300 89
0 650 182.732 300 89
0 650 182.815 300 89
0 650 182.897 300 89
0 650 182.961 300 89
0 650 183.022 300 89
0 650 183.087 300 89
0 650 183.143 300 89
0 650 183.258 300 89
0 650 183.316 300 89
0 650 183.383 300 89
0 650 183.443 300 89
0 650 183.5 300 89
0 650 183.561 300 89
0 650 183.624 300 89
0 650 183.687 300 89
0 650 183.737 300 89
0 650 183.806 300 89
0 650 183.868 300 89
0 650 183.93 300 89
0 650 184.023 300 89
0 650 184.081 300 89
0 650 184.142 300 89
0 650 184.204 300 89
0 650 184.272 300 89
0 650 184.344 300 89
0 650 184.401 300 89
0 650 184.46 300 89
0 650 184.516 300 89
0 650 184.575 300 89
0 650 184.634 300 89
0 650 184.695 300 89
0 650 184.757 300 89
0 650 184.817 300 89
0 650 184.878 300 89
0 650 184.944 300 89
0 650 185.005 300 89
0 650 185.069 300 89
0 650 185.128 300 89
0 650 185.194 300 89
0 650 185.255 300 89
0 650 185.334 300 89
0 650 185.415 300 89
0 650 185.508 300 89
0 650 185.604 300 89
0 650 185.692 300 89
0 650 185.779 300 89
0 650 185.869 300 89
0 650 185.959 300 89
0 650 186.045 300 89
0 650 186.133 300 89
0 650 186.225 300 89
0 650 186.32 300 89
0 650 186.402 300 89
0 650 186.488 300 89
0 650 186.575 300 89
0 650 186.665 300 89
0 650 186.756 300 89
0 650 186.841 300 89
0 650 186.93 300 89
0 650 187.039 300 89
0 650 187.12 300 89
0 650 187.212 300 89
0 650 187.288 300 89
0 650 187.372 300 89
0 650 187.462 300 89
0 650 187.555 300 89
0 650 187.645 300 89
0 650 187.732 300 89
0 650 187.821 300 89
0 650 187.906 300 89
0 650 187.989 300 89
0 650 188.079 300 89
0 650 188.164 300 89
0 650 188.25 300 89
0 650 188.334 300 89
0 650 188.415 300 89
0 650 188.508 300 89
0 650 188.598 300 89
0 650 188.69 300 89
0 650 188.774 300 89
0 650 188.861 300 89
0 650 188.944 300 89
0 650 189.029 300 89
0 650 189.116 300 89
0 650 189.208 300 89
0 650 189.294 300 89
0 650 189.393 300 89
0 650 189.488 300 89
0 650 189.572 300 89
0 650 189.666 300 89
0 650 189.749 300 89
0 650 189.838 300 89
0 650 189.929 300 89
0 650 190.004 300 89
0 650 190.071 300 89
0 650 190.129 300 89
0 650 190.189 300 89
0 650 190.249 300 89
0 650 190.309 300 89
0 650 190.362 300 89
0 650 190.419 300 89
0 650 190.478 300 89
0 650 190.533 300 89
0 650 190.591 300 89
0 650 190.648 300 89
0 650 190.711 300 89
0 650 190.774 300 89
0 650 190.835 300 89
0 650 190.894 300 89
0 650 190.957 300 89
0 650 191.02 300 89
0 650 191.109 300 89
0 650 191.198 300 89
0 650 191.282 300 89
0 650 191.365 300 89
0 650 191.457 300 89
0 650 191.517 300 89
0 650 191.586 300 89
0 650 191.675 300 89
0 650 191.77 300 89
0 650 191.863 300 89
0 650 191.957 300 89
0 650 192.057 300 89
0 650 192.143 300 89
0 650 192.223 300 89
0 650 192.313 300 89
0 650 192.4 300 89
0 650 192.494 300 89
0 650 192.581 300 89
0 650 192.666 300 89
0 650 192.752 300 89
0 650 192.829 300 89
0 650 192.923 300 89
0 650 193.008 300 89
0 650 193.094 300 89
0 650 193.185 300 89
0 650 193.277 300 89
0 650 193.373 300 89
0 650 193.522 300 89
0 650 193.612 300 89
0 650 193.699 300 89
0 650 193.786 300 89
0 650 193.877 300 89
0 650 193.969 300 89
0 650 194.053 300 89
0 650 194.137 300 89
0 650 194.225 300 89
0 650 194.311 300 89
0 650 194.398 300 89
0 650 194.491 300 89
0 650 194.579 300 89
0 650 194.664 300 89
0 650 194.742 300 89
0 650 194.834 300 89
0 650 194.922 300 89
0 650 195.01 300 89
0 650 195.088 300 89
0 650 195.18 300 89
0 650 195.271 300 89
0 650 195.367 300 89
0 650 195.459 300 89
0 650 195.553 300 89
0 650 195.641 300 89
0 650 195.732 300 89
0 650 195.829 300 89
0 650 195.926 300 89
0 650 196.018 300 89
0 650 196.104 300 89
0 650 196.197 300 89
0 650 196.288 300 89
0 650 196.38 300 89
0 650 196.468 300 89
0 650 196.543 300 89
0 650 196.636 300 89
0 650 196.736 300 89
0 650 196.822 300 89
0 650 196.917 300 89
0 650 197.007 300 89
0 650 197.094 300 89
0 650 197.179 300 89
0 650 197.261 300 89
0 650 197.344 300 89
0 650 197.435 300 89
0 650 197.525 300 89
0 650 197.623 300 89
0 650 197.714 300 89
0 650 197.805 300 89
0 650 197.892 300 89
0 650 197.976 300 89
0 650 198.065 300 89
0 650 198.156 300 89
0 650 198.25 300 89
0 650 198.311 300 89
0 650 198.383 300 89
0 650 198.469 300 89
0 650 198.557 300 89
0 650 198.648 300 89
0 650 198.743 300 89
0 650 198.837 300 89
0 650 198.922 300 89
0 650 199.006 300 89
0 650 199.09 300 89
0 650 199.17 300 89
0 650 199.254 300 89
0 650 199.339 300 89
0 650 199.425 300 89
0 650 199.503 300 89
0 650 199.585 300 89
0 650 199.661 300 89
0 650 199.747 300 89
0 650 199.846 300 89
0 650 199.94 300 89
0 650 200.033 300 89
0 650 200.117 300 89
0 650 200.199 300 89
0 650 200.296 300 89
0 650 200.385 300 89
0 650 200.444 300 89
0 650 200.507 300 89
0 650 200.569 300 89
0 650 200.633 300 89
0 650 200.685 300 89
0 650 200.743 300 89
0 650 200.808 300 89
0 650 200.868 300 89
0 650 200.925 300 89
0 650 200.984 300 89
0 650 201.044 300 89
0 650 201.141 300 89
0 650 201.22 300 89
0 650 201.321 300 89
0 650 201.413 300 89
0 650 201.497 300 89
0 650 201.581 300 89
0 650 201.664 300 89
0 650 201.749 300 89
0 650 201.829 300 89
0 650 201.921 300 89
0 650 202.013 300 89
0 650 202.099 300 89
0 650 202.186 300 89
0 650 202.274 300 89
0 650 202.37 300 89
0 650 202.462 300 89
0 650 202.56 300 89
0 650 202.645 300 89
0 650 202.737 300 89
0 650 202.82 300 89
0 650 202.92 300 89
0 650 203.01 300 89
0 650 203.104 300 89
0 650 203.197 300 89
0 650 203.29 300 89
0 650 203.386 300 89
0 650 203.472 300 89
0 650 203.553 300 89
0 650 203.64 300 89
0 650 203.732 300 89
0 650 203.829 300 89
0 650 203.909 300 89
0 650 203.995 300 89
0 650 204.085 300 89
0 650 204.182 300 89
0 650 204.283 300 89
0 650 204.372 300 89
0 650 204.435 300 89
0 650 204.524 300 89
0 650 204.616 300 89
0 650 204.701 300 89
0 650 204.79 300 89
0 650 204.887 300 89
0 650 204.986 300 89
0 650 205.088 300 89
0 650 205.194 300 89
0 650 205.292 300 89
0 650 205.388 300 89
0 650 205.478 300 89
0 650 205.566 300 89
0 650 205.65 300 89
0 650 205.755 300 89
0 650 205.848 300 89
0 650 205.944 300 89
0 650 206.039 300 89
0 650 206.131 300 89
0 650 206.233 300 89
0 650 206.317 300 89
0 650 206.406 300 89
0 650 206.496 300 89
0 650 206.592 300 89
0 650 206.686 300 89
0 650 206.787 300 89
0 650 206.878 300 89
0 650 206.982 300 89
0 650 207.086 300 89
0 650 207.183 300 89
0 650 207.253 300 89
0 650 207.317 300 89
0 650 207.381 300 89
0 650 207.447 300 89
0 650 207.511 300 89
0 650 207.581 300 89
0 650 207.651 300 89
0 650 207.712 300 89
0 650 207.779 300 89
0 650 207.841 300 89
0 650 207.904 300 89
0 650 207.965 300 89
0 650 208.024 300 89
0 650 208.096 300 89
0 650 208.211 300 89
0 650 208.328 300 89
0 650 208.436 300 89
0 650 208.558 300 89
0 650 208.684 300 89
0 650 208.807 300 89
0 650 208.92 300 89
0 650 209.049 300 89
0 650 209.162 300 89
0 650 209.282 300 89
0 650 209.416 300 89
0 650 209.537 300 89
0 650 209.655 300 89
0 650 209.776 300 89
0 650 209.894 300 89
0 650 210.02 300 89
0 650 210.137 300 89
0 650 210.259 300 89
0 650 210.39 300 89
0 650 210.514 300 89
0 650 210.633 300 89
0 650 210.738 300 89
0 650 210.83 300 89
0 650 210.924 300 89
0 650 211.011 300 89
0 650 211.094 300 89
0 650 211.184 300 89
0 650 211.275 300 89
0 650 211.37 300 89
0 650 211.463 300 89
0 650 211.563 300 89
0 650 211.661 300 89
0 650 211.758 300 89
0 650 211.849 300 89
0 650 211.947 300 89
0 650 212.04 300 89
0 650 212.134 300 89
0 650 212.222 300 89
0 650 212.309 300 89
0 650 212.401 300 89
0 650 212.496 300 89
0 650 212.588 300 89
0 650 212.685 300 89
0 650 212.775 300 89
0 650 212.873 300 89
0 650 212.966 300 89
0 650 213.071 300 89
0 650 213.162 300 89
0 650 213.224 300 89
0 650 213.316 300 89
0 650 213.41 300 89
0 650 213.502 300 89
0 650 213.585 300 89
0 650 213.681 300 89
0 650 213.777 300 89
0 650 213.879 300 89
0 650 213.987 300 89
0 650 214.085 300 89
0 650 214.177 300 89
0 650 214.267 300 89
0 650 214.363 300 89
0 650 214.456 300 89
0 650 214.543 300 89
0 650 214.65 300 89
0 650 214.741 300 89
0 650 214.837 300 89
0 650 214.931 300 89
0 650 215.034 300 89
0 650 215.127 300 89
0 650 215.23 300 89
0 650 215.327 300 89
0 650 215.412 300 89
0 650 215.495 300 89
0 650 215.591 300 89
0 650 215.683 300 89
0 650 215.775 300 89
0 650 215.868 300 89
0 650 215.967 300 89
0 650 216.065 300 89
0 650 216.151 300 89
0 650 216.241 300 89
0 650 216.328 300 89
0 650 216.414 300 89
0 650 216.516 300 89
0 650 216.605 300 89
0 650 216.702 300 89
0 650 216.788 300 89
0 650 216.881 300 89
0 650 216.98 300 89
0 650 217.074 300 89
0 650 217.172 300 89
0 650 217.258 300 89
0 650 217.353 300 89
0 650 217.457 300 89
0 650 217.548 300 89
0 650 217.635 300 89
0 650 217.736 300 89
0 650 217.836 300 89
0 650 217.935 300 89
0 650 218.031 300 89
0 650 218.122 300 89
0 650 218.207 300 89
0 650 218.305 300 89
0 650 218.4 300 89
0 650 218.492 300 89
0 650 218.575 300 89
0 650 218.673 300 89
0 650 218.773 300 89
0 650 218.864 300 89
0 650 218.962 300 89
0 650 219.052 300 89
0 650 219.146 300 89
0 650 219.243 300 89
0 650 219.34 300 89
0 650 219.43 300 89
0 650 219.522 300 89
0 650 219.619 300 89
0 650 219.71 300 89
0 650 219.793 300 89
0 650 219.892 300 89
0 650 219.978 300 89
0 650 220.072 300 89
0 650 220.162 300 89
0 650 220.25 300 89
0 650 220.349 300 89
0 650 220.435 300 89
0 650 220.527 300 89
0 650 220.62 300 89
0 650 220.71 300 89
0 650 220.806 300 89
0 650 220.902 300 89
0 650 220.986 300 89
0 650 221.078 300 89
0 650 221.173 300 89
0 650 221.265 300 89
0 650 221.32 300 89
0 650 221.416 300 89
0 650 221.515 300 89
0 650 221.608 300 89
0 650 221.701 300 89
0 650 221.789 300 89
0 650 221.879 300 89
0 650 221.974 300 89
0 650 222.072 300 89
0 650 222.16 300 89
0 650 222.251 300 89
0 650 222.347 300 89
0 650 222.444 300 89
0 650 222.528 300 89
0 650 222.629 300 89
0 650 222.727 300 89
0 650 222.82 300 89
0 650 222.915 300 89
0 650 223.015 300 89
0 650 223.105 300 89
0 650 223.189 300 89
0 650 223.283 300 89
0 650 223.381 300 89
0 650 223.478 300 89
0 650 223.577 300 89
0 650 223.664 300 89
0 650 223.768 300 89
0 650 223.854 300 89
0 650 223.94 300 89
0 650 224.037 300 89
0 650 224.127 300 89
0 650 224.224 300 89
0 650 224.317 300 89
0 650 224.423 300 89
0 650 224.519 300 89
0 650 224.62 300 89
0 650 224.716 300 89
0 650 224.81 300 89
0 650 224.907 300 89
0 650 224.992 300 89
0 650 225.091 300 89
0 650 225.184 300 89
0 650 225.283 300 89
0 650 225.379 300 89
0 650 225.472 300 89
0 650 225.562 300 89
0 650 225.657 300 89
0 650 225.747 300 89
0 650 225.838 300 89
0 650 225.919 300 89
0 650 226.017 300 89
0 650 226.11 300 89
0 650 226.205 300 89
0 650 226.302 300 89
0 650 226.401 300 89
0 650 226.491 300 89
0 650 226.586 300 89
0 650 226.677 300 89
0 650 226.767 300 89
0 650 226.88 300 89
0 650 226.968 300 89
0 650 227.055 300 89
0 650 227.146 300 89
0 650 227.247 300 89
0 650 227.335 300 89
0 650 227.424 300 89
0 650 227.507 300 89
0 650 227.596 300 89
0 650 227.692 300 89
0 650 227.782 300 89
0 650 227.871 300 89
0 650 227.964 300 89
0 650 228.058 300 89
0 650 228.153 300 89
0 650 228.246 300 89
0 650 228.337 300 89
0 650 228.435 300 89
0 650 228.541 300 89
0 650 228.629 300 89
0 650 228.731 300 89
0 650 228.828 300 89
0 650 228.914 300 89
0 650 229.013 300 89
0 650 229.096 300 89
0 650 229.193 300 89
0 650 229.289 300 89
0 650 229.382 300 89
0 650 229.47 300 89
0 650 229.56 300 89
0 650 229.638 300 89
0 650 229.736 300 89
0 650 229.819 300 89
0 650 229.917 300 89
0 650 230.005 300 89
0 650 230.095 300 89
0 650 230.174 300 89
0 650 230.265 300 89
0 650 230.35 300 89
0 650 230.442 300 89
0 650 230.539 300 89
0 650 230.636 300 89
0 650 230.731 300 89
0 650 230.826 300 89
0 650 230.913 300 89
0 650 230.998 300 89
0 650 231.087 300 89
0 650 231.171 300 89
0 650 231.276 300 89
0 650 231.369 300 89
0 650 231.455 300 89
0 650 231.543 300 89
0 650 231.636 300 89
0 650 231.731 300 89
0 650 231.812 300 89
0 650 231.91 300 89
0 650 232 300 89
0 650 232.078 300 89
0 650 232.165 300 89
0 650 232.252 300 89
0 650 232.337 300 89
0 650 232.431 300 89
0 650 232.525 300 89
0 650 232.613 300 89
0 650 232.707 300 89
0 650 232.771 300 89
0 650 232.86 300 89
0 650 232.992 300 89
0 650 233.09 300 89
0 650 233.179 300 89
0 650 233.27 300 89
0 650 233.366 300 89
0 650 233.446 300 89
0 650 233.534 300 89
0 650 233.621 300 89
0 650 233.707 300 89
0 650 233.803 300 89
0 650 233.886 300 89
0 650 233.963 300 89
0 650 234.057 300 89
0 650 234.155 300 89
0 650 234.248 300 89
0 650 234.339 300 89
0 650 234.427 300 89
0 650 234.519 300 89
0 650 234.606 300 89
0 650 234.69 300 89
0 650 234.779 300 89
0 650 234.874 300 89
0 650 234.963 300 89
0 650 235.021 300 89
0 650 235.111 300 89
0 650 235.207 300 89
0 650 235.304 300 89
0 650 235.394 300 89
0 650 235.49 300 89
0 650 235.626 300 89
0 650 235.71 300 89
0 650 235.801 300 89
0 650 235.898 300 89
0 650 235.985 300 89
0 650 236.078 300 89
0 650 236.165 300 89
0 650 236.254 300 89
0 650 236.342 300 89
0 650 236.426 300 89
0 650 236.517 300 89
0 650 236.598 300 89
0 650 236.674 300 89
0 650 236.763 300 89
0 650 236.853 300 89
0 650 236.943 300 89
0 650 237.034 300 89
0 650 237.12 300 89
0 650 237.203 300 89
0 650 237.291 300 89
0 650 237.377 300 89
0 650 237.463 300 89
0 650 237.548 300 89
0 650 237.642 300 89
0 650 237.731 300 89
0 650 237.82 300 89
0 650 237.907 300 89
0 650 237.994 300 89
0 650 238.082 300 89
0 650 238.166 300 89
0 650 238.244 300 89
0 650 238.334 300 89
0 650 238.424 300 89
0 650 238.512 300 89
0 650 238.606 300 89
0 650 238.693 300 89
0 650 238.78 300 89
0 650 238.88 300 89
0 650 238.975 300 89
0 650 239.057 300 89
0 650 239.14 300 89
0 650 239.239 300 89
0 650 239.341 300 89
0 650 239.429 300 89
0 650 239.517 300 89
0 650 239.605 300 89
0 650 239.697 300 89
0 650 239.789 300 89
0 650 239.876 300 89
0 650 239.963 300 89
0 650 240.049 300 89
0 650 240.138 300 89
0 650 240.224 300 89
0 650 240.313 300 89
0 650 240.406 300 89
0 650 240.497 300 89
0 650 240.571 300 89
0 650 240.659 300 89
0 650 240.744 300 89
0 650 240.837 300 89
0 650 240.912 300 89
0 650 241.002 300 89
0 650 241.098 300 89
0 650 241.189 300 89
0 650 241.285 300 89
0 650 241.354 300 89
0 650 241.415 300 89
0 650 241.479 300 89
0 650 241.539 300 89
0 650 241.598 300 89
0 650 241.661 300 89
0 650 241.725 300 89
0 650 241.79 300 89
0 650 241.855 300 89
0 650 241.917 300 89
0 650 241.973 300 89
0 650 242.028 300 89
0 650 242.091 300 89
0 650 242.16 300 89
0 650 242.219 300 89
0 650 242.273 300 89
0 650 242.331 300 89
0 650 242.393 300 89
0 650 242.453 300 89
0 650 242.52 300 89
0 650 242.583 300 89
0 650 242.65 300 89
0 650 242.712 300 89
0 650 242.784 300 89
0 650 242.872 300 89
0 650 242.959 300 89
0 650 243.044 300 89
0 650 243.134 300 89
0 650 243.221 300 89
0 650 243.309 300 89
0 650 243.391 300 89
0 650 243.484 300 89
0 650 243.572 300 89
0 650 243.65 300 89
0 650 243.741 300 89
0 650 243.834 300 89
0 650 243.921 300 89
0 650 244.006 300 89
0 650 244.075 300 89
0 650 244.161 300 89
0 650 244.251 300 89
0 650 244.344 300 89
0 650 244.434 300 89
0 650 244.518 300 89
0 650 244.608 300 89
0 650 244.718 300 89
0 650 244.8 300 89
0 650 244.891 300 89
0 650 244.978 300 89
0 650 245.071 300 89
0 650 245.173 300 89
0 650 245.255 300 89
0 650 245.341 300 89
0 650 245.426 300 89
0 650 245.512 300 89
0 650 245.592 300 89
0 650 245.681 300 89
0 650 245.769 300 89
0 650 245.851 300 89
0 650 245.94 300 89
0 650 246.028 300 89
0 650 246.114 300 89
0 650 246.211 300 89
0 650 246.301 300 89
0 650 246.365 300 89
0 650 246.452 300 89
0 650 246.529 300 89
0 650 246.61 300 89
0 650 246.696 300 89
0 650 246.783 300 89
0 650 246.86 300 89
0 650 246.944 300 89
0 650 247.027 300 89
0 650 247.086 300 89
0 650 247.146 300 89
0 650 247.211 300 89
0 650 247.27 300 89
0 650 247.333 300 89
0 650 247.399 300 89
0 650 247.462 300 89
0 650 247.514 300 89
0 650 247.575 300 89
0 650 247.637 300 89
0 650 247.714 300 89
0 650 247.804 300 89
0 650 247.894 300 89
0 650 247.978 300 89
0 650 248.061 300 89
0 650 248.144 300 89
0 650 248.231 300 89
0 650 248.32 300 89
0 650 248.405 300 89
0 650 248.498 300 89
0 650 248.585 300 89
0 650 248.676 300 89
0 650 248.767 300 89
0 650 248.856 300 89
0 650 248.948 300 89
0 650 249.031 300 89
0 650 249.12 300 89
0 650 249.207 300 89
0 650 249.298 300 89
0 650 249.381 300 89
0 650 249.468 300 89
0 650 249.552 300 89
0 650 249.647 300 89
0 650 249.732 300 89
0 650 249.827 300 89
0 650 249.919 300 89
0 650 250.011 300 89
0 650 250.098 300 89
0 650 250.187 300 89
0 650 250.271 300 89
0 650 250.365 300 89
0 650 250.458 300 89
0 650 250.55 300 89
0 650 250.633 300 89
0 650 250.722 300 89
0 650 250.813 300 89
0 650 250.905 300 89
0 650 250.994 300 89
0 650 251.089 300 89
0 650 251.175 300 89
0 650 251.25 300 89
0 650 251.342 300 89
0 650 251.432 300 89
0 650 251.521 300 89
0 650 251.619 300 89
0 650 251.712 300 89
0 650 251.806 300 89
0 650 251.897 300 89
0 650 251.994 300 89
0 650 252.087 300 89
0 650 252.182 300 89
0 650 252.275 300 89
0 650 252.362 300 89
0 650 252.457 300 89
0 650 252.542 300 89
0 650 252.624 300 89
0 650 252.715 300 89
0 650 252.802 300 89
0 650 252.894 300 89
0 650 252.981 300 89
0 650 253.075 300 89
0 650 253.17 300 89
0 650 253.256 300 89
0 650 253.348 300 89
0 650 253.428 300 89
0 650 253.517 300 89
0 650 253.601 300 89
0 650 253.689 300 89
0 650 253.781 300 89
0 650 253.868 300 89
0 650 253.962 300 89
0 650 254.05 300 89
0 650 254.137 300 89
0 650 254.216 300 89
0 650 254.279 300 89
0 650 254.357 300 89
0 650 254.447 300 89
0 650 254.538 300 89
0 650 254.627 300 89
0 650 254.706 300 89
0 650 254.789 300 89
0 650 254.876 300 89
0 650 254.961 300 89
0 650 255.05 300 89
0 650 255.141 300 89
0 650 255.218 300 89
0 650 255.302 300 89
0 650 255.384 300 89
0 650 255.476 300 89
0 650 255.571 300 89
0 650 255.665 300 89
0 650 255.757 300 89
0 650 255.844 300 89
0 650 255.927 300 89
0 650 256.017 300 89
0 650 256.101 300 89
0 650 256.188 300 89
0 650 256.278 300 89
0 650 256.362 300 89
0 650 256.442 300 89
0 650 256.528 300 89
0 650 256.614 300 89
0 650 256.694 300 89
0 650 256.788 300 89
0 650 256.881 300 89
0 650 256.967 300 89
0 650 257.054 300 89
0 650 257.138 300 89
0 650 257.22 300 89
0 650 257.307 300 89
0 650 257.4 300 89
0 650 257.487 300 89
0 650 257.579 300 89
0 650 257.661 300 89
0 650 257.74 300 89
0 650 257.819 300 89
0 650 257.908 300 89
0 650 257.996 300 89
0 650 258.085 300 89
0 650 258.161 300 89
0 650 258.25 300 89
0 650 258.333 300 89
0 650 258.423 300 89
0 650 258.504 300 89
0 650 258.603 300 89
0 650 258.683 300 89
0 650 258.789 300 89
0 650 258.879 300 89
0 650 258.971 300 89
0 650 259.054 300 89
0 650 259.14 300 89
0 650 259.229 300 89
0 650 259.318 300 89
0 650 259.406 300 89
0 650 259.495 300 89
0 650 259.569 300 89
0 650 259.657 300 89
0 650 259.747 300 89
0 650 259.838 300 89
0 650 259.93 300 89
0 650 260.018 300 89
0 650 260.106 300 89
0 650 260.198 300 89
0 650 260.282 300 89
0 650 260.37 300 89
0 650 260.462 300 89
0 650 260.548 300 89
0 650 260.639 300 89
0 650 260.718 300 89
0 650 260.798 300 89
0 650 260.884 300 89
0 650 260.969 300 89
0 650 261.052 300 89
0 650 261.143 300 89
0 650 261.229 300 89
0 650 261.32 300 89
0 650 261.408 300 89
0 650 261.498 300 89
0 650 261.592 300 89
0 650 261.672 300 89
0 650 261.757 300 89
0 650 261.855 300 89
0 650 261.938 300 89
0 650 262.025 300 89
0 650 262.112 300 89
0 650 262.195 300 89
0 650 262.288 300 89
0 650 262.379 300 89
0 650 262.472 300 89
0 650 262.563 300 89
0 650 262.654 300 89
0 650 262.735 300 89
0 650 262.82 300 89
0 650 262.9 300 89
0 650 262.986 300 89
0 650 263.075 300 89
0 650 263.157 300 89
0 650 263.243 300 89
0 650 263.332 300 89
0 650 263.422 300 89
0 650 263.516 300 89
0 650 263.612 300 89
0 650 263.7 300 89
0 650 263.794 300 89
0 650 263.878 300 89
0 650 263.968 300 89
0 650 264.062 300 89
0 650 264.145 300 89
0 650 264.228 300 89
0 650 264.312 300 89
0 650 264.399 300 89
0 650 264.489 300 89
0 650 264.576 300 89
0 650 264.67 300 89
0 650 264.759 300 89
0 650 264.847 300 89
0 650 264.933 300 89
0 650 265.026 300 89
0 650 265.111 300 89
0 650 265.231 300 89
0 650 265.331 300 89
0 650 265.412 300 89
0 650 265.5 300 89
0 650 265.583 300 89
0 650 265.677 300 89
0 650 265.768 300 89
0 650 265.856 300 89
0 650 265.946 300 89
0 650 266.027 300 89
0 650 266.109 300 89
0 650 266.198 300 89
0 650 266.288 300 89
0 650 266.416 300 89
0 650 266.504 300 89
0 650 266.586 300 89
0 650 266.67 300 89
0 650 266.759 300 89
0 650 266.845 300 89
0 650 266.936 300 89
0 650 267.022 300 89
0 650 267.108 300 89
0 650 267.199 300 89
0 650 267.293 300 89
0 650 267.376 300 89
0 650 267.461 300 89
0 650 267.542 300 89
0 650 267.629 300 89
0 650 267.71 300 89
0 650 267.803 300 89
0 650 267.885 300 89
0 650 267.981 300 89
0 650 268.06 300 89
0 650 268.153 300 89
0 650 268.239 300 89
0 650 268.334 300 89
0 650 268.419 300 89
0 650 268.503 300 89
0 650 268.594 300 89
0 650 268.686 300 89
0 650 268.776 300 89
0 650 268.86 300 89
0 650 268.947 300 89
0 650 269.033 300 89
0 650 269.121 300 89
0 650 269.218 300 89
0 650 269.305 300 89
0 650 269.392 300 89
0 650 269.484 300 89
0 650 269.569 300 89
0 650 269.708 300 89
0 650 269.797 300 89
0 650 269.88 300 89
0 650 269.96 300 89
0 650 270.047 300 89
0 650 270.137 300 89
0 650 270.225 300 89
0 650 270.313 300 89
0 650 270.398 300 89
0 650 270.481 300 89
0 650 270.568 300 89
0 650 270.646 300 89
0 650 270.736 300 89
0 650 270.83 300 89
0 650 270.919 300 89
0 650 271.005 300 89
0 650 271.095 300 89
0 650 271.18 300 89
0 650 271.271 300 89
0 650 271.361 300 89
0 650 271.449 300 89
0 650 271.54 300 89
0 650 271.628 300 89
0 650 271.714 300 89
0 650 271.802 300 89
0 650 271.89 300 89
0 650 271.974 300 89
0 650 272.061 300 89
0 650 272.15 300 89
0 650 272.236 300 89
0 650 272.321 300 89
0 650 272.413 300 89
0 650 272.498 300 89
0 650 272.585 300 89
0 650 272.677 300 89
0 650 272.765 300 89
0 650 272.86 300 89
0 650 272.949 300 89
0 650 273.038 300 89
0 650 273.124 300 89
0 650 273.202 300 89
0 650 273.291 300 89
0 650 273.377 300 89
0 650 273.472 300 89
0 650 273.564 300 89
0 650 273.647 300 89
0 650 273.725 300 89
0 650 273.813 300 89
0 650 273.91 300 89
0 650 273.995 300 89
0 650 274.082 300 89
0 650 274.175 300 89
0 650 274.263 300 89
0 650 274.318 300 89
0 650 274.401 300 89
0 650 274.47 300 89
0 650 274.552 300 89
0 650 274.644 300 89
0 650 274.73 300 89
0 650 274.815 300 89
0 650 274.903 300 89
0 650 274.991 300 89
0 650 275.079 300 89
0 650 275.156 300 89
0 650 275.239 300 89
0 650 275.331 300 89
0 650 275.419 300 89
0 650 275.504 300 89
0 650 275.592 300 89
0 650 275.684 300 89
0 650 275.774 300 89
0 650 275.861 300 89
0 650 275.948 300 89
0 650 276.036 300 89
0 650 276.13 300 89
0 650 276.214 300 89
0 650 276.298 300 89
0 650 276.386 300 89
0 650 276.476 300 89
0 650 276.555 300 89
0 650 276.643 300 89
0 650 276.738 300 89
0 650 276.827 300 89
0 650 276.917 300 89
0 650 277.011 300 89
0 650 277.093 300 89
0 650 277.182 300 89
0 650 277.278 300 89
0 650 277.37 300 89
0 650 277.468 300 89
0 650 277.554 300 89
0 650 277.639 300 89
0 650 277.719 300 89
0 650 277.796 300 89
0 650 277.886 300 89
0 650 277.979 300 89
0 650 278.052 300 89
0 650 278.134 300 89
0 650 278.27 300 89
0 650 278.355 300 89
0 650 278.439 300 89
0 650 278.532 300 89
0 650 278.626 300 89
0 650 278.717 300 89
0 650 278.801 300 89
0 650 278.89 300 89
0 650 278.975 300 89
0 650 279.055 300 89
0 650 279.142 300 89
0 650 279.227 300 89
0 650 279.304 300 89
0 650 279.389 300 89
0 650 279.473 300 89
0 650 279.55 300 89
0 650 279.638 300 89
0 650 279.725 300 89
0 650 279.817 300 89
0 650 279.906 300 89
0 650 279.991 300 89
0 650 280.077 300 89
0 650 280.163 300 89
0 650 280.252 300 89
0 650 280.331 300 89
0 650 280.424 300 89
0 650 280.52 300 89
0 650 280.613 300 89
0 650 280.696 300 89
0 650 280.784 300 89
0 650 280.867 300 89
0 650 280.947 300 89
0 650 281.036 300 89
0 650 281.12 300 89
0 650 281.211 300 89
0 650 281.296 300 89
0 650 281.378 300 89
0 650 281.463 300 89
0 650 281.552 300 89
0 650 281.635 300 89
0 650 281.722 300 89
0 650 281.807 300 89
0 650 281.894 300 89
0 650 281.976 300 89
0 650 282.064 300 89
0 650 282.156 300 89
0 650 282.247 300 89
0 650 282.332 300 89
0 650 282.417 300 89
0 650 282.511 300 89
0 650 282.6 300 89
0 650 282.69 300 89
0 650 282.772 300 89
0 650 282.853 300 89
0 650 282.94 300 89
0 650 283.03 300 89
0 650 283.114 300 89
0 650 283.205 300 89
0 650 283.284 300 89
0 650 283.368 300 89
0 650 283.463 300 89
0 650 283.551 300 89
0 650 283.636 300 89
0 650 283.725 300 89
0 650 283.807 300 89
0 650 283.902 300 89
0 650 283.99 300 89
0 650 284.076 300 89
0 650 284.158 300 89
0 650 284.247 300 89
0 650 284.331 300 89
0 650 284.422 300 89
0 650 284.504 300 89
0 650 284.597 300 89
0 650 284.683 300 89
0 650 284.774 300 89
0 650 284.864 300 89
0 650 284.954 300 89
0 650 285.038 300 89
0 650 285.124 300 89
0 650 285.208 300 89
0 650 285.298 300 89
0 650 285.387 300 89
0 650 285.48 300 89
0 650 285.565 300 89
0 650 285.657 300 89
0 650 285.743 300 89
0 650 285.827 300 89
0 650 285.916 300 89
0 650 286.004 300 89
0 650 286.081 300 89
0 650 286.169 300 89
0 650 286.258 300 89
0 650 286.351 300 89
0 650 286.439 300 89
0 650 286.517 300 89
0 650 286.577 300 89
0 650 286.644 300 89
0 650 286.704 300 89
0 650 286.766 300 89
0 650 286.827 300 89
0 650 286.89 300 89
0 650 286.958 300 89
0 650 287.027 300 89
0 650 287.091 300 89
0 650 287.173 300 89
0 650 287.257 300 89
0 650 287.336 300 89
0 650 287.43 300 89
0 650 287.52 300 89
0 650 287.611 300 89
0 650 287.7 300 89
0 650 287.784 300 89
0 650 287.881 300 89
0 650 287.975 300 89
0 650 288.047 300 89
0 650 288.136 300 89
0 650 288.225 300 89
0 650 288.315 300 89
0 650 288.398 300 89
0 650 288.487 300 89
0 650 288.568 300 89
0 650 288.658 300 89
0 650 288.75 300 89
0 650 288.841 300 89
0 650 288.956 300 89
0 650 289.053 300 89
0 650 289.141 300 89
0 650 289.231 300 89
0 650 289.336 300 89
0 650 289.439 300 89
0 650 289.521 300 89
0 650 289.611 300 89
0 650 289.705 300 89
0 650 289.819 300 89
0 650 289.917 300 89
0 650 290.012 300 89
0 650 290.088 300 89
0 650 290.164 300 89
0 650 290.239 300 89
0 650 290.333 300 89
0 650 290.418 300 89
0 650 290.5 300 89
0 650 290.586 300 89
0 650 290.656 300 89
0 650 290.742 300 89
0 650 290.821 300 89
0 650 290.903 300 89
0 650 290.997 300 89
0 650 291.069 300 89
0 650 291.152 300 89
0 650 291.241 300 89
0 650 291.332 300 89
0 650 291.42 300 89
0 650 291.512 300 89
0 650 291.593 300 89
0 650 291.691 300 89
0 650 291.784 300 89
0 650 291.865 300 89
0 650 291.955 300 89
0 650 292.047 300 89
0 650 292.143 300 89
0 650 292.227 300 89
0 650 292.321 300 89
0 650 292.408 300 89
0 650 292.48 300 89
0 650 292.563 300 89
0 650 292.64 300 89
0 650 292.722 300 89
0 650 292.811 300 89
0 650 292.895 300 89
0 650 292.98 300 89
0 650 293.066 300 89
0 650 293.157 300 89
0 650 293.243 300 89
0 650 293.331 300 89
0 650 293.412 300 89
0 650 293.483 300 89
0 650 293.566 300 89
0 650 293.655 300 89
0 650 293.739 300 89
0 650 293.819 300 89
0 650 293.912 300 89
0 650 293.996 300 89
0 650 294.095 300 89
0 650 294.196 300 89
0 650 294.289 300 89
0 650 294.367 300 89
0 650 294.453 300 89
0 650 294.537 300 89
0 650 294.626 300 89
0 650 294.72 300 89
0 650 294.813 300 89
0 650 294.887 300 89
0 650 294.968 300 89
0 650 295.045 300 89
0 650 295.131 300 89
0 650 295.215 300 89
0 650 295.295 300 89
0 650 295.371 300 89
0 650 295.447 300 89
0 650 295.534 300 89
0 650 295.627 300 89
0 650 295.715 300 89
0 650 295.796 300 89
0 650 295.89 300 89
0 650 295.979 300 89
0 650 296.06 300 89
0 650 296.146 300 89
0 650 296.234 300 89
0 650 296.312 300 89
0 650 296.399 300 89
0 650 296.481 300 89
0 650 296.57 300 89
0 650 296.665 300 89
0 650 296.773 300 89
0 650 296.88 300 89
0 650 296.979 300 89
0 650 297.08 300 89
0 650 297.177 300 89
0 650 297.27 300 89
0 650 297.358 300 89
0 650 297.453 300 89
0 650 297.56 300 89
0 650 297.615 300 89
0 650 297.709 300 89
0 650 297.802 300 89
0 650 297.906 300 89
0 650 298.007 300 89
0 650 298.096 300 89
0 650 298.187 300 89
0 650 298.273 300 89
0 650 298.361 300 89
0 650 298.449 300 89
0 650 298.547 300 89
0 650 298.63 300 89
0 650 298.718 300 89
0 650 298.799 300 89
0 650 298.886 300 89
0 650 298.98 300 89
0 650 299.065 300 89
0 650 299.144 300 89
0 650 299.231 300 89
0 650 299.312 300 89
0 650 299.384 300 89
0 650 299.464 300 89
0 650 299.55 300 89
0 650 299.641 300 89
0 650 299.728 300 89
0 650 299.824 300 89
0 650 299.922 300 89
0 650 300.007 300 89
0 650 300.094 300 89
0 650 300.172 300 89
0 650 300.257 300 89
0 650 300.341 300 89
0 650 300.432 300 89
0 650 300.526 300 89
0 650 300.612 300 89
0 650 300.692 300 89
0 650 300.778 300 89
0 650 300.862 300 89
0 650 300.949 300 89
0 650 301.039 300 89
0 650 301.125 300 89
0 650 301.208 300 89
0 650 301.293 300 89
0 650 301.379 300 89
0 650 301.467 300 89
0 650 301.56 300 89
0 650 301.646 300 89
0 650 301.723 300 89
0 650 301.808 300 89
0 650 301.862 300 89
0 650 301.948 300 89
0 650 302.035 300 89
0 650 302.122 300 89
0 650 302.215 300 89
0 650 302.301 300 89
0 650 302.384 300 89
0 650 302.47 300 89
0 650 302.559 300 89
0 650 302.642 300 89
0 650 302.735 300 89
0 650 302.819 300 89
0 650 302.901 300 89
0 650 302.986 300 89
0 650 303.067 300 89
0 650 303.153 300 89
0 650 303.26 300 89
0 650 303.346 300 89
0 650 303.429 300 89
0 650 303.517 300 89
0 650 303.608 300 89
0 650 303.693 300 89
0 650 303.775 300 89
0 650 303.858 300 89
0 650 303.948 300 89
0 650 304.036 300 89
0 650 304.13 300 89
0 650 304.215 300 89
0 650 304.299 300 89
0 650 304.387 300 89
0 650 304.481 300 89
0 650 304.572 300 89
0 650 304.666 300 89
0 650 304.759 300 89
0 650 304.848 300 89
0 650 304.933 300 89
0 650 305.015 300 89
0 650 305.095 300 89
0 650 305.179 300 89
0 650 305.264 300 89
0 650 305.362 300 89
0 650 305.448 300 89
0 650 305.537 300 89
0 650 305.617 300 89
0 650 305.707 300 89
0 650 305.8 300 89
0 650 305.893 300 89
0 650 305.986 300 89
0 650 306.08 300 89
0 650 306.172 300 89
0 650 306.255 300 89
0 650 306.344 300 89
0 650 306.427 300 89
0 650 306.512 300 89
0 650 306.607 300 89
0 650 306.671 300 89
0 650 306.764 300 89
0 650 306.848 300 89
0 650 306.935 300 89
0 650 307.018 300 89
0 650 307.104 300 89
0 650 307.189 300 89
0 650 307.271 300 89
0 650 307.363 300 89
0 650 307.451 300 89
0 650 307.54 300 89
0 650 307.63 300 89
0 650 307.718 300 89
0 650 307.816 300 89
0 650 307.914 300 89
0 650 308.008 300 89
0 650 308.096 300 89
0 650 308.191 300 89
0 650 308.278 300 89
0 650 308.371 300 89
0 650 308.462 300 89
0 650 308.55 300 89
0 650 308.63 300 89
0 650 308.717 300 89
0 650 308.812 300 89
0 650 308.897 300 89
0 650 308.988 300 89
0 650 309.075 300 89
0 650 309.167 300 89
0 650 309.23 300 89
0 650 309.314 300 89
0 650 309.405 300 89
0 650 309.492 300 89
0 650 309.576 300 89
0 650 309.659 300 89
0 650 309.746 300 89
0 650 309.844 300 89
0 650 309.94 300 89
0 650 310.034 300 89
0 650 310.121 300 89
0 650 310.205 300 89
0 650 310.289 300 89
0 650 310.385 300 89
0 650 310.473 300 89
0 650 310.558 300 89
0 650 310.646 300 89
0 650 310.735 300 89
0 650 310.824 300 89
0 650 310.909 300 89
0 650 310.997 300 89
0 650 311.086 300 89
0 650 311.171 300 89
0 650 311.255 300 89
0 650 311.341 300 89
0 650 311.42 300 89
0 650 311.504 300 89
0 650 311.587 300 89
0 650 311.679 300 89
0 650 311.766 300 89
0 650 311.848 300 89
0 650 311.935 300 89
0 650 312.009 300 89
0 650 312.113 300 89
0 650 312.201 300 89
0 650 312.274 300 89
0 650 312.368 300 89
0 650 312.463 300 89
0 650 312.552 300 89
0 650 312.638 300 89
0 650 312.725 300 89
0 650 312.817 300 89
0 650 312.911 300 89
0 650 313 300 89
0 650 313.083 300 89
0 650 313.18 300 89
0 650 313.265 300 89
0 650 313.36 300 89
0 650 313.447 300 89
0 650 313.535 300 89
0 650 313.619 300 89
0 650 313.713 300 89
0 650 313.804 300 89
0 650 313.888 300 89
0 650 313.98 300 89
0 650 314.066 300 89
0 650 314.152 300 89
0 650 314.238 300 89
0 650 314.32 300 89
0 650 314.408 300 89
0 650 314.5 300 89
0 650 314.589 300 89
0 650 314.668 300 89
0 650 314.763 300 89
0 650 314.854 300 89
0 650 314.941 300 89
0 650 315.027 300 89
0 650 315.116 300 89
0 650 315.202 300 89
0 650 315.289 300 89
0 650 315.378 300 89
0 650 315.47 300 89
0 650 315.55 300 89
0 650 315.643 300 89
0 650 315.735 300 89
0 650 315.825 300 89
0 650 315.917 300 89
0 650 316.001 300 89
0 650 316.099 300 89
0 650 316.194 300 89
0 650 316.275 300 89
0 650 316.37 300 89
0 650 316.46 300 89
0 650 316.552 300 89
0 650 316.647 300 89
0 650 316.735 300 89
0 650 316.823 300 89
0 650 316.912 300 89
0 650 317.003 300 89
0 650 317.095 300 89
0 650 317.183 300 89
0 650 317.275 300 89
0 650 317.363 300 89
0 650 317.452 300 89
0 650 317.534 300 89
0 650 317.622 300 89
0 650 317.71 300 89
0 650 317.8 300 89
0 650 317.879 300 89
0 650 317.966 300 89
0 650 318.066 300 89
0 650 318.157 300 89
0 650 318.241 300 89
0 650 318.332 300 89
0 650 318.419 300 89
0 650 318.507 300 89
0 650 318.592 300 89
0 650 318.684 300 89
0 650 318.769 300 89
0 650 318.858 300 89
0 650 318.951 300 89
0 650 319.037 300 89
0 650 319.117 300 89
0 650 319.233 300 89
0 650 319.305 300 89
0 650 319.384 300 89
0 650 319.476 300 89
0 650 319.564 300 89
0 650 319.65 300 89
0 650 319.74 300 89
0 650 319.831 300 89
0 650 319.923 300 89
0 650 320.022 300 89
0 650 320.117 300 89
0 650 320.199 300 89
0 650 320.288 300 89
0 650 320.377 300 89
0 650 320.459 300 89
0 650 320.555 300 89
0 650 320.642 300 89
0 650 320.747 300 89
0 650 320.833 300 89
0 650 320.932 300 89
0 650 321.064 300 89
0 650 321.149 300 89
0 650 321.231 300 89
0 650 321.32 300 89
0 650 321.406 300 89
0 650 321.491 300 89
0 650 321.587 300 89
0 650 321.682 300 89
0 650 321.772 300 89
0 650 321.854 300 89
0 650 321.948 300 89
0 650 322.039 300 89
0 650 322.137 300 89
0 650 322.218 300 89
0 650 322.302 300 89
0 650 322.378 300 89
0 650 322.465 300 89
0 650 322.556 300 89
0 650 322.649 300 89
0 650 322.741 300 89
0 650 322.831 300 89
0 650 322.907 300 89
0 650 322.991 300 89
0 650 323.083 300 89
0 650 323.171 300 89
0 650 323.263 300 89
0 650 323.353 300 89
0 650 323.444 300 89
0 650 323.534 300 89
0 650 323.625 300 89
0 650 323.712 300 89
0 650 323.804 300 89
0 650 323.891 300 89
0 650 323.971 300 89
0 650 324.058 300 89
0 650 324.142 300 89
0 650 324.23 300 89
0 650 324.314 300 89
0 650 324.397 300 89
0 650 324.478 300 89
0 650 324.577 300 89
0 650 324.668 300 89
0 650 324.758 300 89
0 650 324.847 300 89
0 650 324.931 300 89
0 650 325.021 300 89
0 650 325.112 300 89
0 650 325.202 300 89
0 650 325.29 300 89
0 650 325.372 300 89
0 650 325.461 300 89
0 650 325.549 300 89
0 650 325.634 300 89
0 650 325.719 300 89
0 650 325.806 300 89
0 650 325.901 300 89
0 650 325.994 300 89
0 650 326.072 300 89
0 650 326.156 300 89
0 650 326.241 300 89
0 650 326.326 300 89
0 650 326.412 300 89
0 650 326.497 300 89
0 650 326.579 300 89
0 650 326.663 300 89
0 650 326.75 300 89
0 650 326.835 300 89
0 650 326.924 300 89
0 650 327.025 300 89
0 650 327.116 300 89
0 650 327.207 300 89
0 650 327.291 300 89
0 650 327.369 300 89
0 650 327.459 300 89
0 650 327.544 300 89
0 650 327.629 300 89
0 650 327.72 300 89
0 650 327.8 300 89
0 650 327.889 300 89
0 650 327.971 300 89
0 650 328.05 300 89
0 650 328.137 300 89
0 650 328.225 300 89
0 650 328.32 300 89
0 650 328.416 300 89
0 650 328.504 300 89
0 650 328.593 300 89
0 650 328.687 300 89
0 650 328.774 300 89
0 650 328.858 300 89
0 650 328.944 300 89
0 650 329.039 300 89
0 650 329.129 300 89
0 650 329.222 300 89
0 650 329.311 300 89
0 650 329.41 300 89
0 650 329.504 300 89
0 650 329.591 300 89
0 650 329.68 300 89
0 650 329.765 300 89
0 650 329.841 300 89
0 650 329.929 300 89
0 650 330.022 300 89
0 650 330.078 300 89
0 650 330.169 300 89
0 650 330.251 300 89
0 650 330.34 300 89
0 650 330.422 300 89
0 650 330.514 300 89
0 650 330.595 300 89
0 650 330.692 300 89
0 650 330.771 300 89
0 650 330.86 300 89
0 650 330.948 300 89
0 650 331.018 300 89
0 650 331.085 300 89
0 650 331.137 300 89
0 650 331.197 300 89
0 650 331.254 300 89
0 650 331.317 300 89
0 650 331.38 300 89
0 650 331.44 300 89
0 650 331.499 300 89
0 650 331.555 300 89
0 650 331.614 300 89
0 650 331.68 300 89
0 650 331.736 300 89
0 650 331.787 300 89
0 650 331.846 300 89
0 650 331.909 300 89
0 650 331.971 300 89
0 650 332.04 300 89
0 650 332.129 300 89
0 650 332.216 300 89
0 650 332.298 300 89
0 650 332.379 300 89
0 650 332.466 300 89
0 650 332.542 300 89
0 650 332.627 300 89
0 650 332.714 300 89
0 650 332.801 300 89
0 650 332.885 300 89
0 650 332.96 300 89
0 650 333.042 300 89
0 650 333.127 300 89
0 650 333.214 300 89
0 650 333.301 300 89
0 650 333.388 300 89
0 650 333.481 300 89
0 650 333.563 300 89
0 650 333.648 300 89
0 650 333.736 300 89
0 650 333.825 300 89
0 650 333.905 300 89
0 650 333.987 300 89
0 650 334.076 300 89
0 650 334.159 300 89
0 650 334.255 300 89
0 650 334.344 300 89
0 650 334.435 300 89
0 650 334.487 300 89
0 650 334.573 300 89
0 650 334.661 300 89
0 650 334.743 300 89
0 650 334.831 300 89
0 650 334.926 300 89
0 650 335.013 300 89
0 650 335.101 300 89
0 650 335.188 300 89
0 650 335.274 300 89
0 650 335.359 300 89
0 650 335.455 300 89
0 650 335.539 300 89
0 650 335.633 300 89
0 650 335.722 300 89
0 650 335.809 300 89
0 650 335.888 300 89
0 650 335.976 300 89
0 650 336.057 300 89
0 650 336.134 300 89
0 650 336.221 300 89
0 650 336.304 300 89
0 650 336.397 300 89
0 650 336.487 300 89
0 650 336.584 300 89
0 650 336.682 300 89
0 650 336.766 300 89
0 650 336.855 300 89
0 650 336.929 300 89
0 650 337.017 300 89
0 650 337.1 300 89
0 650 337.187 300 89
0 650 337.272 300 89
0 650 337.365 300 89
0 650 337.458 300 89
0 650 337.546 300 89
0 650 337.628 300 89
0 650 337.718 300 89
0 650 337.808 300 89
0 650 337.898 300 89
0 650 337.98 300 89
0 650 338.061 300 89
0 650 338.139 300 89
0 650 338.225 300 89
0 650 338.311 300 89
0 650 338.396 300 89
0 650 338.489 300 89
0 650 338.579 300 89
0 650 338.667 300 89
0 650 338.746 300 89
0 650 338.838 300 89
0 650 338.926 300 89
0 650 339.009 300 89
0 650 339.099 300 89
0 650 339.183 300 89
0 650 339.267 300 89
0 650 339.357 300 89
0 650 339.44 300 89
0 650 339.529 300 89
0 650 339.622 300 89
0 650 339.734 300 89
0 650 339.822 300 89
0 650 339.876 300 89
0 650 339.962 300 89
0 650 340.052 300 89
0 650 340.144 300 89
0 650 340.231 300 89
0 650 340.32 300 89
0 650 340.402 300 89
0 650 340.497 300 89
0 650 340.588 300 89
0 650 340.677 300 89
0 650 340.753 300 89
0 650 340.844 300 89
0 650 340.932 300 89
0 650 341.019 300 89
0 650 341.102 300 89
0 650 341.187 300 89
0 650 341.284 300 89
0 650 341.373 300 89
0 650 341.461 300 89
0 650 341.548 300 89
0 650 341.629 300 89
0 650 341.718 300 89
0 650 341.792 300 89
0 650 341.874 300 89
0 650 341.966 300 89
0 650 342.063 300 89
0 650 342.148 300 89
0 650 342.235 300 89
0 650 342.327 300 89
0 650 342.406 300 89
0 650 342.481 300 89
0 650 342.559 300 89
0 650 342.654 300 89
0 650 342.742 300 89
0 650 342.83 300 89
0 650 342.916 300 89
0 650 343 300 89
0 650 343.086 300 89
0 650 343.172 300 89
0 650 343.264 300 89
0 650 343.353 300 89
0 650 343.443 300 89
0 650 343.534 300 89
0 650 343.629 300 89
0 650 343.718 300 89
0 650 343.802 300 89
0 650 343.895 300 89
0 650 343.978 300 89
0 650 344.06 300 89
0 650 344.148 300 89
0 650 344.234 300 89
0 650 344.323 300 89
0 650 344.415 300 89
0 650 344.498 300 89
0 650 344.589 300 89
0 650 344.681 300 89
0 650 344.767 300 89
0 650 344.851 300 89
0 650 344.93 300 89
0 650 345.013 300 89
0 650 345.101 300 89
0 650 345.188 300 89
0 650 345.272 300 89
0 650 345.36 300 89
0 650 345.446 300 89
0 650 345.536 300 89
0 650 345.624 300 89
0 650 345.698 300 89
0 650 345.786 300 89
0 650 345.87 300 89
0 650 345.951 300 89
0 650 346.038 300 89
0 650 346.128 300 89
0 650 346.204 300 89
0 650 346.284 300 89
0 650 346.377 300 89
0 650 346.471 300 89
0 650 346.557 300 89
0 650 346.645 300 89
0 650 346.73 300 89
0 650 346.818 300 89
0 650 346.905 300 89
0 650 346.992 300 89
0 650 347.083 300 89
0 650 347.168 300 89
0 650 347.27 300 89
0 650 347.358 300 89
0 650 347.44 300 89
0 650 347.521 300 89
0 650 347.6 300 89
0 650 347.679 300 89
0 650 347.766 300 89
0 650 347.85 300 89
0 650 347.941 300 89
0 650 348.017 300 89
0 650 348.105 300 89
0 650 348.195 300 89
0 650 348.286 300 89
0 650 348.376 300 89
0 650 348.464 300 89
0 650 348.55 300 89
0 650 348.635 300 89
0 650 348.727 300 89
0 650 348.819 300 89
0 650 348.907 300 89
0 650 348.993 300 89
0 650 349.078 300 89
0 650 349.168 300 89
0 650 349.255 300 89
0 650 349.34 300 89
0 650 349.47 300 89
0 650 349.556 300 89
0 650 349.64 300 89
0 650 349.726 300 89
0 650 349.818 300 89
0 650 349.907 300 89
0 650 350.002 300 89
0 650 350.091 300 89
0 650 350.181 300 89
0 650 350.27 300 89
0 650 350.357 300 89
0 650 350.448 300 89
0 650 350.532 300 89
0 650 350.614 300 89
0 650 350.707 300 89
0 650 350.796 300 89
0 650 350.885 300 89
0 650 350.971 300 89
0 650 351.055 300 89
0 650 351.147 300 89
0 650 351.24 300 89
0 650 351.325 300 89
0 650 351.412 300 89
0 650 351.501 300 89
0 650 351.578 300 89
0 650 351.666 300 89
0 650 351.74 300 89
0 650 351.801 300 89
0 650 351.885 300 89
0 650 351.979 300 89
0 650 352.067 300 89
0 650 352.155 300 89
0 650 352.232 300 89
0 650 352.314 300 89
0 650 352.393 300 89
0 650 352.48 300 89
0 650 352.572 300 89
0 650 352.652 300 89
0 650 352.724 300 89
0 650 352.806 300 89
0 650 352.894 300 89
0 650 352.976 300 89
0 650 353.06 300 89
0 650 353.149 300 89
0 650 353.223 300 89
0 650 353.311 300 89
0 650 353.386 300 89
0 650 353.465 300 89
0 650 353.542 300 89
0 650 353.627 300 89
0 650 353.707 300 89
0 650 353.79 300 89
0 650 353.873 300 89
0 650 353.962 300 89
0 650 354.045 300 89
0 650 354.129 300 89
0 650 354.223 300 89
0 650 354.307 300 89
0 650 354.398 300 89
0 650 354.485 300 89
0 650 354.579 300 89
0 650 354.67 300 89
0 650 354.759 300 89
0 650 354.909 300 89
0 650 354.995 300 89
0 650 355.09 300 89
0 650 355.178 300 89
0 650 355.264 300 89
0 650 355.356 300 89
0 650 355.445 300 89
0 650 355.524 300 89
0 650 355.616 300 89
0 650 355.707 300 89
0 650 355.79 300 89
0 650 355.877 300 89
0 650 355.957 300 89
0 650 356.04 300 89
0 650 356.125 300 89
0 650 356.212 300 89
0 650 356.298 300 89
0 650 356.354 300 89
0 650 356.443 300 89
0 650 356.526 300 89
0 650 356.611 300 89
0 650 356.705 300 89
0 650 356.791 300 89
0 650 356.877 300 89
0 650 356.949 300 89
0 650 357.035 300 89
0 650 357.115 300 89
0 650 357.197 300 89
0 650 357.282 300 89
0 650 357.367 300 89
0 650 357.451 300 89
0 650 357.544 300 89
0 650 357.616 300 89
0 650 357.699 300 89
0 650 357.788 300 89
0 650 357.873 300 89
0 650 357.955 300 89
0 650 358.044 300 89
0 650 358.098 300 89
0 650 358.185 300 89
0 650 358.265 300 89
0 650 358.354 300 89
0 650 358.441 300 89
0 650 358.531 300 89
0 650 358.622 300 89
0 650 358.701 300 89
0 650 358.782 300 89
0 650 358.877 300 89
0 650 358.962 300 89
0 650 359.04 300 89
0 650 359.126 300 89
0 650 359.221 300 89
0 650 359.302 300 89
0 650 359.396 300 89
0 650 359.48 300 89
0 650 359.573 300 89
0 650 359.665 300 89
0 650 359.757 300 89
0 650 359.845 300 89
0 650 359.938 300 89
0 650 360.031 300 89
0 650 360.116 300 89
0 650 360.193 300 89
0 650 360.29 300 89
0 650 360.37 300 89
0 650 360.46 300 89
0 650 360.541 300 89
0 650 360.628 300 89
0 650 360.711 300 89
0 650 360.803 300 89
0 650 360.907 300 89
0 650 360.991 300 89
0 650 361.076 300 89
0 650 361.164 300 89
0 650 361.248 300 89
0 650 361.334 300 89
0 650 361.413 300 89
0 650 361.501 300 89
0 650 361.589 300 89
0 650 361.68 300 89
0 650 361.771 300 89
0 650 361.853 300 89
0 650 361.944 300 89
0 650 362.079 300 89
0 650 362.164 300 89
0 650 362.248 300 89
0 650 362.328 300 89
0 650 362.47 300 89
0 650 362.558 300 89
0 650 362.641 300 89
0 650 362.728 300 89
0 650 362.816 300 89
0 650 362.898 300 89
0 650 362.978 300 89
0 650 363.052 300 89
0 650 363.135 300 89
0 650 363.213 300 89
0 650 363.286 300 89
0 650 363.364 300 89
0 650 363.454 300 89
0 650 363.542 300 89
0 650 363.623 300 89
0 650 363.718 300 89
0 650 363.81 300 89
0 650 363.907 300 89
0 650 363.991 300 89
0 650 364.077 300 89
0 650 364.166 300 89
0 650 364.257 300 89
0 650 364.347 300 89
0 650 364.433 300 89
0 650 364.524 300 89
0 650 364.609 300 89
0 650 364.713 300 89
0 650 364.786 300 89
0 650 364.873 300 89
0 650 364.965 300 89
0 650 365.049 300 89
0 650 365.137 300 89
0 650 365.231 300 89
0 650 365.327 300 89
0 650 365.416 300 89
0 650 365.509 300 89
0 650 365.596 300 89
0 650 365.682 300 89
0 650 365.768 300 89
0 650 365.866 300 89
0 650 365.952 300 89
0 650 366.036 300 89
0 650 366.117 300 89
0 650 366.201 300 89
0 650 366.289 300 89
0 650 366.382 300 89
0 650 366.469 300 89
0 650 366.563 300 89
0 650 366.649 300 89
0 650 366.737 300 89
0 650 366.837 300 89
0 650 366.923 300 89
0 650 367.017 300 89
0 650 367.103 300 89
0 650 367.195 300 89
0 650 367.278 300 89
0 650 367.362 300 89
0 650 367.449 300 89
0 650 367.527 300 89
0 650 367.623 300 89
0 650 367.715 300 89
0 650 367.801 300 89
0 650 367.909 300 89
0 650 367.988 300 89
0 650 368.085 300 89
0 650 368.178 300 89
0 650 368.256 300 89
0 650 368.351 300 89
0 650 368.442 300 89
0 650 368.527 300 89
0 650 368.612 300 89
0 650 368.7 300 89
0 650 368.793 300 89
0 650 368.879 300 89
0 650 368.969 300 89
0 650 369.057 300 89
0 650 369.142 300 89
0 650 369.228 300 89
0 650 369.32 300 89
0 650 369.393 300 89
0 650 369.484 300 89
0 650 369.578 300 89
0 650 369.669 300 89
0 650 369.749 300 89
0 650 369.838 300 89
0 650 369.925 300 89
0 650 370.014 300 89
0 650 370.096 300 89
0 650 370.18 300 89
0 650 370.277 300 89
0 650 370.364 300 89
0 650 370.446 300 89
0 650 370.561 300 89
0 650 370.65 300 89
0 650 370.74 300 89
0 650 370.832 300 89
0 650 370.913 300 89
0 650 370.982 300 89
0 650 371.069 300 89
0 650 371.145 300 89
0 650 371.234 300 89
0 650 371.318 300 89
0 650 371.402 300 89
0 650 371.49 300 89
0 650 371.576 300 89
0 650 371.669 300 89
0 650 371.754 300 89
0 650 371.841 300 89
0 650 371.932 300 89
0 650 372.022 300 89
0 650 372.116 300 89
0 650 372.209 300 89
0 650 372.301 300 89
0 650 372.39 300 89
0 650 372.477 300 89
0 650 372.573 300 89
0 650 372.66 300 89
0 650 372.754 300 89
0 650 372.849 300 89
0 650 372.94 300 89
0 650 373.032 300 89
0 650 373.146 300 89
0 650 373.235 300 89
0 650 373.319 300 89
0 650 373.412 300 89
0 650 373.496 300 89
0 650 373.586 300 89
0 650 373.673 300 89
0 650 373.763 300 89
0 650 373.86 300 89
0 650 373.956 300 89
0 650 374.044 300 89
0 650 374.134 300 89
0 650 374.225 300 89
0 650 374.306 300 89
0 650 374.393 300 89
0 650 374.481 300 89
0 650 374.576 300 89
0 650 374.666 300 89
0 650 374.757 300 89
0 650 374.845 300 89
0 650 374.931 300 89
0 650 375.024 300 89
0 650 375.11 300 89
0 650 375.204 300 89
0 650 375.296 300 89
0 650 375.381 300 89
0 650 375.468 300 89
0 650 375.555 300 89
0 650 375.646 300 89
0 650 375.781 300 89
0 650 375.867 300 89
0 650 375.959 300 89
0 650 376.042 300 89
0 650 376.124 300 89
0 650 376.214 300 89
0 650 376.303 300 89
0 650 376.393 300 89
0 650 376.457 300 89
0 650 376.552 300 89
0 650 376.64 300 89
0 650 376.725 300 89
0 650 376.819 300 89
0 650 376.915 300 89
0 650 377.009 300 89
0 650 377.106 300 89
0 650 377.202 300 89
0 650 377.289 300 89
0 650 377.382 300 89
0 650 377.46 300 89
0 650 377.553 300 89
0 650 377.642 300 89
0 650 377.741 300 89
0 650 377.837 300 89
0 650 377.928 300 89
0 650 378.019 300 89
0 650 378.114 300 89
0 650 378.204 300 89
0 650 378.35 300 89
0 650 378.444 300 89
0 650 378.539 300 89
0 650 378.635 300 89
0 650 378.725 300 89
0 650 378.834 300 89
0 650 378.947 300 89
0 650 379.048 300 89
0 650 379.152 300 89
0 650 379.263 300 89
0 650 379.374 300 89
0 650 379.485 300 89
0 650 379.604 300 89
0 650 379.727 300 89
0 650 379.899 300 89
0 650 380.014 300 89
0 650 380.124 300 89
0 650 380.232 300 89
0 650 380.349 300 89
0 650 380.466 300 89
0 650 380.591 300 89
0 650 380.708 300 89
0 650 380.819 300 89
0 650 380.935 300 89
0 650 381.042 300 89
0 650 381.153 300 89
0 650 381.267 300 89
0 650 381.373 300 89
0 650 381.486 300 89
0 650 381.602 300 89
0 650 381.713 300 89
0 650 381.82 300 89
0 650 381.898 300 89
0 650 382.012 300 89
0 650 382.126 300 89
0 650 382.25 300 89
0 650 382.349 300 89
0 650 382.466 300 89
0 650 382.573 300 89
0 650 382.678 300 89
0 650 382.756 300 89
0 650 382.869 300 89
0 650 382.98 300 89
0 650 383.092 300 89
0 650 383.207 300 89
0 650 383.325 300 89
0 650 383.428 300 89
0 650 383.547 300 89
0 650 383.656 300 89
0 650 383.769 300 89
0 650 383.886 300 89
0 650 383.996 300 89
0 650 384.112 300 89
0 650 384.231 300 89
0 650 384.347 300 89
0 650 384.458 300 89
0 650 384.563 300 89
0 650 384.669 300 89
0 650 384.782 300 89
0 650 384.894 300 89
0 650 385.004 300 89
0 650 385.113 300 89
0 650 385.219 300 89
0 650 385.336 300 89
0 650 385.446 300 89
0 650 385.56 300 89
0 650 385.678 300 89
0 650 385.79 300 89
0 650 385.902 300 89
0 650 386.011 300 89
0 650 386.128 300 89
0 650 386.235 300 89
0 650 386.331 300 89
0 650 386.445 300 89
0 650 386.563 300 89
0 650 386.671 300 89
0 650 386.79 300 89
0 650 386.904 300 89
0 650 387.005 300 89
0 650 387.116 300 89
0 650 387.224 300 89
0 650 387.334 300 89
0 650 387.451 300 89
0 650 387.564 300 89
0 650 387.679 300 89
0 650 387.794 300 89
0 650 387.914 300 89
0 650 388.02 300 89
0 650 388.139 300 89
0 650 388.257 300 89
0 650 388.373 300 89
0 650 388.485 300 89
0 650 388.597 300 89
0 650 388.703 300 89
0 650 388.812 300 89
0 650 388.911 300 89
0 650 389.021 300 89
0 650 389.128 300 89
0 650 389.229 300 89
0 650 389.346 300 89
0 650 389.458 300 89
0 650 389.584 300 89
0 650 389.699 300 89
0 650 389.81 300 89
0 650 389.915 300 89
0 650 390.027 300 89
0 650 390.135 300 89
0 650 390.244 300 89
0 650 390.359 300 89
0 650 390.47 300 89
0 650 390.578 300 89
0 650 390.69 300 89
0 650 390.791 300 89
0 650 390.9 300 89
0 650 391.011 300 89
0 650 391.124 300 89
0 650 391.233 300 89
0 650 391.337 300 89
0 650 391.445 300 89
0 650 391.557 300 89
0 650 391.676 300 89
0 650 391.793 300 89
0 650 391.896 300 89
0 650 392.006 300 89
0 650 392.117 300 89
0 650 392.225 300 89
0 650 392.339 300 89
0 650 392.48 300 89
0 650 392.595 300 89
0 650 392.703 300 89
0 650 392.804 300 89
0 650 392.911 300 89
0 650 393.017 300 89
0 650 393.13 300 89
0 650 393.249 300 89
0 650 393.356 300 89
0 650 393.463 300 89
0 650 393.574 300 89
0 650 393.683 300 89
0 650 393.783 300 89
0 650 393.887 300 89
0 650 393.99 300 89
0 650 394.081 300 89
0 650 394.196 300 89
0 650 394.318 300 89
0 650 394.453 300 89
0 650 394.546 300 89
0 650 394.658 300 89
0 650 394.761 300 89
0 650 394.877 300 89
0 650 394.985 300 89
0 650 395.091 300 89
0 650 395.202 300 89
0 650 395.311 300 89
0 650 395.422 300 89
0 650 395.542 300 89
0 650 395.648 300 89
0 650 395.757 300 89
0 650 395.869 300 89
0 650 395.991 300 89
0 650 396.107 300 89
0 650 396.209 300 89
0 650 396.323 300 89
0 650 396.439 300 89
0 650 396.548 300 89
0 650 396.663 300 89
0 650 396.774 300 89
0 650 396.888 300 89
0 650 396.998 300 89
0 650 397.075 300 89
0 650 397.173 300 89
0 650 397.28 300 89
0 650 397.398 300 89
0 650 397.508 300 89
0 650 397.631 300 89
0 650 397.732 300 89
0 650 397.836 300 89
0 650 397.948 300 89
0 650 398.054 300 89
0 650 398.174 300 89
0 650 398.282 300 89
0 650 398.392 300 89
0 650 398.501 300 89
0 650 398.616 300 89
0 650 398.73 300 89
0 650 398.837 300 89
0 650 398.938 300 89
0 650 399.045 300 89
0 650 399.159 300 89
0 650 399.263 300 89
0 650 399.373 300 89
0 650 399.49 300 89
0 650 399.608 300 89
0 650 399.711 300 89
0 650 399.812 300 89
0 650 399.927 300 89
0 650 400.039 300 89
0 650 400.148 300 89
0 650 400.258 300 89
0 650 400.356 300 89
0 650 400.47 300 89
0 650 400.587 300 89
0 650 400.684 300 89
0 650 400.787 300 89
0 650 400.903 300 89
0 650 400.967 300 89
0 650 401.059 300 89
0 650 401.171 300 89
0 650 401.279 300 89
0 650 401.388 300 89
0 650 401.494 300 89
0 650 401.604 300 89
0 650 401.734 300 89
0 650 401.85 300 89
0 650 401.956 300 89
0 650 402.062 300 89
0 650 402.162 300 89
0 650 402.277 300 89
0 650 402.382 300 89
0 650 402.488 300 89
0 650 402.6 300 89
0 650 402.712 300 89
0 650 402.815 300 89
0 650 402.928 300 89
0 650 403.035 300 89
0 650 403.146 300 89
0 650 403.248 300 89
0 650 403.357 300 89
0 650 403.472 300 89
0 650 403.573 300 89
0 650 403.678 300 89
0 650 403.781 300 89
0 650 403.889 300 89
0 650 403.991 300 89
0 650 404.085 300 89
0 650 404.191 300 89
0 650 404.302 300 89
0 650 404.412 300 89
0 650 404.513 300 89
0 650 404.627 300 89
0 650 404.727 300 89
0 650 404.831 300 89
0 650 404.932 300 89
0 650 405.034 300 89
0 650 405.139 300 89
0 650 405.246 300 89
0 650 405.348 300 89
0 650 405.442 300 89
0 650 405.542 300 89
0 650 405.643 300 89
0 650 405.736 300 89
0 650 405.824 300 89
0 650 405.917 300 89
0 650 405.997 300 89
0 650 406.075 300 89
0 650 406.165 300 89
0 650 406.248 300 89
0 650 406.333 300 89
0 650 406.418 300 89
0 650 406.517 300 89
0 650 406.603 300 89
0 650 406.686 300 89
0 650 406.776 300 89
0 650 406.849 300 89
0 650 406.912 300 89
0 650 406.982 300 89
0 650 407.056 300 89
0 650 407.151 300 89
0 650 407.242 300 89
0 650 407.335 300 89
0 650 407.423 300 89
0 650 407.518 300 89
0 650 407.612 300 89
0 650 407.705 300 89
0 650 407.794 300 89
0 650 407.881 300 89
0 650 407.969 300 89
0 650 408.065 300 89
0 650 408.163 300 89
0 650 408.251 300 89
0 650 408.33 300 89
0 650 408.389 300 89
0 650 408.452 300 89
0 650 408.517 300 89
0 650 408.58 300 89
0 650 408.661 300 89
0 650 408.746 300 89
0 650 408.826 300 89
0 650 408.915 300 89
0 650 408.999 300 89
0 650 409.078 300 89
0 650 409.136 300 89
0 650 409.198 300 89
0 650 409.262 300 89
0 650 409.325 300 89
0 650 409.388 300 89
0 650 409.446 300 89
0 650 409.516 300 89
0 650 409.574 300 89
0 650 409.639 300 89
0 650 409.701 300 89
0 650 409.763 300 89
0 650 409.831 300 89
0 650 409.891 300 89
0 650 409.956 300 89
0 650 410.021 300 89
0 650 410.082 300 89
0 650 410.15 300 89
0 650 410.213 300 89
0 650 410.274 300 89
0 650 410.336 300 89
0 650 410.398 300 89
0 650 410.459 300 89
0 650 410.516 300 89
0 650 410.577 300 89
0 650 410.64 300 89
0 650 410.702 300 89
0 650 410.765 300 89
0 650 410.83 300 89
0 650 410.889 300 89
0 650 410.948 300 89
0 650 411.006 300 89
0 650 411.067 300 89
0 650 411.126 300 89
0 650 411.187 300 89
0 650 411.253 300 89
0 650 411.31 300 89
0 650 411.372 300 89
0 650 411.44 300 89
0 650 411.54 300 89
0 650 411.634 300 89
0 650 411.718 300 89
0 650 411.806 300 89
0 650 411.865 300 89
0 650 411.951 300 89
0 650 412.035 300 89
0 650 412.132 300 89
0 650 412.219 300 89
0 650 412.293 300 89
0 650 412.377 300 89
0 650 412.469 300 89
0 650 412.562 300 89
0 650 412.653 300 89
0 650 412.738 300 89
0 650 412.824 300 89
0 650 412.914 300 89
0 650 413.008 300 89
0 650 413.094 300 89
0 650 413.184 300 89
0 650 413.268 300 89
0 650 413.356 300 89
0 650 413.442 300 89
0 650 413.535 300 89
0 650 413.62 300 89
0 650 413.705 300 89
0 650 413.797 300 89
0 650 413.88 300 89
0 650 413.967 300 89
0 650 414.049 300 89
0 650 414.147 300 89
0 650 414.233 300 89
0 650 414.368 300 89
0 650 414.457 300 89
0 650 414.549 300 89
0 650 414.632 300 89
0 650 414.721 300 89
0 650 414.813 300 89
0 650 414.901 300 89
0 650 414.993 300 89
0 650 415.073 300 89
0 650 415.17 300 89
0 650 415.259 300 89
0 650 415.352 300 89
0 650 415.439 300 89
0 650 415.52 300 89
0 650 415.597 300 89
0 650 415.678 300 89
0 650 415.77 300 89
0 650 415.864 300 89
0 650 415.95 300 89
0 650 416.044 300 89
0 650 416.176 300 89
0 650 416.261 300 89
0 650 416.349 300 89
0 650 416.434 300 89
0 650 416.521 300 89
0 650 416.614 300 89
0 650 416.699 300 89
0 650 416.791 300 89
0 650 416.875 300 89
0 650 416.968 300 89
0 650 417.051 300 89
0 650 417.153 300 89
0 650 417.241 300 89
0 650 417.325 300 89
0 650 417.441 300 89
0 650 417.523 300 89
0 650 417.615 300 89
0 650 417.707 300 89
0 650 417.796 300 89
0 650 417.884 300 89
0 650 417.97 300 89
0 650 418.06 300 89
0 650 418.151 300 89
0 650 418.241 300 89
0 650 418.332 300 89
0 650 418.422 300 89
0 650 418.514 300 89
0 650 418.605 300 89
0 650 418.696 300 89
0 650 418.794 300 89
0 650 418.883 300 89
0 650 418.974 300 89
0 650 419.103 300 89
0 650 419.195 300 89
0 650 419.29 300 89
0 650 419.388 300 89
0 650 419.531 300 89
0 650 419.613 300 89
0 650 419.699 300 89
0 650 419.792 300 89
0 650 419.863 300 89
0 650 419.955 300 89
0 650 420.045 300 89
0 650 420.127 300 89
0 650 420.217 300 89
0 650 420.304 300 89
0 650 420.397 300 89
0 650 420.487 300 89
0 650 420.575 300 89
0 650 420.663 300 89
0 650 420.749 300 89
0 650 420.832 300 89
0 650 420.922 300 89
0 650 421.01 300 89
0 650 421.098 300 89
0 650 421.189 300 89
0 650 421.274 300 89
0 650 421.368 300 89
0 650 421.45 300 89
0 650 421.525 300 89
0 650 421.608 300 89
0 650 421.697 300 89
0 650 421.772 300 89
0 650 421.865 300 89
0 650 421.951 300 89
0 650 422.04 300 89
0 650 422.128 300 89
0 650 422.214 300 89
0 650 422.309 300 89
0 650 422.396 300 89
0 650 422.483 300 89
0 650 422.568 300 89
0 650 422.629 300 89
0 650 422.714 300 89
0 650 422.817 300 89
0 650 422.905 300 89
0 650 423.002 300 89
0 650 423.081 300 89
0 650 423.174 300 89
0 650 423.263 300 89
0 650 423.351 300 89
0 650 423.44 300 89
0 650 423.524 300 89
0 650 423.607 300 89
0 650 423.7 300 89
0 650 423.787 300 89
0 650 423.882 300 89
0 650 423.97 300 89
0 650 424.061 300 89
0 650 424.147 300 89
0 650 424.229 300 89
0 650 424.309 300 89
0 650 424.4 300 89
0 650 424.495 300 89
0 650 424.581 300 89
0 650 424.673 300 89
0 650 424.763 300 89
0 650 424.854 300 89
0 650 424.939 300 89
0 650 425.037 300 89
0 650 425.125 300 89
0 650 425.215 300 89
0 650 425.302 300 89
0 650 425.395 300 89
0 650 425.485 300 89
0 650 425.579 300 89
0 650 425.663 300 89
0 650 425.749 300 89
0 650 425.836 300 89
0 650 425.911 300 89
0 650 425.994 300 89
0 650 426.082 300 89
0 650 426.178 300 89
0 650 426.268 300 89
0 650 426.35 300 89
0 650 426.434 300 89
0 650 426.501 300 89
0 650 426.591 300 89
0 650 426.641 300 89
0 650 426.712 300 89
0 650 426.778 300 89
0 650 426.838 300 89
0 650 426.901 300 89
0 650 426.961 300 89
0 650 427.026 300 89
0 650 427.082 300 89
0 650 427.137 300 89
0 650 427.209 300 89
0 650 427.264 300 89
0 650 427.323 300 89
0 650 427.389 300 89
0 650 427.443 300 89
0 650 427.499 300 89
0 650 427.562 300 89
0 650 427.617 300 89
0 650 427.72 300 89
0 650 427.777 300 89
0 650 427.837 300 89
0 650 427.903 300 89
0 650 427.968 300 89
0 650 428.024 300 89
0 650 428.085 300 89
0 650 428.147 300 89
0 650 428.205 300 89
0 650 428.272 300 89
0 650 428.328 300 89
0 650 428.388 300 89
0 650 428.448 300 89
0 650 428.513 300 89
0 650 428.575 300 89
0 650 428.636 300 89
0 650 428.722 300 89
0 650 428.814 300 89
0 650 428.903 300 89
0 650 428.995 300 89
0 650 429.078 300 89
0 650 429.164 300 89
0 650 429.25 300 89
0 650 429.334 300 89
0 650 429.423 300 89
0 650 429.502 300 89
0 650 429.591 300 89
0 650 429.684 300 89
0 650 429.766 300 89
0 650 429.857 300 89
0 650 429.944 300 89
0 650 430.032 300 89
0 650 430.118 300 89
0 650 430.2 300 89
0 650 430.287 300 89
0 650 430.38 300 89
0 650 430.469 300 89
0 650 430.561 300 89
0 650 430.632 300 89
0 650 430.713 300 89
0 650 430.804 300 89
0 650 430.895 300 89
0 650 430.983 300 89
0 650 431.07 300 89
0 650 431.154 300 89
0 650 431.241 300 89
0 650 431.334 300 89
0 650 431.418 300 89
0 650 431.507 300 89
0 650 431.599 300 89
0 650 431.65 300 89
0 650 431.738 300 89
0 650 431.833 300 89
0 650 431.92 300 89
0 650 432.01 300 89
0 650 432.093 300 89
0 650 432.176 300 89
0 650 432.264 300 89
0 650 432.356 300 89
0 650 432.434 300 89
0 650 432.519 300 89
0 650 432.614 300 89
0 650 432.702 300 89
0 650 432.796 300 89
0 650 432.875 300 89
0 650 432.961 300 89
0 650 433.054 300 89
0 650 433.138 300 89
0 650 433.232 300 89
0 650 433.318 300 89
0 650 433.413 300 89
0 650 433.509 300 89
0 650 433.599 300 89
0 650 433.694 300 89
0 650 433.783 300 89
0 650 433.871 300 89
0 650 433.952 300 89
0 650 434.041 300 89
0 650 434.131 300 89
0 650 434.203 300 89
0 650 434.295 300 89
0 650 434.383 300 89
0 650 434.471 300 89
0 650 434.557 300 89
0 650 434.655 300 89
0 650 434.744 300 89
0 650 434.833 300 89
0 650 434.921 300 89
0 650 435.009 300 89
0 650 435.095 300 89
0 650 435.192 300 89
0 650 435.286 300 89
0 650 435.374 300 89
0 650 435.466 300 89
0 650 435.555 300 89
0 650 435.645 300 89
0 650 435.73 300 89
0 650 435.82 300 89
0 650 435.908 300 89
0 650 435.997 300 89
0 650 436.079 300 89
0 650 436.168 300 89
0 650 436.259 300 89
0 650 436.347 300 89
0 650 436.44 300 89
0 650 436.533 300 89
0 650 436.625 300 89
0 650 436.716 300 89
0 650 436.797 300 89
0 650 436.88 300 89
0 650 436.962 300 89
0 650 437.042 300 89
0 650 437.129 300 89
0 650 437.218 300 89
0 650 437.305 300 89
0 650 437.396 300 89
0 650 437.484 300 89
0 650 437.57 300 89
0 650 437.651 300 89
0 650 437.734 300 89
0 650 437.819 300 89
0 650 437.907 300 89
0 650 437.999 300 89
0 650 438.096 300 89
0 650 438.201 300 89
0 650 438.293 300 89
0 650 438.378 300 89
0 650 438.466 300 89
0 650 438.557 300 89
0 650 438.64 300 89
0 650 438.724 300 89
0 650 438.814 300 89
0 650 438.904 300 89
0 650 438.995 300 89
0 650 439.08 300 89
0 650 439.174 300 89
0 650 439.263 300 89
0 650 439.346 300 89
0 650 439.433 300 89
0 650 439.525 300 89
0 650 439.623 300 89
0 650 439.715 300 89
0 650 439.799 300 89
0 650 439.884 300 89
0 650 439.973 300 89
0 650 440.064 300 89
0 650 440.157 300 89
0 650 440.251 300 89
0 650 440.335 300 89
0 650 440.424 300 89
0 650 440.51 300 89
0 650 440.592 300 89
0 650 440.678 300 89
0 650 440.76 300 89
0 650 440.842 300 89
0 650 440.91 300 89
0 650 441.005 300 89
0 650 441.093 300 89
0 650 441.203 300 89
0 650 441.284 300 89
0 650 441.374 300 89
0 650 441.457 300 89
0 650 441.558 300 89
0 650 441.648 300 89
0 650 441.731 300 89
0 650 441.825 300 89
0 650 441.914 300 89
0 650 441.984 300 89
0 650 442.069 300 89
0 650 442.162 300 89
0 650 442.252 300 89
0 650 442.333 300 89
0 650 442.42 300 89
0 650 442.502 300 89
0 650 442.573 300 89
0 650 442.665 300 89
0 650 442.756 300 89
0 650 442.844 300 89
0 650 442.934 300 89
0 650 443.024 300 89
0 650 443.108 300 89
0 650 443.201 300 89
0 650 443.303 300 89
0 650 443.401 300 89
0 650 443.463 300 89
0 650 443.523 300 89
0 650 443.589 300 89
0 650 443.65 300 89
0 650 443.715 300 89
0 650 443.78 300 89
0 650 443.839 300 89
0 650 443.901 300 89
0 650 443.961 300 89
0 650 444.027 300 89
0 650 444.085 300 89
0 650 444.15 300 89
0 650 444.217 300 89
0 650 444.281 300 89
0 650 444.348 300 89
0 650 444.407 300 89
0 650 444.468 300 89
0 650 444.529 300 89
0 650 444.591 300 89
0 650 444.651 300 89
0 650 444.716 300 89
0 650 444.781 300 89
0 650 444.845 300 89
0 650 444.918 300 89
0 650 445.01 300 89
0 650 445.099 300 89
0 650 445.194 300 89
0 650 445.284 300 89
0 650 445.376 300 89
0 650 445.474 300 89
0 650 445.564 300 89
0 650 445.645 300 89
0 650 445.731 300 89
0 650 445.823 300 89
0 650 445.906 300 89
0 650 445.988 300 89
0 650 446.076 300 89
0 650 446.172 300 89
0 650 446.266 300 89
0 650 446.354 300 89
0 650 446.442 300 89
0 650 446.531 300 89
0 650 446.618 300 89
0 650 446.708 300 89
0 650 446.798 300 89
0 650 446.888 300 89
0 650 446.979 300 89
0 650 447.061 300 89
0 650 447.141 300 89
0 650 447.226 300 89
0 650 447.316 300 89
0 650 447.413 300 89
0 650 447.509 300 89
0 650 447.601 300 89
0 650 447.671 300 89
0 650 447.759 300 89
0 650 447.852 300 89
0 650 447.936 300 89
0 650 448.027 300 89
0 650 448.116 300 89
0 650 448.208 300 89
0 650 448.304 300 89
0 650 448.399 300 89
0 650 448.482 300 89
0 650 448.574 300 89
0 650 448.662 300 89
0 650 448.752 300 89
0 650 448.825 300 89
0 650 448.919 300 89
0 650 449.014 300 89
0 650 449.092 300 89
0 650 449.192 300 89
0 650 449.276 300 89
0 650 449.371 300 89
0 650 449.444 300 89
0 650 449.536 300 89
0 650 449.633 300 89
0 650 449.731 300 89
0 650 449.819 300 89
0 650 449.907 300 89
0 650 450.002 300 89
0 650 450.096 300 89
0 650 450.178 300 89
0 650 450.266 300 89
0 650 450.352 300 89
0 650 450.439 300 89
0 650 450.506 300 89
0 650 450.568 300 89
0 650 450.628 300 89
0 650 450.693 300 89
0 650 450.747 300 89
0 650 450.808 300 89
0 650 450.865 300 89
0 650 450.929 300 89
0 650 450.984 300 89
0 650 451.051 300 89
0 650 451.113 300 89
0 650 451.174 300 89
0 650 451.236 300 89
0 650 451.295 300 89
0 650 451.357 300 89
0 650 451.431 300 89
0 650 451.49 300 89
0 650 451.555 300 89
0 650 451.613 300 89
0 650 451.68 300 89
0 650 451.743 300 89
0 650 451.801 300 89
0 650 451.863 300 89
0 650 451.925 300 89
0 650 451.989 300 89
0 650 452.046 300 89
0 650 452.108 300 89
0 650 452.171 300 89
0 650 452.23 300 89
0 650 452.291 300 89
0 650 452.352 300 89
0 650 452.415 300 89
0 650 452.477 300 89
0 650 452.545 300 89
0 650 452.63 300 89
0 650 452.721 300 89
0 650 452.81 300 89
0 650 452.897 300 89
0 650 452.98 300 89
0 650 453.065 300 89
0 650 453.149 300 89
0 650 453.24 300 89
0 650 453.331 300 89
0 650 453.424 300 89
0 650 453.514 300 89
0 650 453.604 300 89
0 650 453.696 300 89
0 650 453.783 300 89
0 650 453.871 300 89
0 650 453.957 300 89
0 650 454.05 300 89
0 650 454.111 300 89
0 650 454.205 300 89
0 650 454.289 300 89
0 650 454.38 300 89
0 650 454.464 300 89
0 650 454.556 300 89
0 650 454.651 300 89
0 650 454.741 300 89
0 650 454.832 300 89
0 650 454.926 300 89
0 650 455.016 300 89
0 650 455.11 300 89
0 650 455.202 300 89
0 650 455.298 300 89
0 650 455.391 300 89
0 650 455.472 300 89
0 650 455.562 300 89
0 650 455.654 300 89
0 650 455.749 300 89
0 650 455.829 300 89
0 650 455.92 300 89
0 650 456.006 300 89
0 650 456.097 300 89
0 650 456.192 300 89
0 650 456.286 300 89
0 650 456.374 300 89
0 650 456.468 300 89
0 650 456.556 300 89
0 650 456.646 300 89
0 650 456.738 300 89
0 650 456.842 300 89
0 650 456.931 300 89
0 650 457.027 300 89
0 650 457.123 300 89
0 650 457.221 300 89
0 650 457.313 300 89
0 650 457.403 300 89
0 650 457.496 300 89
0 650 457.583 300 89
0 650 457.669 300 89
0 650 457.763 300 89
0 650 457.86 300 89
0 650 457.939 300 89
0 650 458.031 300 89
0 650 458.124 300 89
0 650 458.216 300 89
0 650 458.308 300 89
0 650 458.387 300 89
0 650 458.507 300 89
0 650 458.592 300 89
0 650 458.68 300 89
0 650 458.77 300 89
0 650 458.866 300 89
0 650 458.957 300 89
0 650 459.053 300 89
0 650 459.149 300 89
0 650 459.246 300 89
0 650 459.339 300 89
0 650 459.431 300 89
0 650 459.513 300 89
0 650 459.605 300 89
0 650 459.699 300 89
0 650 459.794 300 89
0 650 459.888 300 89
0 650 459.976 300 89
0 650 460.065 300 89
0 650 460.147 300 89
0 650 460.245 300 89
0 650 460.332 300 89
0 650 460.426 300 89
0 650 460.513 300 89
0 650 460.61 300 89
0 650 460.703 300 89
0 650 460.793 300 89
0 650 460.877 300 89
0 650 460.963 300 89
0 650 461.058 300 89
0 650 461.141 300 89
0 650 461.233 300 89
0 650 461.32 300 89
0 650 461.414 300 89
0 650 461.512 300 89
0 650 461.599 300 89
0 650 461.69 300 89
0 650 461.783 300 89
0 650 461.879 300 89
0 650 461.943 300 89
0 650 462.035 300 89
0 650 462.131 300 89
0 650 462.229 300 89
0 650 462.32 300 89
0 650 462.41 300 89
0 650 462.5 300 89
0 650 462.586 300 89
0 650 462.683 300 89
0 650 462.777 300 89
0 650 462.874 300 89
0 650 462.964 300 89
0 650 463.051 300 89
0 650 463.143 300 89
0 650 463.226 300 89
0 650 463.318 300 89
0 650 463.414 300 89
0 650 463.498 300 89
0 650 463.582 300 89
0 650 463.674 300 89
0 650 463.774 300 89
0 650 463.865 300 89
0 650 463.963 300 89
0 650 464.061 300 89
0 650 464.155 300 89
0 650 464.233 300 89
0 650 464.32 300 89
0 650 464.402 300 89
0 650 464.487 300 89
0 650 464.582 300 89
0 650 464.678 300 89
0 650 464.77 300 89
0 650 464.862 300 89
0 650 464.96 300 89
0 650 465.052 300 89
0 650 465.138 300 89
0 650 465.228 300 89
0 650 465.317 300 89
0 650 465.413 300 89
0 650 465.504 300 89
0 650 465.598 300 89
0 650 465.676 300 89
0 650 465.77 300 89
0 650 465.855 300 89
0 650 465.945 300 89
0 650 466.023 300 89
0 650 466.108 300 89
0 650 466.194 300 89
0 650 466.294 300 89
0 650 466.379 300 89
0 650 466.455 300 89
0 650 466.546 300 89
0 650 466.633 300 89
0 650 466.72 300 89
0 650 466.812 300 89
0 650 466.909 300 89
0 650 467 300 89
0 650 467.089 300 89
0 650 467.173 300 89
0 650 467.264 300 89
0 650 467.354 300 89
0 650 467.445 300 89
0 650 467.536 300 89
0 650 467.621 300 89
0 650 467.709 300 89
0 650 467.798 300 89
0 650 467.889 300 89
0 650 467.97 300 89
0 650 468.059 300 89
0 650 468.142 300 89
0 650 468.226 300 89
0 650 468.317 300 89
0 650 468.408 300 89
0 650 468.494 300 89
0 650 468.581 300 89
0 650 468.675 300 89
0 650 468.767 300 89
0 650 468.852 300 89
0 650 468.941 300 89
0 650 469.032 300 89
0 650 469.121 300 89
0 650 469.218 300 89
0 650 469.303 300 89
0 650 469.392 300 89
0 650 469.483 300 89
0 650 469.574 300 89
0 650 469.66 300 89
0 650 469.755 300 89
0 650 469.848 300 89
0 650 469.942 300 89
0 650 470.031 300 89
0 650 470.119 300 89
0 650 470.206 300 89
0 650 470.3 300 89
0 650 470.39 300 89
0 650 470.481 300 89
0 650 470.579 300 89
0 650 470.666 300 89
0 650 470.752 300 89
0 650 470.839 300 89
0 650 470.921 300 89
0 650 471.012 300 89
0 650 471.107 300 89
0 650 471.184 300 89
0 650 471.274 300 89
0 650 471.366 300 89
0 650 471.455 300 89
0 650 471.542 300 89
0 650 471.631 300 89
0 650 471.724 300 89
0 650 471.814 300 89
0 650 471.908 300 89
0 650 472 300 89
0 650 472.079 300 89
0 650 472.169 300 89
0 650 472.259 300 89
0 650 472.346 300 89
0 650 472.438 300 89
0 650 472.521 300 89
0 650 472.607 300 89
0 650 472.695 300 89
0 650 472.784 300 89
0 650 472.872 300 89
0 650 472.96 300 89
0 650 473.046 300 89
0 650 473.131 300 89
0 650 473.22 300 89
0 650 473.304 300 89
0 650 473.394 300 89
0 650 473.484 300 89
0 650 473.574 300 89
0 650 473.668 300 89
0 650 473.762 300 89
0 650 473.822 300 89
0 650 473.905 300 89
0 650 473.996 300 89
0 650 474.089 300 89
0 650 474.181 300 89
0 650 474.269 300 89
0 650 474.365 300 89
0 650 474.43 300 89
0 650 474.493 300 89
0 650 474.552 300 89
0 650 474.615 300 89
0 650 474.676 300 89
0 650 474.734 300 89
0 650 474.799 300 89
0 650 474.86 300 89
0 650 474.926 300 89
0 650 475.018 300 89
0 650 475.101 300 89
0 650 475.189 300 89
0 650 475.257 300 89
0 650 475.322 300 89
0 650 475.38 300 89
0 650 475.453 300 89
0 650 475.544 300 89
0 650 475.637 300 89
0 650 475.711 300 89
0 650 475.77 300 89
0 650 475.832 300 89
0 650 475.898 300 89
0 650 475.958 300 89
0 650 476.027 300 89
0 650 476.085 300 89
0 650 476.149 300 89
0 650 476.207 300 89
0 650 476.276 300 89
0 650 476.364 300 89
0 650 476.454 300 89
0 650 476.544 300 89
0 650 476.638 300 89
0 650 476.733 300 89
0 650 476.85 300 89
0 650 476.938 300 89
0 650 477.022 300 89
0 650 477.106 300 89
0 650 477.164 300 89
0 650 477.252 300 89
0 650 477.327 300 89
0 650 477.425 300 89
0 650 477.511 300 89
0 650 477.605 300 89
0 650 477.694 300 89
0 650 477.781 300 89
0 650 477.861 300 89
0 650 477.957 300 89
0 650 478.043 300 89
0 650 478.134 300 89
0 650 478.225 300 89
0 650 478.31 300 89
0 650 478.392 300 89
0 650 478.48 300 89
0 650 478.564 300 89
0 650 478.64 300 89
0 650 478.731 300 89
0 650 478.817 300 89
0 650 478.9 300 89
0 650 478.99 300 89
0 650 479.08 300 89
0 650 479.165 300 89
0 650 479.249 300 89
0 650 479.326 300 89
0 650 479.418 300 89
0 650 479.511 300 89
0 650 479.601 300 89
0 650 479.693 300 89
0 650 479.763 300 89
0 650 479.85 300 89
0 650 479.936 300 89
0 650 480.022 300 89
0 650 480.112 300 89
0 650 480.204 300 89
0 650 480.29 300 89
0 650 480.385 300 89
0 650 480.473 300 89
0 650 480.566 300 89
0 650 480.659 300 89
0 650 480.748 300 89
0 650 480.835 300 89
0 650 480.92 300 89
0 650 481.009 300 89
0 650 481.094 300 89
0 650 481.18 300 89
0 650 481.278 300 89
0 650 481.355 300 89
0 650 481.425 300 89
0 650 481.503 300 89
0 650 481.596 300 89
0 650 481.681 300 89
0 650 481.762 300 89
0 650 481.856 300 89
0 650 481.953 300 89
0 650 482.048 300 89
0 650 482.137 300 89
0 650 482.209 300 89
0 650 482.274 300 89
0 650 482.336 300 89
0 650 482.403 300 89
0 650 482.477 300 89
0 650 482.569 300 89
0 650 482.668 300 89
0 650 482.757 300 89
0 650 482.844 300 89
0 650 482.934 300 89
0 650 483.028 300 89
0 650 483.092 300 89
0 650 483.152 300 89
0 650 483.218 300 89
0 650 483.311 300 89
0 650 483.402 300 89
0 650 483.486 300 89
0 650 483.575 300 89
0 650 483.65 300 89
0 650 483.726 300 89
0 650 483.803 300 89
0 650 483.896 300 89
0 650 483.99 300 89
0 650 484.085 300 89
0 650 484.183 300 89
0 650 484.276 300 89
0 650 484.375 300 89
0 650 484.457 300 89
0 650 484.539 300 89
0 650 484.632 300 89
0 650 484.731 300 89
0 650 484.826 300 89
0 650 484.912 300 89
0 650 485.004 300 89
0 650 485.09 300 89
0 650 485.238 300 89
0 650 485.327 300 89
0 650 485.417 300 89
0 650 485.483 300 89
0 650 485.571 300 89
0 650 485.652 300 89
0 650 485.738 300 89
0 650 485.833 300 89
0 650 485.917 300 89
0 650 486.008 300 89
0 650 486.106 300 89
0 650 486.19 300 89
0 650 486.287 300 89
0 650 486.382 300 89
0 650 486.471 300 89
0 650 486.564 300 89
0 650 486.652 300 89
0 650 486.738 300 89
0 650 486.828 300 89
0 650 486.915 300 89
0 650 487.012 300 89
0 650 487.099 300 89
0 650 487.19 300 89
0 650 487.279 300 89
0 650 487.365 300 89
0 650 487.452 300 89
0 650 487.542 300 89
0 650 487.632 300 89
0 650 487.723 300 89
0 650 487.819 300 89
0 650 487.907 300 89
0 650 487.992 300 89
0 650 488.081 300 89
0 650 488.171 300 89
0 650 488.26 300 89
0 650 488.353 300 89
0 650 488.444 300 89
0 650 488.532 300 89
0 650 488.618 300 89
0 650 488.713 300 89
0 650 488.799 300 89
0 650 488.89 300 89
0 650 488.982 300 89
0 650 489.075 300 89
0 650 489.165 300 89
0 650 489.247 300 89
0 650 489.335 300 89
0 650 489.427 300 89
0 650 489.513 300 89
0 650 489.613 300 89
0 650 489.702 300 89
0 650 489.783 300 89
0 650 489.869 300 89
0 650 489.945 300 89
0 650 490.027 300 89
0 650 490.101 300 89
0 650 490.196 300 89
0 650 490.287 300 89
0 650 490.376 300 89
0 650 490.463 300 89
0 650 490.555 300 89
0 650 490.64 300 89
0 650 490.728 300 89
0 650 490.82 300 89
0 650 490.908 300 89
0 650 490.993 300 89
0 650 491.08 300 89
0 650 491.168 300 89
0 650 491.261 300 89
0 650 491.346 300 89
0 650 491.432 300 89
0 650 491.533 300 89
0 650 491.624 300 89
0 650 491.716 300 89
0 650 491.811 300 89
0 650 491.902 300 89
0 650 491.994 300 89
0 650 492.083 300 89
0 650 492.163 300 89
0 650 492.25 300 89
0 650 492.338 300 89
0 650 492.429 300 89
0 650 492.508 300 89
0 650 492.571 300 89
0 650 492.655 300 89
0 650 492.743 300 89
0 650 492.833 300 89
0 650 492.918 300 89
0 650 493.01 300 89
0 650 493.097 300 89
0 650 493.186 300 89
0 650 493.274 300 89
0 650 493.366 300 89
0 650 493.446 300 89
0 650 493.53 300 89
0 650 493.619 300 89
0 650 493.706 300 89
0 650 493.794 300 89
0 650 493.881 300 89
0 650 493.973 300 89
0 650 494.069 300 89
0 650 494.155 300 89
0 650 494.245 300 89
0 650 494.333 300 89
0 650 494.429 300 89
0 650 494.521 300 89
0 650 494.605 300 89
0 650 494.695 300 89
0 650 494.78 300 89
0 650 494.871 300 89
0 650 494.959 300 89
0 650 495.049 300 89
0 650 495.124 300 89
0 650 495.209 300 89
0 650 495.308 300 89
0 650 495.397 300 89
0 650 495.487 300 89
0 650 495.573 300 89
0 650 495.667 300 89
0 650 495.762 300 89
0 650 495.843 300 89
0 650 495.938 300 89
0 650 496.013 300 89
0 650 496.105 300 89
0 650 496.195 300 89
0 650 496.279 300 89
0 650 496.369 300 89
0 650 496.454 300 89
0 650 496.537 300 89
0 650 496.629 300 89
0 650 496.724 300 89
0 650 496.819 300 89
0 650 496.909 300 89
0 650 496.998 300 89
0 650 497.085 300 89
0 650 497.172 300 89
0 650 497.265 300 89
0 650 497.353 300 89
0 650 497.442 300 89
0 650 497.528 300 89
0 650 497.614 300 89
0 650 497.699 300 89
0 650 497.789 300 89
0 650 497.882 300 89
0 650 497.973 300 89
0 650 498.061 300 89
0 650 498.148 300 89
0 650 498.237 300 89
0 650 498.336 300 89
0 650 498.427 300 89
0 650 498.524 300 89
0 650 498.616 300 89
0 650 498.71 300 89
0 650 498.801 300 89
0 650 498.895 300 89
0 650 498.981 300 89
0 650 499.072 300 89
0 650 499.164 300 89
0 650 499.243 300 89
0 650 499.336 300 89
0 650 499.425 300 89
0 650 499.52 300 89
0 650 499.611 300 89
0 650 499.698 300 89
0 650 499.776 300 89
0 650 499.84 300 89
0 650 499.901 300 89
0 650 499.967 300 89
0 650 500.03 300 89
0 650 500.088 300 89
0 650 500.148 300 89
0 650 500.208 300 89
0 650 500.27 300 89
0 650 500.331 300 89
0 650 500.387 300 89
0 650 500.445 300 89
0 650 500.508 300 89
0 650 500.57 300 89
0 650 500.634 300 89
0 650 500.696 300 89
0 650 500.759 300 89
0 650 500.821 300 89
0 650 500.884 300 89
0 650 500.947 300 89
0 650 501.003 300 89
0 650 501.056 300 89
0 650 501.117 300 89
0 650 501.184 300 89
0 650 501.245 300 89
0 650 501.31 300 89
0 650 501.373 300 89
0 650 501.434 300 89
0 650 501.499 300 89
0 650 501.561 300 89
0 650 501.621 300 89
0 650 501.684 300 89
0 650 501.745 300 89
0 650 501.804 300 89
0 650 501.866 300 89
0 650 501.926 300 89
0 650 501.991 300 89
0 650 502.052 300 89
0 650 502.117 300 89
0 650 502.18 300 89
0 650 502.242 300 89
0 650 502.303 300 89
0 650 502.362 300 89
0 650 502.431 300 89
0 650 502.494 300 89
0 650 502.555 300 89
0 650 502.617 300 89
0 650 502.682 300 89
0 650 502.75 300 89
0 650 502.818 300 89
0 650 502.881 300 89
0 650 502.941 300 89
0 650 503.005 300 89
0 650 503.069 300 89
0 650 503.129 300 89
0 650 503.2 300 89
0 650 503.261 300 89
0 650 503.327 300 89
0 650 503.392 300 89
0 650 503.459 300 89
0 650 503.52 300 89
0 650 503.581 300 89
0 650 503.637 300 89
0 650 503.701 300 89
0 650 503.77 300 89
0 650 503.836 300 89
0 650 503.901 300 89
0 650 503.972 300 89
0 650 504.041 300 89
0 650 504.105 300 89
0 650 504.177 300 89
0 650 504.242 300 89
0 650 504.302 300 89
0 650 504.369 300 89
0 650 504.435 300 89
0 650 504.505 300 89
0 650 504.58 300 89
0 650 504.645 300 89
0 650 504.713 300 89
0 650 504.779 300 89
0 650 504.844 300 89
0 650 504.912 300 89
0 650 504.975 300 89
0 650 505.04 300 89
0 650 505.104 300 89
0 650 505.163 300 89
0 650 505.227 300 89
0 650 505.321 300 89
0 650 505.409 300 89
0 650 505.506 300 89
0 650 505.598 300 89
0 650 505.694 300 89
0 650 505.774 300 89
0 650 505.857 300 89
0 650 505.95 300 89
0 650 506.045 300 89
0 650 506.134 300 89
0 650 506.23 300 89
0 650 506.334 300 89
0 650 506.429 300 89
0 650 506.52 300 89
0 650 506.617 300 89
0 650 506.708 300 89
0 650 506.8 300 89
0 650 506.88 300 89
0 650 506.973 300 89
0 650 507.051 300 89
0 650 507.149 300 89
0 650 507.233 300 89
0 650 507.328 300 89
0 650 507.426 300 89
0 650 507.514 300 89
0 650 507.61 300 89
0 650 507.7 300 89
0 650 507.786 300 89
0 650 507.868 300 89
0 650 507.963 300 89
0 650 508.059 300 89
0 650 508.151 300 89
0 650 508.245 300 89
0 650 508.34 300 89
0 650 508.438 300 89
0 650 508.532 300 89
0 650 508.631 300 89
0 650 508.72 300 89
0 650 508.816 300 89
0 650 508.907 300 89
0 650 509 300 89
0 650 509.092 300 89
0 650 509.191 300 89
0 650 509.29 300 89
0 650 509.381 300 89
0 650 509.478 300 89
0 650 509.577 300 89
0 650 509.668 300 89
0 650 509.758 300 89
0 650 509.851 300 89
0 650 509.95 300 89
0 650 510.029 300 89
0 650 510.12 300 89
0 650 510.214 300 89
0 650 510.306 300 89
0 650 510.395 300 89
0 650 510.477 300 89
0 650 510.567 300 89
0 650 510.656 300 89
0 650 510.749 300 89
0 650 510.835 300 89
0 650 510.927 300 89
0 650 511.026 300 89
0 650 511.116 300 89
0 650 511.209 300 89
0 650 511.309 300 89
0 650 511.406 300 89
0 650 511.488 300 89
0 650 511.576 300 89
0 650 511.663 300 89
0 650 511.764 300 89
0 650 511.857 300 89
0 650 511.96 300 89
0 650 512.056 300 89
0 650 512.165 300 89
0 650 512.251 300 89
0 650 512.344 300 89
0 650 512.444 300 89
0 650 512.534 300 89
0 650 512.632 300 89
0 650 512.732 300 89
0 650 512.816 300 89
0 650 512.909 300 89
0 650 513.002 300 89
0 650 513.09 300 89
0 650 513.183 300 89
0 650 513.273 300 89
0 650 513.359 300 89
0 650 513.447 300 89
0 650 513.542 300 89
0 650 513.626 300 89
0 650 513.713 300 89
0 650 513.808 300 89
0 650 513.9 300 89
0 650 513.986 300 89
0 650 514.078 300 89
0 650 514.178 300 89
0 650 514.265 300 89
0 650 514.356 300 89
0 650 514.448 300 89
0 650 514.53 300 89
0 650 514.612 300 89
0 650 514.709 300 89
0 650 514.801 300 89
0 650 514.897 300 89
0 650 514.98 300 89
0 650 515.072 300 89
0 650 515.161 300 89
0 650 515.248 300 89
0 650 515.339 300 89
0 650 515.425 300 89
0 650 515.519 300 89
0 650 515.614 300 89
0 650 515.707 300 89
0 650 515.796 300 89
0 650 515.889 300 89
0 650 515.978 300 89
0 650 516.071 300 89
0 650 516.164 300 89
0 650 516.251 300 89
0 650 516.341 300 89
0 650 516.432 300 89
0 650 516.518 300 89
0 650 516.606 300 89
0 650 516.7 300 89
0 650 516.794 300 89
0 650 516.889 300 89
0 650 516.975 300 89
0 650 517.059 300 89
0 650 517.153 300 89
0 650 517.238 300 89
0 650 517.331 300 89
0 650 517.416 300 89
0 650 517.509 300 89
0 650 517.599 300 89
0 650 517.689 300 89
0 650 517.782 300 89
0 650 517.865 300 89
0 650 517.947 300 89
0 650 518.04 300 89
0 650 518.124 300 89
0 650 518.201 300 89
0 650 518.293 300 89
0 650 518.383 300 89
0 650 518.47 300 89
0 650 518.556 300 89
0 650 518.643 300 89
0 650 518.733 300 89
0 650 518.821 300 89
0 650 518.915 300 89
0 650 519.007 300 89
0 650 519.093 300 89
0 650 519.178 300 89
0 650 519.268 300 89
0 650 519.357 300 89
0 650 519.443 300 89
0 650 519.533 300 89
0 650 519.623 300 89
0 650 519.708 300 89
0 650 519.801 300 89
0 650 519.889 300 89
0 650 519.976 300 89
0 650 520.068 300 89
0 650 520.154 300 89
0 650 520.248 300 89
0 650 520.338 300 89
0 650 520.425 300 89
0 650 520.518 300 89
0 650 520.61 300 89
0 650 520.71 300 89
0 650 520.804 300 89
0 650 520.899 300 89
0 650 520.988 300 89
0 650 521.076 300 89
0 650 521.165 300 89
0 650 521.26 300 89
0 650 521.348 300 89
0 650 521.44 300 89
0 650 521.539 300 89
0 650 521.625 300 89
0 650 521.721 300 89
0 650 521.802 300 89
0 650 521.892 300 89
0 650 521.983 300 89
0 650 522.073 300 89
0 650 522.172 300 89
0 650 522.27 300 89
0 650 522.344 300 89
0 650 522.43 300 89
0 650 522.523 300 89
0 650 522.613 300 89
0 650 522.707 300 89
0 650 522.793 300 89
0 650 522.888 300 89
0 650 522.971 300 89
0 650 523.067 300 89
0 650 523.156 300 89
0 650 523.246 300 89
0 650 523.338 300 89
0 650 523.425 300 89
0 650 523.516 300 89
0 650 523.609 300 89
0 650 523.705 300 89
0 650 523.792 300 89
0 650 523.882 300 89
0 650 523.971 300 89
0 650 524.062 300 89
0 650 524.157 300 89
0 650 524.243 300 89
0 650 524.327 300 89
0 650 524.415 300 89
0 650 524.5 300 89
0 650 524.59 300 89
0 650 524.681 300 89
0 650 524.781 300 89
0 650 524.871 300 89
0 650 524.956 300 89
0 650 525.045 300 89
0 650 525.127 300 89
0 650 525.218 300 89
0 650 525.309 300 89
0 650 525.403 300 89
0 650 525.5 300 89
0 650 525.596 300 89
0 650 525.685 300 89
0 650 525.779 300 89
0 650 525.87 300 89
0 650 525.948 300 89
0 650 526.038 300 89
0 650 526.124 300 89
0 650 526.203 300 89
0 650 526.283 300 89
0 650 526.371 300 89
0 650 526.464 300 89
0 650 526.552 300 89
0 650 526.639 300 89
0 650 526.722 300 89
0 650 526.816 300 89
0 650 526.907 300 89
0 650 526.989 300 89
0 650 527.089 300 89
0 650 527.176 300 89
0 650 527.275 300 89
0 650 527.361 300 89
0 650 527.447 300 89
0 650 527.531 300 89
0 650 527.621 300 89
0 650 527.702 300 89
0 650 527.785 300 89
0 650 527.866 300 89
0 650 527.975 300 89
0 650 528.066 300 89
0 650 528.156 300 89
0 650 528.243 300 89
0 650 528.333 300 89
0 650 528.423 300 89
0 650 528.51 300 89
0 650 528.602 300 89
0 650 528.686 300 89
0 650 528.77 300 89
0 650 528.858 300 89
0 650 528.946 300 89
0 650 529.027 300 89
0 650 529.121 300 89
0 650 529.21 300 89
0 650 529.3 300 89
0 650 529.386 300 89
0 650 529.475 300 89
0 650 529.563 300 89
0 650 529.652 300 89
0 650 529.73 300 89
0 650 529.813 300 89
0 650 529.9 300 89
0 650 529.989 300 89
0 650 530.087 300 89
0 650 530.173 300 89
0 650 530.252 300 89
0 650 530.346 300 89
0 650 530.429 300 89
0 650 530.518 300 89
0 650 530.609 300 89
0 650 530.698 300 89
0 650 530.782 300 89
0 650 530.869 300 89
0 650 530.964 300 89
0 650 531.054 300 89
0 650 531.145 300 89
0 650 531.235 300 89
0 650 531.32 300 89
0 650 531.415 300 89
0 650 531.499 300 89
0 650 531.591 300 89
0 650 531.672 300 89
0 650 531.751 300 89
0 650 531.827 300 89
0 650 531.916 300 89
0 650 532.002 300 89
0 650 532.088 300 89
0 650 532.178 300 89
0 650 532.266 300 89
0 650 532.352 300 89
0 650 532.444 300 89
0 650 532.522 300 89
0 650 532.608 300 89
0 650 532.694 300 89
0 650 532.778 300 89
0 650 532.864 300 89
0 650 532.941 300 89
0 650 533.029 300 89
0 650 533.119 300 89
0 650 533.205 300 89
0 650 533.299 300 89
0 650 533.392 300 89
0 650 533.474 300 89
0 650 533.559 300 89
0 650 533.643 300 89
0 650 533.732 300 89
0 650 533.817 300 89
0 650 533.906 300 89
0 650 533.996 300 89
0 650 534.08 300 89
0 650 534.163 300 89
0 650 534.248 300 89
0 650 534.336 300 89
0 650 534.426 300 89
0 650 534.514 300 89
0 650 534.603 300 89
0 650 534.686 300 89
0 650 534.774 300 89
0 650 534.857 300 89
0 650 534.949 300 89
0 650 535.039 300 89
0 650 535.137 300 89
0 650 535.237 300 89
0 650 535.331 300 89
0 650 535.42 300 89
0 650 535.503 300 89
0 650 535.594 300 89
0 650 535.684 300 89
0 650 535.742 300 89
0 650 535.826 300 89
0 650 535.917 300 89
0 650 536.004 300 89
0 650 536.089 300 89
0 650 536.185 300 89
0 650 536.27 300 89
0 650 536.363 300 89
0 650 536.443 300 89
0 650 536.539 300 89
0 650 536.627 300 89
0 650 536.703 300 89
0 650 536.794 300 89
0 650 536.884 300 89
0 650 536.971 300 89
0 650 537.059 300 89
0 650 537.146 300 89
0 650 537.23 300 89
0 650 537.317 300 89
0 650 537.404 300 89
0 650 537.495 300 89
0 650 537.578 300 89
0 650 537.665 300 89
0 650 537.747 300 89
0 650 537.835 300 89
0 650 537.92 300 89
0 650 538.009 300 89
0 650 538.097 300 89
0 650 538.187 300 89
0 650 538.273 300 89
0 650 538.363 300 89
0 650 538.456 300 89
0 650 538.55 300 89
0 650 538.636 300 89
0 650 538.727 300 89
0 650 538.818 300 89
0 650 538.905 300 89
0 650 538.983 300 89
0 650 539.066 300 89
0 650 539.148 300 89
0 650 539.228 300 89
0 650 539.318 300 89
0 650 539.399 300 89
0 650 539.484 300 89
0 650 539.569 300 89
0 650 539.653 300 89
0 650 539.743 300 89
0 650 539.826 300 89
0 650 539.908 300 89
0 650 539.998 300 89
0 650 540.088 300 89
0 650 540.172 300 89
0 650 540.259 300 89
0 650 540.347 300 89
0 650 540.443 300 89
0 650 540.525 300 89
0 650 540.601 300 89
0 650 540.69 300 89
0 650 540.776 300 89
0 650 540.854 300 89
0 650 540.945 300 89
0 650 541.038 300 89
0 650 541.129 300 89
0 650 541.208 300 89
0 650 541.296 300 89
0 650 541.383 300 89
0 650 541.472 300 89
0 650 541.561 300 89
0 650 541.653 300 89
0 650 541.746 300 89
0 650 541.838 300 89
0 650 541.925 300 89
0 650 542.018 300 89
0 650 542.109 300 89
0 650 542.196 300 89
0 650 542.284 300 89
0 650 542.371 300 89
0 650 542.451 300 89
0 650 542.545 300 89
0 650 542.635 300 89
0 650 542.725 300 89
0 650 542.814 300 89
0 650 542.904 300 89
0 650 542.997 300 89
0 650 543.081 300 89
0 650 543.168 300 89
0 650 543.248 300 89
0 650 543.335 300 89
0 650 543.425 300 89
0 650 543.509 300 89
0 650 543.592 300 89
0 650 543.682 300 89
0 650 543.772 300 89
0 650 543.858 300 89
0 650 543.95 300 89
0 650 544.039 300 89
0 650 544.131 300 89
0 650 544.218 300 89
0 650 544.311 300 89
0 650 544.405 300 89
0 650 544.493 300 89
0 650 544.584 300 89
0 650 544.671 300 89
0 650 544.749 300 89
0 650 544.858 300 89
0 650 544.943 300 89
0 650 545.027 300 89
0 650 545.111 300 89
0 650 545.194 300 89
0 650 545.281 300 89
0 650 545.365 300 89
0 650 545.437 300 89
0 650 545.525 300 89
0 650 545.606 300 89
0 650 545.691 300 89
0 650 545.772 300 89
0 650 545.859 300 89
0 650 545.949 300 89
0 650 546.038 300 89
0 650 546.129 300 89
0 650 546.221 300 89
0 650 546.307 300 89
0 650 546.395 300 89
0 650 546.476 300 89
0 650 546.569 300 89
0 650 546.654 300 89
0 650 546.738 300 89
0 650 546.816 300 89
0 650 546.904 300 89
0 650 546.987 300 89
0 650 547.077 300 89
0 650 547.169 300 89
0 650 547.261 300 89
0 650 547.352 300 89
0 650 547.45 300 89
0 650 547.536 300 89
0 650 547.619 300 89
0 650 547.711 300 89
0 650 547.809 300 89
0 650 547.901 300 89
0 650 548.001 300 89
0 650 548.082 300 89
0 650 548.173 300 89
0 650 548.261 300 89
0 650 548.35 300 89
0 650 548.446 300 89
0 650 548.534 300 89
0 650 548.62 300 89
0 650 548.701 300 89
0 650 548.785 300 89
0 650 548.875 300 89
0 650 548.964 300 89
0 650 549.052 300 89
0 650 549.136 300 89
0 650 549.217 300 89
0 650 549.304 300 89
0 650 549.394 300 89
0 650 549.473 300 89
0 650 549.559 300 89
0 650 549.644 300 89
0 650 549.724 300 89
0 650 549.815 300 89
0 650 549.9 300 89
0 650 549.994 300 89
0 650 550.082 300 89
0 650 550.172 300 89
0 650 550.251 300 89
0 650 550.346 300 89
0 650 550.438 300 89
0 650 550.515 300 89
0 650 550.603 300 89
0 650 550.694 300 89
0 650 550.779 300 89
0 650 550.866 300 89
0 650 550.953 300 89
0 650 551.044 300 89
0 650 551.136 300 89
0 650 551.222 300 89
0 650 551.311 300 89
0 650 551.396 300 89
0 650 551.484 300 89
0 650 551.568 300 89
0 650 551.662 300 89
0 650 551.75 300 89
0 650 551.839 300 89
0 650 551.925 300 89
0 650 552.016 300 89
0 650 552.101 300 89
0 650 552.187 300 89
0 650 552.269 300 89
0 650 552.352 300 89
0 650 552.44 300 89
0 650 552.525 300 89
0 650 552.621 300 89
0 650 552.708 300 89
0 650 552.784 300 89
0 650 552.869 300 89
0 650 552.948 300 89
0 650 553.044 300 89
0 650 553.129 300 89
0 650 553.219 300 89
0 650 553.312 300 89
0 650 553.401 300 89
0 650 553.484 300 89
0 650 553.58 300 89
0 650 553.669 300 89
0 650 553.761 300 89
0 650 553.85 300 89
0 650 553.934 300 89
0 650 554.029 300 89
0 650 554.121 300 89
0 650 554.212 300 89
0 650 554.299 300 89
0 650 554.394 300 89
0 650 554.479 300 89
0 650 554.57 300 89
0 650 554.659 300 89
0 650 554.755 300 89
0 650 554.847 300 89
0 650 554.934 300 89
0 650 555.023 300 89
0 650 555.118 300 89
0 650 555.212 300 89
0 650 555.3 300 89
0 650 555.414 300 89
0 650 555.501 300 89
0 650 555.592 300 89
0 650 555.678 300 89
0 650 555.766 300 89
0 650 555.855 300 89
0 650 555.945 300 89
0 650 556.035 300 89
0 650 556.116 300 89
0 650 556.198 300 89
0 650 556.292 300 89
0 650 556.382 300 89
0 650 556.471 300 89
0 650 556.557 300 89
0 650 556.636 300 89
0 650 556.71 300 89
0 650 556.768 300 89
0 650 556.827 300 89
0 650 556.888 300 89
0 650 556.946 300 89
0 650 557.009 300 89
0 650 557.101 300 89
0 650 557.193 300 89
0 650 557.28 300 89
0 650 557.377 300 89
0 650 557.473 300 89
0 650 557.553 300 89
0 650 557.64 300 89
0 650 557.731 300 89
0 650 557.807 300 89
0 650 557.893 300 89
0 650 557.981 300 89
0 650 558.072 300 89
0 650 558.157 300 89
0 650 558.246 300 89
0 650 558.323 300 89
0 650 558.416 300 89
0 650 558.501 300 89
0 650 558.576 300 89
0 650 558.635 300 89
0 650 558.697 300 89
0 650 558.756 300 89
0 650 558.817 300 89
0 650 558.874 300 89
0 650 558.938 300 89
0 650 559.022 300 89
0 650 559.103 300 89
0 650 559.194 300 89
0 650 559.276 300 89
0 650 559.377 300 89
0 650 559.456 300 89
0 650 559.545 300 89
0 650 559.638 300 89
0 650 559.737 300 89
0 650 559.846 300 89
0 650 559.944 300 89
0 650 560.031 300 89
0 650 560.119 300 89
0 650 560.208 300 89
0 650 560.296 300 89
0 650 560.373 300 89
0 650 560.46 300 89
0 650 560.543 300 89
0 650 560.623 300 89
0 650 560.697 300 89
0 650 560.781 300 89
0 650 560.866 300 89
0 650 560.951 300 89
0 650 561.031 300 89
0 650 561.113 300 89
0 650 561.203 300 89
0 650 561.292 300 89
0 650 561.381 300 89
0 650 561.479 300 89
0 650 561.576 300 89
0 650 561.667 300 89
0 650 561.745 300 89
0 650 561.822 300 89
0 650 561.905 300 89
0 650 561.98 300 89
0 650 562.063 300 89
0 650 562.144 300 89
0 650 562.232 300 89
0 650 562.313 300 89
0 650 562.397 300 89
0 650 562.478 300 89
0 650 562.558 300 89
0 650 562.642 300 89
0 650 562.724 300 89
0 650 562.809 300 89
0 650 562.897 300 89
0 650 562.988 300 89
0 650 563.077 300 89
0 650 563.165 300 89
0 650 563.263 300 89
0 650 563.361 300 89
0 650 563.455 300 89
0 650 563.537 300 89
0 650 563.624 300 89
0 650 563.712 300 89
0 650 563.799 300 89
0 650 563.886 300 89
0 650 563.969 300 89
0 650 564.053 300 89
0 650 564.142 300 89
0 650 564.228 300 89
0 650 564.311 300 89
0 650 564.399 300 89
0 650 564.482 300 89
0 650 564.57 300 89
0 650 564.65 300 89
0 650 564.739 300 89
0 650 564.829 300 89
0 650 564.917 300 89
0 650 564.999 300 89
0 650 565.09 300 89
0 650 565.176 300 89
0 650 565.274 300 89
0 650 565.373 300 89
0 650 565.452 300 89
0 650 565.534 300 89
0 650 565.615 300 89
0 650 565.702 300 89
0 650 565.78 300 89
0 650 565.859 300 89
0 650 565.948 300 89
0 650 566.029 300 89
0 650 566.116 300 89
0 650 566.21 300 89
0 650 566.292 300 89
0 650 566.381 300 89
0 650 566.47 300 89
0 650 566.558 300 89
0 650 566.647 300 89
0 650 566.735 300 89
0 650 566.822 300 89
0 650 566.913 300 89
0 650 567.009 300 89
0 650 567.098 300 89
0 650 567.19 300 89
0 650 567.276 300 89
0 650 567.381 300 89
0 650 567.484 300 89
0 650 567.579 300 89
0 650 567.661 300 89
0 650 567.745 300 89
0 650 567.836 300 89
0 650 567.926 300 89
0 650 568.012 300 89
0 650 568.098 300 89
0 650 568.185 300 89
0 650 568.271 300 89
0 650 568.36 300 89
0 650 568.446 300 89
0 650 568.518 300 89
0 650 568.596 300 89
0 650 568.681 300 89
0 650 568.766 300 89
0 650 568.849 300 89
0 650 568.936 300 89
0 650 569.019 300 89
0 650 569.11 300 89
0 650 569.197 300 89
0 650 569.281 300 89
0 650 569.379 300 89
0 650 569.466 300 89
0 650 569.551 300 89
0 650 569.645 300 89
0 650 569.749 300 89
0 650 569.833 300 89
0 650 569.914 300 89
0 650 569.997 300 89
0 650 570.078 300 89
0 650 570.157 300 89
0 650 570.24 300 89
0 650 570.334 300 89
0 650 570.416 300 89
0 650 570.498 300 89
0 650 570.587 300 89
0 650 570.672 300 89
0 650 570.757 300 89
0 650 570.874 300 89
0 650 570.958 300 89
0 650 571.053 300 89
0 650 571.138 300 89
0 650 571.228 300 89
0 650 571.332 300 89
0 650 571.43 300 89
0 650 571.513 300 89
0 650 571.594 300 89
0 650 571.698 300 89
0 650 571.791 300 89
0 650 571.878 300 89
0 650 571.965 300 89
0 650 572.06 300 89
0 650 572.15 300 89
0 650 572.233 300 89
0 650 572.323 300 89
0 650 572.408 300 89
0 650 572.495 300 89
0 650 572.579 300 89
0 650 572.665 300 89
0 650 572.757 300 89
0 650 572.846 300 89
0 650 572.928 300 89
0 650 573.014 300 89
0 650 573.102 300 89
0 650 573.187 300 89
0 650 573.276 300 89
0 650 573.362 300 89
0 650 573.444 300 89
0 650 573.531 300 89
0 650 573.611 300 89
0 650 573.693 300 89
0 650 573.781 300 89
0 650 573.871 300 89
0 650 573.957 300 89
0 650 574.068 300 89
0 650 574.161 300 89
0 650 574.248 300 89
0 650 574.329 300 89
0 650 574.413 300 89
0 650 574.499 300 89
0 650 574.583 300 89
0 650 574.671 300 89
0 650 574.753 300 89
0 650 574.836 300 89
0 650 574.924 300 89
0 650 575.008 300 89
0 650 575.093 300 89
0 650 575.177 300 89
0 650 575.267 300 89
0 650 575.337 300 89
0 650 575.418 300 89
0 650 575.507 300 89
0 650 575.59 300 89
0 650 575.673 300 89
0 650 575.758 300 89
0 650 575.846 300 89
0 650 575.934 300 89
0 650 576.042 300 89
0 650 576.137 300 89
0 650 576.216 300 89
0 650 576.301 300 89
0 650 576.387 300 89
0 650 576.464 300 89
0 650 576.54 300 89
0 650 576.628 300 89
0 650 576.713 300 89
0 650 576.797 300 89
0 650 576.876 300 89
0 650 576.961 300 89
0 650 577.051 300 89
0 650 577.133 300 89
0 650 577.219 300 89
0 650 577.298 300 89
0 650 577.378 300 89
0 650 577.469 300 89
0 650 577.552 300 89
0 650 577.637 300 89
0 650 577.716 300 89
0 650 577.806 300 89
0 650 577.896 300 89
0 650 577.995 300 89
0 650 578.099 300 89
0 650 578.178 300 89
0 650 578.26 300 89
0 650 578.343 300 89
0 650 578.433 300 89
0 650 578.521 300 89
0 650 578.611 300 89
0 650 578.702 300 89
0 650 578.787 300 89
0 650 578.861 300 89
0 650 578.941 300 89
0 650 579.033 300 89
0 650 579.113 300 89
0 650 579.188 300 89
0 650 579.266 300 89
0 650 579.353 300 89
0 650 579.44 300 89
0 650 579.527 300 89
0 650 579.602 300 89
0 650 579.683 300 89
0 650 579.767 300 89
0 650 579.855 300 89
0 650 579.957 300 89
0 650 580.046 300 89
0 650 580.123 300 89
0 650 580.203 300 89
0 650 580.282 300 89
0 650 580.368 300 89
0 650 580.462 300 89
0 650 580.556 300 89
0 650 580.636 300 89
0 650 580.713 300 89
0 650 580.796 300 89
0 650 580.876 300 89
0 650 580.96 300 89
0 650 581.042 300 89
0 650 581.127 300 89
0 650 581.208 300 89
0 650 581.303 300 89
0 650 581.394 300 89
0 650 581.479 300 89
0 650 581.577 300 89
0 650 581.669 300 89
0 650 581.753 300 89
0 650 581.834 300 89
0 650 581.913 300 89
0 650 581.996 300 89
0 650 582.074 300 89
0 650 582.156 300 89
0 650 582.242 300 89
0 650 582.314 300 89
0 650 582.4 300 89
0 650 582.483 300 89
0 650 582.577 300 89
0 650 582.655 300 89
0 650 582.736 300 89
0 650 582.821 300 89
0 650 582.911 300 89
0 650 583 300 89
0 650 583.078 300 89
0 650 583.168 300 89
0 650 583.274 300 89
0 650 583.362 300 89
0 650 583.448 300 89
0 650 583.535 300 89
0 650 583.619 300 89
0 650 583.693 300 89
0 650 583.775 300 89
0 650 583.868 300 89
0 650 583.947 300 89
0 650 584.037 300 89
0 650 584.114 300 89
0 650 584.199 300 89
0 650 584.282 300 89
0 650 584.364 300 89
0 650 584.445 300 89
0 650 584.528 300 89
0 650 584.614 300 89
0 650 584.694 300 89
0 650 584.774 300 89
0 650 584.866 300 89
0 650 584.962 300 89
0 650 585.055 300 89
0 650 585.147 300 89
0 650 585.229 300 89
0 650 585.338 300 89
0 650 585.464 300 89
0 650 585.549 300 89
0 650 585.619 300 89
0 650 585.702 300 89
0 650 585.786 300 89
0 650 585.87 300 89
0 650 585.957 300 89
0 650 586.04 300 89
0 650 586.122 300 89
0 650 586.203 300 89
0 650 586.289 300 89
0 650 586.369 300 89
0 650 586.452 300 89
0 650 586.533 300 89
0 650 586.62 300 89
0 650 586.706 300 89
0 650 586.785 300 89
0 650 586.87 300 89
0 650 586.957 300 89
0 650 587.05 300 89
0 650 587.138 300 89
0 650 587.238 300 89
0 650 587.332 300 89
0 650 587.427 300 89
0 650 587.512 300 89
0 650 587.593 300 89
0 650 587.67 300 89
0 650 587.751 300 89
0 650 587.838 300 89
0 650 587.927 300 89
0 650 588.004 300 89
0 650 588.092 300 89
0 650 588.18 300 89
0 650 588.268 300 89
0 650 588.351 300 89
0 650 588.436 300 89
0 650 588.523 300 89
0 650 588.603 300 89
0 650 588.683 300 89
0 650 588.775 300 89
0 650 588.863 300 89
0 650 588.944 300 89
0 650 589.027 300 89
0 650 589.118 300 89
0 650 589.214 300 89
0 650 589.312 300 89
0 650 589.397 300 89
0 650 589.482 300 89
0 650 589.564 300 89
0 650 589.648 300 89
0 650 589.739 300 89
0 650 589.832 300 89
0 650 589.915 300 89
0 650 590.005 300 89
0 650 590.092 300 89
0 650 590.177 300 89
0 650 590.269 300 89
0 650 590.354 300 89
0 650 590.439 300 89
0 650 590.536 300 89
0 650 590.612 300 89
0 650 590.699 300 89
0 650 590.783 300 89
0 650 590.866 300 89
0 650 590.95 300 89
0 650 591.039 300 89
0 650 591.137 300 89
0 650 591.237 300 89
0 650 591.318 300 89
0 650 591.406 300 89
0 650 591.497 300 89
0 650 591.607 300 89
0 650 591.704 300 89
0 650 591.796 300 89
0 650 591.882 300 89
0 650 591.971 300 89
0 650 592.065 300 89
0 650 592.162 300 89
0 650 592.248 300 89
0 650 592.335 300 89
0 650 592.423 300 89
0 650 592.509 300 89
0 650 592.592 300 89
0 650 592.676 300 89
0 650 592.752 300 89
0 650 592.84 300 89
0 650 592.925 300 89
0 650 593.005 300 89
0 650 593.078 300 89
0 650 593.165 300 89
0 650 593.249 300 89
0 650 593.325 300 89
0 650 593.42 300 89
0 650 593.524 300 89
0 650 593.619 300 89
0 650 593.706 300 89
0 650 593.791 300 89
0 650 593.898 300 89
0 650 593.984 300 89
0 650 594.065 300 89
0 650 594.187 300 89
0 650 594.27 300 89
0 650 594.359 300 89
0 650 594.446 300 89
0 650 594.536 300 89
0 650 594.619 300 89
0 650 594.699 300 89
0 650 594.781 300 89
0 650 594.876 300 89
0 650 594.964 300 89
0 650 595.049 300 89
0 650 595.138 300 89
0 650 595.228 300 89
0 650 595.308 300 89
0 650 595.407 300 89
0 650 595.513 300 89
0 650 595.62 300 89
0 650 595.702 300 89
0 650 595.787 300 89
0 650 595.872 300 89
0 650 595.959 300 89
0 650 596.049 300 89
0 650 596.145 300 89
0 650 596.227 300 89
0 650 596.311 300 89
0 650 596.406 300 89
0 650 596.49 300 89
0 650 596.577 300 89
0 650 596.661 300 89
0 650 596.744 300 89
0 650 596.828 300 89
0 650 596.913 300 89
0 650 597.003 300 89
0 650 597.097 300 89
0 650 597.215 300 89
0 650 597.306 300 89
0 650 597.394 300 89
0 650 597.488 300 89
0 650 597.576 300 89
0 650 597.67 300 89
0 650 597.759 300 89
0 650 597.843 300 89
0 650 597.936 300 89
0 650 598.02 300 89
0 650 598.108 300 89
0 650 598.199 300 89
0 650 598.283 300 89
0 650 598.363 300 89
0 650 598.45 300 89
0 650 598.533 300 89
0 650 598.619 300 89
0 650 598.708 300 89
0 650 598.787 300 89
0 650 598.883 300 89
0 650 598.972 300 89
0 650 599.053 300 89
0 650 599.151 300 89
0 650 599.239 300 89
0 650 599.326 300 89
0 650 599.407 300 89
0 650 599.494 300 89
0 650 599.587 300 89
0 650 599.668 300 89
0 650 599.758 300 89
0 650 599.851 300 89
0 650 599.938 300 89
0 650 600.02 300 89
0 650 600.107 300 89
0 650 600.2 300 89
0 650 600.291 300 89
0 650 600.379 300 89
0 650 600.464 300 89
0 650 600.558 300 89
0 650 600.645 300 89
0 650 600.708 300 89
0 650 600.773 300 89
0 650 600.843 300 89
0 650 600.905 300 89
0 650 600.963 300 89
0 650 601.017 300 89
0 650 601.083 300 89
0 650 601.149 300 89
0 650 601.211 300 89
0 650 601.277 300 89
0 650 601.34 300 89
0 650 601.402 300 89
0 650 601.47 300 89
0 650 601.532 300 89
0 650 601.596 300 89
0 650 601.661 300 89
0 650 601.723 300 89
0 650 601.784 300 89
0 650 601.846 300 89
0 650 601.912 300 89
0 650 601.974 300 89
0 650 602.034 300 89
0 650 602.102 300 89
0 650 602.169 300 89
0 650 602.231 300 89
0 650 602.296 300 89
0 650 602.361 300 89
0 650 602.421 300 89
0 650 602.477 300 89
0 650 602.542 300 89
0 650 602.601 300 89
0 650 602.669 300 89
0 650 602.73 300 89
0 650 602.796 300 89
0 650 602.861 300 89
0 650 602.924 300 89
0 650 602.983 300 89
0 650 603.049 300 89
0 650 603.116 300 89
0 650 603.18 300 89
0 650 603.241 300 89
0 650 603.304 300 89
0 650 603.367 300 89
0 650 603.428 300 89
0 650 603.493 300 89
0 650 603.557 300 89
0 650 603.622 300 89
0 650 603.683 300 89
0 650 603.74 300 89
0 650 603.803 300 89
0 650 603.868 300 89
0 650 603.932 300 89
0 650 603.998 300 89
0 650 604.062 300 89
0 650 604.122 300 89
0 650 604.192 300 89
0 650 604.258 300 89
0 650 604.317 300 89
0 650 604.38 300 89
0 650 604.441 300 89
0 650 604.502 300 89
0 650 604.592 300 89
0 650 604.679 300 89
0 650 604.767 300 89
0 650 604.854 300 89
0 650 604.939 300 89
0 650 605.036 300 89
0 650 605.125 300 89
0 650 605.211 300 89
0 650 605.303 300 89
0 650 605.39 300 89
0 650 605.465 300 89
0 650 605.552 300 89
0 650 605.643 300 89
0 650 605.737 300 89
0 650 605.831 300 89
0 650 605.927 300 89
0 650 606.021 300 89
0 650 606.113 300 89
0 650 606.207 300 89
0 650 606.291 300 89
0 650 606.375 300 89
0 650 606.456 300 89
0 650 606.55 300 89
0 650 606.641 300 89
0 650 606.733 300 89
0 650 606.825 300 89
0 650 606.919 300 89
0 650 607.008 300 89
0 650 607.107 300 89
0 650 607.196 300 89
0 650 607.294 300 89
0 650 607.387 300 89
0 650 607.471 300 89
0 650 607.559 300 89
0 650 607.65 300 89
0 650 607.74 300 89
0 650 607.832 300 89
0 650 607.913 300 89
0 650 607.997 300 89
0 650 608.082 300 89
0 650 608.173 300 89
0 650 608.264 300 89
0 650 608.36 300 89
0 650 608.441 300 89
0 650 608.532 300 89
0 650 608.621 300 89
0 650 608.71 300 89
0 650 608.812 300 89
0 650 608.911 300 89
0 650 609.002 300 89
0 650 609.088 300 89
0 650 609.175 300 89
0 650 609.266 300 89
0 650 609.358 300 89
0 650 609.46 300 89
0 650 609.548 300 89
0 650 609.64 300 89
0 650 609.735 300 89
0 650 609.837 300 89
0 650 609.925 300 89
0 650 610.008 300 89
0 650 610.091 300 89
0 650 610.183 300 89
0 650 610.264 300 89
0 650 610.351 300 89
0 650 610.445 300 89
0 650 610.533 300 89
0 650 610.618 300 89
0 650 610.7 300 89
0 650 610.788 300 89
0 650 610.884 300 89
0 650 610.977 300 89
0 650 611.068 300 89
0 650 611.16 300 89
0 650 611.244 300 89
0 650 611.337 300 89
0 650 611.413 300 89
0 650 611.506 300 89
0 650 611.605 300 89
0 650 611.69 300 89
0 650 611.774 300 89
0 650 611.875 300 89
0 650 611.968 300 89
0 650 612.05 300 89
0 650 612.147 300 89
0 650 612.247 300 89
0 650 612.34 300 89
0 650 612.432 300 89
0 650 612.529 300 89
0 650 612.624 300 89
0 650 612.715 300 89
0 650 612.81 300 89
0 650 612.909 300 89
0 650 613.002 300 89
0 650 613.092 300 89
0 650 613.187 300 89
0 650 613.272 300 89
0 650 613.368 300 89
0 650 613.466 300 89
0 650 613.555 300 89
0 650 613.648 300 89
0 650 613.732 300 89
0 650 613.824 300 89
0 650 613.921 300 89
0 650 614.012 300 89
0 650 614.105 300 89
0 650 614.198 300 89
0 650 614.294 300 89
0 650 614.381 300 89
0 650 614.472 300 89
0 650 614.563 300 89
0 650 614.656 300 89
0 650 614.748 300 89
0 650 614.843 300 89
0 650 614.938 300 89
0 650 615.03 300 89
0 650 615.113 300 89
0 650 615.203 300 89
0 650 615.291 300 89
0 650 615.435 300 89
0 650 615.53 300 89
0 650 615.624 300 89
0 650 615.711 300 89
0 650 615.804 300 89
0 650 615.894 300 89
0 650 615.989 300 89
0 650 616.069 300 89
0 650 616.163 300 89
0 650 616.254 300 89
0 650 616.349 300 89
0 650 616.447 300 89
0 650 616.538 300 89
0 650 616.63 300 89
0 650 616.691 300 89
0 650 616.781 300 89
0 650 616.877 300 89
0 650 616.972 300 89
0 650 617.061 300 89
0 650 617.149 300 89
0 650 617.249 300 89
0 650 617.337 300 89
0 650 617.43 300 89
0 650 617.525 300 89
0 650 617.617 300 89
0 650 617.706 300 89
0 650 617.796 300 89
0 650 617.888 300 89
0 650 617.98 300 89
0 650 618.063 300 89
0 650 618.157 300 89
0 650 618.238 300 89
0 650 618.327 300 89
0 650 618.42 300 89
0 650 618.513 300 89
0 650 618.611 300 89
0 650 618.697 300 89
0 650 618.775 300 89
0 650 618.872 300 89
0 650 618.964 300 89
0 650 619.069 300 89
0 650 619.157 300 89
0 650 619.251 300 89
0 650 619.346 300 89
0 650 619.442 300 89
0 650 619.538 300 89
0 650 619.63 300 89
0 650 619.764 300 89
0 650 619.86 300 89
0 650 619.947 300 89
0 650 620.043 300 89
0 650 620.131 300 89
0 650 620.226 300 89
0 650 620.323 300 89
0 650 620.418 300 89
0 650 620.511 300 89
0 650 620.603 300 89
0 650 620.683 300 89
0 650 620.773 300 89
0 650 620.871 300 89
0 650 620.959 300 89
0 650 621.049 300 89
0 650 621.144 300 89
0 650 621.234 300 89
0 650 621.329 300 89
0 650 621.414 300 89
0 650 621.509 300 89
0 650 621.606 300 89
0 650 621.702 300 89
0 650 621.786 300 89
0 650 621.882 300 89
0 650 621.974 300 89
0 650 622.074 300 89
0 650 622.166 300 89
0 650 622.262 300 89
0 650 622.345 300 89
0 650 622.436 300 89
0 650 622.52 300 89
0 650 622.617 300 89
0 650 622.749 300 89
0 650 622.839 300 89
0 650 622.932 300 89
0 650 623.03 300 89
0 650 623.127 300 89
0 650 623.214 300 89
0 650 623.315 300 89
0 650 623.404 300 89
0 650 623.491 300 89
0 650 623.584 300 89
0 650 623.675 300 89
0 650 623.78 300 89
0 650 623.871 300 89
0 650 623.968 300 89
0 650 624.059 300 89
0 650 624.151 300 89
0 650 624.24 300 89
0 650 624.315 300 89
0 650 624.411 300 89
0 650 624.501 300 89
0 650 624.591 300 89
0 650 624.683 300 89
0 650 624.777 300 89
0 650 624.873 300 89
0 650 624.968 300 89
0 650 625.06 300 89
0 650 625.152 300 89
0 650 625.245 300 89
0 650 625.334 300 89
0 650 625.426 300 89
0 650 625.514 300 89
0 650 625.603 300 89
0 650 625.694 300 89
0 650 625.786 300 89
0 650 625.881 300 89
0 650 625.971 300 89
0 650 626.065 300 89
0 650 626.157 300 89
0 650 626.246 300 89
0 650 626.334 300 89
0 650 626.407 300 89
0 650 626.495 300 89
0 650 626.592 300 89
0 650 626.679 300 89
0 650 626.773 300 89
0 650 626.866 300 89
0 650 626.955 300 89
0 650 627.058 300 89
0 650 627.146 300 89
0 650 627.239 300 89
0 650 627.324 300 89
0 650 627.418 300 89
0 650 627.511 300 89
0 650 627.601 300 89
0 650 627.686 300 89
0 650 627.779 300 89
0 650 627.867 300 89
0 650 627.986 300 89
0 650 628.077 300 89
0 650 628.14 300 89
0 650 628.233 300 89
0 650 628.328 300 89
0 650 628.422 300 89
0 650 628.514 300 89
0 650 628.601 300 89
0 650 628.691 300 89
0 650 628.78 300 89
0 650 628.874 300 89
0 650 628.972 300 89
0 650 629.06 300 89
0 650 629.146 300 89
0 650 629.244 300 89
0 650 629.338 300 89
0 650 629.43 300 89
0 650 629.526 300 89
0 650 629.616 300 89
0 650 629.712 300 89
0 650 629.794 300 89
0 650 629.882 300 89
0 650 629.975 300 89
0 650 630.067 300 89
0 650 630.157 300 89
0 650 630.219 300 89
0 650 630.312 300 89
0 650 630.403 300 89
0 650 630.503 300 89
0 650 630.595 300 89
0 650 630.692 300 89
0 650 630.784 300 89
0 650 630.879 300 89
0 650 630.972 300 89
0 650 631.064 300 89
0 650 631.159 300 89
0 650 631.247 300 89
0 650 631.336 300 89
0 650 631.43 300 89
0 650 631.523 300 89
0 650 631.625 300 89
0 650 631.712 300 89
0 650 631.81 300 89
0 650 631.905 300 89
0 650 631.995 300 89
0 650 632.08 300 89
0 650 632.163 300 89
0 650 632.246 300 89
0 650 632.333 300 89
0 650 632.42 300 89
0 650 632.512 300 89
0 650 632.623 300 89
0 650 632.715 300 89
0 650 632.805 300 89
0 650 632.895 300 89
0 650 632.982 300 89
0 650 633.061 300 89
0 650 633.15 300 89
0 650 633.245 300 89
0 650 633.342 300 89
0 650 633.434 300 89
0 650 633.522 300 89
0 650 633.621 300 89
0 650 633.719 300 89
0 650 633.814 300 89
0 650 633.897 300 89
0 650 633.985 300 89
0 650 634.098 300 89
0 650 634.188 300 89
0 650 634.276 300 89
0 650 634.369 300 89
0 650 634.458 300 89
0 650 634.555 300 89
0 650 634.646 300 89
0 650 634.729 300 89
0 650 634.819 300 89
0 650 634.909 300 89
0 650 635.003 300 89
0 650 635.097 300 89
0 650 635.173 300 89
0 650 635.267 300 89
0 650 635.361 300 89
0 650 635.449 300 89
0 650 635.54 300 89
0 650 635.633 300 89
0 650 635.724 300 89
0 650 635.819 300 89
0 650 635.908 300 89
0 650 636.005 300 89
0 650 636.097 300 89
0 650 636.186 300 89
0 650 636.276 300 89
0 650 636.372 300 89
0 650 636.464 300 89
0 650 636.556 300 89
0 650 636.644 300 89
0 650 636.741 300 89
0 650 636.836 300 89
0 650 636.927 300 89
0 650 637.02 300 89
0 650 637.106 300 89
0 650 637.2 300 89
0 650 637.292 300 89
0 650 637.38 300 89
0 650 637.463 300 89
0 650 637.552 300 89
0 650 637.632 300 89
0 650 637.719 300 89
0 650 637.813 300 89
0 650 637.896 300 89
0 650 637.983 300 89
0 650 638.069 300 89
0 650 638.162 300 89
0 650 638.263 300 89
0 650 638.36 300 89
0 650 638.453 300 89
0 650 638.548 300 89
0 650 638.636 300 89
0 650 638.73 300 89
0 650 638.822 300 89
0 650 638.919 300 89
0 650 639.008 300 89
0 650 639.104 300 89
0 650 639.202 300 89
0 650 639.296 300 89
0 650 639.382 300 89
0 650 639.468 300 89
0 650 639.561 300 89
0 650 639.653 300 89
0 650 639.741 300 89
0 650 639.829 300 89
0 650 639.921 300 89
0 650 640.014 300 89
0 650 640.102 300 89
0 650 640.184 300 89
0 650 640.268 300 89
0 650 640.364 300 89
0 650 640.448 300 89
0 650 640.534 300 89
0 650 640.617 300 89
0 650 640.711 300 89
0 650 640.793 300 89
0 650 640.889 300 89
0 650 640.978 300 89
0 650 641.065 300 89
0 650 641.154 300 89
0 650 641.243 300 89
0 650 641.323 300 89
0 650 641.401 300 89
0 650 641.459 300 89
0 650 641.543 300 89
0 650 641.629 300 89
0 650 641.726 300 89
0 650 641.82 300 89
0 650 641.901 300 89
0 650 641.982 300 89
0 650 642.07 300 89
0 650 642.159 300 89
0 650 642.241 300 89
0 650 642.328 300 89
0 650 642.425 300 89
0 650 642.511 300 89
0 650 642.6 300 89
0 650 642.688 300 89
0 650 642.77 300 89
0 650 642.859 300 89
0 650 642.946 300 89
0 650 643.028 300 89
0 650 643.111 300 89
0 650 643.203 300 89
0 650 643.295 300 89
0 650 643.383 300 89
0 650 643.465 300 89
0 650 643.553 300 89
0 650 643.628 300 89
0 650 643.704 300 89
0 650 643.797 300 89
0 650 643.885 300 89
0 650 643.975 300 89
0 650 644.059 300 89
0 650 644.146 300 89
0 650 644.231 300 89
0 650 644.314 300 89
0 650 644.397 300 89
0 650 644.479 300 89
0 650 644.575 300 89
0 650 644.666 300 89
0 650 644.746 300 89
0 650 644.832 300 89
0 650 644.923 300 89
0 650 645.005 300 89
0 650 645.089 300 89
0 650 645.18 300 89
0 650 645.276 300 89
0 650 645.363 300 89
0 650 645.446 300 89
0 650 645.53 300 89
0 650 645.613 300 89
0 650 645.703 300 89
0 650 645.791 300 89
0 650 645.871 300 89
0 650 645.961 300 89
0 650 646.051 300 89
0 650 646.144 300 89
0 650 646.226 300 89
0 650 646.315 300 89
0 650 646.397 300 89
0 650 646.484 300 89
0 650 646.565 300 89
0 650 646.661 300 89
0 650 646.746 300 89
0 650 646.83 300 89
0 650 646.915 300 89
0 650 646.999 300 89
0 650 647.084 300 89
0 650 647.161 300 89
0 650 647.252 300 89
0 650 647.335 300 89
0 650 647.413 300 89
0 650 647.503 300 89
0 650 647.595 300 89
0 650 647.682 300 89
0 650 647.769 300 89
0 650 647.854 300 89
0 650 647.946 300 89
0 650 648.034 300 89
0 650 648.128 300 89
0 650 648.216 300 89
0 650 648.304 300 89
0 650 648.395 300 89
0 650 648.49 300 89
0 650 648.583 300 89
0 650 648.669 300 89
0 650 648.756 300 89
0 650 648.835 300 89
0 650 648.892 300 89
0 650 648.977 300 89
0 650 649.068 300 89
0 650 649.155 300 89
0 650 649.245 300 89
0 650 649.338 300 89
0 650 649.427 300 89
0 650 649.516 300 89
0 650 649.606 300 89
0 650 649.689 300 89
0 650 649.773 300 89
0 650 649.869 300 89
0 650 649.962 300 89
0 650 650.051 300 89
0 650 650.141 300 89
0 650 650.23 300 89
0 650 650.32 300 89
0 650 650.404 300 89
0 650 650.496 300 89
0 650 650.573 300 89
0 650 650.658 300 89
0 650 650.74 300 89
0 650 650.825 300 89
0 650 650.914 300 89
0 650 650.997 300 89
0 650 651.078 300 89
0 650 651.157 300 89
0 650 651.243 300 89
0 650 651.319 300 89
0 650 651.405 300 89
0 650 651.492 300 89
0 650 651.574 300 89
0 650 651.654 300 89
0 650 651.753 300 89
0 650 651.832 300 89
0 650 651.918 300 89
0 650 652.002 300 89
0 650 652.094 300 89
0 650 652.184 300 89
0 650 652.263 300 89
0 650 652.354 300 89
0 650 652.44 300 89
0 650 652.513 300 89
0 650 652.593 300 89
0 650 652.682 300 89
0 650 652.772 300 89
0 650 652.858 300 89
0 650 652.951 300 89
0 650 653.025 300 89
0 650 653.115 300 89
0 650 653.19 300 89
0 650 653.277 300 89
0 650 653.366 300 89
0 650 653.448 300 89
0 650 653.535 300 89
0 650 653.624 300 89
0 650 653.696 300 89
0 650 653.78 300 89
0 650 653.86 300 89
0 650 653.951 300 89
0 650 654.037 300 89
0 650 654.123 300 89
0 650 654.208 300 89
0 650 654.298 300 89
0 650 654.356 300 89
0 650 654.442 300 89
0 650 654.533 300 89
0 650 654.621 300 89
0 650 654.71 300 89
0 650 654.791 300 89
0 650 654.868 300 89
0 650 654.958 300 89
0 650 655.04 300 89
0 650 655.122 300 89
0 650 655.207 300 89
0 650 655.287 300 89
0 650 655.378 300 89
0 650 655.451 300 89
0 650 655.538 300 89
0 650 655.633 300 89
0 650 655.725 300 89
0 650 655.807 300 89
0 650 655.899 300 89
0 650 655.981 300 89
0 650 656.067 300 89
0 650 656.159 300 89
0 650 656.243 300 89
0 650 656.328 300 89
0 650 656.416 300 89
0 650 656.498 300 89
0 650 656.579 300 89
0 650 656.652 300 89
0 650 656.73 300 89
0 650 656.807 300 89
0 650 656.896 300 89
0 650 656.978 300 89
0 650 657.059 300 89
0 650 657.148 300 89
0 650 657.245 300 89
0 650 657.333 300 89
0 650 657.422 300 89
0 650 657.507 300 89
0 650 657.592 300 89
0 650 657.681 300 89
0 650 657.769 300 89
0 650 657.86 300 89
0 650 657.944 300 89
0 650 658.026 300 89
0 650 658.112 300 89
0 650 658.195 300 89
0 650 658.28 300 89
0 650 658.368 300 89
0 650 658.455 300 89
0 650 658.54 300 89
0 650 658.628 300 89
0 650 658.703 300 89
0 650 658.796 300 89
0 650 658.882 300 89
0 650 658.975 300 89
0 650 659.062 300 89
0 650 659.149 300 89
0 650 659.288 300 89
0 650 659.376 300 89
0 650 659.463 300 89
0 650 659.55 300 89
0 650 659.636 300 89
0 650 659.725 300 89
0 650 659.806 300 89
0 650 659.889 300 89
0 650 659.978 300 89
0 650 660.068 300 89
0 650 660.153 300 89
0 650 660.238 300 89
0 650 660.319 300 89
0 650 660.401 300 89
0 650 660.485 300 89
0 650 660.575 300 89
0 650 660.664 300 89
0 650 660.748 300 89
0 650 660.84 300 89
0 650 660.93 300 89
0 650 661.006 300 89
0 650 661.093 300 89
0 650 661.187 300 89
0 650 661.274 300 89
0 650 661.367 300 89
0 650 661.456 300 89
0 650 661.542 300 89
0 650 661.633 300 89
0 650 661.721 300 89
0 650 661.803 300 89
0 650 661.882 300 89
0 650 661.974 300 89
0 650 662.062 300 89
0 650 662.148 300 89
0 650 662.226 300 89
0 650 662.314 300 89
0 650 662.405 300 89
0 650 662.493 300 89
0 650 662.573 300 89
0 650 662.658 300 89
0 650 662.743 300 89
0 650 662.825 300 89
0 650 662.917 300 89
0 650 663.012 300 89
0 650 663.099 300 89
0 650 663.18 300 89
0 650 663.268 300 89
0 650 663.354 300 89
0 650 663.445 300 89
0 650 663.528 300 89
0 650 663.617 300 89
0 650 663.707 300 89
0 650 663.795 300 89
0 650 663.883 300 89
0 650 663.967 300 89
0 650 664.05 300 89
0 650 664.131 300 89
0 650 664.218 300 89
0 650 664.309 300 89
0 650 664.399 300 89
0 650 664.495 300 89
0 650 664.581 300 89
0 650 664.668 300 89
0 650 664.755 300 89
0 650 664.842 300 89
0 650 664.923 300 89
0 650 665.006 300 89
0 650 665.099 300 89
0 650 665.186 300 89
0 650 665.276 300 89
0 650 665.364 300 89
0 650 665.453 300 89
0 650 665.542 300 89
0 650 665.626 300 89
0 650 665.7 300 89
0 650 665.787 300 89
0 650 665.874 300 89
0 650 665.963 300 89
0 650 666.045 300 89
0 650 666.126 300 89
0 650 666.213 300 89
0 650 666.297 300 89
0 650 666.386 300 89
0 650 666.475 300 89
0 650 666.568 300 89
0 650 666.648 300 89
0 650 666.734 300 89
0 650 666.815 300 89
0 650 666.887 300 89
0 650 666.96 300 89
0 650 667.046 300 89
0 650 667.125 300 89
0 650 667.216 300 89
0 650 667.302 300 89
0 650 667.391 300 89
0 650 667.48 300 89
0 650 667.561 300 89
0 650 667.635 300 89
0 650 667.723 300 89
0 650 667.808 300 89
0 650 667.892 300 89
0 650 667.977 300 89
0 650 668.064 300 89
0 650 668.153 300 89
0 650 668.238 300 89
0 650 668.327 300 89
0 650 668.41 300 89
0 650 668.495 300 89
0 650 668.576 300 89
0 650 668.663 300 89
0 650 668.75 300 89
0 650 668.835 300 89
0 650 668.926 300 89
0 650 668.999 300 89
0 650 669.075 300 89
0 650 669.165 300 89
0 650 669.251 300 89
0 650 669.343 300 89
0 650 669.426 300 89
0 650 669.512 300 89
0 650 669.605 300 89
0 650 669.688 300 89
0 650 669.764 300 89
0 650 669.855 300 89
0 650 669.939 300 89
0 650 670.031 300 89
0 650 670.118 300 89
0 650 670.2 300 89
0 650 670.284 300 89
0 650 670.336 300 89
0 650 670.426 300 89
0 650 670.51 300 89
0 650 670.6 300 89
0 650 670.69 300 89
0 650 670.767 300 89
0 650 670.854 300 89
0 650 670.939 300 89
0 650 671.026 300 89
0 650 671.112 300 89
0 650 671.193 300 89
0 650 671.279 300 89
0 650 671.359 300 89
0 650 671.448 300 89
0 650 671.531 300 89
0 650 671.617 300 89
0 650 671.699 300 89
0 650 671.778 300 89
0 650 671.86 300 89
0 650 671.951 300 89
0 650 672.034 300 89
0 650 672.119 300 89
0 650 672.209 300 89
0 650 672.294 300 89
0 650 672.377 300 89
0 650 672.461 300 89
0 650 672.552 300 89
0 650 672.643 300 89
0 650 672.727 300 89
0 650 672.812 300 89
0 650 672.903 300 89
0 650 672.982 300 89
0 650 673.073 300 89
0 650 673.163 300 89
0 650 673.253 300 89
0 650 673.363 300 89
0 650 673.448 300 89
0 650 673.542 300 89
0 650 673.629 300 89
0 650 673.723 300 89
0 650 673.81 300 89
0 650 673.897 300 89
0 650 673.984 300 89
0 650 674.064 300 89
0 650 674.152 300 89
0 650 674.243 300 89
0 650 674.336 300 89
0 650 674.421 300 89
0 650 674.504 300 89
0 650 674.586 300 89
0 650 674.678 300 89
0 650 674.772 300 89
0 650 674.856 300 89
0 650 674.937 300 89
0 650 675.028 300 89
0 650 675.121 300 89
0 650 675.196 300 89
0 650 675.281 300 89
0 650 675.37 300 89
0 650 675.455 300 89
0 650 675.535 300 89
0 650 675.622 300 89
0 650 675.71 300 89
0 650 675.794 300 89
0 650 675.878 300 89
0 650 675.956 300 89
0 650 676.044 300 89
0 650 676.138 300 89
0 650 676.23 300 89
0 650 676.318 300 89
0 650 676.412 300 89
0 650 676.502 300 89
0 650 676.594 300 89
0 650 676.683 300 89
0 650 676.771 300 89
0 650 676.864 300 89
0 650 676.955 300 89
0 650 677.039 300 89
0 650 677.119 300 89
0 650 677.204 300 89
0 650 677.294 300 89
0 650 677.391 300 89
0 650 677.486 300 89
0 650 677.573 300 89
0 650 677.669 300 89
0 650 677.755 300 89
0 650 677.843 300 89
0 650 677.931 300 89
0 650 678.024 300 89
0 650 678.112 300 89
0 650 678.201 300 89
0 650 678.285 300 89
0 650 678.373 300 89
0 650 678.461 300 89
0 650 678.546 300 89
0 650 678.637 300 89
0 650 678.723 300 89
0 650 678.812 300 89
0 650 678.907 300 89
0 650 679.002 300 89
0 650 679.09 300 89
0 650 679.173 300 89
0 650 679.223 300 89
0 650 679.315 300 89
0 650 679.385 300 89
0 650 679.478 300 89
0 650 679.561 300 89
0 650 679.652 300 89
0 650 679.74 300 89
0 650 679.831 300 89
0 650 679.924 300 89
0 650 680.011 300 89
0 650 680.098 300 89
0 650 680.174 300 89
0 650 680.26 300 89
0 650 680.347 300 89
0 650 680.436 300 89
0 650 680.525 300 89
0 650 680.606 300 89
0 650 680.697 300 89
0 650 680.783 300 89
0 650 680.866 300 89
0 650 680.956 300 89
0 650 681.05 300 89
0 650 681.136 300 89
0 650 681.221 300 89
0 650 681.31 300 89
0 650 681.397 300 89
0 650 681.497 300 89
0 650 681.591 300 89
0 650 681.678 300 89
0 650 681.766 300 89
0 650 681.847 300 89
0 650 681.93 300 89
0 650 682.017 300 89
0 650 682.107 300 89
0 650 682.196 300 89
0 650 682.287 300 89
0 650 682.374 300 89
0 650 682.46 300 89
0 650 682.538 300 89
0 650 682.625 300 89
0 650 682.712 300 89
0 650 682.794 300 89
0 650 682.878 300 89
0 650 682.964 300 89
0 650 683.044 300 89
0 650 683.124 300 89
0 650 683.212 300 89
0 650 683.294 300 89
0 650 683.386 300 89
0 650 683.472 300 89
0 650 683.546 300 89
0 650 683.638 300 89
0 650 683.719 300 89
0 650 683.806 300 89
0 650 683.896 300 89
0 650 683.982 300 89
0 650 684.06 300 89
0 650 684.151 300 89
0 650 684.241 300 89
0 650 684.322 300 89
0 650 684.412 300 89
0 650 684.497 300 89
0 650 684.583 300 89
0 650 684.671 300 89
0 650 684.75 300 89
0 650 684.835 300 89
0 650 684.923 300 89
0 650 685.012 300 89
0 650 685.11 300 89
0 650 685.189 300 89
0 650 685.279 300 89
0 650 685.368 300 89
0 650 685.458 300 89
0 650 685.542 300 89
0 650 685.623 300 89
0 650 685.703 300 89
0 650 685.789 300 89
0 650 685.878 300 89
0 650 685.964 300 89
0 650 686.049 300 89
0 650 686.13 300 89
0 650 686.202 300 89
0 650 686.288 300 89
0 650 686.375 300 89
0 650 686.462 300 89
0 650 686.544 300 89
0 650 686.621 300 89
0 650 686.712 300 89
0 650 686.799 300 89
0 650 686.882 300 89
0 650 686.961 300 89
0 650 687.045 300 89
0 650 687.137 300 89
0 650 687.224 300 89
0 650 687.314 300 89
0 650 687.406 300 89
0 650 687.486 300 89
0 650 687.575 300 89
0 650 687.659 300 89
0 650 687.743 300 89
0 650 687.828 300 89
0 650 687.914 300 89
0 650 687.996 300 89
0 650 688.085 300 89
0 650 688.172 300 89
0 650 688.26 300 89
0 650 688.36 300 89
0 650 688.441 300 89
0 650 688.525 300 89
0 650 688.612 300 89
0 650 688.704 300 89
0 650 688.79 300 89
0 650 688.873 300 89
0 650 688.956 300 89
0 650 689.044 300 89
0 650 689.126 300 89
0 650 689.206 300 89
0 650 689.293 300 89
0 650 689.383 300 89
0 650 689.468 300 89
0 650 689.553 300 89
0 650 689.633 300 89
0 650 689.721 300 89
0 650 689.806 300 89
0 650 689.892 300 89
0 650 689.973 300 89
0 650 690.062 300 89
0 650 690.141 300 89
0 650 690.228 300 89
0 650 690.316 300 89
0 650 690.403 300 89
0 650 690.48 300 89
0 650 690.572 300 89
0 650 690.655 300 89
0 650 690.74 300 89
0 650 690.825 300 89
0 650 690.905 300 89
0 650 690.992 300 89
0 650 691.071 300 89
0 650 691.154 300 89
0 650 691.235 300 89
0 650 691.321 300 89
0 650 691.421 300 89
0 650 691.521 300 89
0 650 691.609 300 89
0 650 691.699 300 89
0 650 691.786 300 89
0 650 691.869 300 89
0 650 691.958 300 89
0 650 692.041 300 89
0 650 692.129 300 89
0 650 692.209 300 89
0 650 692.297 300 89
0 650 692.391 300 89
0 650 692.478 300 89
0 650 692.559 300 89
0 650 692.643 300 89
0 650 692.726 300 89
0 650 692.809 300 89
0 650 692.895 300 89
0 650 692.981 300 89
0 650 693.06 300 89
0 650 693.146 300 89
0 650 693.234 300 89
0 650 693.313 300 89
0 650 693.397 300 89
0 650 693.485 300 89
0 650 693.573 300 89
0 650 693.665 300 89
0 650 693.749 300 89
0 650 693.835 300 89
0 650 693.913 300 89
0 650 694.042 300 89
0 650 694.131 300 89
0 650 694.215 300 89
0 650 694.293 300 89
0 650 694.384 300 89
0 650 694.466 300 89
0 650 694.551 300 89
0 650 694.641 300 89
0 650 694.727 300 89
0 650 694.808 300 89
0 650 694.888 300 89
0 650 694.977 300 89
0 650 695.062 300 89
0 650 695.153 300 89
0 650 695.232 300 89
0 650 695.324 300 89
0 650 695.41 300 89
0 650 695.493 300 89
0 650 695.578 300 89
0 650 695.663 300 89
0 650 695.749 300 89
0 650 695.832 300 89
0 650 695.923 300 89
0 650 696.011 300 89
0 650 696.098 300 89
0 650 696.18 300 89
0 650 696.265 300 89
0 650 696.349 300 89
0 650 696.442 300 89
0 650 696.53 300 89
0 650 696.617 300 89
0 650 696.697 300 89
0 650 696.78 300 89
0 650 696.862 300 89
0 650 696.951 300 89
0 650 697.034 300 89
0 650 697.124 300 89
0 650 697.217 300 89
0 650 697.309 300 89
0 650 697.395 300 89
0 650 697.48 300 89
0 650 697.57 300 89
0 650 697.652 300 89
0 650 697.739 300 89
0 650 697.825 300 89
0 650 697.906 300 89
0 650 697.989 300 89
0 650 698.071 300 89
0 650 698.16 300 89
0 650 698.245 300 89
0 650 698.336 300 89
0 650 698.419 300 89
0 650 698.505 300 89
0 650 698.59 300 89
0 650 698.679 300 89
0 650 698.768 300 89
0 650 698.849 300 89
0 650 698.933 300 89
0 650 699.011 300 89
0 650 699.099 300 89
0 650 699.183 300 89
0 650 699.264 300 89
0 650 699.365 300 89
0 650 699.442 300 89
0 650 699.526 300 89
0 650 699.613 300 89
0 650 699.694 300 89
0 650 699.778 300 89
0 650 699.861 300 89
0 650 699.946 300 89
0 650 700.031 300 89
0 650 700.113 300 89
0 650 700.196 300 89
0 650 700.28 300 89
0 650 700.37 300 89
0 650 700.456 300 89
0 650 700.544 300 89
0 650 700.627 300 89
0 650 700.706 300 89
0 650 700.79 300 89
0 650 700.877 300 89
0 650 700.96 300 89
0 650 701.051 300 89
0 650 701.13 300 89
0 650 701.205 300 89
0 650 701.293 300 89
0 650 701.385 300 89
0 650 701.474 300 89
0 650 701.56 300 89
0 650 701.638 300 89
0 650 701.723 300 89
0 650 701.81 300 89
0 650 701.899 300 89
0 650 701.979 300 89
0 650 702.067 300 89
0 650 702.15 300 89
0 650 702.246 300 89
0 650 702.331 300 89
0 650 702.421 300 89
0 650 702.514 300 89
0 650 702.605 300 89
0 650 702.695 300 89
0 650 702.778 300 89
0 650 702.846 300 89
0 650 702.929 300 89
0 650 703.019 300 89
0 650 703.102 300 89
0 650 703.192 300 89
0 650 703.272 300 89
0 650 703.351 300 89
0 650 703.439 300 89
0 650 703.518 300 89
0 650 703.599 300 89
0 650 703.689 300 89
0 650 703.773 300 89
0 650 703.851 300 89
0 650 703.938 300 89
0 650 704.022 300 89
0 650 704.112 300 89
0 650 704.198 300 89
0 650 704.288 300 89
0 650 704.345 300 89
0 650 704.434 300 89
0 650 704.523 300 89
0 650 704.609 300 89
0 650 704.701 300 89
0 650 704.783 300 89
0 650 704.877 300 89
0 650 704.969 300 89
0 650 705.05 300 89
0 650 705.146 300 89
0 650 705.229 300 89
0 650 705.318 300 89
0 650 705.404 300 89
0 650 705.497 300 89
0 650 705.582 300 89
0 650 705.666 300 89
0 650 705.746 300 89
0 650 705.838 300 89
0 650 705.926 300 89
0 650 706.016 300 89
0 650 706.105 300 89
0 650 706.193 300 89
0 650 706.278 300 89
0 650 706.366 300 89
0 650 706.455 300 89
0 650 706.536 300 89
0 650 706.631 300 89
0 650 706.711 300 89
0 650 706.797 300 89
0 650 706.884 300 89
0 650 706.963 300 89
0 650 707.049 300 89
0 650 707.133 300 89
0 650 707.218 300 89
0 650 707.305 300 89
0 650 707.397 300 89
0 650 707.483 300 89
0 650 707.567 300 89
0 650 707.66 300 89
0 650 707.741 300 89
0 650 707.833 300 89
0 650 707.919 300 89
0 650 708.006 300 89
0 650 708.093 300 89
0 650 708.178 300 89
0 650 708.267 300 89
0 650 708.354 300 89
0 650 708.44 300 89
0 650 708.525 300 89
0 650 708.614 300 89
0 650 708.708 300 89
0 650 708.797 300 89
0 650 708.877 300 89
0 650 708.965 300 89
0 650 709.051 300 89
0 650 709.139 300 89
0 650 709.226 300 89
0 650 709.306 300 89
0 650 709.398 300 89
0 650 709.479 300 89
0 650 709.566 300 89
0 650 709.657 300 89
0 650 709.742 300 89
0 650 709.818 300 89
0 650 709.913 300 89
0 650 710.006 300 89
0 650 710.093 300 89
0 650 710.182 300 89
0 650 710.268 300 89
0 650 710.362 300 89
0 650 710.443 300 89
0 650 710.537 300 89
0 650 710.616 300 89
0 650 710.709 300 89
0 650 710.798 300 89
0 650 710.886 300 89
0 650 710.97 300 89
0 650 711.053 300 89
0 650 711.139 300 89
0 650 711.232 300 89
0 650 711.324 300 89
0 650 711.409 300 89
0 650 711.505 300 89
0 650 711.594 300 89
0 650 711.678 300 89
0 650 711.771 300 89
0 650 711.856 300 89
0 650 711.946 300 89
0 650 712.034 300 89
0 650 712.126 300 89
0 650 712.219 300 89
0 650 712.306 300 89
0 650 712.39 300 89
0 650 712.476 300 89
0 650 712.563 300 89
0 650 712.646 300 89
0 650 712.733 300 89
0 650 712.813 300 89
0 650 712.903 300 89
0 650 712.998 300 89
0 650 713.09 300 89
0 650 713.175 300 89
0 650 713.267 300 89
0 650 713.354 300 89
0 650 713.438 300 89
0 650 713.523 300 89
0 650 713.606 300 89
0 650 713.697 300 89
0 650 713.782 300 89
0 650 713.869 300 89
0 650 713.962 300 89
0 650 714.056 300 89
0 650 714.143 300 89
0 650 714.233 300 89
0 650 714.319 300 89
0 650 714.399 300 89
0 650 714.487 300 89
0 650 714.579 300 89
0 650 714.663 300 89
0 650 714.754 300 89
0 650 714.853 300 89
0 650 714.942 300 89
0 650 715.028 300 89
0 650 715.112 300 89
0 650 715.205 300 89
0 650 715.298 300 89
0 650 715.389 300 89
0 650 715.481 300 89
0 650 715.571 300 89
0 650 715.658 300 89
0 650 715.737 300 89
0 650 715.825 300 89
0 650 715.91 300 89
0 650 715.996 300 89
0 650 716.079 300 89
0 650 716.171 300 89
0 650 716.266 300 89
0 650 716.353 300 89
0 650 716.444 300 89
0 650 716.537 300 89
0 650 716.625 300 89
0 650 716.712 300 89
0 650 716.796 300 89
0 650 716.883 300 89
0 650 716.97 300 89
0 650 717.067 300 89
0 650 717.156 300 89
0 650 717.243 300 89
0 650 717.333 300 89
0 650 717.415 300 89
0 650 717.512 300 89
0 650 717.602 300 89
0 650 717.694 300 89
0 650 717.809 300 89
0 650 717.891 300 89
0 650 717.984 300 89
0 650 718.065 300 89
0 650 718.157 300 89
0 650 718.248 300 89
0 650 718.342 300 89
0 650 718.431 300 89
0 650 718.52 300 89
0 650 718.607 300 89
0 650 718.703 300 89
0 650 718.795 300 89
0 650 718.884 300 89
0 650 718.982 300 89
0 650 719.061 300 89
0 650 719.152 300 89
0 650 719.242 300 89
0 650 719.336 300 89
0 650 719.419 300 89
0 650 719.508 300 89
0 650 719.599 300 89
0 650 719.704 300 89
0 650 719.79 300 89
0 650 719.874 300 89
0 650 719.97 300 89
0 650 720.057 300 89
0 650 720.143 300 89
0 650 720.237 300 89
0 650 720.327 300 89
0 650 720.415 300 89
0 650 720.496 300 89
0 650 720.585 300 89
0 650 720.677 300 89
0 650 720.774 300 89
0 650 720.871 300 89
0 650 720.956 300 89
0 650 721.044 300 89
0 650 721.136 300 89
0 650 721.222 300 89
0 650 721.308 300 89
0 650 721.398 300 89
0 650 721.49 300 89
0 650 721.576 300 89
0 650 721.661 300 89
0 650 721.762 300 89
0 650 721.817 300 89
0 650 721.905 300 89
0 650 721.997 300 89
0 650 722.082 300 89
0 650 722.165 300 89
0 650 722.26 300 89
0 650 722.352 300 89
0 650 722.441 300 89
0 650 722.532 300 89
0 650 722.618 300 89
0 650 722.72 300 89
0 650 722.802 300 89
0 650 722.89 300 89
0 650 722.984 300 89
0 650 723.068 300 89
0 650 723.157 300 89
0 650 723.245 300 89
0 650 723.332 300 89
0 650 723.422 300 89
0 650 723.506 300 89
0 650 723.591 300 89
0 650 723.681 300 89
0 650 723.764 300 89
0 650 723.844 300 89
0 650 723.938 300 89
0 650 724.023 300 89
0 650 724.115 300 89
0 650 724.195 300 89
0 650 724.28 300 89
0 650 724.374 300 89
0 650 724.462 300 89
0 650 724.522 300 89
0 650 724.614 300 89
0 650 724.704 300 89
0 650 724.797 300 89
0 650 724.886 300 89
0 650 724.975 300 89
0 650 725.063 300 89
0 650 725.146 300 89
0 650 725.225 300 89
0 650 725.32 300 89
0 650 725.412 300 89
0 650 725.504 300 89
0 650 725.594 300 89
0 650 725.679 300 89
0 650 725.765 300 89
0 650 725.856 300 89
0 650 725.95 300 89
0 650 726.032 300 89
0 650 726.118 300 89
0 650 726.206 300 89
0 650 726.291 300 89
0 650 726.383 300 89
0 650 726.467 300 89
0 650 726.557 300 89
0 650 726.651 300 89
0 650 726.741 300 89
0 650 726.829 300 89
0 650 726.945 300 89
0 650 727.034 300 89
0 650 727.118 300 89
0 650 727.208 300 89
0 650 727.297 300 89
0 650 727.395 300 89
0 650 727.495 300 89
0 650 727.584 300 89
0 650 727.666 300 89
0 650 727.758 300 89
0 650 727.845 300 89
0 650 727.938 300 89
0 650 728.024 300 89
0 650 728.112 300 89
0 650 728.194 300 89
0 650 728.28 300 89
0 650 728.373 300 89
0 650 728.464 300 89
0 650 728.547 300 89
0 650 728.652 300 89
0 650 728.738 300 89
0 650 728.823 300 89
0 650 728.909 300 89
0 650 728.985 300 89
0 650 729.068 300 89
0 650 729.159 300 89
0 650 729.244 300 89
0 650 729.33 300 89
0 650 729.419 300 89
0 650 729.504 300 89
0 650 729.586 300 89
0 650 729.673 300 89
0 650 729.763 300 89
0 650 729.855 300 89
0 650 729.945 300 89
0 650 730.041 300 89
0 650 730.139 300 89
0 650 730.227 300 89
0 650 730.309 300 89
0 650 730.405 300 89
0 650 730.491 300 89
0 650 730.583 300 89
0 650 730.668 300 89
0 650 730.759 300 89
0 650 730.852 300 89
0 650 730.938 300 89
0 650 731.034 300 89
0 650 731.125 300 89
0 650 731.189 300 89
0 650 731.284 300 89
0 650 731.38 300 89
0 650 731.471 300 89
0 650 731.556 300 89
0 650 731.64 300 89
0 650 731.732 300 89
0 650 731.815 300 89
0 650 731.893 300 89
0 650 731.983 300 89
0 650 732.07 300 89
0 650 732.17 300 89
0 650 732.275 300 89
0 650 732.355 300 89
0 650 732.418 300 89
0 650 732.485 300 89
0 650 732.549 300 89
0 650 732.612 300 89
0 650 732.673 300 89
0 650 732.729 300 89
0 650 732.791 300 89
0 650 732.857 300 89
0 650 732.925 300 89
0 650 732.987 300 89
0 650 733.054 300 89
0 650 733.123 300 89
0 650 733.212 300 89
0 650 733.303 300 89
0 650 733.391 300 89
0 650 733.487 300 89
0 650 733.571 300 89
0 650 733.654 300 89
0 650 733.75 300 89
0 650 733.846 300 89
0 650 733.942 300 89
0 650 734.029 300 89
0 650 734.121 300 89
0 650 734.213 300 89
0 650 734.303 300 89
0 650 734.393 300 89
0 650 734.478 300 89
0 650 734.565 300 89
0 650 734.658 300 89
0 650 734.744 300 89
0 650 734.837 300 89
0 650 734.938 300 89
0 650 735.028 300 89
0 650 735.115 300 89
0 650 735.204 300 89
0 650 735.296 300 89
0 650 735.394 300 89
0 650 735.489 300 89
0 650 735.583 300 89
0 650 735.674 300 89
0 650 735.764 300 89
0 650 735.84 300 89
0 650 735.928 300 89
0 650 736.024 300 89
0 650 736.119 300 89
0 650 736.207 300 89
0 650 736.303 300 89
0 650 736.395 300 89
0 650 736.486 300 89
0 650 736.584 300 89
0 650 736.698 300 89
0 650 736.794 300 89
0 650 736.938 300 89
0 650 737.03 300 89
0 650 737.122 300 89
0 650 737.215 300 89
0 650 737.297 300 89
0 650 737.394 300 89
0 650 737.49 300 89
0 650 737.588 300 89
0 650 737.676 300 89
0 650 737.765 300 89
0 650 737.852 300 89
0 650 737.944 300 89
0 650 738.041 300 89
0 650 738.135 300 89
0 650 738.224 300 89
0 650 738.31 300 89
0 650 738.402 300 89
0 650 738.481 300 89
0 650 738.563 300 89
0 650 738.644 300 89
0 650 738.733 300 89
0 650 738.823 300 89
0 650 738.908 300 89
0 650 738.999 300 89
0 650 739.093 300 89
0 650 739.173 300 89
0 650 739.271 300 89
0 650 739.358 300 89
0 650 739.439 300 89
0 650 739.533 300 89
0 650 739.62 300 89
0 650 739.669 300 89
0 650 739.779 300 89
0 650 739.869 300 89
0 650 739.957 300 89
0 650 740.045 300 89
0 650 740.132 300 89
0 650 740.22 300 89
0 650 740.311 300 89
0 650 740.393 300 89
0 650 740.476 300 89
0 650 740.553 300 89
0 650 740.632 300 89
0 650 740.725 300 89
0 650 740.8 300 89
0 650 740.881 300 89
0 650 740.969 300 89
0 650 741.057 300 89
0 650 741.148 300 89
0 650 741.236 300 89
0 650 741.322 300 89
0 650 741.412 300 89
0 650 741.505 300 89
0 650 741.588 300 89
0 650 741.677 300 89
0 650 741.763 300 89
0 650 741.849 300 89
0 650 741.926 300 89
0 650 742.008 300 89
0 650 742.07 300 89
0 650 742.158 300 89
0 650 742.241 300 89
0 650 742.329 300 89
0 650 742.413 300 89
0 650 742.497 300 89
0 650 742.587 300 89
0 650 742.685 300 89
0 650 742.77 300 89
0 650 742.858 300 89
0 650 742.94 300 89
0 650 743.032 300 89
0 650 743.128 300 89
0 650 743.214 300 89
0 650 743.303 300 89
0 650 743.392 300 89
0 650 743.474 300 89
0 650 743.563 300 89
0 650 743.642 300 89
0 650 743.732 300 89
0 650 743.819 300 89
0 650 743.908 300 89
0 650 743.999 300 89
0 650 744.085 300 89
0 650 744.175 300 89
0 650 744.264 300 89
0 650 744.356 300 89
0 650 744.442 300 89
0 650 744.533 300 89
0 650 744.62 300 89
0 650 744.715 300 89
0 650 744.774 300 89
0 650 744.862 300 89
0 650 744.951 300 89
0 650 745.039 300 89
0 650 745.118 300 89
0 650 745.207 300 89
0 650 745.3 300 89
0 650 745.391 300 89
0 650 745.481 300 89
0 650 745.569 300 89
0 650 745.665 300 89
0 650 745.75 300 89
0 650 745.838 300 89
0 650 745.922 300 89
0 650 746.002 300 89
0 650 746.088 300 89
0 650 746.175 300 89
0 650 746.262 300 89
0 650 746.35 300 89
0 650 746.434 300 89
0 650 746.528 300 89
0 650 746.617 300 89
0 650 746.706 300 89
0 650 746.797 300 89
0 650 746.879 300 89
0 650 746.967 300 89
0 650 747.054 300 89
0 650 747.137 300 89
0 650 747.227 300 89
0 650 747.318 300 89
0 650 747.398 300 89
0 650 747.494 300 89
0 650 747.583 300 89
0 650 747.661 300 89
0 650 747.747 300 89
0 650 747.826 300 89
0 650 747.916 300 89
0 650 748.005 300 89
0 650 748.099 300 89
0 650 748.185 300 89
0 650 748.269 300 89
0 650 748.359 300 89
0 650 748.451 300 89
0 650 748.544 300 89
0 650 748.636 300 89
0 650 748.73 300 89
0 650 748.822 300 89
0 650 748.899 300 89
0 650 748.985 300 89
0 650 749.069 300 89
0 650 749.149 300 89
0 650 749.232 300 89
0 650 749.318 300 89
0 650 749.409 300 89
0 650 749.51 300 89
0 650 749.597 300 89
0 650 749.685 300 89
0 650 749.766 300 89
0 650 749.853 300 89
0 650 749.939 300 89
0 650 750.023 300 89
0 650 750.116 300 89
0 650 750.199 300 89
0 650 750.288 300 89
0 650 750.38 300 89
0 650 750.471 300 89
0 650 750.56 300 89
0 650 750.651 300 89
0 650 750.733 300 89
0 650 750.824 300 89
0 650 750.908 300 89
0 650 750.993 300 89
0 650 751.074 300 89
0 650 751.162 300 89
0 650 751.247 300 89
0 650 751.327 300 89
0 650 751.422 300 89
0 650 751.51 300 89
0 650 751.596 300 89
0 650 751.677 300 89
0 650 751.763 300 89
0 650 751.856 300 89
0 650 751.942 300 89
0 650 751.999 300 89
0 650 752.084 300 89
0 650 752.176 300 89
0 650 752.262 300 89
0 650 752.356 300 89
0 650 752.442 300 89
0 650 752.536 300 89
0 650 752.672 300 89
0 650 752.772 300 89
0 650 752.858 300 89
0 650 752.949 300 89
0 650 753.04 300 89
0 650 753.129 300 89
0 650 753.219 300 89
0 650 753.314 300 89
0 650 753.403 300 89
0 650 753.49 300 89
0 650 753.585 300 89
0 650 753.677 300 89
0 650 753.772 300 89
0 650 753.869 300 89
0 650 753.966 300 89
0 650 754.055 300 89
0 650 754.134 300 89
0 650 754.22 300 89
0 650 754.306 300 89
0 650 754.39 300 89
0 650 754.472 300 89
0 650 754.556 300 89
0 650 754.645 300 89
0 650 754.736 300 89
0 650 754.826 300 89
0 650 754.911 300 89
0 650 754.994 300 89
0 650 755.077 300 89
0 650 755.199 300 89
0 650 755.289 300 89
0 650 755.377 300 89
0 650 755.47 300 89
0 650 755.57 300 89
0 650 755.662 300 89
0 650 755.759 300 89
0 650 755.853 300 89
0 650 755.947 300 89
0 650 756.038 300 89
0 650 756.183 300 89
0 650 756.273 300 89
0 650 756.372 300 89
0 650 756.457 300 89
0 650 756.546 300 89
0 650 756.631 300 89
0 650 756.716 300 89
0 650 756.804 300 89
0 650 756.865 300 89
0 650 756.958 300 89
0 650 757.049 300 89
0 650 757.133 300 89
0 650 757.206 300 89
0 650 757.3 300 89
0 650 757.391 300 89
0 650 757.477 300 89
0 650 757.564 300 89
0 650 757.656 300 89
0 650 757.748 300 89
0 650 757.838 300 89
0 650 757.932 300 89
0 650 758.025 300 89
0 650 758.123 300 89
0 650 758.22 300 89
0 650 758.304 300 89
0 650 758.395 300 89
0 650 758.484 300 89
0 650 758.581 300 89
0 650 758.675 300 89
0 650 758.772 300 89
0 650 758.863 300 89
0 650 758.958 300 89
0 650 759.049 300 89
0 650 759.138 300 89
0 650 759.226 300 89
0 650 759.315 300 89
0 650 759.399 300 89
0 650 759.481 300 89
0 650 759.571 300 89
0 650 759.654 300 89
0 650 759.743 300 89
0 650 759.838 300 89
0 650 759.932 300 89
0 650 760.018 300 89
0 650 760.108 300 89
0 650 760.195 300 89
0 650 760.281 300 89
0 650 760.366 300 89
0 650 760.452 300 89
0 650 760.549 300 89
0 650 760.64 300 89
0 650 760.725 300 89
0 650 760.813 300 89
0 650 760.91 300 89
0 650 760.992 300 89
0 650 761.077 300 89
0 650 761.168 300 89
0 650 761.275 300 89
0 650 761.368 300 89
0 650 761.462 300 89
0 650 761.551 300 89
0 650 761.643 300 89
0 650 761.737 300 89
0 650 761.825 300 89
0 650 761.907 300 89
0 650 761.994 300 89
0 650 762.076 300 89
0 650 762.168 300 89
0 650 762.255 300 89
0 650 762.418 300 89
0 650 762.498 300 89
0 650 762.595 300 89
0 650 762.688 300 89
0 650 762.764 300 89
0 650 762.854 300 89
0 650 762.944 300 89
0 650 763.037 300 89
0 650 763.122 300 89
0 650 763.216 300 89
0 650 763.302 300 89
0 650 763.391 300 89
0 650 763.479 300 89
0 650 763.574 300 89
0 650 763.646 300 89
0 650 763.759 300 89
0 650 763.848 300 89
0 650 763.946 300 89
0 650 764.029 300 89
0 650 764.138 300 89
0 650 764.232 300 89
0 650 764.318 300 89
0 650 764.405 300 89
0 650 764.491 300 89
0 650 764.573 300 89
0 650 764.659 300 89
0 650 764.75 300 89
0 650 764.836 300 89
0 650 764.931 300 89
0 650 765.012 300 89
0 650 765.092 300 89
0 650 765.18 300 89
0 650 765.272 300 89
0 650 765.349 300 89
0 650 765.428 300 89
0 650 765.516 300 89
0 650 765.595 300 89
0 650 765.682 300 89
0 650 765.77 300 89
0 650 765.855 300 89
0 650 765.938 300 89
0 650 766.029 300 89
0 650 766.119 300 89
0 650 766.212 300 89
0 650 766.304 300 89
0 650 766.389 300 89
0 650 766.478 300 89
0 650 766.564 300 89
0 650 766.637 300 89
0 650 766.72 300 89
0 650 766.803 300 89
0 650 766.896 300 89
0 650 766.984 300 89
0 650 767.075 300 89
0 650 767.147 300 89
0 650 767.231 300 89
0 650 767.312 300 89
0 650 767.4 300 89
0 650 767.486 300 89
0 650 767.577 300 89
0 650 767.666 300 89
0 650 767.749 300 89
0 650 767.843 300 89
0 650 767.932 300 89
0 650 768.022 300 89
0 650 768.111 300 89
0 650 768.2 300 89
0 650 768.286 300 89
0 650 768.374 300 89
0 650 768.455 300 89
0 650 768.547 300 89
0 650 768.632 300 89
0 650 768.717 300 89
0 650 768.802 300 89
0 650 768.885 300 89
0 650 768.966 300 89
0 650 769.048 300 89
0 650 769.136 300 89
0 650 769.214 300 89
0 650 769.301 300 89
0 650 769.387 300 89
0 650 769.481 300 89
0 650 769.567 300 89
0 650 769.654 300 89
0 650 769.741 300 89
0 650 769.825 300 89
0 650 769.915 300 89
0 650 770.002 300 89
0 650 770.087 300 89
0 650 770.169 300 89
0 650 770.259 300 89
0 650 770.349 300 89
0 650 770.433 300 89
0 650 770.526 300 89
0 650 770.618 300 89
0 650 770.707 300 89
0 650 770.8 300 89
0 650 770.884 300 89
0 650 770.973 300 89
0 650 771.063 300 89
0 650 771.151 300 89
0 650 771.229 300 89
0 650 771.312 300 89
0 650 771.402 300 89
0 650 771.493 300 89
0 650 771.581 300 89
0 650 771.668 300 89
0 650 771.758 300 89
0 650 771.848 300 89
0 650 771.933 300 89
0 650 772.022 300 89
0 650 772.106 300 89
0 650 772.199 300 89
0 650 772.288 300 89
0 650 772.375 300 89
0 650 772.461 300 89
0 650 772.555 300 89
0 650 772.647 300 89
0 650 772.735 300 89
0 650 772.825 300 89
0 650 772.907 300 89
0 650 772.994 300 89
0 650 773.08 300 89
0 650 773.167 300 89
0 650 773.252 300 89
0 650 773.324 300 89
0 650 773.41 300 89
0 650 773.499 300 89
0 650 773.58 300 89
0 650 773.66 300 89
0 650 773.748 300 89
0 650 773.823 300 89
0 650 773.912 300 89
0 650 774.002 300 89
0 650 774.09 300 89
0 650 774.181 300 89
0 650 774.275 300 89
0 650 774.361 300 89
0 650 774.441 300 89
0 650 774.538 300 89
0 650 774.628 300 89
0 650 774.717 300 89
0 650 774.811 300 89
0 650 774.902 300 89
0 650 774.991 300 89
0 650 775.077 300 89
0 650 775.155 300 89
0 650 775.247 300 89
0 650 775.329 300 89
0 650 775.417 300 89
0 650 775.502 300 89
0 650 775.588 300 89
0 650 775.676 300 89
0 650 775.77 300 89
0 650 775.859 300 89
0 650 775.942 300 89
0 650 776.031 300 89
0 650 776.118 300 89
0 650 776.208 300 89
0 650 776.296 300 89
0 650 776.384 300 89
0 650 776.473 300 89
0 650 776.561 300 89
0 650 776.647 300 89
0 650 776.74 300 89
0 650 776.827 300 89
0 650 776.914 300 89
0 650 776.997 300 89
0 650 777.086 300 89
0 650 777.169 300 89
0 650 777.253 300 89
0 650 777.345 300 89
0 650 777.442 300 89
0 650 777.533 300 89
0 650 777.614 300 89
0 650 777.699 300 89
0 650 777.789 300 89
0 650 777.88 300 89
0 650 777.965 300 89
0 650 778.062 300 89
0 650 778.158 300 89
0 650 778.248 300 89
0 650 778.332 300 89
0 650 778.426 300 89
0 650 778.523 300 89
0 650 778.616 300 89
0 650 778.703 300 89
0 650 778.796 300 89
0 650 778.89 300 89
0 650 778.981 300 89
0 650 779.061 300 89
0 650 779.145 300 89
0 650 779.244 300 89
0 650 779.338 300 89
0 650 779.432 300 89
0 650 779.52 300 89
0 650 779.597 300 89
0 650 779.693 300 89
0 650 779.779 300 89
0 650 779.864 300 89
0 650 779.95 300 89
0 650 780.035 300 89
0 650 780.116 300 89
0 650 780.202 300 89
0 650 780.289 300 89
0 650 780.381 300 89
0 650 780.474 300 89
0 650 780.564 300 89
0 650 780.656 300 89
0 650 780.748 300 89
0 650 780.798 300 89
0 650 780.887 300 89
0 650 780.969 300 89
0 650 781.056 300 89
0 650 781.14 300 89
0 650 781.224 300 89
0 650 781.302 300 89
0 650 781.393 300 89
0 650 781.488 300 89
0 650 781.574 300 89
0 650 781.699 300 89
0 650 781.784 300 89
0 650 781.875 300 89
0 650 781.966 300 89
0 650 782.052 300 89
0 650 782.143 300 89
0 650 782.237 300 89
0 650 782.335 300 89
0 650 782.419 300 89
0 650 782.507 300 89
0 650 782.594 300 89
0 650 782.683 300 89
0 650 782.771 300 89
0 650 782.863 300 89
0 650 782.95 300 89
0 650 783.034 300 89
0 650 783.13 300 89
0 650 783.219 300 89
0 650 783.308 300 89
0 650 783.406 300 89
0 650 783.496 300 89
0 650 783.581 300 89
0 650 783.673 300 89
0 650 783.772 300 89
0 650 783.867 300 89
0 650 783.944 300 89
0 650 784.038 300 89
0 650 784.135 300 89
0 650 784.214 300 89
0 650 784.307 300 89
0 650 784.397 300 89
0 650 784.485 300 89
0 650 784.584 300 89
0 650 784.673 300 89
0 650 784.765 300 89
0 650 784.857 300 89
0 650 784.936 300 89
0 650 785.036 300 89
0 650 785.123 300 89
0 650 785.217 300 89
0 650 785.305 300 89
0 650 785.403 300 89
0 650 785.494 300 89
0 650 785.587 300 89
0 650 785.672 300 89
0 650 785.761 300 89
0 650 785.848 300 89
0 650 785.937 300 89
0 650 786.027 300 89
0 650 786.118 300 89
0 650 786.212 300 89
0 650 786.303 300 89
0 650 786.385 300 89
0 650 786.476 300 89
0 650 786.568 300 89
0 650 786.651 300 89
0 650 786.743 300 89
0 650 786.842 300 89
0 650 786.934 300 89
0 650 787.022 300 89
0 650 787.113 300 89
0 650 787.2 300 89
0 650 787.285 300 89
0 650 787.384 300 89
0 650 787.468 300 89
0 650 787.556 300 89
0 650 787.635 300 89
0 650 787.723 300 89
0 650 787.809 300 89
0 650 787.895 300 89
0 650 787.98 300 89
0 650 788.065 300 89
0 650 788.153 300 89
0 650 788.231 300 89
0 650 788.336 300 89
0 650 788.443 300 89
0 650 788.534 300 89
0 650 788.621 300 89
0 650 788.692 300 89
0 650 788.775 300 89
0 650 788.867 300 89
0 650 788.953 300 89
0 650 789.042 300 89
0 650 789.135 300 89
0 650 789.224 300 89
0 650 789.312 300 89
0 650 789.402 300 89
0 650 789.485 300 89
0 650 789.573 300 89
0 650 789.654 300 89
0 650 789.74 300 89
0 650 789.832 300 89
0 650 789.921 300 89
0 650 790.006 300 89
0 650 790.091 300 89
0 650 790.232 300 89
0 650 790.32 300 89
0 650 790.407 300 89
0 650 790.493 300 89
0 650 790.58 300 89
0 650 790.679 300 89
0 650 790.762 300 89
0 650 790.846 300 89
0 650 790.927 300 89
0 650 791.015 300 89
0 650 791.101 300 89
0 650 791.183 300 89
0 650 791.276 300 89
0 650 791.373 300 89
0 650 791.461 300 89
0 650 791.549 300 89
0 650 791.638 300 89
0 650 791.717 300 89
0 650 791.803 300 89
0 650 791.892 300 89
0 650 791.982 300 89
0 650 792.072 300 89
0 650 792.162 300 89
0 650 792.248 300 89
0 650 792.354 300 89
0 650 792.445 300 89
0 650 792.535 300 89
0 650 792.616 300 89
0 650 792.711 300 89
0 650 792.798 300 89
0 650 792.886 300 89
0 650 792.969 300 89
0 650 793.055 300 89
0 650 793.142 300 89
0 650 793.227 300 89
0 650 793.326 300 89
0 650 793.417 300 89
0 650 793.503 300 89
0 650 793.593 300 89
0 650 793.692 300 89
0 650 793.784 300 89
0 650 793.883 300 89
0 650 793.971 300 89
0 650 794.112 300 89
0 650 794.202 300 89
0 650 794.291 300 89
0 650 794.413 300 89
0 650 794.505 300 89
0 650 794.563 300 89
0 650 794.652 300 89
0 650 794.739 300 89
0 650 794.823 300 89
0 650 794.915 300 89
0 650 794.996 300 89
0 650 795.09 300 89
0 650 795.185 300 89
0 650 795.275 300 89
0 650 795.364 300 89
0 650 795.451 300 89
0 650 795.541 300 89
0 650 795.634 300 89
0 650 795.721 300 89
0 650 795.808 300 89
0 650 795.897 300 89
0 650 795.984 300 89
0 650 796.075 300 89
0 650 796.163 300 89
0 650 796.25 300 89
0 650 796.336 300 89
0 650 796.43 300 89
0 650 796.529 300 89
0 650 796.622 300 89
0 650 796.703 300 89
0 650 796.791 300 89
0 650 796.881 300 89
0 650 796.961 300 89
0 650 797.044 300 89
0 650 797.117 300 89
0 650 797.199 300 89
0 650 797.285 300 89
0 650 797.374 300 89
0 650 797.461 300 89
0 650 797.55 300 89
0 650 797.64 300 89
0 650 797.732 300 89
0 650 797.817 300 89
0 650 797.912 300 89
0 650 797.98 300 89
0 650 798.042 300 89
0 650 798.102 300 89
0 650 798.154 300 89
0 650 798.211 300 89
0 650 798.275 300 89
0 650 798.334 300 89
0 650 798.395 300 89
0 650 798.456 300 89
0 650 798.519 300 89
0 650 798.58 300 89
0 650 798.644 300 89
0 650 798.701 300 89
0 650 798.759 300 89
0 650 798.816 300 89
0 650 798.875 300 89
0 650 798.935 300 89
0 650 798.996 300 89
0 650 799.055 300 89
0 650 799.117 300 89
0 650 799.175 300 89
0 650 799.23 300 89
0 650 799.291 300 89
0 650 799.349 300 89
0 650 799.408 300 89
0 650 799.465 300 89
0 650 799.563 300 89
0 650 799.617 300 89
0 650 799.677 300 89
0 650 799.737 300 89
0 650 799.792 300 89
0 650 799.847 300 89
0 650 799.905 300 89
0 650 799.965 300 89
