0 745.2 0.01278 300 0
0 666.8 0.016455 2
0 666.8 0.071588 300 87
0 666.8 0.126818 300 87
0 661.2 0.131087 87
0 655.6 0.154499 87
0 655.6 0.202038 300 87
0 655.6 0.260196 300 87
0 655.6 0.314029 300 88
0 655.6 0.366723 300 88
0 655.6 0.420849 300 88
0 655.6 0.471951 300 88
0 655.6 0.523886 300 88
0 655.6 0.578665 300 88
0 655.6 0.635006 300 88
0 655.6 0.690331 300 88
0 655.6 0.743941 300 89
0 655.6 0.802563 300 89
0 655.6 0.859094 300 89
0 655.6 0.912739 300 89
0 655.6 0.974566 300 89
0 655.6 1.02716 300 89
0 655.6 1.08055 300 89
0 655.6 1.13398 300 89
0 655.6 1.18466 300 89
0 655.6 1.23588 300 89
0 655.6 1.28463 300 89
0 655.6 1.34221 300 89
0 655.6 1.3955 300 89
0 655.6 1.45286 300 89
0 655.6 1.50495 300 89
0 655.6 1.55124 300 89
0 655.6 1.60498 300 89
0 655.6 1.65678 300 89
0 655.6 1.71365 300 89
0 655.6 1.7668 300 89
0 655.6 1.81609 300 89
0 655.6 1.87169 300 89
0 655.6 1.92799 300 89
0 655.6 1.97857 300 89
0 655.6 2.03328 300 89
0 655.6 2.08951 300 89
0 655.6 2.14689 300 89
0 655.6 2.22128 300 89
0 655.6 2.28869 300 89
0 655.6 2.35408 300 89
0 655.6 2.41243 300 89
0 655.6 2.4631 300 89
0 655.6 2.52165 300 89
0 655.6 2.57493 300 89
0 655.6 2.63614 300 89
0 655.6 2.69477 300 89
0 655.6 2.75538 300 89
0 655.6 2.81419 300 89
0 655.6 2.87273 300 89
0 655.6 2.92518 300 89
0 655.6 2.9823 300 89
0 655.6 3.03641 300 89
0 655.6 3.09345 300 89
0 655.6 3.15358 300 89
0 655.6 3.21019 300 89
0 655.6 3.26761 300 89
0 655.6 3.32862 300 89
0 655.6 3.38712 300 89
0 655.6 3.44414 300 89
0 655.6 3.5055 300 89
0 655.6 3.55824 300 89
0 655.6 3.61419 300 89
0 655.6 3.66429 300 89
0 650 3.67124 89
0 650 3.72101 300 89
0 650 3.77421 300 89
0 650 3.82785 300 89
0 650 3.88762 300 89
0 650 3.94627 300 89
0 650 4.00677 300 89
0 650 4.0678 300 89
0 650 4.1277 300 89
0 650 4.18802 300 89
0 650 4.24819 300 89
0 650 4.31015 300 89
0 650 4.37036 300 89
0 650 4.42982 300 89
0 650 4.4877 300 89
0 650 4.54866 300 89
0 650 4.60658 300 89
0 650 4.66562 300 89
0 650 4.72809 300 89
0 650 4.78468 300 89
0 650 4.83611 300 89
0 650 4.89941 300 89
0 650 4.95714 300 89
0 650 5.01578 300 89
0 650 5.0751 300 89
0 650 5.13215 300 89
0 650 5.1864 300 89
0 650 5.24104 300 89
0 650 5.30237 300 89
0 650 5.35325 300 89
0 650 5.40503 300 89
0 650 5.4554 300 89
0 650 5.5098 300 89
0 650 5.56956 300 89
0 650 5.62899 300 89
0 650 5.68343 300 89
0 650 5.73735 300 89
0 650 5.79564 300 89
0 650 5.85569 300 89
0 650 5.91621 300 89
0 650 5.97068 300 89
0 650 6.03362 300 89
0 650 6.09479 300 89
0 650 6.15216 300 89
0 650 6.20986 300 89
0 650 6.26723 300 89
0 650 6.32198 300 89
0 650 6.38333 300 89
0 650 6.44265 300 89
0 650 6.50177 300 89
0 650 6.5652 300 89
0 650 6.62698 300 89
0 650 6.68792 300 89
0 650 6.74642 300 89
0 650 6.81218 300 89
0 650 6.87061 300 89
0 650 6.93609 300 89
0 650 6.99584 300 89
0 650 7.06076 300 89
0 650 7.11875 300 89
0 650 7.18204 300 89
0 650 7.24172 300 89
0 650 7.33309 300 89
0 650 7.3962 300 89
0 650 7.45628 300 89
0 650 7.51776 300 89
0 650 7.58183 300 89
0 650 7.64736 300 89
0 650 7.71309 300 89
0 650 7.76972 300 89
0 650 7.83052 300 89
0 650 7.89268 300 89
0 650 7.95912 300 89
0 650 8.02071 300 89
0 650 8.08034 300 89
0 650 8.14131 300 89
0 650 8.20656 300 89
0 650 8.2663 300 89
0 650 8.3219 300 89
0 650 8.38562 300 89
0 650 8.4496 300 89
0 650 8.51231 300 89
0 650 8.57214 300 89
0 650 8.63592 300 89
0 650 8.69926 300 89
0 650 8.75684 300 89
0 650 8.82294 300 89
0 650 8.88315 300 89
0 650 8.94643 300 89
0 650 9.01012 300 89
0 650 9.074 300 89
0 650 9.14344 300 89
0 650 9.20834 300 89
0 650 9.27339 300 89
0 650 9.34004 300 89
0 650 9.40285 300 89
0 650 9.46722 300 89
0 650 9.52635 300 89
0 650 9.59087 300 89
0 650 9.64993 300 89
0 650 9.70888 300 89
0 650 9.77224 300 89
0 650 9.83909 300 89
0 650 9.89794 300 89
0 650 9.96078 300 89
0 650 10.0264 300 89
0 650 10.0947 300 89
0 650 10.1578 300 89
0 650 10.2227 300 89
0 650 10.2887 300 89
0 650 10.3509 300 89
0 650 10.4205 300 89
0 650 10.4873 300 89
0 650 10.5529 300 89
0 650 10.6214 300 89
0 650 10.6849 300 89
0 650 10.7721 300 89
0 650 10.8699 300 89
0 650 10.9679 300 89
0 650 11.0728 300 89
0 650 11.1734 300 89
0 650 11.2735 300 89
0 650 11.3722 300 89
0 650 11.474 300 89
0 650 11.5673 300 89
0 650 11.6667 300 89
0 650 11.7702 300 89
0 650 11.8752 300 89
0 650 11.9735 300 89
0 650 12.0698 300 89
0 650 12.1672 300 89
0 650 12.2369 300 89
0 650 12.3271 300 89
0 650 12.4333 300 89
0 650 12.533 300 89
0 650 12.6303 300 89
0 650 12.7229 300 89
0 650 12.8242 300 89
0 650 12.9304 300 89
0 650 13.0246 300 89
0 650 13.1269 300 89
0 650 13.2153 300 89
0 650 13.2996 300 89
0 650 13.4 300 89
0 650 13.5043 300 89
0 650 13.6155 300 89
0 650 13.7565 300 89
0 650 13.8937 300 89
0 650 14.0198 300 89
0 650 14.1466 300 89
0 650 14.2729 300 89
0 650 14.406 300 89
0 650 14.5344 300 89
0 650 14.6482 300 89
0 650 14.7676 300 89
0 650 14.8921 300 89
0 650 15.0243 300 89
0 650 15.1493 300 89
0 650 15.2727 300 89
0 650 15.3932 300 89
0 650 15.5166 300 89
0 650 15.6398 300 89
0 650 15.7744 300 89
0 650 15.9002 300 89
0 650 16.0262 300 89
0 650 16.1577 300 89
0 650 16.2883 300 89
0 650 16.4213 300 89
0 650 16.5428 300 89
0 650 16.6575 300 89
0 650 16.7796 300 89
0 650 16.8957 300 89
0 650 17.0462 300 89
0 650 17.1329 300 89
0 650 17.258 300 89
0 650 17.3762 300 89
0 650 17.494 300 89
0 650 17.6113 300 89
0 650 17.7346 300 89
0 650 17.8686 300 89
0 650 17.9801 300 89
0 650 18.0956 300 89
0 650 18.216 300 89
0 650 18.341 300 89
0 650 18.4628 300 89
0 650 18.5932 300 89
0 650 18.7784 300 89
0 650 18.9013 300 89
0 650 19.0247 300 89
0 650 19.1517 300 89
0 650 19.2793 300 89
0 650 19.4051 300 89
0 650 19.5368 300 89
0 650 19.6664 300 89
0 650 19.7978 300 89
0 650 19.9226 300 89
0 650 20.0559 300 89
0 650 20.1758 300 89
0 650 20.2991 300 89
0 650 20.4219 300 89
0 650 20.542 300 89
0 650 20.6723 300 89
0 650 20.7988 300 89
0 650 20.9239 300 89
0 650 21.0555 300 89
0 650 21.1754 300 89
0 650 21.2926 300 89
0 650 21.4215 300 89
0 650 21.5555 300 89
0 650 21.6893 300 89
0 650 21.8231 300 89
0 650 21.9399 300 89
0 650 22.0632 300 89
0 650 22.1876 300 89
0 650 22.3093 300 89
0 650 22.4453 300 89
0 650 22.5725 300 89
0 650 22.6973 300 89
0 650 22.8246 300 89
0 650 22.9542 300 89
0 650 23.0827 300 89
0 650 23.2104 300 89
0 650 23.3368 300 89
0 650 23.4607 300 89
0 650 23.5747 300 89
0 650 23.7017 300 89
0 650 23.8336 300 89
0 650 23.972 300 89
0 650 24.0862 300 89
0 650 24.2199 300 89
0 650 24.3495 300 89
0 650 24.469 300 89
0 650 24.58 300 89
0 650 24.6904 300 89
0 650 24.8188 300 89
0 650 24.9384 300 89
0 650 25.06 300 89
0 650 25.1891 300 89
0 650 25.3097 300 89
0 650 25.4391 300 89
0 650 25.5711 300 89
0 650 25.6956 300 89
0 650 25.8194 300 89
0 650 25.9425 300 89
0 650 26.073 300 89
0 650 26.193 300 89
0 650 26.3152 300 89
0 650 26.4305 300 89
0 650 26.5578 300 89
0 650 26.6686 300 89
0 650 26.7884 300 89
0 650 26.9154 300 89
0 650 27.0427 300 89
0 650 27.1686 300 89
0 650 27.2868 300 89
0 650 27.4059 300 89
0 650 27.5297 300 89
0 650 27.6448 300 89
0 650 27.7651 300 89
0 650 27.8898 300 89
0 650 28.0168 300 89
0 650 28.1399 300 89
0 650 28.2715 300 89
0 650 28.3947 300 89
0 650 28.5171 300 89
0 650 28.6537 300 89
0 650 28.7822 300 89
0 650 28.906 300 89
0 650 29.0299 300 89
0 650 29.1383 300 89
0 650 29.261 300 89
0 650 29.3853 300 89
0 650 29.5054 300 89
0 650 29.6267 300 89
0 650 29.7494 300 89
0 650 29.8327 300 89
0 650 29.959 300 89
0 650 30.0866 300 89
0 650 30.2168 300 89
0 650 30.3398 300 89
0 650 30.4696 300 89
0 650 30.6005 300 89
0 650 30.7255 300 89
0 650 30.8405 300 89
0 650 30.9575 300 89
0 650 31.07 300 89
0 650 31.1822 300 89
0 650 31.3057 300 89
0 650 31.4335 300 89
0 650 31.5579 300 89
0 650 31.6827 300 89
0 650 31.8124 300 89
0 650 31.9273 300 89
0 650 32.0405 300 89
0 650 32.1512 300 89
0 650 32.2784 300 89
0 650 32.3995 300 89
0 650 32.5336 300 89
0 650 32.6624 300 89
0 650 32.792 300 89
0 650 32.9171 300 89
0 650 33.0383 300 89
0 650 33.162 300 89
0 650 33.2894 300 89
0 650 33.4136 300 89
0 650 33.5366 300 89
0 650 33.6553 300 89
0 650 33.7812 300 89
0 650 33.9074 300 89
0 650 34.033 300 89
0 650 34.1493 300 89
0 650 34.26 300 89
0 650 34.391 300 89
0 650 34.5067 300 89
0 650 34.6133 300 89
0 650 34.736 300 89
0 650 34.8315 300 89
0 650 34.9263 300 89
0 650 35.0199 300 89
0 650 35.1217 300 89
0 650 35.2283 300 89
0 650 35.3144 300 89
0 650 35.4149 300 89
0 650 35.5156 300 89
0 650 35.6085 300 89
0 650 35.6997 300 89
0 650 35.7999 300 89
0 650 35.894 300 89
0 650 35.9853 300 89
0 650 36.0824 300 89
0 650 36.1788 300 89
0 650 36.2746 300 89
0 650 36.3718 300 89
0 650 36.4807 300 89
0 650 36.5782 300 89
0 650 36.679 300 89
0 650 36.7863 300 89
0 650 36.8954 300 89
0 650 36.9939 300 89
0 650 37.0838 300 89
0 650 37.1755 300 89
0 650 37.2785 300 89
0 650 37.3759 300 89
0 650 37.4762 300 89
0 650 37.5739 300 89
0 650 37.672 300 89
0 650 37.7771 300 89
0 650 37.8786 300 89
0 650 37.9708 300 89
0 650 38.0678 300 89
0 650 38.1618 300 89
0 650 38.252 300 89
0 650 38.3709 300 89
0 650 38.4633 300 89
0 650 38.552 300 89
0 650 38.6384 300 89
0 650 38.747 300 89
0 650 38.842 300 89
0 650 38.936 300 89
0 650 39.0403 300 89
0 650 39.132 300 89
0 650 39.2327 300 89
0 650 39.3236 300 89
0 650 39.4048 300 89
0 650 39.4826 300 89
0 650 39.5798 300 89
0 650 39.6779 300 89
0 650 39.7774 300 89
0 650 39.8715 300 89
0 650 39.96 300 89
0 650 40.0549 300 89
0 650 40.1363 300 89
0 650 40.2263 300 89
0 650 40.2866 300 89
0 650 40.3475 300 89
0 650 40.4151 300 89
0 650 40.4706 300 89
0 650 40.5341 300 89
0 650 40.5966 300 89
0 650 40.6657 300 89
0 650 40.734 300 89
0 650 40.7942 300 89
0 650 40.8646 300 89
0 650 40.9707 300 89
0 650 41.0613 300 89
0 650 41.1552 300 89
0 650 41.2446 300 89
0 650 41.3318 300 89
0 650 41.425 300 89
0 650 41.5173 300 89
0 650 41.6192 300 89
0 650 41.7061 300 89
0 650 41.791 300 89
0 650 41.8926 300 89
0 650 41.9836 300 89
0 650 42.0779 300 89
0 650 42.1717 300 89
0 650 42.2705 300 89
0 650 42.3627 300 89
0 650 42.4519 300 89
0 650 42.5412 300 89
0 650 42.6029 300 89
0 650 42.6869 300 89
0 650 42.7718 300 89
0 650 42.8582 300 89
0 650 42.9467 300 89
0 650 43.0285 300 89
0 650 43.1154 300 89
0 650 43.2044 300 89
0 650 43.2924 300 89
0 650 43.3799 300 89
0 650 43.4624 300 89
0 650 43.5495 300 89
0 650 43.6287 300 89
0 650 43.698 300 89
0 650 43.7893 300 89
0 650 43.875 300 89
0 650 43.9659 300 89
0 650 44.0536 300 89
0 650 44.1508 300 89
0 650 44.232 300 89
0 650 44.322 300 89
0 650 44.4145 300 89
0 650 44.4995 300 89
0 650 44.5921 300 89
0 650 44.678 300 89
0 650 44.772 300 89
0 650 44.8567 300 89
0 650 44.9493 300 89
0 650 45.0404 300 89
0 650 45.1264 300 89
0 650 45.2118 300 89
0 650 45.2916 300 89
0 650 45.3779 300 89
0 650 45.462 300 89
0 650 45.5497 300 89
0 650 45.6415 300 89
0 650 45.7286 300 89
0 650 45.8166 300 89
0 650 45.8968 300 89
0 650 45.9917 300 89
0 650 46.0784 300 89
0 650 46.169 300 89
0 650 46.2541 300 89
0 650 46.3481 300 89
0 650 46.4341 300 89
0 650 46.5188 300 89
0 650 46.6095 300 89
0 650 46.6976 300 89
0 650 46.7849 300 89
0 650 46.8762 300 89
0 650 46.9649 300 89
0 650 47.0556 300 89
0 650 47.1497 300 89
0 650 47.2459 300 89
0 650 47.3243 300 89
0 650 47.416 300 89
0 650 47.5073 300 89
0 650 47.5871 300 89
0 650 47.6746 300 89
0 650 47.7579 300 89
0 650 47.8559 300 89
0 650 47.9419 300 89
0 650 48.0255 300 89
0 650 48.1095 300 89
0 650 48.1986 300 89
0 650 48.2919 300 89
0 650 48.3827 300 89
0 650 48.4745 300 89
0 650 48.5717 300 89
0 650 48.6583 300 89
0 650 48.7549 300 89
0 650 48.8454 300 89
0 650 48.9325 300 89
0 650 49.0289 300 89
0 650 49.1294 300 89
0 650 49.2137 300 89
0 650 49.2979 300 89
0 650 49.3895 300 89
0 650 49.4763 300 89
0 650 49.559 300 89
0 650 49.6456 300 89
0 650 49.7376 300 89
0 650 49.8243 300 89
0 650 49.9199 300 89
0 650 50.0077 300 89
0 650 50.0929 300 89
0 650 50.1698 300 89
0 650 50.2565 300 89
0 650 50.3405 300 89
0 650 50.4252 300 89
0 650 50.51 300 89
0 650 50.5807 300 89
0 650 50.673 300 89
0 650 50.761 300 89
0 650 50.855 300 89
0 650 50.9426 300 89
0 650 51.0257 300 89
0 650 51.12 300 89
0 650 51.2122 300 89
0 650 51.3011 300 89
0 650 51.3893 300 89
0 650 51.482 300 89
0 650 51.5765 300 89
0 650 51.6621 300 89
0 650 51.7495 300 89
0 650 51.8377 300 89
0 650 51.9279 300 89
0 650 52.018 300 89
0 650 52.1079 300 89
0 650 52.2022 300 89
0 650 52.3421 300 89
0 650 52.4296 300 89
0 650 52.5188 300 89
0 650 52.5989 300 89
0 650 52.6871 300 89
0 650 52.7787 300 89
0 650 52.8641 300 89
0 650 52.9447 300 89
0 650 53.0273 300 89
0 650 53.108 300 89
0 650 53.1949 300 89
0 650 53.2833 300 89
0 650 53.3617 300 89
0 650 53.4395 300 89
0 650 53.5184 300 89
0 650 53.6053 300 89
0 650 53.6968 300 89
0 650 53.7823 300 89
0 650 53.8717 300 89
0 650 53.956 300 89
0 650 54.0391 300 89
0 650 54.1247 300 89
0 650 54.2157 300 89
0 650 54.3074 300 89
0 650 54.3909 300 89
0 650 54.4796 300 89
0 650 54.5655 300 89
0 650 54.6571 300 89
0 650 54.7423 300 89
0 650 54.8303 300 89
0 650 54.9232 300 89
0 650 55.0159 300 89
0 650 55.1023 300 89
0 650 55.1967 300 89
0 650 55.2854 300 89
0 650 55.3755 300 89
0 650 55.4616 300 89
0 650 55.5537 300 89
0 650 55.6429 300 89
0 650 55.7341 300 89
0 650 55.8175 300 89
0 650 55.9062 300 89
0 650 55.9918 300 89
0 650 56.0844 300 89
0 650 56.166 300 89
0 650 56.2519 300 89
0 650 56.3365 300 89
0 650 56.4233 300 89
0 650 56.5124 300 89
0 650 56.6085 300 89
0 650 56.6939 300 89
0 650 56.7692 300 89
0 650 56.8604 300 89
0 650 56.944 300 89
0 650 57.0231 300 89
0 650 57.113 300 89
0 650 57.1878 300 89
0 650 57.274 300 89
0 650 57.3596 300 89
0 650 57.4441 300 89
0 650 57.5329 300 89
0 650 57.6217 300 89
0 650 57.7097 300 89
0 650 57.7986 300 89
0 650 57.8803 300 89
0 650 57.9723 300 89
0 650 58.0554 300 89
0 650 58.1378 300 89
0 650 58.2197 300 89
0 650 58.3042 300 89
0 650 58.3876 300 89
0 650 58.4763 300 89
0 650 58.5629 300 89
0 650 58.6538 300 89
0 650 58.7432 300 89
0 650 58.8336 300 89
0 650 58.9618 300 89
0 650 59.0432 300 89
0 650 59.129 300 89
0 650 59.2154 300 89
0 650 59.3016 300 89
0 650 59.3892 300 89
0 650 59.4812 300 89
0 650 59.5682 300 89
0 650 59.6577 300 89
0 650 59.7459 300 89
0 650 59.8343 300 89
0 650 59.9227 300 89
0 650 60.0196 300 89
0 650 60.1031 300 89
0 650 60.1946 300 89
0 650 60.2908 300 89
0 650 60.3825 300 89
0 650 60.4608 300 89
0 650 60.5514 300 89
0 650 60.6326 300 89
0 650 60.7171 300 89
0 650 60.8021 300 89
0 650 60.8972 300 89
0 650 60.9988 300 89
0 650 61.0954 300 89
0 650 61.1897 300 89
0 650 61.292 300 89
0 650 61.3853 300 89
0 650 61.4748 300 89
0 650 61.5676 300 89
0 650 61.6534 300 89
0 650 61.7391 300 89
0 650 61.8173 300 89
0 650 61.9041 300 89
0 650 61.9948 300 89
0 650 62.0884 300 89
0 650 62.177 300 89
0 650 62.2627 300 89
0 650 62.3465 300 89
0 650 62.4398 300 89
0 650 62.5285 300 89
0 650 62.6117 300 89
0 650 62.6997 300 89
0 650 62.7911 300 89
0 650 62.8757 300 89
0 650 62.9637 300 89
0 650 63.0567 300 89
0 650 63.145 300 89
0 650 63.231 300 89
0 650 63.3248 300 89
0 650 63.4116 300 89
0 650 63.492 300 89
0 650 63.5912 300 89
0 650 63.6708 300 89
0 650 63.7546 300 89
0 650 63.8382 300 89
0 650 63.921 300 89
0 650 63.9983 300 89
0 650 64.0856 300 89
0 650 64.1676 300 89
0 650 64.2516 300 89
0 650 64.3431 300 89
0 650 64.4223 300 89
0 650 64.5107 300 89
0 650 64.6061 300 89
0 650 64.6917 300 89
0 650 64.7851 300 89
0 650 64.866 300 89
0 650 64.9601 300 89
0 650 65.0403 300 89
0 650 65.1233 300 89
0 650 65.2085 300 89
0 650 65.3006 300 89
0 650 65.3873 300 89
0 650 65.4735 300 89
0 650 65.5635 300 89
0 650 65.6606 300 89
0 650 65.7495 300 89
0 650 65.84 300 89
0 650 65.9563 300 89
0 650 66.043 300 89
0 650 66.1301 300 89
0 650 66.2199 300 89
0 650 66.3147 300 89
0 650 66.4096 300 89
0 650 66.4963 300 89
0 650 66.5831 300 89
0 650 66.6677 300 89
0 650 66.7556 300 89
0 650 66.8408 300 89
0 650 66.92 300 89
0 650 67.0055 300 89
0 650 67.0957 300 89
0 650 67.1897 300 89
0 650 67.2709 300 89
0 650 67.3309 300 89
0 650 67.4167 300 89
0 650 67.5067 300 89
0 650 67.5892 300 89
0 650 67.7001 300 89
0 650 67.7842 300 89
0 650 67.8735 300 89
0 650 67.9635 300 89
0 650 68.0467 300 89
0 650 68.1362 300 89
0 650 68.2176 300 89
0 650 68.3033 300 89
0 650 68.3911 300 89
0 650 68.4817 300 89
0 650 68.597 300 89
0 650 68.7001 300 89
0 650 68.8047 300 89
0 650 68.8992 300 89
0 650 68.9976 300 89
0 650 69.095 300 89
0 650 69.1934 300 89
0 650 69.2776 300 89
0 650 69.3638 300 89
0 650 69.4544 300 89
0 650 69.5411 300 89
0 650 69.6237 300 89
0 650 69.7103 300 89
0 650 69.7973 300 89
0 650 69.886 300 89
0 650 69.9742 300 89
0 650 70.0672 300 89
0 650 70.1488 300 89
0 650 70.2438 300 89
0 650 70.3394 300 89
0 650 70.4383 300 89
0 650 70.5274 300 89
0 650 70.6198 300 89
0 650 70.7091 300 89
0 650 70.8016 300 89
0 650 70.8837 300 89
0 650 70.9791 300 89
0 650 71.0653 300 89
0 650 71.1483 300 89
0 650 71.2345 300 89
0 650 71.3182 300 89
0 650 71.4066 300 89
0 650 71.4922 300 89
0 650 71.5806 300 89
0 650 71.6708 300 89
0 650 71.756 300 89
0 650 71.8481 300 89
0 650 71.9332 300 89
0 650 72.0186 300 89
0 650 72.1062 300 89
0 650 72.2044 300 89
0 650 72.2889 300 89
0 650 72.3755 300 89
0 650 72.4621 300 89
0 650 72.5438 300 89
0 650 72.6339 300 89
0 650 72.7163 300 89
0 650 72.805 300 89
0 650 72.8864 300 89
0 650 72.9742 300 89
0 650 73.0621 300 89
0 650 73.1434 300 89
0 650 73.226 300 89
0 650 73.3159 300 89
0 650 73.3988 300 89
0 650 73.4834 300 89
0 650 73.5722 300 89
0 650 73.6603 300 89
0 650 73.749 300 89
0 650 73.8432 300 89
0 650 73.9378 300 89
0 650 74.0303 300 89
0 650 74.1291 300 89
0 650 74.2113 300 89
0 650 74.3128 300 89
0 650 74.4029 300 89
0 650 74.4978 300 89
0 650 74.5807 300 89
0 650 74.6679 300 89
0 650 74.7287 300 89
0 650 74.8138 300 89
0 650 74.8952 300 89
0 650 74.9795 300 89
0 650 75.0698 300 89
0 650 75.1695 300 89
0 650 75.2588 300 89
0 650 75.3623 300 89
0 650 75.4599 300 89
0 650 75.5466 300 89
0 650 75.6365 300 89
0 650 75.7302 300 89
0 650 75.8281 300 89
0 650 75.9183 300 89
0 650 76.0032 300 89
0 650 76.0938 300 89
0 650 76.1825 300 89
0 650 76.2717 300 89
0 650 76.3642 300 89
0 650 76.4589 300 89
0 650 76.5351 300 89
0 650 76.6238 300 89
0 650 76.7227 300 89
0 650 76.821 300 89
0 650 76.9123 300 89
0 650 76.9967 300 89
0 650 77.0795 300 89
0 650 77.1607 300 89
0 650 77.2479 300 89
0 650 77.3376 300 89
0 650 77.4201 300 89
0 650 77.5479 300 89
0 650 77.6395 300 89
0 650 77.7266 300 89
0 650 77.8111 300 89
0 650 77.8929 300 89
0 650 77.9862 300 89
0 650 78.0774 300 89
0 650 78.1583 300 89
0 650 78.2517 300 89
0 650 78.3441 300 89
0 650 78.4294 300 89
0 650 78.5223 300 89
0 650 78.6071 300 89
0 650 78.7015 300 89
0 650 78.7914 300 89
0 650 78.9425 300 89
0 650 79.0442 300 89
0 650 79.1355 300 89
0 650 79.2331 300 89
0 650 79.3273 300 89
0 650 79.4168 300 89
0 650 79.5132 300 89
0 650 79.6102 300 89
0 650 79.7121 300 89
0 650 79.8039 300 89
0 650 79.9027 300 89
0 650 80.0103 300 89
0 650 80.099 300 89
0 650 80.1962 300 89
0 650 80.2919 300 89
0 650 80.3828 300 89
0 650 80.4723 300 89
0 650 80.5671 300 89
0 650 80.6522 300 89
0 650 80.7411 300 89
0 650 80.8317 300 89
0 650 80.92 300 89
0 650 80.9958 300 89
0 650 81.0575 300 89
0 650 81.1183 300 89
0 650 81.1828 300 89
0 650 81.2684 300 89
0 650 81.3625 300 89
0 650 81.4536 300 89
0 650 81.542 300 89
0 650 81.6324 300 89
0 650 81.7193 300 89
0 650 81.8053 300 89
0 650 81.8978 300 89
0 650 81.9852 300 89
0 650 82.0763 300 89
0 650 82.1721 300 89
0 650 82.2676 300 89
0 650 82.3737 300 89
0 650 82.4691 300 89
0 650 82.5627 300 89
0 650 82.6566 300 89
0 650 82.7411 300 89
0 650 82.8394 300 89
0 650 82.9299 300 89
0 650 83.021 300 89
0 650 83.1183 300 89
0 650 83.2075 300 89
0 650 83.281 300 89
0 650 83.3709 300 89
0 650 83.4605 300 89
0 650 83.5461 300 89
0 650 83.6273 300 89
0 650 83.7216 300 89
0 650 83.8051 300 89
0 650 83.8933 300 89
0 650 83.9824 300 89
0 650 84.0545 300 89
0 650 84.1395 300 89
0 650 84.2215 300 89
0 650 84.3034 300 89
0 650 84.3909 300 89
0 650 84.4773 300 89
0 650 84.56 300 89
0 650 84.645 300 89
0 650 84.7351 300 89
0 650 84.8233 300 89
0 650 84.9048 300 89
0 650 84.9894 300 89
0 650 85.0765 300 89
0 650 85.1537 300 89
0 650 85.2381 300 89
0 650 85.3213 300 89
0 650 85.3981 300 89
0 650 85.4838 300 89
0 650 85.5582 300 89
0 650 85.6366 300 89
0 650 85.7171 300 89
0 650 85.8009 300 89
0 650 85.8855 300 89
0 650 85.9691 300 89
0 650 86.0533 300 89
0 650 86.145 300 89
0 650 86.2279 300 89
0 650 86.3172 300 89
0 650 86.4057 300 89
0 650 86.4968 300 89
0 650 86.5823 300 89
0 650 86.6639 300 89
0 650 86.7485 300 89
0 650 86.8409 300 89
0 650 86.9214 300 89
0 650 87.0077 300 89
0 650 87.0913 300 89
0 650 87.1688 300 89
0 650 87.2527 300 89
0 650 87.3415 300 89
0 650 87.4212 300 89
0 650 87.5022 300 89
0 650 87.5907 300 89
0 650 87.6744 300 89
0 650 87.7571 300 89
0 650 87.8411 300 89
0 650 87.9336 300 89
0 650 88.025 300 89
0 650 88.1091 300 89
0 650 88.1944 300 89
0 650 88.2847 300 89
0 650 88.3688 300 89
0 650 88.4538 300 89
0 650 88.5378 300 89
0 650 88.6275 300 89
0 650 88.7159 300 89
0 650 88.7941 300 89
0 650 88.8644 300 89
0 650 88.9498 300 89
0 650 89.0321 300 89
0 650 89.121 300 89
0 650 89.177 300 89
0 650 89.2592 300 89
0 650 89.344 300 89
0 650 89.4277 300 89
0 650 89.511 300 89
0 650 89.5995 300 89
0 650 89.6847 300 89
0 650 89.7669 300 89
0 650 89.8564 300 89
0 650 89.9407 300 89
0 650 90.0229 300 89
0 650 90.0963 300 89
0 650 90.1849 300 89
0 650 90.2692 300 89
0 650 90.3541 300 89
0 650 90.4355 300 89
0 650 90.5146 300 89
0 650 90.6049 300 89
0 650 90.6875 300 89
0 650 90.7731 300 89
0 650 90.8577 300 89
0 650 90.9479 300 89
0 650 91.0366 300 89
0 650 91.1211 300 89
0 650 91.2119 300 89
0 650 91.2918 300 89
0 650 91.374 300 89
0 650 91.4555 300 89
0 650 91.5379 300 89
0 650 91.6201 300 89
0 650 91.7078 300 89
0 650 91.7882 300 89
0 650 91.8764 300 89
0 650 91.9682 300 89
0 650 92.0509 300 89
0 650 92.1341 300 89
0 650 92.2176 300 89
0 650 92.3083 300 89
0 650 92.3862 300 89
0 650 92.4775 300 89
0 650 92.5594 300 89
0 650 92.6524 300 89
0 650 92.7387 300 89
0 650 92.8275 300 89
0 650 92.9146 300 89
0 650 93.0025 300 89
0 650 93.0947 300 89
0 650 93.1806 300 89
0 650 93.2608 300 89
0 650 93.3453 300 89
0 650 93.4302 300 89
0 650 93.5144 300 89
0 650 93.5963 300 89
0 650 93.6757 300 89
0 650 93.7587 300 89
0 650 93.8444 300 89
0 650 93.931 300 89
0 650 94.0181 300 89
0 650 94.0972 300 89
0 650 94.181 300 89
0 650 94.267 300 89
0 650 94.3527 300 89
0 650 94.4409 300 89
0 650 94.5277 300 89
0 650 94.6118 300 89
0 650 94.7115 300 89
0 650 94.7943 300 89
0 650 94.8837 300 89
0 650 94.9703 300 89
0 650 95.066 300 89
0 650 95.1689 300 89
0 650 95.2506 300 89
0 650 95.3332 300 89
0 650 95.4143 300 89
0 650 95.5014 300 89
0 650 95.5863 300 89
0 650 95.6669 300 89
0 650 95.7553 300 89
0 650 95.8404 300 89
0 650 95.9031 300 89
0 650 95.9619 300 89
0 650 96.0261 300 89
0 650 96.0702 300 89
0 650 96.13 300 89
0 650 96.193 300 89
0 650 96.2486 300 89
0 650 96.3104 300 89
0 650 96.3681 300 89
0 650 96.4282 300 89
0 650 96.4882 300 89
0 650 96.5501 300 89
0 650 96.6106 300 89
0 650 96.7027 300 89
0 650 96.7674 300 89
0 650 96.8264 300 89
0 650 96.8887 300 89
0 650 96.952 300 89
0 650 97.0185 300 89
0 650 97.0557 300 89
0 650 97.1175 300 89
0 650 97.1802 300 89
0 650 97.2402 300 89
0 650 97.2945 300 89
0 650 97.3584 300 89
0 650 97.4193 300 89
0 650 97.4894 300 89
0 650 97.5752 300 89
0 650 97.6602 300 89
0 650 97.736 300 89
0 650 97.82 300 89
0 650 97.9212 300 89
0 650 98.018 300 89
0 650 98.1084 300 89
0 650 98.1891 300 89
0 650 98.2728 300 89
0 650 98.4001 300 89
0 650 98.4808 300 89
0 650 98.5574 300 89
0 650 98.6414 300 89
0 650 98.7228 300 89
0 650 98.817 300 89
0 650 98.8978 300 89
0 650 98.9725 300 89
0 650 99.0676 300 89
0 650 99.1461 300 89
0 650 99.2297 300 89
0 650 99.3167 300 89
0 650 99.3998 300 89
0 650 99.4758 300 89
0 650 99.5649 300 89
0 650 99.6507 300 89
0 650 99.7361 300 89
0 650 99.8205 300 89
0 650 99.9121 300 89
0 650 99.9979 300 89
0 650 100.08 300 89
0 650 100.168 300 89
0 650 100.258 300 89
0 650 100.34 300 89
0 650 100.427 300 89
0 650 100.53 300 89
0 650 100.628 300 89
0 650 100.718 300 89
0 650 100.811 300 89
0 650 100.904 300 89
0 650 100.99 300 89
0 650 101.071 300 89
0 650 101.167 300 89
0 650 101.244 300 89
0 650 101.332 300 89
0 650 101.421 300 89
0 650 101.527 300 89
0 650 101.621 300 89
0 650 101.708 300 89
0 650 101.796 300 89
0 650 101.873 300 89
0 650 101.955 300 89
0 650 102.036 300 89
0 650 102.125 300 89
0 650 102.214 300 89
0 650 102.307 300 89
0 650 102.393 300 89
0 650 102.479 300 89
0 650 102.567 300 89
0 650 102.648 300 89
0 650 102.738 300 89
0 650 102.824 300 89
0 650 102.915 300 89
0 650 102.993 300 89
0 650 103.076 300 89
0 650 103.162 300 89
0 650 103.233 300 89
0 650 103.311 300 89
0 650 103.399 300 89
0 650 103.489 300 89
0 650 103.582 300 89
0 650 103.668 300 89
0 650 103.759 300 89
0 650 103.845 300 89
0 650 103.936 300 89
0 650 104.024 300 89
0 650 104.108 300 89
0 650 104.2 300 89
0 650 104.284 300 89
0 650 104.372 300 89
0 650 104.461 300 89
0 650 104.552 300 89
0 650 104.636 300 89
0 650 104.718 300 89
0 650 104.808 300 89
0 650 104.895 300 89
0 650 105.033 300 89
0 650 105.115 300 89
0 650 105.207 300 89
0 650 105.296 300 89
0 650 105.381 300 89
0 650 105.466 300 89
0 650 105.553 300 89
0 650 105.64 300 89
0 650 105.732 300 89
0 650 105.82 300 89
0 650 105.905 300 89
0 650 105.993 300 89
0 650 106.086 300 89
0 650 106.181 300 89
0 650 106.264 300 89
0 650 106.353 300 89
0 650 106.449 300 89
0 650 106.537 300 89
0 650 106.624 300 89
0 650 106.712 300 89
0 650 106.803 300 89
0 650 106.885 300 89
0 650 106.976 300 89
0 650 107.063 300 89
0 650 107.16 300 89
0 650 107.265 300 89
0 650 107.365 300 89
0 650 107.451 300 89
0 650 107.546 300 89
0 650 107.639 300 89
0 650 107.732 300 89
0 650 107.822 300 89
0 650 107.903 300 89
0 650 107.985 300 89
0 650 108.074 300 89
0 650 108.164 300 89
0 650 108.258 300 89
0 650 108.341 300 89
0 650 108.402 300 89
0 650 108.491 300 89
0 650 108.578 300 89
0 650 108.672 300 89
0 650 108.763 300 89
0 650 108.857 300 89
0 650 108.941 300 89
0 650 109.03 300 89
0 650 109.122 300 89
0 650 109.204 300 89
0 650 109.288 300 89
0 650 109.376 300 89
0 650 109.461 300 89
0 650 109.545 300 89
0 650 109.638 300 89
0 650 109.729 300 89
0 650 109.81 300 89
0 650 109.898 300 89
0 650 109.991 300 89
0 650 110.086 300 89
0 650 110.173 300 89
0 650 110.258 300 89
0 650 110.346 300 89
0 650 110.431 300 89
0 650 110.521 300 89
0 650 110.605 300 89
0 650 110.698 300 89
0 650 110.781 300 89
0 650 110.865 300 89
0 650 110.954 300 89
0 650 111.039 300 89
0 650 111.135 300 89
0 650 111.218 300 89
0 650 111.316 300 89
0 650 111.41 300 89
0 650 111.495 300 89
0 650 111.587 300 89
0 650 111.675 300 89
0 650 111.772 300 89
0 650 111.868 300 89
0 650 111.947 300 89
0 650 112.038 300 89
0 650 112.129 300 89
0 650 112.206 300 89
0 650 112.292 300 89
0 650 112.375 300 89
0 650 112.457 300 89
0 650 112.539 300 89
0 650 112.624 300 89
0 650 112.709 300 89
0 650 112.793 300 89
0 650 112.881 300 89
0 650 112.97 300 89
0 650 113.069 300 89
0 650 113.164 300 89
0 650 113.252 300 89
0 650 113.336 300 89
0 650 113.428 300 89
0 650 113.515 300 89
0 650 113.6 300 89
0 650 113.682 300 89
0 650 113.763 300 89
0 650 113.852 300 89
0 650 113.946 300 89
0 650 114.031 300 89
0 650 114.121 300 89
0 650 114.208 300 89
0 650 114.291 300 89
0 650 114.381 300 89
0 650 114.472 300 89
0 650 114.552 300 89
0 650 114.637 300 89
0 650 114.712 300 89
0 650 114.8 300 89
0 650 114.877 300 89
0 650 114.954 300 89
0 650 115.033 300 89
0 650 115.118 300 89
0 650 115.206 300 89
0 650 115.297 300 89
0 650 115.386 300 89
0 650 115.47 300 89
0 650 115.566 300 89
0 650 115.64 300 89
0 650 115.727 300 89
0 650 115.804 300 89
0 650 115.885 300 89
0 650 115.973 300 89
0 650 116.056 300 89
0 650 116.143 300 89
0 650 116.231 300 89
0 650 116.32 300 89
0 650 116.409 300 89
0 650 116.496 300 89
0 650 116.58 300 89
0 650 116.663 300 89
0 650 116.742 300 89
0 650 116.825 300 89
0 650 116.915 300 89
0 650 117.003 300 89
0 650 117.091 300 89
0 650 117.174 300 89
0 650 117.259 300 89
0 650 117.35 300 89
0 650 117.428 300 89
0 650 117.523 300 89
0 650 117.608 300 89
0 650 117.699 300 89
0 650 117.78 300 89
0 650 117.873 300 89
0 650 117.959 300 89
0 650 118.045 300 89
0 650 118.13 300 89
0 650 118.211 300 89
0 650 118.305 300 89
0 650 118.39 300 89
0 650 118.481 300 89
0 650 118.554 300 89
0 650 118.643 300 89
0 650 118.726 300 89
0 650 118.813 300 89
0 650 118.9 300 89
0 650 118.983 300 89
0 650 119.064 300 89
0 650 119.148 300 89
0 650 119.237 300 89
0 650 119.326 300 89
0 650 119.41 300 89
0 650 119.492 300 89
0 650 119.577 300 89
0 650 119.661 300 89
0 650 119.738 300 89
0 650 119.866 300 89
0 650 119.951 300 89
0 650 120.04 300 89
0 650 120.125 300 89
0 650 120.216 300 89
0 650 120.278 300 89
0 650 120.342 300 89
0 650 120.433 300 89
0 650 120.519 300 89
0 650 120.602 300 89
0 650 120.684 300 89
0 650 120.771 300 89
0 650 120.851 300 89
0 650 120.929 300 89
0 650 121.014 300 89
0 650 121.101 300 89
0 650 121.193 300 89
0 650 121.275 300 89
0 650 121.368 300 89
0 650 121.448 300 89
0 650 121.535 300 89
0 650 121.612 300 89
0 650 121.695 300 89
0 650 121.773 300 89
0 650 121.853 300 89
0 650 121.943 300 89
0 650 122.027 300 89
0 650 122.12 300 89
0 650 122.202 300 89
0 650 122.288 300 89
0 650 122.378 300 89
0 650 122.457 300 89
0 650 122.537 300 89
0 650 122.622 300 89
0 650 122.708 300 89
0 650 122.803 300 89
0 650 122.893 300 89
0 650 122.975 300 89
0 650 123.061 300 89
0 650 123.14 300 89
0 650 123.224 300 89
0 650 123.317 300 89
0 650 123.404 300 89
0 650 123.485 300 89
0 650 123.578 300 89
0 650 123.668 300 89
0 650 123.751 300 89
0 650 123.843 300 89
0 650 123.938 300 89
0 650 124.031 300 89
0 650 124.112 300 89
0 650 124.195 300 89
0 650 124.283 300 89
0 650 124.375 300 89
0 650 124.464 300 89
0 650 124.549 300 89
0 650 124.635 300 89
0 650 124.72 300 89
0 650 124.801 300 89
0 650 124.886 300 89
0 650 124.973 300 89
0 650 125.062 300 89
0 650 125.147 300 89
0 650 125.232 300 89
0 650 125.322 300 89
0 650 125.402 300 89
0 650 125.491 300 89
0 650 125.585 300 89
0 650 125.675 300 89
0 650 125.761 300 89
0 650 125.852 300 89
0 650 125.943 300 89
0 650 126.036 300 89
0 650 126.124 300 89
0 650 126.218 300 89
0 650 126.309 300 89
0 650 126.387 300 89
0 650 126.475 300 89
0 650 126.539 300 89
0 650 126.627 300 89
0 650 126.722 300 89
0 650 126.811 300 89
0 650 126.895 300 89
0 650 126.981 300 89
0 650 127.068 300 89
0 650 127.156 300 89
0 650 127.229 300 89
0 650 127.317 300 89
0 650 127.397 300 89
0 650 127.482 300 89
0 650 127.57 300 89
0 650 127.651 300 89
0 650 127.742 300 89
0 650 127.835 300 89
0 650 127.925 300 89
0 650 128.009 300 89
0 650 128.095 300 89
0 650 128.185 300 89
0 650 128.281 300 89
0 650 128.37 300 89
0 650 128.461 300 89
0 650 128.548 300 89
0 650 128.64 300 89
0 650 128.732 300 89
0 650 128.821 300 89
0 650 128.908 300 89
0 650 128.993 300 89
0 650 129.083 300 89
0 650 129.171 300 89
0 650 129.257 300 89
0 650 129.346 300 89
0 650 129.43 300 89
0 650 129.523 300 89
0 650 129.609 300 89
0 650 129.699 300 89
0 650 129.792 300 89
0 650 129.884 300 89
0 650 129.972 300 89
0 650 130.06 300 89
0 650 130.152 300 89
0 650 130.244 300 89
0 650 130.325 300 89
0 650 130.411 300 89
0 650 130.493 300 89
0 650 130.576 300 89
0 650 130.658 300 89
0 650 130.749 300 89
0 650 130.836 300 89
0 650 130.921 300 89
0 650 131.012 300 89
0 650 131.067 300 89
0 650 131.153 300 89
0 650 131.237 300 89
0 650 131.323 300 89
0 650 131.418 300 89
0 650 131.508 300 89
0 650 131.591 300 89
0 650 131.679 300 89
0 650 131.771 300 89
0 650 131.863 300 89
0 650 131.956 300 89
0 650 132.039 300 89
0 650 132.123 300 89
0 650 132.209 300 89
0 650 132.299 300 89
0 650 132.389 300 89
0 650 132.477 300 89
0 650 132.556 300 89
0 650 132.645 300 89
0 650 132.73 300 89
0 650 132.814 300 89
0 650 132.906 300 89
0 650 132.994 300 89
0 650 133.078 300 89
0 650 133.174 300 89
0 650 133.261 300 89
0 650 133.355 300 89
0 650 133.445 300 89
0 650 133.532 300 89
0 650 133.618 300 89
0 650 133.708 300 89
0 650 133.804 300 89
0 650 133.891 300 89
0 650 133.977 300 89
0 650 134.065 300 89
0 650 134.156 300 89
0 650 134.239 300 89
0 650 134.327 300 89
0 650 134.418 300 89
0 650 134.503 300 89
0 650 134.587 300 89
0 650 134.67 300 89
0 650 134.752 300 89
0 650 134.83 300 89
0 650 134.919 300 89
0 650 135.011 300 89
0 650 135.099 300 89
0 650 135.185 300 89
0 650 135.277 300 89
0 650 135.364 300 89
0 650 135.451 300 89
0 650 135.537 300 89
0 650 135.621 300 89
0 650 135.707 300 89
0 650 135.801 300 89
0 650 135.896 300 89
0 650 135.98 300 89
0 650 136.069 300 89
0 650 136.157 300 89
0 650 136.295 300 89
0 650 136.39 300 89
0 650 136.476 300 89
0 650 136.566 300 89
0 650 136.654 300 89
0 650 136.738 300 89
0 650 136.828 300 89
0 650 136.915 300 89
0 650 137 300 89
0 650 137.087 300 89
0 650 137.183 300 89
0 650 137.268 300 89
0 650 137.361 300 89
0 650 137.459 300 89
0 650 137.559 300 89
0 650 137.646 300 89
0 650 137.74 300 89
0 650 137.841 300 89
0 650 137.938 300 89
0 650 138.032 300 89
0 650 138.116 300 89
0 650 138.204 300 89
0 650 138.297 300 89
0 650 138.388 300 89
0 650 138.476 300 89
0 650 138.565 300 89
0 650 138.655 300 89
0 650 138.752 300 89
0 650 138.865 300 89
0 650 138.971 300 89
0 650 139.035 300 89
0 650 139.108 300 89
0 650 139.169 300 89
0 650 139.233 300 89
0 650 139.296 300 89
0 650 139.346 300 89
0 650 139.402 300 89
0 650 139.465 300 89
0 650 139.531 300 89
0 650 139.598 300 89
0 650 139.665 300 89
0 650 139.729 300 89
0 650 139.797 300 89
0 650 139.859 300 89
0 650 139.921 300 89
0 650 139.984 300 89
0 650 140.053 300 89
0 650 140.116 300 89
0 650 140.179 300 89
0 650 140.244 300 89
0 650 140.306 300 89
0 650 140.391 300 89
0 650 140.479 300 89
0 650 140.567 300 89
0 650 140.643 300 89
0 650 140.73 300 89
0 650 140.814 300 89
0 650 140.9 300 89
0 650 140.985 300 89
0 650 141.093 300 89
0 650 141.191 300 89
0 650 141.282 300 89
0 650 141.364 300 89
0 650 141.46 300 89
0 650 141.563 300 89
0 650 141.654 300 89
0 650 141.757 300 89
0 650 141.859 300 89
0 650 141.939 300 89
0 650 142.029 300 89
0 650 142.121 300 89
0 650 142.211 300 89
0 650 142.29 300 89
0 650 142.376 300 89
0 650 142.461 300 89
0 650 142.548 300 89
0 650 142.632 300 89
0 650 142.713 300 89
0 650 142.804 300 89
0 650 142.896 300 89
0 650 142.984 300 89
0 650 143.071 300 89
0 650 143.152 300 89
0 650 143.247 300 89
0 650 143.352 300 89
0 650 143.449 300 89
0 650 143.546 300 89
0 650 143.645 300 89
0 650 143.751 300 89
0 650 143.847 300 89
0 650 143.944 300 89
0 650 144.052 300 89
0 650 144.144 300 89
0 650 144.227 300 89
0 650 144.322 300 89
0 650 144.425 300 89
0 650 144.523 300 89
0 650 144.612 300 89
0 650 144.722 300 89
0 650 144.82 300 89
0 650 144.909 300 89
0 650 145.005 300 89
0 650 145.107 300 89
0 650 145.194 300 89
0 650 145.286 300 89
0 650 145.393 300 89
0 650 145.481 300 89
0 650 145.571 300 89
0 650 145.657 300 89
0 650 145.731 300 89
0 650 145.816 300 89
0 650 145.898 300 89
0 650 145.984 300 89
0 650 146.058 300 89
0 650 146.144 300 89
0 650 146.216 300 89
0 650 146.298 300 89
0 650 146.389 300 89
0 650 146.477 300 89
0 650 146.559 300 89
0 650 146.648 300 89
0 650 146.74 300 89
0 650 146.839 300 89
0 650 146.946 300 89
0 650 147.04 300 89
0 650 147.131 300 89
0 650 147.188 300 89
0 650 147.269 300 89
0 650 147.354 300 89
0 650 147.442 300 89
0 650 147.524 300 89
0 650 147.614 300 89
0 650 147.707 300 89
0 650 147.801 300 89
0 650 147.882 300 89
0 650 147.975 300 89
0 650 148.059 300 89
0 650 148.154 300 89
0 650 148.259 300 89
0 650 148.369 300 89
0 650 148.464 300 89
0 650 148.545 300 89
0 650 148.622 300 89
0 650 148.687 300 89
0 650 148.75 300 89
0 650 148.819 300 89
0 650 148.875 300 89
0 650 148.941 300 89
0 650 149.012 300 89
0 650 149.074 300 89
0 650 149.134 300 89
0 650 149.199 300 89
0 650 149.264 300 89
0 650 149.326 300 89
0 650 149.385 300 89
0 650 149.453 300 89
0 650 149.523 300 89
0 650 149.589 300 89
0 650 149.656 300 89
0 650 149.72 300 89
0 650 149.777 300 89
0 650 149.839 300 89
0 650 149.907 300 89
0 650 149.969 300 89
0 650 150.033 300 89
0 650 150.101 300 89
0 650 150.162 300 89
0 650 150.226 300 89
0 650 150.286 300 89
0 650 150.333 300 89
0 650 150.4 300 89
0 650 150.462 300 89
0 650 150.536 300 89
0 650 150.6 300 89
0 650 150.669 300 89
0 650 150.74 300 89
0 650 150.808 300 89
0 650 150.88 300 89
0 650 150.951 300 89
0 650 151.012 300 89
0 650 151.081 300 89
0 650 151.144 300 89
0 650 151.208 300 89
0 650 151.271 300 89
0 650 151.33 300 89
0 650 151.388 300 89
0 650 151.451 300 89
0 650 151.507 300 89
0 650 151.588 300 89
0 650 151.677 300 89
0 650 151.769 300 89
0 650 151.857 300 89
0 650 151.953 300 89
0 650 152.048 300 89
0 650 152.148 300 89
0 650 152.239 300 89
0 650 152.326 300 89
0 650 152.407 300 89
0 650 152.469 300 89
0 650 152.527 300 89
0 650 152.586 300 89
0 650 152.647 300 89
0 650 152.709 300 89
0 650 152.768 300 89
0 650 152.827 300 89
0 650 152.889 300 89
0 650 152.952 300 89
0 650 153.016 300 89
0 650 153.081 300 89
0 650 153.142 300 89
0 650 153.205 300 89
0 650 153.266 300 89
0 650 153.327 300 89
0 650 153.396 300 89
0 650 153.448 300 89
0 650 153.508 300 89
0 650 153.577 300 89
0 650 153.643 300 89
0 650 153.726 300 89
0 650 153.815 300 89
0 650 153.899 300 89
0 650 153.985 300 89
0 650 154.071 300 89
0 650 154.159 300 89
0 650 154.248 300 89
0 650 154.341 300 89
0 650 154.428 300 89
0 650 154.52 300 89
0 650 154.607 300 89
0 650 154.688 300 89
0 650 154.783 300 89
0 650 154.871 300 89
0 650 155.011 300 89
0 650 155.098 300 89
0 650 155.187 300 89
0 650 155.281 300 89
0 650 155.37 300 89
0 650 155.461 300 89
0 650 155.553 300 89
0 650 155.641 300 89
0 650 155.73 300 89
0 650 155.81 300 89
0 650 155.901 300 89
0 650 155.994 300 89
0 650 156.083 300 89
0 650 156.179 300 89
0 650 156.269 300 89
0 650 156.356 300 89
0 650 156.446 300 89
0 650 156.539 300 89
0 650 156.628 300 89
0 650 156.726 300 89
0 650 156.82 300 89
0 650 156.913 300 89
0 650 157.005 300 89
0 650 157.106 300 89
0 650 157.195 300 89
0 650 157.281 300 89
0 650 157.383 300 89
0 650 157.484 300 89
0 650 157.575 300 89
0 650 157.654 300 89
0 650 157.742 300 89
0 650 157.839 300 89
0 650 157.934 300 89
0 650 158.026 300 89
0 650 158.116 300 89
0 650 158.212 300 89
0 650 158.312 300 89
0 650 158.415 300 89
0 650 158.501 300 89
0 650 158.592 300 89
0 650 158.68 300 89
0 650 158.771 300 89
0 650 158.864 300 89
0 650 158.954 300 89
0 650 159.053 300 89
0 650 159.142 300 89
0 650 159.201 300 89
0 650 159.298 300 89
0 650 159.359 300 89
0 650 159.447 300 89
0 650 159.536 300 89
0 650 159.622 300 89
0 650 159.718 300 89
0 650 159.809 300 89
0 650 159.897 300 89
0 650 159.995 300 89
0 650 160.087 300 89
0 650 160.184 300 89
0 650 160.274 300 89
0 650 160.359 300 89
0 650 160.452 300 89
0 650 160.542 300 89
0 650 160.63 300 89
0 650 160.729 300 89
0 650 160.817 300 89
0 650 160.915 300 89
0 650 161.008 300 89
0 650 161.103 300 89
0 650 161.197 300 89
0 650 161.294 300 89
0 650 161.388 300 89
0 650 161.479 300 89
0 650 161.575 300 89
0 650 161.667 300 89
0 650 161.752 300 89
0 650 161.842 300 89
0 650 161.936 300 89
0 650 162.032 300 89
0 650 162.121 300 89
0 650 162.206 300 89
0 650 162.299 300 89
0 650 162.389 300 89
0 650 162.475 300 89
0 650 162.56 300 89
0 650 162.651 300 89
0 650 162.735 300 89
0 650 162.826 300 89
0 650 162.917 300 89
0 650 163.009 300 89
0 650 163.103 300 89
0 650 163.16 300 89
0 650 163.24 300 89
0 650 163.331 300 89
0 650 163.422 300 89
0 650 163.51 300 89
0 650 163.603 300 89
0 650 163.701 300 89
0 650 163.797 300 89
0 650 163.879 300 89
0 650 163.967 300 89
0 650 164.05 300 89
0 650 164.138 300 89
0 650 164.23 300 89
0 650 164.315 300 89
0 650 164.408 300 89
0 650 164.501 300 89
0 650 164.584 300 89
0 650 164.668 300 89
0 650 164.761 300 89
0 650 164.853 300 89
0 650 164.948 300 89
0 650 165.035 300 89
0 650 165.13 300 89
0 650 165.221 300 89
0 650 165.307 300 89
0 650 165.395 300 89
0 650 165.476 300 89
0 650 165.606 300 89
0 650 165.69 300 89
0 650 165.78 300 89
0 650 165.863 300 89
0 650 165.963 300 89
0 650 166.068 300 89
0 650 166.157 300 89
0 650 166.233 300 89
0 650 166.289 300 89
0 650 166.36 300 89
0 650 166.441 300 89
0 650 166.515 300 89
0 650 166.599 300 89
0 650 166.684 300 89
0 650 166.768 300 89
0 650 166.909 300 89
0 650 166.999 300 89
0 650 167.092 300 89
0 650 167.216 300 89
0 650 167.318 300 89
0 650 167.423 300 89
0 650 167.516 300 89
0 650 167.608 300 89
0 650 167.712 300 89
0 650 167.818 300 89
0 650 167.912 300 89
0 650 168.006 300 89
0 650 168.097 300 89
0 650 168.214 300 89
0 650 168.323 300 89
0 650 168.413 300 89
0 650 168.509 300 89
0 650 168.622 300 89
0 650 168.675 300 89
0 650 168.735 300 89
0 650 168.799 300 89
0 650 168.864 300 89
0 650 168.924 300 89
0 650 168.987 300 89
0 650 169.065 300 89
0 650 169.154 300 89
0 650 169.249 300 89
0 650 169.334 300 89
0 650 169.422 300 89
0 650 169.506 300 89
0 650 169.593 300 89
0 650 169.682 300 89
0 650 169.776 300 89
0 650 169.868 300 89
0 650 169.958 300 89
0 650 170.055 300 89
0 650 170.145 300 89
0 650 170.231 300 89
0 650 170.311 300 89
0 650 170.402 300 89
0 650 170.493 300 89
0 650 170.572 300 89
0 650 170.662 300 89
0 650 170.754 300 89
0 650 170.851 300 89
0 650 170.941 300 89
0 650 171.035 300 89
0 650 171.125 300 89
0 650 171.203 300 89
0 650 171.294 300 89
0 650 171.382 300 89
0 650 171.466 300 89
0 650 171.556 300 89
0 650 171.649 300 89
0 650 171.742 300 89
0 650 171.831 300 89
0 650 171.915 300 89
0 650 172.007 300 89
0 650 172.096 300 89
0 650 172.195 300 89
0 650 172.285 300 89
0 650 172.367 300 89
0 650 172.455 300 89
0 650 172.546 300 89
0 650 172.633 300 89
0 650 172.721 300 89
0 650 172.808 300 89
0 650 172.887 300 89
0 650 172.979 300 89
0 650 173.062 300 89
0 650 173.149 300 89
0 650 173.237 300 89
0 650 173.327 300 89
0 650 173.416 300 89
0 650 173.51 300 89
0 650 173.596 300 89
0 650 173.678 300 89
0 650 173.771 300 89
0 650 173.855 300 89
0 650 173.944 300 89
0 650 174.033 300 89
0 650 174.12 300 89
0 650 174.208 300 89
0 650 174.3 300 89
0 650 174.393 300 89
0 650 174.483 300 89
0 650 174.572 300 89
0 650 174.655 300 89
0 650 174.749 300 89
0 650 174.837 300 89
0 650 174.919 300 89
0 650 175.006 300 89
0 650 175.09 300 89
0 650 175.177 300 89
0 650 175.267 300 89
0 650 175.359 300 89
0 650 175.446 300 89
0 650 175.531 300 89
0 650 175.616 300 89
0 650 175.703 300 89
0 650 175.793 300 89
0 650 175.891 300 89
0 650 175.973 300 89
0 650 176.061 300 89
0 650 176.148 300 89
0 650 176.242 300 89
0 650 176.326 300 89
0 650 176.403 300 89
0 650 176.496 300 89
0 650 176.585 300 89
0 650 176.672 300 89
0 650 176.755 300 89
0 650 176.846 300 89
0 650 176.932 300 89
0 650 177.015 300 89
0 650 177.111 300 89
0 650 177.195 300 89
0 650 177.291 300 89
0 650 177.385 300 89
0 650 177.472 300 89
0 650 177.556 300 89
0 650 177.65 300 89
0 650 177.743 300 89
0 650 177.831 300 89
0 650 177.918 300 89
0 650 178.009 300 89
0 650 178.094 300 89
0 650 178.183 300 89
0 650 178.271 300 89
0 650 178.351 300 89
0 650 178.436 300 89
0 650 178.522 300 89
0 650 178.613 300 89
0 650 178.7 300 89
0 650 178.791 300 89
0 650 178.874 300 89
0 650 178.964 300 89
0 650 179.05 300 89
0 650 179.131 300 89
0 650 179.216 300 89
0 650 179.292 300 89
0 650 179.384 300 89
0 650 179.479 300 89
0 650 179.569 300 89
0 650 179.663 300 89
0 650 179.752 300 89
0 650 179.845 300 89
0 650 179.976 300 89
0 650 180.064 300 89
0 650 180.156 300 89
0 650 180.238 300 89
0 650 180.323 300 89
0 650 180.409 300 89
0 650 180.523 300 89
0 650 180.612 300 89
0 650 180.704 300 89
0 650 180.791 300 89
0 650 180.876 300 89
0 650 180.975 300 89
0 650 181.067 300 89
0 650 181.162 300 89
0 650 181.248 300 89
0 650 181.331 300 89
0 650 181.419 300 89
0 650 181.508 300 89
0 650 181.595 300 89
0 650 181.666 300 89
0 650 181.749 300 89
0 650 181.808 300 89
0 650 181.868 300 89
0 650 181.928 300 89
0 650 181.988 300 89
0 650 182.078 300 89
0 650 182.141 300 89
0 650 182.208 300 89
0 650 182.269 300 89
0 650 182.321 300 89
0 650 182.382 300 89
0 650 182.447 300 89
0 650 182.506 300 89
0 650 182.569 300 89
0 650 182.627 300 89
0 650 182.68 300 89
0 650 182.743 300 89
0 650 182.797 300 89
0 650 182.836 300 89
0 650 182.9 300 89
0 650 182.96 300 89
0 650 183.016 300 89
0 650 183.1 300 89
0 650 183.19 300 89
0 650 183.271 300 89
0 650 183.367 300 89
0 650 183.448 300 89
0 650 183.527 300 89
0 650 183.624 300 89
0 650 183.677 300 89
0 650 183.761 300 89
0 650 183.847 300 89
0 650 183.942 300 89
0 650 184.035 300 89
0 650 184.129 300 89
0 650 184.223 300 89
0 650 184.31 300 89
0 650 184.402 300 89
0 650 184.493 300 89
0 650 184.584 300 89
0 650 184.669 300 89
0 650 184.74 300 89
0 650 184.803 300 89
0 650 184.866 300 89
0 650 184.931 300 89
0 650 184.991 300 89
0 650 185.055 300 89
0 650 185.115 300 89
0 650 185.172 300 89
0 650 185.242 300 89
0 650 185.341 300 89
0 650 185.447 300 89
0 650 185.528 300 89
0 650 185.617 300 89
0 650 185.699 300 89
0 650 185.79 300 89
0 650 185.904 300 89
0 650 185.997 300 89
0 650 186.083 300 89
0 650 186.171 300 89
0 650 186.247 300 89
0 650 186.337 300 89
0 650 186.422 300 89
0 650 186.509 300 89
0 650 186.589 300 89
0 650 186.678 300 89
0 650 186.764 300 89
0 650 186.849 300 89
0 650 186.944 300 89
0 650 187.028 300 89
0 650 187.119 300 89
0 650 187.217 300 89
0 650 187.314 300 89
0 650 187.445 300 89
0 650 187.547 300 89
0 650 187.648 300 89
0 650 187.743 300 89
0 650 187.836 300 89
0 650 187.938 300 89
0 650 188.046 300 89
0 650 188.156 300 89
0 650 188.269 300 89
0 650 188.364 300 89
0 650 188.444 300 89
0 650 188.53 300 89
0 650 188.615 300 89
0 650 188.709 300 89
0 650 188.793 300 89
0 650 188.891 300 89
0 650 188.981 300 89
0 650 189.073 300 89
0 650 189.143 300 89
0 650 189.226 300 89
0 650 189.307 300 89
0 650 189.391 300 89
0 650 189.482 300 89
0 650 189.563 300 89
0 650 189.641 300 89
0 650 189.721 300 89
0 650 189.802 300 89
0 650 189.888 300 89
0 650 189.987 300 89
0 650 190.09 300 89
0 650 190.182 300 89
0 650 190.275 300 89
0 650 190.368 300 89
0 650 190.447 300 89
0 650 190.537 300 89
0 650 190.63 300 89
0 650 190.713 300 89
0 650 190.79 300 89
0 650 190.921 300 89
0 650 191.008 300 89
0 650 191.094 300 89
0 650 191.176 300 89
0 650 191.257 300 89
0 650 191.341 300 89
0 650 191.418 300 89
0 650 191.506 300 89
0 650 191.584 300 89
0 650 191.666 300 89
0 650 191.754 300 89
0 650 191.847 300 89
0 650 191.955 300 89
0 650 192.051 300 89
0 650 192.146 300 89
0 650 192.231 300 89
0 650 192.322 300 89
0 650 192.402 300 89
0 650 192.494 300 89
0 650 192.595 300 89
0 650 192.677 300 89
0 650 192.76 300 89
0 650 192.851 300 89
0 650 192.939 300 89
0 650 193.022 300 89
0 650 193.095 300 89
0 650 193.171 300 89
0 650 193.255 300 89
0 650 193.333 300 89
0 650 193.412 300 89
0 650 193.498 300 89
0 650 193.594 300 89
0 650 193.686 300 89
0 650 193.771 300 89
0 650 193.878 300 89
0 650 193.944 300 89
0 650 194.015 300 89
0 650 194.104 300 89
0 650 194.183 300 89
0 650 194.271 300 89
0 650 194.359 300 89
0 650 194.442 300 89
0 650 194.527 300 89
0 650 194.613 300 89
0 650 194.703 300 89
0 650 194.783 300 89
0 650 194.869 300 89
0 650 194.952 300 89
0 650 195.031 300 89
0 650 195.117 300 89
0 650 195.226 300 89
0 650 195.31 300 89
0 650 195.401 300 89
0 650 195.492 300 89
0 650 195.58 300 89
0 650 195.664 300 89
0 650 195.758 300 89
0 650 195.843 300 89
0 650 195.932 300 89
0 650 196.021 300 89
0 650 196.108 300 89
0 650 196.193 300 89
0 650 196.283 300 89
0 650 196.374 300 89
0 650 196.434 300 89
0 650 196.52 300 89
0 650 196.604 300 89
0 650 196.681 300 89
0 650 196.772 300 89
0 650 196.857 300 89
0 650 196.941 300 89
0 650 197.026 300 89
0 650 197.108 300 89
0 650 197.195 300 89
0 650 197.285 300 89
0 650 197.371 300 89
0 650 197.463 300 89
0 650 197.55 300 89
0 650 197.636 300 89
0 650 197.711 300 89
0 650 197.775 300 89
0 650 197.837 300 89
0 650 197.898 300 89
0 650 197.96 300 89
0 650 198.023 300 89
0 650 198.087 300 89
0 650 198.152 300 89
0 650 198.221 300 89
0 650 198.295 300 89
0 650 198.357 300 89
0 650 198.436 300 89
0 650 198.536 300 89
0 650 198.626 300 89
0 650 198.717 300 89
0 650 198.807 300 89
0 650 198.898 300 89
0 650 198.998 300 89
0 650 199.086 300 89
0 650 199.186 300 89
0 650 199.276 300 89
0 650 199.367 300 89
0 650 199.451 300 89
0 650 199.541 300 89
0 650 199.632 300 89
0 650 199.721 300 89
0 650 199.805 300 89
0 650 199.897 300 89
0 650 199.992 300 89
0 650 200.084 300 89
0 650 200.162 300 89
0 650 200.246 300 89
0 650 200.338 300 89
0 650 200.433 300 89
0 650 200.523 300 89
0 650 200.607 300 89
0 650 200.697 300 89
0 650 200.817 300 89
0 650 200.912 300 89
0 650 200.994 300 89
0 650 201.083 300 89
0 650 201.156 300 89
0 650 201.241 300 89
0 650 201.328 300 89
0 650 201.408 300 89
0 650 201.508 300 89
0 650 201.602 300 89
0 650 201.695 300 89
0 650 201.779 300 89
0 650 201.866 300 89
0 650 201.952 300 89
0 650 202.036 300 89
0 650 202.119 300 89
0 650 202.21 300 89
0 650 202.294 300 89
0 650 202.371 300 89
0 650 202.454 300 89
0 650 202.543 300 89
0 650 202.625 300 89
0 650 202.706 300 89
0 650 202.795 300 89
0 650 202.888 300 89
0 650 202.993 300 89
0 650 203.096 300 89
0 650 203.15 300 89
0 650 203.241 300 89
0 650 203.347 300 89
0 650 203.449 300 89
0 650 203.543 300 89
0 650 203.633 300 89
0 650 203.725 300 89
0 650 203.828 300 89
0 650 203.934 300 89
0 650 204.022 300 89
0 650 204.109 300 89
0 650 204.207 300 89
0 650 204.307 300 89
0 650 204.403 300 89
0 650 204.478 300 89
0 650 204.568 300 89
0 650 204.653 300 89
0 650 204.744 300 89
0 650 204.837 300 89
0 650 204.938 300 89
0 650 205.029 300 89
0 650 205.114 300 89
0 650 205.201 300 89
0 650 205.335 300 89
0 650 205.423 300 89
0 650 205.517 300 89
0 650 205.6 300 89
0 650 205.682 300 89
0 650 205.767 300 89
0 650 205.846 300 89
0 650 205.941 300 89
0 650 206.034 300 89
0 650 206.121 300 89
0 650 206.231 300 89
0 650 206.335 300 89
0 650 206.424 300 89
0 650 206.56 300 89
0 650 206.649 300 89
0 650 206.738 300 89
0 650 206.833 300 89
0 650 206.942 300 89
0 650 207.033 300 89
0 650 207.128 300 89
0 650 207.215 300 89
0 650 207.269 300 89
0 650 207.355 300 89
0 650 207.443 300 89
0 650 207.542 300 89
0 650 207.63 300 89
0 650 207.719 300 89
0 650 207.806 300 89
0 650 207.891 300 89
0 650 207.977 300 89
0 650 208.072 300 89
0 650 208.176 300 89
0 650 208.276 300 89
0 650 208.359 300 89
0 650 208.456 300 89
0 650 208.565 300 89
0 650 208.662 300 89
0 650 208.748 300 89
0 650 208.841 300 89
0 650 208.932 300 89
0 650 209.021 300 89
0 650 209.112 300 89
0 650 209.216 300 89
0 650 209.309 300 89
0 650 209.406 300 89
0 650 209.502 300 89
0 650 209.589 300 89
0 650 209.679 300 89
0 650 209.771 300 89
0 650 209.865 300 89
0 650 209.958 300 89
0 650 210.042 300 89
0 650 210.136 300 89
0 650 210.233 300 89
0 650 210.337 300 89
0 650 210.441 300 89
0 650 210.55 300 89
0 650 210.653 300 89
0 650 210.75 300 89
0 650 210.866 300 89
0 650 210.987 300 89
0 650 211.087 300 89
0 650 211.189 300 89
0 650 211.28 300 89
0 650 211.368 300 89
0 650 211.469 300 89
0 650 211.575 300 89
0 650 211.665 300 89
0 650 211.759 300 89
0 650 211.852 300 89
0 650 211.94 300 89
0 650 212.026 300 89
0 650 212.109 300 89
0 650 212.197 300 89
0 650 212.285 300 89
0 650 212.376 300 89
0 650 212.46 300 89
0 650 212.541 300 89
0 650 212.636 300 89
0 650 212.74 300 89
0 650 212.839 300 89
0 650 212.951 300 89
0 650 213.048 300 89
0 650 213.17 300 89
0 650 213.272 300 89
0 650 213.394 300 89
0 650 213.513 300 89
0 650 213.603 300 89
0 650 213.704 300 89
0 650 213.805 300 89
0 650 213.91 300 89
0 650 214.023 300 89
0 650 214.122 300 89
0 650 214.216 300 89
0 650 214.314 300 89
0 650 214.404 300 89
0 650 214.498 300 89
0 650 214.594 300 89
0 650 214.674 300 89
0 650 214.77 300 89
0 650 214.867 300 89
0 650 214.96 300 89
0 650 215.05 300 89
0 650 215.145 300 89
0 650 215.233 300 89
0 650 215.325 300 89
0 650 215.431 300 89
0 650 215.529 300 89
0 650 215.658 300 89
0 650 215.764 300 89
0 650 215.869 300 89
0 650 215.996 300 89
0 650 216.108 300 89
0 650 216.201 300 89
0 650 216.333 300 89
0 650 216.443 300 89
0 650 216.526 300 89
0 650 216.643 300 89
0 650 216.762 300 89
0 650 216.854 300 89
0 650 216.944 300 89
0 650 217.031 300 89
0 650 217.126 300 89
0 650 217.222 300 89
0 650 217.319 300 89
0 650 217.423 300 89
0 650 217.512 300 89
0 650 217.607 300 89
0 650 217.694 300 89
0 650 217.788 300 89
0 650 217.875 300 89
0 650 217.968 300 89
0 650 218.061 300 89
0 650 218.157 300 89
0 650 218.244 300 89
0 650 218.331 300 89
0 650 218.426 300 89
0 650 218.528 300 89
0 650 218.646 300 89
0 650 218.749 300 89
0 650 218.848 300 89
0 650 218.942 300 89
0 650 219.031 300 89
0 650 219.111 300 89
0 650 219.21 300 89
0 650 219.309 300 89
0 650 219.401 300 89
0 650 219.496 300 89
0 650 219.59 300 89
0 650 219.683 300 89
0 650 219.776 300 89
0 650 219.874 300 89
0 650 219.963 300 89
0 650 220.056 300 89
0 650 220.152 300 89
0 650 220.25 300 89
0 650 220.349 300 89
0 650 220.447 300 89
0 650 220.566 300 89
0 650 220.677 300 89
0 650 220.78 300 89
0 650 220.886 300 89
0 650 221 300 89
0 650 221.116 300 89
0 650 221.22 300 89
0 650 221.316 300 89
0 650 221.441 300 89
0 650 221.556 300 89
0 650 221.667 300 89
0 650 221.776 300 89
0 650 221.894 300 89
0 650 222.001 300 89
0 650 222.109 300 89
0 650 222.212 300 89
0 650 222.308 300 89
0 650 222.403 300 89
0 650 222.503 300 89
0 650 222.598 300 89
0 650 222.701 300 89
0 650 222.796 300 89
0 650 222.888 300 89
0 650 222.985 300 89
0 650 223.072 300 89
0 650 223.166 300 89
0 650 223.264 300 89
0 650 223.359 300 89
0 650 223.437 300 89
0 650 223.506 300 89
0 650 223.574 300 89
0 650 223.636 300 89
0 650 223.707 300 89
0 650 223.772 300 89
0 650 223.836 300 89
0 650 223.903 300 89
0 650 223.964 300 89
0 650 224.027 300 89
0 650 224.094 300 89
0 650 224.162 300 89
0 650 224.224 300 89
0 650 224.29 300 89
0 650 224.364 300 89
0 650 224.437 300 89
0 650 224.499 300 89
0 650 224.567 300 89
0 650 224.642 300 89
0 650 224.711 300 89
0 650 224.778 300 89
0 650 224.842 300 89
0 650 224.929 300 89
0 650 225.017 300 89
0 650 225.123 300 89
0 650 225.222 300 89
0 650 225.315 300 89
0 650 225.4 300 89
0 650 225.497 300 89
0 650 225.593 300 89
0 650 225.656 300 89
0 650 225.759 300 89
0 650 225.888 300 89
0 650 225.958 300 89
0 650 226.027 300 89
0 650 226.092 300 89
0 650 226.157 300 89
0 650 226.224 300 89
0 650 226.293 300 89
0 650 226.36 300 89
0 650 226.433 300 89
0 650 226.499 300 89
0 650 226.566 300 89
0 650 226.636 300 89
0 650 226.704 300 89
0 650 226.77 300 89
0 650 226.84 300 89
0 650 226.904 300 89
0 650 226.973 300 89
0 650 227.047 300 89
0 650 227.159 300 89
0 650 227.302 300 89
0 650 227.422 300 89
0 650 227.556 300 89
0 650 227.685 300 89
0 650 227.82 300 89
0 650 227.956 300 89
0 650 228.077 300 89
0 650 228.192 300 89
0 650 228.303 300 89
0 650 228.413 300 89
0 650 228.53 300 89
0 650 228.637 300 89
0 650 228.746 300 89
0 650 228.869 300 89
0 650 228.994 300 89
0 650 229.124 300 89
0 650 229.264 300 89
0 650 229.38 300 89
0 650 229.51 300 89
0 650 229.64 300 89
0 650 229.772 300 89
0 650 229.895 300 89
0 650 230.03 300 89
0 650 230.142 300 89
0 650 230.246 300 89
0 650 230.369 300 89
0 650 230.49 300 89
0 650 230.604 300 89
0 650 230.727 300 89
0 650 230.844 300 89
0 650 230.974 300 89
0 650 231.113 300 89
0 650 231.25 300 89
0 650 231.381 300 89
0 650 231.513 300 89
0 650 231.636 300 89
0 650 231.749 300 89
0 650 231.878 300 89
0 650 231.994 300 89
0 650 232.112 300 89
0 650 232.231 300 89
0 650 232.35 300 89
0 650 232.463 300 89
0 650 232.579 300 89
0 650 232.699 300 89
0 650 232.816 300 89
0 650 232.955 300 89
0 650 233.09 300 89
0 650 233.177 300 89
0 650 233.316 300 89
0 650 233.433 300 89
0 650 233.55 300 89
0 650 233.688 300 89
0 650 233.826 300 89
0 650 233.942 300 89
0 650 234.06 300 89
0 650 234.235 300 89
0 650 234.352 300 89
0 650 234.475 300 89
0 650 234.583 300 89
0 650 234.706 300 89
0 650 234.831 300 89
0 650 234.941 300 89
0 650 235.059 300 89
0 650 235.172 300 89
0 650 235.279 300 89
0 650 235.39 300 89
0 650 235.52 300 89
0 650 235.646 300 89
0 650 235.757 300 89
0 650 235.875 300 89
0 650 236.002 300 89
0 650 236.126 300 89
0 650 236.253 300 89
0 650 236.391 300 89
0 650 236.517 300 89
0 650 236.638 300 89
0 650 236.754 300 89
0 650 236.897 300 89
0 650 237.091 300 89
0 650 237.211 300 89
0 650 237.332 300 89
0 650 237.444 300 89
0 650 237.567 300 89
0 650 237.684 300 89
0 650 237.817 300 89
0 650 237.926 300 89
0 650 238.038 300 89
0 650 238.146 300 89
0 650 238.259 300 89
0 650 238.362 300 89
0 650 238.458 300 89
0 650 238.558 300 89
0 650 238.649 300 89
0 650 238.752 300 89
0 650 238.848 300 89
0 650 238.943 300 89
0 650 239.013 300 89
0 650 239.104 300 89
0 650 239.214 300 89
0 650 239.319 300 89
0 650 239.426 300 89
0 650 239.518 300 89
0 650 239.609 300 89
0 650 239.699 300 89
0 650 239.779 300 89
0 650 239.867 300 89
0 650 239.958 300 89
0 650 240.048 300 89
0 650 240.132 300 89
0 650 240.243 300 89
0 650 240.356 300 89
0 650 240.449 300 89
0 650 240.555 300 89
0 650 240.65 300 89
0 650 240.758 300 89
0 650 240.861 300 89
0 650 240.954 300 89
0 650 241.036 300 89
0 650 241.144 300 89
0 650 241.263 300 89
0 650 241.348 300 89
0 650 241.452 300 89
0 650 241.542 300 89
0 650 241.626 300 89
0 650 241.725 300 89
0 650 241.826 300 89
0 650 241.917 300 89
0 650 241.999 300 89
0 650 242.104 300 89
0 650 242.234 300 89
0 650 242.34 300 89
0 650 242.446 300 89
0 650 242.552 300 89
0 650 242.691 300 89
0 650 242.803 300 89
0 650 242.893 300 89
0 650 242.994 300 89
0 650 243.089 300 89
0 650 243.185 300 89
0 650 243.295 300 89
0 650 243.394 300 89
0 650 243.487 300 89
0 650 243.584 300 89
0 650 243.678 300 89
0 650 243.795 300 89
0 650 243.913 300 89
0 650 244.002 300 89
0 650 244.115 300 89
0 650 244.216 300 89
0 650 244.308 300 89
0 650 244.404 300 89
0 650 244.505 300 89
0 650 244.598 300 89
0 650 244.697 300 89
0 650 244.796 300 89
0 650 244.886 300 89
0 650 244.974 300 89
0 650 245.056 300 89
0 650 245.152 300 89
0 650 245.243 300 89
0 650 245.335 300 89
0 650 245.426 300 89
0 650 245.516 300 89
0 650 245.605 300 89
0 650 245.692 300 89
0 650 245.785 300 89
0 650 245.872 300 89
0 650 245.963 300 89
0 650 246.054 300 89
0 650 246.15 300 89
0 650 246.243 300 89
0 650 246.336 300 89
0 650 246.428 300 89
0 650 246.517 300 89
0 650 246.611 300 89
0 650 246.706 300 89
0 650 246.806 300 89
0 650 246.892 300 89
0 650 246.988 300 89
0 650 247.085 300 89
0 650 247.17 300 89
0 650 247.266 300 89
0 650 247.353 300 89
0 650 247.439 300 89
0 650 247.533 300 89
0 650 247.624 300 89
0 650 247.731 300 89
0 650 247.821 300 89
0 650 247.909 300 89
0 650 247.993 300 89
0 650 248.084 300 89
0 650 248.17 300 89
0 650 248.255 300 89
0 650 248.34 300 89
0 650 248.427 300 89
0 650 248.512 300 89
0 650 248.601 300 89
0 650 248.693 300 89
0 650 248.792 300 89
0 650 248.885 300 89
0 650 248.978 300 89
0 650 249.065 300 89
0 650 249.148 300 89
0 650 249.239 300 89
0 650 249.331 300 89
0 650 249.411 300 89
0 650 249.493 300 89
0 650 249.579 300 89
0 650 249.672 300 89
0 650 249.759 300 89
0 650 249.863 300 89
0 650 249.955 300 89
0 650 250.048 300 89
0 650 250.137 300 89
0 650 250.233 300 89
0 650 250.304 300 89
0 650 250.393 300 89
0 650 250.488 300 89
0 650 250.571 300 89
0 650 250.659 300 89
0 650 250.746 300 89
0 650 250.841 300 89
0 650 250.93 300 89
0 650 251.018 300 89
0 650 251.105 300 89
0 650 251.201 300 89
0 650 251.296 300 89
0 650 251.393 300 89
0 650 251.473 300 89
0 650 251.562 300 89
0 650 251.659 300 89
0 650 251.751 300 89
0 650 251.872 300 89
0 650 251.967 300 89
0 650 252.061 300 89
0 650 252.145 300 89
0 650 252.208 300 89
0 650 252.29 300 89
0 650 252.383 300 89
0 650 252.479 300 89
0 650 252.575 300 89
0 650 252.668 300 89
0 650 252.762 300 89
0 650 252.85 300 89
0 650 252.943 300 89
0 650 253.043 300 89
0 650 253.139 300 89
0 650 253.226 300 89
0 650 253.31 300 89
0 650 253.4 300 89
0 650 253.499 300 89
0 650 253.589 300 89
0 650 253.678 300 89
0 650 253.775 300 89
0 650 253.86 300 89
0 650 253.947 300 89
0 650 254.039 300 89
0 650 254.136 300 89
0 650 254.224 300 89
0 650 254.319 300 89
0 650 254.42 300 89
0 650 254.513 300 89
0 650 254.607 300 89
0 650 254.689 300 89
0 650 254.781 300 89
0 650 254.869 300 89
0 650 254.963 300 89
0 650 255.099 300 89
0 650 255.197 300 89
0 650 255.284 300 89
0 650 255.378 300 89
0 650 255.469 300 89
0 650 255.556 300 89
0 650 255.637 300 89
0 650 255.702 300 89
0 650 255.778 300 89
0 650 255.873 300 89
0 650 256.016 300 89
0 650 256.097 300 89
0 650 256.185 300 89
0 650 256.273 300 89
0 650 256.36 300 89
0 650 256.457 300 89
0 650 256.541 300 89
0 650 256.627 300 89
0 650 256.718 300 89
0 650 256.823 300 89
0 650 256.916 300 89
0 650 257.016 300 89
0 650 257.11 300 89
0 650 257.206 300 89
0 650 257.297 300 89
0 650 257.391 300 89
0 650 257.485 300 89
0 650 257.571 300 89
0 650 257.669 300 89
0 650 257.777 300 89
0 650 257.873 300 89
0 650 257.927 300 89
0 650 257.992 300 89
0 650 258.078 300 89
0 650 258.162 300 89
0 650 258.251 300 89
0 650 258.346 300 89
0 650 258.434 300 89
0 650 258.538 300 89
0 650 258.629 300 89
0 650 258.72 300 89
0 650 258.813 300 89
0 650 258.913 300 89
0 650 259.01 300 89
0 650 259.15 300 89
0 650 259.243 300 89
0 650 259.337 300 89
0 650 259.429 300 89
0 650 259.518 300 89
0 650 259.612 300 89
0 650 259.698 300 89
0 650 259.793 300 89
0 650 259.884 300 89
0 650 259.978 300 89
0 650 260.07 300 89
0 650 260.167 300 89
0 650 260.257 300 89
0 650 260.329 300 89
0 650 260.42 300 89
0 650 260.516 300 89
0 650 260.606 300 89
0 650 260.697 300 89
0 650 260.764 300 89
0 650 260.83 300 89
0 650 260.902 300 89
0 650 260.972 300 89
0 650 261.038 300 89
0 650 261.101 300 89
0 650 261.162 300 89
0 650 261.228 300 89
0 650 261.291 300 89
0 650 261.356 300 89
0 650 261.424 300 89
0 650 261.487 300 89
0 650 261.546 300 89
0 650 261.604 300 89
0 650 261.671 300 89
0 650 261.742 300 89
0 650 261.805 300 89
0 650 261.867 300 89
0 650 261.931 300 89
0 650 261.991 300 89
0 650 262.057 300 89
0 650 262.12 300 89
0 650 262.185 300 89
0 650 262.246 300 89
0 650 262.313 300 89
0 650 262.38 300 89
0 650 262.442 300 89
0 650 262.507 300 89
0 650 262.568 300 89
0 650 262.632 300 89
0 650 262.727 300 89
0 650 262.823 300 89
0 650 262.937 300 89
0 650 263.024 300 89
0 650 263.12 300 89
0 650 263.212 300 89
0 650 263.299 300 89
0 650 263.39 300 89
0 650 263.48 300 89
0 650 263.581 300 89
0 650 263.676 300 89
0 650 263.773 300 89
0 650 263.854 300 89
0 650 263.945 300 89
0 650 264.03 300 89
0 650 264.131 300 89
0 650 264.226 300 89
0 650 264.313 300 89
0 650 264.406 300 89
0 650 264.507 300 89
0 650 264.607 300 89
0 650 264.706 300 89
0 650 264.795 300 89
0 650 264.892 300 89
0 650 264.976 300 89
0 650 265.072 300 89
0 650 265.153 300 89
0 650 265.241 300 89
0 650 265.328 300 89
0 650 265.409 300 89
0 650 265.5 300 89
0 650 265.584 300 89
0 650 265.671 300 89
0 650 265.758 300 89
0 650 265.861 300 89
0 650 265.973 300 89
0 650 266.077 300 89
0 650 266.171 300 89
0 650 266.281 300 89
0 650 266.398 300 89
0 650 266.498 300 89
0 650 266.588 300 89
0 650 266.702 300 89
0 650 266.795 300 89
0 650 266.896 300 89
0 650 266.993 300 89
0 650 267.078 300 89
0 650 267.143 300 89
0 650 267.206 300 89
0 650 267.273 300 89
0 650 267.342 300 89
0 650 267.41 300 89
0 650 267.482 300 89
0 650 267.553 300 89
0 650 267.619 300 89
0 650 267.676 300 89
0 650 267.744 300 89
0 650 267.803 300 89
0 650 267.864 300 89
0 650 267.926 300 89
0 650 267.989 300 89
0 650 268.054 300 89
0 650 268.117 300 89
0 650 268.182 300 89
0 650 268.24 300 89
0 650 268.303 300 89
0 650 268.364 300 89
0 650 268.422 300 89
0 650 268.485 300 89
0 650 268.55 300 89
0 650 268.617 300 89
0 650 268.681 300 89
0 650 268.753 300 89
0 650 268.845 300 89
0 650 268.944 300 89
0 650 269.039 300 89
0 650 269.133 300 89
0 650 269.233 300 89
0 650 269.337 300 89
0 650 269.439 300 89
0 650 269.534 300 89
0 650 269.637 300 89
0 650 269.733 300 89
0 650 269.839 300 89
0 650 269.948 300 89
0 650 270.043 300 89
0 650 270.125 300 89
0 650 270.219 300 89
0 650 270.311 300 89
0 650 270.379 300 89
0 650 270.441 300 89
0 650 270.504 300 89
0 650 270.572 300 89
0 650 270.628 300 89
0 650 270.701 300 89
0 650 270.785 300 89
0 650 270.875 300 89
0 650 270.97 300 89
0 650 271.046 300 89
0 650 271.122 300 89
0 650 271.216 300 89
0 650 271.305 300 89
0 650 271.394 300 89
0 650 271.524 300 89
0 650 271.629 300 89
0 650 271.724 300 89
0 650 271.825 300 89
0 650 271.939 300 89
0 650 272.049 300 89
0 650 272.14 300 89
0 650 272.224 300 89
0 650 272.308 300 89
0 650 272.394 300 89
0 650 272.476 300 89
0 650 272.571 300 89
0 650 272.655 300 89
0 650 272.748 300 89
0 650 272.84 300 89
0 650 272.93 300 89
0 650 273.021 300 89
0 650 273.112 300 89
0 650 273.207 300 89
0 650 273.302 300 89
0 650 273.395 300 89
0 650 273.522 300 89
0 650 273.621 300 89
0 650 273.682 300 89
0 650 273.768 300 89
0 650 273.862 300 89
0 650 273.947 300 89
0 650 274.045 300 89
0 650 274.133 300 89
0 650 274.217 300 89
0 650 274.308 300 89
0 650 274.392 300 89
0 650 274.486 300 89
0 650 274.573 300 89
0 650 274.658 300 89
0 650 274.749 300 89
0 650 274.825 300 89
0 650 274.912 300 89
0 650 274.997 300 89
0 650 275.057 300 89
0 650 275.113 300 89
0 650 275.175 300 89
0 650 275.238 300 89
0 650 275.3 300 89
0 650 275.364 300 89
0 650 275.431 300 89
0 650 275.5 300 89
0 650 275.563 300 89
0 650 275.624 300 89
0 650 275.7 300 89
0 650 275.792 300 89
0 650 275.886 300 89
0 650 275.976 300 89
0 650 276.075 300 89
0 650 276.171 300 89
0 650 276.257 300 89
0 650 276.35 300 89
0 650 276.45 300 89
0 650 276.533 300 89
0 650 276.589 300 89
0 650 276.65 300 89
0 650 276.707 300 89
0 650 276.771 300 89
0 650 276.835 300 89
0 650 276.9 300 89
0 650 276.962 300 89
0 650 277.03 300 89
0 650 277.095 300 89
0 650 277.162 300 89
0 650 277.229 300 89
0 650 277.288 300 89
0 650 277.353 300 89
0 650 277.416 300 89
0 650 277.482 300 89
0 650 277.542 300 89
0 650 277.597 300 89
0 650 277.661 300 89
0 650 277.721 300 89
0 650 277.785 300 89
0 650 277.848 300 89
0 650 277.909 300 89
0 650 277.971 300 89
0 650 278.035 300 89
0 650 278.099 300 89
0 650 278.166 300 89
0 650 278.236 300 89
0 650 278.303 300 89
0 650 278.375 300 89
0 650 278.436 300 89
0 650 278.502 300 89
0 650 278.566 300 89
0 650 278.619 300 89
0 650 278.679 300 89
0 650 278.74 300 89
0 650 278.799 300 89
0 650 278.86 300 89
0 650 278.915 300 89
0 650 278.977 300 89
0 650 279.04 300 89
0 650 279.104 300 89
0 650 279.189 300 89
0 650 279.273 300 89
0 650 279.373 300 89
0 650 279.454 300 89
0 650 279.54 300 89
0 650 279.625 300 89
0 650 279.712 300 89
0 650 279.807 300 89
0 650 279.894 300 89
0 650 279.985 300 89
0 650 280.075 300 89
0 650 280.161 300 89
0 650 280.252 300 89
0 650 280.351 300 89
0 650 280.437 300 89
0 650 280.531 300 89
0 650 280.628 300 89
0 650 280.722 300 89
0 650 280.873 300 89
0 650 280.965 300 89
0 650 281.05 300 89
0 650 281.14 300 89
0 650 281.234 300 89
0 650 281.333 300 89
0 650 281.425 300 89
0 650 281.54 300 89
0 650 281.637 300 89
0 650 281.765 300 89
0 650 281.858 300 89
0 650 281.94 300 89
0 650 282.032 300 89
0 650 282.116 300 89
0 650 282.202 300 89
0 650 282.284 300 89
0 650 282.378 300 89
0 650 282.466 300 89
0 650 282.561 300 89
0 650 282.653 300 89
0 650 282.751 300 89
0 650 282.849 300 89
0 650 282.94 300 89
0 650 283.023 300 89
0 650 283.122 300 89
0 650 283.209 300 89
0 650 283.302 300 89
0 650 283.395 300 89
0 650 283.482 300 89
0 650 283.576 300 89
0 650 283.66 300 89
0 650 283.752 300 89
0 650 283.843 300 89
0 650 283.932 300 89
0 650 284.009 300 89
0 650 284.089 300 89
0 650 284.174 300 89
0 650 284.27 300 89
0 650 284.358 300 89
0 650 284.451 300 89
0 650 284.546 300 89
0 650 284.631 300 89
0 650 284.729 300 89
0 650 284.836 300 89
0 650 284.96 300 89
0 650 285.049 300 89
0 650 285.139 300 89
0 650 285.226 300 89
0 650 285.32 300 89
0 650 285.411 300 89
0 650 285.501 300 89
0 650 285.596 300 89
0 650 285.684 300 89
0 650 285.784 300 89
0 650 285.872 300 89
0 650 285.955 300 89
0 650 286.044 300 89
0 650 286.129 300 89
0 650 286.207 300 89
0 650 286.292 300 89
0 650 286.388 300 89
0 650 286.469 300 89
0 650 286.564 300 89
0 650 286.655 300 89
0 650 286.737 300 89
0 650 286.826 300 89
0 650 286.924 300 89
0 650 287.013 300 89
0 650 287.104 300 89
0 650 287.195 300 89
0 650 287.29 300 89
0 650 287.384 300 89
0 650 287.469 300 89
0 650 287.56 300 89
0 650 287.664 300 89
0 650 287.757 300 89
0 650 287.842 300 89
0 650 287.929 300 89
0 650 288.003 300 89
0 650 288.094 300 89
0 650 288.185 300 89
0 650 288.278 300 89
0 650 288.363 300 89
0 650 288.446 300 89
0 650 288.527 300 89
0 650 288.615 300 89
0 650 288.702 300 89
0 650 288.796 300 89
0 650 288.878 300 89
0 650 288.968 300 89
0 650 289.057 300 89
0 650 289.144 300 89
0 650 289.241 300 89
0 650 289.329 300 89
0 650 289.422 300 89
0 650 289.501 300 89
0 650 289.589 300 89
0 650 289.686 300 89
0 650 289.779 300 89
0 650 289.87 300 89
0 650 289.962 300 89
0 650 290.06 300 89
0 650 290.185 300 89
0 650 290.281 300 89
0 650 290.365 300 89
0 650 290.457 300 89
0 650 290.543 300 89
0 650 290.633 300 89
0 650 290.718 300 89
0 650 290.807 300 89
0 650 290.893 300 89
0 650 290.988 300 89
0 650 291.076 300 89
0 650 291.157 300 89
0 650 291.248 300 89
0 650 291.341 300 89
0 650 291.42 300 89
0 650 291.503 300 89
0 650 291.579 300 89
0 650 291.665 300 89
0 650 291.749 300 89
0 650 291.893 300 89
0 650 291.982 300 89
0 650 292.074 300 89
0 650 292.169 300 89
0 650 292.257 300 89
0 650 292.344 300 89
0 650 292.438 300 89
0 650 292.528 300 89
0 650 292.591 300 89
0 650 292.694 300 89
0 650 292.797 300 89
0 650 292.887 300 89
0 650 292.978 300 89
0 650 293.073 300 89
0 650 293.151 300 89
0 650 293.237 300 89
0 650 293.321 300 89
0 650 293.406 300 89
0 650 293.501 300 89
0 650 293.579 300 89
0 650 293.665 300 89
0 650 293.754 300 89
0 650 293.84 300 89
0 650 293.934 300 89
0 650 294.023 300 89
0 650 294.119 300 89
0 650 294.235 300 89
0 650 294.325 300 89
0 650 294.418 300 89
0 650 294.511 300 89
0 650 294.6 300 89
0 650 294.693 300 89
0 650 294.784 300 89
0 650 294.881 300 89
0 650 294.975 300 89
0 650 295.071 300 89
0 650 295.157 300 89
0 650 295.245 300 89
0 650 295.334 300 89
0 650 295.412 300 89
0 650 295.502 300 89
0 650 295.588 300 89
0 650 295.672 300 89
0 650 295.763 300 89
0 650 295.847 300 89
0 650 295.943 300 89
0 650 296.025 300 89
0 650 296.119 300 89
0 650 296.214 300 89
0 650 296.306 300 89
0 650 296.401 300 89
0 650 296.502 300 89
0 650 296.598 300 89
0 650 296.659 300 89
0 650 296.742 300 89
0 650 296.84 300 89
0 650 296.933 300 89
0 650 297.02 300 89
0 650 297.111 300 89
0 650 297.196 300 89
0 650 297.275 300 89
0 650 297.37 300 89
0 650 297.468 300 89
0 650 297.56 300 89
0 650 297.631 300 89
0 650 297.717 300 89
0 650 297.803 300 89
0 650 297.887 300 89
0 650 297.984 300 89
0 650 298.081 300 89
0 650 298.193 300 89
0 650 298.281 300 89
0 650 298.37 300 89
0 650 298.465 300 89
0 650 298.545 300 89
0 650 298.643 300 89
0 650 298.732 300 89
0 650 298.814 300 89
0 650 298.906 300 89
0 650 299.001 300 89
0 650 299.087 300 89
0 650 299.182 300 89
0 650 299.275 300 89
0 650 299.362 300 89
0 650 299.441 300 89
0 650 299.531 300 89
0 650 299.594 300 89
0 650 299.679 300 89
0 650 299.768 300 89
0 650 299.859 300 89
0 650 299.948 300 89
0 650 300.036 300 89
0 650 300.125 300 89
0 650 300.216 300 89
0 650 300.302 300 89
0 650 300.387 300 89
0 650 300.488 300 89
0 650 300.574 300 89
0 650 300.66 300 89
0 650 300.739 300 89
0 650 300.822 300 89
0 650 300.911 300 89
0 650 301.004 300 89
0 650 301.1 300 89
0 650 301.182 300 89
0 650 301.271 300 89
0 650 301.358 300 89
0 650 301.436 300 89
0 650 301.526 300 89
0 650 301.599 300 89
0 650 301.682 300 89
0 650 301.77 300 89
0 650 301.851 300 89
0 650 301.956 300 89
0 650 302.05 300 89
0 650 302.136 300 89
0 650 302.227 300 89
0 650 302.314 300 89
0 650 302.394 300 89
0 650 302.482 300 89
0 650 302.565 300 89
0 650 302.636 300 89
0 650 302.717 300 89
0 650 302.804 300 89
0 650 302.888 300 89
0 650 302.979 300 89
0 650 303.065 300 89
0 650 303.156 300 89
0 650 303.249 300 89
0 650 303.364 300 89
0 650 303.475 300 89
0 650 303.571 300 89
0 650 303.647 300 89
0 650 303.738 300 89
0 650 303.822 300 89
0 650 303.907 300 89
0 650 303.998 300 89
0 650 304.087 300 89
0 650 304.19 300 89
0 650 304.288 300 89
0 650 304.393 300 89
0 650 304.488 300 89
0 650 304.579 300 89
0 650 304.666 300 89
0 650 304.757 300 89
0 650 304.854 300 89
0 650 304.94 300 89
0 650 305.034 300 89
0 650 305.118 300 89
0 650 305.209 300 89
0 650 305.303 300 89
0 650 305.398 300 89
0 650 305.484 300 89
0 650 305.581 300 89
0 650 305.676 300 89
0 650 305.759 300 89
0 650 305.857 300 89
0 650 305.973 300 89
0 650 306.075 300 89
0 650 306.161 300 89
0 650 306.245 300 89
0 650 306.329 300 89
0 650 306.41 300 89
0 650 306.5 300 89
0 650 306.589 300 89
0 650 306.684 300 89
0 650 306.783 300 89
0 650 306.883 300 89
0 650 306.97 300 89
0 650 307.053 300 89
0 650 307.142 300 89
0 650 307.224 300 89
0 650 307.316 300 89
0 650 307.405 300 89
0 650 307.491 300 89
0 650 307.573 300 89
0 650 307.659 300 89
0 650 307.746 300 89
0 650 307.835 300 89
0 650 307.935 300 89
0 650 308.044 300 89
0 650 308.133 300 89
0 650 308.239 300 89
0 650 308.351 300 89
0 650 308.452 300 89
0 650 308.538 300 89
0 650 308.628 300 89
0 650 308.719 300 89
0 650 308.808 300 89
0 650 308.907 300 89
0 650 309.005 300 89
0 650 309.097 300 89
0 650 309.261 300 89
0 650 309.384 300 89
0 650 309.483 300 89
0 650 309.575 300 89
0 650 309.682 300 89
0 650 309.775 300 89
0 650 309.858 300 89
0 650 309.951 300 89
0 650 310.044 300 89
0 650 310.132 300 89
0 650 310.222 300 89
0 650 310.312 300 89
0 650 310.401 300 89
0 650 310.495 300 89
0 650 310.592 300 89
0 650 310.688 300 89
0 650 310.779 300 89
0 650 310.872 300 89
0 650 310.974 300 89
0 650 311.077 300 89
0 650 311.169 300 89
0 650 311.249 300 89
0 650 311.334 300 89
0 650 311.415 300 89
0 650 311.509 300 89
0 650 311.599 300 89
0 650 311.692 300 89
0 650 311.791 300 89
0 650 311.907 300 89
0 650 312 300 89
0 650 312.081 300 89
0 650 312.169 300 89
0 650 312.262 300 89
0 650 312.351 300 89
0 650 312.449 300 89
0 650 312.542 300 89
0 650 312.635 300 89
0 650 312.714 300 89
0 650 312.79 300 89
0 650 312.848 300 89
0 650 312.915 300 89
0 650 312.978 300 89
0 650 313.04 300 89
0 650 313.105 300 89
0 650 313.167 300 89
0 650 313.229 300 89
0 650 313.286 300 89
0 650 313.351 300 89
0 650 313.416 300 89
0 650 313.48 300 89
0 650 313.546 300 89
0 650 313.625 300 89
0 650 313.685 300 89
0 650 313.753 300 89
0 650 313.822 300 89
0 650 313.889 300 89
0 650 313.956 300 89
0 650 314.021 300 89
0 650 314.085 300 89
0 650 314.151 300 89
0 650 314.215 300 89
0 650 314.278 300 89
0 650 314.346 300 89
0 650 314.408 300 89
0 650 314.476 300 89
0 650 314.534 300 89
0 650 314.597 300 89
0 650 314.659 300 89
0 650 314.719 300 89
0 650 314.782 300 89
0 650 314.848 300 89
0 650 314.907 300 89
0 650 314.969 300 89
0 650 315.034 300 89
0 650 315.101 300 89
0 650 315.164 300 89
0 650 315.227 300 89
0 650 315.289 300 89
0 650 315.353 300 89
0 650 315.417 300 89
0 650 315.477 300 89
0 650 315.535 300 89
0 650 315.596 300 89
0 650 315.66 300 89
0 650 315.72 300 89
0 650 315.785 300 89
0 650 315.845 300 89
0 650 315.884 300 89
0 650 315.946 300 89
0 650 316.009 300 89
0 650 316.079 300 89
0 650 316.166 300 89
0 650 316.255 300 89
0 650 316.345 300 89
0 650 316.432 300 89
0 650 316.522 300 89
0 650 316.599 300 89
0 650 316.683 300 89
0 650 316.776 300 89
0 650 316.871 300 89
0 650 316.969 300 89
0 650 317.061 300 89
0 650 317.159 300 89
0 650 317.289 300 89
0 650 317.381 300 89
0 650 317.473 300 89
0 650 317.576 300 89
0 650 317.669 300 89
0 650 317.763 300 89
0 650 317.859 300 89
0 650 317.952 300 89
0 650 318.035 300 89
0 650 318.122 300 89
0 650 318.21 300 89
0 650 318.293 300 89
0 650 318.386 300 89
0 650 318.476 300 89
0 650 318.544 300 89
0 650 318.624 300 89
0 650 318.705 300 89
0 650 318.79 300 89
0 650 318.873 300 89
0 650 318.952 300 89
0 650 319.048 300 89
0 650 319.145 300 89
0 650 319.234 300 89
0 650 319.329 300 89
0 650 319.425 300 89
0 650 319.511 300 89
0 650 319.606 300 89
0 650 319.702 300 89
0 650 319.796 300 89
0 650 319.88 300 89
0 650 319.973 300 89
0 650 320.063 300 89
0 650 320.145 300 89
0 650 320.212 300 89
0 650 320.277 300 89
0 650 320.337 300 89
0 650 320.399 300 89
0 650 320.457 300 89
0 650 320.518 300 89
0 650 320.583 300 89
0 650 320.644 300 89
0 650 320.703 300 89
0 650 320.762 300 89
0 650 320.823 300 89
0 650 320.885 300 89
0 650 320.943 300 89
0 650 321.004 300 89
0 650 321.066 300 89
0 650 321.129 300 89
0 650 321.231 300 89
0 650 321.319 300 89
0 650 321.432 300 89
0 650 321.555 300 89
0 650 321.683 300 89
0 650 321.811 300 89
0 650 321.919 300 89
0 650 322.027 300 89
0 650 322.137 300 89
0 650 322.248 300 89
0 650 322.344 300 89
0 650 322.429 300 89
0 650 322.52 300 89
0 650 322.6 300 89
0 650 322.685 300 89
0 650 322.777 300 89
0 650 322.858 300 89
0 650 322.948 300 89
0 650 323.049 300 89
0 650 323.139 300 89
0 650 323.22 300 89
0 650 323.306 300 89
0 650 323.4 300 89
0 650 323.494 300 89
0 650 323.586 300 89
0 650 323.684 300 89
0 650 323.781 300 89
0 650 323.878 300 89
0 650 323.973 300 89
0 650 324.094 300 89
0 650 324.2 300 89
0 650 324.288 300 89
0 650 324.368 300 89
0 650 324.456 300 89
0 650 324.538 300 89
0 650 324.625 300 89
0 650 324.712 300 89
0 650 324.79 300 89
0 650 324.88 300 89
0 650 325.026 300 89
0 650 325.136 300 89
0 650 325.225 300 89
0 650 325.313 300 89
0 650 325.402 300 89
0 650 325.486 300 89
0 650 325.552 300 89
0 650 325.614 300 89
0 650 325.707 300 89
0 650 325.791 300 89
0 650 325.877 300 89
0 650 325.965 300 89
0 650 326.052 300 89
0 650 326.153 300 89
0 650 326.259 300 89
0 650 326.361 300 89
0 650 326.458 300 89
0 650 326.555 300 89
0 650 326.663 300 89
0 650 326.762 300 89
0 650 326.845 300 89
0 650 326.929 300 89
0 650 327.012 300 89
0 650 327.098 300 89
0 650 327.183 300 89
0 650 327.275 300 89
0 650 327.356 300 89
0 650 327.446 300 89
0 650 327.534 300 89
0 650 327.627 300 89
0 650 327.715 300 89
0 650 327.802 300 89
0 650 327.893 300 89
0 650 327.981 300 89
0 650 328.073 300 89
0 650 328.171 300 89
0 650 328.263 300 89
0 650 328.349 300 89
0 650 328.445 300 89
0 650 328.542 300 89
0 650 328.643 300 89
0 650 328.771 300 89
0 650 328.891 300 89
0 650 329.022 300 89
0 650 329.136 300 89
0 650 329.22 300 89
0 650 329.301 300 89
0 650 329.39 300 89
0 650 329.475 300 89
0 650 329.563 300 89
0 650 329.643 300 89
0 650 329.73 300 89
0 650 329.825 300 89
0 650 329.91 300 89
0 650 329.998 300 89
0 650 330.09 300 89
0 650 330.181 300 89
0 650 330.307 300 89
0 650 330.394 300 89
0 650 330.477 300 89
0 650 330.581 300 89
0 650 330.665 300 89
0 650 330.752 300 89
0 650 330.814 300 89
0 650 330.871 300 89
0 650 330.931 300 89
0 650 330.992 300 89
0 650 331.054 300 89
0 650 331.105 300 89
0 650 331.183 300 89
0 650 331.258 300 89
0 650 331.346 300 89
0 650 331.433 300 89
0 650 331.514 300 89
0 650 331.596 300 89
0 650 331.678 300 89
0 650 331.769 300 89
0 650 331.849 300 89
0 650 331.941 300 89
0 650 332.041 300 89
0 650 332.126 300 89
0 650 332.218 300 89
0 650 332.306 300 89
0 650 332.399 300 89
0 650 332.485 300 89
0 650 332.577 300 89
0 650 332.661 300 89
0 650 332.751 300 89
0 650 332.834 300 89
0 650 332.925 300 89
0 650 333.024 300 89
0 650 333.121 300 89
0 650 333.211 300 89
0 650 333.302 300 89
0 650 333.385 300 89
0 650 333.478 300 89
0 650 333.567 300 89
0 650 333.658 300 89
0 650 333.744 300 89
0 650 333.837 300 89
0 650 333.927 300 89
0 650 334.019 300 89
0 650 334.112 300 89
0 650 334.206 300 89
0 650 334.262 300 89
0 650 334.348 300 89
0 650 334.433 300 89
0 650 334.515 300 89
0 650 334.607 300 89
0 650 334.696 300 89
0 650 334.787 300 89
0 650 334.865 300 89
0 650 334.95 300 89
0 650 335.031 300 89
0 650 335.122 300 89
0 650 335.211 300 89
0 650 335.274 300 89
0 650 335.335 300 89
0 650 335.396 300 89
0 650 335.431 300 89
0 650 335.493 300 89
0 650 335.562 300 89
0 650 335.62 300 89
0 650 335.688 300 89
0 650 335.746 300 89
0 650 335.805 300 89
0 650 335.867 300 89
0 650 335.929 300 89
0 650 335.988 300 89
0 650 336.049 300 89
0 650 336.137 300 89
0 650 336.229 300 89
0 650 336.319 300 89
0 650 336.398 300 89
0 650 336.484 300 89
0 650 336.572 300 89
0 650 336.66 300 89
0 650 336.748 300 89
0 650 336.84 300 89
0 650 336.922 300 89
0 650 337.016 300 89
0 650 337.076 300 89
0 650 337.15 300 89
0 650 337.237 300 89
0 650 337.324 300 89
0 650 337.411 300 89
0 650 337.505 300 89
0 650 337.582 300 89
0 650 337.666 300 89
0 650 337.754 300 89
0 650 337.855 300 89
0 650 337.948 300 89
0 650 338.035 300 89
0 650 338.127 300 89
0 650 338.206 300 89
0 650 338.297 300 89
0 650 338.376 300 89
0 650 338.467 300 89
0 650 338.555 300 89
0 650 338.644 300 89
0 650 338.729 300 89
0 650 338.814 300 89
0 650 338.9 300 89
0 650 338.994 300 89
0 650 339.075 300 89
0 650 339.159 300 89
0 650 339.246 300 89
0 650 339.333 300 89
0 650 339.422 300 89
0 650 339.507 300 89
0 650 339.589 300 89
0 650 339.666 300 89
0 650 339.752 300 89
0 650 339.837 300 89
0 650 339.927 300 89
0 650 340.013 300 89
0 650 340.103 300 89
0 650 340.195 300 89
0 650 340.282 300 89
0 650 340.376 300 89
0 650 340.458 300 89
0 650 340.543 300 89
0 650 340.619 300 89
0 650 340.699 300 89
0 650 340.784 300 89
0 650 340.869 300 89
0 650 340.958 300 89
0 650 341.045 300 89
0 650 341.126 300 89
0 650 341.211 300 89
0 650 341.299 300 89
0 650 341.383 300 89
0 650 341.472 300 89
0 650 341.559 300 89
0 650 341.641 300 89
0 650 341.727 300 89
0 650 341.815 300 89
0 650 341.906 300 89
0 650 341.99 300 89
0 650 342.078 300 89
0 650 342.169 300 89
0 650 342.253 300 89
0 650 342.34 300 89
0 650 342.424 300 89
0 650 342.497 300 89
0 650 342.581 300 89
0 650 342.667 300 89
0 650 342.752 300 89
0 650 342.843 300 89
0 650 342.928 300 89
0 650 343.01 300 89
0 650 343.094 300 89
0 650 343.168 300 89
0 650 343.257 300 89
0 650 343.339 300 89
0 650 343.425 300 89
0 650 343.514 300 89
0 650 343.606 300 89
0 650 343.692 300 89
0 650 343.783 300 89
0 650 343.868 300 89
0 650 343.955 300 89
0 650 344.026 300 89
0 650 344.114 300 89
0 650 344.197 300 89
0 650 344.28 300 89
0 650 344.37 300 89
0 650 344.455 300 89
0 650 344.537 300 89
0 650 344.626 300 89
0 650 344.713 300 89
0 650 344.795 300 89
0 650 344.883 300 89
0 650 344.965 300 89
0 650 345.049 300 89
0 650 345.14 300 89
0 650 345.224 300 89
0 650 345.31 300 89
0 650 345.394 300 89
0 650 345.488 300 89
0 650 345.581 300 89
0 650 345.671 300 89
0 650 345.752 300 89
0 650 345.847 300 89
0 650 345.937 300 89
0 650 346.023 300 89
0 650 346.111 300 89
0 650 346.205 300 89
0 650 346.291 300 89
0 650 346.374 300 89
0 650 346.456 300 89
0 650 346.543 300 89
0 650 346.635 300 89
0 650 346.729 300 89
0 650 346.788 300 89
0 650 346.852 300 89
0 650 346.914 300 89
0 650 346.976 300 89
0 650 347.029 300 89
0 650 347.094 300 89
0 650 347.162 300 89
0 650 347.222 300 89
0 650 347.28 300 89
0 650 347.343 300 89
0 650 347.403 300 89
0 650 347.464 300 89
0 650 347.53 300 89
0 650 347.592 300 89
0 650 347.659 300 89
0 650 347.716 300 89
0 650 347.775 300 89
0 650 347.83 300 89
0 650 347.893 300 89
0 650 347.956 300 89
0 650 348.012 300 89
0 650 348.073 300 89
0 650 348.133 300 89
0 650 348.19 300 89
0 650 348.249 300 89
0 650 348.313 300 89
0 650 348.38 300 89
0 650 348.439 300 89
0 650 348.501 300 89
0 650 348.56 300 89
0 650 348.622 300 89
0 650 348.681 300 89
0 650 348.743 300 89
0 650 348.806 300 89
0 650 348.866 300 89
0 650 348.929 300 89
0 650 348.989 300 89
0 650 349.048 300 89
0 650 349.111 300 89
0 650 349.169 300 89
0 650 349.229 300 89
0 650 349.292 300 89
0 650 349.357 300 89
0 650 349.417 300 89
0 650 349.478 300 89
0 650 349.535 300 89
0 650 349.597 300 89
0 650 349.659 300 89
0 650 349.718 300 89
0 650 349.775 300 89
0 650 349.836 300 89
0 650 349.892 300 89
0 650 349.956 300 89
0 650 350.011 300 89
0 650 350.073 300 89
0 650 350.14 300 89
0 650 350.202 300 89
0 650 350.26 300 89
0 650 350.316 300 89
0 650 350.386 300 89
0 650 350.448 300 89
0 650 350.507 300 89
0 650 350.57 300 89
0 650 350.631 300 89
0 650 350.694 300 89
0 650 350.758 300 89
0 650 350.816 300 89
0 650 350.879 300 89
0 650 350.944 300 89
0 650 351.004 300 89
0 650 351.067 300 89
0 650 351.128 300 89
0 650 351.193 300 89
0 650 351.25 300 89
0 650 351.311 300 89
0 650 351.37 300 89
0 650 351.428 300 89
0 650 351.493 300 89
0 650 351.56 300 89
0 650 351.634 300 89
0 650 351.718 300 89
0 650 351.814 300 89
0 650 351.903 300 89
0 650 351.997 300 89
0 650 352.081 300 89
0 650 352.162 300 89
0 650 352.25 300 89
0 650 352.334 300 89
0 650 352.416 300 89
0 650 352.508 300 89
0 650 352.597 300 89
0 650 352.684 300 89
0 650 352.779 300 89
0 650 352.871 300 89
0 650 352.953 300 89
0 650 353.043 300 89
0 650 353.131 300 89
0 650 353.215 300 89
0 650 353.292 300 89
0 650 353.377 300 89
0 650 353.452 300 89
0 650 353.542 300 89
0 650 353.622 300 89
0 650 353.708 300 89
0 650 353.791 300 89
0 650 353.875 300 89
0 650 353.958 300 89
0 650 354.039 300 89
0 650 354.126 300 89
0 650 354.22 300 89
0 650 354.296 300 89
0 650 354.376 300 89
0 650 354.464 300 89
0 650 354.535 300 89
0 650 354.624 300 89
0 650 354.706 300 89
0 650 354.793 300 89
0 650 354.871 300 89
0 650 354.962 300 89
0 650 355.043 300 89
0 650 355.122 300 89
0 650 355.204 300 89
0 650 355.291 300 89
0 650 355.38 300 89
0 650 355.466 300 89
0 650 355.553 300 89
0 650 355.642 300 89
0 650 355.729 300 89
0 650 355.814 300 89
0 650 355.896 300 89
0 650 355.973 300 89
0 650 356.059 300 89
0 650 356.143 300 89
0 650 356.229 300 89
0 650 356.316 300 89
0 650 356.403 300 89
0 650 356.491 300 89
0 650 356.582 300 89
0 650 356.674 300 89
0 650 356.76 300 89
0 650 356.859 300 89
0 650 356.944 300 89
0 650 357.029 300 89
0 650 357.111 300 89
0 650 357.189 300 89
0 650 357.273 300 89
0 650 357.402 300 89
0 650 357.489 300 89
0 650 357.574 300 89
0 650 357.653 300 89
0 650 357.741 300 89
0 650 357.827 300 89
0 650 357.912 300 89
0 650 357.994 300 89
0 650 358.071 300 89
0 650 358.157 300 89
0 650 358.24 300 89
0 650 358.323 300 89
0 650 358.407 300 89
0 650 358.495 300 89
0 650 358.578 300 89
0 650 358.668 300 89
0 650 358.759 300 89
0 650 358.845 300 89
0 650 358.94 300 89
0 650 359.029 300 89
0 650 359.116 300 89
0 650 359.206 300 89
0 650 359.294 300 89
0 650 359.383 300 89
0 650 359.46 300 89
0 650 359.542 300 89
0 650 359.624 300 89
0 650 359.713 300 89
0 650 359.793 300 89
0 650 359.875 300 89
0 650 359.96 300 89
0 650 360.044 300 89
0 650 360.13 300 89
0 650 360.213 300 89
0 650 360.292 300 89
0 650 360.376 300 89
0 650 360.466 300 89
0 650 360.557 300 89
0 650 360.644 300 89
0 650 360.729 300 89
0 650 360.807 300 89
0 650 360.892 300 89
0 650 360.975 300 89
0 650 361.06 300 89
0 650 361.146 300 89
0 650 361.23 300 89
0 650 361.316 300 89
0 650 361.4 300 89
0 650 361.497 300 89
0 650 361.592 300 89
0 650 361.703 300 89
0 650 361.779 300 89
0 650 361.868 300 89
0 650 361.957 300 89
0 650 362.039 300 89
0 650 362.12 300 89
0 650 362.204 300 89
0 650 362.293 300 89
0 650 362.374 300 89
0 650 362.459 300 89
0 650 362.536 300 89
0 650 362.62 300 89
0 650 362.705 300 89
0 650 362.796 300 89
0 650 362.869 300 89
0 650 362.953 300 89
0 650 363.041 300 89
0 650 363.134 300 89
0 650 363.227 300 89
0 650 363.308 300 89
0 650 363.394 300 89
0 650 363.481 300 89
0 650 363.571 300 89
0 650 363.665 300 89
0 650 363.761 300 89
0 650 363.849 300 89
0 650 363.935 300 89
0 650 364.021 300 89
0 650 364.105 300 89
0 650 364.182 300 89
0 650 364.262 300 89
0 650 364.357 300 89
0 650 364.444 300 89
0 650 364.533 300 89
0 650 364.62 300 89
0 650 364.709 300 89
0 650 364.809 300 89
0 650 364.904 300 89
0 650 365 300 89
0 650 365.09 300 89
0 650 365.175 300 89
0 650 365.262 300 89
0 650 365.348 300 89
0 650 365.432 300 89
0 650 365.516 300 89
0 650 365.611 300 89
0 650 365.697 300 89
0 650 365.785 300 89
0 650 365.87 300 89
0 650 365.972 300 89
0 650 366.067 300 89
0 650 366.164 300 89
0 650 366.258 300 89
0 650 366.353 300 89
0 650 366.443 300 89
0 650 366.542 300 89
0 650 366.624 300 89
0 650 366.715 300 89
0 650 366.805 300 89
0 650 366.901 300 89
0 650 366.993 300 89
0 650 367.079 300 89
0 650 367.175 300 89
0 650 367.255 300 89
0 650 367.354 300 89
0 650 367.486 300 89
0 650 367.574 300 89
0 650 367.671 300 89
0 650 367.754 300 89
0 650 367.846 300 89
0 650 367.935 300 89
0 650 368.031 300 89
0 650 368.12 300 89
0 650 368.211 300 89
0 650 368.3 300 89
0 650 368.379 300 89
0 650 368.472 300 89
0 650 368.568 300 89
0 650 368.661 300 89
0 650 368.753 300 89
0 650 368.856 300 89
0 650 368.95 300 89
0 650 369.037 300 89
0 650 369.129 300 89
0 650 369.209 300 89
0 650 369.313 300 89
0 650 369.408 300 89
0 650 369.502 300 89
0 650 369.6 300 89
0 650 369.694 300 89
0 650 369.792 300 89
0 650 369.887 300 89
0 650 369.977 300 89
0 650 370.085 300 89
0 650 370.185 300 89
0 650 370.272 300 89
0 650 370.365 300 89
0 650 370.459 300 89
0 650 370.547 300 89
0 650 370.647 300 89
0 650 370.744 300 89
0 650 370.836 300 89
0 650 370.923 300 89
0 650 371.02 300 89
0 650 371.123 300 89
0 650 371.213 300 89
0 650 371.308 300 89
0 650 371.4 300 89
0 650 371.475 300 89
0 650 371.57 300 89
0 650 371.673 300 89
0 650 371.76 300 89
0 650 371.856 300 89
0 650 371.955 300 89
0 650 372.034 300 89
0 650 372.119 300 89
0 650 372.214 300 89
0 650 372.308 300 89
0 650 372.399 300 89
0 650 372.499 300 89
0 650 372.593 300 89
0 650 372.681 300 89
0 650 372.776 300 89
0 650 372.881 300 89
0 650 372.974 300 89
0 650 373.074 300 89
0 650 373.164 300 89
0 650 373.243 300 89
0 650 373.339 300 89
0 650 373.433 300 89
0 650 373.52 300 89
0 650 373.614 300 89
0 650 373.709 300 89
0 650 373.801 300 89
0 650 373.896 300 89
0 650 373.997 300 89
0 650 374.095 300 89
0 650 374.195 300 89
0 650 374.291 300 89
0 650 374.384 300 89
0 650 374.48 300 89
0 650 374.567 300 89
0 650 374.661 300 89
0 650 374.755 300 89
0 650 374.856 300 89
0 650 374.957 300 89
0 650 375.042 300 89
0 650 375.133 300 89
0 650 375.226 300 89
0 650 375.322 300 89
0 650 375.417 300 89
0 650 375.526 300 89
0 650 375.633 300 89
0 650 375.733 300 89
0 650 375.842 300 89
0 650 375.936 300 89
0 650 376.043 300 89
0 650 376.198 300 89
0 650 376.301 300 89
0 650 376.415 300 89
0 650 376.516 300 89
0 650 376.625 300 89
0 650 376.719 300 89
0 650 376.81 300 89
0 650 376.888 300 89
0 650 376.982 300 89
0 650 377.073 300 89
0 650 377.182 300 89
0 650 377.279 300 89
0 650 377.382 300 89
0 650 377.482 300 89
0 650 377.581 300 89
0 650 377.682 300 89
0 650 377.783 300 89
0 650 377.873 300 89
0 650 377.962 300 89
0 650 378.061 300 89
0 650 378.156 300 89
0 650 378.257 300 89
0 650 378.354 300 89
0 650 378.458 300 89
0 650 378.556 300 89
0 650 378.656 300 89
0 650 378.763 300 89
0 650 378.865 300 89
0 650 378.966 300 89
0 650 379.058 300 89
0 650 379.157 300 89
0 650 379.243 300 89
0 650 379.341 300 89
0 650 379.439 300 89
0 650 379.538 300 89
0 650 379.627 300 89
0 650 379.721 300 89
0 650 379.815 300 89
0 650 379.91 300 89
0 650 380.005 300 89
0 650 380.099 300 89
0 650 380.192 300 89
0 650 380.291 300 89
0 650 380.38 300 89
0 650 380.475 300 89
0 650 380.571 300 89
0 650 380.659 300 89
0 650 380.751 300 89
0 650 380.855 300 89
0 650 380.946 300 89
0 650 381.041 300 89
0 650 381.137 300 89
0 650 381.247 300 89
0 650 381.354 300 89
0 650 381.451 300 89
0 650 381.556 300 89
0 650 381.653 300 89
0 650 381.761 300 89
0 650 381.846 300 89
0 650 381.954 300 89
0 650 382.053 300 89
0 650 382.155 300 89
0 650 382.256 300 89
0 650 382.35 300 89
0 650 382.453 300 89
0 650 382.558 300 89
0 650 382.659 300 89
0 650 382.762 300 89
0 650 382.854 300 89
0 650 382.948 300 89
0 650 383.046 300 89
0 650 383.143 300 89
0 650 383.237 300 89
0 650 383.331 300 89
0 650 383.444 300 89
0 650 383.536 300 89
0 650 383.634 300 89
0 650 383.725 300 89
0 650 383.819 300 89
0 650 383.92 300 89
0 650 384.015 300 89
0 650 384.111 300 89
0 650 384.205 300 89
0 650 384.298 300 89
0 650 384.398 300 89
0 650 384.498 300 89
0 650 384.592 300 89
0 650 384.696 300 89
0 650 384.799 300 89
0 650 384.885 300 89
0 650 384.985 300 89
0 650 385.079 300 89
0 650 385.163 300 89
0 650 385.242 300 89
0 650 385.338 300 89
0 650 385.436 300 89
0 650 385.534 300 89
0 650 385.622 300 89
0 650 385.721 300 89
0 650 385.814 300 89
0 650 385.909 300 89
0 650 386.005 300 89
0 650 386.105 300 89
0 650 386.187 300 89
0 650 386.279 300 89
0 650 386.379 300 89
0 650 386.47 300 89
0 650 386.563 300 89
0 650 386.653 300 89
0 650 386.752 300 89
0 650 386.849 300 89
0 650 386.95 300 89
0 650 387.048 300 89
0 650 387.153 300 89
0 650 387.24 300 89
0 650 387.333 300 89
0 650 387.433 300 89
0 650 387.525 300 89
0 650 387.613 300 89
0 650 387.711 300 89
0 650 387.84 300 89
0 650 387.936 300 89
0 650 388.034 300 89
0 650 388.129 300 89
0 650 388.225 300 89
0 650 388.327 300 89
0 650 388.423 300 89
0 650 388.516 300 89
0 650 388.614 300 89
0 650 388.704 300 89
0 650 388.804 300 89
0 650 388.903 300 89
0 650 389 300 89
0 650 389.11 300 89
0 650 389.208 300 89
0 650 389.305 300 89
0 650 389.399 300 89
0 650 389.497 300 89
0 650 389.58 300 89
0 650 389.68 300 89
0 650 389.772 300 89
0 650 389.868 300 89
0 650 389.973 300 89
0 650 390.066 300 89
0 650 390.163 300 89
0 650 390.257 300 89
0 650 390.354 300 89
0 650 390.447 300 89
0 650 390.536 300 89
0 650 390.63 300 89
0 650 390.72 300 89
0 650 390.815 300 89
0 650 390.907 300 89
0 650 391.007 300 89
0 650 391.108 300 89
0 650 391.207 300 89
0 650 391.295 300 89
0 650 391.389 300 89
0 650 391.482 300 89
0 650 391.573 300 89
0 650 391.665 300 89
0 650 391.754 300 89
0 650 391.849 300 89
0 650 391.939 300 89
0 650 392.024 300 89
0 650 392.123 300 89
0 650 392.207 300 89
0 650 392.305 300 89
0 650 392.399 300 89
0 650 392.487 300 89
0 650 392.582 300 89
0 650 392.681 300 89
0 650 392.767 300 89
0 650 392.86 300 89
0 650 392.948 300 89
0 650 393.044 300 89
0 650 393.141 300 89
0 650 393.232 300 89
0 650 393.313 300 89
0 650 393.407 300 89
0 650 393.501 300 89
0 650 393.595 300 89
0 650 393.686 300 89
0 650 393.838 300 89
0 650 393.926 300 89
0 650 394.017 300 89
0 650 394.124 300 89
0 650 394.225 300 89
0 650 394.315 300 89
0 650 394.406 300 89
0 650 394.5 300 89
0 650 394.593 300 89
0 650 394.683 300 89
0 650 394.775 300 89
0 650 394.866 300 89
0 650 394.96 300 89
0 650 395.054 300 89
0 650 395.142 300 89
0 650 395.226 300 89
0 650 395.315 300 89
0 650 395.399 300 89
0 650 395.495 300 89
0 650 395.564 300 89
0 650 395.654 300 89
0 650 395.738 300 89
0 650 395.83 300 89
0 650 395.927 300 89
0 650 396.024 300 89
0 650 396.125 300 89
0 650 396.237 300 89
0 650 396.344 300 89
0 650 396.437 300 89
0 650 396.53 300 89
0 650 396.615 300 89
0 650 396.71 300 89
0 650 396.799 300 89
0 650 396.895 300 89
0 650 396.994 300 89
0 650 397.084 300 89
0 650 397.175 300 89
0 650 397.263 300 89
0 650 397.365 300 89
0 650 397.46 300 89
0 650 397.548 300 89
0 650 397.643 300 89
0 650 397.739 300 89
0 650 397.828 300 89
0 650 397.913 300 89
0 650 398.009 300 89
0 650 398.087 300 89
0 650 398.187 300 89
0 650 398.272 300 89
0 650 398.352 300 89
0 650 398.413 300 89
0 650 398.483 300 89
0 650 398.546 300 89
0 650 398.612 300 89
0 650 398.681 300 89
0 650 398.741 300 89
0 650 398.806 300 89
0 650 398.912 300 89
0 650 399.026 300 89
0 650 399.134 300 89
0 650 399.241 300 89
0 650 399.349 300 89
0 650 399.472 300 89
0 650 399.582 300 89
0 650 399.678 300 89
0 650 399.789 300 89
0 650 399.959 300 89
0 650 400.072 300 89
0 650 400.189 300 89
0 650 400.301 300 89
0 650 400.415 300 89
0 650 400.539 300 89
0 650 400.655 300 89
0 650 400.769 300 89
0 650 400.88 300 89
0 650 400.999 300 89
0 650 401.111 300 89
0 650 401.23 300 89
0 650 401.346 300 89
0 650 401.45 300 89
0 650 401.561 300 89
0 650 401.686 300 89
0 650 401.799 300 89
0 650 401.918 300 89
0 650 402.039 300 89
0 650 402.154 300 89
0 650 402.267 300 89
0 650 402.377 300 89
0 650 402.485 300 89
0 650 402.591 300 89
0 650 402.713 300 89
0 650 402.83 300 89
0 650 402.943 300 89
0 650 403.038 300 89
0 650 403.147 300 89
0 650 403.25 300 89
0 650 403.358 300 89
0 650 403.466 300 89
0 650 403.576 300 89
0 650 403.684 300 89
0 650 403.778 300 89
0 650 403.884 300 89
0 650 403.991 300 89
0 650 404.087 300 89
0 650 404.194 300 89
0 650 404.295 300 89
0 650 404.4 300 89
0 650 404.499 300 89
0 650 404.584 300 89
0 650 404.68 300 89
0 650 404.771 300 89
0 650 404.864 300 89
0 650 404.959 300 89
0 650 405.072 300 89
0 650 405.159 300 89
0 650 405.235 300 89
0 650 405.327 300 89
0 650 405.43 300 89
0 650 405.519 300 89
0 650 405.617 300 89
0 650 405.713 300 89
0 650 405.81 300 89
0 650 405.9 300 89
0 650 405.995 300 89
0 650 406.089 300 89
0 650 406.183 300 89
0 650 406.265 300 89
0 650 406.349 300 89
0 650 406.443 300 89
0 650 406.535 300 89
0 650 406.628 300 89
0 650 406.72 300 89
0 650 406.811 300 89
0 650 406.906 300 89
0 650 406.999 300 89
0 650 407.097 300 89
0 650 407.193 300 89
0 650 407.284 300 89
0 650 407.378 300 89
0 650 407.472 300 89
0 650 407.568 300 89
0 650 407.665 300 89
0 650 407.755 300 89
0 650 407.847 300 89
0 650 407.937 300 89
0 650 408.025 300 89
0 650 408.107 300 89
0 650 408.197 300 89
0 650 408.291 300 89
0 650 408.381 300 89
0 650 408.469 300 89
0 650 408.555 300 89
0 650 408.655 300 89
0 650 408.749 300 89
0 650 408.846 300 89
0 650 408.931 300 89
0 650 409.024 300 89
0 650 409.117 300 89
0 650 409.209 300 89
0 650 409.298 300 89
0 650 409.383 300 89
0 650 409.475 300 89
0 650 409.57 300 89
0 650 409.667 300 89
0 650 409.756 300 89
0 650 409.835 300 89
0 650 409.931 300 89
0 650 410.02 300 89
0 650 410.097 300 89
0 650 410.18 300 89
0 650 410.277 300 89
0 650 410.365 300 89
0 650 410.454 300 89
0 650 410.547 300 89
0 650 410.631 300 89
0 650 410.722 300 89
0 650 410.812 300 89
0 650 410.895 300 89
0 650 410.982 300 89
0 650 411.072 300 89
0 650 411.162 300 89
0 650 411.254 300 89
0 650 411.339 300 89
0 650 411.427 300 89
0 650 411.522 300 89
0 650 411.621 300 89
0 650 411.713 300 89
0 650 411.807 300 89
0 650 411.906 300 89
0 650 411.98 300 89
0 650 412.069 300 89
0 650 412.162 300 89
0 650 412.254 300 89
0 650 412.347 300 89
0 650 412.421 300 89
0 650 412.478 300 89
0 650 412.538 300 89
0 650 412.595 300 89
0 650 412.681 300 89
0 650 412.769 300 89
0 650 412.856 300 89
0 650 412.949 300 89
0 650 413.047 300 89
0 650 413.143 300 89
0 650 413.243 300 89
0 650 413.337 300 89
0 650 413.426 300 89
0 650 413.513 300 89
0 650 413.615 300 89
0 650 413.707 300 89
0 650 413.785 300 89
0 650 413.873 300 89
0 650 413.97 300 89
0 650 414.075 300 89
0 650 414.169 300 89
0 650 414.26 300 89
0 650 414.343 300 89
0 650 414.429 300 89
0 650 414.518 300 89
0 650 414.604 300 89
0 650 414.688 300 89
0 650 414.775 300 89
0 650 414.871 300 89
0 650 414.962 300 89
0 650 415.047 300 89
0 650 415.133 300 89
0 650 415.216 300 89
0 650 415.298 300 89
0 650 415.385 300 89
0 650 415.47 300 89
0 650 415.558 300 89
0 650 415.65 300 89
0 650 415.738 300 89
0 650 415.822 300 89
0 650 415.911 300 89
0 650 416.001 300 89
0 650 416.09 300 89
0 650 416.178 300 89
0 650 416.269 300 89
0 650 416.354 300 89
0 650 416.453 300 89
0 650 416.544 300 89
0 650 416.633 300 89
0 650 416.712 300 89
0 650 416.801 300 89
0 650 416.886 300 89
0 650 416.952 300 89
0 650 417.014 300 89
0 650 417.076 300 89
0 650 417.13 300 89
0 650 417.196 300 89
0 650 417.29 300 89
0 650 417.38 300 89
0 650 417.462 300 89
0 650 417.553 300 89
0 650 417.634 300 89
0 650 417.72 300 89
0 650 417.806 300 89
0 650 417.908 300 89
0 650 418.001 300 89
0 650 418.079 300 89
0 650 418.158 300 89
0 650 418.246 300 89
0 650 418.329 300 89
0 650 418.42 300 89
0 650 418.508 300 89
0 650 418.591 300 89
0 650 418.678 300 89
0 650 418.766 300 89
0 650 418.862 300 89
0 650 418.959 300 89
0 650 419.04 300 89
0 650 419.131 300 89
0 650 419.218 300 89
0 650 419.299 300 89
0 650 419.388 300 89
0 650 419.478 300 89
0 650 419.557 300 89
0 650 419.645 300 89
0 650 419.725 300 89
0 650 419.827 300 89
0 650 419.914 300 89
0 650 420.004 300 89
0 650 420.084 300 89
0 650 420.168 300 89
0 650 420.252 300 89
0 650 420.339 300 89
0 650 420.428 300 89
0 650 420.518 300 89
0 650 420.613 300 89
0 650 420.703 300 89
0 650 420.796 300 89
0 650 420.891 300 89
0 650 420.976 300 89
0 650 421.069 300 89
0 650 421.155 300 89
0 650 421.243 300 89
0 650 421.331 300 89
0 650 421.428 300 89
0 650 421.51 300 89
0 650 421.598 300 89
0 650 421.699 300 89
0 650 421.789 300 89
0 650 421.883 300 89
0 650 421.99 300 89
0 650 422.076 300 89
0 650 422.158 300 89
0 650 422.245 300 89
0 650 422.331 300 89
0 650 422.421 300 89
0 650 422.51 300 89
0 650 422.599 300 89
0 650 422.684 300 89
0 650 422.776 300 89
0 650 422.868 300 89
0 650 422.961 300 89
0 650 423.045 300 89
0 650 423.156 300 89
0 650 423.252 300 89
0 650 423.334 300 89
0 650 423.419 300 89
0 650 423.512 300 89
0 650 423.598 300 89
0 650 423.694 300 89
0 650 423.767 300 89
0 650 423.851 300 89
0 650 423.945 300 89
0 650 424.03 300 89
0 650 424.116 300 89
0 650 424.198 300 89
0 650 424.284 300 89
0 650 424.377 300 89
0 650 424.466 300 89
0 650 424.546 300 89
0 650 424.629 300 89
0 650 424.72 300 89
0 650 424.801 300 89
0 650 424.885 300 89
0 650 424.976 300 89
0 650 425.071 300 89
0 650 425.172 300 89
0 650 425.274 300 89
0 650 425.358 300 89
0 650 425.438 300 89
0 650 425.533 300 89
0 650 425.618 300 89
0 650 425.716 300 89
0 650 425.807 300 89
0 650 425.92 300 89
0 650 426.011 300 89
0 650 426.095 300 89
0 650 426.181 300 89
0 650 426.276 300 89
0 650 426.359 300 89
0 650 426.442 300 89
0 650 426.526 300 89
0 650 426.614 300 89
0 650 426.696 300 89
0 650 426.784 300 89
0 650 426.872 300 89
0 650 426.945 300 89
0 650 427.028 300 89
0 650 427.113 300 89
0 650 427.197 300 89
0 650 427.283 300 89
0 650 427.38 300 89
0 650 427.468 300 89
0 650 427.561 300 89
0 650 427.656 300 89
0 650 427.745 300 89
0 650 427.833 300 89
0 650 427.941 300 89
0 650 428.029 300 89
0 650 428.119 300 89
0 650 428.208 300 89
0 650 428.291 300 89
0 650 428.378 300 89
0 650 428.465 300 89
0 650 428.552 300 89
0 650 428.637 300 89
0 650 428.723 300 89
0 650 428.803 300 89
0 650 428.88 300 89
0 650 428.974 300 89
0 650 429.067 300 89
0 650 429.162 300 89
0 650 429.241 300 89
0 650 429.327 300 89
0 650 429.414 300 89
0 650 429.504 300 89
0 650 429.598 300 89
0 650 429.688 300 89
0 650 429.768 300 89
0 650 429.851 300 89
0 650 429.944 300 89
0 650 430.028 300 89
0 650 430.126 300 89
0 650 430.211 300 89
0 650 430.297 300 89
0 650 430.38 300 89
0 650 430.47 300 89
0 650 430.566 300 89
0 650 430.654 300 89
0 650 430.742 300 89
0 650 430.826 300 89
0 650 430.911 300 89
0 650 430.988 300 89
0 650 431.076 300 89
0 650 431.16 300 89
0 650 431.248 300 89
0 650 431.338 300 89
0 650 431.427 300 89
0 650 431.513 300 89
0 650 431.606 300 89
0 650 431.687 300 89
0 650 431.762 300 89
0 650 431.851 300 89
0 650 431.94 300 89
0 650 432.031 300 89
0 650 432.122 300 89
0 650 432.208 300 89
0 650 432.296 300 89
0 650 432.385 300 89
0 650 432.472 300 89
0 650 432.558 300 89
0 650 432.653 300 89
0 650 432.742 300 89
0 650 432.829 300 89
0 650 432.918 300 89
0 650 433.007 300 89
0 650 433.085 300 89
0 650 433.175 300 89
0 650 433.268 300 89
0 650 433.354 300 89
0 650 433.442 300 89
0 650 433.528 300 89
0 650 433.611 300 89
0 650 433.7 300 89
0 650 433.79 300 89
0 650 433.879 300 89
0 650 433.96 300 89
0 650 434.052 300 89
0 650 434.14 300 89
0 650 434.221 300 89
0 650 434.306 300 89
0 650 434.391 300 89
0 650 434.471 300 89
0 650 434.558 300 89
0 650 434.656 300 89
0 650 434.736 300 89
0 650 434.821 300 89
0 650 434.909 300 89
0 650 434.995 300 89
0 650 435.069 300 89
0 650 435.151 300 89
0 650 435.235 300 89
0 650 435.322 300 89
0 650 435.408 300 89
0 650 435.5 300 89
0 650 435.588 300 89
0 650 435.675 300 89
0 650 435.767 300 89
0 650 435.862 300 89
0 650 435.946 300 89
0 650 436.044 300 89
0 650 436.121 300 89
0 650 436.206 300 89
0 650 436.296 300 89
0 650 436.38 300 89
0 650 436.463 300 89
0 650 436.567 300 89
0 650 436.655 300 89
0 650 436.736 300 89
0 650 436.82 300 89
0 650 436.907 300 89
0 650 436.989 300 89
0 650 437.076 300 89
0 650 437.168 300 89
0 650 437.264 300 89
0 650 437.354 300 89
0 650 437.445 300 89
0 650 437.537 300 89
0 650 437.633 300 89
0 650 437.721 300 89
0 650 437.809 300 89
0 650 437.897 300 89
0 650 437.953 300 89
0 650 438.05 300 89
0 650 438.146 300 89
0 650 438.283 300 89
0 650 438.416 300 89
0 650 438.508 300 89
0 650 438.59 300 89
0 650 438.69 300 89
0 650 438.77 300 89
0 650 438.851 300 89
0 650 438.94 300 89
0 650 439.029 300 89
0 650 439.123 300 89
0 650 439.2 300 89
0 650 439.289 300 89
0 650 439.382 300 89
0 650 439.473 300 89
0 650 439.563 300 89
0 650 439.655 300 89
0 650 439.746 300 89
0 650 439.839 300 89
0 650 439.931 300 89
0 650 440.027 300 89
0 650 440.105 300 89
0 650 440.193 300 89
0 650 440.286 300 89
0 650 440.375 300 89
0 650 440.468 300 89
0 650 440.606 300 89
0 650 440.699 300 89
0 650 440.79 300 89
0 650 440.879 300 89
0 650 440.966 300 89
0 650 441.056 300 89
0 650 441.14 300 89
0 650 441.223 300 89
0 650 441.318 300 89
0 650 441.411 300 89
0 650 441.494 300 89
0 650 441.576 300 89
0 650 441.666 300 89
0 650 441.759 300 89
0 650 441.854 300 89
0 650 441.945 300 89
0 650 442.047 300 89
0 650 442.133 300 89
0 650 442.231 300 89
0 650 442.333 300 89
0 650 442.426 300 89
0 650 442.52 300 89
0 650 442.611 300 89
0 650 442.695 300 89
0 650 442.786 300 89
0 650 442.871 300 89
0 650 442.969 300 89
0 650 443.071 300 89
0 650 443.165 300 89
0 650 443.255 300 89
0 650 443.345 300 89
0 650 443.441 300 89
0 650 443.541 300 89
0 650 443.627 300 89
0 650 443.723 300 89
0 650 443.827 300 89
0 650 443.914 300 89
0 650 444.009 300 89
0 650 444.105 300 89
0 650 444.205 300 89
0 650 444.303 300 89
0 650 444.391 300 89
0 650 444.486 300 89
0 650 444.583 300 89
0 650 444.69 300 89
0 650 444.79 300 89
0 650 444.885 300 89
0 650 444.983 300 89
0 650 445.085 300 89
0 650 445.176 300 89
0 650 445.27 300 89
0 650 445.356 300 89
0 650 445.441 300 89
0 650 445.537 300 89
0 650 445.639 300 89
0 650 445.725 300 89
0 650 445.82 300 89
0 650 445.92 300 89
0 650 446.01 300 89
0 650 446.101 300 89
0 650 446.19 300 89
0 650 446.284 300 89
0 650 446.368 300 89
0 650 446.46 300 89
0 650 446.551 300 89
0 650 446.649 300 89
0 650 446.747 300 89
0 650 446.846 300 89
0 650 446.943 300 89
0 650 447.04 300 89
0 650 447.13 300 89
0 650 447.226 300 89
0 650 447.329 300 89
0 650 447.427 300 89
0 650 447.525 300 89
0 650 447.62 300 89
0 650 447.712 300 89
0 650 447.819 300 89
0 650 447.908 300 89
0 650 448.002 300 89
0 650 448.099 300 89
0 650 448.194 300 89
0 650 448.288 300 89
0 650 448.382 300 89
0 650 448.479 300 89
0 650 448.581 300 89
0 650 448.68 300 89
0 650 448.777 300 89
0 650 448.871 300 89
0 650 448.971 300 89
0 650 449.065 300 89
0 650 449.144 300 89
0 650 449.236 300 89
0 650 449.32 300 89
0 650 449.411 300 89
0 650 449.507 300 89
0 650 449.6 300 89
0 650 449.695 300 89
0 650 449.789 300 89
0 650 449.893 300 89
0 650 449.992 300 89
0 650 450.089 300 89
0 650 450.178 300 89
0 650 450.264 300 89
0 650 450.359 300 89
0 650 450.457 300 89
0 650 450.558 300 89
0 650 450.65 300 89
0 650 450.739 300 89
0 650 450.827 300 89
0 650 450.915 300 89
0 650 451.008 300 89
0 650 451.129 300 89
0 650 451.228 300 89
0 650 451.309 300 89
0 650 451.393 300 89
0 650 451.477 300 89
0 650 451.571 300 89
0 650 451.663 300 89
0 650 451.762 300 89
0 650 451.853 300 89
0 650 451.95 300 89
0 650 452.031 300 89
0 650 452.125 300 89
0 650 452.224 300 89
0 650 452.321 300 89
0 650 452.415 300 89
0 650 452.51 300 89
0 650 452.607 300 89
0 650 452.705 300 89
0 650 452.797 300 89
0 650 452.891 300 89
0 650 452.987 300 89
0 650 453.074 300 89
0 650 453.168 300 89
0 650 453.255 300 89
0 650 453.349 300 89
0 650 453.443 300 89
0 650 453.539 300 89
0 650 453.627 300 89
0 650 453.716 300 89
0 650 453.815 300 89
0 650 453.9 300 89
0 650 453.994 300 89
0 650 454.057 300 89
0 650 454.161 300 89
0 650 454.256 300 89
0 650 454.339 300 89
0 650 454.432 300 89
0 650 454.527 300 89
0 650 454.608 300 89
0 650 454.705 300 89
0 650 454.8 300 89
0 650 454.899 300 89
0 650 454.989 300 89
0 650 455.069 300 89
0 650 455.161 300 89
0 650 455.248 300 89
0 650 455.34 300 89
0 650 455.44 300 89
0 650 455.536 300 89
0 650 455.637 300 89
0 650 455.732 300 89
0 650 455.827 300 89
0 650 455.926 300 89
0 650 456.02 300 89
0 650 456.125 300 89
0 650 456.218 300 89
0 650 456.316 300 89
0 650 456.399 300 89
0 650 456.49 300 89
0 650 456.58 300 89
0 650 456.675 300 89
0 650 456.771 300 89
0 650 456.856 300 89
0 650 456.958 300 89
0 650 457.059 300 89
0 650 457.153 300 89
0 650 457.241 300 89
0 650 457.339 300 89
0 650 457.434 300 89
0 650 457.526 300 89
0 650 457.618 300 89
0 650 457.709 300 89
0 650 457.804 300 89
0 650 457.9 300 89
0 650 457.992 300 89
0 650 458.074 300 89
0 650 458.171 300 89
0 650 458.259 300 89
0 650 458.35 300 89
0 650 458.437 300 89
0 650 458.531 300 89
0 650 458.625 300 89
0 650 458.706 300 89
0 650 458.799 300 89
0 650 458.899 300 89
0 650 459.002 300 89
0 650 459.11 300 89
0 650 459.21 300 89
0 650 459.306 300 89
0 650 459.398 300 89
0 650 459.5 300 89
0 650 459.596 300 89
0 650 459.691 300 89
0 650 459.783 300 89
0 650 459.877 300 89
0 650 459.973 300 89
0 650 460.071 300 89
0 650 460.162 300 89
0 650 460.25 300 89
0 650 460.335 300 89
0 650 460.427 300 89
0 650 460.514 300 89
0 650 460.603 300 89
0 650 460.698 300 89
0 650 460.786 300 89
0 650 460.871 300 89
0 650 460.98 300 89
0 650 461.077 300 89
0 650 461.175 300 89
0 650 461.262 300 89
0 650 461.351 300 89
0 650 461.441 300 89
0 650 461.544 300 89
0 650 461.64 300 89
0 650 461.724 300 89
0 650 461.816 300 89
0 650 461.904 300 89
0 650 461.995 300 89
0 650 462.09 300 89
0 650 462.275 300 89
0 650 462.373 300 89
0 650 462.465 300 89
0 650 462.558 300 89
0 650 462.654 300 89
0 650 462.761 300 89
0 650 462.862 300 89
0 650 462.956 300 89
0 650 463.049 300 89
0 650 463.153 300 89
0 650 463.251 300 89
0 650 463.343 300 89
0 650 463.437 300 89
0 650 463.551 300 89
0 650 463.649 300 89
0 650 463.74 300 89
0 650 463.834 300 89
0 650 463.979 300 89
0 650 464.08 300 89
0 650 464.176 300 89
0 650 464.271 300 89
0 650 464.355 300 89
0 650 464.447 300 89
0 650 464.539 300 89
0 650 464.631 300 89
0 650 464.717 300 89
0 650 464.805 300 89
0 650 464.899 300 89
0 650 464.993 300 89
0 650 465.085 300 89
0 650 465.185 300 89
0 650 465.272 300 89
0 650 465.365 300 89
0 650 465.444 300 89
0 650 465.529 300 89
0 650 465.622 300 89
0 650 465.734 300 89
0 650 465.851 300 89
0 650 465.959 300 89
0 650 466.053 300 89
0 650 466.135 300 89
0 650 466.231 300 89
0 650 466.314 300 89
0 650 466.406 300 89
0 650 466.499 300 89
0 650 466.6 300 89
0 650 466.697 300 89
0 650 466.782 300 89
0 650 466.873 300 89
0 650 466.956 300 89
0 650 467.046 300 89
0 650 467.135 300 89
0 650 467.231 300 89
0 650 467.313 300 89
0 650 467.397 300 89
0 650 467.484 300 89
0 650 467.574 300 89
0 650 467.662 300 89
0 650 467.766 300 89
0 650 467.866 300 89
0 650 467.956 300 89
0 650 468.054 300 89
0 650 468.147 300 89
0 650 468.246 300 89
0 650 468.351 300 89
0 650 468.459 300 89
0 650 468.566 300 89
0 650 468.663 300 89
0 650 468.762 300 89
0 650 468.851 300 89
0 650 468.945 300 89
0 650 469.045 300 89
0 650 469.145 300 89
0 650 469.256 300 89
0 650 469.354 300 89
0 650 469.442 300 89
0 650 469.541 300 89
0 650 469.656 300 89
0 650 469.753 300 89
0 650 469.842 300 89
0 650 469.932 300 89
0 650 470.042 300 89
0 650 470.147 300 89
0 650 470.238 300 89
0 650 470.328 300 89
0 650 470.429 300 89
0 650 470.547 300 89
0 650 470.651 300 89
0 650 470.74 300 89
0 650 470.837 300 89
0 650 470.943 300 89
0 650 471.043 300 89
0 650 471.139 300 89
0 650 471.247 300 89
0 650 471.372 300 89
0 650 471.477 300 89
0 650 471.571 300 89
0 650 471.676 300 89
0 650 471.789 300 89
0 650 471.889 300 89
0 650 471.974 300 89
0 650 472.061 300 89
0 650 472.148 300 89
0 650 472.237 300 89
0 650 472.333 300 89
0 650 472.419 300 89
0 650 472.507 300 89
0 650 472.598 300 89
0 650 472.684 300 89
0 650 472.78 300 89
0 650 472.872 300 89
0 650 472.965 300 89
0 650 473.057 300 89
0 650 473.147 300 89
0 650 473.236 300 89
0 650 473.322 300 89
0 650 473.411 300 89
0 650 473.509 300 89
0 650 473.605 300 89
0 650 473.709 300 89
0 650 473.811 300 89
0 650 473.897 300 89
0 650 474.005 300 89
0 650 474.112 300 89
0 650 474.222 300 89
0 650 474.328 300 89
0 650 474.417 300 89
0 650 474.492 300 89
0 650 474.578 300 89
0 650 474.635 300 89
0 650 474.713 300 89
0 650 474.775 300 89
0 650 474.833 300 89
0 650 474.89 300 89
0 650 474.95 300 89
0 650 475.006 300 89
0 650 475.063 300 89
0 650 475.124 300 89
0 650 475.182 300 89
0 650 475.236 300 89
0 650 475.305 300 89
0 650 475.367 300 89
0 650 475.427 300 89
0 650 475.483 300 89
0 650 475.54 300 89
0 650 475.598 300 89
0 650 475.652 300 89
0 650 475.716 300 89
0 650 475.775 300 89
0 650 475.866 300 89
0 650 475.96 300 89
0 650 476.051 300 89
0 650 476.159 300 89
0 650 476.245 300 89
0 650 476.334 300 89
0 650 476.425 300 89
0 650 476.532 300 89
0 650 476.627 300 89
0 650 476.717 300 89
0 650 476.799 300 89
0 650 476.884 300 89
0 650 476.967 300 89
0 650 477.05 300 89
0 650 477.144 300 89
0 650 477.233 300 89
0 650 477.318 300 89
0 650 477.4 300 89
0 650 477.477 300 89
0 650 477.571 300 89
0 650 477.654 300 89
0 650 477.739 300 89
0 650 477.817 300 89
0 650 477.905 300 89
0 650 477.99 300 89
0 650 478.082 300 89
0 650 478.166 300 89
0 650 478.285 300 89
0 650 478.389 300 89
0 650 478.482 300 89
0 650 478.574 300 89
0 650 478.664 300 89
0 650 478.746 300 89
0 650 478.831 300 89
0 650 478.927 300 89
0 650 479.012 300 89
0 650 479.101 300 89
0 650 479.185 300 89
0 650 479.274 300 89
0 650 479.353 300 89
0 650 479.436 300 89
0 650 479.528 300 89
0 650 479.616 300 89
0 650 479.699 300 89
0 650 479.784 300 89
0 650 479.868 300 89
0 650 479.957 300 89
0 650 480.05 300 89
0 650 480.152 300 89
0 650 480.255 300 89
0 650 480.349 300 89
0 650 480.436 300 89
0 650 480.51 300 89
0 650 480.604 300 89
0 650 480.714 300 89
0 650 480.802 300 89
0 650 480.886 300 89
0 650 480.967 300 89
0 650 481.052 300 89
0 650 481.141 300 89
0 650 481.227 300 89
0 650 481.321 300 89
0 650 481.399 300 89
0 650 481.484 300 89
0 650 481.576 300 89
0 650 481.669 300 89
0 650 481.754 300 89
0 650 481.838 300 89
0 650 481.932 300 89
0 650 482.024 300 89
0 650 482.121 300 89
0 650 482.217 300 89
0 650 482.305 300 89
0 650 482.413 300 89
0 650 482.513 300 89
0 650 482.607 300 89
0 650 482.692 300 89
0 650 482.773 300 89
0 650 482.864 300 89
0 650 482.953 300 89
0 650 483.048 300 89
0 650 483.126 300 89
0 650 483.211 300 89
0 650 483.297 300 89
0 650 483.39 300 89
0 650 483.475 300 89
0 650 483.56 300 89
0 650 483.651 300 89
0 650 483.737 300 89
0 650 483.827 300 89
0 650 483.911 300 89
0 650 484 300 89
0 650 484.079 300 89
0 650 484.142 300 89
0 650 484.231 300 89
0 650 484.335 300 89
0 650 484.446 300 89
0 650 484.552 300 89
0 650 484.634 300 89
0 650 484.717 300 89
0 650 484.796 300 89
0 650 484.884 300 89
0 650 484.975 300 89
0 650 485.064 300 89
0 650 485.165 300 89
0 650 485.271 300 89
0 650 485.358 300 89
0 650 485.439 300 89
0 650 485.527 300 89
0 650 485.603 300 89
0 650 485.693 300 89
0 650 485.781 300 89
0 650 485.864 300 89
0 650 485.956 300 89
0 650 486.047 300 89
0 650 486.134 300 89
0 650 486.23 300 89
0 650 486.327 300 89
0 650 486.421 300 89
0 650 486.494 300 89
0 650 486.575 300 89
0 650 486.662 300 89
0 650 486.746 300 89
0 650 486.834 300 89
0 650 486.919 300 89
0 650 487.012 300 89
0 650 487.136 300 89
0 650 487.232 300 89
0 650 487.336 300 89
0 650 487.45 300 89
0 650 487.565 300 89
0 650 487.66 300 89
0 650 487.752 300 89
0 650 487.855 300 89
0 650 487.964 300 89
0 650 488.059 300 89
0 650 488.151 300 89
0 650 488.231 300 89
0 650 488.313 300 89
0 650 488.398 300 89
0 650 488.478 300 89
0 650 488.569 300 89
0 650 488.665 300 89
0 650 488.747 300 89
0 650 488.836 300 89
0 650 488.918 300 89
0 650 489.004 300 89
0 650 489.088 300 89
0 650 489.176 300 89
0 650 489.268 300 89
0 650 489.357 300 89
0 650 489.446 300 89
0 650 489.537 300 89
0 650 489.636 300 89
0 650 489.744 300 89
0 650 489.832 300 89
0 650 489.91 300 89
0 650 489.991 300 89
0 650 490.066 300 89
0 650 490.148 300 89
0 650 490.253 300 89
0 650 490.342 300 89
0 650 490.428 300 89
0 650 490.518 300 89
0 650 490.609 300 89
0 650 490.699 300 89
0 650 490.785 300 89
0 650 490.877 300 89
0 650 490.962 300 89
0 650 491.054 300 89
0 650 491.146 300 89
0 650 491.236 300 89
0 650 491.338 300 89
0 650 491.444 300 89
0 650 491.544 300 89
0 650 491.639 300 89
0 650 491.732 300 89
0 650 491.822 300 89
0 650 491.913 300 89
0 650 492.002 300 89
0 650 492.093 300 89
0 650 492.175 300 89
0 650 492.268 300 89
0 650 492.358 300 89
0 650 492.446 300 89
0 650 492.529 300 89
0 650 492.625 300 89
0 650 492.71 300 89
0 650 492.798 300 89
0 650 492.891 300 89
0 650 492.977 300 89
0 650 493.069 300 89
0 650 493.149 300 89
0 650 493.231 300 89
0 650 493.323 300 89
0 650 493.428 300 89
0 650 493.535 300 89
0 650 493.627 300 89
0 650 493.716 300 89
0 650 493.798 300 89
0 650 493.883 300 89
0 650 493.969 300 89
0 650 494.062 300 89
0 650 494.147 300 89
0 650 494.236 300 89
0 650 494.33 300 89
0 650 494.411 300 89
0 650 494.5 300 89
0 650 494.593 300 89
0 650 494.665 300 89
0 650 494.747 300 89
0 650 494.849 300 89
0 650 494.932 300 89
0 650 495.022 300 89
0 650 495.119 300 89
0 650 495.224 300 89
0 650 495.315 300 89
0 650 495.403 300 89
0 650 495.488 300 89
0 650 495.57 300 89
0 650 495.651 300 89
0 650 495.736 300 89
0 650 495.822 300 89
0 650 495.908 300 89
0 650 495.992 300 89
0 650 496.081 300 89
0 650 496.179 300 89
0 650 496.266 300 89
0 650 496.358 300 89
0 650 496.446 300 89
0 650 496.536 300 89
0 650 496.642 300 89
0 650 496.731 300 89
0 650 496.829 300 89
0 650 496.928 300 89
0 650 497.024 300 89
0 650 497.103 300 89
0 650 497.194 300 89
0 650 497.287 300 89
0 650 497.382 300 89
0 650 497.472 300 89
0 650 497.57 300 89
0 650 497.662 300 89
0 650 497.749 300 89
0 650 497.836 300 89
0 650 497.925 300 89
0 650 498.015 300 89
0 650 498.105 300 89
0 650 498.193 300 89
0 650 498.289 300 89
0 650 498.378 300 89
0 650 498.481 300 89
0 650 498.575 300 89
0 650 498.679 300 89
0 650 498.768 300 89
0 650 498.865 300 89
0 650 498.948 300 89
0 650 499.041 300 89
0 650 499.13 300 89
0 650 499.229 300 89
0 650 499.322 300 89
0 650 499.422 300 89
0 650 499.525 300 89
0 650 499.625 300 89
0 650 499.72 300 89
0 650 499.812 300 89
0 650 499.904 300 89
0 650 499.998 300 89
0 650 500.092 300 89
0 650 500.174 300 89
0 650 500.263 300 89
0 650 500.353 300 89
0 650 500.441 300 89
0 650 500.543 300 89
0 650 500.646 300 89
0 650 500.745 300 89
0 650 500.838 300 89
0 650 500.938 300 89
0 650 501.034 300 89
0 650 501.127 300 89
0 650 501.216 300 89
0 650 501.307 300 89
0 650 501.397 300 89
0 650 501.497 300 89
0 650 501.589 300 89
0 650 501.683 300 89
0 650 501.773 300 89
0 650 501.866 300 89
0 650 501.968 300 89
0 650 502.059 300 89
0 650 502.158 300 89
0 650 502.258 300 89
0 650 502.354 300 89
0 650 502.446 300 89
0 650 502.539 300 89
0 650 502.633 300 89
0 650 502.721 300 89
0 650 502.812 300 89
0 650 502.893 300 89
0 650 502.983 300 89
0 650 503.071 300 89
0 650 503.154 300 89
0 650 503.245 300 89
0 650 503.338 300 89
0 650 503.427 300 89
0 650 503.525 300 89
0 650 503.623 300 89
0 650 503.704 300 89
0 650 503.797 300 89
0 650 503.887 300 89
0 650 503.983 300 89
0 650 504.09 300 89
0 650 504.179 300 89
0 650 504.275 300 89
0 650 504.373 300 89
0 650 504.464 300 89
0 650 504.551 300 89
0 650 504.635 300 89
0 650 504.73 300 89
0 650 504.823 300 89
0 650 504.917 300 89
0 650 505.007 300 89
0 650 505.098 300 89
0 650 505.186 300 89
0 650 505.285 300 89
0 650 505.389 300 89
0 650 505.484 300 89
0 650 505.578 300 89
0 650 505.671 300 89
0 650 505.755 300 89
0 650 505.899 300 89
0 650 505.986 300 89
0 650 506.078 300 89
0 650 506.167 300 89
0 650 506.264 300 89
0 650 506.359 300 89
0 650 506.448 300 89
0 650 506.546 300 89
0 650 506.639 300 89
0 650 506.739 300 89
0 650 506.829 300 89
0 650 506.926 300 89
0 650 507.021 300 89
0 650 507.122 300 89
0 650 507.223 300 89
0 650 507.308 300 89
0 650 507.411 300 89
0 650 507.512 300 89
0 650 507.61 300 89
0 650 507.708 300 89
0 650 507.799 300 89
0 650 507.887 300 89
0 650 507.985 300 89
0 650 508.098 300 89
0 650 508.211 300 89
0 650 508.304 300 89
0 650 508.401 300 89
0 650 508.501 300 89
0 650 508.596 300 89
0 650 508.689 300 89
0 650 508.787 300 89
0 650 508.873 300 89
0 650 508.964 300 89
0 650 509.058 300 89
0 650 509.148 300 89
0 650 509.243 300 89
0 650 509.336 300 89
0 650 509.428 300 89
0 650 509.516 300 89
0 650 509.606 300 89
0 650 509.693 300 89
0 650 509.784 300 89
0 650 509.881 300 89
0 650 509.974 300 89
0 650 510.059 300 89
0 650 510.153 300 89
0 650 510.25 300 89
0 650 510.347 300 89
0 650 510.432 300 89
0 650 510.526 300 89
0 650 510.612 300 89
0 650 510.703 300 89
0 650 510.798 300 89
0 650 510.9 300 89
0 650 510.994 300 89
0 650 511.092 300 89
0 650 511.197 300 89
0 650 511.297 300 89
0 650 511.393 300 89
0 650 511.493 300 89
0 650 511.582 300 89
0 650 511.674 300 89
0 650 511.758 300 89
0 650 511.842 300 89
0 650 511.944 300 89
0 650 512.038 300 89
0 650 512.132 300 89
0 650 512.218 300 89
0 650 512.317 300 89
0 650 512.424 300 89
0 650 512.518 300 89
0 650 512.613 300 89
0 650 512.7 300 89
0 650 512.788 300 89
0 650 512.88 300 89
0 650 512.977 300 89
0 650 513.08 300 89
0 650 513.181 300 89
0 650 513.283 300 89
0 650 513.348 300 89
0 650 513.405 300 89
0 650 513.467 300 89
0 650 513.534 300 89
0 650 513.6 300 89
0 650 513.66 300 89
0 650 513.725 300 89
0 650 513.789 300 89
0 650 513.85 300 89
0 650 513.914 300 89
0 650 513.982 300 89
0 650 514.039 300 89
0 650 514.106 300 89
0 650 514.177 300 89
0 650 514.235 300 89
0 650 514.307 300 89
0 650 514.373 300 89
0 650 514.434 300 89
0 650 514.5 300 89
0 650 514.564 300 89
0 650 514.629 300 89
0 650 514.692 300 89
0 650 514.755 300 89
0 650 514.819 300 89
0 650 514.885 300 89
0 650 514.949 300 89
0 650 515.009 300 89
0 650 515.075 300 89
0 650 515.129 300 89
0 650 515.193 300 89
0 650 515.259 300 89
0 650 515.325 300 89
0 650 515.386 300 89
0 650 515.443 300 89
0 650 515.506 300 89
0 650 515.568 300 89
0 650 515.632 300 89
0 650 515.698 300 89
0 650 515.765 300 89
0 650 515.828 300 89
0 650 515.888 300 89
0 650 515.955 300 89
0 650 516.019 300 89
0 650 516.081 300 89
0 650 516.147 300 89
0 650 516.211 300 89
0 650 516.275 300 89
0 650 516.337 300 89
0 650 516.399 300 89
0 650 516.456 300 89
0 650 516.516 300 89
0 650 516.581 300 89
0 650 516.644 300 89
0 650 516.704 300 89
0 650 516.768 300 89
0 650 516.828 300 89
0 650 516.891 300 89
0 650 516.937 300 89
0 650 517 300 89
0 650 517.062 300 89
0 650 517.117 300 89
0 650 517.18 300 89
0 650 517.246 300 89
0 650 517.314 300 89
0 650 517.374 300 89
0 650 517.43 300 89
0 650 517.491 300 89
0 650 517.555 300 89
0 650 517.609 300 89
0 650 517.671 300 89
0 650 517.771 300 89
0 650 517.862 300 89
0 650 517.952 300 89
0 650 518.033 300 89
0 650 518.139 300 89
0 650 518.24 300 89
0 650 518.332 300 89
0 650 518.425 300 89
0 650 518.536 300 89
0 650 518.648 300 89
0 650 518.742 300 89
0 650 518.835 300 89
0 650 518.919 300 89
0 650 519.008 300 89
0 650 519.087 300 89
0 650 519.172 300 89
0 650 519.271 300 89
0 650 519.364 300 89
0 650 519.456 300 89
0 650 519.548 300 89
0 650 519.639 300 89
0 650 519.733 300 89
0 650 519.823 300 89
0 650 519.906 300 89
0 650 519.992 300 89
0 650 520.089 300 89
0 650 520.183 300 89
0 650 520.299 300 89
0 650 520.391 300 89
0 650 520.449 300 89
0 650 520.508 300 89
0 650 520.571 300 89
0 650 520.636 300 89
0 650 520.699 300 89
0 650 520.76 300 89
0 650 520.824 300 89
0 650 520.879 300 89
0 650 520.943 300 89
0 650 520.996 300 89
0 650 521.079 300 89
0 650 521.171 300 89
0 650 521.269 300 89
0 650 521.366 300 89
0 650 521.458 300 89
0 650 521.549 300 89
0 650 521.639 300 89
0 650 521.733 300 89
0 650 521.821 300 89
0 650 521.906 300 89
0 650 521.996 300 89
0 650 522.086 300 89
0 650 522.175 300 89
0 650 522.271 300 89
0 650 522.351 300 89
0 650 522.436 300 89
0 650 522.53 300 89
0 650 522.629 300 89
0 650 522.724 300 89
0 650 522.819 300 89
0 650 522.902 300 89
0 650 522.991 300 89
0 650 523.086 300 89
0 650 523.18 300 89
0 650 523.238 300 89
0 650 523.367 300 89
0 650 523.46 300 89
0 650 523.544 300 89
0 650 523.633 300 89
0 650 523.718 300 89
0 650 523.81 300 89
0 650 523.901 300 89
0 650 523.999 300 89
0 650 524.085 300 89
0 650 524.169 300 89
0 650 524.26 300 89
0 650 524.347 300 89
0 650 524.436 300 89
0 650 524.532 300 89
0 650 524.629 300 89
0 650 524.728 300 89
0 650 524.811 300 89
0 650 524.906 300 89
0 650 524.996 300 89
0 650 525.084 300 89
0 650 525.181 300 89
0 650 525.28 300 89
0 650 525.383 300 89
0 650 525.478 300 89
0 650 525.581 300 89
0 650 525.681 300 89
0 650 525.771 300 89
0 650 525.867 300 89
0 650 525.952 300 89
0 650 526.021 300 89
0 650 526.124 300 89
0 650 526.208 300 89
0 650 526.298 300 89
0 650 526.385 300 89
0 650 526.471 300 89
0 650 526.562 300 89
0 650 526.644 300 89
0 650 526.739 300 89
0 650 526.836 300 89
0 650 526.922 300 89
0 650 527.012 300 89
0 650 527.113 300 89
0 650 527.199 300 89
0 650 527.288 300 89
0 650 527.378 300 89
0 650 527.467 300 89
0 650 527.559 300 89
0 650 527.655 300 89
0 650 527.746 300 89
0 650 527.843 300 89
0 650 527.972 300 89
0 650 528.065 300 89
0 650 528.154 300 89
0 650 528.248 300 89
0 650 528.339 300 89
0 650 528.433 300 89
0 650 528.522 300 89
0 650 528.614 300 89
0 650 528.713 300 89
0 650 528.803 300 89
0 650 528.909 300 89
0 650 529.004 300 89
0 650 529.094 300 89
0 650 529.182 300 89
0 650 529.277 300 89
0 650 529.365 300 89
0 650 529.461 300 89
0 650 529.55 300 89
0 650 529.643 300 89
0 650 529.732 300 89
0 650 529.819 300 89
0 650 529.914 300 89
0 650 530.009 300 89
0 650 530.093 300 89
0 650 530.181 300 89
0 650 530.31 300 89
0 650 530.392 300 89
0 650 530.483 300 89
0 650 530.567 300 89
0 650 530.657 300 89
0 650 530.745 300 89
0 650 530.833 300 89
0 650 530.93 300 89
0 650 531.014 300 89
0 650 531.103 300 89
0 650 531.188 300 89
0 650 531.282 300 89
0 650 531.364 300 89
0 650 531.463 300 89
0 650 531.551 300 89
0 650 531.645 300 89
0 650 531.741 300 89
0 650 531.834 300 89
0 650 531.929 300 89
0 650 532.017 300 89
0 650 532.106 300 89
0 650 532.191 300 89
0 650 532.282 300 89
0 650 532.369 300 89
0 650 532.457 300 89
0 650 532.547 300 89
0 650 532.638 300 89
0 650 532.731 300 89
0 650 532.819 300 89
0 650 532.911 300 89
0 650 533.007 300 89
0 650 533.095 300 89
0 650 533.172 300 89
0 650 533.252 300 89
0 650 533.342 300 89
0 650 533.429 300 89
0 650 533.512 300 89
0 650 533.611 300 89
0 650 533.702 300 89
0 650 533.793 300 89
0 650 533.893 300 89
0 650 533.981 300 89
0 650 534.066 300 89
0 650 534.153 300 89
0 650 534.246 300 89
0 650 534.335 300 89
0 650 534.414 300 89
0 650 534.504 300 89
0 650 534.59 300 89
0 650 534.669 300 89
0 650 534.725 300 89
0 650 534.813 300 89
0 650 534.898 300 89
0 650 534.982 300 89
0 650 535.069 300 89
0 650 535.163 300 89
0 650 535.252 300 89
0 650 535.342 300 89
0 650 535.438 300 89
0 650 535.53 300 89
0 650 535.627 300 89
0 650 535.702 300 89
0 650 535.785 300 89
0 650 535.877 300 89
0 650 535.968 300 89
0 650 536.07 300 89
0 650 536.159 300 89
0 650 536.253 300 89
0 650 536.338 300 89
0 650 536.42 300 89
0 650 536.498 300 89
0 650 536.59 300 89
0 650 536.684 300 89
0 650 536.775 300 89
0 650 536.86 300 89
0 650 536.95 300 89
0 650 537.03 300 89
0 650 537.115 300 89
0 650 537.206 300 89
0 650 537.291 300 89
0 650 537.373 300 89
0 650 537.453 300 89
0 650 537.537 300 89
0 650 537.619 300 89
0 650 537.706 300 89
0 650 537.791 300 89
0 650 537.878 300 89
0 650 537.969 300 89
0 650 538.066 300 89
0 650 538.153 300 89
0 650 538.243 300 89
0 650 538.326 300 89
0 650 538.435 300 89
0 650 538.523 300 89
0 650 538.613 300 89
0 650 538.699 300 89
0 650 538.797 300 89
0 650 538.887 300 89
0 650 538.978 300 89
0 650 539.068 300 89
0 650 539.151 300 89
0 650 539.233 300 89
0 650 539.319 300 89
0 650 539.402 300 89
0 650 539.493 300 89
0 650 539.573 300 89
0 650 539.657 300 89
0 650 539.744 300 89
0 650 539.836 300 89
0 650 539.92 300 89
0 650 540.008 300 89
0 650 540.096 300 89
0 650 540.19 300 89
0 650 540.282 300 89
0 650 540.377 300 89
0 650 540.469 300 89
0 650 540.562 300 89
0 650 540.644 300 89
0 650 540.739 300 89
0 650 540.828 300 89
0 650 540.915 300 89
0 650 541.006 300 89
0 650 541.088 300 89
0 650 541.169 300 89
0 650 541.246 300 89
0 650 541.333 300 89
0 650 541.417 300 89
0 650 541.505 300 89
0 650 541.597 300 89
0 650 541.688 300 89
0 650 541.775 300 89
0 650 541.867 300 89
0 650 541.949 300 89
0 650 542.042 300 89
0 650 542.132 300 89
0 650 542.218 300 89
0 650 542.293 300 89
0 650 542.379 300 89
0 650 542.474 300 89
0 650 542.567 300 89
0 650 542.661 300 89
0 650 542.753 300 89
0 650 542.867 300 89
0 650 542.958 300 89
0 650 543.045 300 89
0 650 543.134 300 89
0 650 543.221 300 89
0 650 543.307 300 89
0 650 543.388 300 89
0 650 543.476 300 89
0 650 543.575 300 89
0 650 543.667 300 89
0 650 543.746 300 89
0 650 543.833 300 89
0 650 543.924 300 89
0 650 544.004 300 89
0 650 544.087 300 89
0 650 544.169 300 89
0 650 544.26 300 89
0 650 544.334 300 89
0 650 544.417 300 89
0 650 544.504 300 89
0 650 544.583 300 89
0 650 544.665 300 89
0 650 544.756 300 89
0 650 544.842 300 89
0 650 544.929 300 89
0 650 545.017 300 89
0 650 545.109 300 89
0 650 545.206 300 89
0 650 545.292 300 89
0 650 545.385 300 89
0 650 545.481 300 89
0 650 545.565 300 89
0 650 545.659 300 89
0 650 545.749 300 89
0 650 545.829 300 89
0 650 545.918 300 89
0 650 546.007 300 89
0 650 546.096 300 89
0 650 546.185 300 89
0 650 546.267 300 89
0 650 546.36 300 89
0 650 546.445 300 89
0 650 546.532 300 89
0 650 546.613 300 89
0 650 546.707 300 89
0 650 546.792 300 89
0 650 546.88 300 89
0 650 546.977 300 89
0 650 547.065 300 89
0 650 547.146 300 89
0 650 547.226 300 89
0 650 547.303 300 89
0 650 547.39 300 89
0 650 547.476 300 89
0 650 547.563 300 89
0 650 547.626 300 89
0 650 547.714 300 89
0 650 547.798 300 89
0 650 547.929 300 89
0 650 548.02 300 89
0 650 548.11 300 89
0 650 548.2 300 89
0 650 548.286 300 89
0 650 548.372 300 89
0 650 548.466 300 89
0 650 548.556 300 89
0 650 548.643 300 89
0 650 548.733 300 89
0 650 548.815 300 89
0 650 548.888 300 89
0 650 548.974 300 89
0 650 549.057 300 89
0 650 549.145 300 89
0 650 549.231 300 89
0 650 549.317 300 89
0 650 549.403 300 89
0 650 549.492 300 89
0 650 549.577 300 89
0 650 549.67 300 89
0 650 549.768 300 89
0 650 549.857 300 89
0 650 549.957 300 89
0 650 550.048 300 89
0 650 550.122 300 89
0 650 550.221 300 89
0 650 550.308 300 89
0 650 550.389 300 89
0 650 550.478 300 89
0 650 550.565 300 89
0 650 550.651 300 89
0 650 550.742 300 89
0 650 550.827 300 89
0 650 550.919 300 89
0 650 551.013 300 89
0 650 551.097 300 89
0 650 551.177 300 89
0 650 551.265 300 89
0 650 551.351 300 89
0 650 551.443 300 89
0 650 551.538 300 89
0 650 551.629 300 89
0 650 551.716 300 89
0 650 551.803 300 89
0 650 551.889 300 89
0 650 551.978 300 89
0 650 552.068 300 89
0 650 552.159 300 89
0 650 552.251 300 89
0 650 552.342 300 89
0 650 552.43 300 89
0 650 552.517 300 89
0 650 552.597 300 89
0 650 552.686 300 89
0 650 552.768 300 89
0 650 552.857 300 89
0 650 552.945 300 89
0 650 553.038 300 89
0 650 553.129 300 89
0 650 553.206 300 89
0 650 553.296 300 89
0 650 553.387 300 89
0 650 553.469 300 89
0 650 553.551 300 89
0 650 553.636 300 89
0 650 553.721 300 89
0 650 553.808 300 89
0 650 553.892 300 89
0 650 553.973 300 89
0 650 554.063 300 89
0 650 554.156 300 89
0 650 554.25 300 89
0 650 554.344 300 89
0 650 554.437 300 89
0 650 554.522 300 89
0 650 554.609 300 89
0 650 554.693 300 89
0 650 554.778 300 89
0 650 554.866 300 89
0 650 554.956 300 89
0 650 555.031 300 89
0 650 555.104 300 89
0 650 555.183 300 89
0 650 555.27 300 89
0 650 555.361 300 89
0 650 555.452 300 89
0 650 555.534 300 89
0 650 555.621 300 89
0 650 555.713 300 89
0 650 555.798 300 89
0 650 555.889 300 89
0 650 555.97 300 89
0 650 556.065 300 89
0 650 556.156 300 89
0 650 556.242 300 89
0 650 556.332 300 89
0 650 556.419 300 89
0 650 556.504 300 89
0 650 556.584 300 89
0 650 556.667 300 89
0 650 556.755 300 89
0 650 556.891 300 89
0 650 556.975 300 89
0 650 557.069 300 89
0 650 557.159 300 89
0 650 557.25 300 89
0 650 557.348 300 89
0 650 557.435 300 89
0 650 557.524 300 89
0 650 557.596 300 89
0 650 557.688 300 89
0 650 557.777 300 89
0 650 557.87 300 89
0 650 557.965 300 89
0 650 558.039 300 89
0 650 558.127 300 89
0 650 558.213 300 89
0 650 558.3 300 89
0 650 558.377 300 89
0 650 558.467 300 89
0 650 558.545 300 89
0 650 558.63 300 89
0 650 558.71 300 89
0 650 558.808 300 89
0 650 558.893 300 89
0 650 558.987 300 89
0 650 559.075 300 89
0 650 559.16 300 89
0 650 559.233 300 89
0 650 559.318 300 89
0 650 559.403 300 89
0 650 559.497 300 89
0 650 559.589 300 89
0 650 559.673 300 89
0 650 559.786 300 89
0 650 559.872 300 89
0 650 559.955 300 89
0 650 560.038 300 89
0 650 560.111 300 89
0 650 560.193 300 89
0 650 560.28 300 89
0 650 560.361 300 89
0 650 560.447 300 89
0 650 560.536 300 89
0 650 560.616 300 89
0 650 560.7 300 89
0 650 560.787 300 89
0 650 560.868 300 89
0 650 560.953 300 89
0 650 561.039 300 89
0 650 561.117 300 89
0 650 561.21 300 89
0 650 561.298 300 89
0 650 561.388 300 89
0 650 561.47 300 89
0 650 561.573 300 89
0 650 561.67 300 89
0 650 561.756 300 89
0 650 561.848 300 89
0 650 561.955 300 89
0 650 562.056 300 89
0 650 562.143 300 89
0 650 562.23 300 89
0 650 562.308 300 89
0 650 562.397 300 89
0 650 562.483 300 89
0 650 562.564 300 89
0 650 562.647 300 89
0 650 562.722 300 89
0 650 562.798 300 89
0 650 562.88 300 89
0 650 562.968 300 89
0 650 563.05 300 89
0 650 563.137 300 89
0 650 563.222 300 89
0 650 563.316 300 89
0 650 563.399 300 89
0 650 563.476 300 89
0 650 563.56 300 89
0 650 563.653 300 89
0 650 563.73 300 89
0 650 563.819 300 89
0 650 563.911 300 89
0 650 564.004 300 89
0 650 564.09 300 89
0 650 564.174 300 89
0 650 564.259 300 89
0 650 564.36 300 89
0 650 564.418 300 89
0 650 564.473 300 89
0 650 564.528 300 89
0 650 564.592 300 89
0 650 564.654 300 89
0 650 564.713 300 89
0 650 564.774 300 89
0 650 564.836 300 89
0 650 564.898 300 89
0 650 564.961 300 89
0 650 565.027 300 89
0 650 565.082 300 89
0 650 565.145 300 89
0 650 565.205 300 89
0 650 565.268 300 89
0 650 565.322 300 89
0 650 565.381 300 89
0 650 565.421 300 89
0 650 565.486 300 89
0 650 565.545 300 89
0 650 565.601 300 89
0 650 565.666 300 89
0 650 565.732 300 89
0 650 565.787 300 89
0 650 565.848 300 89
0 650 565.908 300 89
0 650 565.966 300 89
0 650 566.026 300 89
0 650 566.09 300 89
0 650 566.155 300 89
0 650 566.218 300 89
0 650 566.277 300 89
0 650 566.342 300 89
0 650 566.4 300 89
0 650 566.461 300 89
0 650 566.53 300 89
0 650 566.595 300 89
0 650 566.66 300 89
0 650 566.711 300 89
0 650 566.768 300 89
0 650 566.826 300 89
0 650 566.889 300 89
0 650 566.947 300 89
0 650 567.009 300 89
0 650 567.069 300 89
0 650 567.133 300 89
0 650 567.189 300 89
0 650 567.25 300 89
0 650 567.311 300 89
0 650 567.37 300 89
0 650 567.423 300 89
0 650 567.482 300 89
0 650 567.543 300 89
0 650 567.607 300 89
0 650 567.674 300 89
0 650 567.727 300 89
0 650 567.789 300 89
0 650 567.847 300 89
0 650 567.905 300 89
0 650 567.966 300 89
0 650 568.028 300 89
0 650 568.119 300 89
0 650 568.205 300 89
0 650 568.295 300 89
0 650 568.372 300 89
0 650 568.457 300 89
0 650 568.544 300 89
0 650 568.638 300 89
0 650 568.731 300 89
0 650 568.828 300 89
0 650 568.911 300 89
0 650 568.996 300 89
0 650 569.087 300 89
0 650 569.177 300 89
0 650 569.268 300 89
0 650 569.355 300 89
0 650 569.441 300 89
0 650 569.53 300 89
0 650 569.614 300 89
0 650 569.7 300 89
0 650 569.776 300 89
0 650 569.854 300 89
0 650 569.933 300 89
0 650 570.032 300 89
0 650 570.123 300 89
0 650 570.208 300 89
0 650 570.296 300 89
0 650 570.38 300 89
0 650 570.464 300 89
0 650 570.553 300 89
0 650 570.636 300 89
0 650 570.721 300 89
0 650 570.806 300 89
0 650 570.899 300 89
0 650 570.989 300 89
0 650 571.07 300 89
0 650 571.17 300 89
0 650 571.255 300 89
0 650 571.343 300 89
0 650 571.434 300 89
0 650 571.522 300 89
0 650 571.604 300 89
0 650 571.69 300 89
0 650 571.774 300 89
0 650 571.851 300 89
0 650 571.945 300 89
0 650 572.025 300 89
0 650 572.117 300 89
0 650 572.204 300 89
0 650 572.29 300 89
0 650 572.388 300 89
0 650 572.476 300 89
0 650 572.562 300 89
0 650 572.645 300 89
0 650 572.735 300 89
0 650 572.814 300 89
0 650 572.907 300 89
0 650 572.992 300 89
0 650 573.076 300 89
0 650 573.164 300 89
0 650 573.257 300 89
0 650 573.346 300 89
0 650 573.432 300 89
0 650 573.517 300 89
0 650 573.599 300 89
0 650 573.678 300 89
0 650 573.765 300 89
0 650 573.858 300 89
0 650 573.949 300 89
0 650 574.04 300 89
0 650 574.13 300 89
0 650 574.218 300 89
0 650 574.302 300 89
0 650 574.392 300 89
0 650 574.448 300 89
0 650 574.539 300 89
0 650 574.629 300 89
0 650 574.71 300 89
0 650 574.8 300 89
0 650 574.898 300 89
0 650 574.989 300 89
0 650 575.08 300 89
0 650 575.163 300 89
0 650 575.239 300 89
0 650 575.317 300 89
0 650 575.406 300 89
0 650 575.491 300 89
0 650 575.574 300 89
0 650 575.657 300 89
0 650 575.74 300 89
0 650 575.82 300 89
0 650 575.915 300 89
0 650 576.003 300 89
0 650 576.088 300 89
0 650 576.173 300 89
0 650 576.281 300 89
0 650 576.366 300 89
0 650 576.457 300 89
0 650 576.545 300 89
0 650 576.637 300 89
0 650 576.727 300 89
0 650 576.822 300 89
0 650 576.908 300 89
0 650 576.999 300 89
0 650 577.09 300 89
0 650 577.178 300 89
0 650 577.267 300 89
0 650 577.353 300 89
0 650 577.447 300 89
0 650 577.534 300 89
0 650 577.625 300 89
0 650 577.716 300 89
0 650 577.794 300 89
0 650 577.877 300 89
0 650 577.96 300 89
0 650 578.056 300 89
0 650 578.142 300 89
0 650 578.232 300 89
0 650 578.31 300 89
0 650 578.402 300 89
0 650 578.494 300 89
0 650 578.583 300 89
0 650 578.662 300 89
0 650 578.75 300 89
0 650 578.839 300 89
0 650 578.929 300 89
0 650 579.018 300 89
0 650 579.076 300 89
0 650 579.168 300 89
0 650 579.255 300 89
0 650 579.341 300 89
0 650 579.432 300 89
0 650 579.518 300 89
0 650 579.609 300 89
0 650 579.703 300 89
0 650 579.794 300 89
0 650 579.885 300 89
0 650 579.975 300 89
0 650 580.077 300 89
0 650 580.161 300 89
0 650 580.257 300 89
0 650 580.349 300 89
0 650 580.435 300 89
0 650 580.524 300 89
0 650 580.617 300 89
0 650 580.708 300 89
0 650 580.801 300 89
0 650 580.892 300 89
0 650 580.98 300 89
0 650 581.062 300 89
0 650 581.15 300 89
0 650 581.242 300 89
0 650 581.33 300 89
0 650 581.419 300 89
0 650 581.511 300 89
0 650 581.598 300 89
0 650 581.688 300 89
0 650 581.76 300 89
0 650 581.848 300 89
0 650 581.934 300 89
0 650 582.022 300 89
0 650 582.121 300 89
0 650 582.204 300 89
0 650 582.29 300 89
0 650 582.38 300 89
0 650 582.473 300 89
0 650 582.6 300 89
0 650 582.684 300 89
0 650 582.782 300 89
0 650 582.871 300 89
0 650 582.966 300 89
0 650 583.056 300 89
0 650 583.141 300 89
0 650 583.226 300 89
0 650 583.309 300 89
0 650 583.395 300 89
0 650 583.483 300 89
0 650 583.568 300 89
0 650 583.65 300 89
0 650 583.719 300 89
0 650 583.793 300 89
0 650 583.876 300 89
0 650 583.96 300 89
0 650 584.051 300 89
0 650 584.136 300 89
0 650 584.218 300 89
0 650 584.306 300 89
0 650 584.389 300 89
0 650 584.475 300 89
0 650 584.565 300 89
0 650 584.655 300 89
0 650 584.743 300 89
0 650 584.825 300 89
0 650 584.914 300 89
0 650 584.998 300 89
0 650 585.087 300 89
0 650 585.173 300 89
0 650 585.263 300 89
0 650 585.357 300 89
0 650 585.45 300 89
0 650 585.529 300 89
0 650 585.62 300 89
0 650 585.715 300 89
0 650 585.806 300 89
0 650 585.891 300 89
0 650 585.971 300 89
0 650 586.063 300 89
0 650 586.153 300 89
0 650 586.243 300 89
0 650 586.33 300 89
0 650 586.412 300 89
0 650 586.501 300 89
0 650 586.583 300 89
0 650 586.667 300 89
0 650 586.753 300 89
0 650 586.833 300 89
0 650 586.919 300 89
0 650 587.002 300 89
0 650 587.088 300 89
0 650 587.18 300 89
0 650 587.273 300 89
0 650 587.368 300 89
0 650 587.463 300 89
0 650 587.573 300 89
0 650 587.663 300 89
0 650 587.755 300 89
0 650 587.842 300 89
0 650 587.922 300 89
0 650 588.008 300 89
0 650 588.097 300 89
0 650 588.186 300 89
0 650 588.265 300 89
0 650 588.355 300 89
0 650 588.433 300 89
0 650 588.525 300 89
0 650 588.621 300 89
0 650 588.706 300 89
0 650 588.795 300 89
0 650 588.876 300 89
0 650 588.949 300 89
0 650 589.036 300 89
0 650 589.119 300 89
0 650 589.203 300 89
0 650 589.296 300 89
0 650 589.39 300 89
0 650 589.484 300 89
0 650 589.569 300 89
0 650 589.655 300 89
0 650 589.745 300 89
0 650 589.841 300 89
0 650 589.935 300 89
0 650 590.03 300 89
0 650 590.12 300 89
0 650 590.208 300 89
0 650 590.291 300 89
0 650 590.384 300 89
0 650 590.476 300 89
0 650 590.569 300 89
0 650 590.658 300 89
0 650 590.742 300 89
0 650 590.832 300 89
0 650 590.922 300 89
0 650 591.014 300 89
0 650 591.104 300 89
0 650 591.194 300 89
0 650 591.274 300 89
0 650 591.359 300 89
0 650 591.442 300 89
0 650 591.532 300 89
0 650 591.623 300 89
0 650 591.715 300 89
0 650 591.803 300 89
0 650 591.889 300 89
0 650 591.98 300 89
0 650 592.068 300 89
0 650 592.161 300 89
0 650 592.25 300 89
0 650 592.337 300 89
0 650 592.432 300 89
0 650 592.523 300 89
0 650 592.603 300 89
0 650 592.681 300 89
0 650 592.77 300 89
0 650 592.863 300 89
0 650 592.959 300 89
0 650 593.043 300 89
0 650 593.132 300 89
0 650 593.227 300 89
0 650 593.32 300 89
0 650 593.406 300 89
0 650 593.505 300 89
0 650 593.595 300 89
0 650 593.682 300 89
0 650 593.776 300 89
0 650 593.866 300 89
0 650 593.949 300 89
0 650 594.047 300 89
0 650 594.137 300 89
0 650 594.227 300 89
0 650 594.317 300 89
0 650 594.401 300 89
0 650 594.477 300 89
0 650 594.569 300 89
0 650 594.656 300 89
0 650 594.744 300 89
0 650 594.839 300 89
0 650 594.935 300 89
0 650 595.03 300 89
0 650 595.119 300 89
0 650 595.208 300 89
0 650 595.301 300 89
0 650 595.401 300 89
0 650 595.484 300 89
0 650 595.583 300 89
0 650 595.675 300 89
0 650 595.766 300 89
0 650 595.856 300 89
0 650 595.945 300 89
0 650 596.035 300 89
0 650 596.116 300 89
0 650 596.213 300 89
0 650 596.305 300 89
0 650 596.404 300 89
0 650 596.507 300 89
0 650 596.601 300 89
0 650 596.693 300 89
0 650 596.781 300 89
0 650 596.869 300 89
0 650 596.958 300 89
0 650 597.05 300 89
0 650 597.136 300 89
0 650 597.229 300 89
0 650 597.324 300 89
0 650 597.414 300 89
0 650 597.514 300 89
0 650 597.602 300 89
0 650 597.693 300 89
0 650 597.781 300 89
0 650 597.87 300 89
0 650 597.966 300 89
0 650 598.067 300 89
0 650 598.156 300 89
0 650 598.211 300 89
0 650 598.308 300 89
0 650 598.402 300 89
0 650 598.496 300 89
0 650 598.59 300 89
0 650 598.687 300 89
0 650 598.779 300 89
0 650 598.87 300 89
0 650 598.949 300 89
0 650 599.048 300 89
0 650 599.138 300 89
0 650 599.234 300 89
0 650 599.326 300 89
0 650 599.419 300 89
0 650 599.505 300 89
0 650 599.628 300 89
0 650 599.71 300 89
0 650 599.802 300 89
0 650 599.893 300 89
0 650 599.985 300 89
0 650 600.068 300 89
0 650 600.152 300 89
0 650 600.245 300 89
0 650 600.333 300 89
0 650 600.429 300 89
0 650 600.489 300 89
0 650 600.58 300 89
0 650 600.674 300 89
0 650 600.757 300 89
0 650 600.844 300 89
0 650 600.938 300 89
0 650 601.022 300 89
0 650 601.118 300 89
0 650 601.215 300 89
0 650 601.315 300 89
0 650 601.409 300 89
0 650 601.512 300 89
0 650 601.606 300 89
0 650 601.695 300 89
0 650 601.784 300 89
0 650 601.878 300 89
0 650 601.967 300 89
0 650 602.053 300 89
0 650 602.149 300 89
0 650 602.241 300 89
0 650 602.343 300 89
0 650 602.435 300 89
0 650 602.522 300 89
0 650 602.608 300 89
0 650 602.692 300 89
0 650 602.785 300 89
0 650 602.873 300 89
0 650 602.967 300 89
0 650 603.053 300 89
0 650 603.146 300 89
0 650 603.238 300 89
0 650 603.32 300 89
0 650 603.413 300 89
0 650 603.497 300 89
0 650 603.593 300 89
0 650 603.678 300 89
0 650 603.767 300 89
0 650 603.862 300 89
0 650 603.952 300 89
0 650 604.045 300 89
0 650 604.139 300 89
0 650 604.266 300 89
0 650 604.368 300 89
0 650 604.466 300 89
0 650 604.568 300 89
0 650 604.655 300 89
0 650 604.747 300 89
0 650 604.839 300 89
0 650 604.933 300 89
0 650 605.028 300 89
0 650 605.122 300 89
0 650 605.207 300 89
0 650 605.298 300 89
0 650 605.395 300 89
0 650 605.483 300 89
0 650 605.577 300 89
0 650 605.677 300 89
0 650 605.765 300 89
0 650 605.86 300 89
0 650 605.955 300 89
0 650 606.047 300 89
0 650 606.144 300 89
0 650 606.239 300 89
0 650 606.331 300 89
0 650 606.427 300 89
0 650 606.519 300 89
0 650 606.607 300 89
0 650 606.691 300 89
0 650 606.787 300 89
0 650 606.882 300 89
0 650 606.979 300 89
0 650 607.06 300 89
0 650 607.155 300 89
0 650 607.242 300 89
0 650 607.331 300 89
0 650 607.414 300 89
0 650 607.502 300 89
0 650 607.595 300 89
0 650 607.719 300 89
0 650 607.821 300 89
0 650 607.906 300 89
0 650 607.998 300 89
0 650 608.086 300 89
0 650 608.173 300 89
0 650 608.272 300 89
0 650 608.371 300 89
0 650 608.467 300 89
0 650 608.557 300 89
0 650 608.648 300 89
0 650 608.737 300 89
0 650 608.819 300 89
0 650 608.907 300 89
0 650 608.999 300 89
0 650 609.09 300 89
0 650 609.182 300 89
0 650 609.279 300 89
0 650 609.369 300 89
0 650 609.464 300 89
0 650 609.557 300 89
0 650 609.654 300 89
0 650 609.741 300 89
0 650 609.838 300 89
0 650 609.89 300 89
0 650 609.986 300 89
0 650 610.076 300 89
0 650 610.171 300 89
0 650 610.258 300 89
0 650 610.351 300 89
0 650 610.44 300 89
0 650 610.532 300 89
0 650 610.621 300 89
0 650 610.7 300 89
0 650 610.79 300 89
0 650 610.884 300 89
0 650 610.982 300 89
0 650 611.075 300 89
0 650 611.163 300 89
0 650 611.255 300 89
0 650 611.352 300 89
0 650 611.44 300 89
0 650 611.522 300 89
0 650 611.618 300 89
0 650 611.706 300 89
0 650 611.792 300 89
0 650 611.884 300 89
0 650 611.981 300 89
0 650 612.07 300 89
0 650 612.159 300 89
0 650 612.257 300 89
0 650 612.358 300 89
0 650 612.456 300 89
0 650 612.563 300 89
0 650 612.66 300 89
0 650 612.751 300 89
0 650 612.84 300 89
0 650 612.93 300 89
0 650 613.036 300 89
0 650 613.13 300 89
0 650 613.223 300 89
0 650 613.326 300 89
0 650 613.412 300 89
0 650 613.509 300 89
0 650 613.614 300 89
0 650 613.711 300 89
0 650 613.804 300 89
0 650 613.902 300 89
0 650 614.007 300 89
0 650 614.11 300 89
0 650 614.211 300 89
0 650 614.317 300 89
0 650 614.404 300 89
0 650 614.503 300 89
0 650 614.597 300 89
0 650 614.684 300 89
0 650 614.782 300 89
0 650 614.877 300 89
0 650 614.966 300 89
0 650 615.067 300 89
0 650 615.165 300 89
0 650 615.265 300 89
0 650 615.363 300 89
0 650 615.454 300 89
0 650 615.542 300 89
0 650 615.631 300 89
0 650 615.723 300 89
0 650 615.803 300 89
0 650 615.894 300 89
0 650 615.987 300 89
0 650 616.079 300 89
0 650 616.176 300 89
0 650 616.275 300 89
0 650 616.368 300 89
0 650 616.468 300 89
0 650 616.571 300 89
0 650 616.668 300 89
0 650 616.766 300 89
0 650 616.846 300 89
0 650 616.95 300 89
0 650 617.038 300 89
0 650 617.131 300 89
0 650 617.223 300 89
0 650 617.316 300 89
0 650 617.447 300 89
0 650 617.553 300 89
0 650 617.654 300 89
0 650 617.749 300 89
0 650 617.832 300 89
0 650 617.919 300 89
0 650 618 300 89
0 650 618.096 300 89
0 650 618.191 300 89
0 650 618.289 300 89
0 650 618.392 300 89
0 650 618.483 300 89
0 650 618.574 300 89
0 650 618.66 300 89
0 650 618.76 300 89
0 650 618.859 300 89
0 650 618.95 300 89
0 650 619.042 300 89
0 650 619.143 300 89
0 650 619.24 300 89
0 650 619.342 300 89
0 650 619.439 300 89
0 650 619.526 300 89
0 650 619.621 300 89
0 650 619.717 300 89
0 650 619.821 300 89
0 650 619.921 300 89
0 650 620.017 300 89
0 650 620.121 300 89
0 650 620.214 300 89
0 650 620.324 300 89
0 650 620.428 300 89
0 650 620.523 300 89
0 650 620.616 300 89
0 650 620.711 300 89
0 650 620.816 300 89
0 650 620.911 300 89
0 650 621.014 300 89
0 650 621.115 300 89
0 650 621.204 300 89
0 650 621.298 300 89
0 650 621.393 300 89
0 650 621.483 300 89
0 650 621.574 300 89
0 650 621.668 300 89
0 650 621.759 300 89
0 650 621.856 300 89
0 650 621.947 300 89
0 650 622.035 300 89
0 650 622.126 300 89
0 650 622.223 300 89
0 650 622.317 300 89
0 650 622.408 300 89
0 650 622.505 300 89
0 650 622.601 300 89
0 650 622.701 300 89
0 650 622.798 300 89
0 650 622.894 300 89
0 650 622.993 300 89
0 650 623.08 300 89
0 650 623.17 300 89
0 650 623.26 300 89
0 650 623.353 300 89
0 650 623.447 300 89
0 650 623.539 300 89
0 650 623.635 300 89
0 650 623.73 300 89
0 650 623.833 300 89
0 650 623.952 300 89
0 650 624.036 300 89
0 650 624.135 300 89
0 650 624.219 300 89
0 650 624.312 300 89
0 650 624.405 300 89
0 650 624.492 300 89
0 650 624.587 300 89
0 650 624.682 300 89
0 650 624.791 300 89
0 650 624.889 300 89
0 650 624.986 300 89
0 650 625.082 300 89
0 650 625.173 300 89
0 650 625.27 300 89
0 650 625.36 300 89
0 650 625.459 300 89
0 650 625.546 300 89
0 650 625.634 300 89
0 650 625.723 300 89
0 650 625.814 300 89
0 650 625.905 300 89
0 650 625.996 300 89
0 650 626.094 300 89
0 650 626.175 300 89
0 650 626.265 300 89
0 650 626.345 300 89
0 650 626.441 300 89
0 650 626.538 300 89
0 650 626.633 300 89
0 650 626.725 300 89
0 650 626.806 300 89
0 650 626.89 300 89
0 650 626.986 300 89
0 650 627.078 300 89
0 650 627.165 300 89
0 650 627.252 300 89
0 650 627.336 300 89
0 650 627.425 300 89
0 650 627.523 300 89
0 650 627.613 300 89
0 650 627.71 300 89
0 650 627.81 300 89
0 650 627.891 300 89
0 650 627.978 300 89
0 650 628.073 300 89
0 650 628.167 300 89
0 650 628.262 300 89
0 650 628.362 300 89
0 650 628.449 300 89
0 650 628.541 300 89
0 650 628.63 300 89
0 650 628.713 300 89
0 650 628.801 300 89
0 650 628.894 300 89
0 650 628.981 300 89
0 650 629.069 300 89
0 650 629.159 300 89
0 650 629.247 300 89
0 650 629.334 300 89
0 650 629.424 300 89
0 650 629.537 300 89
0 650 629.626 300 89
0 650 629.707 300 89
0 650 629.785 300 89
0 650 629.877 300 89
0 650 629.951 300 89
0 650 630.024 300 89
0 650 630.086 300 89
0 650 630.147 300 89
0 650 630.211 300 89
0 650 630.278 300 89
0 650 630.347 300 89
0 650 630.441 300 89
0 650 630.538 300 89
0 650 630.615 300 89
0 650 630.699 300 89
0 650 630.783 300 89
0 650 630.871 300 89
0 650 630.967 300 89
0 650 631.06 300 89
0 650 631.152 300 89
0 650 631.248 300 89
0 650 631.347 300 89
0 650 631.446 300 89
0 650 631.528 300 89
0 650 631.632 300 89
0 650 631.727 300 89
0 650 631.83 300 89
0 650 631.93 300 89
0 650 632.026 300 89
0 650 632.107 300 89
0 650 632.2 300 89
0 650 632.29 300 89
0 650 632.386 300 89
0 650 632.48 300 89
0 650 632.573 300 89
0 650 632.662 300 89
0 650 632.754 300 89
0 650 632.851 300 89
0 650 632.949 300 89
0 650 633.044 300 89
0 650 633.131 300 89
0 650 633.229 300 89
0 650 633.326 300 89
0 650 633.414 300 89
0 650 633.507 300 89
0 650 633.598 300 89
0 650 633.694 300 89
0 650 633.784 300 89
0 650 633.867 300 89
0 650 633.963 300 89
0 650 634.053 300 89
0 650 634.142 300 89
0 650 634.239 300 89
0 650 634.335 300 89
0 650 634.428 300 89
0 650 634.521 300 89
0 650 634.613 300 89
0 650 634.711 300 89
0 650 634.801 300 89
0 650 634.897 300 89
0 650 634.987 300 89
0 650 635.081 300 89
0 650 635.178 300 89
0 650 635.272 300 89
0 650 635.361 300 89
0 650 635.457 300 89
0 650 635.542 300 89
0 650 635.638 300 89
0 650 635.723 300 89
0 650 635.819 300 89
0 650 635.914 300 89
0 650 636.007 300 89
0 650 636.102 300 89
0 650 636.192 300 89
0 650 636.273 300 89
0 650 636.368 300 89
0 650 636.459 300 89
0 650 636.557 300 89
0 650 636.655 300 89
0 650 636.748 300 89
0 650 636.842 300 89
0 650 636.933 300 89
0 650 637.024 300 89
0 650 637.114 300 89
0 650 637.204 300 89
0 650 637.301 300 89
0 650 637.39 300 89
0 650 637.483 300 89
0 650 637.576 300 89
0 650 637.674 300 89
0 650 637.761 300 89
0 650 637.841 300 89
0 650 637.932 300 89
0 650 638.027 300 89
0 650 638.121 300 89
0 650 638.214 300 89
0 650 638.303 300 89
0 650 638.403 300 89
0 650 638.492 300 89
0 650 638.584 300 89
0 650 638.667 300 89
0 650 638.755 300 89
0 650 638.851 300 89
0 650 638.935 300 89
0 650 639.032 300 89
0 650 639.122 300 89
0 650 639.212 300 89
0 650 639.303 300 89
0 650 639.393 300 89
0 650 639.487 300 89
0 650 639.583 300 89
0 650 639.674 300 89
0 650 639.77 300 89
0 650 639.859 300 89
0 650 639.951 300 89
0 650 640.042 300 89
0 650 640.127 300 89
0 650 640.212 300 89
0 650 640.294 300 89
0 650 640.375 300 89
0 650 640.467 300 89
0 650 640.555 300 89
0 650 640.642 300 89
0 650 640.738 300 89
0 650 640.843 300 89
0 650 640.936 300 89
0 650 641.031 300 89
0 650 641.124 300 89
0 650 641.217 300 89
0 650 641.304 300 89
0 650 641.396 300 89
0 650 641.486 300 89
0 650 641.574 300 89
0 650 641.669 300 89
0 650 641.749 300 89
0 650 641.838 300 89
0 650 641.918 300 89
0 650 642.015 300 89
0 650 642.112 300 89
0 650 642.196 300 89
0 650 642.282 300 89
0 650 642.365 300 89
0 650 642.448 300 89
0 650 642.544 300 89
0 650 642.624 300 89
0 650 642.714 300 89
0 650 642.796 300 89
0 650 642.874 300 89
0 650 642.961 300 89
0 650 643.045 300 89
0 650 643.132 300 89
0 650 643.219 300 89
0 650 643.305 300 89
0 650 643.393 300 89
0 650 643.479 300 89
0 650 643.57 300 89
0 650 643.667 300 89
0 650 643.76 300 89
0 650 643.86 300 89
0 650 643.959 300 89
0 650 644.056 300 89
0 650 644.146 300 89
0 650 644.239 300 89
0 650 644.334 300 89
0 650 644.431 300 89
0 650 644.521 300 89
0 650 644.621 300 89
0 650 644.711 300 89
0 650 644.804 300 89
0 650 644.889 300 89
0 650 644.979 300 89
0 650 645.075 300 89
0 650 645.171 300 89
0 650 645.263 300 89
0 650 645.354 300 89
0 650 645.449 300 89
0 650 645.535 300 89
0 650 645.631 300 89
0 650 645.723 300 89
0 650 645.819 300 89
0 650 645.911 300 89
0 650 646.001 300 89
0 650 646.088 300 89
0 650 646.183 300 89
0 650 646.281 300 89
0 650 646.37 300 89
0 650 646.46 300 89
0 650 646.544 300 89
0 650 646.642 300 89
0 650 646.732 300 89
0 650 646.819 300 89
0 650 646.904 300 89
0 650 646.993 300 89
0 650 647.083 300 89
0 650 647.166 300 89
0 650 647.268 300 89
0 650 647.357 300 89
0 650 647.439 300 89
0 650 647.522 300 89
0 650 647.607 300 89
0 650 647.699 300 89
0 650 647.782 300 89
0 650 647.867 300 89
0 650 647.954 300 89
0 650 648.051 300 89
0 650 648.133 300 89
0 650 648.228 300 89
0 650 648.322 300 89
0 650 648.419 300 89
0 650 648.52 300 89
0 650 648.606 300 89
0 650 648.692 300 89
0 650 648.787 300 89
0 650 648.879 300 89
0 650 648.977 300 89
0 650 649.069 300 89
0 650 649.159 300 89
0 650 649.25 300 89
0 650 649.349 300 89
0 650 649.471 300 89
0 650 649.558 300 89
0 650 649.689 300 89
0 650 649.782 300 89
0 650 649.872 300 89
0 650 649.961 300 89
0 650 650.041 300 89
0 650 650.125 300 89
0 650 650.219 300 89
0 650 650.307 300 89
0 650 650.397 300 89
0 650 650.482 300 89
0 650 650.573 300 89
0 650 650.662 300 89
0 650 650.755 300 89
0 650 650.836 300 89
0 650 650.921 300 89
0 650 651.015 300 89
0 650 651.112 300 89
0 650 651.183 300 89
0 650 651.272 300 89
0 650 651.362 300 89
0 650 651.458 300 89
0 650 651.547 300 89
0 650 651.642 300 89
0 650 651.724 300 89
0 650 651.806 300 89
0 650 651.896 300 89
0 650 652 300 89
0 650 652.087 300 89
0 650 652.178 300 89
0 650 652.265 300 89
0 650 652.354 300 89
0 650 652.433 300 89
0 650 652.512 300 89
0 650 652.597 300 89
0 650 652.683 300 89
0 650 652.772 300 89
0 650 652.867 300 89
0 650 652.958 300 89
0 650 653.051 300 89
0 650 653.143 300 89
0 650 653.234 300 89
0 650 653.321 300 89
0 650 653.413 300 89
0 650 653.507 300 89
0 650 653.598 300 89
0 650 653.697 300 89
0 650 653.791 300 89
0 650 653.871 300 89
0 650 653.962 300 89
0 650 654.051 300 89
0 650 654.148 300 89
0 650 654.236 300 89
0 650 654.328 300 89
0 650 654.417 300 89
0 650 654.507 300 89
0 650 654.588 300 89
0 650 654.679 300 89
0 650 654.756 300 89
0 650 654.85 300 89
0 650 654.933 300 89
0 650 655.018 300 89
0 650 655.104 300 89
0 650 655.199 300 89
0 650 655.286 300 89
0 650 655.373 300 89
0 650 655.456 300 89
0 650 655.542 300 89
0 650 655.632 300 89
0 650 655.722 300 89
0 650 655.816 300 89
0 650 655.907 300 89
0 650 655.983 300 89
0 650 656.074 300 89
0 650 656.159 300 89
0 650 656.253 300 89
0 650 656.334 300 89
0 650 656.42 300 89
0 650 656.511 300 89
0 650 656.604 300 89
0 650 656.702 300 89
0 650 656.784 300 89
0 650 656.869 300 89
0 650 656.956 300 89
0 650 657.033 300 89
0 650 657.121 300 89
0 650 657.211 300 89
0 650 657.296 300 89
0 650 657.388 300 89
0 650 657.485 300 89
0 650 657.567 300 89
0 650 657.647 300 89
0 650 657.729 300 89
0 650 657.817 300 89
0 650 657.908 300 89
0 650 657.994 300 89
0 650 658.083 300 89
0 650 658.166 300 89
0 650 658.259 300 89
0 650 658.343 300 89
0 650 658.431 300 89
0 650 658.521 300 89
0 650 658.612 300 89
0 650 658.695 300 89
0 650 658.786 300 89
0 650 658.878 300 89
0 650 658.963 300 89
0 650 659.057 300 89
0 650 659.154 300 89
0 650 659.243 300 89
0 650 659.336 300 89
0 650 659.427 300 89
0 650 659.514 300 89
0 650 659.603 300 89
0 650 659.69 300 89
0 650 659.784 300 89
0 650 659.864 300 89
0 650 659.946 300 89
0 650 660.041 300 89
0 650 660.135 300 89
0 650 660.211 300 89
0 650 660.308 300 89
0 650 660.392 300 89
0 650 660.491 300 89
0 650 660.582 300 89
0 650 660.679 300 89
0 650 660.768 300 89
0 650 660.86 300 89
0 650 660.947 300 89
0 650 661.03 300 89
0 650 661.114 300 89
0 650 661.199 300 89
0 650 661.289 300 89
0 650 661.383 300 89
0 650 661.469 300 89
0 650 661.556 300 89
0 650 661.638 300 89
0 650 661.706 300 89
0 650 661.8 300 89
0 650 661.886 300 89
0 650 661.971 300 89
0 650 662.054 300 89
0 650 662.155 300 89
0 650 662.243 300 89
0 650 662.324 300 89
0 650 662.41 300 89
0 650 662.504 300 89
0 650 662.618 300 89
0 650 662.705 300 89
0 650 662.798 300 89
0 650 662.891 300 89
0 650 662.986 300 89
0 650 663.072 300 89
0 650 663.158 300 89
0 650 663.25 300 89
0 650 663.366 300 89
0 650 663.456 300 89
0 650 663.546 300 89
0 650 663.632 300 89
0 650 663.718 300 89
0 650 663.803 300 89
0 650 663.896 300 89
0 650 663.978 300 89
0 650 664.058 300 89
0 650 664.14 300 89
0 650 664.225 300 89
0 650 664.31 300 89
0 650 664.389 300 89
0 650 664.481 300 89
0 650 664.568 300 89
0 650 664.66 300 89
0 650 664.751 300 89
0 650 664.854 300 89
0 650 664.938 300 89
0 650 665.028 300 89
0 650 665.124 300 89
0 650 665.21 300 89
0 650 665.301 300 89
0 650 665.388 300 89
0 650 665.482 300 89
0 650 665.571 300 89
0 650 665.665 300 89
0 650 665.747 300 89
0 650 665.827 300 89
0 650 665.916 300 89
0 650 666.002 300 89
0 650 666.088 300 89
0 650 666.171 300 89
0 650 666.254 300 89
0 650 666.338 300 89
0 650 666.42 300 89
0 650 666.496 300 89
0 650 666.577 300 89
0 650 666.664 300 89
0 650 666.751 300 89
0 650 666.842 300 89
0 650 666.941 300 89
0 650 667.038 300 89
0 650 667.125 300 89
0 650 667.213 300 89
0 650 667.307 300 89
0 650 667.397 300 89
0 650 667.483 300 89
0 650 667.573 300 89
0 650 667.662 300 89
0 650 667.728 300 89
0 650 667.817 300 89
0 650 667.911 300 89
0 650 667.993 300 89
0 650 668.081 300 89
0 650 668.168 300 89
0 650 668.265 300 89
0 650 668.351 300 89
0 650 668.438 300 89
0 650 668.534 300 89
0 650 668.623 300 89
0 650 668.712 300 89
0 650 668.803 300 89
0 650 668.894 300 89
0 650 668.975 300 89
0 650 669.061 300 89
0 650 669.148 300 89
0 650 669.23 300 89
0 650 669.319 300 89
0 650 669.4 300 89
0 650 669.489 300 89
0 650 669.561 300 89
0 650 669.647 300 89
0 650 669.731 300 89
0 650 669.818 300 89
0 650 669.916 300 89
0 650 670.013 300 89
0 650 670.107 300 89
0 650 670.205 300 89
0 650 670.302 300 89
0 650 670.411 300 89
0 650 670.497 300 89
0 650 670.582 300 89
0 650 670.669 300 89
0 650 670.759 300 89
0 650 670.852 300 89
0 650 670.945 300 89
0 650 671.031 300 89
0 650 671.123 300 89
0 650 671.229 300 89
0 650 671.319 300 89
0 650 671.407 300 89
0 650 671.497 300 89
0 650 671.584 300 89
0 650 671.676 300 89
0 650 671.761 300 89
0 650 671.844 300 89
0 650 671.935 300 89
0 650 672.029 300 89
0 650 672.118 300 89
0 650 672.199 300 89
0 650 672.289 300 89
0 650 672.385 300 89
0 650 672.481 300 89
0 650 672.573 300 89
0 650 672.663 300 89
0 650 672.742 300 89
0 650 672.834 300 89
0 650 672.932 300 89
0 650 673.019 300 89
0 650 673.112 300 89
0 650 673.201 300 89
0 650 673.296 300 89
0 650 673.386 300 89
0 650 673.488 300 89
0 650 673.569 300 89
0 650 673.66 300 89
0 650 673.747 300 89
0 650 673.838 300 89
0 650 673.926 300 89
0 650 674.016 300 89
0 650 674.11 300 89
0 650 674.2 300 89
0 650 674.293 300 89
0 650 674.383 300 89
0 650 674.463 300 89
0 650 674.547 300 89
0 650 674.633 300 89
0 650 674.718 300 89
0 650 674.804 300 89
0 650 674.895 300 89
0 650 674.973 300 89
0 650 675.064 300 89
0 650 675.147 300 89
0 650 675.243 300 89
0 650 675.334 300 89
0 650 675.424 300 89
0 650 675.491 300 89
0 650 675.589 300 89
0 650 675.677 300 89
0 650 675.766 300 89
0 650 675.859 300 89
0 650 675.95 300 89
0 650 676.027 300 89
0 650 676.119 300 89
0 650 676.207 300 89
0 650 676.3 300 89
0 650 676.409 300 89
0 650 676.5 300 89
0 650 676.581 300 89
0 650 676.661 300 89
0 650 676.751 300 89
0 650 676.838 300 89
0 650 676.919 300 89
0 650 677.001 300 89
0 650 677.081 300 89
0 650 677.172 300 89
0 650 677.264 300 89
0 650 677.355 300 89
0 650 677.448 300 89
0 650 677.541 300 89
0 650 677.637 300 89
0 650 677.717 300 89
0 650 677.806 300 89
0 650 677.902 300 89
0 650 677.992 300 89
0 650 678.08 300 89
0 650 678.166 300 89
0 650 678.252 300 89
0 650 678.338 300 89
0 650 678.42 300 89
0 650 678.495 300 89
0 650 678.584 300 89
0 650 678.669 300 89
0 650 678.763 300 89
0 650 678.848 300 89
0 650 678.937 300 89
0 650 679.025 300 89
0 650 679.117 300 89
0 650 679.201 300 89
0 650 679.292 300 89
0 650 679.379 300 89
0 650 679.462 300 89
0 650 679.559 300 89
0 650 679.649 300 89
0 650 679.734 300 89
0 650 679.831 300 89
0 650 679.914 300 89
0 650 680.011 300 89
0 650 680.102 300 89
0 650 680.196 300 89
0 650 680.285 300 89
0 650 680.373 300 89
0 650 680.467 300 89
0 650 680.564 300 89
0 650 680.652 300 89
0 650 680.735 300 89
0 650 680.822 300 89
0 650 680.912 300 89
0 650 681.001 300 89
0 650 681.086 300 89
0 650 681.173 300 89
0 650 681.264 300 89
0 650 681.338 300 89
0 650 681.429 300 89
0 650 681.521 300 89
0 650 681.606 300 89
0 650 681.696 300 89
0 650 681.788 300 89
0 650 681.881 300 89
0 650 681.987 300 89
0 650 682.069 300 89
0 650 682.158 300 89
0 650 682.26 300 89
0 650 682.349 300 89
0 650 682.425 300 89
0 650 682.511 300 89
0 650 682.597 300 89
0 650 682.68 300 89
0 650 682.775 300 89
0 650 682.863 300 89
0 650 682.948 300 89
0 650 683.034 300 89
0 650 683.12 300 89
0 650 683.211 300 89
0 650 683.302 300 89
0 650 683.381 300 89
0 650 683.464 300 89
0 650 683.558 300 89
0 650 683.642 300 89
0 650 683.726 300 89
0 650 683.821 300 89
0 650 683.924 300 89
0 650 684.017 300 89
0 650 684.109 300 89
0 650 684.194 300 89
0 650 684.291 300 89
0 650 684.377 300 89
0 650 684.464 300 89
0 650 684.56 300 89
0 650 684.638 300 89
0 650 684.718 300 89
0 650 684.805 300 89
0 650 684.887 300 89
0 650 684.974 300 89
0 650 685.056 300 89
0 650 685.141 300 89
0 650 685.23 300 89
0 650 685.32 300 89
0 650 685.409 300 89
0 650 685.494 300 89
0 650 685.575 300 89
0 650 685.665 300 89
0 650 685.756 300 89
0 650 685.849 300 89
0 650 685.931 300 89
0 650 686.025 300 89
0 650 686.114 300 89
0 650 686.21 300 89
0 650 686.305 300 89
0 650 686.402 300 89
0 650 686.5 300 89
0 650 686.597 300 89
0 650 686.692 300 89
0 650 686.784 300 89
0 650 686.875 300 89
0 650 686.968 300 89
0 650 687.058 300 89
0 650 687.15 300 89
0 650 687.239 300 89
0 650 687.32 300 89
0 650 687.395 300 89
0 650 687.487 300 89
0 650 687.577 300 89
0 650 687.673 300 89
0 650 687.759 300 89
0 650 687.846 300 89
0 650 687.933 300 89
0 650 688.019 300 89
0 650 688.099 300 89
0 650 688.187 300 89
0 650 688.282 300 89
0 650 688.366 300 89
0 650 688.451 300 89
0 650 688.542 300 89
0 650 688.636 300 89
0 650 688.728 300 89
0 650 688.822 300 89
0 650 688.913 300 89
0 650 688.997 300 89
0 650 689.086 300 89
0 650 689.175 300 89
0 650 689.266 300 89
0 650 689.357 300 89
0 650 689.452 300 89
0 650 689.547 300 89
0 650 689.632 300 89
0 650 689.723 300 89
0 650 689.813 300 89
0 650 689.903 300 89
0 650 689.995 300 89
0 650 690.079 300 89
0 650 690.184 300 89
0 650 690.275 300 89
0 650 690.37 300 89
0 650 690.458 300 89
0 650 690.553 300 89
0 650 690.661 300 89
0 650 690.749 300 89
0 650 690.841 300 89
0 650 690.932 300 89
0 650 691.026 300 89
0 650 691.115 300 89
0 650 691.205 300 89
0 650 691.279 300 89
0 650 691.36 300 89
0 650 691.447 300 89
0 650 691.529 300 89
0 650 691.609 300 89
0 650 691.698 300 89
0 650 691.786 300 89
0 650 691.892 300 89
0 650 691.988 300 89
0 650 692.078 300 89
0 650 692.17 300 89
0 650 692.265 300 89
0 650 692.355 300 89
0 650 692.448 300 89
0 650 692.54 300 89
0 650 692.625 300 89
0 650 692.719 300 89
0 650 692.816 300 89
0 650 692.908 300 89
0 650 693 300 89
0 650 693.088 300 89
0 650 693.185 300 89
0 650 693.267 300 89
0 650 693.353 300 89
0 650 693.433 300 89
0 650 693.519 300 89
0 650 693.618 300 89
0 650 693.713 300 89
0 650 693.802 300 89
0 650 693.891 300 89
0 650 693.979 300 89
0 650 694.066 300 89
0 650 694.158 300 89
0 650 694.251 300 89
0 650 694.336 300 89
0 650 694.43 300 89
0 650 694.519 300 89
0 650 694.617 300 89
0 650 694.692 300 89
0 650 694.788 300 89
0 650 694.868 300 89
0 650 694.967 300 89
0 650 695.049 300 89
0 650 695.137 300 89
0 650 695.238 300 89
0 650 695.334 300 89
0 650 695.426 300 89
0 650 695.52 300 89
0 650 695.615 300 89
0 650 695.704 300 89
0 650 695.792 300 89
0 650 695.884 300 89
0 650 695.984 300 89
0 650 696.079 300 89
0 650 696.165 300 89
0 650 696.254 300 89
0 650 696.344 300 89
0 650 696.43 300 89
0 650 696.517 300 89
0 650 696.613 300 89
0 650 696.7 300 89
0 650 696.788 300 89
0 650 696.88 300 89
0 650 696.968 300 89
0 650 697.062 300 89
0 650 697.143 300 89
0 650 697.224 300 89
0 650 697.315 300 89
0 650 697.414 300 89
0 650 697.497 300 89
0 650 697.6 300 89
0 650 697.683 300 89
0 650 697.762 300 89
0 650 697.854 300 89
0 650 697.936 300 89
0 650 698.029 300 89
0 650 698.113 300 89
0 650 698.2 300 89
0 650 698.279 300 89
0 650 698.364 300 89
0 650 698.454 300 89
0 650 698.538 300 89
0 650 698.612 300 89
0 650 698.699 300 89
0 650 698.783 300 89
0 650 698.877 300 89
0 650 698.967 300 89
0 650 699.062 300 89
0 650 699.154 300 89
0 650 699.237 300 89
0 650 699.322 300 89
0 650 699.419 300 89
0 650 699.504 300 89
0 650 699.583 300 89
0 650 699.672 300 89
0 650 699.758 300 89
0 650 699.847 300 89
0 650 699.929 300 89
0 650 700.021 300 89
0 650 700.105 300 89
0 650 700.19 300 89
0 650 700.275 300 89
0 650 700.356 300 89
0 650 700.438 300 89
0 650 700.517 300 89
0 650 700.594 300 89
0 650 700.678 300 89
0 650 700.766 300 89
0 650 700.857 300 89
0 650 700.942 300 89
0 650 701.029 300 89
0 650 701.099 300 89
0 650 701.187 300 89
0 650 701.272 300 89
0 650 701.359 300 89
0 650 701.444 300 89
0 650 701.536 300 89
0 650 701.616 300 89
0 650 701.7 300 89
0 650 701.788 300 89
0 650 701.872 300 89
0 650 701.96 300 89
0 650 702.054 300 89
0 650 702.136 300 89
0 650 702.23 300 89
0 650 702.318 300 89
0 650 702.407 300 89
0 650 702.489 300 89
0 650 702.572 300 89
0 650 702.656 300 89
0 650 702.782 300 89
0 650 702.871 300 89
0 650 702.931 300 89
0 650 703.013 300 89
0 650 703.098 300 89
0 650 703.181 300 89
0 650 703.266 300 89
0 650 703.346 300 89
0 650 703.437 300 89
0 650 703.521 300 89
0 650 703.601 300 89
0 650 703.681 300 89
0 650 703.759 300 89
0 650 703.851 300 89
0 650 703.936 300 89
0 650 704.018 300 89
0 650 704.098 300 89
0 650 704.188 300 89
0 650 704.281 300 89
0 650 704.367 300 89
0 650 704.453 300 89
0 650 704.535 300 89
0 650 704.624 300 89
0 650 704.717 300 89
0 650 704.809 300 89
0 650 704.899 300 89
0 650 704.976 300 89
0 650 705.058 300 89
0 650 705.146 300 89
0 650 705.233 300 89
0 650 705.318 300 89
0 650 705.412 300 89
0 650 705.502 300 89
0 650 705.595 300 89
0 650 705.68 300 89
0 650 705.769 300 89
0 650 705.852 300 89
0 650 705.942 300 89
0 650 706.027 300 89
0 650 706.111 300 89
0 650 706.196 300 89
0 650 706.281 300 89
0 650 706.359 300 89
0 650 706.447 300 89
0 650 706.533 300 89
0 650 706.621 300 89
0 650 706.711 300 89
0 650 706.782 300 89
0 650 706.867 300 89
0 650 706.957 300 89
0 650 707.036 300 89
0 650 707.122 300 89
0 650 707.209 300 89
0 650 707.295 300 89
0 650 707.387 300 89
0 650 707.473 300 89
0 650 707.56 300 89
0 650 707.658 300 89
0 650 707.747 300 89
0 650 707.838 300 89
0 650 707.918 300 89
0 650 708.004 300 89
0 650 708.085 300 89
0 650 708.17 300 89
0 650 708.252 300 89
0 650 708.335 300 89
0 650 708.426 300 89
0 650 708.517 300 89
0 650 708.593 300 89
0 650 708.682 300 89
0 650 708.777 300 89
0 650 708.867 300 89
0 650 708.923 300 89
0 650 709.009 300 89
0 650 709.092 300 89
0 650 709.179 300 89
0 650 709.268 300 89
0 650 709.357 300 89
0 650 709.443 300 89
0 650 709.536 300 89
0 650 709.625 300 89
0 650 709.717 300 89
0 650 709.809 300 89
0 650 709.901 300 89
0 650 709.986 300 89
0 650 710.072 300 89
0 650 710.162 300 89
0 650 710.246 300 89
0 650 710.337 300 89
0 650 710.42 300 89
0 650 710.503 300 89
0 650 710.593 300 89
0 650 710.682 300 89
0 650 710.771 300 89
0 650 710.856 300 89
0 650 710.926 300 89
0 650 711.009 300 89
0 650 711.09 300 89
0 650 711.181 300 89
0 650 711.258 300 89
0 650 711.348 300 89
0 650 711.435 300 89
0 650 711.523 300 89
0 650 711.606 300 89
0 650 711.702 300 89
0 650 711.788 300 89
0 650 711.887 300 89
0 650 711.979 300 89
0 650 712.075 300 89
0 650 712.163 300 89
0 650 712.242 300 89
0 650 712.338 300 89
0 650 712.426 300 89
0 650 712.518 300 89
0 650 712.605 300 89
0 650 712.697 300 89
0 650 712.778 300 89
0 650 712.871 300 89
0 650 712.964 300 89
0 650 713.053 300 89
0 650 713.137 300 89
0 650 713.227 300 89
0 650 713.319 300 89
0 650 713.403 300 89
0 650 713.486 300 89
0 650 713.569 300 89
0 650 713.656 300 89
0 650 713.746 300 89
0 650 713.834 300 89
0 650 713.921 300 89
0 650 714.012 300 89
0 650 714.1 300 89
0 650 714.197 300 89
0 650 714.284 300 89
0 650 714.373 300 89
0 650 714.466 300 89
0 650 714.561 300 89
0 650 714.65 300 89
0 650 714.738 300 89
0 650 714.833 300 89
0 650 714.917 300 89
0 650 715.005 300 89
0 650 715.095 300 89
0 650 715.209 300 89
0 650 715.293 300 89
0 650 715.382 300 89
0 650 715.467 300 89
0 650 715.553 300 89
0 650 715.643 300 89
0 650 715.738 300 89
0 650 715.821 300 89
0 650 715.917 300 89
0 650 716.009 300 89
0 650 716.106 300 89
0 650 716.195 300 89
0 650 716.282 300 89
0 650 716.364 300 89
0 650 716.456 300 89
0 650 716.548 300 89
0 650 716.64 300 89
0 650 716.726 300 89
0 650 716.817 300 89
0 650 716.905 300 89
0 650 716.992 300 89
0 650 717.079 300 89
0 650 717.163 300 89
0 650 717.251 300 89
0 650 717.335 300 89
0 650 717.42 300 89
0 650 717.508 300 89
0 650 717.591 300 89
0 650 717.678 300 89
0 650 717.765 300 89
0 650 717.852 300 89
0 650 717.942 300 89
0 650 718.041 300 89
0 650 718.134 300 89
0 650 718.221 300 89
0 650 718.299 300 89
0 650 718.39 300 89
0 650 718.479 300 89
0 650 718.571 300 89
0 650 718.656 300 89
0 650 718.758 300 89
0 650 718.849 300 89
0 650 718.936 300 89
0 650 719.024 300 89
0 650 719.129 300 89
0 650 719.216 300 89
0 650 719.31 300 89
0 650 719.401 300 89
0 650 719.495 300 89
0 650 719.579 300 89
0 650 719.669 300 89
0 650 719.773 300 89
0 650 719.86 300 89
0 650 719.937 300 89
0 650 720.027 300 89
0 650 720.107 300 89
0 650 720.203 300 89
0 650 720.293 300 89
0 650 720.386 300 89
0 650 720.474 300 89
0 650 720.566 300 89
0 650 720.65 300 89
0 650 720.748 300 89
0 650 720.84 300 89
0 650 720.94 300 89
0 650 721.033 300 89
0 650 721.121 300 89
0 650 721.206 300 89
0 650 721.293 300 89
0 650 721.383 300 89
0 650 721.478 300 89
0 650 721.565 300 89
0 650 721.655 300 89
0 650 721.737 300 89
0 650 721.824 300 89
0 650 721.912 300 89
0 650 721.998 300 89
0 650 722.087 300 89
0 650 722.176 300 89
0 650 722.261 300 89
0 650 722.355 300 89
0 650 722.439 300 89
0 650 722.522 300 89
0 650 722.604 300 89
0 650 722.692 300 89
0 650 722.775 300 89
0 650 722.862 300 89
0 650 722.952 300 89
0 650 723.033 300 89
0 650 723.122 300 89
0 650 723.201 300 89
0 650 723.292 300 89
0 650 723.362 300 89
0 650 723.452 300 89
0 650 723.542 300 89
0 650 723.627 300 89
0 650 723.717 300 89
0 650 723.804 300 89
0 650 723.891 300 89
0 650 723.978 300 89
0 650 724.118 300 89
0 650 724.21 300 89
0 650 724.298 300 89
0 650 724.388 300 89
0 650 724.484 300 89
0 650 724.571 300 89
0 650 724.655 300 89
0 650 724.746 300 89
0 650 724.889 300 89
0 650 724.98 300 89
0 650 725.056 300 89
0 650 725.147 300 89
0 650 725.237 300 89
0 650 725.331 300 89
0 650 725.416 300 89
0 650 725.506 300 89
0 650 725.593 300 89
0 650 725.68 300 89
0 650 725.772 300 89
0 650 725.864 300 89
0 650 725.954 300 89
0 650 726.042 300 89
0 650 726.13 300 89
0 650 726.209 300 89
0 650 726.3 300 89
0 650 726.389 300 89
0 650 726.479 300 89
0 650 726.564 300 89
0 650 726.657 300 89
0 650 726.738 300 89
0 650 726.826 300 89
0 650 726.919 300 89
0 650 727.013 300 89
0 650 727.104 300 89
0 650 727.189 300 89
0 650 727.278 300 89
0 650 727.374 300 89
0 650 727.466 300 89
0 650 727.554 300 89
0 650 727.644 300 89
0 650 727.738 300 89
0 650 727.838 300 89
0 650 727.928 300 89
0 650 728.019 300 89
0 650 728.106 300 89
0 650 728.192 300 89
0 650 728.274 300 89
0 650 728.367 300 89
0 650 728.454 300 89
0 650 728.547 300 89
0 650 728.641 300 89
0 650 728.737 300 89
0 650 728.823 300 89
0 650 728.907 300 89
0 650 728.966 300 89
0 650 729.057 300 89
0 650 729.149 300 89
0 650 729.209 300 89
0 650 729.294 300 89
0 650 729.385 300 89
0 650 729.473 300 89
0 650 729.567 300 89
0 650 729.653 300 89
0 650 729.741 300 89
0 650 729.821 300 89
0 650 729.908 300 89
0 650 730.008 300 89
0 650 730.098 300 89
0 650 730.184 300 89
0 650 730.277 300 89
0 650 730.374 300 89
0 650 730.457 300 89
0 650 730.545 300 89
0 650 730.639 300 89
0 650 730.733 300 89
0 650 730.819 300 89
0 650 730.912 300 89
0 650 730.996 300 89
0 650 731.084 300 89
0 650 731.165 300 89
0 650 731.269 300 89
0 650 731.347 300 89
0 650 731.425 300 89
0 650 731.513 300 89
0 650 731.597 300 89
0 650 731.69 300 89
0 650 731.785 300 89
0 650 731.88 300 89
0 650 731.972 300 89
0 650 732.046 300 89
0 650 732.132 300 89
0 650 732.212 300 89
0 650 732.325 300 89
0 650 732.415 300 89
0 650 732.5 300 89
0 650 732.59 300 89
0 650 732.739 300 89
0 650 732.824 300 89
0 650 732.902 300 89
0 650 732.993 300 89
0 650 733.081 300 89
0 650 733.164 300 89
0 650 733.253 300 89
0 650 733.341 300 89
0 650 733.428 300 89
0 650 733.508 300 89
0 650 733.595 300 89
0 650 733.683 300 89
0 650 733.77 300 89
0 650 733.855 300 89
0 650 733.941 300 89
0 650 734.026 300 89
0 650 734.119 300 89
0 650 734.215 300 89
0 650 734.312 300 89
0 650 734.401 300 89
0 650 734.495 300 89
0 650 734.582 300 89
0 650 734.677 300 89
0 650 734.763 300 89
0 650 734.857 300 89
0 650 734.953 300 89
0 650 735.042 300 89
0 650 735.128 300 89
0 650 735.219 300 89
0 650 735.316 300 89
0 650 735.402 300 89
0 650 735.5 300 89
0 650 735.584 300 89
0 650 735.675 300 89
0 650 735.769 300 89
0 650 735.85 300 89
0 650 735.902 300 89
0 650 735.99 300 89
0 650 736.064 300 89
0 650 736.159 300 89
0 650 736.253 300 89
0 650 736.337 300 89
0 650 736.427 300 89
0 650 736.517 300 89
0 650 736.602 300 89
0 650 736.689 300 89
0 650 736.77 300 89
0 650 736.856 300 89
0 650 736.937 300 89
0 650 737.026 300 89
0 650 737.12 300 89
0 650 737.206 300 89
0 650 737.298 300 89
0 650 737.395 300 89
0 650 737.478 300 89
0 650 737.567 300 89
0 650 737.654 300 89
0 650 737.743 300 89
0 650 737.836 300 89
0 650 737.926 300 89
0 650 738.017 300 89
0 650 738.106 300 89
0 650 738.193 300 89
0 650 738.275 300 89
0 650 738.369 300 89
0 650 738.461 300 89
0 650 738.548 300 89
0 650 738.639 300 89
0 650 738.729 300 89
0 650 738.798 300 89
0 650 738.885 300 89
0 650 738.977 300 89
0 650 739.057 300 89
0 650 739.14 300 89
0 650 739.223 300 89
0 650 739.315 300 89
0 650 739.401 300 89
0 650 739.493 300 89
0 650 739.583 300 89
0 650 739.668 300 89
0 650 739.76 300 89
0 650 739.851 300 89
0 650 739.938 300 89
0 650 740.029 300 89
0 650 740.108 300 89
0 650 740.207 300 89
0 650 740.3 300 89
0 650 740.392 300 89
0 650 740.481 300 89
0 650 740.569 300 89
0 650 740.662 300 89
0 650 740.742 300 89
0 650 740.826 300 89
0 650 740.913 300 89
0 650 741 300 89
0 650 741.089 300 89
0 650 741.173 300 89
0 650 741.263 300 89
0 650 741.35 300 89
0 650 741.437 300 89
0 650 741.53 300 89
0 650 741.622 300 89
0 650 741.713 300 89
0 650 741.804 300 89
0 650 741.888 300 89
0 650 741.969 300 89
0 650 742.029 300 89
0 650 742.093 300 89
0 650 742.152 300 89
0 650 742.213 300 89
0 650 742.275 300 89
0 650 742.333 300 89
0 650 742.397 300 89
0 650 742.459 300 89
0 650 742.519 300 89
0 650 742.575 300 89
0 650 742.642 300 89
0 650 742.706 300 89
0 650 742.775 300 89
0 650 742.838 300 89
0 650 742.896 300 89
0 650 742.978 300 89
0 650 743.066 300 89
0 650 743.151 300 89
0 650 743.237 300 89
0 650 743.321 300 89
0 650 743.425 300 89
0 650 743.524 300 89
0 650 743.617 300 89
0 650 743.701 300 89
0 650 743.778 300 89
0 650 743.863 300 89
0 650 743.947 300 89
0 650 744.037 300 89
0 650 744.118 300 89
0 650 744.209 300 89
0 650 744.298 300 89
0 650 744.378 300 89
0 650 744.466 300 89
0 650 744.553 300 89
0 650 744.638 300 89
0 650 744.73 300 89
0 650 744.82 300 89
0 650 744.918 300 89
0 650 744.998 300 89
0 650 745.078 300 89
0 650 745.163 300 89
0 650 745.259 300 89
0 650 745.349 300 89
0 650 745.45 300 89
0 650 745.554 300 89
0 650 745.627 300 89
0 650 745.687 300 89
0 650 745.748 300 89
0 650 745.811 300 89
0 650 745.873 300 89
0 650 745.941 300 89
0 650 745.998 300 89
0 650 746.061 300 89
0 650 746.122 300 89
0 650 746.19 300 89
0 650 746.254 300 89
0 650 746.315 300 89
0 650 746.379 300 89
0 650 746.436 300 89
0 650 746.493 300 89
0 650 746.552 300 89
0 650 746.61 300 89
0 650 746.669 300 89
0 650 746.731 300 89
0 650 746.797 300 89
0 650 746.86 300 89
0 650 746.921 300 89
0 650 746.981 300 89
0 650 747.047 300 89
0 650 747.106 300 89
0 650 747.164 300 89
0 650 747.222 300 89
0 650 747.283 300 89
0 650 747.346 300 89
0 650 747.386 300 89
0 650 747.452 300 89
0 650 747.514 300 89
0 650 747.576 300 89
0 650 747.636 300 89
0 650 747.697 300 89
0 650 747.753 300 89
0 650 747.812 300 89
0 650 747.875 300 89
0 650 747.932 300 89
0 650 747.993 300 89
0 650 748.056 300 89
0 650 748.121 300 89
0 650 748.184 300 89
0 650 748.25 300 89
0 650 748.315 300 89
0 650 748.375 300 89
0 650 748.442 300 89
0 650 748.503 300 89
0 650 748.559 300 89
0 650 748.618 300 89
0 650 748.68 300 89
0 650 748.749 300 89
0 650 748.811 300 89
0 650 748.87 300 89
0 650 748.933 300 89
0 650 748.995 300 89
0 650 749.059 300 89
0 650 749.121 300 89
0 650 749.201 300 89
0 650 749.292 300 89
0 650 749.394 300 89
0 650 749.484 300 89
0 650 749.576 300 89
0 650 749.663 300 89
0 650 749.742 300 89
0 650 749.825 300 89
0 650 749.912 300 89
0 650 749.999 300 89
0 650 750.072 300 89
0 650 750.164 300 89
0 650 750.252 300 89
0 650 750.354 300 89
0 650 750.452 300 89
0 650 750.552 300 89
0 650 750.649 300 89
0 650 750.758 300 89
0 650 750.846 300 89
0 650 750.925 300 89
0 650 751.008 300 89
0 650 751.09 300 89
0 650 751.174 300 89
0 650 751.256 300 89
0 650 751.333 300 89
0 650 751.43 300 89
0 650 751.527 300 89
0 650 751.626 300 89
0 650 751.716 300 89
0 650 751.803 300 89
0 650 751.891 300 89
0 650 751.974 300 89
0 650 752.062 300 89
0 650 752.151 300 89
0 650 752.243 300 89
0 650 752.33 300 89
0 650 752.422 300 89
0 650 752.517 300 89
0 650 752.607 300 89
0 650 752.699 300 89
0 650 752.802 300 89
0 650 752.886 300 89
0 650 752.973 300 89
0 650 753.056 300 89
0 650 753.138 300 89
0 650 753.223 300 89
0 650 753.298 300 89
0 650 753.381 300 89
0 650 753.464 300 89
0 650 753.573 300 89
0 650 753.657 300 89
0 650 753.741 300 89
0 650 753.831 300 89
0 650 753.918 300 89
0 650 754.007 300 89
0 650 754.09 300 89
0 650 754.177 300 89
0 650 754.256 300 89
0 650 754.346 300 89
0 650 754.434 300 89
0 650 754.527 300 89
0 650 754.615 300 89
0 650 754.718 300 89
0 650 754.827 300 89
0 650 754.922 300 89
0 650 755.016 300 89
0 650 755.1 300 89
0 650 755.191 300 89
0 650 755.27 300 89
0 650 755.355 300 89
0 650 755.437 300 89
0 650 755.529 300 89
0 650 755.604 300 89
0 650 755.687 300 89
0 650 755.777 300 89
0 650 755.867 300 89
0 650 755.947 300 89
0 650 756.035 300 89
0 650 756.129 300 89
0 650 756.213 300 89
0 650 756.304 300 89
0 650 756.385 300 89
0 650 756.471 300 89
0 650 756.552 300 89
0 650 756.645 300 89
0 650 756.731 300 89
0 650 756.829 300 89
0 650 756.933 300 89
0 650 757.03 300 89
0 650 757.123 300 89
0 650 757.21 300 89
0 650 757.3 300 89
0 650 757.388 300 89
0 650 757.485 300 89
0 650 757.57 300 89
0 650 757.653 300 89
0 650 757.755 300 89
0 650 757.844 300 89
0 650 757.927 300 89
0 650 758.017 300 89
0 650 758.092 300 89
0 650 758.183 300 89
0 650 758.272 300 89
0 650 758.357 300 89
0 650 758.444 300 89
0 650 758.534 300 89
0 650 758.621 300 89
0 650 758.707 300 89
0 650 758.784 300 89
0 650 758.878 300 89
0 650 758.982 300 89
0 650 759.092 300 89
0 650 759.186 300 89
0 650 759.274 300 89
0 650 759.36 300 89
0 650 759.437 300 89
0 650 759.519 300 89
0 650 759.608 300 89
0 650 759.697 300 89
0 650 759.787 300 89
0 650 759.874 300 89
0 650 759.957 300 89
0 650 760.048 300 89
0 650 760.135 300 89
0 650 760.218 300 89
0 650 760.308 300 89
0 650 760.392 300 89
0 650 760.481 300 89
0 650 760.566 300 89
0 650 760.65 300 89
0 650 760.731 300 89
0 650 760.822 300 89
0 650 760.904 300 89
0 650 760.997 300 89
0 650 761.101 300 89
0 650 761.199 300 89
0 650 761.291 300 89
0 650 761.37 300 89
0 650 761.465 300 89
0 650 761.585 300 89
0 650 761.694 300 89
0 650 761.791 300 89
0 650 761.882 300 89
0 650 761.962 300 89
0 650 762.043 300 89
0 650 762.129 300 89
0 650 762.209 300 89
0 650 762.293 300 89
0 650 762.375 300 89
0 650 762.461 300 89
0 650 762.557 300 89
0 650 762.637 300 89
0 650 762.718 300 89
0 650 762.81 300 89
0 650 762.905 300 89
0 650 762.992 300 89
0 650 763.089 300 89
0 650 763.172 300 89
0 650 763.261 300 89
0 650 763.347 300 89
0 650 763.428 300 89
0 650 763.518 300 89
0 650 763.618 300 89
0 650 763.713 300 89
0 650 763.794 300 89
0 650 763.885 300 89
0 650 763.973 300 89
0 650 764.056 300 89
0 650 764.139 300 89
0 650 764.225 300 89
0 650 764.305 300 89
0 650 764.395 300 89
0 650 764.481 300 89
0 650 764.571 300 89
0 650 764.659 300 89
0 650 764.751 300 89
0 650 764.837 300 89
0 650 764.925 300 89
0 650 765.016 300 89
0 650 765.109 300 89
0 650 765.199 300 89
0 650 765.297 300 89
0 650 765.376 300 89
0 650 765.462 300 89
0 650 765.603 300 89
0 650 765.697 300 89
0 650 765.785 300 89
0 650 765.869 300 89
0 650 765.952 300 89
0 650 766.037 300 89
0 650 766.136 300 89
0 650 766.233 300 89
0 650 766.32 300 89
0 650 766.404 300 89
0 650 766.503 300 89
0 650 766.593 300 89
0 650 766.682 300 89
0 650 766.767 300 89
0 650 766.853 300 89
0 650 766.945 300 89
0 650 767.032 300 89
0 650 767.116 300 89
0 650 767.204 300 89
0 650 767.293 300 89
0 650 767.391 300 89
0 650 767.476 300 89
0 650 767.567 300 89
0 650 767.664 300 89
0 650 767.759 300 89
0 650 767.849 300 89
0 650 767.935 300 89
0 650 768.019 300 89
0 650 768.111 300 89
0 650 768.194 300 89
0 650 768.273 300 89
0 650 768.368 300 89
0 650 768.465 300 89
0 650 768.555 300 89
0 650 768.624 300 89
0 650 768.689 300 89
0 650 768.749 300 89
0 650 768.808 300 89
0 650 768.867 300 89
0 650 768.926 300 89
0 650 768.982 300 89
0 650 769.042 300 89
0 650 769.105 300 89
0 650 769.167 300 89
0 650 769.224 300 89
0 650 769.287 300 89
0 650 769.352 300 89
0 650 769.41 300 89
0 650 769.477 300 89
0 650 769.539 300 89
0 650 769.599 300 89
0 650 769.661 300 89
0 650 769.725 300 89
0 650 769.794 300 89
0 650 769.89 300 89
0 650 769.955 300 89
0 650 770.015 300 89
0 650 770.078 300 89
0 650 770.145 300 89
0 650 770.21 300 89
0 650 770.272 300 89
0 650 770.334 300 89
0 650 770.401 300 89
0 650 770.468 300 89
0 650 770.559 300 89
0 650 770.65 300 89
0 650 770.744 300 89
0 650 770.839 300 89
0 650 770.929 300 89
0 650 771.01 300 89
0 650 771.1 300 89
0 650 771.192 300 89
0 650 771.285 300 89
0 650 771.372 300 89
0 650 771.446 300 89
0 650 771.538 300 89
0 650 771.63 300 89
0 650 771.721 300 89
0 650 771.822 300 89
0 650 771.925 300 89
0 650 772.017 300 89
0 650 772.11 300 89
0 650 772.202 300 89
0 650 772.315 300 89
0 650 772.419 300 89
0 650 772.521 300 89
0 650 772.607 300 89
0 650 772.692 300 89
0 650 772.785 300 89
0 650 772.872 300 89
0 650 772.96 300 89
0 650 773.097 300 89
0 650 773.195 300 89
0 650 773.285 300 89
0 650 773.376 300 89
0 650 773.465 300 89
0 650 773.558 300 89
0 650 773.651 300 89
0 650 773.743 300 89
0 650 773.831 300 89
0 650 773.92 300 89
0 650 774.005 300 89
0 650 774.096 300 89
0 650 774.189 300 89
0 650 774.284 300 89
0 650 774.37 300 89
0 650 774.454 300 89
0 650 774.543 300 89
0 650 774.634 300 89
0 650 774.721 300 89
0 650 774.82 300 89
0 650 774.909 300 89
0 650 775.004 300 89
0 650 775.093 300 89
0 650 775.181 300 89
0 650 775.27 300 89
0 650 775.358 300 89
0 650 775.444 300 89
0 650 775.531 300 89
0 650 775.611 300 89
0 650 775.7 300 89
0 650 775.789 300 89
0 650 775.88 300 89
0 650 775.968 300 89
0 650 776.06 300 89
0 650 776.149 300 89
0 650 776.225 300 89
0 650 776.32 300 89
0 650 776.406 300 89
0 650 776.491 300 89
0 650 776.587 300 89
0 650 776.678 300 89
0 650 776.765 300 89
0 650 776.858 300 89
0 650 776.943 300 89
0 650 777.034 300 89
0 650 777.135 300 89
0 650 777.225 300 89
0 650 777.319 300 89
0 650 777.412 300 89
0 650 777.494 300 89
0 650 777.582 300 89
0 650 777.678 300 89
0 650 777.77 300 89
0 650 777.863 300 89
0 650 777.954 300 89
0 650 778.042 300 89
0 650 778.125 300 89
0 650 778.224 300 89
0 650 778.313 300 89
0 650 778.399 300 89
0 650 778.496 300 89
0 650 778.586 300 89
0 650 778.678 300 89
0 650 778.771 300 89
0 650 778.862 300 89
0 650 778.952 300 89
0 650 779.044 300 89
0 650 779.136 300 89
0 650 779.227 300 89
0 650 779.32 300 89
0 650 779.405 300 89
0 650 779.492 300 89
0 650 779.586 300 89
0 650 779.671 300 89
0 650 779.754 300 89
0 650 779.844 300 89
0 650 779.934 300 89
0 650 780.033 300 89
0 650 780.118 300 89
0 650 780.213 300 89
0 650 780.3 300 89
0 650 780.39 300 89
0 650 780.477 300 89
0 650 780.561 300 89
0 650 780.656 300 89
0 650 780.74 300 89
0 650 780.835 300 89
0 650 780.929 300 89
0 650 781.015 300 89
0 650 781.105 300 89
0 650 781.195 300 89
0 650 781.283 300 89
0 650 781.37 300 89
0 650 781.454 300 89
0 650 781.541 300 89
0 650 781.632 300 89
0 650 781.715 300 89
0 650 781.807 300 89
0 650 781.903 300 89
0 650 781.981 300 89
0 650 782.069 300 89
0 650 782.159 300 89
0 650 782.247 300 89
0 650 782.336 300 89
0 650 782.424 300 89
0 650 782.514 300 89
0 650 782.597 300 89
0 650 782.69 300 89
0 650 782.776 300 89
0 650 782.87 300 89
0 650 782.956 300 89
0 650 783.042 300 89
0 650 783.129 300 89
0 650 783.223 300 89
0 650 783.304 300 89
0 650 783.385 300 89
0 650 783.474 300 89
0 650 783.567 300 89
0 650 783.653 300 89
0 650 783.752 300 89
0 650 783.851 300 89
0 650 783.937 300 89
0 650 784.071 300 89
0 650 784.157 300 89
0 650 784.244 300 89
0 650 784.33 300 89
0 650 784.419 300 89
0 650 784.509 300 89
0 650 784.594 300 89
0 650 784.682 300 89
0 650 784.779 300 89
0 650 784.868 300 89
0 650 784.971 300 89
0 650 785.059 300 89
0 650 785.146 300 89
0 650 785.237 300 89
0 650 785.326 300 89
0 650 785.417 300 89
0 650 785.511 300 89
0 650 785.603 300 89
0 650 785.689 300 89
0 650 785.779 300 89
0 650 785.869 300 89
0 650 785.959 300 89
0 650 786.045 300 89
0 650 786.137 300 89
0 650 786.231 300 89
0 650 786.329 300 89
0 650 786.419 300 89
0 650 786.51 300 89
0 650 786.598 300 89
0 650 786.687 300 89
0 650 786.785 300 89
0 650 786.889 300 89
0 650 786.978 300 89
0 650 787.067 300 89
0 650 787.159 300 89
0 650 787.259 300 89
0 650 787.347 300 89
0 650 787.43 300 89
0 650 787.523 300 89
0 650 787.606 300 89
0 650 787.697 300 89
0 650 787.794 300 89
0 650 787.87 300 89
0 650 787.966 300 89
0 650 788.057 300 89
0 650 788.153 300 89
0 650 788.24 300 89
0 650 788.326 300 89
0 650 788.408 300 89
0 650 788.499 300 89
0 650 788.596 300 89
0 650 788.681 300 89
0 650 788.779 300 89
0 650 788.876 300 89
0 650 788.966 300 89
0 650 789.059 300 89
0 650 789.162 300 89
0 650 789.249 300 89
0 650 789.347 300 89
0 650 789.444 300 89
0 650 789.525 300 89
0 650 789.616 300 89
0 650 789.718 300 89
0 650 789.812 300 89
0 650 789.898 300 89
0 650 789.992 300 89
0 650 790.084 300 89
0 650 790.176 300 89
0 650 790.268 300 89
0 650 790.354 300 89
0 650 790.439 300 89
0 650 790.536 300 89
0 650 790.627 300 89
0 650 790.723 300 89
0 650 790.815 300 89
0 650 790.915 300 89
0 650 790.992 300 89
0 650 791.084 300 89
0 650 791.175 300 89
0 650 791.264 300 89
0 650 791.353 300 89
0 650 791.442 300 89
0 650 791.524 300 89
0 650 791.626 300 89
0 650 791.725 300 89
0 650 791.829 300 89
0 650 791.921 300 89
0 650 792.013 300 89
0 650 792.106 300 89
0 650 792.197 300 89
0 650 792.289 300 89
0 650 792.381 300 89
0 650 792.485 300 89
0 650 792.579 300 89
0 650 792.671 300 89
0 650 792.763 300 89
0 650 792.853 300 89
0 650 792.939 300 89
0 650 793.031 300 89
0 650 793.122 300 89
0 650 793.21 300 89
0 650 793.305 300 89
0 650 793.403 300 89
0 650 793.498 300 89
0 650 793.597 300 89
0 650 793.686 300 89
0 650 793.763 300 89
0 650 793.857 300 89
0 650 793.951 300 89
0 650 794.043 300 89
0 650 794.134 300 89
0 650 794.227 300 89
0 650 794.321 300 89
0 650 794.417 300 89
0 650 794.513 300 89
0 650 794.594 300 89
0 650 794.687 300 89
0 650 794.775 300 89
0 650 794.863 300 89
0 650 794.954 300 89
0 650 795.043 300 89
0 650 795.137 300 89
0 650 795.222 300 89
0 650 795.315 300 89
0 650 795.405 300 89
0 650 795.499 300 89
0 650 795.595 300 89
0 650 795.69 300 89
0 650 795.779 300 89
0 650 795.87 300 89
0 650 795.963 300 89
0 650 796.04 300 89
0 650 796.13 300 89
0 650 796.226 300 89
0 650 796.32 300 89
0 650 796.412 300 89
0 650 796.5 300 89
0 650 796.587 300 89
0 650 796.671 300 89
0 650 796.758 300 89
0 650 796.858 300 89
0 650 796.959 300 89
0 650 797.053 300 89
0 650 797.148 300 89
0 650 797.241 300 89
0 650 797.335 300 89
0 650 797.427 300 89
0 650 797.514 300 89
0 650 797.599 300 89
0 650 797.685 300 89
0 650 797.767 300 89
0 650 797.859 300 89
0 650 797.943 300 89
0 650 798.03 300 89
0 650 798.109 300 89
0 650 798.193 300 89
0 650 798.282 300 89
0 650 798.37 300 89
0 650 798.456 300 89
0 650 798.544 300 89
0 650 798.629 300 89
0 650 798.72 300 89
0 650 798.816 300 89
0 650 798.907 300 89
0 650 798.995 300 89
0 650 799.087 300 89
0 650 799.176 300 89
0 650 799.266 300 89
0 650 799.354 300 89
0 650 799.421 300 89
0 650 799.487 300 89
0 650 799.557 300 89
0 650 799.621 300 89
0 650 799.681 300 89
0 650 799.739 300 89
0 650 799.805 300 89
0 650 799.86 300 89
0 650 799.926 300 89
0 650 799.982 300 89
