0 762 0.019071 300 0
0 666.8 0.023668 0
0 666.8 0.086225 300 89
0 666.8 0.144767 300 89
0 666.8 0.202702 300 89
0 666.8 0.260629 300 89
0 666.8 0.317003 300 89
0 666.8 0.366762 300 89
0 666.8 0.423433 300 89
0 666.8 0.482637 300 89
0 666.8 0.537838 300 89
0 661.2 0.542467 89
0 661.2 0.595247 300 89
0 661.2 0.648734 300 89
0 661.2 0.69827 300 89
0 661.2 0.74778 300 89
0 661.2 0.805277 300 89
0 661.2 0.858822 300 89
0 661.2 0.912209 300 89
0 661.2 0.96204 300 89
0 661.2 1.01602 300 89
0 661.2 1.07075 300 89
0 661.2 1.12395 300 89
0 661.2 1.18091 300 89
0 661.2 1.2351 300 89
0 661.2 1.28499 300 89
0 661.2 1.34133 300 89
0 661.2 1.38836 300 89
0 661.2 1.44283 300 89
0 661.2 1.49675 300 89
0 661.2 1.55293 300 89
0 661.2 1.60841 300 89
0 661.2 1.6592 300 89
0 661.2 1.71542 300 89
0 661.2 1.76935 300 89
0 661.2 1.8229 300 89
0 661.2 1.88221 300 89
0 661.2 1.93857 300 89
0 661.2 1.99183 300 89
0 661.2 2.05167 300 89
0 661.2 2.1113 300 89
0 661.2 2.16825 300 89
0 661.2 2.2262 300 89
0 661.2 2.28794 300 89
0 661.2 2.34349 300 89
0 661.2 2.40005 300 89
0 661.2 2.45308 300 89
0 661.2 2.51157 300 89
0 661.2 2.56959 300 89
0 661.2 2.62828 300 89
0 661.2 2.68506 300 89
0 661.2 2.74579 300 89
0 661.2 2.80594 300 89
0 661.2 2.86029 300 89
0 661.2 2.92037 300 89
0 661.2 2.97599 300 89
0 661.2 3.02903 300 89
0 661.2 3.0844 300 89
0 661.2 3.14041 300 89
0 661.2 3.19602 300 89
0 661.2 3.25563 300 89
0 661.2 3.32149 300 89
0 661.2 3.38098 300 89
0 661.2 3.43389 300 89
0 661.2 3.49842 300 89
0 661.2 3.55755 300 89
0 661.2 3.61356 300 89
0 661.2 3.66762 300 89
0 661.2 3.72687 300 89
0 661.2 3.78605 300 89
0 661.2 3.84678 300 89
0 661.2 3.90536 300 89
0 661.2 3.96297 300 89
0 655.6 3.96646 89
0 655.6 4.02076 300 89
0 655.6 4.07834 300 89
0 655.6 4.13563 300 89
0 655.6 4.19714 300 89
0 655.6 4.23713 300 89
0 655.6 4.28893 300 89
0 655.6 4.35228 300 89
0 655.6 4.40513 300 89
0 655.6 4.46903 300 89
0 655.6 4.53236 300 89
0 655.6 4.58757 300 89
0 655.6 4.64544 300 89
0 655.6 4.70659 300 89
0 655.6 4.76677 300 89
0 655.6 4.83532 300 89
0 655.6 4.89259 300 89
0 655.6 4.94559 300 89
0 655.6 5.00829 300 89
0 655.6 5.07127 300 89
0 655.6 5.12948 300 89
0 655.6 5.19391 300 89
0 655.6 5.25362 300 89
0 655.6 5.31773 300 89
0 655.6 5.37459 300 89
0 655.6 5.43699 300 89
0 655.6 5.4881 300 89
0 655.6 5.542 300 89
0 655.6 5.60403 300 89
0 655.6 5.66761 300 89
0 655.6 5.72272 300 89
0 655.6 5.77844 300 89
0 655.6 5.83817 300 89
0 655.6 5.89811 300 89
0 655.6 5.95988 300 89
0 655.6 6.02696 300 89
0 655.6 6.08742 300 89
0 655.6 6.14577 300 89
0 655.6 6.19946 300 89
0 655.6 6.28359 300 89
0 655.6 6.3694 300 89
0 655.6 6.45724 300 89
0 655.6 6.54825 300 89
0 655.6 6.62828 300 89
0 655.6 6.72196 300 89
0 655.6 6.80847 300 89
0 655.6 6.89547 300 89
0 655.6 6.97529 300 89
0 655.6 7.06517 300 89
0 655.6 7.16087 300 89
0 655.6 7.2533 300 89
0 655.6 7.34481 300 89
0 655.6 7.43538 300 89
0 655.6 7.51978 300 89
0 655.6 7.61028 300 89
0 655.6 7.68836 300 89
0 655.6 7.785 300 89
0 655.6 7.88435 300 89
0 655.6 7.97386 300 89
0 655.6 8.06233 300 89
0 655.6 8.15217 300 89
0 655.6 8.2418 300 89
0 655.6 8.33808 300 89
0 655.6 8.41793 300 89
0 655.6 8.50178 300 89
0 655.6 8.5831 300 89
0 655.6 8.67776 300 89
0 655.6 8.77249 300 89
0 655.6 8.85536 300 89
0 655.6 8.94002 300 89
0 655.6 9.03125 300 89
0 655.6 9.124 300 89
0 655.6 9.21372 300 89
0 655.6 9.30757 300 89
0 655.6 9.39544 300 89
0 655.6 9.48735 300 89
0 655.6 9.58071 300 89
0 655.6 9.6727 300 89
0 655.6 9.76671 300 89
0 655.6 9.86825 300 89
0 655.6 9.95726 300 89
0 655.6 10.0478 300 89
0 655.6 10.1522 300 89
0 655.6 10.2408 300 89
0 655.6 10.3323 300 89
0 655.6 10.4269 300 89
0 655.6 10.5205 300 89
0 655.6 10.616 300 89
0 655.6 10.7114 300 89
0 655.6 10.8101 300 89
0 655.6 10.9163 300 89
0 655.6 11.0068 300 89
0 655.6 11.1057 300 89
0 655.6 11.2002 300 89
0 655.6 11.3025 300 89
0 655.6 11.4067 300 89
0 655.6 11.5071 300 89
0 655.6 11.6071 300 89
0 655.6 11.7085 300 89
0 655.6 11.8097 300 89
0 655.6 11.9165 300 89
0 655.6 12.0151 300 89
0 655.6 12.0997 300 89
0 655.6 12.163 300 89
0 655.6 12.2544 300 89
0 655.6 12.3595 300 89
0 655.6 12.4541 300 89
0 655.6 12.5651 300 89
0 655.6 12.6614 300 89
0 655.6 12.7547 300 89
0 655.6 12.8449 300 89
0 655.6 12.951 300 89
0 655.6 13.0481 300 89
0 655.6 13.1751 300 89
0 655.6 13.277 300 89
0 655.6 13.379 300 89
0 655.6 13.4737 300 89
0 655.6 13.5785 300 89
0 655.6 13.6859 300 89
0 655.6 13.757 300 89
0 655.6 13.8974 300 89
0 655.6 14.0488 300 89
0 655.6 14.1832 300 89
0 655.6 14.3036 300 89
0 655.6 14.4331 300 89
0 655.6 14.562 300 89
0 655.6 14.6788 300 89
0 655.6 14.8085 300 89
0 655.6 14.9124 300 89
0 655.6 15.0157 300 89
0 655.6 15.116 300 89
0 655.6 15.2247 300 89
0 655.6 15.325 300 89
0 655.6 15.4325 300 89
0 655.6 15.5425 300 89
0 655.6 15.6471 300 89
0 655.6 15.7495 300 89
0 655.6 15.8532 300 89
0 655.6 15.9573 300 89
0 655.6 16.0654 300 89
0 655.6 16.162 300 89
0 655.6 16.2661 300 89
0 655.6 16.3605 300 89
0 655.6 16.5107 300 89
0 655.6 16.6116 300 89
0 655.6 16.7143 300 89
0 655.6 16.8075 300 89
0 655.6 16.9131 300 89
0 655.6 17.0115 300 89
0 655.6 17.1115 300 89
0 655.6 17.2119 300 89
0 655.6 17.322 300 89
0 655.6 17.4271 300 89
0 655.6 17.527 300 89
0 655.6 17.6312 300 89
0 655.6 17.6983 300 89
0 655.6 17.8093 300 89
0 655.6 17.9173 300 89
0 655.6 18.0174 300 89
0 655.6 18.1234 300 89
0 655.6 18.2246 300 89
0 655.6 18.3285 300 89
0 655.6 18.4269 300 89
0 655.6 18.5302 300 89
0 655.6 18.636 300 89
0 655.6 18.7415 300 89
0 655.6 18.8353 300 89
0 655.6 18.9416 300 89
0 655.6 19.0542 300 89
0 655.6 19.1506 300 89
0 655.6 19.2561 300 89
0 655.6 19.3599 300 89
0 655.6 19.4686 300 89
0 655.6 19.5654 300 89
0 655.6 19.6731 300 89
0 655.6 19.7811 300 89
0 655.6 19.8847 300 89
0 655.6 19.9904 300 89
0 655.6 20.0957 300 89
0 655.6 20.1958 300 89
0 655.6 20.2973 300 89
0 655.6 20.405 300 89
0 655.6 20.5009 300 89
0 655.6 20.6089 300 89
0 655.6 20.6999 300 89
0 655.6 20.7964 300 89
0 655.6 20.8938 300 89
0 655.6 20.9978 300 89
0 655.6 21.099 300 89
0 655.6 21.1996 300 89
0 655.6 21.2973 300 89
0 655.6 21.3926 300 89
0 655.6 21.4934 300 89
0 655.6 21.5971 300 89
0 655.6 21.7006 300 89
0 655.6 21.8089 300 89
0 655.6 21.9104 300 89
0 655.6 22.001 300 89
0 655.6 22.1004 300 89
0 655.6 22.2081 300 89
0 655.6 22.3074 300 89
0 655.6 22.4079 300 89
0 655.6 22.5144 300 89
0 655.6 22.6202 300 89
0 655.6 22.7243 300 89
0 655.6 22.8341 300 89
0 655.6 22.9408 300 89
0 655.6 23.0481 300 89
0 655.6 23.1466 300 89
0 655.6 23.2543 300 89
0 655.6 23.3534 300 89
0 655.6 23.4547 300 89
0 655.6 23.5575 300 89
0 655.6 23.6401 300 89
0 655.6 23.7353 300 89
0 655.6 23.8428 300 89
0 655.6 23.9457 300 89
0 655.6 24.0446 300 89
0 655.6 24.1425 300 89
0 655.6 24.2416 300 89
0 655.6 24.3225 300 89
0 655.6 24.4351 300 89
0 655.6 24.5343 300 89
0 655.6 24.6353 300 89
0 655.6 24.7379 300 89
0 655.6 24.849 300 89
0 655.6 24.9494 300 89
0 655.6 25.0516 300 89
0 655.6 25.165 300 89
0 655.6 25.2671 300 89
0 655.6 25.3682 300 89
0 655.6 25.4732 300 89
0 655.6 25.5843 300 89
0 655.6 25.6826 300 89
0 655.6 25.7814 300 89
0 655.6 25.883 300 89
0 655.6 25.9939 300 89
0 655.6 26.1028 300 89
0 655.6 26.1994 300 89
0 655.6 26.3071 300 89
0 655.6 26.4364 300 89
0 655.6 26.541 300 89
0 655.6 26.6438 300 89
0 655.6 26.7462 300 89
0 655.6 26.848 300 89
0 655.6 26.9603 300 89
0 655.6 27.0587 300 89
0 655.6 27.1653 300 89
0 655.6 27.2663 300 89
0 655.6 27.3617 300 89
0 655.6 27.4688 300 89
0 655.6 27.5676 300 89
0 655.6 27.6548 300 89
0 655.6 27.7566 300 89
0 655.6 27.8655 300 89
0 655.6 27.9653 300 89
0 655.6 28.0654 300 89
0 655.6 28.1632 300 89
0 655.6 28.2556 300 89
0 655.6 28.3482 300 89
0 655.6 28.4464 300 89
0 655.6 28.5676 300 89
0 655.6 28.6759 300 89
0 655.6 28.7725 300 89
0 655.6 28.8744 300 89
0 655.6 28.9803 300 89
0 655.6 29.0795 300 89
0 655.6 29.1787 300 89
0 655.6 29.2842 300 89
0 655.6 29.3821 300 89
0 655.6 29.4863 300 89
0 655.6 29.5866 300 89
0 655.6 29.6888 300 89
0 655.6 29.7868 300 89
0 655.6 29.8855 300 89
0 655.6 29.9816 300 89
0 655.6 30.0856 300 89
0 655.6 30.1949 300 89
0 655.6 30.2912 300 89
0 655.6 30.396 300 89
0 655.6 30.4946 300 89
0 655.6 30.5942 300 89
0 655.6 30.7032 300 89
0 655.6 30.8056 300 89
0 655.6 30.9032 300 89
0 655.6 31.0105 300 89
0 655.6 31.1131 300 89
0 655.6 31.2095 300 89
0 655.6 31.3167 300 89
0 655.6 31.4139 300 89
0 655.6 31.5121 300 89
0 655.6 31.6119 300 89
0 655.6 31.7026 300 89
0 655.6 31.8113 300 89
0 655.6 31.9161 300 89
0 655.6 32.0182 300 89
0 655.6 32.1233 300 89
0 655.6 32.2204 300 89
0 655.6 32.3167 300 89
0 655.6 32.4182 300 89
0 655.6 32.5151 300 89
0 655.6 32.6238 300 89
0 655.6 32.733 300 89
0 655.6 32.8333 300 89
0 655.6 32.9289 300 89
0 655.6 33.0272 300 89
0 655.6 33.1252 300 89
0 655.6 33.2213 300 89
0 655.6 33.3254 300 89
0 655.6 33.4289 300 89
0 655.6 33.5252 300 89
0 655.6 33.6309 300 89
0 655.6 33.7345 300 89
0 655.6 33.8319 300 89
0 655.6 33.9333 300 89
0 655.6 34.0448 300 89
0 655.6 34.1382 300 89
0 655.6 34.2363 300 89
0 655.6 34.3481 300 89
0 655.6 34.4407 300 89
0 655.6 34.5386 300 89
0 655.6 34.6381 300 89
0 655.6 34.7311 300 89
0 655.6 34.8199 300 89
0 655.6 34.9142 300 89
0 655.6 35.014 300 89
0 655.6 35.1134 300 89
0 655.6 35.208 300 89
0 655.6 35.3007 300 89
0 655.6 35.3937 300 89
0 655.6 35.4864 300 89
0 655.6 35.576 300 89
0 655.6 35.6845 300 89
0 655.6 35.7808 300 89
0 655.6 35.8786 300 89
0 655.6 35.9805 300 89
0 655.6 36.0756 300 89
0 655.6 36.1805 300 89
0 655.6 36.2836 300 89
0 655.6 36.3756 300 89
0 655.6 36.4703 300 89
0 655.6 36.5727 300 89
0 655.6 36.6643 300 89
0 655.6 36.7607 300 89
0 655.6 36.8551 300 89
0 655.6 36.9628 300 89
0 655.6 37.0687 300 89
0 655.6 37.1709 300 89
0 655.6 37.2709 300 89
0 655.6 37.3695 300 89
0 655.6 37.4698 300 89
0 655.6 37.5693 300 89
0 655.6 37.6655 300 89
0 655.6 37.7635 300 89
0 655.6 37.8626 300 89
0 655.6 37.9679 300 89
0 655.6 38.0615 300 89
0 655.6 38.1586 300 89
0 655.6 38.2497 300 89
0 655.6 38.3456 300 89
0 655.6 38.4429 300 89
0 655.6 38.5489 300 89
0 655.6 38.6378 300 89
0 655.6 38.7336 300 89
0 655.6 38.8368 300 89
0 655.6 38.9404 300 89
0 655.6 39.0384 300 89
0 655.6 39.1295 300 89
0 655.6 39.2198 300 89
0 655.6 39.3111 300 89
0 655.6 39.4083 300 89
0 655.6 39.4977 300 89
0 655.6 39.596 300 89
0 655.6 39.6946 300 89
0 655.6 39.7985 300 89
0 655.6 39.8969 300 89
0 655.6 39.9955 300 89
0 655.6 40.087 300 89
0 655.6 40.1814 300 89
0 655.6 40.2773 300 89
0 655.6 40.3707 300 89
0 655.6 40.4636 300 89
0 655.6 40.5625 300 89
0 655.6 40.6641 300 89
0 655.6 40.7644 300 89
0 655.6 40.8933 300 89
0 655.6 40.9882 300 89
0 655.6 41.0837 300 89
0 655.6 41.1719 300 89
0 655.6 41.2676 300 89
0 655.6 41.3675 300 89
0 655.6 41.4546 300 89
0 655.6 41.5437 300 89
0 655.6 41.627 300 89
0 655.6 41.7209 300 89
0 655.6 41.821 300 89
0 655.6 41.9147 300 89
0 655.6 42.0102 300 89
0 655.6 42.0892 300 89
0 655.6 42.1814 300 89
0 655.6 42.2786 300 89
0 655.6 42.3675 300 89
0 655.6 42.4545 300 89
0 655.6 42.5548 300 89
0 655.6 42.6469 300 89
0 655.6 42.7322 300 89
0 655.6 42.8297 300 89
0 655.6 42.9241 300 89
0 655.6 43.0174 300 89
0 655.6 43.1115 300 89
0 655.6 43.2012 300 89
0 655.6 43.2974 300 89
0 655.6 43.3999 300 89
0 655.6 43.4935 300 89
0 655.6 43.5881 300 89
0 655.6 43.6838 300 89
0 655.6 43.782 300 89
0 655.6 43.873 300 89
0 655.6 43.9663 300 89
0 655.6 44.0514 300 89
0 655.6 44.1356 300 89
0 655.6 44.1942 300 89
0 655.6 44.2888 300 89
0 655.6 44.382 300 89
0 655.6 44.4722 300 89
0 655.6 44.567 300 89
0 655.6 44.6623 300 89
0 655.6 44.7482 300 89
0 655.6 44.8375 300 89
0 655.6 44.9242 300 89
0 655.6 45.0191 300 89
0 655.6 45.0786 300 89
0 655.6 45.168 300 89
0 655.6 45.2554 300 89
0 655.6 45.3435 300 89
0 655.6 45.4374 300 89
0 655.6 45.5229 300 89
0 655.6 45.6087 300 89
0 655.6 45.6961 300 89
0 655.6 45.7759 300 89
0 655.6 45.8689 300 89
0 655.6 45.9537 300 89
0 655.6 46.0339 300 89
0 655.6 46.1216 300 89
0 655.6 46.2068 300 89
0 655.6 46.2894 300 89
0 655.6 46.3774 300 89
0 655.6 46.4728 300 89
0 655.6 46.5583 300 89
0 655.6 46.6463 300 89
0 655.6 46.7352 300 89
0 655.6 46.8201 300 89
0 655.6 46.9058 300 89
0 655.6 46.9914 300 89
0 655.6 47.0767 300 89
0 655.6 47.1742 300 89
0 655.6 47.2616 300 89
0 655.6 47.3566 300 89
0 655.6 47.4474 300 89
0 655.6 47.5337 300 89
0 655.6 47.622 300 89
0 655.6 47.7045 300 89
0 655.6 47.7973 300 89
0 655.6 47.8872 300 89
0 655.6 47.9736 300 89
0 655.6 48.0555 300 89
0 655.6 48.1381 300 89
0 655.6 48.2271 300 89
0 655.6 48.315 300 89
0 655.6 48.4065 300 89
0 655.6 48.4917 300 89
0 655.6 48.5722 300 89
0 655.6 48.6505 300 89
0 655.6 48.7311 300 89
0 655.6 48.8201 300 89
0 655.6 48.9155 300 89
0 655.6 48.9997 300 89
0 655.6 49.0794 300 89
0 655.6 49.1656 300 89
0 655.6 49.2497 300 89
0 655.6 49.3398 300 89
0 655.6 49.4229 300 89
0 655.6 49.5069 300 89
0 655.6 49.5974 300 89
0 655.6 49.676 300 89
0 655.6 49.7667 300 89
0 655.6 49.8495 300 89
0 655.6 49.9394 300 89
0 655.6 50.0295 300 89
0 655.6 50.1174 300 89
0 655.6 50.1991 300 89
0 655.6 50.2844 300 89
0 655.6 50.3708 300 89
0 655.6 50.4516 300 89
0 655.6 50.5346 300 89
0 655.6 50.6167 300 89
0 655.6 50.701 300 89
0 655.6 50.8014 300 89
0 655.6 50.8913 300 89
0 655.6 50.9839 300 89
0 655.6 51.0771 300 89
0 655.6 51.1558 300 89
0 655.6 51.2362 300 89
0 655.6 51.3267 300 89
0 655.6 51.4211 300 89
0 655.6 51.5097 300 89
0 655.6 51.5969 300 89
0 655.6 51.6846 300 89
0 655.6 51.7775 300 89
0 655.6 51.8641 300 89
0 655.6 51.9488 300 89
0 655.6 52.0362 300 89
0 655.6 52.128 300 89
0 655.6 52.2151 300 89
0 655.6 52.2971 300 89
0 655.6 52.38 300 89
0 655.6 52.4693 300 89
0 655.6 52.5552 300 89
0 655.6 52.6394 300 89
0 655.6 52.7244 300 89
0 655.6 52.8061 300 89
0 655.6 52.8953 300 89
0 655.6 52.9798 300 89
0 655.6 53.0613 300 89
0 655.6 53.1539 300 89
0 655.6 53.2385 300 89
0 655.6 53.3269 300 89
0 655.6 53.4051 300 89
0 655.6 53.499 300 89
0 655.6 53.5941 300 89
0 655.6 53.6826 300 89
0 655.6 53.7635 300 89
0 655.6 53.8552 300 89
0 655.6 53.9404 300 89
0 655.6 54.0277 300 89
0 655.6 54.1097 300 89
0 655.6 54.1982 300 89
0 655.6 54.2895 300 89
0 655.6 54.3713 300 89
0 655.6 54.4615 300 89
0 655.6 54.5521 300 89
0 655.6 54.633 300 89
0 655.6 54.7211 300 89
0 655.6 54.8136 300 89
0 655.6 54.8997 300 89
0 655.6 54.9848 300 89
0 655.6 55.0712 300 89
0 655.6 55.1559 300 89
0 655.6 55.2436 300 89
0 655.6 55.3293 300 89
0 655.6 55.4143 300 89
0 655.6 55.4984 300 89
0 655.6 55.5955 300 89
0 655.6 55.6833 300 89
0 655.6 55.7751 300 89
0 655.6 55.8766 300 89
0 655.6 55.9615 300 89
0 655.6 56.0434 300 89
0 655.6 56.1365 300 89
0 655.6 56.2268 300 89
0 655.6 56.3068 300 89
0 655.6 56.3933 300 89
0 655.6 56.4837 300 89
0 655.6 56.5711 300 89
0 655.6 56.6635 300 89
0 655.6 56.7621 300 89
0 655.6 56.8578 300 89
0 655.6 56.9431 300 89
0 655.6 57.0716 300 89
0 655.6 57.1596 300 89
0 655.6 57.2432 300 89
0 655.6 57.3363 300 89
0 655.6 57.4195 300 89
0 655.6 57.5098 300 89
0 655.6 57.5946 300 89
0 655.6 57.6785 300 89
0 655.6 57.7664 300 89
0 655.6 57.8593 300 89
0 655.6 57.9487 300 89
0 655.6 58.035 300 89
0 655.6 58.1216 300 89
0 655.6 58.2104 300 89
0 655.6 58.2961 300 89
0 655.6 58.3735 300 89
0 655.6 58.4648 300 89
0 655.6 58.5493 300 89
0 655.6 58.6335 300 89
0 655.6 58.7246 300 89
0 655.6 58.8077 300 89
0 655.6 58.891 300 89
0 655.6 58.977 300 89
0 655.6 59.0582 300 89
0 655.6 59.1364 300 89
0 655.6 59.2219 300 89
0 655.6 59.3071 300 89
0 655.6 59.446 300 89
0 655.6 59.533 300 89
0 655.6 59.6222 300 89
0 655.6 59.7115 300 89
0 655.6 59.8016 300 89
0 655.6 59.8927 300 89
0 655.6 59.9805 300 89
0 655.6 60.0736 300 89
0 655.6 60.1601 300 89
0 655.6 60.244 300 89
0 655.6 60.3315 300 89
0 655.6 60.4165 300 89
0 655.6 60.5002 300 89
0 655.6 60.588 300 89
0 655.6 60.677 300 89
0 655.6 60.758 300 89
0 655.6 60.8455 300 89
0 655.6 60.9344 300 89
0 655.6 61.0158 300 89
0 655.6 61.1013 300 89
0 655.6 61.1949 300 89
0 655.6 61.2815 300 89
0 655.6 61.372 300 89
0 655.6 61.4577 300 89
0 655.6 61.5396 300 89
0 655.6 61.6362 300 89
0 655.6 61.7221 300 89
0 655.6 61.8088 300 89
0 655.6 61.8955 300 89
0 655.6 61.9888 300 89
0 655.6 62.0776 300 89
0 655.6 62.1643 300 89
0 655.6 62.2502 300 89
0 655.6 62.3313 300 89
0 655.6 62.4196 300 89
0 655.6 62.5062 300 89
0 655.6 62.5944 300 89
0 655.6 62.6792 300 89
0 655.6 62.7705 300 89
0 655.6 62.8529 300 89
0 655.6 62.9387 300 89
0 655.6 63.0269 300 89
0 655.6 63.1095 300 89
0 655.6 63.201 300 89
0 655.6 63.2828 300 89
0 655.6 63.3779 300 89
0 655.6 63.4667 300 89
0 655.6 63.5491 300 89
0 655.6 63.6369 300 89
0 655.6 63.7259 300 89
0 655.6 63.8151 300 89
0 655.6 63.9046 300 89
0 655.6 63.9942 300 89
0 655.6 64.0842 300 89
0 655.6 64.1725 300 89
0 655.6 64.2575 300 89
0 655.6 64.3342 300 89
0 655.6 64.4085 300 89
0 655.6 64.4999 300 89
0 655.6 64.6039 300 89
0 655.6 64.6924 300 89
0 655.6 64.7739 300 89
0 655.6 64.8553 300 89
0 655.6 64.942 300 89
0 655.6 65.0293 300 89
0 655.6 65.1132 300 89
0 655.6 65.201 300 89
0 655.6 65.31 300 89
0 655.6 65.403 300 89
0 655.6 65.5213 300 89
0 655.6 65.6074 300 89
0 655.6 65.6951 300 89
0 655.6 65.789 300 89
0 655.6 65.8737 300 89
0 655.6 65.9645 300 89
0 655.6 66.0513 300 89
0 655.6 66.1341 300 89
0 655.6 66.2251 300 89
0 655.6 66.2979 300 89
0 655.6 66.3922 300 89
0 655.6 66.4824 300 89
0 655.6 66.5679 300 89
0 655.6 66.6517 300 89
0 655.6 66.7333 300 89
0 655.6 66.8294 300 89
0 655.6 66.9144 300 89
0 655.6 66.9963 300 89
0 655.6 67.0853 300 89
0 655.6 67.1775 300 89
0 655.6 67.2641 300 89
0 655.6 67.3556 300 89
0 655.6 67.4308 300 89
0 655.6 67.5206 300 89
0 655.6 67.6016 300 89
0 655.6 67.6923 300 89
0 655.6 67.7788 300 89
0 655.6 67.8684 300 89
0 655.6 67.9581 300 89
0 655.6 68.0411 300 89
0 655.6 68.1196 300 89
0 655.6 68.2084 300 89
0 655.6 68.2969 300 89
0 655.6 68.3866 300 89
0 655.6 68.4706 300 89
0 655.6 68.5554 300 89
0 655.6 68.6401 300 89
0 655.6 68.7304 300 89
0 655.6 68.7918 300 89
0 655.6 68.8847 300 89
0 655.6 68.97 300 89
0 655.6 69.0608 300 89
0 655.6 69.1512 300 89
0 655.6 69.2418 300 89
0 655.6 69.3377 300 89
0 655.6 69.4258 300 89
0 655.6 69.5133 300 89
0 655.6 69.6052 300 89
0 655.6 69.6943 300 89
0 655.6 69.7761 300 89
0 655.6 69.8622 300 89
0 655.6 69.9463 300 89
0 655.6 70.0351 300 89
0 655.6 70.1201 300 89
0 655.6 70.2091 300 89
0 655.6 70.3015 300 89
0 655.6 70.3955 300 89
0 655.6 70.4899 300 89
0 655.6 70.6125 300 89
0 655.6 70.6928 300 89
0 655.6 70.783 300 89
0 655.6 70.8736 300 89
0 655.6 70.9622 300 89
0 655.6 71.0558 300 89
0 655.6 71.1371 300 89
0 655.6 71.229 300 89
0 655.6 71.3119 300 89
0 655.6 71.4036 300 89
0 655.6 71.491 300 89
0 655.6 71.5679 300 89
0 655.6 71.6413 300 89
0 655.6 71.7206 300 89
0 655.6 71.8115 300 89
0 655.6 71.899 300 89
0 655.6 71.9891 300 89
0 655.6 72.0814 300 89
0 655.6 72.1658 300 89
0 655.6 72.2625 300 89
0 655.6 72.348 300 89
0 655.6 72.4903 300 89
0 655.6 72.5723 300 89
0 655.6 72.654 300 89
0 655.6 72.7372 300 89
0 655.6 72.8212 300 89
0 655.6 72.9104 300 89
0 655.6 72.9975 300 89
0 655.6 73.0841 300 89
0 655.6 73.1675 300 89
0 655.6 73.2592 300 89
0 655.6 73.3548 300 89
0 655.6 73.4329 300 89
0 655.6 73.5236 300 89
0 655.6 73.6136 300 89
0 655.6 73.7072 300 89
0 655.6 73.7873 300 89
0 655.6 73.8721 300 89
0 655.6 73.9549 300 89
0 655.6 74.0469 300 89
0 655.6 74.1353 300 89
0 655.6 74.2197 300 89
0 655.6 74.3042 300 89
0 655.6 74.3916 300 89
0 655.6 74.4781 300 89
0 655.6 74.5701 300 89
0 655.6 74.6541 300 89
0 655.6 74.7457 300 89
0 655.6 74.8402 300 89
0 655.6 74.9266 300 89
0 655.6 75.0173 300 89
0 655.6 75.1034 300 89
0 655.6 75.1957 300 89
0 655.6 75.2843 300 89
0 655.6 75.3758 300 89
0 655.6 75.4658 300 89
0 655.6 75.5546 300 89
0 655.6 75.6458 300 89
0 655.6 75.7337 300 89
0 655.6 75.82 300 89
0 655.6 75.9018 300 89
0 655.6 75.987 300 89
0 655.6 76.0707 300 89
0 655.6 76.1568 300 89
0 655.6 76.2452 300 89
0 655.6 76.3351 300 89
0 655.6 76.4235 300 89
0 655.6 76.49 300 89
0 655.6 76.5721 300 89
0 655.6 76.6613 300 89
0 655.6 76.7496 300 89
0 655.6 76.8417 300 89
0 655.6 76.9283 300 89
0 655.6 77.0106 300 89
0 655.6 77.1042 300 89
0 655.6 77.1945 300 89
0 655.6 77.2836 300 89
0 655.6 77.3713 300 89
0 655.6 77.4499 300 89
0 655.6 77.5376 300 89
0 655.6 77.6188 300 89
0 655.6 77.7042 300 89
0 655.6 77.7894 300 89
0 655.6 77.8835 300 89
0 655.6 77.9781 300 89
0 655.6 78.0657 300 89
0 655.6 78.1559 300 89
0 655.6 78.2424 300 89
0 655.6 78.3296 300 89
0 655.6 78.4204 300 89
0 655.6 78.5056 300 89
0 655.6 78.5899 300 89
0 655.6 78.667 300 89
0 655.6 78.7539 300 89
0 655.6 78.8673 300 89
0 655.6 78.9595 300 89
0 655.6 79.0531 300 89
0 655.6 79.1454 300 89
0 655.6 79.2407 300 89
0 655.6 79.3341 300 89
0 655.6 79.4266 300 89
0 655.6 79.5096 300 89
0 655.6 79.5902 300 89
0 655.6 79.6863 300 89
0 655.6 79.7764 300 89
0 655.6 79.8694 300 89
0 655.6 79.9542 300 89
0 655.6 80.0445 300 89
0 655.6 80.1325 300 89
0 655.6 80.2207 300 89
0 655.6 80.3053 300 89
0 655.6 80.3886 300 89
0 655.6 80.4711 300 89
0 655.6 80.549 300 89
0 655.6 80.6276 300 89
0 655.6 80.7084 300 89
0 655.6 80.7697 300 89
0 655.6 80.8239 300 89
0 655.6 80.8855 300 89
0 655.6 80.9452 300 89
0 655.6 81.0047 300 89
0 655.6 81.0649 300 89
0 655.6 81.1294 300 89
0 655.6 81.1931 300 89
0 655.6 81.2877 300 89
0 655.6 81.347 300 89
0 655.6 81.4033 300 89
0 655.6 81.4595 300 89
0 655.6 81.5261 300 89
0 655.6 81.5855 300 89
0 655.6 81.6472 300 89
0 655.6 81.7062 300 89
0 655.6 81.7697 300 89
0 655.6 81.8251 300 89
0 655.6 81.8858 300 89
0 655.6 81.9441 300 89
0 655.6 82.0036 300 89
0 655.6 82.0596 300 89
0 655.6 82.1192 300 89
0 655.6 82.1839 300 89
0 655.6 82.2436 300 89
0 655.6 82.301 300 89
0 655.6 82.3554 300 89
0 655.6 82.4154 300 89
0 655.6 82.4771 300 89
0 655.6 82.5447 300 89
0 655.6 82.5977 300 89
0 655.6 82.6604 300 89
0 655.6 82.7249 300 89
0 655.6 82.7835 300 89
0 655.6 82.8384 300 89
0 655.6 82.9001 300 89
0 655.6 82.9625 300 89
0 655.6 83.0247 300 89
0 655.6 83.0835 300 89
0 655.6 83.1348 300 89
0 655.6 83.1975 300 89
0 655.6 83.2602 300 89
0 655.6 83.319 300 89
0 655.6 83.378 300 89
0 655.6 83.4357 300 89
0 655.6 83.5065 300 89
0 655.6 83.5791 300 89
0 655.6 83.6639 300 89
0 655.6 83.7523 300 89
0 655.6 83.839 300 89
0 655.6 83.9265 300 89
0 655.6 84.0157 300 89
0 655.6 84.0928 300 89
0 655.6 84.182 300 89
0 655.6 84.2738 300 89
0 655.6 84.3671 300 89
0 655.6 84.4525 300 89
0 655.6 84.5377 300 89
0 655.6 84.6293 300 89
0 655.6 84.7418 300 89
0 655.6 84.8323 300 89
0 655.6 84.9205 300 89
0 655.6 85.0329 300 89
0 655.6 85.1362 300 89
0 655.6 85.2263 300 89
0 655.6 85.3183 300 89
0 655.6 85.4153 300 89
0 655.6 85.5198 300 89
0 655.6 85.6037 300 89
0 655.6 85.6748 300 89
0 655.6 85.7582 300 89
0 655.6 85.8435 300 89
0 655.6 85.9219 300 89
0 655.6 86.0016 300 89
0 655.6 86.0886 300 89
0 655.6 86.1812 300 89
0 655.6 86.267 300 89
0 655.6 86.3486 300 89
0 655.6 86.4324 300 89
0 655.6 86.5157 300 89
0 655.6 86.6025 300 89
0 655.6 86.6946 300 89
0 655.6 86.7789 300 89
0 655.6 86.8762 300 89
0 655.6 86.9693 300 89
0 655.6 87.0636 300 89
0 655.6 87.1769 300 89
0 655.6 87.2823 300 89
0 655.6 87.3746 300 89
0 655.6 87.4626 300 89
0 655.6 87.5528 300 89
0 655.6 87.6385 300 89
0 655.6 87.7317 300 89
0 655.6 87.8187 300 89
0 655.6 87.8992 300 89
0 655.6 87.9847 300 89
0 655.6 88.0791 300 89
0 655.6 88.1654 300 89
0 655.6 88.2502 300 89
0 655.6 88.3318 300 89
0 655.6 88.4143 300 89
0 655.6 88.505 300 89
0 655.6 88.596 300 89
0 655.6 88.6771 300 89
0 655.6 88.758 300 89
0 655.6 88.8398 300 89
0 655.6 88.9252 300 89
0 655.6 89.0066 300 89
0 655.6 89.11 300 89
0 655.6 89.2168 300 89
0 655.6 89.2931 300 89
0 655.6 89.3794 300 89
0 655.6 89.4628 300 89
0 655.6 89.5517 300 89
0 655.6 89.6405 300 89
0 655.6 89.7372 300 89
0 655.6 89.8258 300 89
0 655.6 89.9079 300 89
0 655.6 89.9933 300 89
0 655.6 90.0829 300 89
0 655.6 90.1733 300 89
0 655.6 90.2651 300 89
0 655.6 90.3464 300 89
0 655.6 90.4349 300 89
0 655.6 90.5162 300 89
0 655.6 90.6065 300 89
0 655.6 90.6969 300 89
0 655.6 90.7798 300 89
0 655.6 90.8685 300 89
0 655.6 91.0062 300 89
0 655.6 91.0836 300 89
0 655.6 91.1569 300 89
0 655.6 91.2336 300 89
0 655.6 91.3174 300 89
0 655.6 91.4014 300 89
0 655.6 91.4969 300 89
0 655.6 91.6193 300 89
0 655.6 91.7166 300 89
0 655.6 91.8096 300 89
0 655.6 91.8977 300 89
0 655.6 91.9841 300 89
0 655.6 92.0693 300 89
0 655.6 92.1512 300 89
0 655.6 92.2295 300 89
0 655.6 92.3116 300 89
0 655.6 92.3981 300 89
0 655.6 92.5085 300 89
0 655.6 92.6082 300 89
0 655.6 92.6927 300 89
0 655.6 92.7801 300 89
0 655.6 92.8804 300 89
0 655.6 92.9887 300 89
0 655.6 93.0722 300 89
0 655.6 93.1648 300 89
0 655.6 93.2609 300 89
0 655.6 93.365 300 89
0 655.6 93.4594 300 89
0 655.6 93.5438 300 89
0 655.6 93.6316 300 89
0 655.6 93.706 300 89
0 655.6 93.8043 300 89
0 655.6 93.8913 300 89
0 655.6 93.9794 300 89
0 655.6 94.0662 300 89
0 655.6 94.1492 300 89
0 655.6 94.2269 300 89
0 655.6 94.3083 300 89
0 655.6 94.3902 300 89
0 655.6 94.4713 300 89
0 655.6 94.5518 300 89
0 655.6 94.6326 300 89
0 655.6 94.716 300 89
0 655.6 94.8008 300 89
0 655.6 94.8876 300 89
0 655.6 94.9824 300 89
0 655.6 95.0721 300 89
0 655.6 95.1539 300 89
0 655.6 95.2378 300 89
0 655.6 95.3197 300 89
0 655.6 95.4063 300 89
0 655.6 95.483 300 89
0 655.6 95.5699 300 89
0 655.6 95.6718 300 89
0 655.6 95.7935 300 89
0 655.6 95.9065 300 89
0 655.6 95.9929 300 89
0 655.6 96.068 300 89
0 655.6 96.1476 300 89
0 655.6 96.2367 300 89
0 655.6 96.3155 300 89
0 655.6 96.4005 300 89
0 655.6 96.4795 300 89
0 655.6 96.5556 300 89
0 655.6 96.6501 300 89
0 655.6 96.8051 300 89
0 655.6 96.8953 300 89
0 655.6 96.9885 300 89
0 655.6 97.0874 300 89
0 655.6 97.1771 300 89
0 655.6 97.263 300 89
0 655.6 97.3471 300 89
0 655.6 97.4312 300 89
0 655.6 97.5232 300 89
0 655.6 97.602 300 89
0 655.6 97.6892 300 89
0 655.6 97.7842 300 89
0 655.6 97.8682 300 89
0 655.6 97.9581 300 89
0 655.6 98.045 300 89
0 655.6 98.1172 300 89
0 655.6 98.2071 300 89
0 655.6 98.2984 300 89
0 655.6 98.3828 300 89
0 655.6 98.4776 300 89
0 655.6 98.5661 300 89
0 655.6 98.6528 300 89
0 655.6 98.7611 300 89
0 655.6 98.8645 300 89
0 655.6 98.9471 300 89
0 655.6 99.0402 300 89
0 655.6 99.1516 300 89
0 655.6 99.2503 300 89
0 655.6 99.3334 300 89
0 655.6 99.415 300 89
0 655.6 99.5009 300 89
0 655.6 99.5755 300 89
0 655.6 99.6579 300 89
0 655.6 99.7479 300 89
0 655.6 99.8351 300 89
0 655.6 99.9201 300 89
0 655.6 100.006 300 89
0 655.6 100.094 300 89
0 655.6 100.182 300 89
0 655.6 100.266 300 89
0 655.6 100.355 300 89
0 655.6 100.443 300 89
0 655.6 100.527 300 89
0 655.6 100.616 300 89
0 655.6 100.695 300 89
0 655.6 100.781 300 89
0 655.6 100.867 300 89
0 655.6 100.966 300 89
0 655.6 101.059 300 89
0 655.6 101.149 300 89
0 655.6 101.233 300 89
0 655.6 101.318 300 89
0 655.6 101.404 300 89
0 655.6 101.488 300 89
0 655.6 101.579 300 89
0 655.6 101.664 300 89
0 655.6 101.751 300 89
0 655.6 101.836 300 89
0 655.6 101.924 300 89
0 655.6 102.007 300 89
0 655.6 102.091 300 89
0 655.6 102.181 300 89
0 655.6 102.269 300 89
0 655.6 102.358 300 89
0 655.6 102.442 300 89
0 655.6 102.493 300 89
0 655.6 102.579 300 89
0 655.6 102.661 300 89
0 655.6 102.754 300 89
0 655.6 102.86 300 89
0 655.6 102.955 300 89
0 655.6 103.041 300 89
0 655.6 103.123 300 89
0 655.6 103.212 300 89
0 655.6 103.297 300 89
0 655.6 103.381 300 89
0 655.6 103.469 300 89
0 655.6 103.564 300 89
0 655.6 103.652 300 89
0 655.6 103.732 300 89
0 655.6 103.822 300 89
0 655.6 103.905 300 89
0 655.6 103.985 300 89
0 655.6 104.065 300 89
0 655.6 104.151 300 89
0 655.6 104.235 300 89
0 655.6 104.308 300 89
0 655.6 104.394 300 89
0 655.6 104.482 300 89
0 655.6 104.564 300 89
0 655.6 104.647 300 89
0 655.6 104.744 300 89
0 655.6 104.844 300 89
0 655.6 104.921 300 89
0 655.6 105.004 300 89
0 655.6 105.091 300 89
0 655.6 105.18 300 89
0 655.6 105.264 300 89
0 655.6 105.347 300 89
0 655.6 105.432 300 89
0 655.6 105.509 300 89
0 655.6 105.593 300 89
0 655.6 105.676 300 89
0 655.6 105.756 300 89
0 655.6 105.839 300 89
0 655.6 105.924 300 89
0 655.6 106.01 300 89
0 655.6 106.089 300 89
0 655.6 106.166 300 89
0 655.6 106.254 300 89
0 655.6 106.338 300 89
0 655.6 106.434 300 89
0 655.6 106.521 300 89
0 655.6 106.59 300 89
0 655.6 106.663 300 89
0 655.6 106.745 300 89
0 655.6 106.829 300 89
0 655.6 106.91 300 89
0 655.6 106.998 300 89
0 655.6 107.073 300 89
0 655.6 107.231 300 89
0 655.6 107.356 300 89
0 655.6 107.452 300 89
0 655.6 107.543 300 89
0 655.6 107.621 300 89
0 655.6 107.697 300 89
0 655.6 107.773 300 89
0 655.6 107.859 300 89
0 655.6 107.942 300 89
0 655.6 108.023 300 89
0 655.6 108.107 300 89
0 655.6 108.219 300 89
0 655.6 108.317 300 89
0 655.6 108.406 300 89
0 655.6 108.502 300 89
0 655.6 108.595 300 89
0 655.6 108.686 300 89
0 655.6 108.782 300 89
0 655.6 108.866 300 89
0 655.6 108.95 300 89
0 655.6 109.039 300 89
0 655.6 109.125 300 89
0 655.6 109.206 300 89
0 655.6 109.287 300 89
0 655.6 109.379 300 89
0 655.6 109.466 300 89
0 655.6 109.554 300 89
0 655.6 109.634 300 89
0 655.6 109.718 300 89
0 655.6 109.806 300 89
0 655.6 109.884 300 89
0 655.6 109.967 300 89
0 655.6 110.056 300 89
0 655.6 110.144 300 89
0 655.6 110.232 300 89
0 655.6 110.33 300 89
0 655.6 110.424 300 89
0 655.6 110.521 300 89
0 655.6 110.605 300 89
0 655.6 110.691 300 89
0 655.6 110.771 300 89
0 655.6 110.85 300 89
0 655.6 110.931 300 89
0 655.6 111.035 300 89
0 655.6 111.124 300 89
0 655.6 111.21 300 89
0 655.6 111.291 300 89
0 655.6 111.376 300 89
0 655.6 111.46 300 89
0 655.6 111.514 300 89
0 655.6 111.588 300 89
0 655.6 111.669 300 89
0 655.6 111.751 300 89
0 655.6 111.833 300 89
0 655.6 111.91 300 89
0 655.6 111.99 300 89
0 655.6 112.087 300 89
0 655.6 112.187 300 89
0 655.6 112.29 300 89
0 655.6 112.38 300 89
0 655.6 112.48 300 89
0 655.6 112.574 300 89
0 655.6 112.664 300 89
0 655.6 112.743 300 89
0 655.6 112.838 300 89
0 655.6 112.918 300 89
0 655.6 113.006 300 89
0 655.6 113.107 300 89
0 655.6 113.196 300 89
0 655.6 113.249 300 89
0 655.6 113.32 300 89
0 655.6 113.397 300 89
0 655.6 113.477 300 89
0 655.6 113.561 300 89
0 655.6 113.619 300 89
0 655.6 113.698 300 89
0 655.6 113.785 300 89
0 655.6 113.871 300 89
0 655.6 113.953 300 89
0 655.6 114.035 300 89
0 655.6 114.12 300 89
0 655.6 114.211 300 89
0 655.6 114.313 300 89
0 655.6 114.407 300 89
0 655.6 114.488 300 89
0 655.6 114.569 300 89
0 655.6 114.66 300 89
0 655.6 114.759 300 89
0 655.6 114.864 300 89
0 655.6 114.95 300 89
0 655.6 115.037 300 89
0 655.6 115.116 300 89
0 655.6 115.198 300 89
0 655.6 115.283 300 89
0 655.6 115.378 300 89
0 655.6 115.465 300 89
0 655.6 115.539 300 89
0 655.6 115.622 300 89
0 655.6 115.711 300 89
0 655.6 115.803 300 89
0 655.6 115.892 300 89
0 655.6 115.975 300 89
0 655.6 116.054 300 89
0 655.6 116.138 300 89
0 655.6 116.223 300 89
0 655.6 116.303 300 89
0 655.6 116.388 300 89
0 655.6 116.48 300 89
0 655.6 116.585 300 89
0 655.6 116.676 300 89
0 655.6 116.769 300 89
0 655.6 116.853 300 89
0 655.6 116.966 300 89
0 655.6 117.07 300 89
0 655.6 117.16 300 89
0 655.6 117.239 300 89
0 655.6 117.326 300 89
0 655.6 117.409 300 89
0 655.6 117.497 300 89
0 655.6 117.582 300 89
0 655.6 117.663 300 89
0 655.6 117.746 300 89
0 655.6 117.832 300 89
0 655.6 117.914 300 89
0 655.6 118.001 300 89
0 655.6 118.085 300 89
0 655.6 118.161 300 89
0 655.6 118.249 300 89
0 655.6 118.341 300 89
0 655.6 118.422 300 89
0 655.6 118.508 300 89
0 655.6 118.606 300 89
0 655.6 118.709 300 89
0 655.6 118.794 300 89
0 655.6 118.875 300 89
0 655.6 118.973 300 89
0 655.6 119.069 300 89
0 655.6 119.155 300 89
0 655.6 119.244 300 89
0 655.6 119.344 300 89
0 655.6 119.446 300 89
0 655.6 119.538 300 89
0 655.6 119.628 300 89
0 655.6 119.708 300 89
0 655.6 119.784 300 89
0 655.6 119.867 300 89
0 655.6 119.945 300 89
0 655.6 120.04 300 89
0 655.6 120.111 300 89
0 655.6 120.191 300 89
0 655.6 120.271 300 89
0 655.6 120.35 300 89
0 655.6 120.438 300 89
0 655.6 120.521 300 89
0 655.6 120.606 300 89
0 655.6 120.679 300 89
0 655.6 120.761 300 89
0 655.6 120.849 300 89
0 655.6 120.93 300 89
0 655.6 121.02 300 89
0 655.6 121.113 300 89
0 655.6 121.212 300 89
0 655.6 121.298 300 89
0 655.6 121.385 300 89
0 655.6 121.464 300 89
0 655.6 121.551 300 89
0 655.6 121.632 300 89
0 655.6 121.743 300 89
0 655.6 121.829 300 89
0 655.6 121.912 300 89
0 655.6 122.006 300 89
0 655.6 122.1 300 89
0 655.6 122.187 300 89
0 655.6 122.275 300 89
0 655.6 122.363 300 89
0 655.6 122.462 300 89
0 655.6 122.551 300 89
0 655.6 122.638 300 89
0 655.6 122.741 300 89
0 655.6 122.843 300 89
0 655.6 122.929 300 89
0 655.6 123.001 300 89
0 655.6 123.088 300 89
0 655.6 123.176 300 89
0 655.6 123.26 300 89
0 655.6 123.348 300 89
0 655.6 123.428 300 89
0 655.6 123.518 300 89
0 655.6 123.623 300 89
0 650 123.633 89
0 650 123.716 300 89
0 650 123.803 300 89
0 650 123.891 300 89
0 650 123.977 300 89
0 650 124.061 300 89
0 650 124.166 300 89
0 650 124.256 300 89
0 650 124.342 300 89
0 650 124.433 300 89
0 650 124.527 300 89
0 650 124.631 300 89
0 650 124.725 300 89
0 650 124.808 300 89
0 650 124.888 300 89
0 650 124.976 300 89
0 650 125.06 300 89
0 650 125.155 300 89
0 650 125.243 300 89
0 650 125.319 300 89
0 650 125.397 300 89
0 650 125.479 300 89
0 650 125.564 300 89
0 650 125.645 300 89
0 650 125.732 300 89
0 650 125.819 300 89
0 650 125.902 300 89
0 650 125.982 300 89
0 650 126.061 300 89
0 650 126.144 300 89
0 650 126.278 300 89
0 650 126.371 300 89
0 650 126.474 300 89
0 650 126.563 300 89
0 650 126.644 300 89
0 650 126.741 300 89
0 650 126.843 300 89
0 650 126.931 300 89
0 650 127.021 300 89
0 650 127.106 300 89
0 650 127.187 300 89
0 650 127.278 300 89
0 650 127.37 300 89
0 650 127.455 300 89
0 650 127.538 300 89
0 650 127.623 300 89
0 650 127.704 300 89
0 650 127.791 300 89
0 650 127.87 300 89
0 650 127.946 300 89
0 650 128.035 300 89
0 650 128.113 300 89
0 650 128.2 300 89
0 650 128.285 300 89
0 650 128.359 300 89
0 650 128.432 300 89
0 650 128.523 300 89
0 650 128.622 300 89
0 650 128.712 300 89
0 650 128.792 300 89
0 650 128.88 300 89
0 650 128.959 300 89
0 650 129.044 300 89
0 650 129.131 300 89
0 650 129.218 300 89
0 650 129.314 300 89
0 650 129.401 300 89
0 650 129.486 300 89
0 650 129.569 300 89
0 650 129.659 300 89
0 650 129.745 300 89
0 650 129.83 300 89
0 650 129.913 300 89
0 650 130.01 300 89
0 650 130.088 300 89
0 650 130.173 300 89
0 650 130.256 300 89
0 650 130.342 300 89
0 650 130.44 300 89
0 650 130.537 300 89
0 650 130.624 300 89
0 650 130.722 300 89
0 650 130.826 300 89
0 650 130.924 300 89
0 650 131.011 300 89
0 650 131.118 300 89
0 650 131.215 300 89
0 650 131.294 300 89
0 650 131.371 300 89
0 650 131.459 300 89
0 650 131.546 300 89
0 650 131.637 300 89
0 650 131.726 300 89
0 650 131.781 300 89
0 650 131.868 300 89
0 650 131.974 300 89
0 650 132.06 300 89
0 650 132.142 300 89
0 650 132.227 300 89
0 650 132.318 300 89
0 650 132.404 300 89
0 650 132.5 300 89
0 650 132.597 300 89
0 650 132.687 300 89
0 650 132.774 300 89
0 650 132.863 300 89
0 650 132.957 300 89
0 650 133.039 300 89
0 650 133.139 300 89
0 650 133.224 300 89
0 650 133.32 300 89
0 650 133.417 300 89
0 650 133.513 300 89
0 650 133.606 300 89
0 650 133.685 300 89
0 650 133.751 300 89
0 650 133.81 300 89
0 650 133.852 300 89
0 650 133.916 300 89
0 650 133.981 300 89
0 650 134.047 300 89
0 650 134.109 300 89
0 650 134.167 300 89
0 650 134.231 300 89
0 650 134.3 300 89
0 650 134.362 300 89
0 650 134.424 300 89
0 650 134.502 300 89
0 650 134.584 300 89
0 650 134.67 300 89
0 650 134.764 300 89
0 650 134.854 300 89
0 650 134.945 300 89
0 650 135.048 300 89
0 650 135.152 300 89
0 650 135.245 300 89
0 650 135.329 300 89
0 650 135.419 300 89
0 650 135.507 300 89
0 650 135.598 300 89
0 650 135.695 300 89
0 650 135.778 300 89
0 650 135.868 300 89
0 650 135.954 300 89
0 650 136.044 300 89
0 650 136.14 300 89
0 650 136.23 300 89
0 650 136.318 300 89
0 650 136.412 300 89
0 650 136.509 300 89
0 650 136.6 300 89
0 650 136.708 300 89
0 650 136.806 300 89
0 650 136.9 300 89
0 650 137.005 300 89
0 650 137.112 300 89
0 650 137.218 300 89
0 650 137.311 300 89
0 650 137.402 300 89
0 650 137.503 300 89
0 650 137.595 300 89
0 650 137.69 300 89
0 650 137.775 300 89
0 650 137.858 300 89
0 650 137.95 300 89
0 650 138.034 300 89
0 650 138.105 300 89
0 650 138.192 300 89
0 650 138.275 300 89
0 650 138.391 300 89
0 650 138.53 300 89
0 650 138.614 300 89
0 650 138.697 300 89
0 650 138.784 300 89
0 650 138.875 300 89
0 650 138.965 300 89
0 650 139.055 300 89
0 650 139.145 300 89
0 650 139.237 300 89
0 650 139.35 300 89
0 650 139.441 300 89
0 650 139.544 300 89
0 650 139.649 300 89
0 650 139.75 300 89
0 650 139.843 300 89
0 650 139.928 300 89
0 650 140.024 300 89
0 650 140.112 300 89
0 650 140.204 300 89
0 650 140.292 300 89
0 650 140.387 300 89
0 650 140.471 300 89
0 650 140.568 300 89
0 650 140.653 300 89
0 650 140.736 300 89
0 650 140.834 300 89
0 650 140.919 300 89
0 650 141.006 300 89
0 650 141.101 300 89
0 650 141.195 300 89
0 650 141.281 300 89
0 650 141.377 300 89
0 650 141.481 300 89
0 650 141.593 300 89
0 650 141.691 300 89
0 650 141.799 300 89
0 650 141.908 300 89
0 650 142.007 300 89
0 650 142.108 300 89
0 650 142.214 300 89
0 650 142.313 300 89
0 650 142.409 300 89
0 650 142.509 300 89
0 650 142.604 300 89
0 650 142.722 300 89
0 650 142.83 300 89
0 650 142.918 300 89
0 650 143.006 300 89
0 650 143.098 300 89
0 650 143.189 300 89
0 650 143.275 300 89
0 650 143.366 300 89
0 650 143.446 300 89
0 650 143.536 300 89
0 650 143.622 300 89
0 650 143.714 300 89
0 650 143.803 300 89
0 650 143.892 300 89
0 650 143.976 300 89
0 650 144.074 300 89
0 650 144.169 300 89
0 650 144.271 300 89
0 650 144.368 300 89
0 650 144.456 300 89
0 650 144.542 300 89
0 650 144.618 300 89
0 650 144.708 300 89
0 650 144.799 300 89
0 650 144.896 300 89
0 650 144.985 300 89
0 650 145.124 300 89
0 650 145.213 300 89
0 650 145.3 300 89
0 650 145.391 300 89
0 650 145.474 300 89
0 650 145.556 300 89
0 650 145.706 300 89
0 650 145.791 300 89
0 650 145.903 300 89
0 650 146.002 300 89
0 650 146.097 300 89
0 650 146.201 300 89
0 650 146.302 300 89
0 650 146.395 300 89
0 650 146.498 300 89
0 650 146.603 300 89
0 650 146.694 300 89
0 650 146.786 300 89
0 650 146.904 300 89
0 650 147.01 300 89
0 650 147.109 300 89
0 650 147.224 300 89
0 650 147.325 300 89
0 650 147.414 300 89
0 650 147.502 300 89
0 650 147.586 300 89
0 650 147.676 300 89
0 650 147.77 300 89
0 650 147.864 300 89
0 650 147.96 300 89
0 650 148.054 300 89
0 650 148.152 300 89
0 650 148.238 300 89
0 650 148.338 300 89
0 650 148.432 300 89
0 650 148.524 300 89
0 650 148.623 300 89
0 650 148.735 300 89
0 650 148.835 300 89
0 650 148.91 300 89
0 650 149.008 300 89
0 650 149.101 300 89
0 650 149.194 300 89
0 650 149.29 300 89
0 650 149.383 300 89
0 650 149.476 300 89
0 650 149.572 300 89
0 650 149.667 300 89
0 650 149.768 300 89
0 650 149.856 300 89
0 650 149.946 300 89
0 650 150.04 300 89
0 650 150.131 300 89
0 650 150.22 300 89
0 650 150.309 300 89
0 650 150.401 300 89
0 650 150.485 300 89
0 650 150.579 300 89
0 650 150.676 300 89
0 650 150.779 300 89
0 650 150.874 300 89
0 650 150.964 300 89
0 650 151.059 300 89
0 650 151.152 300 89
0 650 151.243 300 89
0 650 151.331 300 89
0 650 151.425 300 89
0 650 151.513 300 89
0 650 151.604 300 89
0 650 151.699 300 89
0 650 151.789 300 89
0 650 151.881 300 89
0 650 151.988 300 89
0 650 152.082 300 89
0 650 152.17 300 89
0 650 152.261 300 89
0 650 152.353 300 89
0 650 152.444 300 89
0 650 152.543 300 89
0 650 152.631 300 89
0 650 152.755 300 89
0 650 152.852 300 89
0 650 152.947 300 89
0 650 153.056 300 89
0 650 153.148 300 89
0 650 153.245 300 89
0 650 153.341 300 89
0 650 153.436 300 89
0 650 153.524 300 89
0 650 153.619 300 89
0 650 153.713 300 89
0 650 153.811 300 89
0 650 153.9 300 89
0 650 153.995 300 89
0 650 154.093 300 89
0 650 154.182 300 89
0 650 154.279 300 89
0 650 154.377 300 89
0 650 154.466 300 89
0 650 154.561 300 89
0 650 154.661 300 89
0 650 154.759 300 89
0 650 154.857 300 89
0 650 154.962 300 89
0 650 155.061 300 89
0 650 155.159 300 89
0 650 155.25 300 89
0 650 155.34 300 89
0 650 155.425 300 89
0 650 155.517 300 89
0 650 155.611 300 89
0 650 155.711 300 89
0 650 155.801 300 89
0 650 155.897 300 89
0 650 155.988 300 89
0 650 156.073 300 89
0 650 156.168 300 89
0 650 156.263 300 89
0 650 156.358 300 89
0 650 156.444 300 89
0 650 156.535 300 89
0 650 156.637 300 89
0 650 156.734 300 89
0 650 156.828 300 89
0 650 156.932 300 89
0 650 157.03 300 89
0 650 157.118 300 89
0 650 157.215 300 89
0 650 157.316 300 89
0 650 157.427 300 89
0 650 157.526 300 89
0 650 157.623 300 89
0 650 157.726 300 89
0 650 157.831 300 89
0 650 157.929 300 89
0 650 158.017 300 89
0 650 158.109 300 89
0 650 158.202 300 89
0 650 158.3 300 89
0 650 158.401 300 89
0 650 158.498 300 89
0 650 158.592 300 89
0 650 158.679 300 89
0 650 158.775 300 89
0 650 158.864 300 89
0 650 158.949 300 89
0 650 159.046 300 89
0 650 159.14 300 89
0 650 159.224 300 89
0 650 159.32 300 89
0 650 159.418 300 89
0 650 159.52 300 89
0 650 159.61 300 89
0 650 159.705 300 89
0 650 159.81 300 89
0 650 159.901 300 89
0 650 159.968 300 89
0 650 160.026 300 89
0 650 160.088 300 89
0 650 160.15 300 89
0 650 160.221 300 89
0 650 160.283 300 89
0 650 160.347 300 89
0 650 160.411 300 89
0 650 160.473 300 89
0 650 160.539 300 89
0 650 160.602 300 89
0 650 160.665 300 89
0 650 160.73 300 89
0 650 160.791 300 89
0 650 160.853 300 89
0 650 160.92 300 89
0 650 160.986 300 89
0 650 161.055 300 89
0 650 161.122 300 89
0 650 161.185 300 89
0 650 161.278 300 89
0 650 161.364 300 89
0 650 161.451 300 89
0 650 161.538 300 89
0 650 161.628 300 89
0 650 161.716 300 89
0 650 161.799 300 89
0 650 161.887 300 89
0 650 161.974 300 89
0 650 162.065 300 89
0 650 162.147 300 89
0 650 162.242 300 89
0 650 162.33 300 89
0 650 162.425 300 89
0 650 162.525 300 89
0 650 162.612 300 89
0 650 162.696 300 89
0 650 162.789 300 89
0 650 162.876 300 89
0 650 162.971 300 89
0 650 163.059 300 89
0 650 163.142 300 89
0 650 163.227 300 89
0 650 163.324 300 89
0 650 163.409 300 89
0 650 163.5 300 89
0 650 163.587 300 89
0 650 163.686 300 89
0 650 163.773 300 89
0 650 163.849 300 89
0 650 163.944 300 89
0 650 164.032 300 89
0 650 164.111 300 89
0 650 164.201 300 89
0 650 164.292 300 89
0 650 164.385 300 89
0 650 164.485 300 89
0 650 164.576 300 89
0 650 164.666 300 89
0 650 164.75 300 89
0 650 164.839 300 89
0 650 164.925 300 89
0 650 165.009 300 89
0 650 165.098 300 89
0 650 165.174 300 89
0 650 165.263 300 89
0 650 165.357 300 89
0 650 165.449 300 89
0 650 165.54 300 89
0 650 165.627 300 89
0 650 165.709 300 89
0 650 165.792 300 89
0 650 165.876 300 89
0 650 165.964 300 89
0 650 166.091 300 89
0 650 166.186 300 89
0 650 166.283 300 89
0 650 166.374 300 89
0 650 166.464 300 89
0 650 166.557 300 89
0 650 166.652 300 89
0 650 166.743 300 89
0 650 166.828 300 89
0 650 166.91 300 89
0 650 166.984 300 89
0 650 167.067 300 89
0 650 167.159 300 89
0 650 167.248 300 89
0 650 167.334 300 89
0 650 167.423 300 89
0 650 167.558 300 89
0 650 167.649 300 89
0 650 167.728 300 89
0 650 167.822 300 89
0 650 167.914 300 89
0 650 168.006 300 89
0 650 168.1 300 89
0 650 168.193 300 89
0 650 168.291 300 89
0 650 168.387 300 89
0 650 168.48 300 89
0 650 168.574 300 89
0 650 168.651 300 89
0 650 168.738 300 89
0 650 168.835 300 89
0 650 168.929 300 89
0 650 169.04 300 89
0 650 169.129 300 89
0 650 169.192 300 89
0 650 169.289 300 89
0 650 169.377 300 89
0 650 169.46 300 89
0 650 169.55 300 89
0 650 169.636 300 89
0 650 169.722 300 89
0 650 169.817 300 89
0 650 169.905 300 89
0 650 169.978 300 89
0 650 170.119 300 89
0 650 170.205 300 89
0 650 170.3 300 89
0 650 170.388 300 89
0 650 170.474 300 89
0 650 170.562 300 89
0 650 170.648 300 89
0 650 170.732 300 89
0 650 170.814 300 89
0 650 170.908 300 89
0 650 170.999 300 89
0 650 171.083 300 89
0 650 171.166 300 89
0 650 171.248 300 89
0 650 171.339 300 89
0 650 171.426 300 89
0 650 171.508 300 89
0 650 171.584 300 89
0 650 171.673 300 89
0 650 171.76 300 89
0 650 171.848 300 89
0 650 171.932 300 89
0 650 172.017 300 89
0 650 172.099 300 89
0 650 172.182 300 89
0 650 172.272 300 89
0 650 172.366 300 89
0 650 172.465 300 89
0 650 172.548 300 89
0 650 172.625 300 89
0 650 172.712 300 89
0 650 172.798 300 89
0 650 172.885 300 89
0 650 172.975 300 89
0 650 173.059 300 89
0 650 173.143 300 89
0 650 173.224 300 89
0 650 173.312 300 89
0 650 173.414 300 89
0 650 173.497 300 89
0 650 173.581 300 89
0 650 173.672 300 89
0 650 173.759 300 89
0 650 173.849 300 89
0 650 173.931 300 89
0 650 174.035 300 89
0 650 174.119 300 89
0 650 174.212 300 89
0 650 174.307 300 89
0 650 174.394 300 89
0 650 174.487 300 89
0 650 174.575 300 89
0 650 174.665 300 89
0 650 174.756 300 89
0 650 174.845 300 89
0 650 174.932 300 89
0 650 175.015 300 89
0 650 175.106 300 89
0 650 175.191 300 89
0 650 175.278 300 89
0 650 175.369 300 89
0 650 175.461 300 89
0 650 175.545 300 89
0 650 175.625 300 89
0 650 175.706 300 89
0 650 175.797 300 89
0 650 175.887 300 89
0 650 175.971 300 89
0 650 176.066 300 89
0 650 176.158 300 89
0 650 176.248 300 89
0 650 176.339 300 89
0 650 176.43 300 89
0 650 176.519 300 89
0 650 176.608 300 89
0 650 176.702 300 89
0 650 176.787 300 89
0 650 176.877 300 89
0 650 176.962 300 89
0 650 177.053 300 89
0 650 177.139 300 89
0 650 177.226 300 89
0 650 177.307 300 89
0 650 177.392 300 89
0 650 177.485 300 89
0 650 177.57 300 89
0 650 177.654 300 89
0 650 177.75 300 89
0 650 177.855 300 89
0 650 177.945 300 89
0 650 178.027 300 89
0 650 178.11 300 89
0 650 178.191 300 89
0 650 178.274 300 89
0 650 178.332 300 89
0 650 178.415 300 89
0 650 178.503 300 89
0 650 178.597 300 89
0 650 178.69 300 89
0 650 178.79 300 89
0 650 178.893 300 89
0 650 178.977 300 89
0 650 179.067 300 89
0 650 179.149 300 89
0 650 179.232 300 89
0 650 179.314 300 89
0 650 179.398 300 89
0 650 179.486 300 89
0 650 179.574 300 89
0 650 179.656 300 89
0 650 179.734 300 89
0 650 179.822 300 89
0 650 179.908 300 89
0 650 179.99 300 89
0 650 180.072 300 89
0 650 180.159 300 89
0 650 180.246 300 89
0 650 180.331 300 89
0 650 180.426 300 89
0 650 180.535 300 89
0 650 180.633 300 89
0 650 180.723 300 89
0 650 180.817 300 89
0 650 180.921 300 89
0 650 181.033 300 89
0 650 181.132 300 89
0 650 181.214 300 89
0 650 181.299 300 89
0 650 181.384 300 89
0 650 181.476 300 89
0 650 181.552 300 89
0 650 181.638 300 89
0 650 181.727 300 89
0 650 181.805 300 89
0 650 181.894 300 89
0 650 181.985 300 89
0 650 182.068 300 89
0 650 182.15 300 89
0 650 182.23 300 89
0 650 182.317 300 89
0 650 182.41 300 89
0 650 182.497 300 89
0 650 182.582 300 89
0 650 182.677 300 89
0 650 182.767 300 89
0 650 182.865 300 89
0 650 182.953 300 89
0 650 183.04 300 89
0 650 183.125 300 89
0 650 183.212 300 89
0 650 183.305 300 89
0 650 183.392 300 89
0 650 183.479 300 89
0 650 183.548 300 89
0 650 183.637 300 89
0 650 183.725 300 89
0 650 183.823 300 89
0 650 183.915 300 89
0 650 184.002 300 89
0 650 184.081 300 89
0 650 184.161 300 89
0 650 184.25 300 89
0 650 184.329 300 89
0 650 184.423 300 89
0 650 184.517 300 89
0 650 184.622 300 89
0 650 184.711 300 89
0 650 184.811 300 89
0 650 184.916 300 89
0 650 185.018 300 89
0 650 185.103 300 89
0 650 185.176 300 89
0 650 185.261 300 89
0 650 185.348 300 89
0 650 185.434 300 89
0 650 185.517 300 89
0 650 185.599 300 89
0 650 185.689 300 89
0 650 185.781 300 89
0 650 185.87 300 89
0 650 185.956 300 89
0 650 186.04 300 89
0 650 186.134 300 89
0 650 186.223 300 89
0 650 186.315 300 89
0 650 186.406 300 89
0 650 186.497 300 89
0 650 186.604 300 89
0 650 186.696 300 89
0 650 186.829 300 89
0 650 186.916 300 89
0 650 187.002 300 89
0 650 187.086 300 89
0 650 187.169 300 89
0 650 187.268 300 89
0 650 187.349 300 89
0 650 187.436 300 89
0 650 187.523 300 89
0 650 187.609 300 89
0 650 187.694 300 89
0 650 187.777 300 89
0 650 187.861 300 89
0 650 187.951 300 89
0 650 188.033 300 89
0 650 188.116 300 89
0 650 188.202 300 89
0 650 188.295 300 89
0 650 188.388 300 89
0 650 188.494 300 89
0 650 188.593 300 89
0 650 188.679 300 89
0 650 188.764 300 89
0 650 188.862 300 89
0 650 188.969 300 89
0 650 189.061 300 89
0 650 189.145 300 89
0 650 189.229 300 89
0 650 189.311 300 89
0 650 189.395 300 89
0 650 189.486 300 89
0 650 189.572 300 89
0 650 189.664 300 89
0 650 189.746 300 89
0 650 189.834 300 89
0 650 189.908 300 89
0 650 189.991 300 89
0 650 190.08 300 89
0 650 190.156 300 89
0 650 190.243 300 89
0 650 190.319 300 89
0 650 190.399 300 89
0 650 190.483 300 89
0 650 190.569 300 89
0 650 190.663 300 89
0 650 190.762 300 89
0 650 190.861 300 89
0 650 190.967 300 89
0 650 191.063 300 89
0 650 191.15 300 89
0 650 191.25 300 89
0 650 191.351 300 89
0 650 191.451 300 89
0 650 191.554 300 89
0 650 191.646 300 89
0 650 191.732 300 89
0 650 191.816 300 89
0 650 191.902 300 89
0 650 191.988 300 89
0 650 192.087 300 89
0 650 192.179 300 89
0 650 192.267 300 89
0 650 192.354 300 89
0 650 192.441 300 89
0 650 192.518 300 89
0 650 192.602 300 89
0 650 192.685 300 89
0 650 192.757 300 89
0 650 192.841 300 89
0 650 192.925 300 89
0 650 193.006 300 89
0 650 193.089 300 89
0 650 193.184 300 89
0 650 193.279 300 89
0 650 193.383 300 89
0 650 193.468 300 89
0 650 193.558 300 89
0 650 193.652 300 89
0 650 193.719 300 89
0 650 193.815 300 89
0 650 193.901 300 89
0 650 193.996 300 89
0 650 194.098 300 89
0 650 194.189 300 89
0 650 194.282 300 89
0 650 194.382 300 89
0 650 194.483 300 89
0 650 194.578 300 89
0 650 194.659 300 89
0 650 194.749 300 89
0 650 194.842 300 89
0 650 194.898 300 89
0 650 194.99 300 89
0 650 195.087 300 89
0 650 195.167 300 89
0 650 195.255 300 89
0 650 195.34 300 89
0 650 195.429 300 89
0 650 195.516 300 89
0 650 195.606 300 89
0 650 195.683 300 89
0 650 195.769 300 89
0 650 195.852 300 89
0 650 195.936 300 89
0 650 196.019 300 89
0 650 196.096 300 89
0 650 196.177 300 89
0 650 196.278 300 89
0 650 196.385 300 89
0 650 196.443 300 89
0 650 196.533 300 89
0 650 196.613 300 89
0 650 196.721 300 89
0 650 196.819 300 89
0 650 196.903 300 89
0 650 196.99 300 89
0 650 197.096 300 89
0 650 197.182 300 89
0 650 197.268 300 89
0 650 197.36 300 89
0 650 197.44 300 89
0 650 197.529 300 89
0 650 197.62 300 89
0 650 197.714 300 89
0 650 197.796 300 89
0 650 197.873 300 89
0 650 197.958 300 89
0 650 198.048 300 89
0 650 198.172 300 89
0 650 198.253 300 89
0 650 198.34 300 89
0 650 198.439 300 89
0 650 198.546 300 89
0 650 198.637 300 89
0 650 198.721 300 89
0 650 198.807 300 89
0 650 198.889 300 89
0 650 198.983 300 89
0 650 199.064 300 89
0 650 199.153 300 89
0 650 199.244 300 89
0 650 199.324 300 89
0 650 199.411 300 89
0 650 199.486 300 89
0 650 199.569 300 89
0 650 199.66 300 89
0 650 199.754 300 89
0 650 199.844 300 89
0 650 199.93 300 89
0 650 200.019 300 89
0 650 200.121 300 89
0 650 200.223 300 89
0 650 200.316 300 89
0 650 200.396 300 89
0 650 200.486 300 89
0 650 200.572 300 89
0 650 200.661 300 89
0 650 200.751 300 89
0 650 200.84 300 89
0 650 200.928 300 89
0 650 201.015 300 89
0 650 201.102 300 89
0 650 201.187 300 89
0 650 201.24 300 89
0 650 201.319 300 89
0 650 201.404 300 89
0 650 201.486 300 89
0 650 201.582 300 89
0 650 201.672 300 89
0 650 201.76 300 89
0 650 201.851 300 89
0 650 201.94 300 89
0 650 202.031 300 89
0 650 202.132 300 89
0 650 202.219 300 89
0 650 202.303 300 89
0 650 202.392 300 89
0 650 202.465 300 89
0 650 202.545 300 89
0 650 202.632 300 89
0 650 202.721 300 89
0 650 202.801 300 89
0 650 202.888 300 89
0 650 202.976 300 89
0 650 203.067 300 89
0 650 203.152 300 89
0 650 203.235 300 89
0 650 203.328 300 89
0 650 203.41 300 89
0 650 203.488 300 89
0 650 203.58 300 89
0 650 203.665 300 89
0 650 203.761 300 89
0 650 203.861 300 89
0 650 203.939 300 89
0 650 204.028 300 89
0 650 204.12 300 89
0 650 204.214 300 89
0 650 204.358 300 89
0 650 204.44 300 89
0 650 204.535 300 89
0 650 204.622 300 89
0 650 204.752 300 89
0 650 204.809 300 89
0 650 204.899 300 89
0 650 204.983 300 89
0 650 205.075 300 89
0 650 205.174 300 89
0 650 205.267 300 89
0 650 205.358 300 89
0 650 205.45 300 89
0 650 205.544 300 89
0 650 205.637 300 89
0 650 205.731 300 89
0 650 205.814 300 89
0 650 205.915 300 89
0 650 206.005 300 89
0 650 206.114 300 89
0 650 206.211 300 89
0 650 206.306 300 89
0 650 206.396 300 89
0 650 206.498 300 89
0 650 206.598 300 89
0 650 206.7 300 89
0 650 206.788 300 89
0 650 206.871 300 89
0 650 206.959 300 89
0 650 207.055 300 89
0 650 207.147 300 89
0 650 207.233 300 89
0 650 207.334 300 89
0 650 207.426 300 89
0 650 207.52 300 89
0 650 207.617 300 89
0 650 207.707 300 89
0 650 207.793 300 89
0 650 207.888 300 89
0 650 207.984 300 89
0 650 208.072 300 89
0 650 208.163 300 89
0 650 208.253 300 89
0 650 208.335 300 89
0 650 208.421 300 89
0 650 208.497 300 89
0 650 208.595 300 89
0 650 208.696 300 89
0 650 208.784 300 89
0 650 208.872 300 89
0 650 208.964 300 89
0 650 209.053 300 89
0 650 209.145 300 89
0 650 209.241 300 89
0 650 209.329 300 89
0 650 209.43 300 89
0 650 209.53 300 89
0 650 209.623 300 89
0 650 209.72 300 89
0 650 209.802 300 89
0 650 209.902 300 89
0 650 210 300 89
0 650 210.136 300 89
0 650 210.23 300 89
0 650 210.331 300 89
0 650 210.426 300 89
0 650 210.52 300 89
0 650 210.609 300 89
0 650 210.699 300 89
0 650 210.793 300 89
0 650 210.889 300 89
0 650 210.985 300 89
0 650 211.074 300 89
0 650 211.171 300 89
0 650 211.258 300 89
0 650 211.349 300 89
0 650 211.444 300 89
0 650 211.536 300 89
0 650 211.624 300 89
0 650 211.708 300 89
0 650 211.797 300 89
0 650 211.884 300 89
0 650 211.979 300 89
0 650 212.078 300 89
0 650 212.169 300 89
0 650 212.26 300 89
0 650 212.349 300 89
0 650 212.443 300 89
0 650 212.527 300 89
0 650 212.622 300 89
0 650 212.712 300 89
0 650 212.803 300 89
0 650 212.894 300 89
0 650 212.988 300 89
0 650 213.077 300 89
0 650 213.167 300 89
0 650 213.265 300 89
0 650 213.363 300 89
0 650 213.454 300 89
0 650 213.546 300 89
0 650 213.638 300 89
0 650 213.736 300 89
0 650 213.83 300 89
0 650 213.922 300 89
0 650 214.011 300 89
0 650 214.104 300 89
0 650 214.189 300 89
0 650 214.284 300 89
0 650 214.381 300 89
0 650 214.477 300 89
0 650 214.571 300 89
0 650 214.667 300 89
0 650 214.76 300 89
0 650 214.851 300 89
0 650 214.95 300 89
0 650 215.041 300 89
0 650 215.135 300 89
0 650 215.234 300 89
0 650 215.329 300 89
0 650 215.432 300 89
0 650 215.528 300 89
0 650 215.623 300 89
0 650 215.715 300 89
0 650 215.812 300 89
0 650 215.908 300 89
0 650 216.008 300 89
0 650 216.107 300 89
0 650 216.201 300 89
0 650 216.301 300 89
0 650 216.391 300 89
0 650 216.484 300 89
0 650 216.587 300 89
0 650 216.685 300 89
0 650 216.782 300 89
0 650 216.884 300 89
0 650 216.977 300 89
0 650 217.071 300 89
0 650 217.172 300 89
0 650 217.275 300 89
0 650 217.372 300 89
0 650 217.465 300 89
0 650 217.563 300 89
0 650 217.663 300 89
0 650 217.757 300 89
0 650 217.866 300 89
0 650 217.957 300 89
0 650 218.054 300 89
0 650 218.152 300 89
0 650 218.249 300 89
0 650 218.347 300 89
0 650 218.446 300 89
0 650 218.539 300 89
0 650 218.639 300 89
0 650 218.736 300 89
0 650 218.826 300 89
0 650 218.924 300 89
0 650 219.017 300 89
0 650 219.112 300 89
0 650 219.208 300 89
0 650 219.302 300 89
0 650 219.388 300 89
0 650 219.483 300 89
0 650 219.58 300 89
0 650 219.669 300 89
0 650 219.768 300 89
0 650 219.848 300 89
0 650 219.943 300 89
0 650 220.046 300 89
0 650 220.136 300 89
0 650 220.228 300 89
0 650 220.324 300 89
0 650 220.416 300 89
0 650 220.508 300 89
0 650 220.603 300 89
0 650 220.693 300 89
0 650 220.788 300 89
0 650 220.876 300 89
0 650 220.966 300 89
0 650 221.055 300 89
0 650 221.12 300 89
0 650 221.181 300 89
0 650 221.249 300 89
0 650 221.315 300 89
0 650 221.376 300 89
0 650 221.441 300 89
0 650 221.507 300 89
0 650 221.572 300 89
0 650 221.657 300 89
0 650 221.754 300 89
0 650 221.849 300 89
0 650 221.959 300 89
0 650 222.06 300 89
0 650 222.151 300 89
0 650 222.259 300 89
0 650 222.36 300 89
0 650 222.449 300 89
0 650 222.544 300 89
0 650 222.64 300 89
0 650 222.742 300 89
0 650 222.836 300 89
0 650 222.937 300 89
0 650 223.03 300 89
0 650 223.133 300 89
0 650 223.224 300 89
0 650 223.346 300 89
0 650 223.442 300 89
0 650 223.535 300 89
0 650 223.635 300 89
0 650 223.72 300 89
0 650 223.817 300 89
0 650 223.913 300 89
0 650 224.008 300 89
0 650 224.109 300 89
0 650 224.213 300 89
0 650 224.311 300 89
0 650 224.416 300 89
0 650 224.492 300 89
0 650 224.586 300 89
0 650 224.684 300 89
0 650 224.78 300 89
0 650 224.881 300 89
0 650 224.982 300 89
0 650 225.087 300 89
0 650 225.194 300 89
0 650 225.303 300 89
0 650 225.418 300 89
0 650 225.533 300 89
0 650 225.65 300 89
0 650 225.764 300 89
0 650 225.88 300 89
0 650 225.994 300 89
0 650 226.105 300 89
0 650 226.223 300 89
0 650 226.324 300 89
0 650 226.433 300 89
0 650 226.546 300 89
0 650 226.66 300 89
0 650 226.776 300 89
0 650 226.886 300 89
0 650 226.989 300 89
0 650 227.105 300 89
0 650 227.222 300 89
0 650 227.323 300 89
0 650 227.447 300 89
0 650 227.559 300 89
0 650 227.672 300 89
0 650 227.792 300 89
0 650 227.904 300 89
0 650 228.01 300 89
0 650 228.126 300 89
0 650 228.248 300 89
0 650 228.361 300 89
0 650 228.469 300 89
0 650 228.57 300 89
0 650 228.691 300 89
0 650 228.8 300 89
0 650 228.916 300 89
0 650 229.035 300 89
0 650 229.145 300 89
0 650 229.257 300 89
0 650 229.375 300 89
0 650 229.489 300 89
0 650 229.605 300 89
0 650 229.734 300 89
0 650 229.847 300 89
0 650 229.964 300 89
0 650 230.08 300 89
0 650 230.206 300 89
0 650 230.328 300 89
0 650 230.439 300 89
0 650 230.568 300 89
0 650 230.695 300 89
0 650 230.801 300 89
0 650 230.913 300 89
0 650 231.044 300 89
0 650 231.162 300 89
0 650 231.284 300 89
0 650 231.365 300 89
0 650 231.494 300 89
0 650 231.61 300 89
0 650 231.734 300 89
0 650 231.874 300 89
0 650 232.002 300 89
0 650 232.125 300 89
0 650 232.243 300 89
0 650 232.359 300 89
0 650 232.459 300 89
0 650 232.574 300 89
0 650 232.69 300 89
0 650 232.803 300 89
0 650 232.917 300 89
0 650 233.022 300 89
0 650 233.124 300 89
0 650 233.225 300 89
0 650 233.324 300 89
0 650 233.435 300 89
0 650 233.545 300 89
0 650 233.639 300 89
0 650 233.743 300 89
0 650 233.843 300 89
0 650 233.946 300 89
0 650 234.045 300 89
0 650 234.139 300 89
0 650 234.217 300 89
0 650 234.306 300 89
0 650 234.406 300 89
0 650 234.492 300 89
0 650 234.588 300 89
0 650 234.684 300 89
0 650 234.767 300 89
0 650 234.849 300 89
0 650 234.945 300 89
0 650 235.034 300 89
0 650 235.121 300 89
0 650 235.206 300 89
0 650 235.31 300 89
0 650 235.407 300 89
0 650 235.5 300 89
0 650 235.587 300 89
0 650 235.674 300 89
0 650 235.75 300 89
0 650 235.835 300 89
0 650 235.934 300 89
0 650 236.028 300 89
0 650 236.113 300 89
0 650 236.203 300 89
0 650 236.298 300 89
0 650 236.388 300 89
0 650 236.481 300 89
0 650 236.575 300 89
0 650 236.66 300 89
0 650 236.748 300 89
0 650 236.836 300 89
0 650 236.926 300 89
0 650 237.012 300 89
0 650 237.1 300 89
0 650 237.185 300 89
0 650 237.238 300 89
0 650 237.316 300 89
0 650 237.405 300 89
0 650 237.485 300 89
0 650 237.576 300 89
0 650 237.678 300 89
0 650 237.79 300 89
0 650 237.941 300 89
0 650 238.027 300 89
0 650 238.109 300 89
0 650 238.213 300 89
0 650 238.31 300 89
0 650 238.396 300 89
0 650 238.487 300 89
0 650 238.568 300 89
0 650 238.658 300 89
0 650 238.746 300 89
0 650 238.833 300 89
0 650 238.911 300 89
0 650 238.993 300 89
0 650 239.095 300 89
0 650 239.176 300 89
0 650 239.257 300 89
0 650 239.35 300 89
0 650 239.438 300 89
0 650 239.527 300 89
0 650 239.609 300 89
0 650 239.705 300 89
0 650 239.795 300 89
0 650 239.886 300 89
0 650 239.965 300 89
0 650 240.059 300 89
0 650 240.141 300 89
0 650 240.202 300 89
0 650 240.287 300 89
0 650 240.376 300 89
0 650 240.503 300 89
0 650 240.6 300 89
0 650 240.689 300 89
0 650 240.777 300 89
0 650 240.868 300 89
0 650 241.017 300 89
0 650 241.116 300 89
0 650 241.207 300 89
0 650 241.288 300 89
0 650 241.366 300 89
0 650 241.452 300 89
0 650 241.544 300 89
0 650 241.632 300 89
0 650 241.722 300 89
0 650 241.809 300 89
0 650 241.894 300 89
0 650 241.987 300 89
0 650 242.078 300 89
0 650 242.174 300 89
0 650 242.262 300 89
0 650 242.355 300 89
0 650 242.443 300 89
0 650 242.529 300 89
0 650 242.619 300 89
0 650 242.712 300 89
0 650 242.811 300 89
0 650 242.945 300 89
0 650 243.06 300 89
0 650 243.149 300 89
0 650 243.24 300 89
0 650 243.332 300 89
0 650 243.421 300 89
0 650 243.51 300 89
0 650 243.597 300 89
0 650 243.681 300 89
0 650 243.765 300 89
0 650 243.854 300 89
0 650 243.936 300 89
0 650 244.019 300 89
0 650 244.111 300 89
0 650 244.199 300 89
0 650 244.286 300 89
0 650 244.372 300 89
0 650 244.456 300 89
0 650 244.547 300 89
0 650 244.636 300 89
0 650 244.725 300 89
0 650 244.817 300 89
0 650 244.902 300 89
0 650 244.99 300 89
0 650 245.079 300 89
0 650 245.166 300 89
0 650 245.254 300 89
0 650 245.31 300 89
0 650 245.402 300 89
0 650 245.483 300 89
0 650 245.57 300 89
0 650 245.661 300 89
0 650 245.745 300 89
0 650 245.851 300 89
0 650 245.956 300 89
0 650 246.051 300 89
0 650 246.134 300 89
0 650 246.222 300 89
0 650 246.313 300 89
0 650 246.418 300 89
0 650 246.508 300 89
0 650 246.601 300 89
0 650 246.687 300 89
0 650 246.771 300 89
0 650 246.865 300 89
0 650 246.953 300 89
0 650 247.042 300 89
0 650 247.125 300 89
0 650 247.212 300 89
0 650 247.298 300 89
0 650 247.385 300 89
0 650 247.476 300 89
0 650 247.565 300 89
0 650 247.66 300 89
0 650 247.755 300 89
0 650 247.845 300 89
0 650 247.923 300 89
0 650 248.016 300 89
0 650 248.106 300 89
0 650 248.195 300 89
0 650 248.314 300 89
0 650 248.435 300 89
0 650 248.528 300 89
0 650 248.628 300 89
0 650 248.747 300 89
0 650 248.858 300 89
0 650 248.956 300 89
0 650 249.015 300 89
0 650 249.106 300 89
0 650 249.189 300 89
0 650 249.278 300 89
0 650 249.376 300 89
0 650 249.485 300 89
0 650 249.577 300 89
0 650 249.669 300 89
0 650 249.754 300 89
0 650 249.829 300 89
0 650 249.913 300 89
0 650 249.992 300 89
0 650 250.085 300 89
0 650 250.17 300 89
0 650 250.252 300 89
0 650 250.335 300 89
0 650 250.417 300 89
0 650 250.501 300 89
0 650 250.588 300 89
0 650 250.681 300 89
0 650 250.769 300 89
0 650 250.843 300 89
0 650 250.928 300 89
0 650 251.015 300 89
0 650 251.099 300 89
0 650 251.183 300 89
0 650 251.313 300 89
0 650 251.412 300 89
0 650 251.502 300 89
0 650 251.605 300 89
0 650 251.715 300 89
0 650 251.805 300 89
0 650 251.898 300 89
0 650 251.999 300 89
0 650 252.101 300 89
0 650 252.197 300 89
0 650 252.289 300 89
0 650 252.377 300 89
0 650 252.463 300 89
0 650 252.552 300 89
0 650 252.65 300 89
0 650 252.742 300 89
0 650 252.824 300 89
0 650 252.909 300 89
0 650 253.005 300 89
0 650 253.092 300 89
0 650 253.176 300 89
0 650 253.263 300 89
0 650 253.346 300 89
0 650 253.441 300 89
0 650 253.55 300 89
0 650 253.651 300 89
0 650 253.738 300 89
0 650 253.834 300 89
0 650 253.901 300 89
0 650 253.999 300 89
0 650 254.087 300 89
0 650 254.176 300 89
0 650 254.284 300 89
0 650 254.398 300 89
0 650 254.491 300 89
0 650 254.584 300 89
0 650 254.693 300 89
0 650 254.799 300 89
0 650 254.893 300 89
0 650 254.989 300 89
0 650 255.084 300 89
0 650 255.172 300 89
0 650 255.258 300 89
0 650 255.346 300 89
0 650 255.439 300 89
0 650 255.533 300 89
0 650 255.61 300 89
0 650 255.701 300 89
0 650 255.791 300 89
0 650 255.882 300 89
0 650 255.966 300 89
0 650 256.048 300 89
0 650 256.133 300 89
0 650 256.224 300 89
0 650 256.326 300 89
0 650 256.422 300 89
0 650 256.51 300 89
0 650 256.603 300 89
0 650 256.708 300 89
0 650 256.799 300 89
0 650 256.891 300 89
0 650 256.988 300 89
0 650 257.077 300 89
0 650 257.177 300 89
0 650 257.267 300 89
0 650 257.362 300 89
0 650 257.453 300 89
0 650 257.555 300 89
0 650 257.65 300 89
0 650 257.714 300 89
0 650 257.817 300 89
0 650 257.912 300 89
0 650 257.994 300 89
0 650 258.079 300 89
0 650 258.172 300 89
0 650 258.265 300 89
0 650 258.357 300 89
0 650 258.453 300 89
0 650 258.542 300 89
0 650 258.626 300 89
0 650 258.723 300 89
0 650 258.814 300 89
0 650 258.904 300 89
0 650 259.002 300 89
0 650 259.114 300 89
0 650 259.209 300 89
0 650 259.303 300 89
0 650 259.393 300 89
0 650 259.482 300 89
0 650 259.571 300 89
0 650 259.662 300 89
0 650 259.756 300 89
0 650 259.849 300 89
0 650 259.947 300 89
0 650 260.035 300 89
0 650 260.128 300 89
0 650 260.221 300 89
0 650 260.311 300 89
0 650 260.414 300 89
0 650 260.492 300 89
0 650 260.585 300 89
0 650 260.712 300 89
0 650 260.802 300 89
0 650 260.898 300 89
0 650 260.981 300 89
0 650 261.064 300 89
0 650 261.148 300 89
0 650 261.234 300 89
0 650 261.316 300 89
0 650 261.402 300 89
0 650 261.498 300 89
0 650 261.593 300 89
0 650 261.682 300 89
0 650 261.776 300 89
0 650 261.874 300 89
0 650 261.969 300 89
0 650 262.068 300 89
0 650 262.148 300 89
0 650 262.245 300 89
0 650 262.339 300 89
0 650 262.436 300 89
0 650 262.531 300 89
0 650 262.632 300 89
0 650 262.726 300 89
0 650 262.816 300 89
0 650 262.909 300 89
0 650 263 300 89
0 650 263.101 300 89
0 650 263.194 300 89
0 650 263.286 300 89
0 650 263.383 300 89
0 650 263.468 300 89
0 650 263.564 300 89
0 650 263.661 300 89
0 650 263.762 300 89
0 650 263.834 300 89
0 650 263.901 300 89
0 650 263.964 300 89
0 650 264.029 300 89
0 650 264.094 300 89
0 650 264.161 300 89
0 650 264.221 300 89
0 650 264.286 300 89
0 650 264.349 300 89
0 650 264.414 300 89
0 650 264.472 300 89
0 650 264.541 300 89
0 650 264.608 300 89
0 650 264.672 300 89
0 650 264.735 300 89
0 650 264.798 300 89
0 650 264.859 300 89
0 650 264.924 300 89
0 650 264.984 300 89
0 650 265.046 300 89
0 650 265.111 300 89
0 650 265.173 300 89
0 650 265.241 300 89
0 650 265.332 300 89
0 650 265.418 300 89
0 650 265.504 300 89
0 650 265.598 300 89
0 650 265.689 300 89
0 650 265.797 300 89
0 650 265.897 300 89
0 650 265.984 300 89
0 650 266.076 300 89
0 650 266.163 300 89
0 650 266.252 300 89
0 650 266.34 300 89
0 650 266.434 300 89
0 650 266.532 300 89
0 650 266.627 300 89
0 650 266.717 300 89
0 650 266.806 300 89
0 650 266.889 300 89
0 650 266.981 300 89
0 650 267.075 300 89
0 650 267.164 300 89
0 650 267.26 300 89
0 650 267.351 300 89
0 650 267.447 300 89
0 650 267.546 300 89
0 650 267.652 300 89
0 650 267.753 300 89
0 650 267.839 300 89
0 650 267.933 300 89
0 650 268.051 300 89
0 650 268.153 300 89
0 650 268.25 300 89
0 650 268.35 300 89
0 650 268.461 300 89
0 650 268.561 300 89
0 650 268.65 300 89
0 650 268.765 300 89
0 650 268.87 300 89
0 650 268.957 300 89
0 650 269.048 300 89
0 650 269.154 300 89
0 650 269.253 300 89
0 650 269.352 300 89
0 650 269.434 300 89
0 650 269.526 300 89
0 650 269.617 300 89
0 650 269.705 300 89
0 650 269.801 300 89
0 650 269.891 300 89
0 650 269.998 300 89
0 650 270.078 300 89
0 650 270.166 300 89
0 650 270.25 300 89
0 650 270.336 300 89
0 650 270.427 300 89
0 650 270.523 300 89
0 650 270.612 300 89
0 650 270.704 300 89
0 650 270.805 300 89
0 650 270.897 300 89
0 650 270.988 300 89
0 650 271.094 300 89
0 650 271.182 300 89
0 650 271.261 300 89
0 650 271.346 300 89
0 650 271.434 300 89
0 650 271.526 300 89
0 650 271.62 300 89
0 650 271.709 300 89
0 650 271.791 300 89
0 650 271.879 300 89
0 650 271.947 300 89
0 650 272.037 300 89
0 650 272.125 300 89
0 650 272.212 300 89
0 650 272.307 300 89
0 650 272.42 300 89
0 650 272.512 300 89
0 650 272.61 300 89
0 650 272.713 300 89
0 650 272.825 300 89
0 650 272.913 300 89
0 650 273.003 300 89
0 650 273.087 300 89
0 650 273.172 300 89
0 650 273.26 300 89
0 650 273.327 300 89
0 650 273.387 300 89
0 650 273.451 300 89
0 650 273.516 300 89
0 650 273.586 300 89
0 650 273.649 300 89
0 650 273.714 300 89
0 650 273.77 300 89
0 650 273.835 300 89
0 650 273.893 300 89
0 650 273.957 300 89
0 650 274.013 300 89
0 650 274.079 300 89
0 650 274.145 300 89
0 650 274.211 300 89
0 650 274.277 300 89
0 650 274.336 300 89
0 650 274.404 300 89
0 650 274.47 300 89
0 650 274.532 300 89
0 650 274.613 300 89
0 650 274.707 300 89
0 650 274.792 300 89
0 650 274.888 300 89
0 650 275.038 300 89
0 650 275.126 300 89
0 650 275.216 300 89
0 650 275.306 300 89
0 650 275.395 300 89
0 650 275.485 300 89
0 650 275.576 300 89
0 650 275.636 300 89
0 650 275.72 300 89
0 650 275.808 300 89
0 650 275.9 300 89
0 650 275.984 300 89
0 650 276.067 300 89
0 650 276.157 300 89
0 650 276.252 300 89
0 650 276.346 300 89
0 650 276.436 300 89
0 650 276.516 300 89
0 650 276.63 300 89
0 650 276.716 300 89
0 650 276.801 300 89
0 650 276.859 300 89
0 650 276.926 300 89
0 650 276.987 300 89
0 650 277.052 300 89
0 650 277.113 300 89
0 650 277.176 300 89
0 650 277.237 300 89
0 650 277.298 300 89
0 650 277.362 300 89
0 650 277.425 300 89
0 650 277.51 300 89
0 650 277.634 300 89
0 650 277.753 300 89
0 650 277.88 300 89
0 650 278.007 300 89
0 650 278.129 300 89
0 650 278.255 300 89
0 650 278.38 300 89
0 650 278.459 300 89
0 650 278.579 300 89
0 650 278.695 300 89
0 650 278.822 300 89
0 650 278.934 300 89
0 650 279.053 300 89
0 650 279.168 300 89
0 650 279.276 300 89
0 650 279.392 300 89
0 650 279.501 300 89
0 650 279.608 300 89
0 650 279.729 300 89
0 650 279.846 300 89
0 650 279.963 300 89
0 650 280.077 300 89
0 650 280.183 300 89
0 650 280.297 300 89
0 650 280.401 300 89
0 650 280.523 300 89
0 650 280.626 300 89
0 650 280.751 300 89
0 650 280.86 300 89
0 650 280.979 300 89
0 650 281.084 300 89
0 650 281.172 300 89
0 650 281.25 300 89
0 650 281.334 300 89
0 650 281.43 300 89
0 650 281.529 300 89
0 650 281.623 300 89
0 650 281.718 300 89
0 650 281.817 300 89
0 650 281.917 300 89
0 650 282.005 300 89
0 650 282.103 300 89
0 650 282.208 300 89
0 650 282.318 300 89
0 650 282.425 300 89
0 650 282.532 300 89
0 650 282.638 300 89
0 650 282.77 300 89
0 650 282.869 300 89
0 650 282.96 300 89
0 650 283.057 300 89
0 650 283.149 300 89
0 650 283.238 300 89
0 650 283.323 300 89
0 650 283.425 300 89
0 650 283.509 300 89
0 650 283.6 300 89
0 650 283.683 300 89
0 650 283.776 300 89
0 650 283.869 300 89
0 650 283.957 300 89
0 650 284.05 300 89
0 650 284.143 300 89
0 650 284.233 300 89
0 650 284.332 300 89
0 650 284.439 300 89
0 650 284.538 300 89
0 650 284.634 300 89
0 650 284.728 300 89
0 650 284.82 300 89
0 650 284.91 300 89
0 650 285.016 300 89
0 650 285.105 300 89
0 650 285.2 300 89
0 650 285.306 300 89
0 650 285.408 300 89
0 650 285.499 300 89
0 650 285.591 300 89
0 650 285.685 300 89
0 650 285.774 300 89
0 650 285.862 300 89
0 650 285.954 300 89
0 650 286.048 300 89
0 650 286.149 300 89
0 650 286.238 300 89
0 650 286.327 300 89
0 650 286.44 300 89
0 650 286.536 300 89
0 650 286.618 300 89
0 650 286.686 300 89
0 650 286.743 300 89
0 650 286.806 300 89
0 650 286.87 300 89
0 650 286.93 300 89
0 650 286.99 300 89
0 650 287.049 300 89
0 650 287.116 300 89
0 650 287.178 300 89
0 650 287.249 300 89
0 650 287.352 300 89
0 650 287.449 300 89
0 650 287.542 300 89
0 650 287.634 300 89
0 650 287.73 300 89
0 650 287.817 300 89
0 650 287.912 300 89
0 650 288.002 300 89
0 650 288.091 300 89
0 650 288.179 300 89
0 650 288.282 300 89
0 650 288.39 300 89
0 650 288.48 300 89
0 650 288.575 300 89
0 650 288.655 300 89
0 650 288.744 300 89
0 650 288.842 300 89
0 650 288.94 300 89
0 650 289.024 300 89
0 650 289.114 300 89
0 650 289.205 300 89
0 650 289.299 300 89
0 650 289.387 300 89
0 650 289.484 300 89
0 650 289.578 300 89
0 650 289.671 300 89
0 650 289.764 300 89
0 650 289.864 300 89
0 650 289.96 300 89
0 650 290.045 300 89
0 650 290.134 300 89
0 650 290.224 300 89
0 650 290.313 300 89
0 650 290.401 300 89
0 650 290.496 300 89
0 650 290.585 300 89
0 650 290.676 300 89
0 650 290.76 300 89
0 650 290.853 300 89
0 650 290.931 300 89
0 650 291.014 300 89
0 650 291.102 300 89
0 650 291.19 300 89
0 650 291.288 300 89
0 650 291.377 300 89
0 650 291.452 300 89
0 650 291.545 300 89
0 650 291.64 300 89
0 650 291.73 300 89
0 650 291.812 300 89
0 650 291.898 300 89
0 650 291.998 300 89
0 650 292.076 300 89
0 650 292.171 300 89
0 650 292.258 300 89
0 650 292.349 300 89
0 650 292.441 300 89
0 650 292.527 300 89
0 650 292.617 300 89
0 650 292.704 300 89
0 650 292.792 300 89
0 650 292.879 300 89
0 650 292.957 300 89
0 650 293.037 300 89
0 650 293.132 300 89
0 650 293.227 300 89
0 650 293.311 300 89
0 650 293.405 300 89
0 650 293.494 300 89
0 650 293.579 300 89
0 650 293.672 300 89
0 650 293.767 300 89
0 650 293.859 300 89
0 650 293.958 300 89
0 650 294.051 300 89
0 650 294.132 300 89
0 650 294.223 300 89
0 650 294.321 300 89
0 650 294.413 300 89
0 650 294.488 300 89
0 650 294.578 300 89
0 650 294.671 300 89
0 650 294.765 300 89
0 650 294.867 300 89
0 650 294.958 300 89
0 650 295.054 300 89
0 650 295.141 300 89
0 650 295.229 300 89
0 650 295.316 300 89
0 650 295.411 300 89
0 650 295.506 300 89
0 650 295.59 300 89
0 650 295.699 300 89
0 650 295.79 300 89
0 650 295.929 300 89
0 650 296.017 300 89
0 650 296.108 300 89
0 650 296.2 300 89
0 650 296.288 300 89
0 650 296.382 300 89
0 650 296.469 300 89
0 650 296.56 300 89
0 650 296.649 300 89
0 650 296.738 300 89
0 650 296.814 300 89
0 650 296.908 300 89
0 650 297.001 300 89
0 650 297.092 300 89
0 650 297.176 300 89
0 650 297.268 300 89
0 650 297.363 300 89
0 650 297.459 300 89
0 650 297.558 300 89
0 650 297.65 300 89
0 650 297.738 300 89
0 650 297.828 300 89
0 650 297.919 300 89
0 650 298.01 300 89
0 650 298.1 300 89
0 650 298.188 300 89
0 650 298.278 300 89
0 650 298.335 300 89
0 650 298.429 300 89
0 650 298.524 300 89
0 650 298.606 300 89
0 650 298.697 300 89
0 650 298.786 300 89
0 650 298.878 300 89
0 650 298.978 300 89
0 650 299.063 300 89
0 650 299.151 300 89
0 650 299.236 300 89
0 650 299.329 300 89
0 650 299.42 300 89
0 650 299.507 300 89
0 650 299.592 300 89
0 650 299.693 300 89
0 650 299.786 300 89
0 650 299.882 300 89
0 650 299.968 300 89
0 650 300.062 300 89
0 650 300.154 300 89
0 650 300.258 300 89
0 650 300.35 300 89
0 650 300.445 300 89
0 650 300.539 300 89
0 650 300.633 300 89
0 650 300.718 300 89
0 650 300.806 300 89
0 650 300.897 300 89
0 650 300.983 300 89
0 650 301.068 300 89
0 650 301.173 300 89
0 650 301.271 300 89
0 650 301.352 300 89
0 650 301.435 300 89
0 650 301.536 300 89
0 650 301.636 300 89
0 650 301.732 300 89
0 650 301.817 300 89
0 650 301.945 300 89
0 650 302.031 300 89
0 650 302.115 300 89
0 650 302.193 300 89
0 650 302.278 300 89
0 650 302.364 300 89
0 650 302.447 300 89
0 650 302.532 300 89
0 650 302.614 300 89
0 650 302.702 300 89
0 650 302.785 300 89
0 650 302.869 300 89
0 650 302.958 300 89
0 650 303.044 300 89
0 650 303.131 300 89
0 650 303.218 300 89
0 650 303.307 300 89
0 650 303.409 300 89
0 650 303.503 300 89
0 650 303.595 300 89
0 650 303.683 300 89
0 650 303.787 300 89
0 650 303.891 300 89
0 650 303.981 300 89
0 650 304.067 300 89
0 650 304.159 300 89
0 650 304.233 300 89
0 650 304.324 300 89
0 650 304.411 300 89
0 650 304.557 300 89
0 650 304.636 300 89
0 650 304.724 300 89
0 650 304.811 300 89
0 650 304.893 300 89
0 650 304.979 300 89
0 650 305.06 300 89
0 650 305.141 300 89
0 650 305.231 300 89
0 650 305.319 300 89
0 650 305.404 300 89
0 650 305.488 300 89
0 650 305.59 300 89
0 650 305.698 300 89
0 650 305.785 300 89
0 650 305.88 300 89
0 650 305.981 300 89
0 650 306.086 300 89
0 650 306.173 300 89
0 650 306.262 300 89
0 650 306.351 300 89
0 650 306.438 300 89
0 650 306.551 300 89
0 650 306.633 300 89
0 650 306.721 300 89
0 650 306.811 300 89
0 650 306.901 300 89
0 650 306.988 300 89
0 650 307.075 300 89
0 650 307.154 300 89
0 650 307.235 300 89
0 650 307.318 300 89
0 650 307.404 300 89
0 650 307.491 300 89
0 650 307.572 300 89
0 650 307.638 300 89
0 650 307.731 300 89
0 650 307.827 300 89
0 650 307.91 300 89
0 650 307.992 300 89
0 650 308.083 300 89
0 650 308.169 300 89
0 650 308.261 300 89
0 650 308.347 300 89
0 650 308.436 300 89
0 650 308.527 300 89
0 650 308.615 300 89
0 650 308.691 300 89
0 650 308.783 300 89
0 650 308.876 300 89
0 650 308.963 300 89
0 650 309.049 300 89
0 650 309.141 300 89
0 650 309.229 300 89
0 650 309.319 300 89
0 650 309.408 300 89
0 650 309.495 300 89
0 650 309.586 300 89
0 650 309.668 300 89
0 650 309.763 300 89
0 650 309.847 300 89
0 650 309.935 300 89
0 650 310.025 300 89
0 650 310.104 300 89
0 650 310.194 300 89
0 650 310.29 300 89
0 650 310.37 300 89
0 650 310.456 300 89
0 650 310.542 300 89
0 650 310.624 300 89
0 650 310.711 300 89
0 650 310.803 300 89
0 650 310.893 300 89
0 650 310.978 300 89
0 650 311.064 300 89
0 650 311.158 300 89
0 650 311.245 300 89
0 650 311.33 300 89
0 650 311.425 300 89
0 650 311.513 300 89
0 650 311.601 300 89
0 650 311.685 300 89
0 650 311.774 300 89
0 650 311.861 300 89
0 650 311.945 300 89
0 650 312.024 300 89
0 650 312.117 300 89
0 650 312.204 300 89
0 650 312.298 300 89
0 650 312.392 300 89
0 650 312.479 300 89
0 650 312.564 300 89
0 650 312.649 300 89
0 650 312.735 300 89
0 650 312.813 300 89
0 650 312.902 300 89
0 650 312.991 300 89
0 650 313.071 300 89
0 650 313.16 300 89
0 650 313.246 300 89
0 650 313.325 300 89
0 650 313.413 300 89
0 650 313.501 300 89
0 650 313.592 300 89
0 650 313.678 300 89
0 650 313.764 300 89
0 650 313.854 300 89
0 650 313.938 300 89
0 650 314.027 300 89
0 650 314.116 300 89
0 650 314.204 300 89
0 650 314.284 300 89
0 650 314.369 300 89
0 650 314.464 300 89
0 650 314.55 300 89
0 650 314.644 300 89
0 650 314.725 300 89
0 650 314.808 300 89
0 650 314.894 300 89
0 650 314.984 300 89
0 650 315.069 300 89
0 650 315.153 300 89
0 650 315.236 300 89
0 650 315.324 300 89
0 650 315.417 300 89
0 650 315.499 300 89
0 650 315.589 300 89
0 650 315.694 300 89
0 650 315.789 300 89
0 650 315.872 300 89
0 650 315.958 300 89
0 650 316.051 300 89
0 650 316.137 300 89
0 650 316.215 300 89
0 650 316.303 300 89
0 650 316.39 300 89
0 650 316.472 300 89
0 650 316.56 300 89
0 650 316.644 300 89
0 650 316.734 300 89
0 650 316.824 300 89
0 650 316.915 300 89
0 650 316.995 300 89
0 650 317.077 300 89
0 650 317.165 300 89
0 650 317.244 300 89
0 650 317.335 300 89
0 650 317.416 300 89
0 650 317.506 300 89
0 650 317.595 300 89
0 650 317.68 300 89
0 650 317.752 300 89
0 650 317.844 300 89
0 650 317.928 300 89
0 650 318.022 300 89
0 650 318.108 300 89
0 650 318.191 300 89
0 650 318.278 300 89
0 650 318.367 300 89
0 650 318.452 300 89
0 650 318.544 300 89
0 650 318.628 300 89
0 650 318.717 300 89
0 650 318.805 300 89
0 650 318.889 300 89
0 650 318.976 300 89
0 650 319.064 300 89
0 650 319.141 300 89
0 650 319.227 300 89
0 650 319.307 300 89
0 650 319.39 300 89
0 650 319.483 300 89
0 650 319.568 300 89
0 650 319.654 300 89
0 650 319.74 300 89
0 650 319.823 300 89
0 650 319.914 300 89
0 650 320.001 300 89
0 650 320.089 300 89
0 650 320.18 300 89
0 650 320.276 300 89
0 650 320.359 300 89
0 650 320.452 300 89
0 650 320.545 300 89
0 650 320.628 300 89
0 650 320.719 300 89
0 650 320.804 300 89
0 650 320.889 300 89
0 650 320.976 300 89
0 650 321.073 300 89
0 650 321.15 300 89
0 650 321.245 300 89
0 650 321.325 300 89
0 650 321.403 300 89
0 650 321.478 300 89
0 650 321.563 300 89
0 650 321.649 300 89
0 650 321.728 300 89
0 650 321.813 300 89
0 650 321.899 300 89
0 650 321.988 300 89
0 650 322.073 300 89
0 650 322.158 300 89
0 650 322.246 300 89
0 650 322.325 300 89
0 650 322.413 300 89
0 650 322.509 300 89
0 650 322.596 300 89
0 650 322.684 300 89
0 650 322.775 300 89
0 650 322.852 300 89
0 650 322.939 300 89
0 650 323.022 300 89
0 650 323.116 300 89
0 650 323.189 300 89
0 650 323.275 300 89
0 650 323.367 300 89
0 650 323.451 300 89
0 650 323.538 300 89
0 650 323.62 300 89
0 650 323.705 300 89
0 650 323.787 300 89
0 650 323.872 300 89
0 650 323.961 300 89
0 650 324.042 300 89
0 650 324.127 300 89
0 650 324.212 300 89
0 650 324.306 300 89
0 650 324.394 300 89
0 650 324.477 300 89
0 650 324.555 300 89
0 650 324.644 300 89
0 650 324.725 300 89
0 650 324.808 300 89
0 650 324.899 300 89
0 650 324.983 300 89
0 650 325.07 300 89
0 650 325.156 300 89
0 650 325.242 300 89
0 650 325.329 300 89
0 650 325.419 300 89
0 650 325.504 300 89
0 650 325.594 300 89
0 650 325.68 300 89
0 650 325.762 300 89
0 650 325.853 300 89
0 650 325.937 300 89
0 650 326.015 300 89
0 650 326.094 300 89
0 650 326.179 300 89
0 650 326.267 300 89
0 650 326.352 300 89
0 650 326.438 300 89
0 650 326.525 300 89
0 650 326.613 300 89
0 650 326.697 300 89
0 650 326.786 300 89
0 650 326.878 300 89
0 650 326.961 300 89
0 650 327.049 300 89
0 650 327.129 300 89
0 650 327.212 300 89
0 650 327.29 300 89
0 650 327.365 300 89
0 650 327.428 300 89
0 650 327.512 300 89
0 650 327.599 300 89
0 650 327.681 300 89
0 650 327.76 300 89
0 650 327.842 300 89
0 650 327.916 300 89
0 650 328.002 300 89
0 650 328.082 300 89
0 650 328.2 300 89
0 650 328.28 300 89
0 650 328.36 300 89
0 650 328.447 300 89
0 650 328.533 300 89
0 650 328.619 300 89
0 650 328.694 300 89
0 650 328.774 300 89
0 650 328.851 300 89
0 650 328.943 300 89
0 650 329.029 300 89
0 650 329.11 300 89
0 650 329.198 300 89
0 650 329.276 300 89
0 650 329.362 300 89
0 650 329.447 300 89
0 650 329.534 300 89
0 650 329.64 300 89
0 650 329.724 300 89
0 650 329.812 300 89
0 650 329.905 300 89
0 650 329.982 300 89
0 650 330.065 300 89
0 650 330.154 300 89
0 650 330.243 300 89
0 650 330.332 300 89
0 650 330.417 300 89
0 650 330.498 300 89
0 650 330.593 300 89
0 650 330.678 300 89
0 650 330.76 300 89
0 650 330.851 300 89
0 650 330.942 300 89
0 650 331.032 300 89
0 650 331.12 300 89
0 650 331.204 300 89
0 650 331.292 300 89
0 650 331.38 300 89
0 650 331.466 300 89
0 650 331.551 300 89
0 650 331.636 300 89
0 650 331.714 300 89
0 650 331.802 300 89
0 650 331.893 300 89
0 650 331.982 300 89
0 650 332.067 300 89
0 650 332.154 300 89
0 650 332.245 300 89
0 650 332.344 300 89
0 650 332.424 300 89
0 650 332.509 300 89
0 650 332.594 300 89
0 650 332.689 300 89
0 650 332.775 300 89
0 650 332.866 300 89
0 650 332.957 300 89
0 650 333.044 300 89
0 650 333.128 300 89
0 650 333.225 300 89
0 650 333.312 300 89
0 650 333.402 300 89
0 650 333.482 300 89
0 650 333.569 300 89
0 650 333.655 300 89
0 650 333.743 300 89
0 650 333.829 300 89
0 650 333.919 300 89
0 650 334.011 300 89
0 650 334.099 300 89
0 650 334.187 300 89
0 650 334.271 300 89
0 650 334.355 300 89
0 650 334.429 300 89
0 650 334.515 300 89
0 650 334.606 300 89
0 650 334.688 300 89
0 650 334.775 300 89
0 650 334.86 300 89
0 650 334.951 300 89
0 650 335.044 300 89
0 650 335.129 300 89
0 650 335.207 300 89
0 650 335.299 300 89
0 650 335.376 300 89
0 650 335.459 300 89
0 650 335.545 300 89
0 650 335.635 300 89
0 650 335.718 300 89
0 650 335.815 300 89
0 650 335.909 300 89
0 650 335.99 300 89
0 650 336.08 300 89
0 650 336.174 300 89
0 650 336.269 300 89
0 650 336.349 300 89
0 650 336.435 300 89
0 650 336.525 300 89
0 650 336.609 300 89
0 650 336.695 300 89
0 650 336.78 300 89
0 650 336.863 300 89
0 650 336.949 300 89
0 650 337.037 300 89
0 650 337.113 300 89
0 650 337.2 300 89
0 650 337.293 300 89
0 650 337.369 300 89
0 650 337.453 300 89
0 650 337.542 300 89
0 650 337.624 300 89
0 650 337.708 300 89
0 650 337.799 300 89
0 650 337.883 300 89
0 650 337.964 300 89
0 650 338.04 300 89
0 650 338.125 300 89
0 650 338.213 300 89
0 650 338.302 300 89
0 650 338.386 300 89
0 650 338.484 300 89
0 650 338.571 300 89
0 650 338.653 300 89
0 650 338.736 300 89
0 650 338.801 300 89
0 650 338.859 300 89
0 650 338.916 300 89
0 650 338.973 300 89
0 650 339.033 300 89
0 650 339.093 300 89
0 650 339.152 300 89
0 650 339.217 300 89
0 650 339.278 300 89
0 650 339.34 300 89
0 650 339.405 300 89
0 650 339.464 300 89
0 650 339.523 300 89
0 650 339.603 300 89
0 650 339.682 300 89
0 650 339.765 300 89
0 650 339.852 300 89
0 650 339.935 300 89
0 650 340.008 300 89
0 650 340.098 300 89
0 650 340.185 300 89
0 650 340.273 300 89
0 650 340.358 300 89
0 650 340.447 300 89
0 650 340.524 300 89
0 650 340.605 300 89
0 650 340.691 300 89
0 650 340.783 300 89
0 650 340.861 300 89
0 650 340.941 300 89
0 650 341.026 300 89
0 650 341.111 300 89
0 650 341.207 300 89
0 650 341.301 300 89
0 650 341.37 300 89
0 650 341.455 300 89
0 650 341.543 300 89
0 650 341.634 300 89
0 650 341.714 300 89
0 650 341.8 300 89
0 650 341.887 300 89
0 650 341.996 300 89
0 650 342.08 300 89
0 650 342.17 300 89
0 650 342.255 300 89
0 650 342.352 300 89
0 650 342.427 300 89
0 650 342.5 300 89
0 650 342.581 300 89
0 650 342.669 300 89
0 650 342.756 300 89
0 650 342.842 300 89
0 650 342.928 300 89
0 650 343.019 300 89
0 650 343.103 300 89
0 650 343.189 300 89
0 650 343.271 300 89
0 650 343.36 300 89
0 650 343.442 300 89
0 650 343.531 300 89
0 650 343.626 300 89
0 650 343.716 300 89
0 650 343.807 300 89
0 650 343.893 300 89
0 650 343.981 300 89
0 650 344.074 300 89
0 650 344.152 300 89
0 650 344.234 300 89
0 650 344.323 300 89
0 650 344.413 300 89
0 650 344.501 300 89
0 650 344.586 300 89
0 650 344.668 300 89
0 650 344.742 300 89
0 650 344.829 300 89
0 650 344.917 300 89
0 650 345.006 300 89
0 650 345.101 300 89
0 650 345.188 300 89
0 650 345.272 300 89
0 650 345.363 300 89
0 650 345.445 300 89
0 650 345.532 300 89
0 650 345.62 300 89
0 650 345.695 300 89
0 650 345.781 300 89
0 650 345.871 300 89
0 650 345.962 300 89
0 650 346.046 300 89
0 650 346.132 300 89
0 650 346.215 300 89
0 650 346.308 300 89
0 650 346.389 300 89
0 650 346.463 300 89
0 650 346.551 300 89
0 650 346.631 300 89
0 650 346.72 300 89
0 650 346.804 300 89
0 650 346.891 300 89
0 650 346.985 300 89
0 650 347.072 300 89
0 650 347.16 300 89
0 650 347.244 300 89
0 650 347.325 300 89
0 650 347.411 300 89
0 650 347.499 300 89
0 650 347.588 300 89
0 650 347.672 300 89
0 650 347.756 300 89
0 650 347.847 300 89
0 650 347.937 300 89
0 650 348.026 300 89
0 650 348.115 300 89
0 650 348.206 300 89
0 650 348.297 300 89
0 650 348.387 300 89
0 650 348.519 300 89
0 650 348.618 300 89
0 650 348.707 300 89
0 650 348.797 300 89
0 650 348.883 300 89
0 650 348.971 300 89
0 650 349.056 300 89
0 650 349.144 300 89
0 650 349.23 300 89
0 650 349.318 300 89
0 650 349.401 300 89
0 650 349.493 300 89
0 650 349.584 300 89
0 650 349.676 300 89
0 650 349.769 300 89
0 650 349.856 300 89
0 650 349.941 300 89
0 650 350.024 300 89
0 650 350.111 300 89
0 650 350.202 300 89
0 650 350.293 300 89
0 650 350.389 300 89
0 650 350.479 300 89
0 650 350.572 300 89
0 650 350.654 300 89
0 650 350.737 300 89
0 650 350.827 300 89
0 650 350.899 300 89
0 650 350.995 300 89
0 650 351.092 300 89
0 650 351.18 300 89
0 650 351.268 300 89
0 650 351.36 300 89
0 650 351.447 300 89
0 650 351.526 300 89
0 650 351.602 300 89
0 650 351.691 300 89
0 650 351.773 300 89
0 650 351.861 300 89
0 650 351.95 300 89
0 650 352.033 300 89
0 650 352.115 300 89
0 650 352.205 300 89
0 650 352.297 300 89
0 650 352.386 300 89
0 650 352.467 300 89
0 650 352.557 300 89
0 650 352.64 300 89
0 650 352.731 300 89
0 650 352.819 300 89
0 650 352.902 300 89
0 650 352.984 300 89
0 650 353.068 300 89
0 650 353.149 300 89
0 650 353.225 300 89
0 650 353.307 300 89
0 650 353.392 300 89
0 650 353.472 300 89
0 650 353.557 300 89
0 650 353.641 300 89
0 650 353.728 300 89
0 650 353.805 300 89
0 650 353.895 300 89
0 650 353.983 300 89
0 650 354.067 300 89
0 650 354.153 300 89
0 650 354.24 300 89
0 650 354.331 300 89
0 650 354.419 300 89
0 650 354.504 300 89
0 650 354.584 300 89
0 650 354.668 300 89
0 650 354.76 300 89
0 650 354.842 300 89
0 650 354.922 300 89
0 650 355.002 300 89
0 650 355.085 300 89
0 650 355.18 300 89
0 650 355.264 300 89
0 650 355.359 300 89
0 650 355.442 300 89
0 650 355.532 300 89
0 650 355.614 300 89
0 650 355.694 300 89
0 650 355.783 300 89
0 650 355.88 300 89
0 650 355.964 300 89
0 650 356.048 300 89
0 650 356.137 300 89
0 650 356.218 300 89
0 650 356.301 300 89
0 650 356.392 300 89
0 650 356.476 300 89
0 650 356.568 300 89
0 650 356.654 300 89
0 650 356.74 300 89
0 650 356.827 300 89
0 650 356.922 300 89
0 650 357.01 300 89
0 650 357.093 300 89
0 650 357.17 300 89
0 650 357.265 300 89
0 650 357.346 300 89
0 650 357.435 300 89
0 650 357.525 300 89
0 650 357.609 300 89
0 650 357.695 300 89
0 650 357.776 300 89
0 650 357.864 300 89
0 650 357.952 300 89
0 650 358.044 300 89
0 650 358.128 300 89
0 650 358.222 300 89
0 650 358.308 300 89
0 650 358.399 300 89
0 650 358.484 300 89
0 650 358.568 300 89
0 650 358.653 300 89
0 650 358.738 300 89
0 650 358.826 300 89
0 650 358.914 300 89
0 650 358.991 300 89
0 650 359.069 300 89
0 650 359.164 300 89
0 650 359.247 300 89
0 650 359.34 300 89
0 650 359.428 300 89
0 650 359.512 300 89
0 650 359.599 300 89
0 650 359.676 300 89
0 650 359.763 300 89
0 650 359.853 300 89
0 650 359.934 300 89
0 650 360.023 300 89
0 650 360.107 300 89
0 650 360.194 300 89
0 650 360.277 300 89
0 650 360.358 300 89
0 650 360.445 300 89
0 650 360.534 300 89
0 650 360.619 300 89
0 650 360.711 300 89
0 650 360.804 300 89
0 650 360.891 300 89
0 650 360.984 300 89
0 650 361.074 300 89
0 650 361.163 300 89
0 650 361.251 300 89
0 650 361.34 300 89
0 650 361.432 300 89
0 650 361.523 300 89
0 650 361.617 300 89
0 650 361.704 300 89
0 650 361.777 300 89
0 650 361.86 300 89
0 650 361.951 300 89
0 650 362.037 300 89
0 650 362.133 300 89
0 650 362.213 300 89
0 650 362.299 300 89
0 650 362.379 300 89
0 650 362.464 300 89
0 650 362.553 300 89
0 650 362.646 300 89
0 650 362.732 300 89
0 650 362.817 300 89
0 650 362.907 300 89
0 650 363.009 300 89
0 650 363.096 300 89
0 650 363.186 300 89
0 650 363.281 300 89
0 650 363.369 300 89
0 650 363.456 300 89
0 650 363.544 300 89
0 650 363.633 300 89
0 650 363.725 300 89
0 650 363.816 300 89
0 650 363.9 300 89
0 650 363.993 300 89
0 650 364.07 300 89
0 650 364.161 300 89
0 650 364.245 300 89
0 650 364.335 300 89
0 650 364.423 300 89
0 650 364.511 300 89
0 650 364.595 300 89
0 650 364.685 300 89
0 650 364.766 300 89
0 650 364.86 300 89
0 650 364.95 300 89
0 650 365.039 300 89
0 650 365.127 300 89
0 650 365.222 300 89
0 650 365.313 300 89
0 650 365.397 300 89
0 650 365.491 300 89
0 650 365.58 300 89
0 650 365.665 300 89
0 650 365.752 300 89
0 650 365.832 300 89
0 650 365.919 300 89
0 650 366.01 300 89
0 650 366.104 300 89
0 650 366.193 300 89
0 650 366.286 300 89
0 650 366.383 300 89
0 650 366.472 300 89
0 650 366.568 300 89
0 650 366.655 300 89
0 650 366.733 300 89
0 650 366.821 300 89
0 650 366.901 300 89
0 650 366.985 300 89
0 650 367.078 300 89
0 650 367.169 300 89
0 650 367.256 300 89
0 650 367.342 300 89
0 650 367.428 300 89
0 650 367.516 300 89
0 650 367.611 300 89
0 650 367.695 300 89
0 650 367.79 300 89
0 650 367.881 300 89
0 650 367.963 300 89
0 650 368.058 300 89
0 650 368.145 300 89
0 650 368.237 300 89
0 650 368.32 300 89
0 650 368.372 300 89
0 650 368.466 300 89
0 650 368.559 300 89
0 650 368.65 300 89
0 650 368.744 300 89
0 650 368.826 300 89
0 650 368.912 300 89
0 650 369.005 300 89
0 650 369.098 300 89
0 650 369.205 300 89
0 650 369.292 300 89
0 650 369.38 300 89
0 650 369.464 300 89
0 650 369.554 300 89
0 650 369.644 300 89
0 650 369.729 300 89
0 650 369.815 300 89
0 650 369.907 300 89
0 650 369.995 300 89
0 650 370.09 300 89
0 650 370.175 300 89
0 650 370.257 300 89
0 650 370.341 300 89
0 650 370.432 300 89
0 650 370.513 300 89
0 650 370.6 300 89
0 650 370.684 300 89
0 650 370.772 300 89
0 650 370.861 300 89
0 650 370.946 300 89
0 650 371.033 300 89
0 650 371.124 300 89
0 650 371.208 300 89
0 650 371.306 300 89
0 650 371.398 300 89
0 650 371.487 300 89
0 650 371.563 300 89
0 650 371.652 300 89
0 650 371.741 300 89
0 650 371.826 300 89
0 650 371.91 300 89
0 650 372.001 300 89
0 650 372.094 300 89
0 650 372.177 300 89
0 650 372.268 300 89
0 650 372.354 300 89
0 650 372.436 300 89
0 650 372.523 300 89
0 650 372.607 300 89
0 650 372.694 300 89
0 650 372.781 300 89
0 650 372.862 300 89
0 650 372.955 300 89
0 650 373.045 300 89
0 650 373.138 300 89
0 650 373.226 300 89
0 650 373.312 300 89
0 650 373.403 300 89
0 650 373.487 300 89
0 650 373.574 300 89
0 650 373.666 300 89
0 650 373.752 300 89
0 650 373.844 300 89
0 650 373.934 300 89
0 650 374.023 300 89
0 650 374.11 300 89
0 650 374.2 300 89
0 650 374.296 300 89
0 650 374.389 300 89
0 650 374.477 300 89
0 650 374.573 300 89
0 650 374.662 300 89
0 650 374.751 300 89
0 650 374.845 300 89
0 650 374.941 300 89
0 650 375.025 300 89
0 650 375.115 300 89
0 650 375.209 300 89
0 650 375.3 300 89
0 650 375.387 300 89
0 650 375.485 300 89
0 650 375.575 300 89
0 650 375.661 300 89
0 650 375.754 300 89
0 650 375.841 300 89
0 650 375.934 300 89
0 650 376.025 300 89
0 650 376.111 300 89
0 650 376.203 300 89
0 650 376.287 300 89
0 650 376.378 300 89
0 650 376.461 300 89
0 650 376.555 300 89
0 650 376.653 300 89
0 650 376.75 300 89
0 650 376.841 300 89
0 650 376.933 300 89
0 650 377.026 300 89
0 650 377.122 300 89
0 650 377.226 300 89
0 650 377.315 300 89
0 650 377.396 300 89
0 650 377.479 300 89
0 650 377.572 300 89
0 650 377.659 300 89
0 650 377.755 300 89
0 650 377.845 300 89
0 650 377.936 300 89
0 650 378.031 300 89
0 650 378.115 300 89
0 650 378.205 300 89
0 650 378.299 300 89
0 650 378.39 300 89
0 650 378.483 300 89
0 650 378.577 300 89
0 650 378.67 300 89
0 650 378.76 300 89
0 650 378.85 300 89
0 650 378.903 300 89
0 650 379.002 300 89
0 650 379.097 300 89
0 650 379.192 300 89
0 650 379.277 300 89
0 650 379.371 300 89
0 650 379.46 300 89
0 650 379.546 300 89
0 650 379.64 300 89
0 650 379.73 300 89
0 650 379.821 300 89
0 650 379.911 300 89
0 650 380.005 300 89
0 650 380.093 300 89
0 650 380.176 300 89
0 650 380.262 300 89
0 650 380.357 300 89
0 650 380.443 300 89
0 650 380.536 300 89
0 650 380.63 300 89
0 650 380.723 300 89
0 650 380.816 300 89
0 650 380.901 300 89
0 650 380.984 300 89
0 650 381.074 300 89
0 650 381.158 300 89
0 650 381.243 300 89
0 650 381.331 300 89
0 650 381.419 300 89
0 650 381.515 300 89
0 650 381.604 300 89
0 650 381.663 300 89
0 650 381.754 300 89
0 650 381.835 300 89
0 650 381.924 300 89
0 650 382.015 300 89
0 650 382.106 300 89
0 650 382.191 300 89
0 650 382.283 300 89
0 650 382.375 300 89
0 650 382.468 300 89
0 650 382.556 300 89
0 650 382.649 300 89
0 650 382.741 300 89
0 650 382.842 300 89
0 650 382.921 300 89
0 650 383.007 300 89
0 650 383.096 300 89
0 650 383.189 300 89
0 650 383.244 300 89
0 650 383.326 300 89
0 650 383.416 300 89
0 650 383.511 300 89
0 650 383.602 300 89
0 650 383.689 300 89
0 650 383.777 300 89
0 650 383.871 300 89
0 650 383.96 300 89
0 650 384.045 300 89
0 650 384.138 300 89
0 650 384.236 300 89
0 650 384.322 300 89
0 650 384.416 300 89
0 650 384.51 300 89
0 650 384.593 300 89
0 650 384.688 300 89
0 650 384.777 300 89
0 650 384.856 300 89
0 650 384.95 300 89
0 650 385.032 300 89
0 650 385.116 300 89
0 650 385.197 300 89
0 650 385.285 300 89
0 650 385.381 300 89
0 650 385.476 300 89
0 650 385.564 300 89
0 650 385.656 300 89
0 650 385.743 300 89
0 650 385.838 300 89
0 650 385.926 300 89
0 650 386.012 300 89
0 650 386.095 300 89
0 650 386.184 300 89
0 650 386.272 300 89
0 650 386.364 300 89
0 650 386.452 300 89
0 650 386.539 300 89
0 650 386.633 300 89
0 650 386.724 300 89
0 650 386.813 300 89
0 650 386.904 300 89
0 650 386.991 300 89
0 650 387.086 300 89
0 650 387.171 300 89
0 650 387.259 300 89
0 650 387.328 300 89
0 650 387.392 300 89
0 650 387.455 300 89
0 650 387.521 300 89
0 650 387.588 300 89
0 650 387.647 300 89
0 650 387.708 300 89
0 650 387.771 300 89
0 650 387.832 300 89
0 650 387.91 300 89
0 650 387.977 300 89
0 650 388.036 300 89
0 650 388.099 300 89
0 650 388.163 300 89
0 650 388.227 300 89
0 650 388.287 300 89
0 650 388.35 300 89
0 650 388.417 300 89
0 650 388.488 300 89
0 650 388.576 300 89
0 650 388.666 300 89
0 650 388.758 300 89
0 650 388.845 300 89
0 650 388.933 300 89
0 650 389.029 300 89
0 650 389.117 300 89
0 650 389.209 300 89
0 650 389.294 300 89
0 650 389.396 300 89
0 650 389.499 300 89
0 650 389.581 300 89
0 650 389.663 300 89
0 650 389.754 300 89
0 650 389.848 300 89
0 650 389.937 300 89
0 650 390.029 300 89
0 650 390.118 300 89
0 650 390.212 300 89
0 650 390.302 300 89
0 650 390.396 300 89
0 650 390.497 300 89
0 650 390.587 300 89
0 650 390.681 300 89
0 650 390.784 300 89
0 650 390.88 300 89
0 650 390.971 300 89
0 650 391.059 300 89
0 650 391.15 300 89
0 650 391.249 300 89
0 650 391.342 300 89
0 650 391.427 300 89
0 650 391.52 300 89
0 650 391.61 300 89
0 650 391.694 300 89
0 650 391.782 300 89
0 650 391.874 300 89
0 650 391.969 300 89
0 650 392.062 300 89
0 650 392.151 300 89
0 650 392.243 300 89
0 650 392.328 300 89
0 650 392.416 300 89
0 650 392.514 300 89
0 650 392.621 300 89
0 650 392.712 300 89
0 650 392.793 300 89
0 650 392.876 300 89
0 650 392.963 300 89
0 650 393.044 300 89
0 650 393.133 300 89
0 650 393.234 300 89
0 650 393.324 300 89
0 650 393.412 300 89
0 650 393.489 300 89
0 650 393.58 300 89
0 650 393.664 300 89
0 650 393.754 300 89
0 650 393.842 300 89
0 650 393.945 300 89
0 650 394.036 300 89
0 650 394.127 300 89
0 650 394.245 300 89
0 650 394.337 300 89
0 650 394.467 300 89
0 650 394.56 300 89
0 650 394.667 300 89
0 650 394.787 300 89
0 650 394.904 300 89
0 650 395.028 300 89
0 650 395.15 300 89
0 650 395.26 300 89
0 650 395.377 300 89
0 650 395.49 300 89
0 650 395.605 300 89
0 650 395.715 300 89
0 650 395.829 300 89
0 650 395.952 300 89
0 650 396.057 300 89
0 650 396.165 300 89
0 650 396.257 300 89
0 650 396.38 300 89
0 650 396.499 300 89
0 650 396.626 300 89
0 650 396.76 300 89
0 650 396.882 300 89
0 650 397.07 300 89
0 650 397.184 300 89
0 650 397.311 300 89
0 650 397.432 300 89
0 650 397.547 300 89
0 650 397.666 300 89
0 650 397.782 300 89
0 650 397.91 300 89
0 650 398.032 300 89
0 650 398.152 300 89
0 650 398.275 300 89
0 650 398.4 300 89
0 650 398.522 300 89
0 650 398.645 300 89
0 650 398.766 300 89
0 650 398.9 300 89
0 650 399.016 300 89
0 650 399.135 300 89
0 650 399.249 300 89
0 650 399.357 300 89
0 650 399.467 300 89
0 650 399.583 300 89
0 650 399.692 300 89
0 650 399.815 300 89
0 650 399.924 300 89
0 650 400.043 300 89
0 650 400.161 300 89
0 650 400.27 300 89
0 650 400.391 300 89
0 650 400.51 300 89
0 650 400.64 300 89
0 650 400.768 300 89
0 650 400.9 300 89
0 650 401.023 300 89
0 650 401.14 300 89
0 650 401.266 300 89
0 650 401.375 300 89
0 650 401.498 300 89
0 650 401.634 300 89
0 650 401.741 300 89
0 650 401.849 300 89
0 650 401.93 300 89
0 650 402.051 300 89
0 650 402.166 300 89
0 650 402.282 300 89
0 650 402.399 300 89
0 650 402.509 300 89
0 650 402.626 300 89
0 650 402.755 300 89
0 650 402.879 300 89
0 650 402.997 300 89
0 650 403.099 300 89
0 650 403.211 300 89
0 650 403.327 300 89
0 650 403.442 300 89
0 650 403.555 300 89
0 650 403.675 300 89
0 650 403.772 300 89
0 650 403.872 300 89
0 650 403.985 300 89
0 650 404.094 300 89
0 650 404.206 300 89
0 650 404.32 300 89
0 650 404.439 300 89
0 650 404.539 300 89
0 650 404.651 300 89
0 650 404.75 300 89
0 650 404.869 300 89
0 650 404.979 300 89
0 650 405.095 300 89
0 650 405.206 300 89
0 650 405.308 300 89
0 650 405.423 300 89
0 650 405.536 300 89
0 650 405.652 300 89
0 650 405.766 300 89
0 650 405.879 300 89
0 650 405.989 300 89
0 650 406.114 300 89
0 650 406.236 300 89
0 650 406.342 300 89
0 650 406.455 300 89
0 650 406.558 300 89
0 650 406.671 300 89
0 650 406.79 300 89
0 650 406.904 300 89
0 650 407.014 300 89
0 650 407.123 300 89
0 650 407.251 300 89
0 650 407.363 300 89
0 650 407.479 300 89
0 650 407.606 300 89
0 650 407.721 300 89
0 650 407.842 300 89
0 650 407.944 300 89
0 650 408.062 300 89
0 650 408.169 300 89
0 650 408.276 300 89
0 650 408.378 300 89
0 650 408.487 300 89
0 650 408.6 300 89
0 650 408.713 300 89
0 650 408.824 300 89
0 650 408.934 300 89
0 650 409.044 300 89
0 650 409.156 300 89
0 650 409.271 300 89
0 650 409.386 300 89
0 650 409.551 300 89
0 650 409.67 300 89
0 650 409.779 300 89
0 650 409.881 300 89
0 650 409.99 300 89
0 650 410.099 300 89
0 650 410.197 300 89
0 650 410.303 300 89
0 650 410.413 300 89
0 650 410.528 300 89
0 650 410.645 300 89
0 650 410.745 300 89
0 650 410.853 300 89
0 650 410.968 300 89
0 650 411.083 300 89
0 650 411.193 300 89
0 650 411.305 300 89
0 650 411.42 300 89
0 650 411.532 300 89
0 650 411.638 300 89
0 650 411.756 300 89
0 650 411.855 300 89
0 650 411.971 300 89
0 650 412.084 300 89
0 650 412.192 300 89
0 650 412.304 300 89
0 650 412.415 300 89
0 650 412.523 300 89
0 650 412.634 300 89
0 650 412.738 300 89
0 650 412.851 300 89
0 650 412.967 300 89
0 650 413.089 300 89
0 650 413.208 300 89
0 650 413.32 300 89
0 650 413.431 300 89
0 650 413.547 300 89
0 650 413.664 300 89
0 650 413.763 300 89
0 650 413.835 300 89
0 650 413.951 300 89
0 650 414.059 300 89
0 650 414.162 300 89
0 650 414.274 300 89
0 650 414.388 300 89
0 650 414.494 300 89
0 650 414.591 300 89
0 650 414.705 300 89
0 650 414.825 300 89
0 650 414.934 300 89
0 650 415.035 300 89
0 650 415.128 300 89
0 650 415.237 300 89
0 650 415.345 300 89
0 650 415.45 300 89
0 650 415.547 300 89
0 650 415.667 300 89
0 650 415.786 300 89
0 650 415.884 300 89
0 650 415.99 300 89
0 650 416.094 300 89
0 650 416.209 300 89
0 650 416.316 300 89
0 650 416.425 300 89
0 650 416.54 300 89
0 650 416.653 300 89
0 650 416.758 300 89
0 650 416.874 300 89
0 650 416.981 300 89
0 650 417.088 300 89
0 650 417.207 300 89
0 650 417.302 300 89
0 650 417.402 300 89
0 650 417.506 300 89
0 650 417.617 300 89
0 650 417.735 300 89
0 650 417.844 300 89
0 650 417.955 300 89
0 650 418.062 300 89
0 650 418.174 300 89
0 650 418.279 300 89
0 650 418.384 300 89
0 650 418.482 300 89
0 650 418.59 300 89
0 650 418.7 300 89
0 650 418.81 300 89
0 650 418.92 300 89
0 650 419.022 300 89
0 650 419.136 300 89
0 650 419.24 300 89
0 650 419.352 300 89
0 650 419.458 300 89
0 650 419.573 300 89
0 650 419.676 300 89
0 650 419.786 300 89
0 650 419.909 300 89
0 650 420.009 300 89
0 650 420.125 300 89
0 650 420.234 300 89
0 650 420.334 300 89
0 650 420.435 300 89
0 650 420.548 300 89
0 650 420.644 300 89
0 650 420.752 300 89
0 650 420.849 300 89
0 650 420.955 300 89
0 650 421.049 300 89
0 650 421.154 300 89
0 650 421.259 300 89
0 650 421.367 300 89
0 650 421.478 300 89
0 650 421.565 300 89
0 650 421.669 300 89
0 650 421.767 300 89
0 650 421.875 300 89
0 650 421.979 300 89
0 650 422.08 300 89
0 650 422.184 300 89
0 650 422.287 300 89
0 650 422.397 300 89
0 650 422.491 300 89
0 650 422.589 300 89
0 650 422.676 300 89
0 650 422.773 300 89
0 650 422.867 300 89
0 650 422.953 300 89
0 650 423.038 300 89
0 650 423.123 300 89
0 650 423.214 300 89
0 650 423.297 300 89
0 650 423.376 300 89
0 650 423.456 300 89
0 650 423.535 300 89
0 650 423.616 300 89
0 650 423.694 300 89
0 650 423.783 300 89
0 650 423.891 300 89
0 650 424.024 300 89
0 650 424.112 300 89
0 650 424.191 300 89
0 650 424.278 300 89
0 650 424.38 300 89
0 650 424.476 300 89
0 650 424.556 300 89
0 650 424.642 300 89
0 650 424.728 300 89
0 650 424.809 300 89
0 650 424.896 300 89
0 650 424.991 300 89
0 650 425.074 300 89
0 650 425.157 300 89
0 650 425.239 300 89
0 650 425.345 300 89
0 650 425.426 300 89
0 650 425.511 300 89
0 650 425.603 300 89
0 650 425.692 300 89
0 650 425.782 300 89
0 650 425.87 300 89
0 650 425.968 300 89
0 650 426.057 300 89
0 650 426.139 300 89
0 650 426.225 300 89
0 650 426.305 300 89
0 650 426.388 300 89
0 650 426.473 300 89
0 650 426.576 300 89
0 650 426.68 300 89
0 650 426.775 300 89
0 650 426.859 300 89
0 650 426.965 300 89
0 650 427.064 300 89
0 650 427.159 300 89
0 650 427.248 300 89
0 650 427.342 300 89
0 650 427.426 300 89
0 650 427.511 300 89
0 650 427.59 300 89
0 650 427.672 300 89
0 650 427.761 300 89
0 650 427.847 300 89
0 650 427.94 300 89
0 650 428.028 300 89
0 650 428.156 300 89
0 650 428.258 300 89
0 650 428.352 300 89
0 650 428.428 300 89
0 650 428.536 300 89
0 650 428.65 300 89
0 650 428.73 300 89
0 650 428.82 300 89
0 650 428.906 300 89
0 650 428.987 300 89
0 650 429.07 300 89
0 650 429.157 300 89
0 650 429.246 300 89
0 650 429.331 300 89
0 650 429.413 300 89
0 650 429.512 300 89
0 650 429.634 300 89
0 650 429.727 300 89
0 650 429.816 300 89
0 650 429.925 300 89
0 650 430.027 300 89
0 650 430.101 300 89
0 650 430.19 300 89
0 650 430.282 300 89
0 650 430.392 300 89
0 650 430.491 300 89
0 650 430.59 300 89
0 650 430.677 300 89
0 650 430.759 300 89
0 650 430.843 300 89
0 650 430.925 300 89
0 650 431.018 300 89
0 650 431.101 300 89
0 650 431.188 300 89
0 650 431.271 300 89
0 650 431.352 300 89
0 650 431.435 300 89
0 650 431.524 300 89
0 650 431.612 300 89
0 650 431.697 300 89
0 650 431.781 300 89
0 650 431.863 300 89
0 650 431.951 300 89
0 650 432.057 300 89
0 650 432.147 300 89
0 650 432.227 300 89
0 650 432.311 300 89
0 650 432.389 300 89
0 650 432.474 300 89
0 650 432.563 300 89
0 650 432.67 300 89
0 650 432.752 300 89
0 650 432.841 300 89
0 650 432.925 300 89
0 650 433.007 300 89
0 650 433.087 300 89
0 650 433.176 300 89
0 650 433.265 300 89
0 650 433.348 300 89
0 650 433.441 300 89
0 650 433.533 300 89
0 650 433.622 300 89
0 650 433.729 300 89
0 650 433.824 300 89
0 650 433.911 300 89
0 650 434.002 300 89
0 650 434.098 300 89
0 650 434.183 300 89
0 650 434.272 300 89
0 650 434.357 300 89
0 650 434.465 300 89
0 650 434.555 300 89
0 650 434.638 300 89
0 650 434.723 300 89
0 650 434.809 300 89
0 650 434.891 300 89
0 650 434.986 300 89
0 650 435.07 300 89
0 650 435.15 300 89
0 650 435.236 300 89
0 650 435.322 300 89
0 650 435.389 300 89
0 650 435.484 300 89
0 650 435.576 300 89
0 650 435.653 300 89
0 650 435.732 300 89
0 650 435.82 300 89
0 650 435.909 300 89
0 650 436.001 300 89
0 650 436.104 300 89
0 650 436.197 300 89
0 650 436.279 300 89
0 650 436.363 300 89
0 650 436.445 300 89
0 650 436.528 300 89
0 650 436.607 300 89
0 650 436.692 300 89
0 650 436.774 300 89
0 650 436.855 300 89
0 650 436.936 300 89
0 650 437.013 300 89
0 650 437.096 300 89
0 650 437.185 300 89
0 650 437.267 300 89
0 650 437.361 300 89
0 650 437.452 300 89
0 650 437.54 300 89
0 650 437.626 300 89
0 650 437.728 300 89
0 650 437.831 300 89
0 650 437.921 300 89
0 650 438.005 300 89
0 650 438.111 300 89
0 650 438.212 300 89
0 650 438.3 300 89
0 650 438.388 300 89
0 650 438.499 300 89
0 650 438.594 300 89
0 650 438.684 300 89
0 650 438.777 300 89
0 650 438.888 300 89
0 650 438.984 300 89
0 650 439.066 300 89
0 650 439.158 300 89
0 650 439.262 300 89
0 650 439.356 300 89
0 650 439.449 300 89
0 650 439.527 300 89
0 650 439.613 300 89
0 650 439.721 300 89
0 650 439.817 300 89
0 650 439.904 300 89
0 650 439.993 300 89
0 650 440.08 300 89
0 650 440.169 300 89
0 650 440.258 300 89
0 650 440.353 300 89
0 650 440.469 300 89
0 650 440.568 300 89
0 650 440.661 300 89
0 650 440.759 300 89
0 650 440.864 300 89
0 650 440.95 300 89
0 650 441.038 300 89
0 650 441.127 300 89
0 650 441.209 300 89
0 650 441.292 300 89
0 650 441.377 300 89
0 650 441.46 300 89
0 650 441.55 300 89
0 650 441.641 300 89
0 650 441.733 300 89
0 650 441.816 300 89
0 650 441.905 300 89
0 650 442.003 300 89
0 650 442.101 300 89
0 650 442.196 300 89
0 650 442.288 300 89
0 650 442.369 300 89
0 650 442.48 300 89
0 650 442.579 300 89
0 650 442.663 300 89
0 650 442.74 300 89
0 650 442.835 300 89
0 650 442.909 300 89
0 650 443.005 300 89
0 650 443.096 300 89
0 650 443.185 300 89
0 650 443.271 300 89
0 650 443.356 300 89
0 650 443.44 300 89
0 650 443.532 300 89
0 650 443.628 300 89
0 650 443.716 300 89
0 650 443.806 300 89
0 650 443.892 300 89
0 650 443.993 300 89
0 650 444.094 300 89
0 650 444.189 300 89
0 650 444.276 300 89
0 650 444.379 300 89
0 650 444.475 300 89
0 650 444.568 300 89
0 650 444.654 300 89
0 650 444.74 300 89
0 650 444.865 300 89
0 650 444.963 300 89
0 650 445.051 300 89
0 650 445.146 300 89
0 650 445.234 300 89
0 650 445.316 300 89
0 650 445.399 300 89
0 650 445.482 300 89
0 650 445.571 300 89
0 650 445.666 300 89
0 650 445.747 300 89
0 650 445.836 300 89
0 650 445.929 300 89
0 650 446.03 300 89
0 650 446.122 300 89
0 650 446.213 300 89
0 650 446.299 300 89
0 650 446.386 300 89
0 650 446.478 300 89
0 650 446.563 300 89
0 650 446.644 300 89
0 650 446.744 300 89
0 650 446.822 300 89
0 650 446.911 300 89
0 650 447.002 300 89
0 650 447.09 300 89
0 650 447.179 300 89
0 650 447.274 300 89
0 650 447.357 300 89
0 650 447.49 300 89
0 650 447.602 300 89
0 650 447.702 300 89
0 650 447.789 300 89
0 650 447.874 300 89
0 650 447.966 300 89
0 650 448.054 300 89
0 650 448.145 300 89
0 650 448.235 300 89
0 650 448.329 300 89
0 650 448.409 300 89
0 650 448.498 300 89
0 650 448.586 300 89
0 650 448.679 300 89
0 650 448.773 300 89
0 650 448.865 300 89
0 650 448.954 300 89
0 650 449.044 300 89
0 650 449.135 300 89
0 650 449.24 300 89
0 650 449.332 300 89
0 650 449.426 300 89
0 650 449.524 300 89
0 650 449.619 300 89
0 650 449.706 300 89
0 650 449.801 300 89
0 650 449.889 300 89
0 650 449.996 300 89
0 650 450.083 300 89
0 650 450.171 300 89
0 650 450.27 300 89
0 650 450.378 300 89
0 650 450.471 300 89
0 650 450.561 300 89
0 650 450.664 300 89
0 650 450.75 300 89
0 650 450.839 300 89
0 650 450.918 300 89
0 650 451.01 300 89
0 650 451.093 300 89
0 650 451.177 300 89
0 650 451.271 300 89
0 650 451.351 300 89
0 650 451.435 300 89
0 650 451.524 300 89
0 650 451.613 300 89
0 650 451.697 300 89
0 650 451.785 300 89
0 650 451.868 300 89
0 650 451.959 300 89
0 650 452.05 300 89
0 650 452.141 300 89
0 650 452.306 300 89
0 650 452.393 300 89
0 650 452.471 300 89
0 650 452.552 300 89
0 650 452.641 300 89
0 650 452.718 300 89
0 650 452.816 300 89
0 650 452.906 300 89
0 650 452.998 300 89
0 650 453.084 300 89
0 650 453.176 300 89
0 650 453.263 300 89
0 650 453.352 300 89
0 650 453.445 300 89
0 650 453.537 300 89
0 650 453.632 300 89
0 650 453.716 300 89
0 650 453.803 300 89
0 650 453.91 300 89
0 650 454.012 300 89
0 650 454.1 300 89
0 650 454.188 300 89
0 650 454.292 300 89
0 650 454.396 300 89
0 650 454.474 300 89
0 650 454.537 300 89
0 650 454.635 300 89
0 650 454.741 300 89
0 650 454.827 300 89
0 650 454.913 300 89
0 650 454.994 300 89
0 650 455.085 300 89
0 650 455.168 300 89
0 650 455.261 300 89
0 650 455.346 300 89
0 650 455.424 300 89
0 650 455.515 300 89
0 650 455.608 300 89
0 650 455.698 300 89
0 650 455.787 300 89
0 650 455.873 300 89
0 650 455.966 300 89
0 650 456.062 300 89
0 650 456.159 300 89
0 650 456.267 300 89
0 650 456.365 300 89
0 650 456.443 300 89
0 650 456.529 300 89
0 650 456.622 300 89
0 650 456.708 300 89
0 650 456.789 300 89
0 650 456.875 300 89
0 650 456.955 300 89
0 650 457.047 300 89
0 650 457.123 300 89
0 650 457.216 300 89
0 650 457.305 300 89
0 650 457.394 300 89
0 650 457.491 300 89
0 650 457.58 300 89
0 650 457.665 300 89
0 650 457.764 300 89
0 650 457.868 300 89
0 650 457.961 300 89
0 650 458.054 300 89
0 650 458.162 300 89
0 650 458.258 300 89
0 650 458.355 300 89
0 650 458.45 300 89
0 650 458.544 300 89
0 650 458.642 300 89
0 650 458.73 300 89
0 650 458.841 300 89
0 650 458.944 300 89
0 650 459.038 300 89
0 650 459.122 300 89
0 650 459.213 300 89
0 650 459.288 300 89
0 650 459.382 300 89
0 650 459.47 300 89
0 650 459.563 300 89
0 650 459.651 300 89
0 650 459.742 300 89
0 650 459.835 300 89
0 650 459.93 300 89
0 650 460.022 300 89
0 650 460.114 300 89
0 650 460.207 300 89
0 650 460.294 300 89
0 650 460.403 300 89
0 650 460.509 300 89
0 650 460.602 300 89
0 650 460.682 300 89
0 650 460.775 300 89
0 650 460.882 300 89
0 650 460.991 300 89
0 650 461.082 300 89
0 650 461.177 300 89
0 650 461.274 300 89
0 650 461.38 300 89
0 650 461.465 300 89
0 650 461.547 300 89
0 650 461.652 300 89
0 650 461.755 300 89
0 650 461.851 300 89
0 650 461.949 300 89
0 650 462.044 300 89
0 650 462.135 300 89
0 650 462.23 300 89
0 650 462.333 300 89
0 650 462.41 300 89
0 650 462.498 300 89
0 650 462.586 300 89
0 650 462.676 300 89
0 650 462.757 300 89
0 650 462.847 300 89
0 650 462.931 300 89
0 650 463.031 300 89
0 650 463.119 300 89
0 650 463.209 300 89
0 650 463.303 300 89
0 650 463.391 300 89
0 650 463.477 300 89
0 650 463.572 300 89
0 650 463.654 300 89
0 650 463.748 300 89
0 650 463.838 300 89
0 650 463.929 300 89
0 650 464.024 300 89
0 650 464.116 300 89
0 650 464.215 300 89
0 650 464.302 300 89
0 650 464.399 300 89
0 650 464.499 300 89
0 650 464.59 300 89
0 650 464.686 300 89
0 650 464.763 300 89
0 650 464.847 300 89
0 650 464.938 300 89
0 650 465.019 300 89
0 650 465.111 300 89
0 650 465.206 300 89
0 650 465.284 300 89
0 650 465.37 300 89
0 650 465.454 300 89
0 650 465.536 300 89
0 650 465.629 300 89
0 650 465.705 300 89
0 650 465.794 300 89
0 650 465.879 300 89
0 650 465.975 300 89
0 650 466.066 300 89
0 650 466.155 300 89
0 650 466.244 300 89
0 650 466.338 300 89
0 650 466.436 300 89
0 650 466.526 300 89
0 650 466.615 300 89
0 650 466.705 300 89
0 650 466.798 300 89
0 650 466.883 300 89
0 650 466.969 300 89
0 650 467.053 300 89
0 650 467.14 300 89
0 650 467.231 300 89
0 650 467.314 300 89
0 650 467.403 300 89
0 650 467.497 300 89
0 650 467.589 300 89
0 650 467.678 300 89
0 650 467.766 300 89
0 650 467.847 300 89
0 650 467.931 300 89
0 650 468.015 300 89
0 650 468.095 300 89
0 650 468.168 300 89
0 650 468.252 300 89
0 650 468.338 300 89
0 650 468.427 300 89
0 650 468.52 300 89
0 650 468.62 300 89
0 650 468.722 300 89
0 650 468.807 300 89
0 650 468.889 300 89
0 650 468.977 300 89
0 650 469.062 300 89
0 650 469.146 300 89
0 650 469.238 300 89
0 650 469.324 300 89
0 650 469.405 300 89
0 650 469.544 300 89
0 650 469.634 300 89
0 650 469.721 300 89
0 650 469.813 300 89
0 650 469.903 300 89
0 650 469.99 300 89
0 650 470.077 300 89
0 650 470.172 300 89
0 650 470.278 300 89
0 650 470.369 300 89
0 650 470.445 300 89
0 650 470.528 300 89
0 650 470.613 300 89
0 650 470.704 300 89
0 650 470.791 300 89
0 650 470.88 300 89
0 650 470.964 300 89
0 650 471.039 300 89
0 650 471.145 300 89
0 650 471.231 300 89
0 650 471.312 300 89
0 650 471.394 300 89
0 650 471.484 300 89
0 650 471.561 300 89
0 650 471.652 300 89
0 650 471.74 300 89
0 650 471.835 300 89
0 650 471.927 300 89
0 650 472.039 300 89
0 650 472.135 300 89
0 650 472.224 300 89
0 650 472.304 300 89
0 650 472.408 300 89
0 650 472.527 300 89
0 650 472.609 300 89
0 650 472.701 300 89
0 650 472.793 300 89
0 650 472.871 300 89
0 650 472.959 300 89
0 650 473.053 300 89
0 650 473.137 300 89
0 650 473.225 300 89
0 650 473.317 300 89
0 650 473.403 300 89
0 650 473.47 300 89
0 650 473.534 300 89
0 650 473.597 300 89
0 650 473.66 300 89
0 650 473.721 300 89
0 650 473.785 300 89
0 650 473.847 300 89
0 650 473.909 300 89
0 650 473.975 300 89
0 650 474.035 300 89
0 650 474.1 300 89
0 650 474.164 300 89
0 650 474.225 300 89
0 650 474.29 300 89
0 650 474.356 300 89
0 650 474.417 300 89
0 650 474.502 300 89
0 650 474.592 300 89
0 650 474.683 300 89
0 650 474.77 300 89
0 650 474.869 300 89
0 650 474.957 300 89
0 650 475.046 300 89
0 650 475.139 300 89
0 650 475.232 300 89
0 650 475.318 300 89
0 650 475.42 300 89
0 650 475.516 300 89
0 650 475.616 300 89
0 650 475.709 300 89
0 650 475.811 300 89
0 650 475.9 300 89
0 650 475.996 300 89
0 650 476.092 300 89
0 650 476.189 300 89
0 650 476.276 300 89
0 650 476.371 300 89
0 650 476.451 300 89
0 650 476.54 300 89
0 650 476.628 300 89
0 650 476.685 300 89
0 650 476.782 300 89
0 650 476.873 300 89
0 650 476.963 300 89
0 650 477.058 300 89
0 650 477.148 300 89
0 650 477.239 300 89
0 650 477.34 300 89
0 650 477.429 300 89
0 650 477.511 300 89
0 650 477.602 300 89
0 650 477.699 300 89
0 650 477.795 300 89
0 650 477.892 300 89
0 650 477.982 300 89
0 650 478.076 300 89
0 650 478.17 300 89
0 650 478.262 300 89
0 650 478.356 300 89
0 650 478.457 300 89
0 650 478.545 300 89
0 650 478.633 300 89
0 650 478.72 300 89
0 650 478.805 300 89
0 650 478.902 300 89
0 650 478.996 300 89
0 650 479.089 300 89
0 650 479.183 300 89
0 650 479.277 300 89
0 650 479.374 300 89
0 650 479.46 300 89
0 650 479.551 300 89
0 650 479.637 300 89
0 650 479.731 300 89
0 650 479.822 300 89
0 650 479.901 300 89
0 650 479.995 300 89
0 650 480.092 300 89
0 650 480.174 300 89
0 650 480.292 300 89
0 650 480.379 300 89
0 650 480.467 300 89
0 650 480.558 300 89
0 650 480.617 300 89
0 650 480.69 300 89
0 650 480.758 300 89
0 650 480.833 300 89
0 650 480.904 300 89
0 650 480.972 300 89
0 650 481.037 300 89
0 650 481.104 300 89
0 650 481.172 300 89
0 650 481.233 300 89
0 650 481.292 300 89
0 650 481.359 300 89
0 650 481.421 300 89
0 650 481.487 300 89
0 650 481.555 300 89
0 650 481.615 300 89
0 650 481.712 300 89
0 650 481.804 300 89
0 650 481.895 300 89
0 650 481.996 300 89
0 650 482.096 300 89
0 650 482.188 300 89
0 650 482.276 300 89
0 650 482.374 300 89
0 650 482.473 300 89
0 650 482.558 300 89
0 650 482.652 300 89
0 650 482.742 300 89
0 650 482.837 300 89
0 650 482.928 300 89
0 650 483.015 300 89
0 650 483.103 300 89
0 650 483.192 300 89
0 650 483.28 300 89
0 650 483.374 300 89
0 650 483.462 300 89
0 650 483.563 300 89
0 650 483.648 300 89
0 650 483.742 300 89
0 650 483.836 300 89
0 650 483.936 300 89
0 650 484.031 300 89
0 650 484.118 300 89
0 650 484.208 300 89
0 650 484.301 300 89
0 650 484.39 300 89
0 650 484.477 300 89
0 650 484.578 300 89
0 650 484.681 300 89
0 650 484.782 300 89
0 650 484.879 300 89
0 650 484.997 300 89
0 650 485.082 300 89
0 650 485.166 300 89
0 650 485.259 300 89
0 650 485.363 300 89
0 650 485.424 300 89
0 650 485.52 300 89
0 650 485.612 300 89
0 650 485.7 300 89
0 650 485.785 300 89
0 650 485.882 300 89
0 650 485.972 300 89
0 650 486.068 300 89
0 650 486.158 300 89
0 650 486.263 300 89
0 650 486.347 300 89
0 650 486.438 300 89
0 650 486.531 300 89
0 650 486.671 300 89
0 650 486.767 300 89
0 650 486.86 300 89
0 650 486.95 300 89
0 650 487.047 300 89
0 650 487.144 300 89
0 650 487.236 300 89
0 650 487.325 300 89
0 650 487.417 300 89
0 650 487.506 300 89
0 650 487.598 300 89
0 650 487.688 300 89
0 650 487.783 300 89
0 650 487.866 300 89
0 650 487.933 300 89
0 650 487.998 300 89
0 650 488.064 300 89
0 650 488.131 300 89
0 650 488.183 300 89
0 650 488.247 300 89
0 650 488.311 300 89
0 650 488.366 300 89
0 650 488.424 300 89
0 650 488.487 300 89
0 650 488.549 300 89
0 650 488.615 300 89
0 650 488.678 300 89
0 650 488.762 300 89
0 650 488.866 300 89
0 650 488.961 300 89
0 650 489.053 300 89
0 650 489.151 300 89
0 650 489.232 300 89
0 650 489.324 300 89
0 650 489.417 300 89
0 650 489.508 300 89
0 650 489.598 300 89
0 650 489.69 300 89
0 650 489.776 300 89
0 650 489.866 300 89
0 650 489.951 300 89
0 650 490.044 300 89
0 650 490.131 300 89
0 650 490.221 300 89
0 650 490.31 300 89
0 650 490.402 300 89
0 650 490.497 300 89
0 650 490.586 300 89
0 650 490.682 300 89
0 650 490.771 300 89
0 650 490.861 300 89
0 650 490.956 300 89
0 650 491.045 300 89
0 650 491.139 300 89
0 650 491.228 300 89
0 650 491.318 300 89
0 650 491.407 300 89
0 650 491.507 300 89
0 650 491.604 300 89
0 650 491.697 300 89
0 650 491.794 300 89
0 650 491.886 300 89
0 650 491.969 300 89
0 650 492.055 300 89
0 650 492.143 300 89
0 650 492.237 300 89
0 650 492.324 300 89
0 650 492.41 300 89
0 650 492.465 300 89
0 650 492.529 300 89
0 650 492.592 300 89
0 650 492.652 300 89
0 650 492.724 300 89
0 650 492.793 300 89
0 650 492.86 300 89
0 650 492.923 300 89
0 650 492.987 300 89
0 650 493.053 300 89
0 650 493.116 300 89
0 650 493.179 300 89
0 650 493.246 300 89
0 650 493.305 300 89
0 650 493.368 300 89
0 650 493.427 300 89
0 650 493.493 300 89
0 650 493.553 300 89
0 650 493.619 300 89
0 650 493.687 300 89
0 650 493.752 300 89
0 650 493.815 300 89
0 650 493.874 300 89
0 650 493.942 300 89
0 650 494.002 300 89
0 650 494.062 300 89
0 650 494.133 300 89
0 650 494.198 300 89
0 650 494.259 300 89
0 650 494.318 300 89
0 650 494.381 300 89
0 650 494.445 300 89
0 650 494.511 300 89
0 650 494.571 300 89
0 650 494.629 300 89
0 650 494.696 300 89
0 650 494.761 300 89
0 650 494.83 300 89
0 650 494.896 300 89
0 650 494.961 300 89
0 650 495.021 300 89
0 650 495.09 300 89
0 650 495.15 300 89
0 650 495.213 300 89
0 650 495.277 300 89
0 650 495.336 300 89
0 650 495.398 300 89
0 650 495.465 300 89
0 650 495.531 300 89
0 650 495.618 300 89
0 650 495.71 300 89
0 650 495.821 300 89
0 650 495.906 300 89
0 650 495.995 300 89
0 650 496.053 300 89
0 650 496.119 300 89
0 650 496.2 300 89
0 650 496.293 300 89
0 650 496.383 300 89
0 650 496.476 300 89
0 650 496.575 300 89
0 650 496.667 300 89
0 650 496.752 300 89
0 650 496.835 300 89
0 650 496.93 300 89
0 650 497.025 300 89
0 650 497.112 300 89
0 650 497.198 300 89
0 650 497.284 300 89
0 650 497.377 300 89
0 650 497.46 300 89
0 650 497.549 300 89
0 650 497.634 300 89
0 650 497.725 300 89
0 650 497.818 300 89
0 650 497.909 300 89
0 650 497.967 300 89
0 650 498.062 300 89
0 650 498.151 300 89
0 650 498.248 300 89
0 650 498.333 300 89
0 650 498.426 300 89
0 650 498.512 300 89
0 650 498.611 300 89
0 650 498.703 300 89
0 650 498.797 300 89
0 650 498.89 300 89
0 650 498.96 300 89
0 650 499.025 300 89
0 650 499.087 300 89
0 650 499.156 300 89
0 650 499.219 300 89
0 650 499.282 300 89
0 650 499.351 300 89
0 650 499.412 300 89
0 650 499.469 300 89
0 650 499.536 300 89
0 650 499.6 300 89
0 650 499.666 300 89
0 650 499.731 300 89
0 650 499.798 300 89
0 650 499.859 300 89
0 650 499.922 300 89
0 650 499.981 300 89
0 650 500.041 300 89
0 650 500.13 300 89
0 650 500.221 300 89
0 650 500.311 300 89
0 650 500.404 300 89
0 650 500.49 300 89
0 650 500.586 300 89
0 650 500.68 300 89
0 650 500.774 300 89
0 650 500.86 300 89
0 650 500.963 300 89
0 650 501.06 300 89
0 650 501.151 300 89
0 650 501.243 300 89
0 650 501.345 300 89
0 650 501.435 300 89
0 650 501.549 300 89
0 650 501.651 300 89
0 650 501.765 300 89
0 650 501.859 300 89
0 650 501.949 300 89
0 650 502.041 300 89
0 650 502.13 300 89
0 650 502.224 300 89
0 650 502.322 300 89
0 650 502.412 300 89
0 650 502.504 300 89
0 650 502.593 300 89
0 650 502.689 300 89
0 650 502.774 300 89
0 650 502.862 300 89
0 650 502.959 300 89
0 650 503.05 300 89
0 650 503.139 300 89
0 650 503.24 300 89
0 650 503.332 300 89
0 650 503.422 300 89
0 650 503.519 300 89
0 650 503.615 300 89
0 650 503.716 300 89
0 650 503.811 300 89
0 650 503.909 300 89
0 650 504.002 300 89
0 650 504.099 300 89
0 650 504.191 300 89
0 650 504.277 300 89
0 650 504.37 300 89
0 650 504.487 300 89
0 650 504.579 300 89
0 650 504.674 300 89
0 650 504.763 300 89
0 650 504.865 300 89
0 650 504.954 300 89
0 650 505.047 300 89
0 650 505.14 300 89
0 650 505.236 300 89
0 650 505.328 300 89
0 650 505.43 300 89
0 650 505.526 300 89
0 650 505.618 300 89
0 650 505.711 300 89
0 650 505.798 300 89
0 650 505.892 300 89
0 650 505.997 300 89
0 650 506.084 300 89
0 650 506.178 300 89
0 650 506.269 300 89
0 650 506.367 300 89
0 650 506.466 300 89
0 650 506.571 300 89
0 650 506.678 300 89
0 650 506.771 300 89
0 650 506.876 300 89
0 650 506.979 300 89
0 650 507.069 300 89
0 650 507.164 300 89
0 650 507.259 300 89
0 650 507.357 300 89
0 650 507.451 300 89
0 650 507.542 300 89
0 650 507.627 300 89
0 650 507.719 300 89
0 650 507.806 300 89
0 650 507.891 300 89
0 650 507.982 300 89
0 650 508.078 300 89
0 650 508.168 300 89
0 650 508.262 300 89
0 650 508.357 300 89
0 650 508.452 300 89
0 650 508.538 300 89
0 650 508.635 300 89
0 650 508.728 300 89
0 650 508.82 300 89
0 650 508.92 300 89
0 650 509.016 300 89
0 650 509.12 300 89
0 650 509.211 300 89
0 650 509.31 300 89
0 650 509.41 300 89
0 650 509.504 300 89
0 650 509.595 300 89
0 650 509.69 300 89
0 650 509.784 300 89
0 650 509.878 300 89
0 650 509.973 300 89
0 650 510.069 300 89
0 650 510.16 300 89
0 650 510.25 300 89
0 650 510.338 300 89
0 650 510.424 300 89
0 650 510.51 300 89
0 650 510.606 300 89
0 650 510.701 300 89
0 650 510.792 300 89
0 650 510.878 300 89
0 650 510.966 300 89
0 650 511.059 300 89
0 650 511.148 300 89
0 650 511.241 300 89
0 650 511.333 300 89
0 650 511.425 300 89
0 650 511.523 300 89
0 650 511.625 300 89
0 650 511.727 300 89
0 650 511.832 300 89
0 650 511.929 300 89
0 650 512.017 300 89
0 650 512.116 300 89
0 650 512.208 300 89
0 650 512.291 300 89
0 650 512.386 300 89
0 650 512.508 300 89
0 650 512.599 300 89
0 650 512.694 300 89
0 650 512.797 300 89
0 650 512.888 300 89
0 650 512.979 300 89
0 650 513.073 300 89
0 650 513.174 300 89
0 650 513.26 300 89
0 650 513.356 300 89
0 650 513.445 300 89
0 650 513.534 300 89
0 650 513.618 300 89
0 650 513.701 300 89
0 650 513.793 300 89
0 650 513.88 300 89
0 650 513.974 300 89
0 650 514.069 300 89
0 650 514.155 300 89
0 650 514.25 300 89
0 650 514.329 300 89
0 650 514.423 300 89
0 650 514.506 300 89
0 650 514.598 300 89
0 650 514.684 300 89
0 650 514.78 300 89
0 650 514.87 300 89
0 650 514.958 300 89
0 650 515.048 300 89
0 650 515.141 300 89
0 650 515.231 300 89
0 650 515.314 300 89
0 650 515.408 300 89
0 650 515.498 300 89
0 650 515.589 300 89
0 650 515.678 300 89
0 650 515.775 300 89
0 650 515.864 300 89
0 650 515.953 300 89
0 650 516.048 300 89
0 650 516.142 300 89
0 650 516.22 300 89
0 650 516.319 300 89
0 650 516.408 300 89
0 650 516.497 300 89
0 650 516.576 300 89
0 650 516.661 300 89
0 650 516.754 300 89
0 650 516.844 300 89
0 650 516.934 300 89
0 650 517.02 300 89
0 650 517.113 300 89
0 650 517.208 300 89
0 650 517.302 300 89
0 650 517.388 300 89
0 650 517.476 300 89
0 650 517.573 300 89
0 650 517.662 300 89
0 650 517.755 300 89
0 650 517.845 300 89
0 650 517.937 300 89
0 650 518.026 300 89
0 650 518.118 300 89
0 650 518.207 300 89
0 650 518.297 300 89
0 650 518.388 300 89
0 650 518.471 300 89
0 650 518.552 300 89
0 650 518.633 300 89
0 650 518.755 300 89
0 650 518.839 300 89
0 650 518.947 300 89
0 650 519.035 300 89
0 650 519.127 300 89
0 650 519.212 300 89
0 650 519.298 300 89
0 650 519.392 300 89
0 650 519.483 300 89
0 650 519.573 300 89
0 650 519.664 300 89
0 650 519.761 300 89
0 650 519.861 300 89
0 650 519.943 300 89
0 650 520.025 300 89
0 650 520.118 300 89
0 650 520.201 300 89
0 650 520.292 300 89
0 650 520.4 300 89
0 650 520.498 300 89
0 650 520.587 300 89
0 650 520.677 300 89
0 650 520.771 300 89
0 650 520.858 300 89
0 650 520.938 300 89
0 650 521.035 300 89
0 650 521.122 300 89
0 650 521.21 300 89
0 650 521.3 300 89
0 650 521.396 300 89
0 650 521.514 300 89
0 650 521.62 300 89
0 650 521.715 300 89
0 650 521.803 300 89
0 650 521.887 300 89
0 650 521.982 300 89
0 650 522.078 300 89
0 650 522.171 300 89
0 650 522.254 300 89
0 650 522.345 300 89
0 650 522.438 300 89
0 650 522.52 300 89
0 650 522.607 300 89
0 650 522.7 300 89
0 650 522.784 300 89
0 650 522.873 300 89
0 650 522.959 300 89
0 650 523.04 300 89
0 650 523.126 300 89
0 650 523.211 300 89
0 650 523.298 300 89
0 650 523.402 300 89
0 650 523.498 300 89
0 650 523.591 300 89
0 650 523.669 300 89
0 650 523.731 300 89
0 650 523.79 300 89
0 650 523.853 300 89
0 650 523.923 300 89
0 650 523.986 300 89
0 650 524.05 300 89
0 650 524.111 300 89
0 650 524.172 300 89
0 650 524.244 300 89
0 650 524.325 300 89
0 650 524.419 300 89
0 650 524.565 300 89
0 650 524.661 300 89
0 650 524.771 300 89
0 650 524.874 300 89
0 650 524.955 300 89
0 650 525.043 300 89
0 650 525.131 300 89
0 650 525.224 300 89
0 650 525.304 300 89
0 650 525.392 300 89
0 650 525.479 300 89
0 650 525.56 300 89
0 650 525.643 300 89
0 650 525.73 300 89
0 650 525.816 300 89
0 650 525.913 300 89
0 650 525.997 300 89
0 650 526.083 300 89
0 650 526.169 300 89
0 650 526.262 300 89
0 650 526.346 300 89
0 650 526.46 300 89
0 650 526.559 300 89
0 650 526.651 300 89
0 650 526.729 300 89
0 650 526.819 300 89
0 650 526.909 300 89
0 650 526.996 300 89
0 650 527.089 300 89
0 650 527.184 300 89
0 650 527.28 300 89
0 650 527.365 300 89
0 650 527.461 300 89
0 650 527.54 300 89
0 650 527.633 300 89
0 650 527.712 300 89
0 650 527.805 300 89
0 650 527.893 300 89
0 650 527.978 300 89
0 650 528.075 300 89
0 650 528.166 300 89
0 650 528.25 300 89
0 650 528.332 300 89
0 650 528.427 300 89
0 650 528.51 300 89
0 650 528.598 300 89
0 650 528.687 300 89
0 650 528.777 300 89
0 650 528.87 300 89
0 650 528.954 300 89
0 650 529.041 300 89
0 650 529.127 300 89
0 650 529.226 300 89
0 650 529.311 300 89
0 650 529.41 300 89
0 650 529.494 300 89
0 650 529.579 300 89
0 650 529.66 300 89
0 650 529.76 300 89
0 650 529.84 300 89
0 650 529.932 300 89
0 650 530.021 300 89
0 650 530.107 300 89
0 650 530.192 300 89
0 650 530.282 300 89
0 650 530.356 300 89
0 650 530.443 300 89
0 650 530.536 300 89
0 650 530.621 300 89
0 650 530.715 300 89
0 650 530.801 300 89
0 650 530.881 300 89
0 650 530.973 300 89
0 650 531.061 300 89
0 650 531.158 300 89
0 650 531.251 300 89
0 650 531.342 300 89
0 650 531.432 300 89
0 650 531.541 300 89
0 650 531.651 300 89
0 650 531.742 300 89
0 650 531.829 300 89
0 650 531.931 300 89
0 650 532.039 300 89
0 650 532.133 300 89
0 650 532.224 300 89
0 650 532.308 300 89
0 650 532.418 300 89
0 650 532.517 300 89
0 650 532.609 300 89
0 650 532.697 300 89
0 650 532.778 300 89
0 650 532.88 300 89
0 650 532.977 300 89
0 650 533.061 300 89
0 650 533.138 300 89
0 650 533.222 300 89
0 650 533.304 300 89
0 650 533.39 300 89
0 650 533.475 300 89
0 650 533.561 300 89
0 650 533.636 300 89
0 650 533.723 300 89
0 650 533.811 300 89
0 650 533.899 300 89
0 650 533.985 300 89
0 650 534.072 300 89
0 650 534.16 300 89
0 650 534.251 300 89
0 650 534.346 300 89
0 650 534.432 300 89
0 650 534.517 300 89
0 650 534.616 300 89
0 650 534.71 300 89
0 650 534.794 300 89
0 650 534.886 300 89
0 650 534.987 300 89
0 650 535.086 300 89
0 650 535.169 300 89
0 650 535.255 300 89
0 650 535.341 300 89
0 650 535.434 300 89
0 650 535.53 300 89
0 650 535.63 300 89
0 650 535.708 300 89
0 650 535.794 300 89
0 650 535.888 300 89
0 650 536.006 300 89
0 650 536.116 300 89
0 650 536.206 300 89
0 650 536.281 300 89
0 650 536.362 300 89
0 650 536.436 300 89
0 650 536.519 300 89
0 650 536.603 300 89
0 650 536.691 300 89
0 650 536.796 300 89
0 650 536.875 300 89
0 650 536.959 300 89
0 650 537.044 300 89
0 650 537.132 300 89
0 650 537.217 300 89
0 650 537.301 300 89
0 650 537.381 300 89
0 650 537.469 300 89
0 650 537.557 300 89
0 650 537.648 300 89
0 650 537.733 300 89
0 650 537.821 300 89
0 650 537.915 300 89
0 650 538.013 300 89
0 650 538.108 300 89
0 650 538.189 300 89
0 650 538.277 300 89
0 650 538.371 300 89
0 650 538.47 300 89
0 650 538.548 300 89
0 650 538.627 300 89
0 650 538.709 300 89
0 650 538.787 300 89
0 650 538.872 300 89
0 650 538.986 300 89
0 650 539.071 300 89
0 650 539.148 300 89
0 650 539.23 300 89
0 650 539.327 300 89
0 650 539.416 300 89
0 650 539.502 300 89
0 650 539.596 300 89
0 650 539.68 300 89
0 650 539.769 300 89
0 650 539.856 300 89
0 650 539.947 300 89
0 650 540.037 300 89
0 650 540.116 300 89
0 650 540.204 300 89
0 650 540.288 300 89
0 650 540.366 300 89
0 650 540.461 300 89
0 650 540.532 300 89
0 650 540.627 300 89
0 650 540.704 300 89
0 650 540.805 300 89
0 650 540.894 300 89
0 650 540.993 300 89
0 650 541.098 300 89
0 650 541.203 300 89
0 650 541.298 300 89
0 650 541.373 300 89
0 650 541.461 300 89
0 650 541.545 300 89
0 650 541.63 300 89
0 650 541.717 300 89
0 650 541.802 300 89
0 650 541.875 300 89
0 650 541.954 300 89
0 650 542.037 300 89
0 650 542.121 300 89
0 650 542.2 300 89
0 650 542.289 300 89
0 650 542.373 300 89
0 650 542.463 300 89
0 650 542.549 300 89
0 650 542.637 300 89
0 650 542.731 300 89
0 650 542.832 300 89
0 650 542.941 300 89
0 650 543.023 300 89
0 650 543.105 300 89
0 650 543.195 300 89
0 650 543.3 300 89
0 650 543.406 300 89
0 650 543.491 300 89
0 650 543.548 300 89
0 650 543.647 300 89
0 650 543.746 300 89
0 650 543.843 300 89
0 650 543.928 300 89
0 650 544.019 300 89
0 650 544.119 300 89
0 650 544.208 300 89
0 650 544.291 300 89
0 650 544.384 300 89
0 650 544.481 300 89
0 650 544.578 300 89
0 650 544.674 300 89
0 650 544.765 300 89
0 650 544.849 300 89
0 650 544.951 300 89
0 650 545.046 300 89
0 650 545.133 300 89
0 650 545.221 300 89
0 650 545.308 300 89
0 650 545.417 300 89
0 650 545.5 300 89
0 650 545.595 300 89
0 650 545.684 300 89
0 650 545.782 300 89
0 650 545.886 300 89
0 650 545.977 300 89
0 650 546.061 300 89
0 650 546.144 300 89
0 650 546.225 300 89
0 650 546.307 300 89
0 650 546.405 300 89
0 650 546.501 300 89
0 650 546.581 300 89
0 650 546.669 300 89
0 650 546.752 300 89
0 650 546.841 300 89
0 650 546.93 300 89
0 650 547.019 300 89
0 650 547.106 300 89
0 650 547.195 300 89
0 650 547.282 300 89
0 650 547.376 300 89
0 650 547.469 300 89
0 650 547.554 300 89
0 650 547.644 300 89
0 650 547.726 300 89
0 650 547.842 300 89
0 650 547.937 300 89
0 650 548.032 300 89
0 650 548.124 300 89
0 650 548.217 300 89
0 650 548.317 300 89
0 650 548.415 300 89
0 650 548.503 300 89
0 650 548.581 300 89
0 650 548.677 300 89
0 650 548.762 300 89
0 650 548.849 300 89
0 650 548.932 300 89
0 650 549.017 300 89
0 650 549.103 300 89
0 650 549.191 300 89
0 650 549.277 300 89
0 650 549.374 300 89
0 650 549.462 300 89
0 650 549.55 300 89
0 650 549.63 300 89
0 650 549.721 300 89
0 650 549.797 300 89
0 650 549.883 300 89
0 650 549.976 300 89
0 650 550.064 300 89
0 650 550.135 300 89
0 650 550.226 300 89
0 650 550.311 300 89
0 650 550.381 300 89
0 650 550.469 300 89
0 650 550.557 300 89
0 650 550.642 300 89
0 650 550.733 300 89
0 650 550.827 300 89
0 650 550.924 300 89
0 650 551.016 300 89
0 650 551.111 300 89
0 650 551.201 300 89
0 650 551.287 300 89
0 650 551.383 300 89
0 650 551.481 300 89
0 650 551.572 300 89
0 650 551.661 300 89
0 650 551.756 300 89
0 650 551.853 300 89
0 650 551.935 300 89
0 650 552.022 300 89
0 650 552.114 300 89
0 650 552.2 300 89
0 650 552.296 300 89
0 650 552.391 300 89
0 650 552.472 300 89
0 650 552.567 300 89
0 650 552.663 300 89
0 650 552.747 300 89
0 650 552.828 300 89
0 650 552.919 300 89
0 650 553.006 300 89
0 650 553.1 300 89
0 650 553.188 300 89
0 650 553.276 300 89
0 650 553.363 300 89
0 650 553.448 300 89
0 650 553.525 300 89
0 650 553.613 300 89
0 650 553.71 300 89
0 650 553.797 300 89
0 650 553.897 300 89
0 650 553.984 300 89
0 650 554.078 300 89
0 650 554.17 300 89
0 650 554.258 300 89
0 650 554.34 300 89
0 650 554.425 300 89
0 650 554.51 300 89
0 650 554.602 300 89
0 650 554.697 300 89
0 650 554.798 300 89
0 650 554.887 300 89
0 650 554.976 300 89
0 650 555.068 300 89
0 650 555.158 300 89
0 650 555.255 300 89
0 650 555.344 300 89
0 650 555.445 300 89
0 650 555.537 300 89
0 650 555.63 300 89
0 650 555.714 300 89
0 650 555.807 300 89
0 650 555.891 300 89
0 650 555.98 300 89
0 650 556.074 300 89
0 650 556.161 300 89
0 650 556.243 300 89
0 650 556.338 300 89
0 650 556.426 300 89
0 650 556.519 300 89
0 650 556.609 300 89
0 650 556.695 300 89
0 650 556.777 300 89
0 650 556.864 300 89
0 650 556.948 300 89
0 650 557.036 300 89
0 650 557.13 300 89
0 650 557.222 300 89
0 650 557.309 300 89
0 650 557.411 300 89
0 650 557.496 300 89
0 650 557.578 300 89
0 650 557.657 300 89
0 650 557.74 300 89
0 650 557.819 300 89
0 650 557.901 300 89
0 650 557.994 300 89
0 650 558.085 300 89
0 650 558.171 300 89
0 650 558.269 300 89
0 650 558.363 300 89
0 650 558.455 300 89
0 650 558.55 300 89
0 650 558.632 300 89
0 650 558.73 300 89
0 650 558.812 300 89
0 650 558.916 300 89
0 650 558.999 300 89
0 650 559.087 300 89
0 650 559.175 300 89
0 650 559.265 300 89
0 650 559.354 300 89
0 650 559.44 300 89
0 650 559.523 300 89
0 650 559.615 300 89
0 650 559.698 300 89
0 650 559.801 300 89
0 650 559.899 300 89
0 650 559.978 300 89
0 650 560.07 300 89
0 650 560.161 300 89
0 650 560.248 300 89
0 650 560.338 300 89
0 650 560.421 300 89
0 650 560.511 300 89
0 650 560.607 300 89
0 650 560.701 300 89
0 650 560.79 300 89
0 650 560.878 300 89
0 650 560.974 300 89
0 650 561.063 300 89
0 650 561.15 300 89
0 650 561.25 300 89
0 650 561.338 300 89
0 650 561.431 300 89
0 650 561.518 300 89
0 650 561.612 300 89
0 650 561.705 300 89
0 650 561.805 300 89
0 650 561.896 300 89
0 650 561.993 300 89
0 650 562.079 300 89
0 650 562.167 300 89
0 650 562.259 300 89
0 650 562.339 300 89
0 650 562.428 300 89
0 650 562.525 300 89
0 650 562.611 300 89
0 650 562.704 300 89
0 650 562.788 300 89
0 650 562.898 300 89
0 650 563.018 300 89
0 650 563.118 300 89
0 650 563.225 300 89
0 650 563.332 300 89
0 650 563.434 300 89
0 650 563.554 300 89
0 650 563.66 300 89
0 650 563.764 300 89
0 650 563.881 300 89
0 650 563.993 300 89
0 650 564.1 300 89
0 650 564.205 300 89
0 650 564.317 300 89
0 650 564.426 300 89
0 650 564.53 300 89
0 650 564.64 300 89
0 650 564.753 300 89
0 650 564.862 300 89
0 650 564.979 300 89
0 650 565.083 300 89
0 650 565.202 300 89
0 650 565.309 300 89
0 650 565.413 300 89
0 650 565.548 300 89
0 650 565.659 300 89
0 650 565.769 300 89
0 650 565.882 300 89
0 650 566.016 300 89
0 650 566.126 300 89
0 650 566.238 300 89
0 650 566.347 300 89
0 650 566.436 300 89
0 650 566.549 300 89
0 650 566.657 300 89
0 650 566.776 300 89
0 650 566.89 300 89
0 650 566.995 300 89
0 650 567.102 300 89
0 650 567.207 300 89
0 650 567.317 300 89
0 650 567.421 300 89
0 650 567.53 300 89
0 650 567.634 300 89
0 650 567.74 300 89
0 650 567.848 300 89
0 650 567.945 300 89
0 650 568.041 300 89
0 650 568.127 300 89
0 650 568.191 300 89
0 650 568.247 300 89
0 650 568.311 300 89
0 650 568.367 300 89
0 650 568.43 300 89
0 650 568.488 300 89
0 650 568.546 300 89
0 650 568.608 300 89
0 650 568.668 300 89
0 650 568.731 300 89
0 650 568.793 300 89
0 650 568.853 300 89
0 650 568.917 300 89
0 650 568.983 300 89
0 650 569.035 300 89
0 650 569.095 300 89
0 650 569.16 300 89
0 650 569.226 300 89
0 650 569.315 300 89
0 650 569.406 300 89
0 650 569.5 300 89
0 650 569.579 300 89
0 650 569.661 300 89
0 650 569.747 300 89
0 650 569.828 300 89
0 650 569.913 300 89
0 650 570.001 300 89
0 650 570.088 300 89
0 650 570.184 300 89
0 650 570.286 300 89
0 650 570.377 300 89
0 650 570.465 300 89
0 650 570.556 300 89
0 650 570.651 300 89
0 650 570.736 300 89
0 650 570.814 300 89
0 650 570.909 300 89
0 650 570.997 300 89
0 650 571.074 300 89
0 650 571.155 300 89
0 650 571.247 300 89
0 650 571.334 300 89
0 650 571.426 300 89
0 650 571.521 300 89
0 650 571.617 300 89
0 650 571.71 300 89
0 650 571.803 300 89
0 650 571.89 300 89
0 650 571.977 300 89
0 650 572.069 300 89
0 650 572.158 300 89
0 650 572.257 300 89
0 650 572.338 300 89
0 650 572.425 300 89
0 650 572.517 300 89
0 650 572.614 300 89
0 650 572.706 300 89
0 650 572.793 300 89
0 650 572.88 300 89
0 650 572.97 300 89
0 650 573.059 300 89
0 650 573.143 300 89
0 650 573.24 300 89
0 650 573.326 300 89
0 650 573.411 300 89
0 650 573.5 300 89
0 650 573.575 300 89
0 650 573.657 300 89
0 650 573.748 300 89
0 650 573.832 300 89
0 650 573.92 300 89
0 650 574.004 300 89
0 650 574.09 300 89
0 650 574.182 300 89
0 650 574.265 300 89
0 650 574.36 300 89
0 650 574.447 300 89
0 650 574.531 300 89
0 650 574.625 300 89
0 650 574.713 300 89
0 650 574.798 300 89
0 650 574.858 300 89
0 650 574.941 300 89
0 650 575.025 300 89
0 650 575.112 300 89
0 650 575.192 300 89
0 650 575.281 300 89
0 650 575.367 300 89
0 650 575.443 300 89
0 650 575.549 300 89
0 650 575.643 300 89
0 650 575.725 300 89
0 650 575.814 300 89
0 650 575.902 300 89
0 650 575.987 300 89
0 650 576.074 300 89
0 650 576.159 300 89
0 650 576.248 300 89
0 650 576.334 300 89
0 650 576.414 300 89
0 650 576.504 300 89
0 650 576.597 300 89
0 650 576.685 300 89
0 650 576.764 300 89
0 650 576.854 300 89
0 650 576.94 300 89
0 650 577.031 300 89
0 650 577.118 300 89
0 650 577.207 300 89
0 650 577.288 300 89
0 650 577.377 300 89
0 650 577.462 300 89
0 650 577.554 300 89
0 650 577.638 300 89
0 650 577.73 300 89
0 650 577.808 300 89
0 650 577.889 300 89
0 650 577.972 300 89
0 650 578.056 300 89
0 650 578.153 300 89
0 650 578.215 300 89
0 650 578.297 300 89
0 650 578.384 300 89
0 650 578.477 300 89
0 650 578.564 300 89
0 650 578.649 300 89
0 650 578.733 300 89
0 650 578.815 300 89
0 650 578.912 300 89
0 650 579.011 300 89
0 650 579.099 300 89
0 650 579.195 300 89
0 650 579.278 300 89
0 650 579.372 300 89
0 650 579.46 300 89
0 650 579.552 300 89
0 650 579.639 300 89
0 650 579.731 300 89
0 650 579.819 300 89
0 650 579.906 300 89
0 650 579.994 300 89
0 650 580.086 300 89
0 650 580.175 300 89
0 650 580.262 300 89
0 650 580.323 300 89
0 650 580.408 300 89
0 650 580.491 300 89
0 650 580.574 300 89
0 650 580.656 300 89
0 650 580.739 300 89
0 650 580.821 300 89
0 650 580.882 300 89
0 650 580.945 300 89
0 650 580.992 300 89
0 650 581.058 300 89
0 650 581.114 300 89
0 650 581.177 300 89
0 650 581.239 300 89
0 650 581.305 300 89
0 650 581.375 300 89
0 650 581.436 300 89
0 650 581.498 300 89
0 650 581.557 300 89
0 650 581.615 300 89
0 650 581.68 300 89
0 650 581.741 300 89
0 650 581.801 300 89
0 650 581.857 300 89
0 650 581.917 300 89
0 650 581.988 300 89
0 650 582.045 300 89
0 650 582.103 300 89
0 650 582.165 300 89
0 650 582.231 300 89
0 650 582.29 300 89
0 650 582.355 300 89
0 650 582.417 300 89
0 650 582.476 300 89
0 650 582.54 300 89
0 650 582.602 300 89
0 650 582.657 300 89
0 650 582.716 300 89
0 650 582.773 300 89
0 650 582.83 300 89
0 650 582.894 300 89
0 650 582.956 300 89
0 650 583.018 300 89
0 650 583.061 300 89
0 650 583.12 300 89
0 650 583.176 300 89
0 650 583.238 300 89
0 650 583.299 300 89
0 650 583.339 300 89
0 650 583.409 300 89
0 650 583.474 300 89
0 650 583.535 300 89
0 650 583.588 300 89
0 650 583.649 300 89
0 650 583.694 300 89
0 650 583.752 300 89
0 650 583.819 300 89
0 650 583.874 300 89
0 650 583.937 300 89
0 650 583.995 300 89
0 650 584.062 300 89
0 650 584.124 300 89
0 650 584.186 300 89
0 650 584.246 300 89
0 650 584.346 300 89
0 650 584.458 300 89
0 650 584.582 300 89
0 650 584.704 300 89
0 650 584.819 300 89
0 650 584.994 300 89
0 650 585.102 300 89
0 650 585.21 300 89
0 650 585.33 300 89
0 650 585.444 300 89
0 650 585.546 300 89
0 650 585.673 300 89
0 650 585.784 300 89
0 650 585.897 300 89
0 650 586.016 300 89
0 650 586.129 300 89
0 650 586.256 300 89
0 650 586.368 300 89
0 650 586.485 300 89
0 650 586.598 300 89
0 650 586.712 300 89
0 650 586.824 300 89
0 650 586.935 300 89
0 650 587.047 300 89
0 650 587.155 300 89
0 650 587.258 300 89
0 650 587.378 300 89
0 650 587.482 300 89
0 650 587.591 300 89
0 650 587.687 300 89
0 650 587.784 300 89
0 650 587.952 300 89
0 650 588.06 300 89
0 650 588.168 300 89
0 650 588.287 300 89
0 650 588.401 300 89
0 650 588.516 300 89
0 650 588.621 300 89
0 650 588.739 300 89
0 650 588.857 300 89
0 650 588.966 300 89
0 650 589.079 300 89
0 650 589.183 300 89
0 650 589.294 300 89
0 650 589.406 300 89
0 650 589.51 300 89
0 650 589.617 300 89
0 650 589.722 300 89
0 650 589.826 300 89
0 650 589.943 300 89
0 650 590.053 300 89
0 650 590.167 300 89
0 650 590.287 300 89
0 650 590.398 300 89
0 650 590.515 300 89
0 650 590.629 300 89
0 650 590.746 300 89
0 650 590.868 300 89
0 650 590.985 300 89
0 650 591.097 300 89
0 650 591.219 300 89
0 650 591.331 300 89
0 650 591.434 300 89
0 650 591.544 300 89
0 650 591.666 300 89
0 650 591.774 300 89
0 650 591.887 300 89
0 650 591.995 300 89
0 650 592.107 300 89
0 650 592.282 300 89
0 650 592.386 300 89
0 650 592.496 300 89
0 650 592.611 300 89
0 650 592.725 300 89
0 650 592.832 300 89
0 650 592.947 300 89
0 650 593.059 300 89
0 650 593.17 300 89
0 650 593.281 300 89
0 650 593.391 300 89
0 650 593.495 300 89
0 650 593.6 300 89
0 650 593.703 300 89
0 650 593.812 300 89
0 650 593.934 300 89
0 650 594.034 300 89
0 650 594.145 300 89
0 650 594.256 300 89
0 650 594.366 300 89
0 650 594.472 300 89
0 650 594.581 300 89
0 650 594.699 300 89
0 650 594.813 300 89
0 650 594.928 300 89
0 650 595.037 300 89
0 650 595.144 300 89
0 650 595.262 300 89
0 650 595.371 300 89
0 650 595.47 300 89
0 650 595.576 300 89
0 650 595.681 300 89
0 650 595.79 300 89
0 650 595.906 300 89
0 650 596.014 300 89
0 650 596.123 300 89
0 650 596.24 300 89
0 650 596.351 300 89
0 650 596.464 300 89
0 650 596.572 300 89
0 650 596.68 300 89
0 650 596.784 300 89
0 650 596.89 300 89
0 650 597.005 300 89
0 650 597.122 300 89
0 650 597.239 300 89
0 650 597.349 300 89
0 650 597.457 300 89
0 650 597.57 300 89
0 650 597.688 300 89
0 650 597.804 300 89
0 650 597.912 300 89
0 650 598.018 300 89
0 650 598.12 300 89
0 650 598.206 300 89
0 650 598.308 300 89
0 650 598.415 300 89
0 650 598.523 300 89
0 650 598.641 300 89
0 650 598.75 300 89
0 650 598.866 300 89
0 650 598.982 300 89
0 650 599.081 300 89
0 650 599.197 300 89
0 650 599.297 300 89
0 650 599.405 300 89
0 650 599.51 300 89
0 650 599.62 300 89
0 650 599.751 300 89
0 650 599.872 300 89
0 650 599.985 300 89
0 650 600.097 300 89
0 650 600.209 300 89
0 650 600.317 300 89
0 650 600.436 300 89
0 650 600.549 300 89
0 650 600.658 300 89
0 650 600.762 300 89
0 650 600.872 300 89
0 650 600.946 300 89
0 650 601.056 300 89
0 650 601.167 300 89
0 650 601.282 300 89
0 650 601.386 300 89
0 650 601.484 300 89
0 650 601.601 300 89
0 650 601.704 300 89
0 650 601.816 300 89
0 650 601.93 300 89
0 650 602.037 300 89
0 650 602.16 300 89
0 650 602.272 300 89
0 650 602.393 300 89
0 650 602.508 300 89
0 650 602.612 300 89
0 650 602.714 300 89
0 650 602.828 300 89
0 650 602.93 300 89
0 650 603.036 300 89
0 650 603.133 300 89
0 650 603.234 300 89
0 650 603.324 300 89
0 650 603.417 300 89
0 650 603.504 300 89
0 650 603.595 300 89
0 650 603.683 300 89
0 650 603.77 300 89
0 650 603.854 300 89
0 650 603.937 300 89
0 650 604.023 300 89
0 650 604.1 300 89
0 650 604.182 300 89
0 650 604.281 300 89
0 650 604.379 300 89
0 650 604.48 300 89
0 650 604.573 300 89
0 650 604.667 300 89
0 650 604.773 300 89
0 650 604.869 300 89
0 650 604.947 300 89
0 650 605.038 300 89
0 650 605.119 300 89
0 650 605.209 300 89
0 650 605.292 300 89
0 650 605.38 300 89
0 650 605.469 300 89
0 650 605.555 300 89
0 650 605.644 300 89
0 650 605.732 300 89
0 650 605.822 300 89
0 650 605.909 300 89
0 650 606.004 300 89
0 650 606.094 300 89
0 650 606.186 300 89
0 650 606.278 300 89
0 650 606.358 300 89
0 650 606.449 300 89
0 650 606.542 300 89
0 650 606.624 300 89
0 650 606.72 300 89
0 650 606.804 300 89
0 650 606.902 300 89
0 650 606.993 300 89
0 650 607.09 300 89
0 650 607.179 300 89
0 650 607.277 300 89
0 650 607.395 300 89
0 650 607.493 300 89
0 650 607.589 300 89
0 650 607.682 300 89
0 650 607.764 300 89
0 650 607.851 300 89
0 650 607.947 300 89
0 650 608.033 300 89
0 650 608.123 300 89
0 650 608.215 300 89
0 650 608.35 300 89
0 650 608.442 300 89
0 650 608.53 300 89
0 650 608.622 300 89
0 650 608.706 300 89
0 650 608.801 300 89
0 650 608.887 300 89
0 650 609.005 300 89
0 650 609.098 300 89
0 650 609.191 300 89
0 650 609.284 300 89
0 650 609.365 300 89
0 650 609.439 300 89
0 650 609.524 300 89
0 650 609.611 300 89
0 650 609.693 300 89
0 650 609.782 300 89
0 650 609.926 300 89
0 650 610.056 300 89
0 650 610.141 300 89
0 650 610.225 300 89
0 650 610.324 300 89
0 650 610.426 300 89
0 650 610.521 300 89
0 650 610.615 300 89
0 650 610.702 300 89
0 650 610.812 300 89
0 650 610.901 300 89
0 650 610.984 300 89
0 650 611.072 300 89
0 650 611.147 300 89
0 650 611.226 300 89
0 650 611.31 300 89
0 650 611.4 300 89
0 650 611.488 300 89
0 650 611.577 300 89
0 650 611.676 300 89
0 650 611.76 300 89
0 650 611.849 300 89
0 650 611.928 300 89
0 650 612.015 300 89
0 650 612.136 300 89
0 650 612.222 300 89
0 650 612.329 300 89
0 650 612.443 300 89
0 650 612.535 300 89
0 650 612.636 300 89
0 650 612.739 300 89
0 650 612.82 300 89
0 650 612.907 300 89
0 650 613.005 300 89
0 650 613.098 300 89
0 650 613.197 300 89
0 650 613.289 300 89
0 650 613.382 300 89
0 650 613.465 300 89
0 650 613.55 300 89
0 650 613.638 300 89
0 650 613.728 300 89
0 650 613.81 300 89
0 650 613.898 300 89
0 650 613.985 300 89
0 650 614.081 300 89
0 650 614.19 300 89
0 650 614.298 300 89
0 650 614.388 300 89
0 650 614.481 300 89
0 650 614.569 300 89
0 650 614.651 300 89
0 650 614.751 300 89
0 650 614.838 300 89
0 650 614.929 300 89
0 650 615.019 300 89
0 650 615.113 300 89
0 650 615.202 300 89
0 650 615.293 300 89
0 650 615.379 300 89
0 650 615.467 300 89
0 650 615.565 300 89
0 650 615.658 300 89
0 650 615.75 300 89
0 650 615.857 300 89
0 650 615.944 300 89
0 650 616.042 300 89
0 650 616.131 300 89
0 650 616.238 300 89
0 650 616.344 300 89
0 650 616.439 300 89
0 650 616.533 300 89
0 650 616.657 300 89
0 650 616.762 300 89
0 650 616.84 300 89
0 650 616.934 300 89
0 650 617.026 300 89
0 650 617.117 300 89
0 650 617.205 300 89
0 650 617.292 300 89
0 650 617.383 300 89
0 650 617.474 300 89
0 650 617.57 300 89
0 650 617.658 300 89
0 650 617.75 300 89
0 650 617.85 300 89
0 650 617.942 300 89
0 650 618.037 300 89
0 650 618.146 300 89
0 650 618.254 300 89
0 650 618.349 300 89
0 650 618.445 300 89
0 650 618.544 300 89
0 650 618.65 300 89
0 650 618.747 300 89
0 650 618.84 300 89
0 650 618.935 300 89
0 650 619.03 300 89
0 650 619.122 300 89
0 650 619.209 300 89
0 650 619.304 300 89
0 650 619.396 300 89
0 650 619.473 300 89
0 650 619.561 300 89
0 650 619.657 300 89
0 650 619.746 300 89
0 650 619.842 300 89
0 650 619.95 300 89
0 650 620.049 300 89
0 650 620.139 300 89
0 650 620.235 300 89
0 650 620.32 300 89
0 650 620.411 300 89
0 650 620.504 300 89
0 650 620.59 300 89
0 650 620.679 300 89
0 650 620.778 300 89
0 650 620.894 300 89
0 650 620.989 300 89
0 650 621.089 300 89
0 650 621.203 300 89
0 650 621.301 300 89
0 650 621.403 300 89
0 650 621.503 300 89
0 650 621.615 300 89
0 650 621.699 300 89
0 650 621.785 300 89
0 650 621.9 300 89
0 650 622.006 300 89
0 650 622.097 300 89
0 650 622.205 300 89
0 650 622.307 300 89
0 650 622.398 300 89
0 650 622.484 300 89
0 650 622.597 300 89
0 650 622.701 300 89
0 650 622.789 300 89
0 650 622.882 300 89
0 650 622.978 300 89
0 650 623.074 300 89
0 650 623.157 300 89
0 650 623.248 300 89
0 650 623.338 300 89
0 650 623.44 300 89
0 650 623.541 300 89
0 650 623.63 300 89
0 650 623.732 300 89
0 650 623.841 300 89
0 650 623.926 300 89
0 650 624.009 300 89
0 650 624.097 300 89
0 650 624.185 300 89
0 650 624.271 300 89
0 650 624.36 300 89
0 650 624.453 300 89
0 650 624.542 300 89
0 650 624.633 300 89
0 650 624.723 300 89
0 650 624.804 300 89
0 650 624.899 300 89
0 650 624.993 300 89
0 650 625.081 300 89
0 650 625.173 300 89
0 650 625.261 300 89
0 650 625.363 300 89
0 650 625.468 300 89
0 650 625.557 300 89
0 650 625.638 300 89
0 650 625.724 300 89
0 650 625.816 300 89
0 650 625.896 300 89
0 650 625.983 300 89
0 650 626.067 300 89
0 650 626.155 300 89
0 650 626.24 300 89
0 650 626.337 300 89
0 650 626.426 300 89
0 650 626.515 300 89
0 650 626.605 300 89
0 650 626.7 300 89
0 650 626.79 300 89
0 650 626.89 300 89
0 650 626.981 300 89
0 650 627.085 300 89
0 650 627.18 300 89
0 650 627.269 300 89
0 650 627.354 300 89
0 650 627.439 300 89
0 650 627.524 300 89
0 650 627.613 300 89
0 650 627.706 300 89
0 650 627.794 300 89
0 650 627.891 300 89
0 650 627.993 300 89
0 650 628.08 300 89
0 650 628.164 300 89
0 650 628.255 300 89
0 650 628.349 300 89
0 650 628.432 300 89
0 650 628.524 300 89
0 650 628.614 300 89
0 650 628.722 300 89
0 650 628.825 300 89
0 650 628.912 300 89
0 650 629 300 89
0 650 629.087 300 89
0 650 629.181 300 89
0 650 629.271 300 89
0 650 629.363 300 89
0 650 629.456 300 89
0 650 629.547 300 89
0 650 629.645 300 89
0 650 629.723 300 89
0 650 629.814 300 89
0 650 629.915 300 89
0 650 630.006 300 89
0 650 630.099 300 89
0 650 630.186 300 89
0 650 630.278 300 89
0 650 630.374 300 89
0 650 630.429 300 89
0 650 630.524 300 89
0 650 630.618 300 89
0 650 630.706 300 89
0 650 630.804 300 89
0 650 630.89 300 89
0 650 630.986 300 89
0 650 631.082 300 89
0 650 631.169 300 89
0 650 631.266 300 89
0 650 631.367 300 89
0 650 631.464 300 89
0 650 631.553 300 89
0 650 631.657 300 89
0 650 631.748 300 89
0 650 631.833 300 89
0 650 631.93 300 89
0 650 632.022 300 89
0 650 632.118 300 89
0 650 632.215 300 89
0 650 632.308 300 89
0 650 632.404 300 89
0 650 632.489 300 89
0 650 632.579 300 89
0 650 632.674 300 89
0 650 632.777 300 89
0 650 632.864 300 89
0 650 632.961 300 89
0 650 633.06 300 89
0 650 633.157 300 89
0 650 633.264 300 89
0 650 633.362 300 89
0 650 633.454 300 89
0 650 633.549 300 89
0 650 633.638 300 89
0 650 633.722 300 89
0 650 633.817 300 89
0 650 633.903 300 89
0 650 633.998 300 89
0 650 634.088 300 89
0 650 634.18 300 89
0 650 634.277 300 89
0 650 634.373 300 89
0 650 634.468 300 89
0 650 634.557 300 89
0 650 634.649 300 89
0 650 634.737 300 89
0 650 634.828 300 89
0 650 634.917 300 89
0 650 635.015 300 89
0 650 635.099 300 89
0 650 635.209 300 89
0 650 635.304 300 89
0 650 635.397 300 89
0 650 635.5 300 89
0 650 635.588 300 89
0 650 635.678 300 89
0 650 635.772 300 89
0 650 635.86 300 89
0 650 635.952 300 89
0 650 636.032 300 89
0 650 636.122 300 89
0 650 636.211 300 89
0 650 636.304 300 89
0 650 636.393 300 89
0 650 636.484 300 89
0 650 636.58 300 89
0 650 636.67 300 89
0 650 636.748 300 89
0 650 636.836 300 89
0 650 636.93 300 89
0 650 637.02 300 89
0 650 637.084 300 89
0 650 637.153 300 89
0 650 637.216 300 89
0 650 637.279 300 89
0 650 637.351 300 89
0 650 637.416 300 89
0 650 637.477 300 89
0 650 637.539 300 89
0 650 637.603 300 89
0 650 637.671 300 89
0 650 637.734 300 89
0 650 637.796 300 89
0 650 637.862 300 89
0 650 637.926 300 89
0 650 637.987 300 89
0 650 638.045 300 89
0 650 638.108 300 89
0 650 638.169 300 89
0 650 638.235 300 89
0 650 638.292 300 89
0 650 638.358 300 89
0 650 638.422 300 89
0 650 638.499 300 89
0 650 638.595 300 89
0 650 638.687 300 89
0 650 638.782 300 89
0 650 638.872 300 89
0 650 638.967 300 89
0 650 639.055 300 89
0 650 639.156 300 89
0 650 639.245 300 89
0 650 639.338 300 89
0 650 639.429 300 89
0 650 639.52 300 89
0 650 639.608 300 89
0 650 639.704 300 89
0 650 639.785 300 89
0 650 639.878 300 89
0 650 639.97 300 89
0 650 640.062 300 89
0 650 640.156 300 89
0 650 640.26 300 89
0 650 640.347 300 89
0 650 640.432 300 89
0 650 640.537 300 89
0 650 640.628 300 89
0 650 640.707 300 89
0 650 640.802 300 89
0 650 640.896 300 89
0 650 640.987 300 89
0 650 641.07 300 89
0 650 641.162 300 89
0 650 641.246 300 89
0 650 641.335 300 89
0 650 641.412 300 89
0 650 641.499 300 89
0 650 641.578 300 89
0 650 641.668 300 89
0 650 641.752 300 89
0 650 641.843 300 89
0 650 641.93 300 89
0 650 642.037 300 89
0 650 642.135 300 89
0 650 642.23 300 89
0 650 642.312 300 89
0 650 642.409 300 89
0 650 642.51 300 89
0 650 642.596 300 89
0 650 642.685 300 89
0 650 642.77 300 89
0 650 642.86 300 89
0 650 642.946 300 89
0 650 643.039 300 89
0 650 643.128 300 89
0 650 643.209 300 89
0 650 643.29 300 89
0 650 643.375 300 89
0 650 643.487 300 89
0 650 643.572 300 89
0 650 643.654 300 89
0 650 643.738 300 89
0 650 643.833 300 89
0 650 643.927 300 89
0 650 644.029 300 89
0 650 644.12 300 89
0 650 644.212 300 89
0 650 644.291 300 89
0 650 644.39 300 89
0 650 644.503 300 89
0 650 644.587 300 89
0 650 644.679 300 89
0 650 644.777 300 89
0 650 644.884 300 89
0 650 644.964 300 89
0 650 645.058 300 89
0 650 645.145 300 89
0 650 645.23 300 89
0 650 645.309 300 89
0 650 645.398 300 89
0 650 645.493 300 89
0 650 645.583 300 89
0 650 645.671 300 89
0 650 645.764 300 89
0 650 645.846 300 89
0 650 645.932 300 89
0 650 646.019 300 89
0 650 646.105 300 89
0 650 646.192 300 89
0 650 646.279 300 89
0 650 646.352 300 89
0 650 646.441 300 89
0 650 646.526 300 89
0 650 646.613 300 89
0 650 646.693 300 89
0 650 646.771 300 89
0 650 646.861 300 89
0 650 646.913 300 89
0 650 646.999 300 89
0 650 647.086 300 89
0 650 647.175 300 89
0 650 647.25 300 89
0 650 647.354 300 89
0 650 647.465 300 89
0 650 647.557 300 89
0 650 647.651 300 89
0 650 647.753 300 89
0 650 647.861 300 89
0 650 647.946 300 89
0 650 648.035 300 89
0 650 648.121 300 89
0 650 648.216 300 89
0 650 648.301 300 89
0 650 648.385 300 89
0 650 648.477 300 89
0 650 648.57 300 89
0 650 648.657 300 89
0 650 648.732 300 89
0 650 648.828 300 89
0 650 648.909 300 89
0 650 648.988 300 89
0 650 649.069 300 89
0 650 649.153 300 89
0 650 649.243 300 89
0 650 649.326 300 89
0 650 649.413 300 89
0 650 649.495 300 89
0 650 649.585 300 89
0 650 649.686 300 89
0 650 649.777 300 89
0 650 649.856 300 89
0 650 649.952 300 89
0 650 650.05 300 89
0 650 650.15 300 89
0 650 650.221 300 89
0 650 650.306 300 89
0 650 650.391 300 89
0 650 650.477 300 89
0 650 650.562 300 89
0 650 650.651 300 89
0 650 650.734 300 89
0 650 650.819 300 89
0 650 650.907 300 89
0 650 650.995 300 89
0 650 651.079 300 89
0 650 651.17 300 89
0 650 651.264 300 89
0 650 651.352 300 89
0 650 651.443 300 89
0 650 651.524 300 89
0 650 651.615 300 89
0 650 651.702 300 89
0 650 651.792 300 89
0 650 651.878 300 89
0 650 651.987 300 89
0 650 652.09 300 89
0 650 652.187 300 89
0 650 652.282 300 89
0 650 652.39 300 89
0 650 652.463 300 89
0 650 652.553 300 89
0 650 652.641 300 89
0 650 652.727 300 89
0 650 652.808 300 89
0 650 652.894 300 89
0 650 652.987 300 89
0 650 653.081 300 89
0 650 653.168 300 89
0 650 653.256 300 89
0 650 653.343 300 89
0 650 653.429 300 89
0 650 653.509 300 89
0 650 653.592 300 89
0 650 653.677 300 89
0 650 653.755 300 89
0 650 653.845 300 89
0 650 653.937 300 89
0 650 654.026 300 89
0 650 654.122 300 89
0 650 654.221 300 89
0 650 654.3 300 89
0 650 654.381 300 89
0 650 654.462 300 89
0 650 654.545 300 89
0 650 654.629 300 89
0 650 654.717 300 89
0 650 654.796 300 89
0 650 654.887 300 89
0 650 654.966 300 89
0 650 655.047 300 89
0 650 655.134 300 89
0 650 655.221 300 89
0 650 655.302 300 89
0 650 655.36 300 89
0 650 655.458 300 89
0 650 655.516 300 89
0 650 655.57 300 89
0 650 655.632 300 89
0 650 655.696 300 89
0 650 655.76 300 89
0 650 655.82 300 89
0 650 655.88 300 89
0 650 655.935 300 89
0 650 655.998 300 89
0 650 656.054 300 89
0 650 656.118 300 89
0 650 656.179 300 89
0 650 656.241 300 89
0 650 656.301 300 89
0 650 656.363 300 89
0 650 656.422 300 89
0 650 656.483 300 89
0 650 656.543 300 89
0 650 656.621 300 89
0 650 656.708 300 89
0 650 656.798 300 89
0 650 656.89 300 89
0 650 656.992 300 89
0 650 657.086 300 89
0 650 657.172 300 89
0 650 657.258 300 89
0 650 657.363 300 89
0 650 657.461 300 89
0 650 657.548 300 89
0 650 657.631 300 89
0 650 657.712 300 89
0 650 657.8 300 89
0 650 657.861 300 89
0 650 657.92 300 89
0 650 657.974 300 89
0 650 658.036 300 89
0 650 658.099 300 89
0 650 658.162 300 89
0 650 658.224 300 89
0 650 658.284 300 89
0 650 658.345 300 89
0 650 658.407 300 89
0 650 658.468 300 89
0 650 658.522 300 89
0 650 658.586 300 89
0 650 658.646 300 89
0 650 658.704 300 89
0 650 658.759 300 89
0 650 658.819 300 89
0 650 658.877 300 89
0 650 658.959 300 89
0 650 659.048 300 89
0 650 659.133 300 89
0 650 659.216 300 89
0 650 659.296 300 89
0 650 659.378 300 89
0 650 659.458 300 89
0 650 659.541 300 89
0 650 659.624 300 89
0 650 659.704 300 89
0 650 659.787 300 89
0 650 659.868 300 89
0 650 659.955 300 89
0 650 660.039 300 89
0 650 660.121 300 89
0 650 660.207 300 89
0 650 660.287 300 89
0 650 660.368 300 89
0 650 660.444 300 89
0 650 660.532 300 89
0 650 660.619 300 89
0 650 660.703 300 89
0 650 660.785 300 89
0 650 660.922 300 89
0 650 661.064 300 89
0 650 661.163 300 89
0 650 661.255 300 89
0 650 661.357 300 89
0 650 661.457 300 89
0 650 661.554 300 89
0 650 661.635 300 89
0 650 661.716 300 89
0 650 661.768 300 89
0 650 661.856 300 89
0 650 661.947 300 89
0 650 662.04 300 89
0 650 662.131 300 89
0 650 662.218 300 89
0 650 662.312 300 89
0 650 662.406 300 89
0 650 662.501 300 89
0 650 662.593 300 89
0 650 662.673 300 89
0 650 662.762 300 89
0 650 662.856 300 89
0 650 662.952 300 89
0 650 663.044 300 89
0 650 663.13 300 89
0 650 663.217 300 89
0 650 663.304 300 89
0 650 663.392 300 89
0 650 663.481 300 89
0 650 663.577 300 89
0 650 663.663 300 89
0 650 663.742 300 89
0 650 663.83 300 89
0 650 663.927 300 89
0 650 664.025 300 89
0 650 664.115 300 89
0 650 664.207 300 89
0 650 664.302 300 89
0 650 664.381 300 89
0 650 664.462 300 89
0 650 664.538 300 89
0 650 664.628 300 89
0 650 664.716 300 89
0 650 664.794 300 89
0 650 664.881 300 89
0 650 664.972 300 89
0 650 665.065 300 89
0 650 665.162 300 89
0 650 665.254 300 89
0 650 665.341 300 89
0 650 665.432 300 89
0 650 665.514 300 89
0 650 665.6 300 89
0 650 665.687 300 89
0 650 665.77 300 89
0 650 665.856 300 89
0 650 665.948 300 89
0 650 666.041 300 89
0 650 666.134 300 89
0 650 666.229 300 89
0 650 666.319 300 89
0 650 666.406 300 89
0 650 666.492 300 89
0 650 666.583 300 89
0 650 666.674 300 89
0 650 666.776 300 89
0 650 666.864 300 89
0 650 666.949 300 89
0 650 667.036 300 89
0 650 667.127 300 89
0 650 667.214 300 89
0 650 667.299 300 89
0 650 667.382 300 89
0 650 667.48 300 89
0 650 667.566 300 89
0 650 667.656 300 89
0 650 667.736 300 89
0 650 667.82 300 89
0 650 667.904 300 89
0 650 667.989 300 89
0 650 668.075 300 89
0 650 668.157 300 89
0 650 668.25 300 89
0 650 668.345 300 89
0 650 668.429 300 89
0 650 668.518 300 89
0 650 668.628 300 89
0 650 668.712 300 89
0 650 668.801 300 89
0 650 668.899 300 89
0 650 668.987 300 89
0 650 669.071 300 89
0 650 669.158 300 89
0 650 669.262 300 89
0 650 669.356 300 89
0 650 669.443 300 89
0 650 669.533 300 89
0 650 669.619 300 89
0 650 669.706 300 89
0 650 669.797 300 89
0 650 669.906 300 89
0 650 669.989 300 89
0 650 670.08 300 89
0 650 670.176 300 89
0 650 670.267 300 89
0 650 670.355 300 89
0 650 670.446 300 89
0 650 670.526 300 89
0 650 670.623 300 89
0 650 670.712 300 89
0 650 670.798 300 89
0 650 670.885 300 89
0 650 670.973 300 89
0 650 671.058 300 89
0 650 671.152 300 89
0 650 671.245 300 89
0 650 671.333 300 89
0 650 671.42 300 89
0 650 671.512 300 89
0 650 671.597 300 89
0 650 671.686 300 89
0 650 671.777 300 89
0 650 671.868 300 89
0 650 671.955 300 89
0 650 672.035 300 89
0 650 672.129 300 89
0 650 672.216 300 89
0 650 672.326 300 89
0 650 672.413 300 89
0 650 672.498 300 89
0 650 672.586 300 89
0 650 672.676 300 89
0 650 672.765 300 89
0 650 672.858 300 89
0 650 672.96 300 89
0 650 673.059 300 89
0 650 673.151 300 89
0 650 673.236 300 89
0 650 673.324 300 89
0 650 673.419 300 89
0 650 673.513 300 89
0 650 673.6 300 89
0 650 673.692 300 89
0 650 673.778 300 89
0 650 673.855 300 89
0 650 673.944 300 89
0 650 674.028 300 89
0 650 674.116 300 89
0 650 674.198 300 89
0 650 674.286 300 89
0 650 674.364 300 89
0 650 674.453 300 89
0 650 674.539 300 89
0 650 674.625 300 89
0 650 674.699 300 89
0 650 674.795 300 89
0 650 674.887 300 89
0 650 674.975 300 89
0 650 675.066 300 89
0 650 675.153 300 89
0 650 675.242 300 89
0 650 675.332 300 89
0 650 675.417 300 89
0 650 675.5 300 89
0 650 675.588 300 89
0 650 675.675 300 89
0 650 675.771 300 89
0 650 675.851 300 89
0 650 675.922 300 89
0 650 676.007 300 89
0 650 676.093 300 89
0 650 676.183 300 89
0 650 676.275 300 89
0 650 676.365 300 89
0 650 676.452 300 89
0 650 676.544 300 89
0 650 676.63 300 89
0 650 676.723 300 89
0 650 676.812 300 89
0 650 676.895 300 89
0 650 677.031 300 89
0 650 677.119 300 89
0 650 677.207 300 89
0 650 677.296 300 89
0 650 677.384 300 89
0 650 677.468 300 89
0 650 677.555 300 89
0 650 677.642 300 89
0 650 677.731 300 89
0 650 677.821 300 89
0 650 677.909 300 89
0 650 678.006 300 89
0 650 678.095 300 89
0 650 678.19 300 89
0 650 678.277 300 89
0 650 678.362 300 89
0 650 678.452 300 89
0 650 678.533 300 89
0 650 678.624 300 89
0 650 678.708 300 89
0 650 678.802 300 89
0 650 678.891 300 89
0 650 678.985 300 89
0 650 679.069 300 89
0 650 679.162 300 89
0 650 679.247 300 89
0 650 679.339 300 89
0 650 679.425 300 89
0 650 679.512 300 89
0 650 679.596 300 89
0 650 679.677 300 89
0 650 679.764 300 89
0 650 679.851 300 89
0 650 679.938 300 89
0 650 680.026 300 89
0 650 680.115 300 89
0 650 680.196 300 89
0 650 680.281 300 89
0 650 680.368 300 89
0 650 680.459 300 89
0 650 680.544 300 89
0 650 680.632 300 89
0 650 680.721 300 89
0 650 680.813 300 89
0 650 680.898 300 89
0 650 680.98 300 89
0 650 681.055 300 89
0 650 681.14 300 89
0 650 681.22 300 89
0 650 681.309 300 89
0 650 681.394 300 89
0 650 681.482 300 89
0 650 681.566 300 89
0 650 681.655 300 89
0 650 681.725 300 89
0 650 681.81 300 89
0 650 681.899 300 89
0 650 681.985 300 89
0 650 682.074 300 89
0 650 682.157 300 89
0 650 682.25 300 89
0 650 682.338 300 89
0 650 682.422 300 89
0 650 682.509 300 89
0 650 682.597 300 89
0 650 682.677 300 89
0 650 682.756 300 89
0 650 682.845 300 89
0 650 682.931 300 89
0 650 683.017 300 89
0 650 683.102 300 89
0 650 683.196 300 89
0 650 683.283 300 89
0 650 683.369 300 89
0 650 683.458 300 89
0 650 683.538 300 89
0 650 683.629 300 89
0 650 683.716 300 89
0 650 683.796 300 89
0 650 683.883 300 89
0 650 683.943 300 89
0 650 684.023 300 89
0 650 684.114 300 89
0 650 684.2 300 89
0 650 684.284 300 89
0 650 684.371 300 89
0 650 684.451 300 89
0 650 684.532 300 89
0 650 684.615 300 89
0 650 684.696 300 89
0 650 684.784 300 89
0 650 684.878 300 89
0 650 684.952 300 89
0 650 685.044 300 89
0 650 685.122 300 89
0 650 685.207 300 89
0 650 685.295 300 89
0 650 685.376 300 89
0 650 685.469 300 89
0 650 685.559 300 89
0 650 685.643 300 89
0 650 685.73 300 89
0 650 685.818 300 89
0 650 685.902 300 89
0 650 685.99 300 89
0 650 686.071 300 89
0 650 686.154 300 89
0 650 686.241 300 89
0 650 686.328 300 89
0 650 686.413 300 89
0 650 686.504 300 89
0 650 686.592 300 89
0 650 686.677 300 89
0 650 686.76 300 89
0 650 686.846 300 89
0 650 686.936 300 89
0 650 687.02 300 89
0 650 687.105 300 89
0 650 687.195 300 89
0 650 687.282 300 89
0 650 687.378 300 89
0 650 687.471 300 89
0 650 687.559 300 89
0 650 687.65 300 89
0 650 687.744 300 89
0 650 687.827 300 89
0 650 687.884 300 89
0 650 687.967 300 89
0 650 688.056 300 89
0 650 688.145 300 89
0 650 688.233 300 89
0 650 688.325 300 89
0 650 688.394 300 89
0 650 688.484 300 89
0 650 688.575 300 89
0 650 688.666 300 89
0 650 688.749 300 89
0 650 688.831 300 89
0 650 688.89 300 89
0 650 688.969 300 89
0 650 689.044 300 89
0 650 689.135 300 89
0 650 689.228 300 89
0 650 689.316 300 89
0 650 689.392 300 89
0 650 689.486 300 89
0 650 689.578 300 89
0 650 689.663 300 89
0 650 689.751 300 89
0 650 689.841 300 89
0 650 689.925 300 89
0 650 690.013 300 89
0 650 690.103 300 89
0 650 690.187 300 89
0 650 690.277 300 89
0 650 690.362 300 89
0 650 690.448 300 89
0 650 690.536 300 89
0 650 690.624 300 89
0 650 690.726 300 89
0 650 690.809 300 89
0 650 690.898 300 89
0 650 690.989 300 89
0 650 691.082 300 89
0 650 691.173 300 89
0 650 691.259 300 89
0 650 691.313 300 89
0 650 691.405 300 89
0 650 691.496 300 89
0 650 691.588 300 89
0 650 691.672 300 89
0 650 691.759 300 89
0 650 691.838 300 89
0 650 691.92 300 89
0 650 692.009 300 89
0 650 692.1 300 89
0 650 692.182 300 89
0 650 692.268 300 89
0 650 692.356 300 89
0 650 692.451 300 89
0 650 692.533 300 89
0 650 692.625 300 89
0 650 692.713 300 89
0 650 692.808 300 89
0 650 692.892 300 89
0 650 692.982 300 89
0 650 693.065 300 89
0 650 693.157 300 89
0 650 693.241 300 89
0 650 693.31 300 89
0 650 693.366 300 89
0 650 693.424 300 89
0 650 693.488 300 89
0 650 693.546 300 89
0 650 693.606 300 89
0 650 693.664 300 89
0 650 693.727 300 89
0 650 693.792 300 89
0 650 693.852 300 89
0 650 693.91 300 89
0 650 693.969 300 89
0 650 694.038 300 89
0 650 694.151 300 89
0 650 694.254 300 89
0 650 694.362 300 89
0 650 694.476 300 89
0 650 694.593 300 89
0 650 694.698 300 89
0 650 694.8 300 89
0 650 694.902 300 89
0 650 695.006 300 89
0 650 695.115 300 89
0 650 695.232 300 89
0 650 695.343 300 89
0 650 695.442 300 89
0 650 695.554 300 89
0 650 695.669 300 89
0 650 695.779 300 89
0 650 695.893 300 89
0 650 696.011 300 89
0 650 696.129 300 89
0 650 696.244 300 89
0 650 696.341 300 89
0 650 696.443 300 89
0 650 696.548 300 89
0 650 696.659 300 89
0 650 696.763 300 89
0 650 696.867 300 89
0 650 696.98 300 89
0 650 697.091 300 89
0 650 697.208 300 89
0 650 697.318 300 89
0 650 697.425 300 89
0 650 697.54 300 89
0 650 697.644 300 89
0 650 697.752 300 89
0 650 697.855 300 89
0 650 697.963 300 89
0 650 698.075 300 89
0 650 698.189 300 89
0 650 698.297 300 89
0 650 698.413 300 89
0 650 698.52 300 89
0 650 698.614 300 89
0 650 698.728 300 89
0 650 698.843 300 89
0 650 698.954 300 89
0 650 699.072 300 89
0 650 699.177 300 89
0 650 699.284 300 89
0 650 699.398 300 89
0 650 699.542 300 89
0 650 699.648 300 89
0 650 699.77 300 89
0 650 699.879 300 89
0 650 699.996 300 89
0 650 700.109 300 89
0 650 700.222 300 89
0 650 700.342 300 89
0 650 700.452 300 89
0 650 700.562 300 89
0 650 700.675 300 89
0 650 700.782 300 89
0 650 700.895 300 89
0 650 701.017 300 89
0 650 701.128 300 89
0 650 701.241 300 89
0 650 701.356 300 89
0 650 701.448 300 89
0 650 701.587 300 89
0 650 701.699 300 89
0 650 701.806 300 89
0 650 701.906 300 89
0 650 702.014 300 89
0 650 702.126 300 89
0 650 702.237 300 89
0 650 702.34 300 89
0 650 702.458 300 89
0 650 702.562 300 89
0 650 702.676 300 89
0 650 702.784 300 89
0 650 702.892 300 89
0 650 702.999 300 89
0 650 703.104 300 89
0 650 703.216 300 89
0 650 703.336 300 89
0 650 703.434 300 89
0 650 703.542 300 89
0 650 703.662 300 89
0 650 703.777 300 89
0 650 703.883 300 89
0 650 703.986 300 89
0 650 704.1 300 89
0 650 704.209 300 89
0 650 704.282 300 89
0 650 704.391 300 89
0 650 704.492 300 89
0 650 704.604 300 89
0 650 704.721 300 89
0 650 704.834 300 89
0 650 704.947 300 89
0 650 705.052 300 89
0 650 705.165 300 89
0 650 705.268 300 89
0 650 705.369 300 89
0 650 705.481 300 89
0 650 705.587 300 89
0 650 705.698 300 89
0 650 705.812 300 89
0 650 705.926 300 89
0 650 706.019 300 89
0 650 706.13 300 89
0 650 706.257 300 89
0 650 706.364 300 89
0 650 706.475 300 89
0 650 706.589 300 89
0 650 706.692 300 89
0 650 706.797 300 89
0 650 706.911 300 89
0 650 707.021 300 89
0 650 707.116 300 89
0 650 707.213 300 89
0 650 707.314 300 89
0 650 707.412 300 89
0 650 707.521 300 89
0 650 707.616 300 89
0 650 707.727 300 89
0 650 707.837 300 89
0 650 707.94 300 89
0 650 708.049 300 89
0 650 708.155 300 89
0 650 708.257 300 89
0 650 708.363 300 89
0 650 708.469 300 89
0 650 708.566 300 89
0 650 708.677 300 89
0 650 708.777 300 89
0 650 708.885 300 89
0 650 708.999 300 89
0 650 709.097 300 89
0 650 709.207 300 89
0 650 709.303 300 89
0 650 709.4 300 89
0 650 709.503 300 89
0 650 709.61 300 89
0 650 709.72 300 89
0 650 709.836 300 89
0 650 709.948 300 89
0 650 710.053 300 89
0 650 710.169 300 89
0 650 710.272 300 89
0 650 710.381 300 89
0 650 710.481 300 89
0 650 710.601 300 89
0 650 710.698 300 89
0 650 710.81 300 89
0 650 710.912 300 89
0 650 711.017 300 89
0 650 711.122 300 89
0 650 711.225 300 89
0 650 711.312 300 89
0 650 711.407 300 89
0 650 711.512 300 89
0 650 711.628 300 89
0 650 711.726 300 89
0 650 711.836 300 89
0 650 711.942 300 89
0 650 712.04 300 89
0 650 712.152 300 89
0 650 712.264 300 89
0 650 712.368 300 89
0 650 712.474 300 89
0 650 712.582 300 89
0 650 712.688 300 89
0 650 712.796 300 89
0 650 712.892 300 89
0 650 713.004 300 89
0 650 713.1 300 89
0 650 713.197 300 89
0 650 713.291 300 89
0 650 713.401 300 89
0 650 713.516 300 89
0 650 713.628 300 89
0 650 713.736 300 89
0 650 713.843 300 89
0 650 713.951 300 89
0 650 714.053 300 89
0 650 714.151 300 89
0 650 714.248 300 89
0 650 714.346 300 89
0 650 714.444 300 89
0 650 714.543 300 89
0 650 714.64 300 89
0 650 714.733 300 89
0 650 714.826 300 89
0 650 714.917 300 89
0 650 715.01 300 89
0 650 715.097 300 89
0 650 715.168 300 89
0 650 715.252 300 89
0 650 715.335 300 89
0 650 715.417 300 89
0 650 715.501 300 89
0 650 715.59 300 89
0 650 715.683 300 89
0 650 715.776 300 89
0 650 715.855 300 89
0 650 715.947 300 89
0 650 716.036 300 89
0 650 716.127 300 89
0 650 716.213 300 89
0 650 716.296 300 89
0 650 716.382 300 89
0 650 716.467 300 89
0 650 716.558 300 89
0 650 716.646 300 89
0 650 716.736 300 89
0 650 716.818 300 89
0 650 716.9 300 89
0 650 716.987 300 89
0 650 717.066 300 89
0 650 717.151 300 89
0 650 717.24 300 89
0 650 717.325 300 89
0 650 717.405 300 89
0 650 717.49 300 89
0 650 717.573 300 89
0 650 717.663 300 89
0 650 717.747 300 89
0 650 717.834 300 89
0 650 717.926 300 89
0 650 718.019 300 89
0 650 718.114 300 89
0 650 718.19 300 89
0 650 718.273 300 89
0 650 718.365 300 89
0 650 718.447 300 89
0 650 718.519 300 89
0 650 718.658 300 89
0 650 718.745 300 89
0 650 718.837 300 89
0 650 718.933 300 89
0 650 719.028 300 89
0 650 719.124 300 89
0 650 719.231 300 89
0 650 719.315 300 89
0 650 719.406 300 89
0 650 719.509 300 89
0 650 719.594 300 89
0 650 719.656 300 89
0 650 719.737 300 89
0 650 719.817 300 89
0 650 719.909 300 89
0 650 719.997 300 89
0 650 720.056 300 89
0 650 720.137 300 89
0 650 720.214 300 89
0 650 720.306 300 89
0 650 720.395 300 89
0 650 720.486 300 89
0 650 720.569 300 89
0 650 720.649 300 89
0 650 720.73 300 89
0 650 720.818 300 89
0 650 720.908 300 89
0 650 720.998 300 89
0 650 721.083 300 89
0 650 721.174 300 89
0 650 721.261 300 89
0 650 721.352 300 89
0 650 721.447 300 89
0 650 721.534 300 89
0 650 721.628 300 89
0 650 721.715 300 89
0 650 721.817 300 89
0 650 721.906 300 89
0 650 721.996 300 89
0 650 722.092 300 89
0 650 722.176 300 89
0 650 722.253 300 89
0 650 722.343 300 89
0 650 722.427 300 89
0 650 722.521 300 89
0 650 722.623 300 89
0 650 722.719 300 89
0 650 722.81 300 89
0 650 722.91 300 89
0 650 723.012 300 89
0 650 723.131 300 89
0 650 723.225 300 89
0 650 723.32 300 89
0 650 723.378 300 89
0 650 723.472 300 89
0 650 723.574 300 89
0 650 723.667 300 89
0 650 723.761 300 89
0 650 723.846 300 89
0 650 723.935 300 89
0 650 724.029 300 89
0 650 724.119 300 89
0 650 724.209 300 89
0 650 724.304 300 89
0 650 724.399 300 89
0 650 724.498 300 89
0 650 724.592 300 89
0 650 724.689 300 89
0 650 724.767 300 89
0 650 724.864 300 89
0 650 724.957 300 89
0 650 725.053 300 89
0 650 725.151 300 89
0 650 725.24 300 89
0 650 725.322 300 89
0 650 725.419 300 89
0 650 725.502 300 89
0 650 725.59 300 89
0 650 725.687 300 89
0 650 725.78 300 89
0 650 725.885 300 89
0 650 725.973 300 89
0 650 726.062 300 89
0 650 726.152 300 89
0 650 726.237 300 89
0 650 726.329 300 89
0 650 726.422 300 89
0 650 726.508 300 89
0 650 726.596 300 89
0 650 726.658 300 89
0 650 726.749 300 89
0 650 726.836 300 89
0 650 726.916 300 89
0 650 727.001 300 89
0 650 727.091 300 89
0 650 727.174 300 89
0 650 727.251 300 89
0 650 727.335 300 89
0 650 727.428 300 89
0 650 727.515 300 89
0 650 727.607 300 89
0 650 727.698 300 89
0 650 727.789 300 89
0 650 727.884 300 89
0 650 727.971 300 89
0 650 728.061 300 89
0 650 728.151 300 89
0 650 728.236 300 89
0 650 728.326 300 89
0 650 728.409 300 89
0 650 728.498 300 89
0 650 728.587 300 89
0 650 728.679 300 89
0 650 728.757 300 89
0 650 728.842 300 89
0 650 728.931 300 89
0 650 729.024 300 89
0 650 729.117 300 89
0 650 729.2 300 89
0 650 729.28 300 89
0 650 729.37 300 89
0 650 729.453 300 89
0 650 729.537 300 89
0 650 729.622 300 89
0 650 729.714 300 89
0 650 729.804 300 89
0 650 729.897 300 89
0 650 729.991 300 89
0 650 730.091 300 89
0 650 730.179 300 89
0 650 730.266 300 89
0 650 730.357 300 89
0 650 730.447 300 89
0 650 730.539 300 89
0 650 730.625 300 89
0 650 730.711 300 89
0 650 730.798 300 89
0 650 730.883 300 89
0 650 730.969 300 89
0 650 731.045 300 89
0 650 731.183 300 89
0 650 731.276 300 89
0 650 731.365 300 89
0 650 731.453 300 89
0 650 731.542 300 89
0 650 731.643 300 89
0 650 731.729 300 89
0 650 731.81 300 89
0 650 731.894 300 89
0 650 731.971 300 89
0 650 732.065 300 89
0 650 732.158 300 89
0 650 732.26 300 89
0 650 732.357 300 89
0 650 732.454 300 89
0 650 732.544 300 89
0 650 732.641 300 89
0 650 732.737 300 89
0 650 732.826 300 89
0 650 732.924 300 89
0 650 733.029 300 89
0 650 733.126 300 89
0 650 733.229 300 89
0 650 733.32 300 89
0 650 733.426 300 89
0 650 733.527 300 89
0 650 733.618 300 89
0 650 733.713 300 89
0 650 733.815 300 89
0 650 733.918 300 89
0 650 734.006 300 89
0 650 734.102 300 89
0 650 734.197 300 89
0 650 734.295 300 89
0 650 734.383 300 89
0 650 734.474 300 89
0 650 734.57 300 89
0 650 734.66 300 89
0 650 734.751 300 89
0 650 734.85 300 89
0 650 734.943 300 89
0 650 735.045 300 89
0 650 735.145 300 89
0 650 735.232 300 89
0 650 735.342 300 89
0 650 735.437 300 89
0 650 735.534 300 89
0 650 735.621 300 89
0 650 735.72 300 89
0 650 735.82 300 89
0 650 735.922 300 89
0 650 736.013 300 89
0 650 736.106 300 89
0 650 736.208 300 89
0 650 736.304 300 89
0 650 736.401 300 89
0 650 736.5 300 89
0 650 736.603 300 89
0 650 736.71 300 89
0 650 736.813 300 89
0 650 736.919 300 89
0 650 737.005 300 89
0 650 737.096 300 89
0 650 737.196 300 89
0 650 737.292 300 89
0 650 737.39 300 89
0 650 737.482 300 89
0 650 737.565 300 89
0 650 737.66 300 89
0 650 737.742 300 89
0 650 737.826 300 89
0 650 737.925 300 89
0 650 738.019 300 89
0 650 738.113 300 89
0 650 738.198 300 89
0 650 738.293 300 89
0 650 738.383 300 89
0 650 738.481 300 89
0 650 738.567 300 89
0 650 738.658 300 89
0 650 738.751 300 89
0 650 738.849 300 89
0 650 738.931 300 89
0 650 739.025 300 89
0 650 739.108 300 89
0 650 739.2 300 89
0 650 739.29 300 89
0 650 739.384 300 89
0 650 739.473 300 89
0 650 739.554 300 89
0 650 739.641 300 89
0 650 739.737 300 89
0 650 739.827 300 89
0 650 739.925 300 89
0 650 740.019 300 89
0 650 740.117 300 89
0 650 740.202 300 89
0 650 740.288 300 89
0 650 740.375 300 89
0 650 740.467 300 89
0 650 740.553 300 89
0 650 740.647 300 89
0 650 740.741 300 89
0 650 740.822 300 89
0 650 740.909 300 89
0 650 740.999 300 89
0 650 741.088 300 89
0 650 741.18 300 89
0 650 741.265 300 89
0 650 741.355 300 89
0 650 741.439 300 89
0 650 741.532 300 89
0 650 741.627 300 89
0 650 741.718 300 89
0 650 741.803 300 89
0 650 741.901 300 89
0 650 741.993 300 89
0 650 742.08 300 89
0 650 742.167 300 89
0 650 742.255 300 89
0 650 742.333 300 89
0 650 742.431 300 89
0 650 742.519 300 89
0 650 742.605 300 89
0 650 742.696 300 89
0 650 742.788 300 89
0 650 742.876 300 89
0 650 742.964 300 89
0 650 743.055 300 89
0 650 743.147 300 89
0 650 743.244 300 89
0 650 743.337 300 89
0 650 743.431 300 89
0 650 743.525 300 89
0 650 743.611 300 89
0 650 743.701 300 89
0 650 743.792 300 89
0 650 743.876 300 89
0 650 743.97 300 89
0 650 744.053 300 89
0 650 744.142 300 89
0 650 744.229 300 89
0 650 744.315 300 89
0 650 744.401 300 89
0 650 744.498 300 89
0 650 744.589 300 89
0 650 744.669 300 89
0 650 744.76 300 89
0 650 744.851 300 89
0 650 744.946 300 89
0 650 745.037 300 89
0 650 745.132 300 89
0 650 745.225 300 89
0 650 745.315 300 89
0 650 745.408 300 89
0 650 745.496 300 89
0 650 745.59 300 89
0 650 745.68 300 89
0 650 745.769 300 89
0 650 745.853 300 89
0 650 745.947 300 89
0 650 746.033 300 89
0 650 746.128 300 89
0 650 746.224 300 89
0 650 746.322 300 89
0 650 746.419 300 89
0 650 746.513 300 89
0 650 746.607 300 89
0 650 746.71 300 89
0 650 746.825 300 89
0 650 746.917 300 89
0 650 746.983 300 89
0 650 747.075 300 89
0 650 747.163 300 89
0 650 747.249 300 89
0 650 747.392 300 89
0 650 747.491 300 89
0 650 747.584 300 89
0 650 747.668 300 89
0 650 747.759 300 89
0 650 747.844 300 89
0 650 747.935 300 89
0 650 748.029 300 89
0 650 748.121 300 89
0 650 748.212 300 89
0 650 748.298 300 89
0 650 748.383 300 89
0 650 748.47 300 89
0 650 748.608 300 89
0 650 748.696 300 89
0 650 748.782 300 89
0 650 748.895 300 89
0 650 748.973 300 89
0 650 749.064 300 89
0 650 749.141 300 89
0 650 749.221 300 89
0 650 749.311 300 89
0 650 749.398 300 89
0 650 749.487 300 89
0 650 749.572 300 89
0 650 749.651 300 89
0 650 749.744 300 89
0 650 749.834 300 89
0 650 749.934 300 89
0 650 750.023 300 89
0 650 750.115 300 89
0 650 750.209 300 89
0 650 750.293 300 89
0 650 750.382 300 89
0 650 750.464 300 89
0 650 750.554 300 89
0 650 750.644 300 89
0 650 750.737 300 89
0 650 750.824 300 89
0 650 750.913 300 89
0 650 751.006 300 89
0 650 751.09 300 89
0 650 751.178 300 89
0 650 751.265 300 89
0 650 751.365 300 89
0 650 751.461 300 89
0 650 751.55 300 89
0 650 751.643 300 89
0 650 751.729 300 89
0 650 751.822 300 89
0 650 751.911 300 89
0 650 751.998 300 89
0 650 752.084 300 89
0 650 752.168 300 89
0 650 752.268 300 89
0 650 752.354 300 89
0 650 752.435 300 89
0 650 752.525 300 89
0 650 752.616 300 89
0 650 752.704 300 89
0 650 752.786 300 89
0 650 752.883 300 89
0 650 752.978 300 89
0 650 753.065 300 89
0 650 753.156 300 89
0 650 753.246 300 89
0 650 753.331 300 89
0 650 753.425 300 89
0 650 753.509 300 89
0 650 753.651 300 89
0 650 753.744 300 89
0 650 753.838 300 89
0 650 753.926 300 89
0 650 754.02 300 89
0 650 754.103 300 89
0 650 754.191 300 89
0 650 754.273 300 89
0 650 754.369 300 89
0 650 754.451 300 89
0 650 754.539 300 89
0 650 754.632 300 89
0 650 754.727 300 89
0 650 754.813 300 89
0 650 754.906 300 89
0 650 755.003 300 89
0 650 755.091 300 89
0 650 755.176 300 89
0 650 755.268 300 89
0 650 755.362 300 89
0 650 755.425 300 89
0 650 755.517 300 89
0 650 755.611 300 89
0 650 755.701 300 89
0 650 755.792 300 89
0 650 755.88 300 89
0 650 755.974 300 89
0 650 756.063 300 89
0 650 756.148 300 89
0 650 756.236 300 89
0 650 756.333 300 89
0 650 756.422 300 89
0 650 756.517 300 89
0 650 756.612 300 89
0 650 756.699 300 89
0 650 756.791 300 89
0 650 756.879 300 89
0 650 756.978 300 89
0 650 757.063 300 89
0 650 757.159 300 89
0 650 757.257 300 89
0 650 757.345 300 89
0 650 757.431 300 89
0 650 757.519 300 89
0 650 757.619 300 89
0 650 757.707 300 89
0 650 757.8 300 89
0 650 757.886 300 89
0 650 757.978 300 89
0 650 758.061 300 89
0 650 758.161 300 89
0 650 758.249 300 89
0 650 758.336 300 89
0 650 758.431 300 89
0 650 758.525 300 89
0 650 758.614 300 89
0 650 758.703 300 89
0 650 758.794 300 89
0 650 758.888 300 89
0 650 758.967 300 89
0 650 759.111 300 89
0 650 759.197 300 89
0 650 759.284 300 89
0 650 759.365 300 89
0 650 759.458 300 89
0 650 759.534 300 89
0 650 759.621 300 89
0 650 759.714 300 89
0 650 759.805 300 89
0 650 759.894 300 89
0 650 759.981 300 89
0 650 760.071 300 89
0 650 760.157 300 89
0 650 760.245 300 89
0 650 760.337 300 89
0 650 760.425 300 89
0 650 760.519 300 89
0 650 760.609 300 89
0 650 760.703 300 89
0 650 760.793 300 89
0 650 760.89 300 89
0 650 760.987 300 89
0 650 761.082 300 89
0 650 761.178 300 89
0 650 761.265 300 89
0 650 761.361 300 89
0 650 761.446 300 89
0 650 761.531 300 89
0 650 761.617 300 89
0 650 761.706 300 89
0 650 761.8 300 89
0 650 761.888 300 89
0 650 761.977 300 89
0 650 762.069 300 89
0 650 762.155 300 89
0 650 762.25 300 89
0 650 762.334 300 89
0 650 762.421 300 89
0 650 762.51 300 89
0 650 762.597 300 89
0 650 762.684 300 89
0 650 762.772 300 89
0 650 762.854 300 89
0 650 762.937 300 89
0 650 763.025 300 89
0 650 763.118 300 89
0 650 763.208 300 89
0 650 763.3 300 89
0 650 763.385 300 89
0 650 763.478 300 89
0 650 763.557 300 89
0 650 763.664 300 89
0 650 763.715 300 89
0 650 763.799 300 89
0 650 763.863 300 89
0 650 763.96 300 89
0 650 764.042 300 89
0 650 764.133 300 89
0 650 764.231 300 89
0 650 764.315 300 89
0 650 764.402 300 89
0 650 764.487 300 89
0 650 764.578 300 89
0 650 764.673 300 89
0 650 764.758 300 89
0 650 764.842 300 89
0 650 764.928 300 89
0 650 765.016 300 89
0 650 765.073 300 89
0 650 765.16 300 89
0 650 765.253 300 89
0 650 765.333 300 89
0 650 765.426 300 89
0 650 765.505 300 89
0 650 765.599 300 89
0 650 765.686 300 89
0 650 765.78 300 89
0 650 765.874 300 89
0 650 765.965 300 89
0 650 766.052 300 89
0 650 766.141 300 89
0 650 766.229 300 89
0 650 766.323 300 89
0 650 766.417 300 89
0 650 766.513 300 89
0 650 766.608 300 89
0 650 766.698 300 89
0 650 766.794 300 89
0 650 766.886 300 89
0 650 766.974 300 89
0 650 767.06 300 89
0 650 767.158 300 89
0 650 767.238 300 89
0 650 767.324 300 89
0 650 767.411 300 89
0 650 767.503 300 89
0 650 767.587 300 89
0 650 767.671 300 89
0 650 767.766 300 89
0 650 767.854 300 89
0 650 767.944 300 89
0 650 768.037 300 89
0 650 768.123 300 89
0 650 768.212 300 89
0 650 768.297 300 89
0 650 768.387 300 89
0 650 768.468 300 89
0 650 768.557 300 89
0 650 768.643 300 89
0 650 768.731 300 89
0 650 768.82 300 89
0 650 768.906 300 89
0 650 768.998 300 89
0 650 769.083 300 89
0 650 769.175 300 89
0 650 769.263 300 89
0 650 769.365 300 89
0 650 769.462 300 89
0 650 769.557 300 89
0 650 769.646 300 89
0 650 769.734 300 89
0 650 769.811 300 89
0 650 769.899 300 89
0 650 769.983 300 89
0 650 770.075 300 89
0 650 770.139 300 89
0 650 770.223 300 89
0 650 770.316 300 89
0 650 770.4 300 89
0 650 770.492 300 89
0 650 770.579 300 89
0 650 770.672 300 89
0 650 770.757 300 89
0 650 770.835 300 89
0 650 770.92 300 89
0 650 771.006 300 89
0 650 771.1 300 89
0 650 771.191 300 89
0 650 771.278 300 89
0 650 771.368 300 89
0 650 771.451 300 89
0 650 771.531 300 89
0 650 771.626 300 89
0 650 771.714 300 89
0 650 771.811 300 89
0 650 771.903 300 89
0 650 771.989 300 89
0 650 772.096 300 89
0 650 772.197 300 89
0 650 772.288 300 89
0 650 772.38 300 89
0 650 772.475 300 89
0 650 772.567 300 89
0 650 772.657 300 89
0 650 772.742 300 89
0 650 772.828 300 89
0 650 772.909 300 89
0 650 772.986 300 89
0 650 773.072 300 89
0 650 773.162 300 89
0 650 773.24 300 89
0 650 773.358 300 89
0 650 773.446 300 89
0 650 773.524 300 89
0 650 773.609 300 89
0 650 773.695 300 89
0 650 773.781 300 89
0 650 773.842 300 89
0 650 773.924 300 89
0 650 774.011 300 89
0 650 774.102 300 89
0 650 774.192 300 89
0 650 774.274 300 89
0 650 774.362 300 89
0 650 774.448 300 89
0 650 774.539 300 89
0 650 774.625 300 89
0 650 774.713 300 89
0 650 774.809 300 89
0 650 774.898 300 89
0 650 774.978 300 89
0 650 775.068 300 89
0 650 775.158 300 89
0 650 775.253 300 89
0 650 775.343 300 89
0 650 775.431 300 89
0 650 775.513 300 89
0 650 775.603 300 89
0 650 775.687 300 89
0 650 775.782 300 89
0 650 775.865 300 89
0 650 775.954 300 89
0 650 776.04 300 89
0 650 776.12 300 89
0 650 776.204 300 89
0 650 776.297 300 89
0 650 776.388 300 89
0 650 776.473 300 89
0 650 776.562 300 89
0 650 776.651 300 89
0 650 776.74 300 89
0 650 776.83 300 89
0 650 776.917 300 89
0 650 776.998 300 89
0 650 777.087 300 89
0 650 777.176 300 89
0 650 777.309 300 89
0 650 777.4 300 89
0 650 777.491 300 89
0 650 777.583 300 89
0 650 777.677 300 89
0 650 777.776 300 89
0 650 777.858 300 89
0 650 777.942 300 89
0 650 778.025 300 89
0 650 778.11 300 89
0 650 778.197 300 89
0 650 778.295 300 89
0 650 778.373 300 89
0 650 778.46 300 89
0 650 778.549 300 89
0 650 778.627 300 89
0 650 778.716 300 89
0 650 778.813 300 89
0 650 778.904 300 89
0 650 778.992 300 89
0 650 779.085 300 89
0 650 779.147 300 89
0 650 779.205 300 89
0 650 779.265 300 89
0 650 779.326 300 89
0 650 779.389 300 89
0 650 779.451 300 89
0 650 779.508 300 89
0 650 779.571 300 89
0 650 779.637 300 89
0 650 779.698 300 89
0 650 779.765 300 89
0 650 779.859 300 89
0 650 779.946 300 89
0 650 780.044 300 89
0 650 780.135 300 89
0 650 780.226 300 89
0 650 780.322 300 89
0 650 780.411 300 89
0 650 780.501 300 89
0 650 780.589 300 89
0 650 780.673 300 89
0 650 780.775 300 89
0 650 780.872 300 89
0 650 780.976 300 89
0 650 781.069 300 89
0 650 781.15 300 89
0 650 781.249 300 89
0 650 781.342 300 89
0 650 781.439 300 89
0 650 781.522 300 89
0 650 781.614 300 89
0 650 781.709 300 89
0 650 781.806 300 89
0 650 781.894 300 89
0 650 781.992 300 89
0 650 782.082 300 89
0 650 782.179 300 89
0 650 782.261 300 89
0 650 782.353 300 89
0 650 782.439 300 89
0 650 782.523 300 89
0 650 782.627 300 89
0 650 782.721 300 89
0 650 782.815 300 89
0 650 782.903 300 89
0 650 782.995 300 89
0 650 783.082 300 89
0 650 783.179 300 89
0 650 783.272 300 89
0 650 783.363 300 89
0 650 783.456 300 89
0 650 783.539 300 89
0 650 783.624 300 89
0 650 783.712 300 89
0 650 783.806 300 89
0 650 783.886 300 89
0 650 783.979 300 89
0 650 784.067 300 89
0 650 784.163 300 89
0 650 784.255 300 89
0 650 784.342 300 89
0 650 784.42 300 89
0 650 784.511 300 89
0 650 784.6 300 89
0 650 784.692 300 89
0 650 784.775 300 89
0 650 784.863 300 89
0 650 784.943 300 89
0 650 785.038 300 89
0 650 785.116 300 89
0 650 785.207 300 89
0 650 785.271 300 89
0 650 785.369 300 89
0 650 785.46 300 89
0 650 785.549 300 89
0 650 785.65 300 89
0 650 785.74 300 89
0 650 785.885 300 89
0 650 785.979 300 89
0 650 786.072 300 89
0 650 786.165 300 89
0 650 786.252 300 89
0 650 786.344 300 89
0 650 786.435 300 89
0 650 786.517 300 89
0 650 786.614 300 89
0 650 786.701 300 89
0 650 786.788 300 89
0 650 786.878 300 89
0 650 786.968 300 89
0 650 787.057 300 89
0 650 787.15 300 89
0 650 787.24 300 89
0 650 787.33 300 89
0 650 787.419 300 89
0 650 787.504 300 89
0 650 787.593 300 89
0 650 787.687 300 89
0 650 787.776 300 89
0 650 787.86 300 89
0 650 787.951 300 89
0 650 788.035 300 89
0 650 788.123 300 89
0 650 788.217 300 89
0 650 788.307 300 89
0 650 788.385 300 89
0 650 788.474 300 89
0 650 788.562 300 89
0 650 788.65 300 89
0 650 788.734 300 89
0 650 788.823 300 89
0 650 788.922 300 89
0 650 789.009 300 89
0 650 789.101 300 89
0 650 789.178 300 89
0 650 789.269 300 89
0 650 789.368 300 89
0 650 789.466 300 89
0 650 789.55 300 89
0 650 789.642 300 89
0 650 789.727 300 89
0 650 789.818 300 89
0 650 789.9 300 89
0 650 789.986 300 89
0 650 790.071 300 89
0 650 790.152 300 89
0 650 790.242 300 89
0 650 790.336 300 89
0 650 790.428 300 89
0 650 790.479 300 89
0 650 790.567 300 89
0 650 790.653 300 89
0 650 790.749 300 89
0 650 790.837 300 89
0 650 790.921 300 89
0 650 791.008 300 89
0 650 791.094 300 89
0 650 791.182 300 89
0 650 791.267 300 89
0 650 791.411 300 89
0 650 791.5 300 89
0 650 791.583 300 89
0 650 791.672 300 89
0 650 791.759 300 89
0 650 791.849 300 89
0 650 791.938 300 89
0 650 792.029 300 89
0 650 792.121 300 89
0 650 792.2 300 89
0 650 792.298 300 89
0 650 792.399 300 89
0 650 792.488 300 89
0 650 792.582 300 89
0 650 792.681 300 89
0 650 792.772 300 89
0 650 792.868 300 89
0 650 792.958 300 89
0 650 793.041 300 89
0 650 793.116 300 89
0 650 793.202 300 89
0 650 793.291 300 89
0 650 793.386 300 89
0 650 793.467 300 89
0 650 793.556 300 89
0 650 793.644 300 89
0 650 793.738 300 89
0 650 793.822 300 89
0 650 793.901 300 89
0 650 793.991 300 89
0 650 794.071 300 89
0 650 794.157 300 89
0 650 794.255 300 89
0 650 794.343 300 89
0 650 794.434 300 89
0 650 794.523 300 89
0 650 794.615 300 89
0 650 794.704 300 89
0 650 794.791 300 89
0 650 794.874 300 89
0 650 794.958 300 89
0 650 795.048 300 89
0 650 795.136 300 89
0 650 795.25 300 89
0 650 795.336 300 89
0 650 795.427 300 89
0 650 795.533 300 89
0 650 795.626 300 89
0 650 795.714 300 89
0 650 795.795 300 89
0 650 795.876 300 89
0 650 795.955 300 89
0 650 796.05 300 89
0 650 796.138 300 89
0 650 796.227 300 89
0 650 796.311 300 89
0 650 796.383 300 89
0 650 796.471 300 89
0 650 796.557 300 89
0 650 796.647 300 89
0 650 796.737 300 89
0 650 796.822 300 89
0 650 796.907 300 89
0 650 796.991 300 89
0 650 797.092 300 89
0 650 797.177 300 89
0 650 797.267 300 89
0 650 797.353 300 89
0 650 797.439 300 89
0 650 797.522 300 89
0 650 797.608 300 89
0 650 797.692 300 89
0 650 797.784 300 89
0 650 797.863 300 89
0 650 797.96 300 89
0 650 798.044 300 89
0 650 798.128 300 89
0 650 798.2 300 89
0 650 798.276 300 89
0 650 798.356 300 89
0 650 798.442 300 89
0 650 798.532 300 89
0 650 798.611 300 89
0 650 798.693 300 89
0 650 798.783 300 89
0 650 798.873 300 89
0 650 798.966 300 89
0 650 799.047 300 89
0 650 799.12 300 89
0 650 799.192 300 89
0 650 799.276 300 89
0 650 799.355 300 89
0 650 799.441 300 89
0 650 799.524 300 89
0 650 799.612 300 89
0 650 799.697 300 89
0 650 799.794 300 89
0 650 799.879 300 89
0 650 799.966 300 89
