0 773.2 0.009106 300 0
0 745.2 0.011956 1
0 700.4 0.014385 1
0 666.8 0.017639 1
0 666.8 0.069539 300 84
0 666.8 0.125398 300 88
0 661.2 0.12848 88
0 661.2 0.179854 300 88
0 661.2 0.234962 300 88
0 655.6 0.238185 88
0 655.6 0.287937 300 89
0 655.6 0.336347 300 89
0 655.6 0.382556 300 89
0 655.6 0.439218 300 89
0 655.6 0.488002 300 89
0 655.6 0.53827 300 89
0 655.6 0.588927 300 89
0 655.6 0.643491 300 89
0 655.6 0.695314 300 89
0 655.6 0.747016 300 89
0 655.6 0.798874 300 89
0 655.6 0.855744 300 89
0 655.6 0.92207 300 89
0 655.6 0.97497 300 89
0 655.6 1.02505 300 89
0 655.6 1.08195 300 89
0 655.6 1.13335 300 89
0 655.6 1.1829 300 89
0 655.6 1.23683 300 89
0 655.6 1.28919 300 89
0 655.6 1.33922 300 89
0 655.6 1.39518 300 89
0 655.6 1.44837 300 89
0 655.6 1.50344 300 89
0 655.6 1.5625 300 89
0 655.6 1.61407 300 89
0 655.6 1.66828 300 89
0 655.6 1.72894 300 89
0 655.6 1.78446 300 89
0 655.6 1.83863 300 89
0 655.6 1.89405 300 89
0 655.6 1.94802 300 89
0 655.6 2.00449 300 89
0 655.6 2.05482 300 89
0 655.6 2.10953 300 89
0 655.6 2.16712 300 89
0 655.6 2.23945 300 89
0 655.6 2.29312 300 89
0 655.6 2.35583 300 89
0 655.6 2.40805 300 89
0 655.6 2.46747 300 89
0 655.6 2.53053 300 89
0 655.6 2.58879 300 89
0 655.6 2.65028 300 89
0 655.6 2.70684 300 89
0 655.6 2.76311 300 89
0 655.6 2.82164 300 89
0 655.6 2.87732 300 89
0 655.6 2.93948 300 89
0 655.6 3.00287 300 89
0 655.6 3.0612 300 89
0 655.6 3.11264 300 89
0 655.6 3.16798 300 89
0 655.6 3.22478 300 89
0 655.6 3.28398 300 89
0 655.6 3.34479 300 89
0 655.6 3.40181 300 89
0 655.6 3.45938 300 89
0 655.6 3.5137 300 89
0 655.6 3.57139 300 89
0 655.6 3.62991 300 89
0 655.6 3.68942 300 89
0 655.6 3.74038 300 89
0 655.6 3.79657 300 89
0 655.6 3.85532 300 89
0 655.6 3.91108 300 89
0 655.6 3.97297 300 89
0 655.6 4.03335 300 89
0 655.6 4.09805 300 89
0 655.6 4.14784 300 89
0 655.6 4.20094 300 89
0 655.6 4.26956 300 89
0 655.6 4.32676 300 89
0 655.6 4.38487 300 89
0 655.6 4.44612 300 89
0 655.6 4.50684 300 89
0 655.6 4.59806 300 89
0 655.6 4.66648 300 89
0 655.6 4.73125 300 89
0 655.6 4.79366 300 89
0 655.6 4.85439 300 89
0 655.6 4.91682 300 89
0 655.6 4.97572 300 89
0 655.6 5.03127 300 89
0 655.6 5.09073 300 89
0 655.6 5.15371 300 89
0 655.6 5.2083 300 89
0 655.6 5.26545 300 89
0 655.6 5.32517 300 89
0 655.6 5.38374 300 89
0 655.6 5.44586 300 89
0 655.6 5.50065 300 89
0 655.6 5.55999 300 89
0 655.6 5.61577 300 89
0 655.6 5.67271 300 89
0 655.6 5.72745 300 89
0 655.6 5.77684 300 89
0 655.6 5.83594 300 89
0 655.6 5.89757 300 89
0 655.6 5.95908 300 89
0 655.6 6.02008 300 89
0 655.6 6.08445 300 89
0 655.6 6.14114 300 89
0 655.6 6.19634 300 89
0 655.6 6.26559 300 89
0 655.6 6.33202 300 89
0 655.6 6.38976 300 89
0 655.6 6.45229 300 89
0 655.6 6.51366 300 89
0 655.6 6.57437 300 89
0 655.6 6.639 300 89
0 655.6 6.70299 300 89
0 655.6 6.76309 300 89
0 655.6 6.81297 300 89
0 655.6 6.87343 300 89
0 655.6 6.97015 300 89
0 655.6 7.02539 300 89
0 655.6 7.0868 300 89
0 655.6 7.14285 300 89
0 655.6 7.20571 300 89
0 655.6 7.26814 300 89
0 655.6 7.32971 300 89
0 655.6 7.39382 300 89
0 655.6 7.45353 300 89
0 655.6 7.51058 300 89
0 655.6 7.5716 300 89
0 655.6 7.62809 300 89
0 655.6 7.68678 300 89
0 655.6 7.7451 300 89
0 655.6 7.78401 300 89
0 655.6 7.83792 300 89
0 655.6 7.89249 300 89
0 655.6 7.95213 300 89
0 655.6 8.01559 300 89
0 655.6 8.07605 300 89
0 655.6 8.13873 300 89
0 655.6 8.20004 300 89
0 655.6 8.25992 300 89
0 655.6 8.32445 300 89
0 655.6 8.3974 300 89
0 655.6 8.46405 300 89
0 655.6 8.51953 300 89
0 655.6 8.59013 300 89
0 655.6 8.65377 300 89
0 655.6 8.71738 300 89
0 655.6 8.77977 300 89
0 655.6 8.8383 300 89
0 655.6 8.89762 300 89
0 655.6 8.96184 300 89
0 655.6 9.03032 300 89
0 655.6 9.09562 300 89
0 655.6 9.16325 300 89
0 655.6 9.22758 300 89
0 655.6 9.28784 300 89
0 655.6 9.35384 300 89
0 655.6 9.44705 300 89
0 655.6 9.51538 300 89
0 655.6 9.5802 300 89
0 655.6 9.63679 300 89
0 655.6 9.70279 300 89
0 655.6 9.76682 300 89
0 655.6 9.82958 300 89
0 655.6 9.89221 300 89
0 655.6 9.95759 300 89
0 655.6 10.025 300 89
0 655.6 10.0926 300 89
0 655.6 10.1614 300 89
0 655.6 10.2267 300 89
0 655.6 10.2923 300 89
0 655.6 10.3614 300 89
0 655.6 10.4237 300 89
0 655.6 10.488 300 89
0 655.6 10.5533 300 89
0 655.6 10.6207 300 89
0 655.6 10.6882 300 89
0 655.6 10.7605 300 89
0 655.6 10.8275 300 89
0 655.6 10.8929 300 89
0 655.6 10.956 300 89
0 655.6 11.0301 300 89
0 655.6 11.0936 300 89
0 655.6 11.1646 300 89
0 655.6 11.2296 300 89
0 655.6 11.2955 300 89
0 655.6 11.3619 300 89
0 655.6 11.4482 300 89
0 655.6 11.541 300 89
0 655.6 11.6361 300 89
0 655.6 11.7379 300 89
0 655.6 11.8351 300 89
0 655.6 11.935 300 89
0 655.6 12.0292 300 89
0 655.6 12.1283 300 89
0 655.6 12.2308 300 89
0 655.6 12.3166 300 89
0 655.6 12.4139 300 89
0 655.6 12.5118 300 89
0 655.6 12.6028 300 89
0 655.6 12.7043 300 89
0 655.6 12.806 300 89
0 655.6 12.91 300 89
0 655.6 13.0144 300 89
0 655.6 13.1136 300 89
0 655.6 13.2107 300 89
0 655.6 13.3189 300 89
0 655.6 13.4139 300 89
0 655.6 13.5252 300 89
0 655.6 13.6368 300 89
0 655.6 13.7152 300 89
0 655.6 13.8246 300 89
0 655.6 13.9226 300 89
0 655.6 14.0233 300 89
0 655.6 14.1326 300 89
0 655.6 14.237 300 89
0 655.6 14.3322 300 89
0 655.6 14.4393 300 89
0 655.6 14.5434 300 89
0 655.6 14.6446 300 89
0 655.6 14.7968 300 89
0 655.6 14.8636 300 89
0 655.6 14.9601 300 89
0 655.6 15.0608 300 89
0 655.6 15.1503 300 89
0 655.6 15.2197 300 89
0 655.6 15.3141 300 89
0 655.6 15.4154 300 89
0 655.6 15.513 300 89
0 655.6 15.615 300 89
0 655.6 15.7155 300 89
0 655.6 15.8207 300 89
0 655.6 15.9261 300 89
0 655.6 16.0246 300 89
0 655.6 16.1216 300 89
0 655.6 16.2243 300 89
0 655.6 16.3226 300 89
0 655.6 16.4298 300 89
0 655.6 16.5259 300 89
0 655.6 16.6226 300 89
0 655.6 16.7347 300 89
0 655.6 16.8428 300 89
0 655.6 16.9479 300 89
0 655.6 17.0536 300 89
0 655.6 17.1549 300 89
0 655.6 17.2658 300 89
0 655.6 17.3642 300 89
0 655.6 17.4619 300 89
0 655.6 17.569 300 89
0 655.6 17.6754 300 89
0 655.6 17.7824 300 89
0 655.6 17.8776 300 89
0 655.6 17.9787 300 89
0 655.6 18.0846 300 89
0 655.6 18.1831 300 89
0 655.6 18.2898 300 89
0 655.6 18.3911 300 89
0 655.6 18.4983 300 89
0 655.6 18.5977 300 89
0 655.6 18.6866 300 89
0 655.6 18.7858 300 89
0 655.6 18.8919 300 89
0 655.6 18.9925 300 89
0 655.6 19.1613 300 89
0 655.6 19.2661 300 89
0 655.6 19.3624 300 89
0 655.6 19.4648 300 89
0 655.6 19.5576 300 89
0 655.6 19.6541 300 89
0 655.6 19.7527 300 89
0 655.6 19.8535 300 89
0 655.6 19.9516 300 89
0 655.6 20.0562 300 89
0 655.6 20.1603 300 89
0 655.6 20.257 300 89
0 655.6 20.3477 300 89
0 655.6 20.4455 300 89
0 655.6 20.5547 300 89
0 655.6 20.6536 300 89
0 655.6 20.7594 300 89
0 655.6 20.8611 300 89
0 655.6 20.9621 300 89
0 655.6 21.0621 300 89
0 655.6 21.1661 300 89
0 655.6 21.2676 300 89
0 655.6 21.3688 300 89
0 655.6 21.4716 300 89
0 655.6 21.5695 300 89
0 655.6 21.6709 300 89
0 655.6 21.7739 300 89
0 655.6 21.8762 300 89
0 655.6 21.9697 300 89
0 655.6 22.073 300 89
0 655.6 22.1744 300 89
0 655.6 22.2828 300 89
0 655.6 22.3851 300 89
0 655.6 22.4785 300 89
0 655.6 22.5939 300 89
0 655.6 22.7022 300 89
0 655.6 22.7964 300 89
0 655.6 22.8974 300 89
0 655.6 22.9935 300 89
0 655.6 23.0978 300 89
0 655.6 23.1942 300 89
0 655.6 23.2988 300 89
0 655.6 23.4029 300 89
0 655.6 23.5019 300 89
0 655.6 23.6417 300 89
0 655.6 23.7439 300 89
0 655.6 23.8421 300 89
0 655.6 23.9482 300 89
0 655.6 24.0535 300 89
0 655.6 24.1554 300 89
0 655.6 24.2632 300 89
0 655.6 24.3485 300 89
0 655.6 24.4618 300 89
0 655.6 24.5703 300 89
0 655.6 24.6737 300 89
0 655.6 24.7645 300 89
0 655.6 24.8671 300 89
0 655.6 24.9725 300 89
0 655.6 25.0716 300 89
0 655.6 25.1779 300 89
0 655.6 25.2863 300 89
0 655.6 25.3939 300 89
0 655.6 25.5033 300 89
0 655.6 25.6061 300 89
0 655.6 25.7114 300 89
0 655.6 25.8152 300 89
0 655.6 25.9316 300 89
0 655.6 26.0316 300 89
0 655.6 26.1346 300 89
0 655.6 26.2366 300 89
0 655.6 26.3102 300 89
0 655.6 26.4144 300 89
0 655.6 26.5173 300 89
0 655.6 26.6226 300 89
0 655.6 26.7336 300 89
0 655.6 26.8399 300 89
0 655.6 26.9358 300 89
0 655.6 27.0393 300 89
0 655.6 27.1409 300 89
0 655.6 27.2431 300 89
0 655.6 27.3447 300 89
0 655.6 27.4405 300 89
0 655.6 27.5477 300 89
0 655.6 27.648 300 89
0 655.6 27.7568 300 89
0 655.6 27.8578 300 89
0 655.6 27.9559 300 89
0 655.6 28.0561 300 89
0 655.6 28.1578 300 89
0 655.6 28.2503 300 89
0 655.6 28.3608 300 89
0 655.6 28.4685 300 89
0 655.6 28.5613 300 89
0 655.6 28.6596 300 89
0 655.6 28.7666 300 89
0 655.6 28.8745 300 89
0 655.6 28.9818 300 89
0 655.6 29.085 300 89
0 655.6 29.1895 300 89
0 655.6 29.2863 300 89
0 655.6 29.3885 300 89
0 655.6 29.495 300 89
0 655.6 29.6 300 89
0 655.6 29.7014 300 89
0 655.6 29.8033 300 89
0 655.6 29.9197 300 89
0 655.6 30.02 300 89
0 655.6 30.1165 300 89
0 655.6 30.2155 300 89
0 655.6 30.3043 300 89
0 655.6 30.3973 300 89
0 655.6 30.4912 300 89
0 655.6 30.5787 300 89
0 655.6 30.6684 300 89
0 655.6 30.7726 300 89
0 655.6 30.8751 300 89
0 655.6 30.9739 300 89
0 655.6 31.0804 300 89
0 655.6 31.1829 300 89
0 655.6 31.2801 300 89
0 655.6 31.3731 300 89
0 655.6 31.4762 300 89
0 655.6 31.5792 300 89
0 655.6 31.6731 300 89
0 655.6 31.7589 300 89
0 655.6 31.8568 300 89
0 655.6 31.9451 300 89
0 655.6 32.0302 300 89
0 655.6 32.1342 300 89
0 655.6 32.2332 300 89
0 655.6 32.3315 300 89
0 655.6 32.4377 300 89
0 655.6 32.528 300 89
0 655.6 32.6482 300 89
0 655.6 32.7504 300 89
0 655.6 32.8523 300 89
0 655.6 32.9534 300 89
0 655.6 33.0479 300 89
0 655.6 33.1498 300 89
0 655.6 33.2527 300 89
0 655.6 33.3473 300 89
0 655.6 33.4419 300 89
0 655.6 33.5433 300 89
0 655.6 33.6406 300 89
0 655.6 33.7438 300 89
0 655.6 33.841 300 89
0 655.6 33.9416 300 89
0 655.6 34.0502 300 89
0 655.6 34.1574 300 89
0 655.6 34.2614 300 89
0 655.6 34.358 300 89
0 655.6 34.4603 300 89
0 655.6 34.5458 300 89
0 655.6 34.6451 300 89
0 655.6 34.7451 300 89
0 655.6 34.8348 300 89
0 655.6 34.9318 300 89
0 655.6 35.0273 300 89
0 655.6 35.1335 300 89
0 655.6 35.226 300 89
0 655.6 35.3169 300 89
0 655.6 35.4074 300 89
0 655.6 35.4952 300 89
0 655.6 35.5913 300 89
0 655.6 35.6854 300 89
0 655.6 35.7852 300 89
0 655.6 35.884 300 89
0 655.6 35.9718 300 89
0 655.6 36.068 300 89
0 655.6 36.1664 300 89
0 655.6 36.2594 300 89
0 655.6 36.3493 300 89
0 655.6 36.4344 300 89
0 655.6 36.5408 300 89
0 655.6 36.6354 300 89
0 655.6 36.7411 300 89
0 655.6 36.8358 300 89
0 655.6 36.8978 300 89
0 655.6 36.9846 300 89
0 655.6 37.083 300 89
0 655.6 37.1702 300 89
0 655.6 37.2634 300 89
0 655.6 37.3616 300 89
0 655.6 37.4629 300 89
0 655.6 37.5717 300 89
0 655.6 37.6996 300 89
0 655.6 37.7947 300 89
0 655.6 37.8929 300 89
0 655.6 38.0065 300 89
0 655.6 38.1076 300 89
0 655.6 38.2057 300 89
0 655.6 38.302 300 89
0 655.6 38.3969 300 89
0 655.6 38.4873 300 89
0 655.6 38.5811 300 89
0 655.6 38.6802 300 89
0 655.6 38.7835 300 89
0 655.6 38.8812 300 89
0 655.6 38.9787 300 89
0 655.6 39.0794 300 89
0 655.6 39.1725 300 89
0 655.6 39.2758 300 89
0 655.6 39.3698 300 89
0 655.6 39.4737 300 89
0 655.6 39.5629 300 89
0 655.6 39.6511 300 89
0 655.6 39.7468 300 89
0 655.6 39.8395 300 89
0 655.6 39.94 300 89
0 655.6 40.0259 300 89
0 655.6 40.0956 300 89
0 655.6 40.1891 300 89
0 655.6 40.2805 300 89
0 655.6 40.3721 300 89
0 655.6 40.4751 300 89
0 655.6 40.5748 300 89
0 655.6 40.6811 300 89
0 655.6 40.7803 300 89
0 655.6 40.8778 300 89
0 655.6 40.968 300 89
0 655.6 41.0721 300 89
0 655.6 41.1691 300 89
0 655.6 41.2642 300 89
0 655.6 41.3592 300 89
0 655.6 41.4506 300 89
0 655.6 41.5433 300 89
0 655.6 41.6407 300 89
0 655.6 41.7363 300 89
0 655.6 41.8293 300 89
0 655.6 41.9252 300 89
0 655.6 42.023 300 89
0 655.6 42.1233 300 89
0 655.6 42.2128 300 89
0 655.6 42.3078 300 89
0 655.6 42.3914 300 89
0 655.6 42.4784 300 89
0 655.6 42.5713 300 89
0 655.6 42.652 300 89
0 655.6 42.7456 300 89
0 655.6 42.8365 300 89
0 655.6 42.9365 300 89
0 655.6 43.0284 300 89
0 655.6 43.1246 300 89
0 650 43.1798 89
0 650 43.2431 300 89
0 650 43.3252 300 89
0 650 43.4155 300 89
0 650 43.4988 300 89
0 650 43.596 300 89
0 650 43.6834 300 89
0 650 43.7665 300 89
0 650 43.8647 300 89
0 650 43.9604 300 89
0 650 44.0589 300 89
0 650 44.1464 300 89
0 650 44.2303 300 89
0 650 44.3171 300 89
0 650 44.4053 300 89
0 650 44.4988 300 89
0 650 44.596 300 89
0 650 44.691 300 89
0 650 44.7888 300 89
0 650 44.8723 300 89
0 650 44.938 300 89
0 650 45.0058 300 89
0 650 45.0674 300 89
0 650 45.1296 300 89
0 650 45.1976 300 89
0 650 45.26 300 89
0 650 45.3199 300 89
0 650 45.3857 300 89
0 650 45.4521 300 89
0 650 45.5171 300 89
0 650 45.5991 300 89
0 650 45.684 300 89
0 650 45.769 300 89
0 650 45.8615 300 89
0 650 45.953 300 89
0 650 46.0437 300 89
0 650 46.1349 300 89
0 650 46.2278 300 89
0 650 46.3245 300 89
0 650 46.4139 300 89
0 650 46.507 300 89
0 650 46.614 300 89
0 650 46.7053 300 89
0 650 46.7909 300 89
0 650 46.8743 300 89
0 650 46.956 300 89
0 650 47.0372 300 89
0 650 47.1233 300 89
0 650 47.2101 300 89
0 650 47.3035 300 89
0 650 47.3926 300 89
0 650 47.4893 300 89
0 650 47.5797 300 89
0 650 47.6684 300 89
0 650 47.7568 300 89
0 650 47.8474 300 89
0 650 47.9385 300 89
0 650 48.0211 300 89
0 650 48.1023 300 89
0 650 48.1887 300 89
0 650 48.2761 300 89
0 650 48.3626 300 89
0 650 48.4493 300 89
0 650 48.5302 300 89
0 650 48.6179 300 89
0 650 48.7053 300 89
0 650 48.7965 300 89
0 650 48.8843 300 89
0 650 48.9691 300 89
0 650 49.0535 300 89
0 650 49.1368 300 89
0 650 49.2274 300 89
0 650 49.3081 300 89
0 650 49.3922 300 89
0 650 49.4816 300 89
0 650 49.5722 300 89
0 650 49.6613 300 89
0 650 49.7424 300 89
0 650 49.8319 300 89
0 650 49.9244 300 89
0 650 50.0205 300 89
0 650 50.1144 300 89
0 650 50.2039 300 89
0 650 50.2951 300 89
0 650 50.376 300 89
0 650 50.4647 300 89
0 650 50.5496 300 89
0 650 50.6413 300 89
0 650 50.7291 300 89
0 650 50.818 300 89
0 650 50.9123 300 89
0 650 50.9981 300 89
0 650 51.0903 300 89
0 650 51.1769 300 89
0 650 51.2641 300 89
0 650 51.3478 300 89
0 650 51.4337 300 89
0 650 51.523 300 89
0 650 51.6193 300 89
0 650 51.7119 300 89
0 650 51.8034 300 89
0 650 51.8869 300 89
0 650 51.9757 300 89
0 650 52.0634 300 89
0 650 52.158 300 89
0 650 52.2413 300 89
0 650 52.3262 300 89
0 650 52.4104 300 89
0 650 52.4983 300 89
0 650 52.5774 300 89
0 650 52.656 300 89
0 650 52.7408 300 89
0 650 52.8288 300 89
0 650 52.9075 300 89
0 650 52.9899 300 89
0 650 53.0819 300 89
0 650 53.1644 300 89
0 650 53.253 300 89
0 650 53.3384 300 89
0 650 53.4203 300 89
0 650 53.504 300 89
0 650 53.5901 300 89
0 650 53.676 300 89
0 650 53.7657 300 89
0 650 53.8443 300 89
0 650 53.9342 300 89
0 650 54.02 300 89
0 650 54.1123 300 89
0 650 54.198 300 89
0 650 54.2847 300 89
0 650 54.3694 300 89
0 650 54.4504 300 89
0 650 54.5234 300 89
0 650 54.6104 300 89
0 650 54.7028 300 89
0 650 54.7872 300 89
0 650 54.8707 300 89
0 650 54.9629 300 89
0 650 55.046 300 89
0 650 55.1282 300 89
0 650 55.2141 300 89
0 650 55.304 300 89
0 650 55.3984 300 89
0 650 55.4836 300 89
0 650 55.5742 300 89
0 650 55.6629 300 89
0 650 55.7413 300 89
0 650 55.8118 300 89
0 650 55.897 300 89
0 650 55.9792 300 89
0 650 56.0608 300 89
0 650 56.1459 300 89
0 650 56.2346 300 89
0 650 56.3195 300 89
0 650 56.4036 300 89
0 650 56.4882 300 89
0 650 56.575 300 89
0 650 56.6672 300 89
0 650 56.7584 300 89
0 650 56.8426 300 89
0 650 56.9315 300 89
0 650 57.0156 300 89
0 650 57.1 300 89
0 650 57.1837 300 89
0 650 57.2724 300 89
0 650 57.3511 300 89
0 650 57.4344 300 89
0 650 57.5127 300 89
0 650 57.5919 300 89
0 650 57.6777 300 89
0 650 57.7608 300 89
0 650 57.8472 300 89
0 650 57.9374 300 89
0 650 58.0263 300 89
0 650 58.1123 300 89
0 650 58.2034 300 89
0 650 58.2894 300 89
0 650 58.3718 300 89
0 650 58.4512 300 89
0 650 58.5406 300 89
0 650 58.6284 300 89
0 650 58.7115 300 89
0 650 58.7932 300 89
0 650 58.8758 300 89
0 650 58.9596 300 89
0 650 59.0365 300 89
0 650 59.1119 300 89
0 650 59.1678 300 89
0 650 59.2228 300 89
0 650 59.2817 300 89
0 650 59.3238 300 89
0 650 59.3848 300 89
0 650 59.444 300 89
0 650 59.5042 300 89
0 650 59.5661 300 89
0 650 59.6245 300 89
0 650 59.6868 300 89
0 650 59.7458 300 89
0 650 59.8004 300 89
0 650 59.8651 300 89
0 650 59.9228 300 89
0 650 59.9827 300 89
0 650 60.0705 300 89
0 650 60.155 300 89
0 650 60.2414 300 89
0 650 60.3241 300 89
0 650 60.4109 300 89
0 650 60.4805 300 89
0 650 60.571 300 89
0 650 60.6623 300 89
0 650 60.7475 300 89
0 650 60.8346 300 89
0 650 60.9188 300 89
0 650 60.9949 300 89
0 650 61.0718 300 89
0 650 61.1332 300 89
0 650 61.2283 300 89
0 650 61.3158 300 89
0 650 61.405 300 89
0 650 61.4937 300 89
0 650 61.5708 300 89
0 650 61.6611 300 89
0 650 61.7442 300 89
0 650 61.8247 300 89
0 650 61.9085 300 89
0 650 62.0014 300 89
0 650 62.0772 300 89
0 650 62.1644 300 89
0 650 62.2409 300 89
0 650 62.3311 300 89
0 650 62.4087 300 89
0 650 62.4901 300 89
0 650 62.5766 300 89
0 650 62.6637 300 89
0 650 62.7404 300 89
0 650 62.829 300 89
0 650 62.917 300 89
0 650 63.0007 300 89
0 650 63.0764 300 89
0 650 63.1599 300 89
0 650 63.245 300 89
0 650 63.3267 300 89
0 650 63.4218 300 89
0 650 63.513 300 89
0 650 63.6457 300 89
0 650 63.7292 300 89
0 650 63.8291 300 89
0 650 63.9145 300 89
0 650 63.9979 300 89
0 650 64.0863 300 89
0 650 64.1735 300 89
0 650 64.2409 300 89
0 650 64.329 300 89
0 650 64.414 300 89
0 650 64.4882 300 89
0 650 64.5792 300 89
0 650 64.6675 300 89
0 650 64.7574 300 89
0 650 64.838 300 89
0 650 64.9266 300 89
0 650 65.0053 300 89
0 650 65.0956 300 89
0 650 65.1798 300 89
0 650 65.2719 300 89
0 650 65.3605 300 89
0 650 65.4401 300 89
0 650 65.5287 300 89
0 650 65.6212 300 89
0 650 65.7079 300 89
0 650 65.7976 300 89
0 650 65.8864 300 89
0 650 65.9783 300 89
0 650 66.0624 300 89
0 650 66.1436 300 89
0 650 66.235 300 89
0 650 66.3144 300 89
0 650 66.3992 300 89
0 650 66.4898 300 89
0 650 66.5808 300 89
0 650 66.6619 300 89
0 650 66.7501 300 89
0 650 66.8368 300 89
0 650 66.9264 300 89
0 650 67.0113 300 89
0 650 67.1023 300 89
0 650 67.1976 300 89
0 650 67.2827 300 89
0 650 67.3618 300 89
0 650 67.4519 300 89
0 650 67.5379 300 89
0 650 67.6288 300 89
0 650 67.7165 300 89
0 650 67.8032 300 89
0 650 67.8878 300 89
0 650 67.9687 300 89
0 650 68.0543 300 89
0 650 68.1427 300 89
0 650 68.2227 300 89
0 650 68.3172 300 89
0 650 68.404 300 89
0 650 68.4933 300 89
0 650 68.5791 300 89
0 650 68.662 300 89
0 650 68.7451 300 89
0 650 68.833 300 89
0 650 68.9087 300 89
0 650 68.9901 300 89
0 650 69.07 300 89
0 650 69.1552 300 89
0 650 69.238 300 89
0 650 69.323 300 89
0 650 69.4063 300 89
0 650 69.4948 300 89
0 650 69.5838 300 89
0 650 69.6718 300 89
0 650 69.7581 300 89
0 650 69.8427 300 89
0 650 69.9273 300 89
0 650 70.0141 300 89
0 650 70.1046 300 89
0 650 70.2038 300 89
0 650 70.2903 300 89
0 650 70.3731 300 89
0 650 70.459 300 89
0 650 70.5335 300 89
0 650 70.6274 300 89
0 650 70.7055 300 89
0 650 70.7907 300 89
0 650 70.8466 300 89
0 650 70.9381 300 89
0 650 71.0271 300 89
0 650 71.1101 300 89
0 650 71.1964 300 89
0 650 71.2832 300 89
0 650 71.3699 300 89
0 650 71.4567 300 89
0 650 71.5413 300 89
0 650 71.6303 300 89
0 650 71.7153 300 89
0 650 71.8074 300 89
0 650 71.9008 300 89
0 650 71.9903 300 89
0 650 72.0757 300 89
0 650 72.1667 300 89
0 650 72.2632 300 89
0 650 72.3543 300 89
0 650 72.4447 300 89
0 650 72.5393 300 89
0 650 72.633 300 89
0 650 72.7126 300 89
0 650 72.8043 300 89
0 650 72.8916 300 89
0 650 72.9704 300 89
0 650 73.0593 300 89
0 650 73.1444 300 89
0 650 73.2275 300 89
0 650 73.3179 300 89
0 650 73.4029 300 89
0 650 73.4732 300 89
0 650 73.5323 300 89
0 650 73.6064 300 89
0 650 73.7045 300 89
0 650 73.7973 300 89
0 650 73.8835 300 89
0 650 73.9693 300 89
0 650 74.0646 300 89
0 650 74.1556 300 89
0 650 74.2393 300 89
0 650 74.3312 300 89
0 650 74.4183 300 89
0 650 74.505 300 89
0 650 74.5847 300 89
0 650 74.6652 300 89
0 650 74.7492 300 89
0 650 74.8408 300 89
0 650 74.9305 300 89
0 650 75.0216 300 89
0 650 75.1061 300 89
0 650 75.1945 300 89
0 650 75.2827 300 89
0 650 75.3647 300 89
0 650 75.4485 300 89
0 650 75.5428 300 89
0 650 75.6278 300 89
0 650 75.7131 300 89
0 650 75.7925 300 89
0 650 75.8807 300 89
0 650 75.9817 300 89
0 650 76.0791 300 89
0 650 76.1768 300 89
0 650 76.2703 300 89
0 650 76.3655 300 89
0 650 76.4548 300 89
0 650 76.5525 300 89
0 650 76.6428 300 89
0 650 76.7396 300 89
0 650 76.8296 300 89
0 650 76.9151 300 89
0 650 77.0016 300 89
0 650 77.0904 300 89
0 650 77.1765 300 89
0 650 77.2683 300 89
0 650 77.3561 300 89
0 650 77.4489 300 89
0 650 77.5387 300 89
0 650 77.6313 300 89
0 650 77.7215 300 89
0 650 77.8126 300 89
0 650 77.9006 300 89
0 650 77.9908 300 89
0 650 78.0737 300 89
0 650 78.149 300 89
0 650 78.238 300 89
0 650 78.3322 300 89
0 650 78.414 300 89
0 650 78.4946 300 89
0 650 78.5807 300 89
0 650 78.6607 300 89
0 650 78.7441 300 89
0 650 78.828 300 89
0 650 78.9209 300 89
0 650 79.0085 300 89
0 650 79.0944 300 89
0 650 79.1778 300 89
0 650 79.26 300 89
0 650 79.347 300 89
0 650 79.4358 300 89
0 650 79.5243 300 89
0 650 79.6095 300 89
0 650 79.699 300 89
0 650 79.7902 300 89
0 650 79.8837 300 89
0 650 79.9622 300 89
0 650 80.048 300 89
0 650 80.1409 300 89
0 650 80.2324 300 89
0 650 80.3207 300 89
0 650 80.4025 300 89
0 650 80.4916 300 89
0 650 80.5761 300 89
0 650 80.6653 300 89
0 650 80.7518 300 89
0 650 80.8333 300 89
0 650 80.9249 300 89
0 650 81.0066 300 89
0 650 81.0644 300 89
0 650 81.1503 300 89
0 650 81.2331 300 89
0 650 81.3241 300 89
0 650 81.4137 300 89
0 650 81.5009 300 89
0 650 81.5784 300 89
0 650 81.6593 300 89
0 650 81.7464 300 89
0 650 81.8288 300 89
0 650 81.9121 300 89
0 650 81.9967 300 89
0 650 82.0846 300 89
0 650 82.1707 300 89
0 650 82.2545 300 89
0 650 82.3446 300 89
0 650 82.4347 300 89
0 650 82.5209 300 89
0 650 82.6086 300 89
0 650 82.6926 300 89
0 650 82.7751 300 89
0 650 82.8602 300 89
0 650 82.9329 300 89
0 650 83.028 300 89
0 650 83.1199 300 89
0 650 83.2116 300 89
0 650 83.2962 300 89
0 650 83.3769 300 89
0 650 83.4642 300 89
0 650 83.5445 300 89
0 650 83.6301 300 89
0 650 83.7137 300 89
0 650 83.8052 300 89
0 650 83.9031 300 89
0 650 83.9891 300 89
0 650 84.0865 300 89
0 650 84.1699 300 89
0 650 84.2576 300 89
0 650 84.3455 300 89
0 650 84.4362 300 89
0 650 84.5224 300 89
0 650 84.6083 300 89
0 650 84.6963 300 89
0 650 84.7808 300 89
0 650 84.8656 300 89
0 650 84.9436 300 89
0 650 85.0354 300 89
0 650 85.124 300 89
0 650 85.2067 300 89
0 650 85.2897 300 89
0 650 85.3728 300 89
0 650 85.4534 300 89
0 650 85.5243 300 89
0 650 85.6131 300 89
0 650 85.7011 300 89
0 650 85.7916 300 89
0 650 85.875 300 89
0 650 85.9623 300 89
0 650 86.0479 300 89
0 650 86.1326 300 89
0 650 86.2208 300 89
0 650 86.2979 300 89
0 650 86.3884 300 89
0 650 86.4834 300 89
0 650 86.5692 300 89
0 650 86.6602 300 89
0 650 86.748 300 89
0 650 86.8306 300 89
0 650 86.9156 300 89
0 650 86.9964 300 89
0 650 87.0821 300 89
0 650 87.1624 300 89
0 650 87.246 300 89
0 650 87.3255 300 89
0 650 87.4168 300 89
0 650 87.4976 300 89
0 650 87.5851 300 89
0 650 87.6718 300 89
0 650 87.7507 300 89
0 650 87.8405 300 89
0 650 87.9211 300 89
0 650 87.9962 300 89
0 650 88.0551 300 89
0 650 88.1345 300 89
0 650 88.2198 300 89
0 650 88.3017 300 89
0 650 88.3837 300 89
0 650 88.4639 300 89
0 650 88.5467 300 89
0 650 88.64 300 89
0 650 88.7275 300 89
0 650 88.81 300 89
0 650 88.8997 300 89
0 650 88.9884 300 89
0 650 89.061 300 89
0 650 89.1508 300 89
0 650 89.2331 300 89
0 650 89.3235 300 89
0 650 89.4066 300 89
0 650 89.4876 300 89
0 650 89.5728 300 89
0 650 89.6496 300 89
0 650 89.7361 300 89
0 650 89.8207 300 89
0 650 89.9014 300 89
0 650 89.9817 300 89
0 650 90.0611 300 89
0 650 90.1479 300 89
0 650 90.2283 300 89
0 650 90.3172 300 89
0 650 90.4049 300 89
0 650 90.487 300 89
0 650 90.5693 300 89
0 650 90.6511 300 89
0 650 90.744 300 89
0 650 90.8267 300 89
0 650 90.9165 300 89
0 650 91.0026 300 89
0 650 91.0892 300 89
0 650 91.1722 300 89
0 650 91.2608 300 89
0 650 91.3474 300 89
0 650 91.4228 300 89
0 650 91.5061 300 89
0 650 91.589 300 89
0 650 91.6707 300 89
0 650 91.7534 300 89
0 650 91.8337 300 89
0 650 91.9182 300 89
0 650 92.0035 300 89
0 650 92.0899 300 89
0 650 92.1698 300 89
0 650 92.2515 300 89
0 650 92.3386 300 89
0 650 92.4249 300 89
0 650 92.5114 300 89
0 650 92.6006 300 89
0 650 92.6935 300 89
0 650 92.7825 300 89
0 650 92.8685 300 89
0 650 93.0055 300 89
0 650 93.0839 300 89
0 650 93.1626 300 89
0 650 93.2531 300 89
0 650 93.3305 300 89
0 650 93.413 300 89
0 650 93.5086 300 89
0 650 93.5923 300 89
0 650 93.6802 300 89
0 650 93.7606 300 89
0 650 93.8461 300 89
0 650 93.9292 300 89
0 650 94.0144 300 89
0 650 94.0963 300 89
0 650 94.1759 300 89
0 650 94.2547 300 89
0 650 94.3394 300 89
0 650 94.4265 300 89
0 650 94.5038 300 89
0 650 94.5865 300 89
0 650 94.6647 300 89
0 650 94.749 300 89
0 650 94.8344 300 89
0 650 94.9128 300 89
0 650 95.0019 300 89
0 650 95.0819 300 89
0 650 95.1721 300 89
0 650 95.2509 300 89
0 650 95.3357 300 89
0 650 95.4158 300 89
0 650 95.5172 300 89
0 650 95.5986 300 89
0 650 95.6834 300 89
0 650 95.7696 300 89
0 650 95.8509 300 89
0 650 95.9341 300 89
0 650 96.0156 300 89
0 650 96.0995 300 89
0 650 96.1914 300 89
0 650 96.274 300 89
0 650 96.3568 300 89
0 650 96.4409 300 89
0 650 96.5256 300 89
0 650 96.6015 300 89
0 650 96.6866 300 89
0 650 96.7696 300 89
0 650 96.849 300 89
0 650 96.9374 300 89
0 650 97.0249 300 89
0 650 97.1029 300 89
0 650 97.1924 300 89
0 650 97.2814 300 89
0 650 97.371 300 89
0 650 97.4524 300 89
0 650 97.5362 300 89
0 650 97.6174 300 89
0 650 97.7032 300 89
0 650 97.7888 300 89
0 650 97.8773 300 89
0 650 97.9597 300 89
0 650 98.048 300 89
0 650 98.1264 300 89
0 650 98.2107 300 89
0 650 98.2941 300 89
0 650 98.3786 300 89
0 650 98.4598 300 89
0 650 98.5413 300 89
0 650 98.6268 300 89
0 650 98.7161 300 89
0 650 98.8055 300 89
0 650 98.8928 300 89
0 650 98.9785 300 89
0 650 99.0537 300 89
0 650 99.1384 300 89
0 650 99.2248 300 89
0 650 99.3088 300 89
0 650 99.3989 300 89
0 650 99.4786 300 89
0 650 99.5679 300 89
0 650 99.651 300 89
0 650 99.739 300 89
0 650 99.8208 300 89
0 650 99.8976 300 89
0 650 99.9827 300 89
0 650 100.07 300 89
0 650 100.159 300 89
0 650 100.25 300 89
0 650 100.338 300 89
0 650 100.43 300 89
0 650 100.511 300 89
0 650 100.595 300 89
0 650 100.681 300 89
0 650 100.76 300 89
0 650 100.843 300 89
0 650 100.929 300 89
0 650 101.022 300 89
0 650 101.103 300 89
0 650 101.184 300 89
0 650 101.272 300 89
0 650 101.352 300 89
0 650 101.44 300 89
0 650 101.519 300 89
0 650 101.599 300 89
0 650 101.685 300 89
0 650 101.775 300 89
0 650 101.862 300 89
0 650 101.942 300 89
0 650 102.019 300 89
0 650 102.109 300 89
0 650 102.186 300 89
0 650 102.265 300 89
0 650 102.351 300 89
0 650 102.436 300 89
0 650 102.524 300 89
0 650 102.608 300 89
0 650 102.687 300 89
0 650 102.771 300 89
0 650 102.855 300 89
0 650 102.94 300 89
0 650 103.023 300 89
0 650 103.11 300 89
0 650 103.193 300 89
0 650 103.279 300 89
0 650 103.362 300 89
0 650 103.447 300 89
0 650 103.531 300 89
0 650 103.614 300 89
0 650 103.704 300 89
0 650 103.792 300 89
0 650 103.873 300 89
0 650 103.966 300 89
0 650 104.055 300 89
0 650 104.142 300 89
0 650 104.225 300 89
0 650 104.308 300 89
0 650 104.395 300 89
0 650 104.479 300 89
0 650 104.568 300 89
0 650 104.652 300 89
0 650 104.744 300 89
0 650 104.831 300 89
0 650 104.914 300 89
0 650 105.004 300 89
0 650 105.089 300 89
0 650 105.168 300 89
0 650 105.251 300 89
0 650 105.331 300 89
0 650 105.417 300 89
0 650 105.497 300 89
0 650 105.586 300 89
0 650 105.667 300 89
0 650 105.751 300 89
0 650 105.838 300 89
0 650 105.925 300 89
0 650 106.01 300 89
0 650 106.096 300 89
0 650 106.181 300 89
0 650 106.267 300 89
0 650 106.349 300 89
0 650 106.423 300 89
0 650 106.506 300 89
0 650 106.589 300 89
0 650 106.676 300 89
0 650 106.751 300 89
0 650 106.833 300 89
0 650 106.914 300 89
0 650 107.001 300 89
0 650 107.086 300 89
0 650 107.172 300 89
0 650 107.254 300 89
0 650 107.329 300 89
0 650 107.418 300 89
0 650 107.506 300 89
0 650 107.597 300 89
0 650 107.682 300 89
0 650 107.763 300 89
0 650 107.844 300 89
0 650 107.935 300 89
0 650 108.023 300 89
0 650 108.1 300 89
0 650 108.179 300 89
0 650 108.268 300 89
0 650 108.352 300 89
0 650 108.436 300 89
0 650 108.525 300 89
0 650 108.604 300 89
0 650 108.696 300 89
0 650 108.774 300 89
0 650 108.859 300 89
0 650 108.943 300 89
0 650 109.028 300 89
0 650 109.114 300 89
0 650 109.201 300 89
0 650 109.287 300 89
0 650 109.376 300 89
0 650 109.467 300 89
0 650 109.553 300 89
0 650 109.642 300 89
0 650 109.721 300 89
0 650 109.802 300 89
0 650 109.893 300 89
0 650 109.981 300 89
0 650 110.062 300 89
0 650 110.137 300 89
0 650 110.217 300 89
0 650 110.298 300 89
0 650 110.384 300 89
0 650 110.467 300 89
0 650 110.552 300 89
0 650 110.637 300 89
0 650 110.712 300 89
0 650 110.812 300 89
0 650 110.874 300 89
0 650 110.943 300 89
0 650 111 300 89
0 650 111.059 300 89
0 650 111.118 300 89
0 650 111.177 300 89
0 650 111.234 300 89
0 650 111.293 300 89
0 650 111.351 300 89
0 650 111.404 300 89
0 650 111.475 300 89
0 650 111.54 300 89
0 650 111.603 300 89
0 650 111.664 300 89
0 650 111.725 300 89
0 650 111.787 300 89
0 650 111.848 300 89
0 650 111.892 300 89
0 650 111.959 300 89
0 650 112.024 300 89
0 650 112.083 300 89
0 650 112.145 300 89
0 650 112.21 300 89
0 650 112.269 300 89
0 650 112.328 300 89
0 650 112.388 300 89
0 650 112.448 300 89
0 650 112.517 300 89
0 650 112.574 300 89
0 650 112.635 300 89
0 650 112.691 300 89
0 650 112.758 300 89
0 650 112.82 300 89
0 650 112.876 300 89
0 650 112.938 300 89
0 650 113.002 300 89
0 650 113.073 300 89
0 650 113.132 300 89
0 650 113.192 300 89
0 650 113.246 300 89
0 650 113.307 300 89
0 650 113.369 300 89
0 650 113.455 300 89
0 650 113.522 300 89
0 650 113.583 300 89
0 650 113.638 300 89
0 650 113.7 300 89
0 650 113.763 300 89
0 650 113.825 300 89
0 650 113.888 300 89
0 650 113.949 300 89
0 650 114.01 300 89
0 650 114.072 300 89
0 650 114.136 300 89
0 650 114.199 300 89
0 650 114.257 300 89
0 650 114.318 300 89
0 650 114.373 300 89
0 650 114.433 300 89
0 650 114.496 300 89
0 650 114.552 300 89
0 650 114.617 300 89
0 650 114.683 300 89
0 650 114.739 300 89
0 650 114.797 300 89
0 650 114.888 300 89
0 650 114.949 300 89
0 650 115.014 300 89
0 650 115.074 300 89
0 650 115.135 300 89
0 650 115.201 300 89
0 650 115.262 300 89
0 650 115.32 300 89
0 650 115.379 300 89
0 650 115.441 300 89
0 650 115.504 300 89
0 650 115.567 300 89
0 650 115.626 300 89
0 650 115.696 300 89
0 650 115.793 300 89
0 650 115.851 300 89
0 650 115.906 300 89
0 650 115.966 300 89
0 650 116.024 300 89
0 650 116.089 300 89
0 650 116.149 300 89
0 650 116.216 300 89
0 650 116.278 300 89
0 650 116.336 300 89
0 650 116.406 300 89
0 650 116.465 300 89
0 650 116.52 300 89
0 650 116.582 300 89
0 650 116.645 300 89
0 650 116.704 300 89
0 650 116.779 300 89
0 650 116.837 300 89
0 650 116.901 300 89
0 650 116.962 300 89
0 650 117.022 300 89
0 650 117.083 300 89
0 650 117.148 300 89
0 650 117.211 300 89
0 650 117.281 300 89
0 650 117.348 300 89
0 650 117.409 300 89
0 650 117.467 300 89
0 650 117.53 300 89
0 650 117.587 300 89
0 650 117.649 300 89
0 650 117.727 300 89
0 650 117.804 300 89
0 650 117.865 300 89
0 650 117.929 300 89
0 650 117.987 300 89
0 650 118.052 300 89
0 650 118.113 300 89
0 650 118.172 300 89
0 650 118.231 300 89
0 650 118.295 300 89
0 650 118.36 300 89
0 650 118.422 300 89
0 650 118.482 300 89
0 650 118.543 300 89
0 650 118.604 300 89
0 650 118.665 300 89
0 650 118.724 300 89
0 650 118.783 300 89
0 650 118.854 300 89
0 650 118.914 300 89
0 650 118.977 300 89
0 650 119.035 300 89
0 650 119.101 300 89
0 650 119.164 300 89
0 650 119.225 300 89
0 650 119.287 300 89
0 650 119.343 300 89
0 650 119.409 300 89
0 650 119.462 300 89
0 650 119.517 300 89
0 650 119.576 300 89
0 650 119.644 300 89
0 650 119.701 300 89
0 650 119.767 300 89
0 650 119.829 300 89
0 650 119.883 300 89
0 650 119.948 300 89
0 650 120.006 300 89
0 650 120.063 300 89
0 650 120.122 300 89
0 650 120.177 300 89
0 650 120.238 300 89
0 650 120.299 300 89
0 650 120.357 300 89
0 650 120.423 300 89
0 650 120.493 300 89
0 650 120.55 300 89
0 650 120.607 300 89
0 650 120.671 300 89
0 650 120.729 300 89
0 650 120.793 300 89
0 650 120.851 300 89
0 650 120.915 300 89
0 650 120.982 300 89
0 650 121.041 300 89
0 650 121.097 300 89
0 650 121.161 300 89
0 650 121.214 300 89
0 650 121.275 300 89
0 650 121.326 300 89
0 650 121.389 300 89
0 650 121.464 300 89
0 650 121.548 300 89
0 650 121.633 300 89
0 650 121.722 300 89
0 650 121.801 300 89
0 650 121.89 300 89
0 650 121.971 300 89
0 650 122.051 300 89
0 650 122.141 300 89
0 650 122.225 300 89
0 650 122.295 300 89
0 650 122.389 300 89
0 650 122.507 300 89
0 650 122.589 300 89
0 650 122.676 300 89
0 650 122.761 300 89
0 650 122.843 300 89
0 650 122.93 300 89
0 650 123.016 300 89
0 650 123.104 300 89
0 650 123.187 300 89
0 650 123.276 300 89
0 650 123.363 300 89
0 650 123.449 300 89
0 650 123.531 300 89
0 650 123.606 300 89
0 650 123.693 300 89
0 650 123.777 300 89
0 650 123.861 300 89
0 650 123.942 300 89
0 650 124.028 300 89
0 650 124.11 300 89
0 650 124.197 300 89
0 650 124.281 300 89
0 650 124.361 300 89
0 650 124.444 300 89
0 650 124.531 300 89
0 650 124.617 300 89
0 650 124.697 300 89
0 650 124.786 300 89
0 650 124.87 300 89
0 650 124.951 300 89
0 650 125.041 300 89
0 650 125.166 300 89
0 650 125.248 300 89
0 650 125.328 300 89
0 650 125.412 300 89
0 650 125.492 300 89
0 650 125.582 300 89
0 650 125.661 300 89
0 650 125.75 300 89
0 650 125.836 300 89
0 650 125.913 300 89
0 650 125.992 300 89
0 650 126.078 300 89
0 650 126.159 300 89
0 650 126.233 300 89
0 650 126.32 300 89
0 650 126.402 300 89
0 650 126.482 300 89
0 650 126.576 300 89
0 650 126.645 300 89
0 650 126.705 300 89
0 650 126.767 300 89
0 650 126.85 300 89
0 650 126.929 300 89
0 650 127.014 300 89
0 650 127.109 300 89
0 650 127.195 300 89
0 650 127.288 300 89
0 650 127.371 300 89
0 650 127.461 300 89
0 650 127.544 300 89
0 650 127.632 300 89
0 650 127.719 300 89
0 650 127.81 300 89
0 650 127.895 300 89
0 650 127.983 300 89
0 650 128.073 300 89
0 650 128.164 300 89
0 650 128.243 300 89
0 650 128.335 300 89
0 650 128.418 300 89
0 650 128.506 300 89
0 650 128.592 300 89
0 650 128.666 300 89
0 650 128.756 300 89
0 650 128.843 300 89
0 650 128.922 300 89
0 650 129.009 300 89
0 650 129.101 300 89
0 650 129.175 300 89
0 650 129.257 300 89
0 650 129.343 300 89
0 650 129.394 300 89
0 650 129.477 300 89
0 650 129.563 300 89
0 650 129.647 300 89
0 650 129.725 300 89
0 650 129.812 300 89
0 650 129.896 300 89
0 650 129.98 300 89
0 650 130.068 300 89
0 650 130.142 300 89
0 650 130.223 300 89
0 650 130.307 300 89
0 650 130.393 300 89
0 650 130.481 300 89
0 650 130.575 300 89
0 650 130.661 300 89
0 650 130.75 300 89
0 650 130.823 300 89
0 650 130.911 300 89
0 650 130.985 300 89
0 650 131.07 300 89
0 650 131.155 300 89
0 650 131.245 300 89
0 650 131.331 300 89
0 650 131.415 300 89
0 650 131.493 300 89
0 650 131.582 300 89
0 650 131.668 300 89
0 650 131.751 300 89
0 650 131.842 300 89
0 650 131.933 300 89
0 650 132.021 300 89
0 650 132.11 300 89
0 650 132.197 300 89
0 650 132.288 300 89
0 650 132.374 300 89
0 650 132.464 300 89
0 650 132.546 300 89
0 650 132.632 300 89
0 650 132.718 300 89
0 650 132.784 300 89
0 650 132.84 300 89
0 650 132.899 300 89
0 650 132.956 300 89
0 650 133.01 300 89
0 650 133.072 300 89
0 650 133.144 300 89
0 650 133.232 300 89
0 650 133.312 300 89
0 650 133.394 300 89
0 650 133.485 300 89
0 650 133.573 300 89
0 650 133.66 300 89
0 650 133.75 300 89
0 650 133.832 300 89
0 650 133.917 300 89
0 650 134.008 300 89
0 650 134.094 300 89
0 650 134.197 300 89
0 650 134.283 300 89
0 650 134.373 300 89
0 650 134.464 300 89
0 650 134.544 300 89
0 650 134.636 300 89
0 650 134.723 300 89
0 650 134.811 300 89
0 650 134.908 300 89
0 650 134.997 300 89
0 650 135.09 300 89
0 650 135.177 300 89
0 650 135.258 300 89
0 650 135.352 300 89
0 650 135.441 300 89
0 650 135.528 300 89
0 650 135.612 300 89
0 650 135.696 300 89
0 650 135.79 300 89
0 650 135.87 300 89
0 650 135.959 300 89
0 650 136.051 300 89
0 650 136.136 300 89
0 650 136.222 300 89
0 650 136.309 300 89
0 650 136.399 300 89
0 650 136.486 300 89
0 650 136.577 300 89
0 650 136.669 300 89
0 650 136.749 300 89
0 650 136.835 300 89
0 650 136.924 300 89
0 650 137.012 300 89
0 650 137.091 300 89
0 650 137.185 300 89
0 650 137.271 300 89
0 650 137.37 300 89
0 650 137.452 300 89
0 650 137.538 300 89
0 650 137.625 300 89
0 650 137.706 300 89
0 650 137.793 300 89
0 650 137.88 300 89
0 650 137.962 300 89
0 650 138.052 300 89
0 650 138.142 300 89
0 650 138.235 300 89
0 650 138.323 300 89
0 650 138.41 300 89
0 650 138.504 300 89
0 650 138.602 300 89
0 650 138.697 300 89
0 650 138.792 300 89
0 650 138.867 300 89
0 650 138.946 300 89
0 650 139.035 300 89
0 650 139.124 300 89
0 650 139.214 300 89
0 650 139.304 300 89
0 650 139.39 300 89
0 650 139.476 300 89
0 650 139.569 300 89
0 650 139.651 300 89
0 650 139.734 300 89
0 650 139.824 300 89
0 650 139.905 300 89
0 650 139.999 300 89
0 650 140.088 300 89
0 650 140.18 300 89
0 650 140.258 300 89
0 650 140.345 300 89
0 650 140.434 300 89
0 650 140.515 300 89
0 650 140.603 300 89
0 650 140.687 300 89
0 650 140.78 300 89
0 650 140.87 300 89
0 650 140.957 300 89
0 650 141.039 300 89
0 650 141.099 300 89
0 650 141.178 300 89
0 650 141.263 300 89
0 650 141.348 300 89
0 650 141.441 300 89
0 650 141.527 300 89
0 650 141.619 300 89
0 650 141.714 300 89
0 650 141.804 300 89
0 650 141.887 300 89
0 650 141.972 300 89
0 650 142.058 300 89
0 650 142.14 300 89
0 650 142.222 300 89
0 650 142.308 300 89
0 650 142.399 300 89
0 650 142.477 300 89
0 650 142.569 300 89
0 650 142.659 300 89
0 650 142.747 300 89
0 650 142.834 300 89
0 650 142.922 300 89
0 650 143.015 300 89
0 650 143.107 300 89
0 650 143.189 300 89
0 650 143.275 300 89
0 650 143.366 300 89
0 650 143.446 300 89
0 650 143.534 300 89
0 650 143.589 300 89
0 650 143.667 300 89
0 650 143.752 300 89
0 650 143.846 300 89
0 650 143.939 300 89
0 650 144.024 300 89
0 650 144.112 300 89
0 650 144.188 300 89
0 650 144.277 300 89
0 650 144.364 300 89
0 650 144.454 300 89
0 650 144.545 300 89
0 650 144.625 300 89
0 650 144.708 300 89
0 650 144.787 300 89
0 650 144.876 300 89
0 650 144.973 300 89
0 650 145.054 300 89
0 650 145.15 300 89
0 650 145.233 300 89
0 650 145.322 300 89
0 650 145.416 300 89
0 650 145.511 300 89
0 650 145.6 300 89
0 650 145.687 300 89
0 650 145.778 300 89
0 650 145.859 300 89
0 650 145.944 300 89
0 650 146.037 300 89
0 650 146.133 300 89
0 650 146.225 300 89
0 650 146.302 300 89
0 650 146.383 300 89
0 650 146.471 300 89
0 650 146.556 300 89
0 650 146.645 300 89
0 650 146.728 300 89
0 650 146.816 300 89
0 650 146.891 300 89
0 650 146.976 300 89
0 650 147.058 300 89
0 650 147.147 300 89
0 650 147.23 300 89
0 650 147.32 300 89
0 650 147.404 300 89
0 650 147.487 300 89
0 650 147.575 300 89
0 650 147.661 300 89
0 650 147.744 300 89
0 650 147.837 300 89
0 650 147.914 300 89
0 650 148.005 300 89
0 650 148.085 300 89
0 650 148.168 300 89
0 650 148.243 300 89
0 650 148.328 300 89
0 650 148.411 300 89
0 650 148.49 300 89
0 650 148.575 300 89
0 650 148.659 300 89
0 650 148.746 300 89
0 650 148.826 300 89
0 650 148.9 300 89
0 650 148.98 300 89
0 650 149.061 300 89
0 650 149.118 300 89
0 650 149.197 300 89
0 650 149.278 300 89
0 650 149.357 300 89
0 650 149.436 300 89
0 650 149.522 300 89
0 650 149.6 300 89
0 650 149.669 300 89
0 650 149.756 300 89
0 650 149.835 300 89
0 650 149.913 300 89
0 650 149.994 300 89
0 650 150.081 300 89
0 650 150.16 300 89
0 650 150.237 300 89
0 650 150.309 300 89
0 650 150.392 300 89
0 650 150.474 300 89
0 650 150.553 300 89
0 650 150.636 300 89
0 650 150.718 300 89
0 650 150.802 300 89
0 650 150.89 300 89
0 650 150.977 300 89
0 650 151.052 300 89
0 650 151.13 300 89
0 650 151.22 300 89
0 650 151.299 300 89
0 650 151.386 300 89
0 650 151.469 300 89
0 650 151.551 300 89
0 650 151.632 300 89
0 650 151.719 300 89
0 650 151.804 300 89
0 650 151.884 300 89
0 650 151.977 300 89
0 650 152.066 300 89
0 650 152.142 300 89
0 650 152.226 300 89
0 650 152.311 300 89
0 650 152.392 300 89
0 650 152.477 300 89
0 650 152.561 300 89
0 650 152.645 300 89
0 650 152.726 300 89
0 650 152.775 300 89
0 650 152.855 300 89
0 650 152.94 300 89
0 650 153.023 300 89
0 650 153.106 300 89
0 650 153.179 300 89
0 650 153.266 300 89
0 650 153.356 300 89
0 650 153.44 300 89
0 650 153.526 300 89
0 650 153.606 300 89
0 650 153.689 300 89
0 650 153.773 300 89
0 650 153.851 300 89
0 650 153.94 300 89
0 650 154.018 300 89
0 650 154.105 300 89
0 650 154.186 300 89
0 650 154.268 300 89
0 650 154.345 300 89
0 650 154.424 300 89
0 650 154.505 300 89
0 650 154.612 300 89
0 650 154.694 300 89
0 650 154.774 300 89
0 650 154.858 300 89
0 650 154.94 300 89
0 650 155.018 300 89
0 650 155.109 300 89
0 650 155.196 300 89
0 650 155.281 300 89
0 650 155.37 300 89
0 650 155.455 300 89
0 650 155.54 300 89
0 650 155.625 300 89
0 650 155.712 300 89
0 650 155.79 300 89
0 650 155.881 300 89
0 650 155.939 300 89
0 650 156.023 300 89
0 650 156.107 300 89
0 650 156.196 300 89
0 650 156.274 300 89
0 650 156.357 300 89
0 650 156.437 300 89
0 650 156.523 300 89
0 650 156.609 300 89
0 650 156.694 300 89
0 650 156.777 300 89
0 650 156.862 300 89
0 650 156.938 300 89
0 650 157.021 300 89
0 650 157.101 300 89
0 650 157.187 300 89
0 650 157.276 300 89
0 650 157.364 300 89
0 650 157.457 300 89
0 650 157.543 300 89
0 650 157.625 300 89
0 650 157.713 300 89
0 650 157.796 300 89
0 650 157.883 300 89
0 650 157.977 300 89
0 650 158.066 300 89
0 650 158.152 300 89
0 650 158.246 300 89
0 650 158.329 300 89
0 650 158.416 300 89
0 650 158.5 300 89
0 650 158.586 300 89
0 650 158.674 300 89
0 650 158.762 300 89
0 650 158.851 300 89
0 650 158.933 300 89
0 650 159.01 300 89
0 650 159.096 300 89
0 650 159.184 300 89
0 650 159.272 300 89
0 650 159.367 300 89
0 650 159.455 300 89
0 650 159.551 300 89
0 650 159.644 300 89
0 650 159.726 300 89
0 650 159.81 300 89
0 650 159.904 300 89
0 650 159.985 300 89
0 650 160.04 300 89
0 650 160.131 300 89
0 650 160.221 300 89
0 650 160.344 300 89
0 650 160.42 300 89
0 650 160.512 300 89
0 650 160.593 300 89
0 650 160.683 300 89
0 650 160.767 300 89
0 650 160.853 300 89
0 650 160.938 300 89
0 650 161.019 300 89
0 650 161.107 300 89
0 650 161.184 300 89
0 650 161.269 300 89
0 650 161.361 300 89
0 650 161.446 300 89
0 650 161.532 300 89
0 650 161.613 300 89
0 650 161.7 300 89
0 650 161.786 300 89
0 650 161.876 300 89
0 650 161.97 300 89
0 650 162.049 300 89
0 650 162.135 300 89
0 650 162.216 300 89
0 650 162.302 300 89
0 650 162.389 300 89
0 650 162.476 300 89
0 650 162.562 300 89
0 650 162.645 300 89
0 650 162.729 300 89
0 650 162.804 300 89
0 650 162.891 300 89
0 650 162.976 300 89
0 650 163.062 300 89
0 650 163.142 300 89
0 650 163.225 300 89
0 650 163.306 300 89
0 650 163.391 300 89
0 650 163.476 300 89
0 650 163.559 300 89
0 650 163.645 300 89
0 650 163.728 300 89
0 650 163.812 300 89
0 650 163.902 300 89
0 650 163.99 300 89
0 650 164.073 300 89
0 650 164.159 300 89
0 650 164.241 300 89
0 650 164.321 300 89
0 650 164.411 300 89
0 650 164.494 300 89
0 650 164.582 300 89
0 650 164.664 300 89
0 650 164.736 300 89
0 650 164.82 300 89
0 650 164.904 300 89
0 650 164.982 300 89
0 650 165.06 300 89
0 650 165.145 300 89
0 650 165.225 300 89
0 650 165.308 300 89
0 650 165.386 300 89
0 650 165.466 300 89
0 650 165.555 300 89
0 650 165.639 300 89
0 650 165.725 300 89
0 650 165.796 300 89
0 650 165.88 300 89
0 650 165.959 300 89
0 650 166.045 300 89
0 650 166.12 300 89
0 650 166.221 300 89
0 650 166.327 300 89
0 650 166.4 300 89
0 650 166.483 300 89
0 650 166.567 300 89
0 650 166.646 300 89
0 650 166.721 300 89
0 650 166.807 300 89
0 650 166.891 300 89
0 650 166.98 300 89
0 650 167.058 300 89
0 650 167.142 300 89
0 650 167.218 300 89
0 650 167.301 300 89
0 650 167.388 300 89
0 650 167.467 300 89
0 650 167.556 300 89
0 650 167.648 300 89
0 650 167.731 300 89
0 650 167.814 300 89
0 650 167.899 300 89
0 650 167.987 300 89
0 650 168.08 300 89
0 650 168.168 300 89
0 650 168.256 300 89
0 650 168.337 300 89
0 650 168.41 300 89
0 650 168.492 300 89
0 650 168.565 300 89
0 650 168.648 300 89
0 650 168.73 300 89
0 650 168.805 300 89
0 650 168.884 300 89
0 650 168.97 300 89
0 650 169.047 300 89
0 650 169.135 300 89
0 650 169.214 300 89
0 650 169.301 300 89
0 650 169.377 300 89
0 650 169.457 300 89
0 650 169.541 300 89
0 650 169.622 300 89
0 650 169.704 300 89
0 650 169.788 300 89
0 650 169.874 300 89
0 650 169.969 300 89
0 650 170.057 300 89
0 650 170.136 300 89
0 650 170.221 300 89
0 650 170.284 300 89
0 650 170.364 300 89
0 650 170.446 300 89
0 650 170.53 300 89
0 650 170.617 300 89
0 650 170.693 300 89
0 650 170.776 300 89
0 650 170.854 300 89
0 650 170.937 300 89
0 650 171.018 300 89
0 650 171.1 300 89
0 650 171.185 300 89
0 650 171.274 300 89
0 650 171.357 300 89
0 650 171.444 300 89
0 650 171.531 300 89
0 650 171.621 300 89
0 650 171.713 300 89
0 650 171.79 300 89
0 650 171.865 300 89
0 650 171.947 300 89
0 650 172.026 300 89
0 650 172.11 300 89
0 650 172.197 300 89
0 650 172.273 300 89
0 650 172.361 300 89
0 650 172.439 300 89
0 650 172.528 300 89
0 650 172.606 300 89
0 650 172.691 300 89
0 650 172.779 300 89
0 650 172.854 300 89
0 650 172.94 300 89
0 650 173.024 300 89
0 650 173.11 300 89
0 650 173.213 300 89
0 650 173.291 300 89
0 650 173.378 300 89
0 650 173.464 300 89
0 650 173.546 300 89
0 650 173.627 300 89
0 650 173.714 300 89
0 650 173.792 300 89
0 650 173.872 300 89
0 650 173.951 300 89
0 650 174.03 300 89
0 650 174.115 300 89
0 650 174.202 300 89
0 650 174.286 300 89
0 650 174.37 300 89
0 650 174.448 300 89
0 650 174.534 300 89
0 650 174.619 300 89
0 650 174.701 300 89
0 650 174.792 300 89
0 650 174.875 300 89
0 650 174.966 300 89
0 650 175.045 300 89
0 650 175.123 300 89
0 650 175.203 300 89
0 650 175.292 300 89
0 650 175.372 300 89
0 650 175.453 300 89
0 650 175.543 300 89
0 650 175.625 300 89
0 650 175.708 300 89
0 650 175.788 300 89
0 650 175.89 300 89
0 650 175.972 300 89
0 650 176.058 300 89
0 650 176.144 300 89
0 650 176.231 300 89
0 650 176.317 300 89
0 650 176.399 300 89
0 650 176.479 300 89
0 650 176.56 300 89
0 650 176.65 300 89
0 650 176.732 300 89
0 650 176.813 300 89
0 650 176.899 300 89
0 650 176.996 300 89
0 650 177.076 300 89
0 650 177.161 300 89
0 650 177.241 300 89
0 650 177.33 300 89
0 650 177.418 300 89
0 650 177.502 300 89
0 650 177.582 300 89
0 650 177.657 300 89
0 650 177.741 300 89
0 650 177.829 300 89
0 650 177.919 300 89
0 650 178.011 300 89
0 650 178.097 300 89
0 650 178.185 300 89
0 650 178.275 300 89
0 650 178.363 300 89
0 650 178.446 300 89
0 650 178.532 300 89
0 650 178.612 300 89
0 650 178.691 300 89
0 650 178.773 300 89
0 650 178.855 300 89
0 650 178.935 300 89
0 650 179.016 300 89
0 650 179.101 300 89
0 650 179.185 300 89
0 650 179.257 300 89
0 650 179.338 300 89
0 650 179.426 300 89
0 650 179.513 300 89
0 650 179.589 300 89
0 650 179.678 300 89
0 650 179.764 300 89
0 650 179.853 300 89
0 650 179.939 300 89
0 650 180.018 300 89
0 650 180.104 300 89
0 650 180.192 300 89
0 650 180.274 300 89
0 650 180.362 300 89
0 650 180.445 300 89
0 650 180.582 300 89
0 650 180.678 300 89
0 650 180.777 300 89
0 650 180.864 300 89
0 650 180.953 300 89
0 650 181.043 300 89
0 650 181.129 300 89
0 650 181.226 300 89
0 650 181.312 300 89
0 650 181.394 300 89
0 650 181.488 300 89
0 650 181.578 300 89
0 650 181.674 300 89
0 650 181.756 300 89
0 650 181.847 300 89
0 650 181.935 300 89
0 650 182.024 300 89
0 650 182.113 300 89
0 650 182.198 300 89
0 650 182.281 300 89
0 650 182.363 300 89
0 650 182.444 300 89
0 650 182.532 300 89
0 650 182.623 300 89
0 650 182.709 300 89
0 650 182.799 300 89
0 650 182.884 300 89
0 650 182.968 300 89
0 650 183.046 300 89
0 650 183.135 300 89
0 650 183.227 300 89
0 650 183.317 300 89
0 650 183.403 300 89
0 650 183.482 300 89
0 650 183.563 300 89
0 650 183.652 300 89
0 650 183.737 300 89
0 650 183.81 300 89
0 650 183.903 300 89
0 650 183.985 300 89
0 650 184.062 300 89
0 650 184.142 300 89
0 650 184.226 300 89
0 650 184.324 300 89
0 650 184.412 300 89
0 650 184.493 300 89
0 650 184.575 300 89
0 650 184.661 300 89
0 650 184.743 300 89
0 650 184.823 300 89
0 650 184.909 300 89
0 650 184.992 300 89
0 650 185.077 300 89
0 650 185.159 300 89
0 650 185.246 300 89
0 650 185.336 300 89
0 650 185.417 300 89
0 650 185.505 300 89
0 650 185.591 300 89
0 650 185.68 300 89
0 650 185.759 300 89
0 650 185.846 300 89
0 650 185.935 300 89
0 650 186.021 300 89
0 650 186.107 300 89
0 650 186.196 300 89
0 650 186.28 300 89
0 650 186.366 300 89
0 650 186.451 300 89
0 650 186.542 300 89
0 650 186.631 300 89
0 650 186.716 300 89
0 650 186.8 300 89
0 650 186.885 300 89
0 650 186.974 300 89
0 650 187.096 300 89
0 650 187.173 300 89
0 650 187.267 300 89
0 650 187.352 300 89
0 650 187.432 300 89
0 650 187.518 300 89
0 650 187.603 300 89
0 650 187.691 300 89
0 650 187.77 300 89
0 650 187.856 300 89
0 650 187.939 300 89
0 650 188.025 300 89
0 650 188.106 300 89
0 650 188.189 300 89
0 650 188.277 300 89
0 650 188.358 300 89
0 650 188.451 300 89
0 650 188.532 300 89
0 650 188.622 300 89
0 650 188.713 300 89
0 650 188.807 300 89
0 650 188.893 300 89
0 650 188.98 300 89
0 650 189.058 300 89
0 650 189.146 300 89
0 650 189.235 300 89
0 650 189.318 300 89
0 650 189.411 300 89
0 650 189.492 300 89
0 650 189.579 300 89
0 650 189.66 300 89
0 650 189.741 300 89
0 650 189.825 300 89
0 650 189.902 300 89
0 650 189.989 300 89
0 650 190.076 300 89
0 650 190.161 300 89
0 650 190.246 300 89
0 650 190.331 300 89
0 650 190.414 300 89
0 650 190.496 300 89
0 650 190.595 300 89
0 650 190.688 300 89
0 650 190.77 300 89
0 650 190.864 300 89
0 650 190.948 300 89
0 650 191.034 300 89
0 650 191.117 300 89
0 650 191.198 300 89
0 650 191.281 300 89
0 650 191.369 300 89
0 650 191.458 300 89
0 650 191.538 300 89
0 650 191.616 300 89
0 650 191.7 300 89
0 650 191.784 300 89
0 650 191.866 300 89
0 650 191.947 300 89
0 650 192.033 300 89
0 650 192.117 300 89
0 650 192.204 300 89
0 650 192.292 300 89
0 650 192.398 300 89
0 650 192.486 300 89
0 650 192.578 300 89
0 650 192.673 300 89
0 650 192.764 300 89
0 650 192.844 300 89
0 650 192.928 300 89
0 650 193.017 300 89
0 650 193.101 300 89
0 650 193.192 300 89
0 650 193.277 300 89
0 650 193.359 300 89
0 650 193.441 300 89
0 650 193.521 300 89
0 650 193.61 300 89
0 650 193.694 300 89
0 650 193.779 300 89
0 650 193.858 300 89
0 650 193.942 300 89
0 650 194.022 300 89
0 650 194.104 300 89
0 650 194.186 300 89
0 650 194.268 300 89
0 650 194.35 300 89
0 650 194.431 300 89
0 650 194.521 300 89
0 650 194.606 300 89
0 650 194.694 300 89
0 650 194.787 300 89
0 650 194.87 300 89
0 650 194.96 300 89
0 650 195.04 300 89
0 650 195.125 300 89
0 650 195.215 300 89
0 650 195.302 300 89
0 650 195.386 300 89
0 650 195.461 300 89
0 650 195.545 300 89
0 650 195.629 300 89
0 650 195.714 300 89
0 650 195.789 300 89
0 650 195.872 300 89
0 650 195.978 300 89
0 650 196.083 300 89
0 650 196.169 300 89
0 650 196.251 300 89
0 650 196.331 300 89
0 650 196.418 300 89
0 650 196.503 300 89
0 650 196.589 300 89
0 650 196.67 300 89
0 650 196.752 300 89
0 650 196.83 300 89
0 650 196.914 300 89
0 650 197.004 300 89
0 650 197.086 300 89
0 650 197.166 300 89
0 650 197.249 300 89
0 650 197.336 300 89
0 650 197.427 300 89
0 650 197.51 300 89
0 650 197.585 300 89
0 650 197.676 300 89
0 650 197.76 300 89
0 650 197.844 300 89
0 650 197.929 300 89
0 650 198.021 300 89
0 650 198.101 300 89
0 650 198.184 300 89
0 650 198.266 300 89
0 650 198.358 300 89
0 650 198.451 300 89
0 650 198.532 300 89
0 650 198.614 300 89
0 650 198.702 300 89
0 650 198.78 300 89
0 650 198.867 300 89
0 650 198.953 300 89
0 650 199.04 300 89
0 650 199.121 300 89
0 650 199.198 300 89
0 650 199.283 300 89
0 650 199.365 300 89
0 650 199.453 300 89
0 650 199.531 300 89
0 650 199.62 300 89
0 650 199.692 300 89
0 650 199.78 300 89
0 650 199.853 300 89
0 650 199.942 300 89
0 650 200.024 300 89
0 650 200.107 300 89
0 650 200.197 300 89
0 650 200.292 300 89
0 650 200.374 300 89
0 650 200.46 300 89
0 650 200.541 300 89
0 650 200.627 300 89
0 650 200.715 300 89
0 650 200.797 300 89
0 650 200.879 300 89
0 650 200.966 300 89
0 650 201.045 300 89
0 650 201.124 300 89
0 650 201.225 300 89
0 650 201.31 300 89
0 650 201.385 300 89
0 650 201.467 300 89
0 650 201.548 300 89
0 650 201.633 300 89
0 650 201.72 300 89
0 650 201.799 300 89
0 650 201.884 300 89
0 650 201.96 300 89
0 650 202.035 300 89
0 650 202.112 300 89
0 650 202.195 300 89
0 650 202.28 300 89
0 650 202.355 300 89
0 650 202.438 300 89
0 650 202.527 300 89
0 650 202.598 300 89
0 650 202.683 300 89
0 650 202.763 300 89
0 650 202.851 300 89
0 650 202.933 300 89
0 650 203.014 300 89
0 650 203.101 300 89
0 650 203.182 300 89
0 650 203.26 300 89
0 650 203.347 300 89
0 650 203.428 300 89
0 650 203.522 300 89
0 650 203.599 300 89
0 650 203.681 300 89
0 650 203.767 300 89
0 650 203.845 300 89
0 650 203.934 300 89
0 650 204.023 300 89
0 650 204.108 300 89
0 650 204.196 300 89
0 650 204.279 300 89
0 650 204.366 300 89
0 650 204.457 300 89
0 650 204.538 300 89
0 650 204.625 300 89
0 650 204.714 300 89
0 650 204.799 300 89
0 650 204.886 300 89
0 650 204.966 300 89
0 650 205.049 300 89
0 650 205.128 300 89
0 650 205.221 300 89
0 650 205.295 300 89
0 650 205.376 300 89
0 650 205.458 300 89
0 650 205.542 300 89
0 650 205.629 300 89
0 650 205.707 300 89
0 650 205.791 300 89
0 650 205.873 300 89
0 650 205.963 300 89
0 650 206.044 300 89
0 650 206.127 300 89
0 650 206.221 300 89
0 650 206.305 300 89
0 650 206.392 300 89
0 650 206.475 300 89
0 650 206.556 300 89
0 650 206.634 300 89
0 650 206.715 300 89
0 650 206.795 300 89
0 650 206.88 300 89
0 650 206.958 300 89
0 650 207.045 300 89
0 650 207.126 300 89
0 650 207.203 300 89
0 650 207.287 300 89
0 650 207.368 300 89
0 650 207.441 300 89
0 650 207.53 300 89
0 650 207.61 300 89
0 650 207.696 300 89
0 650 207.78 300 89
0 650 207.862 300 89
0 650 207.945 300 89
0 650 208.023 300 89
0 650 208.111 300 89
0 650 208.198 300 89
0 650 208.284 300 89
0 650 208.373 300 89
0 650 208.458 300 89
0 650 208.556 300 89
0 650 208.639 300 89
0 650 208.725 300 89
0 650 208.804 300 89
0 650 208.889 300 89
0 650 208.972 300 89
0 650 209.049 300 89
0 650 209.124 300 89
0 650 209.204 300 89
0 650 209.291 300 89
0 650 209.371 300 89
0 650 209.46 300 89
0 650 209.552 300 89
0 650 209.638 300 89
0 650 209.724 300 89
0 650 209.804 300 89
0 650 209.882 300 89
0 650 209.93 300 89
0 650 209.99 300 89
0 650 210.077 300 89
0 650 210.163 300 89
0 650 210.245 300 89
0 650 210.326 300 89
0 650 210.409 300 89
0 650 210.485 300 89
0 650 210.574 300 89
0 650 210.664 300 89
0 650 210.752 300 89
0 650 210.841 300 89
0 650 210.928 300 89
0 650 211.016 300 89
0 650 211.102 300 89
0 650 211.188 300 89
0 650 211.274 300 89
0 650 211.362 300 89
0 650 211.447 300 89
0 650 211.539 300 89
0 650 211.625 300 89
0 650 211.701 300 89
0 650 211.772 300 89
0 650 211.85 300 89
0 650 211.942 300 89
0 650 212.024 300 89
0 650 212.107 300 89
0 650 212.199 300 89
0 650 212.275 300 89
0 650 212.365 300 89
0 650 212.448 300 89
0 650 212.539 300 89
0 650 212.621 300 89
0 650 212.714 300 89
0 650 212.801 300 89
0 650 212.883 300 89
0 650 212.976 300 89
0 650 213.055 300 89
0 650 213.14 300 89
0 650 213.214 300 89
0 650 213.306 300 89
0 650 213.399 300 89
0 650 213.5 300 89
0 650 213.587 300 89
0 650 213.682 300 89
0 650 213.776 300 89
0 650 213.871 300 89
0 650 213.962 300 89
0 650 214.05 300 89
0 650 214.176 300 89
0 650 214.261 300 89
0 650 214.344 300 89
0 650 214.439 300 89
0 650 214.529 300 89
0 650 214.621 300 89
0 650 214.714 300 89
0 650 214.808 300 89
0 650 214.892 300 89
0 650 214.973 300 89
0 650 215.058 300 89
0 650 215.143 300 89
0 650 215.228 300 89
0 650 215.312 300 89
0 650 215.396 300 89
0 650 215.48 300 89
0 650 215.566 300 89
0 650 215.651 300 89
0 650 215.731 300 89
0 650 215.822 300 89
0 650 215.913 300 89
0 650 215.998 300 89
0 650 216.093 300 89
0 650 216.175 300 89
0 650 216.268 300 89
0 650 216.347 300 89
0 650 216.42 300 89
0 650 216.499 300 89
0 650 216.59 300 89
0 650 216.675 300 89
0 650 216.766 300 89
0 650 216.855 300 89
0 650 216.943 300 89
0 650 217.03 300 89
0 650 217.125 300 89
0 650 217.212 300 89
0 650 217.293 300 89
0 650 217.383 300 89
0 650 217.476 300 89
0 650 217.566 300 89
0 650 217.647 300 89
0 650 217.735 300 89
0 650 217.819 300 89
0 650 217.908 300 89
0 650 218.003 300 89
0 650 218.092 300 89
0 650 218.182 300 89
0 650 218.259 300 89
0 650 218.338 300 89
0 650 218.426 300 89
0 650 218.522 300 89
0 650 218.619 300 89
0 650 218.711 300 89
0 650 218.799 300 89
0 650 218.891 300 89
0 650 218.975 300 89
0 650 219.06 300 89
0 650 219.134 300 89
0 650 219.222 300 89
0 650 219.307 300 89
0 650 219.395 300 89
0 650 219.487 300 89
0 650 219.582 300 89
0 650 219.668 300 89
0 650 219.756 300 89
0 650 219.863 300 89
0 650 219.942 300 89
0 650 220.024 300 89
0 650 220.108 300 89
0 650 220.191 300 89
0 650 220.246 300 89
0 650 220.329 300 89
0 650 220.409 300 89
0 650 220.492 300 89
0 650 220.58 300 89
0 650 220.665 300 89
0 650 220.756 300 89
0 650 220.842 300 89
0 650 220.925 300 89
0 650 221.017 300 89
0 650 221.113 300 89
0 650 221.202 300 89
0 650 221.292 300 89
0 650 221.377 300 89
0 650 221.469 300 89
0 650 221.562 300 89
0 650 221.649 300 89
0 650 221.737 300 89
0 650 221.821 300 89
0 650 221.908 300 89
0 650 221.994 300 89
0 650 222.082 300 89
0 650 222.175 300 89
0 650 222.259 300 89
0 650 222.349 300 89
0 650 222.432 300 89
0 650 222.518 300 89
0 650 222.609 300 89
0 650 222.703 300 89
0 650 222.799 300 89
0 650 222.88 300 89
0 650 222.971 300 89
0 650 223.056 300 89
0 650 223.141 300 89
0 650 223.228 300 89
0 650 223.314 300 89
0 650 223.398 300 89
0 650 223.485 300 89
0 650 223.57 300 89
0 650 223.655 300 89
0 650 223.746 300 89
0 650 223.829 300 89
0 650 223.923 300 89
0 650 224.015 300 89
0 650 224.098 300 89
0 650 224.194 300 89
0 650 224.284 300 89
0 650 224.361 300 89
0 650 224.454 300 89
0 650 224.543 300 89
0 650 224.632 300 89
0 650 224.722 300 89
0 650 224.806 300 89
0 650 224.889 300 89
0 650 224.981 300 89
0 650 225.067 300 89
0 650 225.179 300 89
0 650 225.265 300 89
0 650 225.347 300 89
0 650 225.431 300 89
0 650 225.517 300 89
0 650 225.599 300 89
0 650 225.681 300 89
0 650 225.765 300 89
0 650 225.845 300 89
0 650 225.933 300 89
0 650 226.025 300 89
0 650 226.115 300 89
0 650 226.19 300 89
0 650 226.272 300 89
0 650 226.361 300 89
0 650 226.451 300 89
0 650 226.533 300 89
0 650 226.617 300 89
0 650 226.708 300 89
0 650 226.794 300 89
0 650 226.88 300 89
0 650 226.957 300 89
0 650 227.053 300 89
0 650 227.143 300 89
0 650 227.229 300 89
0 650 227.318 300 89
0 650 227.413 300 89
0 650 227.504 300 89
0 650 227.589 300 89
0 650 227.674 300 89
0 650 227.761 300 89
0 650 227.857 300 89
0 650 227.946 300 89
0 650 228.033 300 89
0 650 228.119 300 89
0 650 228.21 300 89
0 650 228.296 300 89
0 650 228.386 300 89
0 650 228.481 300 89
0 650 228.569 300 89
0 650 228.643 300 89
0 650 228.734 300 89
0 650 228.814 300 89
0 650 228.894 300 89
0 650 228.98 300 89
0 650 229.07 300 89
0 650 229.156 300 89
0 650 229.241 300 89
0 650 229.325 300 89
0 650 229.414 300 89
0 650 229.518 300 89
0 650 229.606 300 89
0 650 229.695 300 89
0 650 229.789 300 89
0 650 229.875 300 89
0 650 229.959 300 89
0 650 230.04 300 89
0 650 230.124 300 89
0 650 230.208 300 89
0 650 230.285 300 89
0 650 230.373 300 89
0 650 230.459 300 89
0 650 230.544 300 89
0 650 230.624 300 89
0 650 230.708 300 89
0 650 230.793 300 89
0 650 230.879 300 89
0 650 230.97 300 89
0 650 231.048 300 89
0 650 231.138 300 89
0 650 231.229 300 89
0 650 231.324 300 89
0 650 231.414 300 89
0 650 231.497 300 89
0 650 231.587 300 89
0 650 231.678 300 89
0 650 231.763 300 89
0 650 231.849 300 89
0 650 231.938 300 89
0 650 232.033 300 89
0 650 232.123 300 89
0 650 232.26 300 89
0 650 232.342 300 89
0 650 232.422 300 89
0 650 232.511 300 89
0 650 232.598 300 89
0 650 232.686 300 89
0 650 232.78 300 89
0 650 232.858 300 89
0 650 232.947 300 89
0 650 233.039 300 89
0 650 233.12 300 89
0 650 233.206 300 89
0 650 233.297 300 89
0 650 233.377 300 89
0 650 233.467 300 89
0 650 233.564 300 89
0 650 233.649 300 89
0 650 233.741 300 89
0 650 233.828 300 89
0 650 233.922 300 89
0 650 234.007 300 89
0 650 234.088 300 89
0 650 234.205 300 89
0 650 234.295 300 89
0 650 234.397 300 89
0 650 234.492 300 89
0 650 234.581 300 89
0 650 234.663 300 89
0 650 234.742 300 89
0 650 234.819 300 89
0 650 234.908 300 89
0 650 234.997 300 89
0 650 235.091 300 89
0 650 235.197 300 89
0 650 235.277 300 89
0 650 235.366 300 89
0 650 235.454 300 89
0 650 235.546 300 89
0 650 235.638 300 89
0 650 235.72 300 89
0 650 235.806 300 89
0 650 235.893 300 89
0 650 235.979 300 89
0 650 236.078 300 89
0 650 236.16 300 89
0 650 236.247 300 89
0 650 236.336 300 89
0 650 236.429 300 89
0 650 236.522 300 89
0 650 236.61 300 89
0 650 236.689 300 89
0 650 236.779 300 89
0 650 236.866 300 89
0 650 236.957 300 89
0 650 237.042 300 89
0 650 237.137 300 89
0 650 237.238 300 89
0 650 237.336 300 89
0 650 237.427 300 89
0 650 237.52 300 89
0 650 237.612 300 89
0 650 237.708 300 89
0 650 237.809 300 89
0 650 237.905 300 89
0 650 238.001 300 89
0 650 238.122 300 89
0 650 238.221 300 89
0 650 238.319 300 89
0 650 238.424 300 89
0 650 238.517 300 89
0 650 238.612 300 89
0 650 238.696 300 89
0 650 238.788 300 89
0 650 238.885 300 89
0 650 238.976 300 89
0 650 239.058 300 89
0 650 239.154 300 89
0 650 239.251 300 89
0 650 239.349 300 89
0 650 239.43 300 89
0 650 239.521 300 89
0 650 239.617 300 89
0 650 239.712 300 89
0 650 239.809 300 89
0 650 239.954 300 89
0 650 240.099 300 89
0 650 240.198 300 89
0 650 240.295 300 89
0 650 240.387 300 89
0 650 240.478 300 89
0 650 240.565 300 89
0 650 240.656 300 89
0 650 240.719 300 89
0 650 240.806 300 89
0 650 240.897 300 89
0 650 240.991 300 89
0 650 241.086 300 89
0 650 241.173 300 89
0 650 241.265 300 89
0 650 241.354 300 89
0 650 241.448 300 89
0 650 241.542 300 89
0 650 241.632 300 89
0 650 241.721 300 89
0 650 241.803 300 89
0 650 241.892 300 89
0 650 241.979 300 89
0 650 242.077 300 89
0 650 242.17 300 89
0 650 242.264 300 89
0 650 242.348 300 89
0 650 242.446 300 89
0 650 242.534 300 89
0 650 242.628 300 89
0 650 242.719 300 89
0 650 242.809 300 89
0 650 242.898 300 89
0 650 242.99 300 89
0 650 243.068 300 89
0 650 243.16 300 89
0 650 243.252 300 89
0 650 243.352 300 89
0 650 243.446 300 89
0 650 243.541 300 89
0 650 243.627 300 89
0 650 243.718 300 89
0 650 243.802 300 89
0 650 243.892 300 89
0 650 243.984 300 89
0 650 244.077 300 89
0 650 244.166 300 89
0 650 244.236 300 89
0 650 244.34 300 89
0 650 244.442 300 89
0 650 244.531 300 89
0 650 244.623 300 89
0 650 244.719 300 89
0 650 244.818 300 89
0 650 244.905 300 89
0 650 244.997 300 89
0 650 245.095 300 89
0 650 245.195 300 89
0 650 245.293 300 89
0 650 245.382 300 89
0 650 245.471 300 89
0 650 245.556 300 89
0 650 245.647 300 89
0 650 245.738 300 89
0 650 245.835 300 89
0 650 245.935 300 89
0 650 246.026 300 89
0 650 246.151 300 89
0 650 246.247 300 89
0 650 246.344 300 89
0 650 246.439 300 89
0 650 246.529 300 89
0 650 246.628 300 89
0 650 246.719 300 89
0 650 246.816 300 89
0 650 246.905 300 89
0 650 246.999 300 89
0 650 247.091 300 89
0 650 247.199 300 89
0 650 247.299 300 89
0 650 247.391 300 89
0 650 247.482 300 89
0 650 247.581 300 89
0 650 247.672 300 89
0 650 247.764 300 89
0 650 247.858 300 89
0 650 247.953 300 89
0 650 248.041 300 89
0 650 248.136 300 89
0 650 248.232 300 89
0 650 248.329 300 89
0 650 248.42 300 89
0 650 248.514 300 89
0 650 248.602 300 89
0 650 248.699 300 89
0 650 248.785 300 89
0 650 248.881 300 89
0 650 248.972 300 89
0 650 249.065 300 89
0 650 249.152 300 89
0 650 249.248 300 89
0 650 249.338 300 89
0 650 249.43 300 89
0 650 249.523 300 89
0 650 249.617 300 89
0 650 249.722 300 89
0 650 249.82 300 89
0 650 249.908 300 89
0 650 249.988 300 89
0 650 250.079 300 89
0 650 250.145 300 89
0 650 250.243 300 89
0 650 250.338 300 89
0 650 250.427 300 89
0 650 250.517 300 89
0 650 250.615 300 89
0 650 250.712 300 89
0 650 250.809 300 89
0 650 250.898 300 89
0 650 250.984 300 89
0 650 251.074 300 89
0 650 251.169 300 89
0 650 251.26 300 89
0 650 251.349 300 89
0 650 251.439 300 89
0 650 251.527 300 89
0 650 251.627 300 89
0 650 251.717 300 89
0 650 251.809 300 89
0 650 251.904 300 89
0 650 251.988 300 89
0 650 252.083 300 89
0 650 252.167 300 89
0 650 252.262 300 89
0 650 252.363 300 89
0 650 252.449 300 89
0 650 252.543 300 89
0 650 252.644 300 89
0 650 252.746 300 89
0 650 252.832 300 89
0 650 252.921 300 89
0 650 253.01 300 89
0 650 253.091 300 89
0 650 253.173 300 89
0 650 253.259 300 89
0 650 253.343 300 89
0 650 253.43 300 89
0 650 253.525 300 89
0 650 253.619 300 89
0 650 253.722 300 89
0 650 253.814 300 89
0 650 253.903 300 89
0 650 253.985 300 89
0 650 254.071 300 89
0 650 254.157 300 89
0 650 254.248 300 89
0 650 254.339 300 89
0 650 254.428 300 89
0 650 254.487 300 89
0 650 254.575 300 89
0 650 254.671 300 89
0 650 254.763 300 89
0 650 254.852 300 89
0 650 254.944 300 89
0 650 255.038 300 89
0 650 255.137 300 89
0 650 255.222 300 89
0 650 255.311 300 89
0 650 255.396 300 89
0 650 255.497 300 89
0 650 255.584 300 89
0 650 255.682 300 89
0 650 255.784 300 89
0 650 255.867 300 89
0 650 255.956 300 89
0 650 256.047 300 89
0 650 256.133 300 89
0 650 256.225 300 89
0 650 256.324 300 89
0 650 256.427 300 89
0 650 256.521 300 89
0 650 256.624 300 89
0 650 256.717 300 89
0 650 256.801 300 89
0 650 256.902 300 89
0 650 256.99 300 89
0 650 257.087 300 89
0 650 257.186 300 89
0 650 257.277 300 89
0 650 257.366 300 89
0 650 257.461 300 89
0 650 257.553 300 89
0 650 257.641 300 89
0 650 257.702 300 89
0 650 257.795 300 89
0 650 257.863 300 89
0 650 257.929 300 89
0 650 257.989 300 89
0 650 258.053 300 89
0 650 258.114 300 89
0 650 258.174 300 89
0 650 258.236 300 89
0 650 258.305 300 89
0 650 258.364 300 89
0 650 258.425 300 89
0 650 258.494 300 89
0 650 258.552 300 89
0 650 258.613 300 89
0 650 258.677 300 89
0 650 258.739 300 89
0 650 258.801 300 89
0 650 258.87 300 89
0 650 258.934 300 89
0 650 258.996 300 89
0 650 259.062 300 89
0 650 259.125 300 89
0 650 259.193 300 89
0 650 259.257 300 89
0 650 259.32 300 89
0 650 259.382 300 89
0 650 259.443 300 89
0 650 259.508 300 89
0 650 259.576 300 89
0 650 259.637 300 89
0 650 259.699 300 89
0 650 259.763 300 89
0 650 259.824 300 89
0 650 259.891 300 89
0 650 259.957 300 89
0 650 260.022 300 89
0 650 260.081 300 89
0 650 260.144 300 89
0 650 260.203 300 89
0 650 260.264 300 89
0 650 260.323 300 89
0 650 260.386 300 89
0 650 260.444 300 89
0 650 260.482 300 89
0 650 260.545 300 89
0 650 260.61 300 89
0 650 260.671 300 89
0 650 260.731 300 89
0 650 260.793 300 89
0 650 260.859 300 89
0 650 260.925 300 89
0 650 260.989 300 89
0 650 261.058 300 89
0 650 261.116 300 89
0 650 261.187 300 89
0 650 261.251 300 89
0 650 261.308 300 89
0 650 261.372 300 89
0 650 261.438 300 89
0 650 261.503 300 89
0 650 261.561 300 89
0 650 261.624 300 89
0 650 261.69 300 89
0 650 261.753 300 89
0 650 261.815 300 89
0 650 261.874 300 89
0 650 261.934 300 89
0 650 261.995 300 89
0 650 262.058 300 89
0 650 262.15 300 89
0 650 262.244 300 89
0 650 262.331 300 89
0 650 262.425 300 89
0 650 262.518 300 89
0 650 262.62 300 89
0 650 262.714 300 89
0 650 262.808 300 89
0 650 262.901 300 89
0 650 262.992 300 89
0 650 263.082 300 89
0 650 263.17 300 89
0 650 263.269 300 89
0 650 263.361 300 89
0 650 263.453 300 89
0 650 263.542 300 89
0 650 263.643 300 89
0 650 263.733 300 89
0 650 263.828 300 89
0 650 263.918 300 89
0 650 264.009 300 89
0 650 264.098 300 89
0 650 264.188 300 89
0 650 264.278 300 89
0 650 264.359 300 89
0 650 264.452 300 89
0 650 264.546 300 89
0 650 264.644 300 89
0 650 264.739 300 89
0 650 264.828 300 89
0 650 264.925 300 89
0 650 265.016 300 89
0 650 265.113 300 89
0 650 265.206 300 89
0 650 265.304 300 89
0 650 265.402 300 89
0 650 265.494 300 89
0 650 265.596 300 89
0 650 265.689 300 89
0 650 265.778 300 89
0 650 265.87 300 89
0 650 265.969 300 89
0 650 266.057 300 89
0 650 266.124 300 89
0 650 266.188 300 89
0 650 266.25 300 89
0 650 266.312 300 89
0 650 266.379 300 89
0 650 266.447 300 89
0 650 266.539 300 89
0 650 266.627 300 89
0 650 266.724 300 89
0 650 266.82 300 89
0 650 266.907 300 89
0 650 266.996 300 89
0 650 267.088 300 89
0 650 267.176 300 89
0 650 267.26 300 89
0 650 267.37 300 89
0 650 267.459 300 89
0 650 267.548 300 89
0 650 267.642 300 89
0 650 267.724 300 89
0 650 267.811 300 89
0 650 267.889 300 89
0 650 267.972 300 89
0 650 268.06 300 89
0 650 268.149 300 89
0 650 268.241 300 89
0 650 268.331 300 89
0 650 268.422 300 89
0 650 268.506 300 89
0 650 268.614 300 89
0 650 268.728 300 89
0 650 268.828 300 89
0 650 268.927 300 89
0 650 269.013 300 89
0 650 269.107 300 89
0 650 269.191 300 89
0 650 269.28 300 89
0 650 269.361 300 89
0 650 269.445 300 89
0 650 269.526 300 89
0 650 269.608 300 89
0 650 269.695 300 89
0 650 269.812 300 89
0 650 269.912 300 89
0 650 270.026 300 89
0 650 270.105 300 89
0 650 270.196 300 89
0 650 270.285 300 89
0 650 270.376 300 89
0 650 270.467 300 89
0 650 270.567 300 89
0 650 270.663 300 89
0 650 270.751 300 89
0 650 270.84 300 89
0 650 270.933 300 89
0 650 271.024 300 89
0 650 271.114 300 89
0 650 271.212 300 89
0 650 271.307 300 89
0 650 271.398 300 89
0 650 271.493 300 89
0 650 271.581 300 89
0 650 271.668 300 89
0 650 271.77 300 89
0 650 271.86 300 89
0 650 271.952 300 89
0 650 272.042 300 89
0 650 272.133 300 89
0 650 272.224 300 89
0 650 272.31 300 89
0 650 272.409 300 89
0 650 272.513 300 89
0 650 272.598 300 89
0 650 272.701 300 89
0 650 272.853 300 89
0 650 272.951 300 89
0 650 273.049 300 89
0 650 273.146 300 89
0 650 273.234 300 89
0 650 273.333 300 89
0 650 273.428 300 89
0 650 273.519 300 89
0 650 273.612 300 89
0 650 273.707 300 89
0 650 273.81 300 89
0 650 273.906 300 89
0 650 274 300 89
0 650 274.092 300 89
0 650 274.183 300 89
0 650 274.278 300 89
0 650 274.369 300 89
0 650 274.463 300 89
0 650 274.559 300 89
0 650 274.658 300 89
0 650 274.746 300 89
0 650 274.839 300 89
0 650 274.926 300 89
0 650 275.014 300 89
0 650 275.11 300 89
0 650 275.196 300 89
0 650 275.286 300 89
0 650 275.376 300 89
0 650 275.464 300 89
0 650 275.555 300 89
0 650 275.644 300 89
0 650 275.734 300 89
0 650 275.827 300 89
0 650 275.923 300 89
0 650 276.002 300 89
0 650 276.101 300 89
0 650 276.199 300 89
0 650 276.283 300 89
0 650 276.368 300 89
0 650 276.463 300 89
0 650 276.552 300 89
0 650 276.649 300 89
0 650 276.738 300 89
0 650 276.827 300 89
0 650 276.924 300 89
0 650 277.016 300 89
0 650 277.098 300 89
0 650 277.189 300 89
0 650 277.277 300 89
0 650 277.36 300 89
0 650 277.446 300 89
0 650 277.535 300 89
0 650 277.63 300 89
0 650 277.722 300 89
0 650 277.806 300 89
0 650 277.884 300 89
0 650 277.979 300 89
0 650 278.085 300 89
0 650 278.186 300 89
0 650 278.28 300 89
0 650 278.378 300 89
0 650 278.475 300 89
0 650 278.562 300 89
0 650 278.656 300 89
0 650 278.758 300 89
0 650 278.855 300 89
0 650 278.935 300 89
0 650 279.029 300 89
0 650 279.118 300 89
0 650 279.214 300 89
0 650 279.313 300 89
0 650 279.408 300 89
0 650 279.499 300 89
0 650 279.594 300 89
0 650 279.695 300 89
0 650 279.753 300 89
0 650 279.848 300 89
0 650 279.941 300 89
0 650 280.033 300 89
0 650 280.133 300 89
0 650 280.226 300 89
0 650 280.316 300 89
0 650 280.414 300 89
0 650 280.506 300 89
0 650 280.601 300 89
0 650 280.704 300 89
0 650 280.805 300 89
0 650 280.906 300 89
0 650 281 300 89
0 650 281.092 300 89
0 650 281.185 300 89
0 650 281.284 300 89
0 650 281.379 300 89
0 650 281.474 300 89
0 650 281.577 300 89
0 650 281.685 300 89
0 650 281.79 300 89
0 650 281.89 300 89
0 650 281.984 300 89
0 650 282.074 300 89
0 650 282.167 300 89
0 650 282.265 300 89
0 650 282.355 300 89
0 650 282.441 300 89
0 650 282.538 300 89
0 650 282.635 300 89
0 650 282.727 300 89
0 650 282.823 300 89
0 650 282.91 300 89
0 650 283.002 300 89
0 650 283.104 300 89
0 650 283.195 300 89
0 650 283.288 300 89
0 650 283.37 300 89
0 650 283.465 300 89
0 650 283.557 300 89
0 650 283.654 300 89
0 650 283.754 300 89
0 650 283.845 300 89
0 650 283.934 300 89
0 650 284.022 300 89
0 650 284.102 300 89
0 650 284.191 300 89
0 650 284.281 300 89
0 650 284.382 300 89
0 650 284.478 300 89
0 650 284.569 300 89
0 650 284.639 300 89
0 650 284.72 300 89
0 650 284.816 300 89
0 650 284.923 300 89
0 650 285.021 300 89
0 650 285.122 300 89
0 650 285.25 300 89
0 650 285.354 300 89
0 650 285.457 300 89
0 650 285.565 300 89
0 650 285.67 300 89
0 650 285.776 300 89
0 650 285.874 300 89
0 650 285.969 300 89
0 650 286.078 300 89
0 650 286.183 300 89
0 650 286.287 300 89
0 650 286.383 300 89
0 650 286.49 300 89
0 650 286.6 300 89
0 650 286.698 300 89
0 650 286.798 300 89
0 650 286.904 300 89
0 650 286.998 300 89
0 650 287.09 300 89
0 650 287.185 300 89
0 650 287.283 300 89
0 650 287.386 300 89
0 650 287.484 300 89
0 650 287.573 300 89
0 650 287.666 300 89
0 650 287.766 300 89
0 650 287.864 300 89
0 650 287.96 300 89
0 650 288.06 300 89
0 650 288.157 300 89
0 650 288.236 300 89
0 650 288.332 300 89
0 650 288.426 300 89
0 650 288.544 300 89
0 650 288.642 300 89
0 650 288.745 300 89
0 650 288.84 300 89
0 650 288.943 300 89
0 650 289.044 300 89
0 650 289.134 300 89
0 650 289.233 300 89
0 650 289.325 300 89
0 650 289.421 300 89
0 650 289.505 300 89
0 650 289.596 300 89
0 650 289.693 300 89
0 650 289.795 300 89
0 650 289.89 300 89
0 650 289.993 300 89
0 650 290.093 300 89
0 650 290.187 300 89
0 650 290.279 300 89
0 650 290.38 300 89
0 650 290.472 300 89
0 650 290.568 300 89
0 650 290.656 300 89
0 650 290.726 300 89
0 650 290.82 300 89
0 650 290.918 300 89
0 650 291.021 300 89
0 650 291.121 300 89
0 650 291.225 300 89
0 650 291.318 300 89
0 650 291.417 300 89
0 650 291.52 300 89
0 650 291.618 300 89
0 650 291.711 300 89
0 650 291.808 300 89
0 650 291.896 300 89
0 650 291.993 300 89
0 650 292.091 300 89
0 650 292.197 300 89
0 650 292.293 300 89
0 650 292.396 300 89
0 650 292.488 300 89
0 650 292.578 300 89
0 650 292.675 300 89
0 650 292.773 300 89
0 650 292.869 300 89
0 650 292.962 300 89
0 650 293.054 300 89
0 650 293.172 300 89
0 650 293.264 300 89
0 650 293.349 300 89
0 650 293.444 300 89
0 650 293.542 300 89
0 650 293.639 300 89
0 650 293.734 300 89
0 650 293.824 300 89
0 650 293.914 300 89
0 650 294.001 300 89
0 650 294.092 300 89
0 650 294.184 300 89
0 650 294.28 300 89
0 650 294.372 300 89
0 650 294.465 300 89
0 650 294.559 300 89
0 650 294.654 300 89
0 650 294.744 300 89
0 650 294.807 300 89
0 650 294.87 300 89
0 650 294.936 300 89
0 650 295 300 89
0 650 295.068 300 89
0 650 295.135 300 89
0 650 295.2 300 89
0 650 295.265 300 89
0 650 295.322 300 89
0 650 295.384 300 89
0 650 295.473 300 89
0 650 295.592 300 89
0 650 295.691 300 89
0 650 295.789 300 89
0 650 295.903 300 89
0 650 296.026 300 89
0 650 296.121 300 89
0 650 296.205 300 89
0 650 296.286 300 89
0 650 296.379 300 89
0 650 296.465 300 89
0 650 296.564 300 89
0 650 296.658 300 89
0 650 296.723 300 89
0 650 296.833 300 89
0 650 296.928 300 89
0 650 297.018 300 89
0 650 297.114 300 89
0 650 297.209 300 89
0 650 297.297 300 89
0 650 297.387 300 89
0 650 297.474 300 89
0 650 297.569 300 89
0 650 297.667 300 89
0 650 297.766 300 89
0 650 297.868 300 89
0 650 297.973 300 89
0 650 298.094 300 89
0 650 298.2 300 89
0 650 298.318 300 89
0 650 298.43 300 89
0 650 298.517 300 89
0 650 298.599 300 89
0 650 298.687 300 89
0 650 298.769 300 89
0 650 298.853 300 89
0 650 298.939 300 89
0 650 299.026 300 89
0 650 299.119 300 89
0 650 299.201 300 89
0 650 299.291 300 89
0 650 299.387 300 89
0 650 299.487 300 89
0 650 299.582 300 89
0 650 299.673 300 89
0 650 299.767 300 89
0 650 299.855 300 89
0 650 299.948 300 89
0 650 300.038 300 89
0 650 300.149 300 89
0 650 300.257 300 89
0 650 300.375 300 89
0 650 300.47 300 89
0 650 300.572 300 89
0 650 300.657 300 89
0 650 300.744 300 89
0 650 300.84 300 89
0 650 300.928 300 89
0 650 301.02 300 89
0 650 301.115 300 89
0 650 301.239 300 89
0 650 301.294 300 89
0 650 301.385 300 89
0 650 301.48 300 89
0 650 301.569 300 89
0 650 301.654 300 89
0 650 301.739 300 89
0 650 301.822 300 89
0 650 301.902 300 89
0 650 301.997 300 89
0 650 302.092 300 89
0 650 302.184 300 89
0 650 302.294 300 89
0 650 302.389 300 89
0 650 302.472 300 89
0 650 302.559 300 89
0 650 302.651 300 89
0 650 302.734 300 89
0 650 302.818 300 89
0 650 302.927 300 89
0 650 303.037 300 89
0 650 303.154 300 89
0 650 303.256 300 89
0 650 303.363 300 89
0 650 303.475 300 89
0 650 303.586 300 89
0 650 303.692 300 89
0 650 303.804 300 89
0 650 303.915 300 89
0 650 304.029 300 89
0 650 304.138 300 89
0 650 304.266 300 89
0 650 304.383 300 89
0 650 304.499 300 89
0 650 304.617 300 89
0 650 304.76 300 89
0 650 304.882 300 89
0 650 304.982 300 89
0 650 305.097 300 89
0 650 305.2 300 89
0 650 305.312 300 89
0 650 305.409 300 89
0 650 305.524 300 89
0 650 305.636 300 89
0 650 305.754 300 89
0 650 305.875 300 89
0 650 305.992 300 89
0 650 306.11 300 89
0 650 306.224 300 89
0 650 306.352 300 89
0 650 306.467 300 89
0 650 306.578 300 89
0 650 306.686 300 89
0 650 306.796 300 89
0 650 306.899 300 89
0 650 307.005 300 89
0 650 307.118 300 89
0 650 307.227 300 89
0 650 307.331 300 89
0 650 307.444 300 89
0 650 307.562 300 89
0 650 307.668 300 89
0 650 307.776 300 89
0 650 307.888 300 89
0 650 308.011 300 89
0 650 308.116 300 89
0 650 308.226 300 89
0 650 308.332 300 89
0 650 308.443 300 89
0 650 308.554 300 89
0 650 308.665 300 89
0 650 308.771 300 89
0 650 308.874 300 89
0 650 308.986 300 89
0 650 309.095 300 89
0 650 309.217 300 89
0 650 309.34 300 89
0 650 309.422 300 89
0 650 309.512 300 89
0 650 309.614 300 89
0 650 309.72 300 89
0 650 309.824 300 89
0 650 309.902 300 89
0 650 309.976 300 89
0 650 310.041 300 89
0 650 310.104 300 89
0 650 310.163 300 89
0 650 310.225 300 89
0 650 310.285 300 89
0 650 310.343 300 89
0 650 310.408 300 89
0 650 310.473 300 89
0 650 310.534 300 89
0 650 310.59 300 89
0 650 310.657 300 89
0 650 310.72 300 89
0 650 310.777 300 89
0 650 310.837 300 89
0 650 310.9 300 89
0 650 310.968 300 89
0 650 311.059 300 89
0 650 311.132 300 89
0 650 311.198 300 89
0 650 311.252 300 89
0 650 311.313 300 89
0 650 311.373 300 89
0 650 311.432 300 89
0 650 311.493 300 89
0 650 311.554 300 89
0 650 311.61 300 89
0 650 311.674 300 89
0 650 311.727 300 89
0 650 311.79 300 89
0 650 311.849 300 89
0 650 311.906 300 89
0 650 311.962 300 89
0 650 312.026 300 89
0 650 312.08 300 89
0 650 312.139 300 89
0 650 312.198 300 89
0 650 312.258 300 89
0 650 312.311 300 89
0 650 312.365 300 89
0 650 312.421 300 89
0 650 312.485 300 89
0 650 312.579 300 89
0 650 312.635 300 89
0 650 312.696 300 89
0 650 312.759 300 89
0 650 312.82 300 89
0 650 312.88 300 89
0 650 312.941 300 89
0 650 313.001 300 89
0 650 313.056 300 89
0 650 313.118 300 89
0 650 313.237 300 89
0 650 313.332 300 89
0 650 313.433 300 89
0 650 313.527 300 89
0 650 313.62 300 89
0 650 313.703 300 89
0 650 313.787 300 89
0 650 313.873 300 89
0 650 313.965 300 89
0 650 314.052 300 89
0 650 314.141 300 89
0 650 314.226 300 89
0 650 314.309 300 89
0 650 314.388 300 89
0 650 314.47 300 89
0 650 314.551 300 89
0 650 314.637 300 89
0 650 314.716 300 89
0 650 314.807 300 89
0 650 314.898 300 89
0 650 314.983 300 89
0 650 315.074 300 89
0 650 315.162 300 89
0 650 315.25 300 89
0 650 315.344 300 89
0 650 315.431 300 89
0 650 315.525 300 89
0 650 315.609 300 89
0 650 315.693 300 89
0 650 315.778 300 89
0 650 315.859 300 89
0 650 315.943 300 89
0 650 316.038 300 89
0 650 316.127 300 89
0 650 316.209 300 89
0 650 316.294 300 89
0 650 316.382 300 89
0 650 316.474 300 89
0 650 316.566 300 89
0 650 316.649 300 89
0 650 316.734 300 89
0 650 316.817 300 89
0 650 316.896 300 89
0 650 316.983 300 89
0 650 317.068 300 89
0 650 317.168 300 89
0 650 317.256 300 89
0 650 317.362 300 89
0 650 317.453 300 89
0 650 317.538 300 89
0 650 317.615 300 89
0 650 317.7 300 89
0 650 317.79 300 89
0 650 317.873 300 89
0 650 317.965 300 89
0 650 318.062 300 89
0 650 318.152 300 89
0 650 318.237 300 89
0 650 318.326 300 89
0 650 318.407 300 89
0 650 318.492 300 89
0 650 318.58 300 89
0 650 318.664 300 89
0 650 318.742 300 89
0 650 318.826 300 89
0 650 318.911 300 89
0 650 318.998 300 89
0 650 319.081 300 89
0 650 319.17 300 89
0 650 319.259 300 89
0 650 319.348 300 89
0 650 319.441 300 89
0 650 319.533 300 89
0 650 319.62 300 89
0 650 319.701 300 89
0 650 319.792 300 89
0 650 319.884 300 89
0 650 319.975 300 89
0 650 320.069 300 89
0 650 320.16 300 89
0 650 320.257 300 89
0 650 320.341 300 89
0 650 320.424 300 89
0 650 320.517 300 89
0 650 320.597 300 89
0 650 320.683 300 89
0 650 320.765 300 89
0 650 320.842 300 89
0 650 320.92 300 89
0 650 321.002 300 89
0 650 321.08 300 89
0 650 321.169 300 89
0 650 321.256 300 89
0 650 321.341 300 89
0 650 321.433 300 89
0 650 321.523 300 89
0 650 321.612 300 89
0 650 321.7 300 89
0 650 321.795 300 89
0 650 321.884 300 89
0 650 321.966 300 89
0 650 322.063 300 89
0 650 322.156 300 89
0 650 322.238 300 89
0 650 322.332 300 89
0 650 322.422 300 89
0 650 322.512 300 89
0 650 322.595 300 89
0 650 322.686 300 89
0 650 322.778 300 89
0 650 322.862 300 89
0 650 322.942 300 89
0 650 323.025 300 89
0 650 323.108 300 89
0 650 323.194 300 89
0 650 323.278 300 89
0 650 323.365 300 89
0 650 323.451 300 89
0 650 323.545 300 89
0 650 323.629 300 89
0 650 323.707 300 89
0 650 323.809 300 89
0 650 323.897 300 89
0 650 323.988 300 89
0 650 324.063 300 89
0 650 324.154 300 89
0 650 324.244 300 89
0 650 324.337 300 89
0 650 324.425 300 89
0 650 324.504 300 89
0 650 324.598 300 89
0 650 324.693 300 89
0 650 324.772 300 89
0 650 324.856 300 89
0 650 324.945 300 89
0 650 325.035 300 89
0 650 325.131 300 89
0 650 325.215 300 89
0 650 325.306 300 89
0 650 325.392 300 89
0 650 325.482 300 89
0 650 325.566 300 89
0 650 325.653 300 89
0 650 325.744 300 89
0 650 325.835 300 89
0 650 325.928 300 89
0 650 326.021 300 89
0 650 326.106 300 89
0 650 326.192 300 89
0 650 326.275 300 89
0 650 326.361 300 89
0 650 326.455 300 89
0 650 326.537 300 89
0 650 326.631 300 89
0 650 326.72 300 89
0 650 326.81 300 89
0 650 326.894 300 89
0 650 326.98 300 89
0 650 327.069 300 89
0 650 327.163 300 89
0 650 327.25 300 89
0 650 327.338 300 89
0 650 327.435 300 89
0 650 327.522 300 89
0 650 327.62 300 89
0 650 327.715 300 89
0 650 327.797 300 89
0 650 327.882 300 89
0 650 327.974 300 89
0 650 328.06 300 89
0 650 328.143 300 89
0 650 328.227 300 89
0 650 328.317 300 89
0 650 328.407 300 89
0 650 328.495 300 89
0 650 328.573 300 89
0 650 328.656 300 89
0 650 328.746 300 89
0 650 328.847 300 89
0 650 328.937 300 89
0 650 329.029 300 89
0 650 329.118 300 89
0 650 329.207 300 89
0 650 329.294 300 89
0 650 329.386 300 89
0 650 329.464 300 89
0 650 329.554 300 89
0 650 329.643 300 89
0 650 329.735 300 89
0 650 329.829 300 89
0 650 329.918 300 89
0 650 330.014 300 89
0 650 330.111 300 89
0 650 330.259 300 89
0 650 330.348 300 89
0 650 330.436 300 89
0 650 330.525 300 89
0 650 330.616 300 89
0 650 330.696 300 89
0 650 330.772 300 89
0 650 330.853 300 89
0 650 330.939 300 89
0 650 331.024 300 89
0 650 331.11 300 89
0 650 331.176 300 89
0 650 331.263 300 89
0 650 331.339 300 89
0 650 331.423 300 89
0 650 331.51 300 89
0 650 331.591 300 89
0 650 331.682 300 89
0 650 331.769 300 89
0 650 331.847 300 89
0 650 331.929 300 89
0 650 332.02 300 89
0 650 332.108 300 89
0 650 332.205 300 89
0 650 332.3 300 89
0 650 332.388 300 89
0 650 332.475 300 89
0 650 332.557 300 89
0 650 332.651 300 89
0 650 332.742 300 89
0 650 332.84 300 89
0 650 332.929 300 89
0 650 333.003 300 89
0 650 333.092 300 89
0 650 333.186 300 89
0 650 333.283 300 89
0 650 333.377 300 89
0 650 333.474 300 89
0 650 333.564 300 89
0 650 333.654 300 89
0 650 333.741 300 89
0 650 333.83 300 89
0 650 333.918 300 89
0 650 334.011 300 89
0 650 334.091 300 89
0 650 334.174 300 89
0 650 334.26 300 89
0 650 334.356 300 89
0 650 334.447 300 89
0 650 334.536 300 89
0 650 334.622 300 89
0 650 334.71 300 89
0 650 334.791 300 89
0 650 334.878 300 89
0 650 334.971 300 89
0 650 335.065 300 89
0 650 335.156 300 89
0 650 335.248 300 89
0 650 335.331 300 89
0 650 335.43 300 89
0 650 335.523 300 89
0 650 335.614 300 89
0 650 335.702 300 89
0 650 335.788 300 89
0 650 335.87 300 89
0 650 335.96 300 89
0 650 336.043 300 89
0 650 336.172 300 89
0 650 336.254 300 89
0 650 336.341 300 89
0 650 336.425 300 89
0 650 336.497 300 89
0 650 336.586 300 89
0 650 336.679 300 89
0 650 336.768 300 89
0 650 336.855 300 89
0 650 336.946 300 89
0 650 337.032 300 89
0 650 337.115 300 89
0 650 337.2 300 89
0 650 337.288 300 89
0 650 337.375 300 89
0 650 337.464 300 89
0 650 337.544 300 89
0 650 337.633 300 89
0 650 337.722 300 89
0 650 337.813 300 89
0 650 337.899 300 89
0 650 337.987 300 89
0 650 338.081 300 89
0 650 338.191 300 89
0 650 338.283 300 89
0 650 338.37 300 89
0 650 338.456 300 89
0 650 338.545 300 89
0 650 338.63 300 89
0 650 338.719 300 89
0 650 338.807 300 89
0 650 338.894 300 89
0 650 338.989 300 89
0 650 339.073 300 89
0 650 339.157 300 89
0 650 339.241 300 89
0 650 339.334 300 89
0 650 339.432 300 89
0 650 339.517 300 89
0 650 339.602 300 89
0 650 339.692 300 89
0 650 339.778 300 89
0 650 339.867 300 89
0 650 339.954 300 89
0 650 340.044 300 89
0 650 340.128 300 89
0 650 340.212 300 89
0 650 340.295 300 89
0 650 340.387 300 89
0 650 340.478 300 89
0 650 340.566 300 89
0 650 340.652 300 89
0 650 340.742 300 89
0 650 340.838 300 89
0 650 340.929 300 89
0 650 341.02 300 89
0 650 341.112 300 89
0 650 341.2 300 89
0 650 341.289 300 89
0 650 341.366 300 89
0 650 341.459 300 89
0 650 341.542 300 89
0 650 341.623 300 89
0 650 341.709 300 89
0 650 341.793 300 89
0 650 341.873 300 89
0 650 341.942 300 89
0 650 342.036 300 89
0 650 342.133 300 89
0 650 342.214 300 89
0 650 342.309 300 89
0 650 342.391 300 89
0 650 342.483 300 89
0 650 342.571 300 89
0 650 342.651 300 89
0 650 342.747 300 89
0 650 342.841 300 89
0 650 342.926 300 89
0 650 343.018 300 89
0 650 343.108 300 89
0 650 343.199 300 89
0 650 343.258 300 89
0 650 343.344 300 89
0 650 343.439 300 89
0 650 343.53 300 89
0 650 343.617 300 89
0 650 343.702 300 89
0 650 343.783 300 89
0 650 343.869 300 89
0 650 343.956 300 89
0 650 344.044 300 89
0 650 344.136 300 89
0 650 344.213 300 89
0 650 344.3 300 89
0 650 344.385 300 89
0 650 344.47 300 89
0 650 344.55 300 89
0 650 344.634 300 89
0 650 344.721 300 89
0 650 344.808 300 89
0 650 344.896 300 89
0 650 344.976 300 89
0 650 345.069 300 89
0 650 345.156 300 89
0 650 345.247 300 89
0 650 345.347 300 89
0 650 345.438 300 89
0 650 345.524 300 89
0 650 345.612 300 89
0 650 345.709 300 89
0 650 345.805 300 89
0 650 345.897 300 89
0 650 345.991 300 89
0 650 346.082 300 89
0 650 346.168 300 89
0 650 346.262 300 89
0 650 346.349 300 89
0 650 346.431 300 89
0 650 346.522 300 89
0 650 346.61 300 89
0 650 346.703 300 89
0 650 346.794 300 89
0 650 346.884 300 89
0 650 346.979 300 89
0 650 347.062 300 89
0 650 347.151 300 89
0 650 347.239 300 89
0 650 347.331 300 89
0 650 347.42 300 89
0 650 347.504 300 89
0 650 347.591 300 89
0 650 347.677 300 89
0 650 347.77 300 89
0 650 347.858 300 89
0 650 347.917 300 89
0 650 348.01 300 89
0 650 348.102 300 89
0 650 348.188 300 89
0 650 348.273 300 89
0 650 348.37 300 89
0 650 348.457 300 89
0 650 348.545 300 89
0 650 348.633 300 89
0 650 348.722 300 89
0 650 348.809 300 89
0 650 348.887 300 89
0 650 348.969 300 89
0 650 349.057 300 89
0 650 349.137 300 89
0 650 349.228 300 89
0 650 349.332 300 89
0 650 349.421 300 89
0 650 349.509 300 89
0 650 349.601 300 89
0 650 349.683 300 89
0 650 349.775 300 89
0 650 349.848 300 89
0 650 349.934 300 89
0 650 350.016 300 89
0 650 350.108 300 89
0 650 350.191 300 89
0 650 350.286 300 89
0 650 350.371 300 89
0 650 350.457 300 89
0 650 350.553 300 89
0 650 350.643 300 89
0 650 350.73 300 89
0 650 350.826 300 89
0 650 350.912 300 89
0 650 350.999 300 89
0 650 351.082 300 89
0 650 351.157 300 89
0 650 351.25 300 89
0 650 351.333 300 89
0 650 351.422 300 89
0 650 351.503 300 89
0 650 351.592 300 89
0 650 351.683 300 89
0 650 351.763 300 89
0 650 351.849 300 89
0 650 351.929 300 89
0 650 352.015 300 89
0 650 352.103 300 89
0 650 352.195 300 89
0 650 352.279 300 89
0 650 352.366 300 89
0 650 352.45 300 89
0 650 352.534 300 89
0 650 352.622 300 89
0 650 352.71 300 89
0 650 352.8 300 89
0 650 352.888 300 89
0 650 352.985 300 89
0 650 353.06 300 89
0 650 353.151 300 89
0 650 353.233 300 89
0 650 353.319 300 89
0 650 353.406 300 89
0 650 353.49 300 89
0 650 353.561 300 89
0 650 353.648 300 89
0 650 353.736 300 89
0 650 353.823 300 89
0 650 353.903 300 89
0 650 353.988 300 89
0 650 354.069 300 89
0 650 354.161 300 89
0 650 354.246 300 89
0 650 354.329 300 89
0 650 354.412 300 89
0 650 354.499 300 89
0 650 354.588 300 89
0 650 354.677 300 89
0 650 354.759 300 89
0 650 354.841 300 89
0 650 354.927 300 89
0 650 355.005 300 89
0 650 355.105 300 89
0 650 355.182 300 89
0 650 355.269 300 89
0 650 355.349 300 89
0 650 355.433 300 89
0 650 355.518 300 89
0 650 355.604 300 89
0 650 355.698 300 89
0 650 355.791 300 89
0 650 355.877 300 89
0 650 355.975 300 89
0 650 356.067 300 89
0 650 356.163 300 89
0 650 356.255 300 89
0 650 356.338 300 89
0 650 356.418 300 89
0 650 356.489 300 89
0 650 356.576 300 89
0 650 356.665 300 89
0 650 356.746 300 89
0 650 356.84 300 89
0 650 356.924 300 89
0 650 357.008 300 89
0 650 357.094 300 89
0 650 357.174 300 89
0 650 357.249 300 89
0 650 357.334 300 89
0 650 357.422 300 89
0 650 357.516 300 89
0 650 357.61 300 89
0 650 357.697 300 89
0 650 357.774 300 89
0 650 357.858 300 89
0 650 357.945 300 89
0 650 358.035 300 89
0 650 358.169 300 89
0 650 358.268 300 89
0 650 358.324 300 89
0 650 358.413 300 89
0 650 358.51 300 89
0 650 358.605 300 89
0 650 358.694 300 89
0 650 358.794 300 89
0 650 358.882 300 89
0 650 358.975 300 89
0 650 359.066 300 89
0 650 359.149 300 89
0 650 359.232 300 89
0 650 359.321 300 89
0 650 359.413 300 89
0 650 359.499 300 89
0 650 359.586 300 89
0 650 359.672 300 89
0 650 359.757 300 89
0 650 359.841 300 89
0 650 359.93 300 89
0 650 360.02 300 89
0 650 360.11 300 89
0 650 360.206 300 89
0 650 360.291 300 89
0 650 360.378 300 89
0 650 360.463 300 89
0 650 360.553 300 89
0 650 360.645 300 89
0 650 360.736 300 89
0 650 360.817 300 89
0 650 360.911 300 89
0 650 360.996 300 89
0 650 361.085 300 89
0 650 361.175 300 89
0 650 361.269 300 89
0 650 361.384 300 89
0 650 361.469 300 89
0 650 361.562 300 89
0 650 361.649 300 89
0 650 361.735 300 89
0 650 361.826 300 89
0 650 361.924 300 89
0 650 362.01 300 89
0 650 362.095 300 89
0 650 362.174 300 89
0 650 362.264 300 89
0 650 362.35 300 89
0 650 362.442 300 89
0 650 362.531 300 89
0 650 362.612 300 89
0 650 362.699 300 89
0 650 362.787 300 89
0 650 362.879 300 89
0 650 362.968 300 89
0 650 363.058 300 89
0 650 363.143 300 89
0 650 363.237 300 89
0 650 363.33 300 89
0 650 363.418 300 89
0 650 363.503 300 89
0 650 363.602 300 89
0 650 363.698 300 89
0 650 363.797 300 89
0 650 363.898 300 89
0 650 363.994 300 89
0 650 364.082 300 89
0 650 364.17 300 89
0 650 364.26 300 89
0 650 364.358 300 89
0 650 364.453 300 89
0 650 364.541 300 89
0 650 364.627 300 89
0 650 364.722 300 89
0 650 364.815 300 89
0 650 364.903 300 89
0 650 364.998 300 89
0 650 365.086 300 89
0 650 365.177 300 89
0 650 365.268 300 89
0 650 365.369 300 89
0 650 365.46 300 89
0 650 365.549 300 89
0 650 365.639 300 89
0 650 365.731 300 89
0 650 365.825 300 89
0 650 365.926 300 89
0 650 366.019 300 89
0 650 366.119 300 89
0 650 366.212 300 89
0 650 366.313 300 89
0 650 366.402 300 89
0 650 366.496 300 89
0 650 366.578 300 89
0 650 366.67 300 89
0 650 366.763 300 89
0 650 366.851 300 89
0 650 366.943 300 89
0 650 367.034 300 89
0 650 367.12 300 89
0 650 367.214 300 89
0 650 367.314 300 89
0 650 367.412 300 89
0 650 367.506 300 89
0 650 367.596 300 89
0 650 367.682 300 89
0 650 367.768 300 89
0 650 367.859 300 89
0 650 367.956 300 89
0 650 368.052 300 89
0 650 368.127 300 89
0 650 368.22 300 89
0 650 368.303 300 89
0 650 368.393 300 89
0 650 368.483 300 89
0 650 368.571 300 89
0 650 368.667 300 89
0 650 368.751 300 89
0 650 368.842 300 89
0 650 368.932 300 89
0 650 369.031 300 89
0 650 369.126 300 89
0 650 369.227 300 89
0 650 369.32 300 89
0 650 369.416 300 89
0 650 369.512 300 89
0 650 369.599 300 89
0 650 369.689 300 89
0 650 369.784 300 89
0 650 369.875 300 89
0 650 369.966 300 89
0 650 370.051 300 89
0 650 370.136 300 89
0 650 370.223 300 89
0 650 370.304 300 89
0 650 370.398 300 89
0 650 370.484 300 89
0 650 370.576 300 89
0 650 370.657 300 89
0 650 370.753 300 89
0 650 370.833 300 89
0 650 370.93 300 89
0 650 371.018 300 89
0 650 371.098 300 89
0 650 371.196 300 89
0 650 371.28 300 89
0 650 371.374 300 89
0 650 371.458 300 89
0 650 371.55 300 89
0 650 371.639 300 89
0 650 371.728 300 89
0 650 371.82 300 89
0 650 371.911 300 89
0 650 371.999 300 89
0 650 372.079 300 89
0 650 372.163 300 89
0 650 372.251 300 89
0 650 372.344 300 89
0 650 372.407 300 89
0 650 372.5 300 89
0 650 372.587 300 89
0 650 372.676 300 89
0 650 372.76 300 89
0 650 372.831 300 89
0 650 372.927 300 89
0 650 373.028 300 89
0 650 373.121 300 89
0 650 373.209 300 89
0 650 373.278 300 89
0 650 373.343 300 89
0 650 373.403 300 89
0 650 373.463 300 89
0 650 373.522 300 89
0 650 373.583 300 89
0 650 373.641 300 89
0 650 373.702 300 89
0 650 373.77 300 89
0 650 373.837 300 89
0 650 373.901 300 89
0 650 373.98 300 89
0 650 374.074 300 89
0 650 374.15 300 89
0 650 374.241 300 89
0 650 374.326 300 89
0 650 374.417 300 89
0 650 374.511 300 89
0 650 374.587 300 89
0 650 374.662 300 89
0 650 374.749 300 89
0 650 374.836 300 89
0 650 374.922 300 89
0 650 375.004 300 89
0 650 375.082 300 89
0 650 375.172 300 89
0 650 375.269 300 89
0 650 375.359 300 89
0 650 375.454 300 89
0 650 375.532 300 89
0 650 375.637 300 89
0 650 375.738 300 89
0 650 375.853 300 89
0 650 375.959 300 89
0 650 376.052 300 89
0 650 376.157 300 89
0 650 376.272 300 89
0 650 376.388 300 89
0 650 376.475 300 89
0 650 376.556 300 89
0 650 376.642 300 89
0 650 376.729 300 89
0 650 376.823 300 89
0 650 376.903 300 89
0 650 377.003 300 89
0 650 377.101 300 89
0 650 377.183 300 89
0 650 377.277 300 89
0 650 377.369 300 89
0 650 377.459 300 89
0 650 377.556 300 89
0 650 377.652 300 89
0 650 377.745 300 89
0 650 377.832 300 89
0 650 377.938 300 89
0 650 378.035 300 89
0 650 378.129 300 89
0 650 378.255 300 89
0 650 378.387 300 89
0 650 378.476 300 89
0 650 378.577 300 89
0 650 378.662 300 89
0 650 378.751 300 89
0 650 378.848 300 89
0 650 378.946 300 89
0 650 379.034 300 89
0 650 379.126 300 89
0 650 379.217 300 89
0 650 379.305 300 89
0 650 379.394 300 89
0 650 379.478 300 89
0 650 379.556 300 89
0 650 379.648 300 89
0 650 379.735 300 89
0 650 379.824 300 89
0 650 379.911 300 89
0 650 380.009 300 89
0 650 380.089 300 89
0 650 380.177 300 89
0 650 380.259 300 89
0 650 380.338 300 89
0 650 380.432 300 89
0 650 380.523 300 89
0 650 380.607 300 89
0 650 380.692 300 89
0 650 380.78 300 89
0 650 380.865 300 89
0 650 380.96 300 89
0 650 381.041 300 89
0 650 381.129 300 89
0 650 381.216 300 89
0 650 381.304 300 89
0 650 381.391 300 89
0 650 381.469 300 89
0 650 381.547 300 89
0 650 381.633 300 89
0 650 381.727 300 89
0 650 381.811 300 89
0 650 381.928 300 89
0 650 382.012 300 89
0 650 382.11 300 89
0 650 382.203 300 89
0 650 382.292 300 89
0 650 382.365 300 89
0 650 382.453 300 89
0 650 382.543 300 89
0 650 382.635 300 89
0 650 382.726 300 89
0 650 382.822 300 89
0 650 382.908 300 89
0 650 383.003 300 89
0 650 383.085 300 89
0 650 383.171 300 89
0 650 383.262 300 89
0 650 383.342 300 89
0 650 383.426 300 89
0 650 383.509 300 89
0 650 383.59 300 89
0 650 383.669 300 89
0 650 383.759 300 89
0 650 383.853 300 89
0 650 383.944 300 89
0 650 384.04 300 89
0 650 384.121 300 89
0 650 384.211 300 89
0 650 384.293 300 89
0 650 384.367 300 89
0 650 384.45 300 89
0 650 384.534 300 89
0 650 384.627 300 89
0 650 384.713 300 89
0 650 384.803 300 89
0 650 384.886 300 89
0 650 384.972 300 89
0 650 385.057 300 89
0 650 385.152 300 89
0 650 385.237 300 89
0 650 385.329 300 89
0 650 385.415 300 89
0 650 385.505 300 89
0 650 385.582 300 89
0 650 385.674 300 89
0 650 385.757 300 89
0 650 385.852 300 89
0 650 385.946 300 89
0 650 386.034 300 89
0 650 386.123 300 89
0 650 386.212 300 89
0 650 386.293 300 89
0 650 386.381 300 89
0 650 386.465 300 89
0 650 386.555 300 89
0 650 386.672 300 89
0 650 386.76 300 89
0 650 386.85 300 89
0 650 386.94 300 89
0 650 387.028 300 89
0 650 387.102 300 89
0 650 387.187 300 89
0 650 387.267 300 89
0 650 387.354 300 89
0 650 387.441 300 89
0 650 387.523 300 89
0 650 387.616 300 89
0 650 387.699 300 89
0 650 387.79 300 89
0 650 387.874 300 89
0 650 387.959 300 89
0 650 388.052 300 89
0 650 388.141 300 89
0 650 388.237 300 89
0 650 388.328 300 89
0 650 388.408 300 89
0 650 388.495 300 89
0 650 388.581 300 89
0 650 388.671 300 89
0 650 388.754 300 89
0 650 388.844 300 89
0 650 388.932 300 89
0 650 389.02 300 89
0 650 389.109 300 89
0 650 389.197 300 89
0 650 389.287 300 89
0 650 389.376 300 89
0 650 389.471 300 89
0 650 389.559 300 89
0 650 389.652 300 89
0 650 389.742 300 89
0 650 389.834 300 89
0 650 389.928 300 89
0 650 390.02 300 89
0 650 390.103 300 89
0 650 390.196 300 89
0 650 390.291 300 89
0 650 390.374 300 89
0 650 390.462 300 89
0 650 390.551 300 89
0 650 390.64 300 89
0 650 390.722 300 89
0 650 390.816 300 89
0 650 390.896 300 89
0 650 390.988 300 89
0 650 391.076 300 89
0 650 391.158 300 89
0 650 391.241 300 89
0 650 391.33 300 89
0 650 391.416 300 89
0 650 391.508 300 89
0 650 391.603 300 89
0 650 391.696 300 89
0 650 391.778 300 89
0 650 391.875 300 89
0 650 391.988 300 89
0 650 392.081 300 89
0 650 392.174 300 89
0 650 392.259 300 89
0 650 392.354 300 89
0 650 392.447 300 89
0 650 392.537 300 89
0 650 392.624 300 89
0 650 392.717 300 89
0 650 392.805 300 89
0 650 392.908 300 89
0 650 392.992 300 89
0 650 393.075 300 89
0 650 393.168 300 89
0 650 393.253 300 89
0 650 393.339 300 89
0 650 393.439 300 89
0 650 393.527 300 89
0 650 393.617 300 89
0 650 393.713 300 89
0 650 393.799 300 89
0 650 393.892 300 89
0 650 393.977 300 89
0 650 394.068 300 89
0 650 394.158 300 89
0 650 394.248 300 89
0 650 394.343 300 89
0 650 394.431 300 89
0 650 394.52 300 89
0 650 394.616 300 89
0 650 394.709 300 89
0 650 394.798 300 89
0 650 394.886 300 89
0 650 394.975 300 89
0 650 395.059 300 89
0 650 395.152 300 89
0 650 395.242 300 89
0 650 395.33 300 89
0 650 395.418 300 89
0 650 395.502 300 89
0 650 395.594 300 89
0 650 395.693 300 89
0 650 395.78 300 89
0 650 395.875 300 89
0 650 395.958 300 89
0 650 396.048 300 89
0 650 396.134 300 89
0 650 396.221 300 89
0 650 396.305 300 89
0 650 396.397 300 89
0 650 396.481 300 89
0 650 396.565 300 89
0 650 396.647 300 89
0 650 396.736 300 89
0 650 396.822 300 89
0 650 396.91 300 89
0 650 396.99 300 89
0 650 397.083 300 89
0 650 397.171 300 89
0 650 397.254 300 89
0 650 397.338 300 89
0 650 397.427 300 89
0 650 397.516 300 89
0 650 397.606 300 89
0 650 397.698 300 89
0 650 397.788 300 89
0 650 397.88 300 89
0 650 397.96 300 89
0 650 398.047 300 89
0 650 398.131 300 89
0 650 398.213 300 89
0 650 398.307 300 89
0 650 398.396 300 89
0 650 398.49 300 89
0 650 398.575 300 89
0 650 398.663 300 89
0 650 398.753 300 89
0 650 398.831 300 89
0 650 398.918 300 89
0 650 398.982 300 89
0 650 399.072 300 89
0 650 399.169 300 89
0 650 399.252 300 89
0 650 399.344 300 89
0 650 399.427 300 89
0 650 399.503 300 89
0 650 399.587 300 89
0 650 399.671 300 89
0 650 399.762 300 89
0 650 399.846 300 89
0 650 399.931 300 89
0 650 400.016 300 89
0 650 400.101 300 89
0 650 400.192 300 89
0 650 400.284 300 89
0 650 400.384 300 89
0 650 400.477 300 89
0 650 400.566 300 89
0 650 400.651 300 89
0 650 400.742 300 89
0 650 400.822 300 89
0 650 400.912 300 89
0 650 400.988 300 89
0 650 401.078 300 89
0 650 401.168 300 89
0 650 401.259 300 89
0 650 401.345 300 89
0 650 401.434 300 89
0 650 401.523 300 89
0 650 401.614 300 89
0 650 401.697 300 89
0 650 401.783 300 89
0 650 401.882 300 89
0 650 401.972 300 89
0 650 402.069 300 89
0 650 402.159 300 89
0 650 402.254 300 89
0 650 402.34 300 89
0 650 402.43 300 89
0 650 402.524 300 89
0 650 402.615 300 89
0 650 402.707 300 89
0 650 402.8 300 89
0 650 402.889 300 89
0 650 402.979 300 89
0 650 403.071 300 89
0 650 403.167 300 89
0 650 403.256 300 89
0 650 403.341 300 89
0 650 403.424 300 89
0 650 403.509 300 89
0 650 403.601 300 89
0 650 403.695 300 89
0 650 403.802 300 89
0 650 403.911 300 89
0 650 404.006 300 89
0 650 404.088 300 89
0 650 404.179 300 89
0 650 404.268 300 89
0 650 404.356 300 89
0 650 404.459 300 89
0 650 404.576 300 89
0 650 404.675 300 89
0 650 404.786 300 89
0 650 404.872 300 89
0 650 404.96 300 89
0 650 405.023 300 89
0 650 405.106 300 89
0 650 405.194 300 89
0 650 405.288 300 89
0 650 405.376 300 89
0 650 405.464 300 89
0 650 405.556 300 89
0 650 405.659 300 89
0 650 405.747 300 89
0 650 405.827 300 89
0 650 405.914 300 89
0 650 406.004 300 89
0 650 406.097 300 89
0 650 406.197 300 89
0 650 406.298 300 89
0 650 406.416 300 89
0 650 406.559 300 89
0 650 406.663 300 89
0 650 406.765 300 89
0 650 406.876 300 89
0 650 406.982 300 89
0 650 407.081 300 89
0 650 407.171 300 89
0 650 407.253 300 89
0 650 407.341 300 89
0 650 407.425 300 89
0 650 407.524 300 89
0 650 407.621 300 89
0 650 407.708 300 89
0 650 407.796 300 89
0 650 407.879 300 89
0 650 407.966 300 89
0 650 408.039 300 89
0 650 408.097 300 89
0 650 408.216 300 89
0 650 408.307 300 89
0 650 408.402 300 89
0 650 408.492 300 89
0 650 408.583 300 89
0 650 408.678 300 89
0 650 408.771 300 89
0 650 408.892 300 89
0 650 409.002 300 89
0 650 409.13 300 89
0 650 409.214 300 89
0 650 409.3 300 89
0 650 409.387 300 89
0 650 409.484 300 89
0 650 409.58 300 89
0 650 409.661 300 89
0 650 409.74 300 89
0 650 409.828 300 89
0 650 409.91 300 89
0 650 409.998 300 89
0 650 410.086 300 89
0 650 410.173 300 89
0 650 410.264 300 89
0 650 410.351 300 89
0 650 410.442 300 89
0 650 410.526 300 89
0 650 410.624 300 89
0 650 410.722 300 89
0 650 410.827 300 89
0 650 410.929 300 89
0 650 411.014 300 89
0 650 411.105 300 89
0 650 411.189 300 89
0 650 411.281 300 89
0 650 411.358 300 89
0 650 411.444 300 89
0 650 411.554 300 89
0 650 411.641 300 89
0 650 411.722 300 89
0 650 411.804 300 89
0 650 411.893 300 89
0 650 411.982 300 89
0 650 412.062 300 89
0 650 412.151 300 89
0 650 412.232 300 89
0 650 412.325 300 89
0 650 412.416 300 89
0 650 412.508 300 89
0 650 412.624 300 89
0 650 412.718 300 89
0 650 412.841 300 89
0 650 412.966 300 89
0 650 413.066 300 89
0 650 413.153 300 89
0 650 413.248 300 89
0 650 413.352 300 89
0 650 413.454 300 89
0 650 413.555 300 89
0 650 413.645 300 89
0 650 413.747 300 89
0 650 413.857 300 89
0 650 413.95 300 89
0 650 414.039 300 89
0 650 414.129 300 89
0 650 414.216 300 89
0 650 414.302 300 89
0 650 414.376 300 89
0 650 414.44 300 89
0 650 414.508 300 89
0 650 414.584 300 89
0 650 414.674 300 89
0 650 414.762 300 89
0 650 414.844 300 89
0 650 414.933 300 89
0 650 415.019 300 89
0 650 415.1 300 89
0 650 415.187 300 89
0 650 415.277 300 89
0 650 415.366 300 89
0 650 415.451 300 89
0 650 415.543 300 89
0 650 415.642 300 89
0 650 415.732 300 89
0 650 415.816 300 89
0 650 415.902 300 89
0 650 415.983 300 89
0 650 416.081 300 89
0 650 416.173 300 89
0 650 416.259 300 89
0 650 416.344 300 89
0 650 416.433 300 89
0 650 416.521 300 89
0 650 416.611 300 89
0 650 416.698 300 89
0 650 416.779 300 89
0 650 416.873 300 89
0 650 416.958 300 89
0 650 417.048 300 89
0 650 417.136 300 89
0 650 417.223 300 89
0 650 417.303 300 89
0 650 417.388 300 89
0 650 417.479 300 89
0 650 417.564 300 89
0 650 417.648 300 89
0 650 417.73 300 89
0 650 417.859 300 89
0 650 417.951 300 89
0 650 418.033 300 89
0 650 418.129 300 89
0 650 418.211 300 89
0 650 418.306 300 89
0 650 418.398 300 89
0 650 418.489 300 89
0 650 418.586 300 89
0 650 418.678 300 89
0 650 418.777 300 89
0 650 418.866 300 89
0 650 418.954 300 89
0 650 419.049 300 89
0 650 419.137 300 89
0 650 419.233 300 89
0 650 419.318 300 89
0 650 419.416 300 89
0 650 419.499 300 89
0 650 419.582 300 89
0 650 419.664 300 89
0 650 419.755 300 89
0 650 419.84 300 89
0 650 419.926 300 89
0 650 420.018 300 89
0 650 420.111 300 89
0 650 420.21 300 89
0 650 420.3 300 89
0 650 420.391 300 89
0 650 420.486 300 89
0 650 420.583 300 89
0 650 420.678 300 89
0 650 420.771 300 89
0 650 420.858 300 89
0 650 420.957 300 89
0 650 421.04 300 89
0 650 421.132 300 89
0 650 421.219 300 89
0 650 421.306 300 89
0 650 421.398 300 89
0 650 421.484 300 89
0 650 421.576 300 89
0 650 421.673 300 89
0 650 421.761 300 89
0 650 421.856 300 89
0 650 421.943 300 89
0 650 422.039 300 89
0 650 422.125 300 89
0 650 422.213 300 89
0 650 422.304 300 89
0 650 422.385 300 89
0 650 422.472 300 89
0 650 422.562 300 89
0 650 422.652 300 89
0 650 422.735 300 89
0 650 422.825 300 89
0 650 422.919 300 89
0 650 423.01 300 89
0 650 423.095 300 89
0 650 423.196 300 89
0 650 423.25 300 89
0 650 423.344 300 89
0 650 423.425 300 89
0 650 423.511 300 89
0 650 423.6 300 89
0 650 423.696 300 89
0 650 423.792 300 89
0 650 423.871 300 89
0 650 423.955 300 89
0 650 424.045 300 89
0 650 424.133 300 89
0 650 424.23 300 89
0 650 424.313 300 89
0 650 424.408 300 89
0 650 424.5 300 89
0 650 424.593 300 89
0 650 424.684 300 89
0 650 424.782 300 89
0 650 424.867 300 89
0 650 424.965 300 89
0 650 425.05 300 89
0 650 425.136 300 89
0 650 425.224 300 89
0 650 425.313 300 89
0 650 425.405 300 89
0 650 425.496 300 89
0 650 425.587 300 89
0 650 425.678 300 89
0 650 425.767 300 89
0 650 425.863 300 89
0 650 425.943 300 89
0 650 426.039 300 89
0 650 426.127 300 89
0 650 426.218 300 89
0 650 426.306 300 89
0 650 426.396 300 89
0 650 426.487 300 89
0 650 426.578 300 89
0 650 426.671 300 89
0 650 426.759 300 89
0 650 426.845 300 89
0 650 426.935 300 89
0 650 427.021 300 89
0 650 427.109 300 89
0 650 427.2 300 89
0 650 427.292 300 89
0 650 427.382 300 89
0 650 427.476 300 89
0 650 427.564 300 89
0 650 427.647 300 89
0 650 427.732 300 89
0 650 427.822 300 89
0 650 427.907 300 89
0 650 428.011 300 89
0 650 428.106 300 89
0 650 428.204 300 89
0 650 428.304 300 89
0 650 428.394 300 89
0 650 428.479 300 89
0 650 428.611 300 89
0 650 428.699 300 89
0 650 428.788 300 89
0 650 428.877 300 89
0 650 428.966 300 89
0 650 429.051 300 89
0 650 429.137 300 89
0 650 429.231 300 89
0 650 429.317 300 89
0 650 429.406 300 89
0 650 429.496 300 89
0 650 429.581 300 89
0 650 429.664 300 89
0 650 429.752 300 89
0 650 429.836 300 89
0 650 429.92 300 89
0 650 430.01 300 89
0 650 430.107 300 89
0 650 430.194 300 89
0 650 430.287 300 89
0 650 430.378 300 89
0 650 430.471 300 89
0 650 430.569 300 89
0 650 430.663 300 89
0 650 430.753 300 89
0 650 430.835 300 89
0 650 430.918 300 89
0 650 431.012 300 89
0 650 431.114 300 89
0 650 431.202 300 89
0 650 431.29 300 89
0 650 431.376 300 89
0 650 431.466 300 89
0 650 431.554 300 89
0 650 431.642 300 89
0 650 431.728 300 89
0 650 431.815 300 89
0 650 431.916 300 89
0 650 432.005 300 89
0 650 432.102 300 89
0 650 432.189 300 89
0 650 432.279 300 89
0 650 432.366 300 89
0 650 432.446 300 89
0 650 432.523 300 89
0 650 432.614 300 89
0 650 432.71 300 89
0 650 432.805 300 89
0 650 432.893 300 89
0 650 432.982 300 89
0 650 433.076 300 89
0 650 433.165 300 89
0 650 433.258 300 89
0 650 433.343 300 89
0 650 433.437 300 89
0 650 433.533 300 89
0 650 433.62 300 89
0 650 433.713 300 89
0 650 433.79 300 89
0 650 433.883 300 89
0 650 433.97 300 89
0 650 434.06 300 89
0 650 434.151 300 89
0 650 434.252 300 89
0 650 434.336 300 89
0 650 434.427 300 89
0 650 434.509 300 89
0 650 434.588 300 89
0 650 434.674 300 89
0 650 434.76 300 89
0 650 434.85 300 89
0 650 434.939 300 89
0 650 435.03 300 89
0 650 435.121 300 89
0 650 435.209 300 89
0 650 435.294 300 89
0 650 435.382 300 89
0 650 435.474 300 89
0 650 435.568 300 89
0 650 435.656 300 89
0 650 435.749 300 89
0 650 435.836 300 89
0 650 435.925 300 89
0 650 436.014 300 89
0 650 436.105 300 89
0 650 436.191 300 89
0 650 436.335 300 89
0 650 436.421 300 89
0 650 436.509 300 89
0 650 436.598 300 89
0 650 436.686 300 89
0 650 436.772 300 89
0 650 436.863 300 89
0 650 436.954 300 89
0 650 437.035 300 89
0 650 437.117 300 89
0 650 437.198 300 89
0 650 437.288 300 89
0 650 437.373 300 89
0 650 437.449 300 89
0 650 437.537 300 89
0 650 437.627 300 89
0 650 437.71 300 89
0 650 437.805 300 89
0 650 437.89 300 89
0 650 437.976 300 89
0 650 438.086 300 89
0 650 438.173 300 89
0 650 438.261 300 89
0 650 438.344 300 89
0 650 438.425 300 89
0 650 438.514 300 89
0 650 438.61 300 89
0 650 438.697 300 89
0 650 438.796 300 89
0 650 438.871 300 89
0 650 438.96 300 89
0 650 439.058 300 89
0 650 439.137 300 89
0 650 439.224 300 89
0 650 439.315 300 89
0 650 439.41 300 89
0 650 439.502 300 89
0 650 439.585 300 89
0 650 439.671 300 89
0 650 439.729 300 89
0 650 439.821 300 89
0 650 439.884 300 89
0 650 439.973 300 89
0 650 440.06 300 89
0 650 440.148 300 89
0 650 440.239 300 89
0 650 440.318 300 89
0 650 440.409 300 89
0 650 440.502 300 89
0 650 440.592 300 89
0 650 440.688 300 89
0 650 440.787 300 89
0 650 440.875 300 89
0 650 440.962 300 89
0 650 441.039 300 89
0 650 441.166 300 89
0 650 441.256 300 89
0 650 441.348 300 89
0 650 441.437 300 89
0 650 441.528 300 89
0 650 441.625 300 89
0 650 441.713 300 89
0 650 441.807 300 89
0 650 441.896 300 89
0 650 441.983 300 89
0 650 442.121 300 89
0 650 442.202 300 89
0 650 442.296 300 89
0 650 442.391 300 89
0 650 442.474 300 89
0 650 442.559 300 89
0 650 442.646 300 89
0 650 442.735 300 89
0 650 442.829 300 89
0 650 442.921 300 89
0 650 443.008 300 89
0 650 443.101 300 89
0 650 443.188 300 89
0 650 443.227 300 89
0 650 443.286 300 89
0 650 443.336 300 89
0 650 443.39 300 89
0 650 443.443 300 89
0 650 443.506 300 89
0 650 443.564 300 89
0 650 443.618 300 89
0 650 443.676 300 89
0 650 443.736 300 89
0 650 443.798 300 89
0 650 443.861 300 89
0 650 443.925 300 89
0 650 443.988 300 89
0 650 444.044 300 89
0 650 444.103 300 89
0 650 444.161 300 89
0 650 444.218 300 89
0 650 444.279 300 89
0 650 444.337 300 89
0 650 444.398 300 89
0 650 444.455 300 89
0 650 444.516 300 89
0 650 444.579 300 89
0 650 444.636 300 89
0 650 444.697 300 89
0 650 444.765 300 89
0 650 444.818 300 89
0 650 444.876 300 89
0 650 444.942 300 89
0 650 444.99 300 89
0 650 445.045 300 89
0 650 445.107 300 89
0 650 445.167 300 89
0 650 445.231 300 89
0 650 445.292 300 89
0 650 445.351 300 89
0 650 445.406 300 89
0 650 445.467 300 89
0 650 445.527 300 89
0 650 445.587 300 89
0 650 445.648 300 89
0 650 445.71 300 89
0 650 445.765 300 89
0 650 445.831 300 89
0 650 445.886 300 89
0 650 445.94 300 89
0 650 446.002 300 89
0 650 446.063 300 89
0 650 446.12 300 89
0 650 446.181 300 89
0 650 446.246 300 89
0 650 446.336 300 89
0 650 446.431 300 89
0 650 446.524 300 89
0 650 446.61 300 89
0 650 446.697 300 89
0 650 446.782 300 89
0 650 446.871 300 89
0 650 446.957 300 89
0 650 447.044 300 89
0 650 447.13 300 89
0 650 447.21 300 89
0 650 447.301 300 89
0 650 447.388 300 89
0 650 447.481 300 89
0 650 447.564 300 89
0 650 447.646 300 89
0 650 447.735 300 89
0 650 447.824 300 89
0 650 447.913 300 89
0 650 448.002 300 89
0 650 448.096 300 89
0 650 448.184 300 89
0 650 448.271 300 89
0 650 448.363 300 89
0 650 448.455 300 89
0 650 448.531 300 89
0 650 448.615 300 89
0 650 448.702 300 89
0 650 448.783 300 89
0 650 448.871 300 89
0 650 448.968 300 89
0 650 449.059 300 89
0 650 449.118 300 89
0 650 449.213 300 89
0 650 449.298 300 89
0 650 449.386 300 89
0 650 449.471 300 89
0 650 449.559 300 89
0 650 449.649 300 89
0 650 449.742 300 89
0 650 449.839 300 89
0 650 449.932 300 89
0 650 450.018 300 89
0 650 450.107 300 89
0 650 450.19 300 89
0 650 450.285 300 89
0 650 450.367 300 89
0 650 450.449 300 89
0 650 450.539 300 89
0 650 450.626 300 89
0 650 450.711 300 89
0 650 450.826 300 89
0 650 450.912 300 89
0 650 451.005 300 89
0 650 451.097 300 89
0 650 451.181 300 89
0 650 451.266 300 89
0 650 451.341 300 89
0 650 451.429 300 89
0 650 451.523 300 89
0 650 451.613 300 89
0 650 451.697 300 89
0 650 451.79 300 89
0 650 451.884 300 89
0 650 451.979 300 89
0 650 452.069 300 89
0 650 452.158 300 89
0 650 452.242 300 89
0 650 452.331 300 89
0 650 452.42 300 89
0 650 452.511 300 89
0 650 452.593 300 89
0 650 452.683 300 89
0 650 452.769 300 89
0 650 452.856 300 89
0 650 452.946 300 89
0 650 453.044 300 89
0 650 453.134 300 89
0 650 453.213 300 89
0 650 453.299 300 89
0 650 453.397 300 89
0 650 453.488 300 89
0 650 453.573 300 89
0 650 453.662 300 89
0 650 453.748 300 89
0 650 453.84 300 89
0 650 453.927 300 89
0 650 454.012 300 89
0 650 454.103 300 89
0 650 454.198 300 89
0 650 454.285 300 89
0 650 454.377 300 89
0 650 454.461 300 89
0 650 454.545 300 89
0 650 454.633 300 89
0 650 454.722 300 89
0 650 454.806 300 89
0 650 454.893 300 89
0 650 454.979 300 89
0 650 455.07 300 89
0 650 455.169 300 89
0 650 455.256 300 89
0 650 455.347 300 89
0 650 455.443 300 89
0 650 455.538 300 89
0 650 455.625 300 89
0 650 455.717 300 89
0 650 455.801 300 89
0 650 455.89 300 89
0 650 455.985 300 89
0 650 456.074 300 89
0 650 456.167 300 89
0 650 456.257 300 89
0 650 456.347 300 89
0 650 456.439 300 89
0 650 456.525 300 89
0 650 456.615 300 89
0 650 456.712 300 89
0 650 456.806 300 89
0 650 456.903 300 89
0 650 456.988 300 89
0 650 457.081 300 89
0 650 457.171 300 89
0 650 457.266 300 89
0 650 457.351 300 89
0 650 457.434 300 89
0 650 457.525 300 89
0 650 457.612 300 89
0 650 457.698 300 89
0 650 457.789 300 89
0 650 457.872 300 89
0 650 457.956 300 89
0 650 458.044 300 89
0 650 458.14 300 89
0 650 458.233 300 89
0 650 458.317 300 89
0 650 458.403 300 89
0 650 458.49 300 89
0 650 458.579 300 89
0 650 458.67 300 89
0 650 458.759 300 89
0 650 458.85 300 89
0 650 458.944 300 89
0 650 459.035 300 89
0 650 459.119 300 89
0 650 459.213 300 89
0 650 459.308 300 89
0 650 459.389 300 89
0 650 459.486 300 89
0 650 459.574 300 89
0 650 459.661 300 89
0 650 459.716 300 89
0 650 459.811 300 89
0 650 459.902 300 89
0 650 459.987 300 89
0 650 460.076 300 89
0 650 460.165 300 89
0 650 460.263 300 89
0 650 460.351 300 89
0 650 460.447 300 89
0 650 460.541 300 89
0 650 460.64 300 89
0 650 460.721 300 89
0 650 460.813 300 89
0 650 460.898 300 89
0 650 460.99 300 89
0 650 461.092 300 89
0 650 461.179 300 89
0 650 461.268 300 89
0 650 461.359 300 89
0 650 461.45 300 89
0 650 461.536 300 89
0 650 461.625 300 89
0 650 461.716 300 89
0 650 461.802 300 89
0 650 461.891 300 89
0 650 461.982 300 89
0 650 462.072 300 89
0 650 462.163 300 89
0 650 462.248 300 89
0 650 462.336 300 89
0 650 462.422 300 89
0 650 462.512 300 89
0 650 462.608 300 89
0 650 462.705 300 89
0 650 462.787 300 89
0 650 462.868 300 89
0 650 462.958 300 89
0 650 463.041 300 89
0 650 463.13 300 89
0 650 463.216 300 89
0 650 463.309 300 89
0 650 463.408 300 89
0 650 463.503 300 89
0 650 463.597 300 89
0 650 463.684 300 89
0 650 463.771 300 89
0 650 463.867 300 89
0 650 463.945 300 89
0 650 464.037 300 89
0 650 464.132 300 89
0 650 464.224 300 89
0 650 464.311 300 89
0 650 464.401 300 89
0 650 464.489 300 89
0 650 464.578 300 89
0 650 464.663 300 89
0 650 464.748 300 89
0 650 464.837 300 89
0 650 464.924 300 89
0 650 465.017 300 89
0 650 465.109 300 89
0 650 465.194 300 89
0 650 465.292 300 89
0 650 465.369 300 89
0 650 465.461 300 89
0 650 465.554 300 89
0 650 465.642 300 89
0 650 465.722 300 89
0 650 465.805 300 89
0 650 465.889 300 89
0 650 465.976 300 89
0 650 466.068 300 89
0 650 466.154 300 89
0 650 466.236 300 89
0 650 466.321 300 89
0 650 466.401 300 89
0 650 466.484 300 89
0 650 466.568 300 89
0 650 466.66 300 89
0 650 466.751 300 89
0 650 466.836 300 89
0 650 466.916 300 89
0 650 467.003 300 89
0 650 467.09 300 89
0 650 467.19 300 89
0 650 467.281 300 89
0 650 467.368 300 89
0 650 467.447 300 89
0 650 467.538 300 89
0 650 467.628 300 89
0 650 467.716 300 89
0 650 467.807 300 89
0 650 467.898 300 89
0 650 467.996 300 89
0 650 468.081 300 89
0 650 468.168 300 89
0 650 468.255 300 89
0 650 468.336 300 89
0 650 468.424 300 89
0 650 468.514 300 89
0 650 468.607 300 89
0 650 468.695 300 89
0 650 468.78 300 89
0 650 468.87 300 89
0 650 468.949 300 89
0 650 469.071 300 89
0 650 469.155 300 89
0 650 469.245 300 89
0 650 469.334 300 89
0 650 469.425 300 89
0 650 469.504 300 89
0 650 469.593 300 89
0 650 469.684 300 89
0 650 469.775 300 89
0 650 469.86 300 89
0 650 469.947 300 89
0 650 470.041 300 89
0 650 470.129 300 89
0 650 470.215 300 89
0 650 470.31 300 89
0 650 470.401 300 89
0 650 470.496 300 89
0 650 470.592 300 89
0 650 470.669 300 89
0 650 470.76 300 89
0 650 470.844 300 89
0 650 470.931 300 89
0 650 471.024 300 89
0 650 471.108 300 89
0 650 471.192 300 89
0 650 471.288 300 89
0 650 471.381 300 89
0 650 471.471 300 89
0 650 471.557 300 89
0 650 471.647 300 89
0 650 471.731 300 89
0 650 471.817 300 89
0 650 471.91 300 89
0 650 472.005 300 89
0 650 472.093 300 89
0 650 472.168 300 89
0 650 472.254 300 89
0 650 472.341 300 89
0 650 472.435 300 89
0 650 472.526 300 89
0 650 472.615 300 89
0 650 472.71 300 89
0 650 472.799 300 89
0 650 472.886 300 89
0 650 472.975 300 89
0 650 473.066 300 89
0 650 473.155 300 89
0 650 473.248 300 89
0 650 473.333 300 89
0 650 473.415 300 89
0 650 473.501 300 89
0 650 473.586 300 89
0 650 473.672 300 89
0 650 473.753 300 89
0 650 473.846 300 89
0 650 473.935 300 89
0 650 474.028 300 89
0 650 474.117 300 89
0 650 474.207 300 89
0 650 474.295 300 89
0 650 474.373 300 89
0 650 474.463 300 89
0 650 474.547 300 89
0 650 474.635 300 89
0 650 474.728 300 89
0 650 474.82 300 89
0 650 474.906 300 89
0 650 474.998 300 89
0 650 475.077 300 89
0 650 475.173 300 89
0 650 475.262 300 89
0 650 475.355 300 89
0 650 475.44 300 89
0 650 475.531 300 89
0 650 475.619 300 89
0 650 475.713 300 89
0 650 475.809 300 89
0 650 475.9 300 89
0 650 475.991 300 89
0 650 476.074 300 89
0 650 476.16 300 89
0 650 476.253 300 89
0 650 476.341 300 89
0 650 476.433 300 89
0 650 476.522 300 89
0 650 476.603 300 89
0 650 476.687 300 89
0 650 476.771 300 89
0 650 476.863 300 89
0 650 476.954 300 89
0 650 477.049 300 89
0 650 477.124 300 89
0 650 477.222 300 89
0 650 477.312 300 89
0 650 477.403 300 89
0 650 477.49 300 89
0 650 477.578 300 89
0 650 477.664 300 89
0 650 477.752 300 89
0 650 477.836 300 89
0 650 477.926 300 89
0 650 478.012 300 89
0 650 478.103 300 89
0 650 478.193 300 89
0 650 478.277 300 89
0 650 478.385 300 89
0 650 478.477 300 89
0 650 478.561 300 89
0 650 478.654 300 89
0 650 478.747 300 89
0 650 478.842 300 89
0 650 478.929 300 89
0 650 479.035 300 89
0 650 479.131 300 89
0 650 479.215 300 89
0 650 479.301 300 89
0 650 479.392 300 89
0 650 479.489 300 89
0 650 479.582 300 89
0 650 479.668 300 89
0 650 479.759 300 89
0 650 479.849 300 89
0 650 479.928 300 89
0 650 480.014 300 89
0 650 480.092 300 89
0 650 480.184 300 89
0 650 480.273 300 89
0 650 480.363 300 89
0 650 480.45 300 89
0 650 480.532 300 89
0 650 480.624 300 89
0 650 480.709 300 89
0 650 480.796 300 89
0 650 480.892 300 89
0 650 480.973 300 89
0 650 481.06 300 89
0 650 481.151 300 89
0 650 481.234 300 89
0 650 481.33 300 89
0 650 481.414 300 89
0 650 481.502 300 89
0 650 481.585 300 89
0 650 481.671 300 89
0 650 481.753 300 89
0 650 481.845 300 89
0 650 481.932 300 89
0 650 482.013 300 89
0 650 482.105 300 89
0 650 482.191 300 89
0 650 482.283 300 89
0 650 482.373 300 89
0 650 482.457 300 89
0 650 482.561 300 89
0 650 482.652 300 89
0 650 482.738 300 89
0 650 482.829 300 89
0 650 482.958 300 89
0 650 483.045 300 89
0 650 483.129 300 89
0 650 483.221 300 89
0 650 483.308 300 89
0 650 483.394 300 89
0 650 483.487 300 89
0 650 483.576 300 89
0 650 483.662 300 89
0 650 483.755 300 89
0 650 483.845 300 89
0 650 483.929 300 89
0 650 484.022 300 89
0 650 484.117 300 89
0 650 484.206 300 89
0 650 484.296 300 89
0 650 484.384 300 89
0 650 484.469 300 89
0 650 484.607 300 89
0 650 484.694 300 89
0 650 484.784 300 89
0 650 484.877 300 89
0 650 484.965 300 89
0 650 485.05 300 89
0 650 485.14 300 89
0 650 485.235 300 89
0 650 485.323 300 89
0 650 485.411 300 89
0 650 485.504 300 89
0 650 485.597 300 89
0 650 485.678 300 89
0 650 485.762 300 89
0 650 485.856 300 89
0 650 485.94 300 89
0 650 486.029 300 89
0 650 486.117 300 89
0 650 486.21 300 89
0 650 486.303 300 89
0 650 486.401 300 89
0 650 486.488 300 89
0 650 486.585 300 89
0 650 486.678 300 89
0 650 486.761 300 89
0 650 486.85 300 89
0 650 486.934 300 89
0 650 487.013 300 89
0 650 487.101 300 89
0 650 487.184 300 89
0 650 487.274 300 89
0 650 487.361 300 89
0 650 487.449 300 89
0 650 487.539 300 89
0 650 487.631 300 89
0 650 487.759 300 89
0 650 487.846 300 89
0 650 487.94 300 89
0 650 488.026 300 89
0 650 488.109 300 89
0 650 488.198 300 89
0 650 488.29 300 89
0 650 488.371 300 89
0 650 488.461 300 89
0 650 488.555 300 89
0 650 488.645 300 89
0 650 488.723 300 89
0 650 488.812 300 89
0 650 488.91 300 89
0 650 488.993 300 89
0 650 489.079 300 89
0 650 489.164 300 89
0 650 489.254 300 89
0 650 489.341 300 89
0 650 489.432 300 89
0 650 489.514 300 89
0 650 489.606 300 89
0 650 489.691 300 89
0 650 489.775 300 89
0 650 489.857 300 89
0 650 489.951 300 89
0 650 490.034 300 89
0 650 490.125 300 89
0 650 490.214 300 89
0 650 490.308 300 89
0 650 490.401 300 89
0 650 490.49 300 89
0 650 490.574 300 89
0 650 490.661 300 89
0 650 490.749 300 89
0 650 490.847 300 89
0 650 490.932 300 89
0 650 491.012 300 89
0 650 491.101 300 89
0 650 491.188 300 89
0 650 491.271 300 89
0 650 491.357 300 89
0 650 491.445 300 89
0 650 491.532 300 89
0 650 491.618 300 89
0 650 491.708 300 89
0 650 491.787 300 89
0 650 491.875 300 89
0 650 491.954 300 89
0 650 492.04 300 89
0 650 492.13 300 89
0 650 492.211 300 89
0 650 492.302 300 89
0 650 492.396 300 89
0 650 492.478 300 89
0 650 492.569 300 89
0 650 492.66 300 89
0 650 492.749 300 89
0 650 492.838 300 89
0 650 492.927 300 89
0 650 493.015 300 89
0 650 493.103 300 89
0 650 493.242 300 89
0 650 493.321 300 89
0 650 493.405 300 89
0 650 493.491 300 89
0 650 493.548 300 89
0 650 493.637 300 89
0 650 493.733 300 89
0 650 493.822 300 89
0 650 493.91 300 89
0 650 494.009 300 89
0 650 494.099 300 89
0 650 494.189 300 89
0 650 494.278 300 89
0 650 494.372 300 89
0 650 494.461 300 89
0 650 494.518 300 89
0 650 494.598 300 89
0 650 494.69 300 89
0 650 494.773 300 89
0 650 494.857 300 89
0 650 494.95 300 89
0 650 495.046 300 89
0 650 495.13 300 89
0 650 495.206 300 89
0 650 495.293 300 89
0 650 495.386 300 89
0 650 495.475 300 89
0 650 495.552 300 89
0 650 495.641 300 89
0 650 495.729 300 89
0 650 495.809 300 89
0 650 495.906 300 89
0 650 495.997 300 89
0 650 496.084 300 89
0 650 496.171 300 89
0 650 496.257 300 89
0 650 496.344 300 89
0 650 496.426 300 89
0 650 496.516 300 89
0 650 496.6 300 89
0 650 496.692 300 89
0 650 496.779 300 89
0 650 496.867 300 89
0 650 496.948 300 89
0 650 497.038 300 89
0 650 497.127 300 89
0 650 497.218 300 89
0 650 497.306 300 89
0 650 497.396 300 89
0 650 497.474 300 89
0 650 497.561 300 89
0 650 497.645 300 89
0 650 497.723 300 89
0 650 497.81 300 89
0 650 497.896 300 89
0 650 497.973 300 89
0 650 498.061 300 89
0 650 498.118 300 89
0 650 498.176 300 89
0 650 498.238 300 89
0 650 498.302 300 89
0 650 498.361 300 89
0 650 498.427 300 89
0 650 498.484 300 89
0 650 498.542 300 89
0 650 498.601 300 89
0 650 498.663 300 89
0 650 498.721 300 89
0 650 498.78 300 89
0 650 498.844 300 89
0 650 498.908 300 89
0 650 498.967 300 89
0 650 499.029 300 89
0 650 499.091 300 89
0 650 499.153 300 89
0 650 499.213 300 89
0 650 499.277 300 89
0 650 499.331 300 89
0 650 499.383 300 89
0 650 499.447 300 89
0 650 499.504 300 89
0 650 499.565 300 89
0 650 499.62 300 89
0 650 499.675 300 89
0 650 499.735 300 89
0 650 499.81 300 89
0 650 499.889 300 89
0 650 499.976 300 89
0 650 500.058 300 89
0 650 500.139 300 89
0 650 500.221 300 89
0 650 500.309 300 89
0 650 500.389 300 89
0 650 500.483 300 89
0 650 500.583 300 89
0 650 500.676 300 89
0 650 500.769 300 89
0 650 500.855 300 89
0 650 500.931 300 89
0 650 501.011 300 89
0 650 501.102 300 89
0 650 501.181 300 89
0 650 501.269 300 89
0 650 501.357 300 89
0 650 501.442 300 89
0 650 501.529 300 89
0 650 501.623 300 89
0 650 501.708 300 89
0 650 501.801 300 89
0 650 501.892 300 89
0 650 501.981 300 89
0 650 502.069 300 89
0 650 502.154 300 89
0 650 502.246 300 89
0 650 502.333 300 89
0 650 502.424 300 89
0 650 502.517 300 89
0 650 502.596 300 89
0 650 502.683 300 89
0 650 502.77 300 89
0 650 502.854 300 89
0 650 502.94 300 89
0 650 503.022 300 89
0 650 503.107 300 89
0 650 503.191 300 89
0 650 503.279 300 89
0 650 503.365 300 89
0 650 503.457 300 89
0 650 503.544 300 89
0 650 503.631 300 89
0 650 503.723 300 89
0 650 503.81 300 89
0 650 503.9 300 89
0 650 503.989 300 89
0 650 504.071 300 89
0 650 504.163 300 89
0 650 504.25 300 89
0 650 504.34 300 89
0 650 504.43 300 89
0 650 504.515 300 89
0 650 504.597 300 89
0 650 504.676 300 89
0 650 504.752 300 89
0 650 504.829 300 89
0 650 504.914 300 89
0 650 505 300 89
0 650 505.094 300 89
0 650 505.183 300 89
0 650 505.272 300 89
0 650 505.361 300 89
0 650 505.447 300 89
0 650 505.52 300 89
0 650 505.609 300 89
0 650 505.7 300 89
0 650 505.781 300 89
0 650 505.866 300 89
0 650 505.957 300 89
0 650 506.048 300 89
0 650 506.138 300 89
0 650 506.262 300 89
0 650 506.337 300 89
0 650 506.422 300 89
0 650 506.52 300 89
0 650 506.612 300 89
0 650 506.703 300 89
0 650 506.782 300 89
0 650 506.867 300 89
0 650 506.957 300 89
0 650 507.05 300 89
0 650 507.139 300 89
0 650 507.228 300 89
0 650 507.322 300 89
0 650 507.412 300 89
0 650 507.499 300 89
0 650 507.592 300 89
0 650 507.674 300 89
0 650 507.765 300 89
0 650 507.851 300 89
0 650 507.937 300 89
0 650 508.02 300 89
0 650 508.107 300 89
0 650 508.19 300 89
0 650 508.28 300 89
0 650 508.362 300 89
0 650 508.447 300 89
0 650 508.535 300 89
0 650 508.629 300 89
0 650 508.723 300 89
0 650 508.813 300 89
0 650 508.903 300 89
0 650 508.993 300 89
0 650 509.083 300 89
0 650 509.171 300 89
0 650 509.263 300 89
0 650 509.35 300 89
0 650 509.441 300 89
0 650 509.53 300 89
0 650 509.614 300 89
0 650 509.695 300 89
0 650 509.783 300 89
0 650 509.869 300 89
0 650 509.962 300 89
0 650 510.046 300 89
0 650 510.127 300 89
0 650 510.216 300 89
0 650 510.306 300 89
0 650 510.393 300 89
0 650 510.483 300 89
0 650 510.557 300 89
0 650 510.648 300 89
0 650 510.734 300 89
0 650 510.816 300 89
0 650 510.902 300 89
0 650 510.99 300 89
0 650 511.077 300 89
0 650 511.17 300 89
0 650 511.264 300 89
0 650 511.354 300 89
0 650 511.433 300 89
0 650 511.523 300 89
0 650 511.603 300 89
0 650 511.687 300 89
0 650 511.77 300 89
0 650 511.859 300 89
0 650 511.946 300 89
0 650 512.022 300 89
0 650 512.12 300 89
0 650 512.197 300 89
0 650 512.285 300 89
0 650 512.377 300 89
0 650 512.472 300 89
0 650 512.561 300 89
0 650 512.648 300 89
0 650 512.739 300 89
0 650 512.837 300 89
0 650 512.93 300 89
0 650 513.017 300 89
0 650 513.103 300 89
0 650 513.191 300 89
0 650 513.279 300 89
0 650 513.359 300 89
0 650 513.486 300 89
0 650 513.575 300 89
0 650 513.658 300 89
0 650 513.744 300 89
0 650 513.838 300 89
0 650 513.926 300 89
0 650 514.015 300 89
0 650 514.109 300 89
0 650 514.204 300 89
0 650 514.287 300 89
0 650 514.344 300 89
0 650 514.43 300 89
0 650 514.511 300 89
0 650 514.609 300 89
0 650 514.691 300 89
0 650 514.78 300 89
0 650 514.869 300 89
0 650 514.985 300 89
0 650 515.074 300 89
0 650 515.153 300 89
0 650 515.241 300 89
0 650 515.331 300 89
0 650 515.423 300 89
0 650 515.504 300 89
0 650 515.591 300 89
0 650 515.683 300 89
0 650 515.798 300 89
0 650 515.885 300 89
0 650 515.976 300 89
0 650 516.066 300 89
0 650 516.146 300 89
0 650 516.224 300 89
0 650 516.332 300 89
0 650 516.423 300 89
0 650 516.512 300 89
0 650 516.598 300 89
0 650 516.689 300 89
0 650 516.77 300 89
0 650 516.858 300 89
0 650 516.94 300 89
0 650 517.017 300 89
0 650 517.111 300 89
0 650 517.195 300 89
0 650 517.303 300 89
0 650 517.387 300 89
0 650 517.468 300 89
0 650 517.557 300 89
0 650 517.649 300 89
0 650 517.731 300 89
0 650 517.828 300 89
0 650 517.882 300 89
0 650 517.978 300 89
0 650 518.067 300 89
0 650 518.151 300 89
0 650 518.24 300 89
0 650 518.33 300 89
0 650 518.415 300 89
0 650 518.51 300 89
0 650 518.608 300 89
0 650 518.707 300 89
0 650 518.789 300 89
0 650 518.874 300 89
0 650 518.969 300 89
0 650 519.052 300 89
0 650 519.147 300 89
0 650 519.241 300 89
0 650 519.34 300 89
0 650 519.428 300 89
0 650 519.514 300 89
0 650 519.608 300 89
0 650 519.698 300 89
0 650 519.784 300 89
0 650 519.879 300 89
0 650 519.97 300 89
0 650 520.06 300 89
0 650 520.144 300 89
0 650 520.234 300 89
0 650 520.322 300 89
0 650 520.383 300 89
0 650 520.472 300 89
0 650 520.557 300 89
0 650 520.643 300 89
0 650 520.729 300 89
0 650 520.815 300 89
0 650 520.903 300 89
0 650 520.988 300 89
0 650 521.075 300 89
0 650 521.162 300 89
0 650 521.248 300 89
0 650 521.334 300 89
0 650 521.422 300 89
0 650 521.517 300 89
0 650 521.607 300 89
0 650 521.688 300 89
0 650 521.787 300 89
0 650 521.881 300 89
0 650 521.968 300 89
0 650 522.063 300 89
0 650 522.146 300 89
0 650 522.241 300 89
0 650 522.338 300 89
0 650 522.42 300 89
0 650 522.501 300 89
0 650 522.589 300 89
0 650 522.685 300 89
0 650 522.773 300 89
0 650 522.864 300 89
0 650 522.948 300 89
0 650 523.037 300 89
0 650 523.125 300 89
0 650 523.211 300 89
0 650 523.292 300 89
0 650 523.38 300 89
0 650 523.468 300 89
0 650 523.548 300 89
0 650 523.643 300 89
0 650 523.733 300 89
0 650 523.82 300 89
0 650 523.903 300 89
0 650 523.99 300 89
0 650 524.076 300 89
0 650 524.168 300 89
0 650 524.256 300 89
0 650 524.348 300 89
0 650 524.447 300 89
0 650 524.534 300 89
0 650 524.622 300 89
0 650 524.712 300 89
0 650 524.806 300 89
0 650 524.889 300 89
0 650 524.977 300 89
0 650 525.065 300 89
0 650 525.149 300 89
0 650 525.241 300 89
0 650 525.328 300 89
0 650 525.415 300 89
0 650 525.51 300 89
0 650 525.594 300 89
0 650 525.686 300 89
0 650 525.774 300 89
0 650 525.866 300 89
0 650 525.953 300 89
0 650 526.046 300 89
0 650 526.136 300 89
0 650 526.233 300 89
0 650 526.317 300 89
0 650 526.404 300 89
0 650 526.496 300 89
0 650 526.59 300 89
0 650 526.68 300 89
0 650 526.761 300 89
0 650 526.851 300 89
0 650 526.941 300 89
0 650 527.035 300 89
0 650 527.123 300 89
0 650 527.211 300 89
0 650 527.295 300 89
0 650 527.382 300 89
0 650 527.477 300 89
0 650 527.566 300 89
0 650 527.658 300 89
0 650 527.747 300 89
0 650 527.824 300 89
0 650 527.913 300 89
0 650 528.006 300 89
0 650 528.092 300 89
0 650 528.179 300 89
0 650 528.273 300 89
0 650 528.366 300 89
0 650 528.456 300 89
0 650 528.547 300 89
0 650 528.632 300 89
0 650 528.72 300 89
0 650 528.804 300 89
0 650 528.884 300 89
0 650 528.971 300 89
0 650 529.055 300 89
0 650 529.138 300 89
0 650 529.23 300 89
0 650 529.32 300 89
0 650 529.406 300 89
0 650 529.495 300 89
0 650 529.59 300 89
0 650 529.682 300 89
0 650 529.772 300 89
0 650 529.858 300 89
0 650 529.948 300 89
0 650 530.025 300 89
0 650 530.11 300 89
0 650 530.195 300 89
0 650 530.284 300 89
0 650 530.376 300 89
0 650 530.465 300 89
0 650 530.555 300 89
0 650 530.652 300 89
0 650 530.741 300 89
0 650 530.826 300 89
0 650 530.912 300 89
0 650 530.994 300 89
0 650 531.086 300 89
0 650 531.172 300 89
0 650 531.26 300 89
0 650 531.351 300 89
0 650 531.442 300 89
0 650 531.531 300 89
0 650 531.622 300 89
0 650 531.711 300 89
0 650 531.798 300 89
0 650 531.882 300 89
0 650 531.953 300 89
0 650 532.045 300 89
0 650 532.135 300 89
0 650 532.222 300 89
0 650 532.304 300 89
0 650 532.396 300 89
0 650 532.48 300 89
0 650 532.573 300 89
0 650 532.664 300 89
0 650 532.752 300 89
0 650 532.84 300 89
0 650 532.921 300 89
0 650 533.004 300 89
0 650 533.099 300 89
0 650 533.19 300 89
0 650 533.275 300 89
0 650 533.354 300 89
0 650 533.437 300 89
0 650 533.523 300 89
0 650 533.609 300 89
0 650 533.7 300 89
0 650 533.785 300 89
0 650 533.873 300 89
0 650 533.963 300 89
0 650 534.049 300 89
0 650 534.139 300 89
0 650 534.235 300 89
0 650 534.324 300 89
0 650 534.418 300 89
0 650 534.504 300 89
0 650 534.588 300 89
0 650 534.676 300 89
0 650 534.766 300 89
0 650 534.851 300 89
0 650 534.946 300 89
0 650 535.034 300 89
0 650 535.116 300 89
0 650 535.198 300 89
0 650 535.28 300 89
0 650 535.375 300 89
0 650 535.458 300 89
0 650 535.539 300 89
0 650 535.623 300 89
0 650 535.712 300 89
0 650 535.806 300 89
0 650 535.896 300 89
0 650 535.953 300 89
0 650 536.04 300 89
0 650 536.129 300 89
0 650 536.212 300 89
0 650 536.296 300 89
0 650 536.381 300 89
0 650 536.465 300 89
0 650 536.547 300 89
0 650 536.641 300 89
0 650 536.733 300 89
0 650 536.828 300 89
0 650 536.923 300 89
0 650 537.002 300 89
0 650 537.094 300 89
0 650 537.181 300 89
0 650 537.259 300 89
0 650 537.345 300 89
0 650 537.437 300 89
0 650 537.525 300 89
0 650 537.613 300 89
0 650 537.705 300 89
0 650 537.793 300 89
0 650 537.873 300 89
0 650 537.965 300 89
0 650 538.051 300 89
0 650 538.137 300 89
0 650 538.222 300 89
0 650 538.306 300 89
0 650 538.389 300 89
0 650 538.475 300 89
0 650 538.56 300 89
0 650 538.651 300 89
0 650 538.731 300 89
0 650 538.817 300 89
0 650 538.901 300 89
0 650 538.972 300 89
0 650 539.061 300 89
0 650 539.152 300 89
0 650 539.228 300 89
0 650 539.321 300 89
0 650 539.412 300 89
0 650 539.493 300 89
0 650 539.585 300 89
0 650 539.665 300 89
0 650 539.727 300 89
0 650 539.783 300 89
0 650 539.845 300 89
0 650 539.902 300 89
0 650 539.964 300 89
0 650 540.02 300 89
0 650 540.079 300 89
0 650 540.14 300 89
0 650 540.197 300 89
0 650 540.258 300 89
0 650 540.316 300 89
0 650 540.376 300 89
0 650 540.44 300 89
0 650 540.505 300 89
0 650 540.567 300 89
0 650 540.626 300 89
0 650 540.684 300 89
0 650 540.748 300 89
0 650 540.806 300 89
0 650 540.865 300 89
0 650 540.924 300 89
0 650 540.983 300 89
0 650 541.05 300 89
0 650 541.112 300 89
0 650 541.175 300 89
0 650 541.237 300 89
0 650 541.302 300 89
0 650 541.363 300 89
0 650 541.426 300 89
0 650 541.486 300 89
0 650 541.546 300 89
0 650 541.609 300 89
0 650 541.669 300 89
0 650 541.727 300 89
0 650 541.786 300 89
0 650 541.844 300 89
0 650 541.901 300 89
0 650 541.956 300 89
0 650 542.014 300 89
0 650 542.073 300 89
0 650 542.138 300 89
0 650 542.193 300 89
0 650 542.259 300 89
0 650 542.319 300 89
0 650 542.383 300 89
0 650 542.446 300 89
0 650 542.512 300 89
0 650 542.57 300 89
0 650 542.637 300 89
0 650 542.698 300 89
0 650 542.764 300 89
0 650 542.824 300 89
0 650 542.883 300 89
0 650 542.944 300 89
0 650 543.002 300 89
0 650 543.062 300 89
0 650 543.115 300 89
0 650 543.174 300 89
0 650 543.237 300 89
0 650 543.3 300 89
0 650 543.362 300 89
0 650 543.419 300 89
0 650 543.481 300 89
0 650 543.548 300 89
0 650 543.604 300 89
0 650 543.668 300 89
0 650 543.763 300 89
0 650 543.841 300 89
0 650 543.938 300 89
0 650 544.028 300 89
0 650 544.129 300 89
0 650 544.218 300 89
0 650 544.311 300 89
0 650 544.405 300 89
0 650 544.495 300 89
0 650 544.582 300 89
0 650 544.663 300 89
0 650 544.745 300 89
0 650 544.84 300 89
0 650 544.929 300 89
0 650 545.053 300 89
0 650 545.137 300 89
0 650 545.22 300 89
0 650 545.305 300 89
0 650 545.389 300 89
0 650 545.481 300 89
0 650 545.569 300 89
0 650 545.646 300 89
0 650 545.731 300 89
0 650 545.822 300 89
0 650 545.904 300 89
0 650 545.988 300 89
0 650 546.071 300 89
0 650 546.16 300 89
0 650 546.256 300 89
0 650 546.345 300 89
0 650 546.428 300 89
0 650 546.514 300 89
0 650 546.601 300 89
0 650 546.675 300 89
0 650 546.758 300 89
0 650 546.846 300 89
0 650 546.934 300 89
0 650 547.028 300 89
0 650 547.115 300 89
0 650 547.208 300 89
0 650 547.296 300 89
0 650 547.383 300 89
0 650 547.462 300 89
0 650 547.591 300 89
0 650 547.678 300 89
0 650 547.766 300 89
0 650 547.855 300 89
0 650 547.941 300 89
0 650 548.025 300 89
0 650 548.111 300 89
0 650 548.202 300 89
0 650 548.294 300 89
0 650 548.383 300 89
0 650 548.467 300 89
0 650 548.551 300 89
0 650 548.632 300 89
0 650 548.714 300 89
0 650 548.804 300 89
0 650 548.893 300 89
0 650 548.977 300 89
0 650 549.059 300 89
0 650 549.15 300 89
0 650 549.229 300 89
0 650 549.316 300 89
0 650 549.401 300 89
0 650 549.488 300 89
0 650 549.572 300 89
0 650 549.664 300 89
0 650 549.752 300 89
0 650 549.833 300 89
0 650 549.916 300 89
0 650 550.006 300 89
0 650 550.096 300 89
0 650 550.183 300 89
0 650 550.271 300 89
0 650 550.352 300 89
0 650 550.445 300 89
0 650 550.521 300 89
0 650 550.605 300 89
0 650 550.7 300 89
0 650 550.786 300 89
0 650 550.872 300 89
0 650 550.947 300 89
0 650 551.034 300 89
0 650 551.125 300 89
0 650 551.206 300 89
0 650 551.28 300 89
0 650 551.364 300 89
0 650 551.443 300 89
0 650 551.527 300 89
0 650 551.616 300 89
0 650 551.705 300 89
0 650 551.793 300 89
0 650 551.884 300 89
0 650 551.98 300 89
0 650 552.069 300 89
0 650 552.155 300 89
0 650 552.232 300 89
0 650 552.323 300 89
0 650 552.404 300 89
0 650 552.492 300 89
0 650 552.575 300 89
0 650 552.668 300 89
0 650 552.753 300 89
0 650 552.846 300 89
0 650 552.915 300 89
0 650 552.996 300 89
0 650 553.08 300 89
0 650 553.165 300 89
0 650 553.249 300 89
0 650 553.329 300 89
0 650 553.418 300 89
0 650 553.494 300 89
0 650 553.573 300 89
0 650 553.66 300 89
0 650 553.747 300 89
0 650 553.838 300 89
0 650 553.929 300 89
0 650 554.014 300 89
0 650 554.097 300 89
0 650 554.187 300 89
0 650 554.271 300 89
0 650 554.357 300 89
0 650 554.445 300 89
0 650 554.534 300 89
0 650 554.624 300 89
0 650 554.706 300 89
0 650 554.792 300 89
0 650 554.872 300 89
0 650 554.966 300 89
0 650 555.052 300 89
0 650 555.131 300 89
0 650 555.218 300 89
0 650 555.307 300 89
0 650 555.392 300 89
0 650 555.481 300 89
0 650 555.573 300 89
0 650 555.661 300 89
0 650 555.745 300 89
0 650 555.838 300 89
0 650 555.919 300 89
0 650 556.015 300 89
0 650 556.101 300 89
0 650 556.183 300 89
0 650 556.268 300 89
0 650 556.356 300 89
0 650 556.444 300 89
0 650 556.536 300 89
0 650 556.624 300 89
0 650 556.717 300 89
0 650 556.799 300 89
0 650 556.879 300 89
0 650 556.962 300 89
0 650 557.048 300 89
0 650 557.139 300 89
0 650 557.217 300 89
0 650 557.299 300 89
0 650 557.372 300 89
0 650 557.452 300 89
0 650 557.532 300 89
0 650 557.61 300 89
0 650 557.691 300 89
0 650 557.776 300 89
0 650 557.857 300 89
0 650 557.948 300 89
0 650 558.039 300 89
0 650 558.13 300 89
0 650 558.216 300 89
0 650 558.3 300 89
0 650 558.382 300 89
0 650 558.467 300 89
0 650 558.562 300 89
0 650 558.645 300 89
0 650 558.702 300 89
0 650 558.783 300 89
0 650 558.873 300 89
0 650 558.96 300 89
0 650 559.048 300 89
0 650 559.133 300 89
0 650 559.223 300 89
0 650 559.305 300 89
0 650 559.398 300 89
0 650 559.485 300 89
0 650 559.569 300 89
0 650 559.653 300 89
0 650 559.738 300 89
0 650 559.812 300 89
0 650 559.897 300 89
0 650 560.032 300 89
0 650 560.114 300 89
0 650 560.211 300 89
0 650 560.302 300 89
0 650 560.381 300 89
0 650 560.46 300 89
0 650 560.547 300 89
0 650 560.625 300 89
0 650 560.704 300 89
0 650 560.794 300 89
0 650 560.884 300 89
0 650 560.974 300 89
0 650 561.058 300 89
0 650 561.146 300 89
0 650 561.226 300 89
0 650 561.31 300 89
0 650 561.402 300 89
0 650 561.482 300 89
0 650 561.568 300 89
0 650 561.651 300 89
0 650 561.732 300 89
0 650 561.821 300 89
0 650 561.907 300 89
0 650 561.993 300 89
0 650 562.09 300 89
0 650 562.176 300 89
0 650 562.265 300 89
0 650 562.352 300 89
0 650 562.426 300 89
0 650 562.51 300 89
0 650 562.592 300 89
0 650 562.672 300 89
0 650 562.752 300 89
0 650 562.833 300 89
0 650 562.916 300 89
0 650 563.006 300 89
0 650 563.093 300 89
0 650 563.174 300 89
0 650 563.246 300 89
0 650 563.339 300 89
0 650 563.421 300 89
0 650 563.503 300 89
0 650 563.588 300 89
0 650 563.674 300 89
0 650 563.761 300 89
0 650 563.845 300 89
0 650 563.924 300 89
0 650 564.005 300 89
0 650 564.092 300 89
0 650 564.172 300 89
0 650 564.249 300 89
0 650 564.342 300 89
0 650 564.429 300 89
0 650 564.513 300 89
0 650 564.601 300 89
0 650 564.689 300 89
0 650 564.759 300 89
0 650 564.838 300 89
0 650 564.92 300 89
0 650 565.001 300 89
0 650 565.088 300 89
0 650 565.179 300 89
0 650 565.262 300 89
0 650 565.348 300 89
0 650 565.427 300 89
0 650 565.508 300 89
0 650 565.598 300 89
0 650 565.682 300 89
0 650 565.764 300 89
0 650 565.85 300 89
0 650 565.94 300 89
0 650 566.021 300 89
0 650 566.106 300 89
0 650 566.195 300 89
0 650 566.28 300 89
0 650 566.361 300 89
0 650 566.45 300 89
0 650 566.538 300 89
0 650 566.621 300 89
0 650 566.704 300 89
0 650 566.788 300 89
0 650 566.877 300 89
0 650 566.955 300 89
0 650 567.032 300 89
0 650 567.114 300 89
0 650 567.201 300 89
0 650 567.287 300 89
0 650 567.37 300 89
0 650 567.458 300 89
0 650 567.546 300 89
0 650 567.6 300 89
0 650 567.687 300 89
0 650 567.772 300 89
0 650 567.86 300 89
0 650 567.943 300 89
0 650 568.025 300 89
0 650 568.108 300 89
0 650 568.184 300 89
0 650 568.271 300 89
0 650 568.35 300 89
0 650 568.437 300 89
0 650 568.515 300 89
0 650 568.601 300 89
0 650 568.685 300 89
0 650 568.777 300 89
0 650 568.862 300 89
0 650 568.944 300 89
0 650 569.03 300 89
0 650 569.116 300 89
0 650 569.191 300 89
0 650 569.273 300 89
0 650 569.373 300 89
0 650 569.461 300 89
0 650 569.539 300 89
0 650 569.618 300 89
0 650 569.699 300 89
0 650 569.786 300 89
0 650 569.879 300 89
0 650 569.959 300 89
0 650 570.034 300 89
0 650 570.113 300 89
0 650 570.196 300 89
0 650 570.28 300 89
0 650 570.364 300 89
0 650 570.442 300 89
0 650 570.528 300 89
0 650 570.615 300 89
0 650 570.694 300 89
0 650 570.778 300 89
0 650 570.857 300 89
0 650 570.938 300 89
0 650 571.025 300 89
0 650 571.111 300 89
0 650 571.203 300 89
0 650 571.28 300 89
0 650 571.37 300 89
0 650 571.452 300 89
0 650 571.534 300 89
0 650 571.621 300 89
0 650 571.705 300 89
0 650 571.79 300 89
0 650 571.877 300 89
0 650 571.964 300 89
0 650 572.044 300 89
0 650 572.134 300 89
0 650 572.213 300 89
0 650 572.287 300 89
0 650 572.374 300 89
0 650 572.456 300 89
0 650 572.538 300 89
0 650 572.623 300 89
0 650 572.715 300 89
0 650 572.809 300 89
0 650 572.893 300 89
0 650 572.977 300 89
0 650 573.061 300 89
0 650 573.148 300 89
0 650 573.239 300 89
0 650 573.322 300 89
0 650 573.404 300 89
0 650 573.486 300 89
0 650 573.576 300 89
0 650 573.656 300 89
0 650 573.739 300 89
0 650 573.812 300 89
0 650 573.893 300 89
0 650 573.981 300 89
0 650 574.064 300 89
0 650 574.146 300 89
0 650 574.232 300 89
0 650 574.319 300 89
0 650 574.403 300 89
0 650 574.481 300 89
0 650 574.57 300 89
0 650 574.657 300 89
0 650 574.74 300 89
0 650 574.826 300 89
0 650 574.916 300 89
0 650 574.99 300 89
0 650 575.076 300 89
0 650 575.161 300 89
0 650 575.244 300 89
0 650 575.299 300 89
0 650 575.382 300 89
0 650 575.467 300 89
0 650 575.547 300 89
0 650 575.632 300 89
0 650 575.722 300 89
0 650 575.805 300 89
0 650 575.886 300 89
0 650 575.972 300 89
0 650 576.05 300 89
0 650 576.133 300 89
0 650 576.208 300 89
0 650 576.284 300 89
0 650 576.365 300 89
0 650 576.45 300 89
0 650 576.529 300 89
0 650 576.617 300 89
0 650 576.703 300 89
0 650 576.79 300 89
0 650 576.879 300 89
0 650 576.971 300 89
0 650 577.052 300 89
0 650 577.132 300 89
0 650 577.218 300 89
0 650 577.299 300 89
0 650 577.384 300 89
0 650 577.471 300 89
0 650 577.56 300 89
0 650 577.638 300 89
0 650 577.715 300 89
0 650 577.807 300 89
0 650 577.896 300 89
0 650 578 300 89
0 650 578.088 300 89
0 650 578.176 300 89
0 650 578.263 300 89
0 650 578.342 300 89
0 650 578.428 300 89
0 650 578.509 300 89
0 650 578.588 300 89
0 650 578.669 300 89
0 650 578.748 300 89
0 650 578.839 300 89
0 650 578.927 300 89
0 650 579.019 300 89
0 650 579.106 300 89
0 650 579.189 300 89
0 650 579.273 300 89
0 650 579.361 300 89
0 650 579.448 300 89
0 650 579.544 300 89
0 650 579.635 300 89
0 650 579.72 300 89
0 650 579.802 300 89
0 650 579.886 300 89
0 650 579.971 300 89
0 650 580.054 300 89
0 650 580.151 300 89
0 650 580.24 300 89
0 650 580.325 300 89
0 650 580.409 300 89
0 650 580.489 300 89
0 650 580.578 300 89
0 650 580.678 300 89
0 650 580.761 300 89
0 650 580.848 300 89
0 650 580.93 300 89
0 650 581.011 300 89
0 650 581.088 300 89
0 650 581.17 300 89
0 650 581.258 300 89
0 650 581.342 300 89
0 650 581.433 300 89
0 650 581.502 300 89
0 650 581.578 300 89
0 650 581.658 300 89
0 650 581.749 300 89
0 650 581.839 300 89
0 650 581.923 300 89
0 650 582 300 89
0 650 582.09 300 89
0 650 582.176 300 89
0 650 582.264 300 89
0 650 582.351 300 89
0 650 582.439 300 89
0 650 582.528 300 89
0 650 582.611 300 89
0 650 582.696 300 89
0 650 582.78 300 89
0 650 582.864 300 89
0 650 582.947 300 89
0 650 583.04 300 89
0 650 583.125 300 89
0 650 583.213 300 89
0 650 583.301 300 89
0 650 583.386 300 89
0 650 583.461 300 89
0 650 583.548 300 89
0 650 583.629 300 89
0 650 583.717 300 89
0 650 583.808 300 89
0 650 583.891 300 89
0 650 583.978 300 89
0 650 584.062 300 89
0 650 584.148 300 89
0 650 584.233 300 89
0 650 584.319 300 89
0 650 584.407 300 89
0 650 584.486 300 89
0 650 584.567 300 89
0 650 584.649 300 89
0 650 584.728 300 89
0 650 584.808 300 89
0 650 584.897 300 89
0 650 584.976 300 89
0 650 585.056 300 89
0 650 585.144 300 89
0 650 585.225 300 89
0 650 585.3 300 89
0 650 585.387 300 89
0 650 585.474 300 89
0 650 585.571 300 89
0 650 585.656 300 89
0 650 585.742 300 89
0 650 585.831 300 89
0 650 585.919 300 89
0 650 586.005 300 89
0 650 586.086 300 89
0 650 586.172 300 89
0 650 586.257 300 89
0 650 586.339 300 89
0 650 586.415 300 89
0 650 586.503 300 89
0 650 586.587 300 89
0 650 586.673 300 89
0 650 586.762 300 89
0 650 586.848 300 89
0 650 586.926 300 89
0 650 587.01 300 89
0 650 587.097 300 89
0 650 587.175 300 89
0 650 587.264 300 89
0 650 587.352 300 89
0 650 587.433 300 89
0 650 587.509 300 89
0 650 587.591 300 89
0 650 587.685 300 89
0 650 587.782 300 89
0 650 587.867 300 89
0 650 587.958 300 89
0 650 588.077 300 89
0 650 588.158 300 89
0 650 588.248 300 89
0 650 588.334 300 89
0 650 588.418 300 89
0 650 588.508 300 89
0 650 588.589 300 89
0 650 588.679 300 89
0 650 588.762 300 89
0 650 588.843 300 89
0 650 588.934 300 89
0 650 589.029 300 89
0 650 589.113 300 89
0 650 589.198 300 89
0 650 589.282 300 89
0 650 589.367 300 89
0 650 589.449 300 89
0 650 589.538 300 89
0 650 589.629 300 89
0 650 589.716 300 89
0 650 589.813 300 89
0 650 589.904 300 89
0 650 589.989 300 89
0 650 590.079 300 89
0 650 590.164 300 89
0 650 590.255 300 89
0 650 590.347 300 89
0 650 590.426 300 89
0 650 590.509 300 89
0 650 590.588 300 89
0 650 590.683 300 89
0 650 590.768 300 89
0 650 590.858 300 89
0 650 590.941 300 89
0 650 591.033 300 89
0 650 591.122 300 89
0 650 591.207 300 89
0 650 591.298 300 89
0 650 591.384 300 89
0 650 591.447 300 89
0 650 591.531 300 89
0 650 591.644 300 89
0 650 591.739 300 89
0 650 591.819 300 89
0 650 591.904 300 89
0 650 591.992 300 89
0 650 592.082 300 89
0 650 592.167 300 89
0 650 592.262 300 89
0 650 592.352 300 89
0 650 592.447 300 89
0 650 592.531 300 89
0 650 592.623 300 89
0 650 592.713 300 89
0 650 592.797 300 89
0 650 592.882 300 89
0 650 592.971 300 89
0 650 593.054 300 89
0 650 593.143 300 89
0 650 593.223 300 89
0 650 593.282 300 89
0 650 593.365 300 89
0 650 593.454 300 89
0 650 593.54 300 89
0 650 593.632 300 89
0 650 593.71 300 89
0 650 593.796 300 89
0 650 593.883 300 89
0 650 593.973 300 89
0 650 594.065 300 89
0 650 594.143 300 89
0 650 594.224 300 89
0 650 594.307 300 89
0 650 594.39 300 89
0 650 594.464 300 89
0 650 594.546 300 89
0 650 594.635 300 89
0 650 594.723 300 89
0 650 594.806 300 89
0 650 594.892 300 89
0 650 594.983 300 89
0 650 595.061 300 89
0 650 595.144 300 89
0 650 595.234 300 89
0 650 595.322 300 89
0 650 595.406 300 89
0 650 595.484 300 89
0 650 595.582 300 89
0 650 595.673 300 89
0 650 595.746 300 89
0 650 595.842 300 89
0 650 595.926 300 89
0 650 596.017 300 89
0 650 596.099 300 89
0 650 596.185 300 89
0 650 596.275 300 89
0 650 596.356 300 89
0 650 596.445 300 89
0 650 596.542 300 89
0 650 596.629 300 89
0 650 596.711 300 89
0 650 596.794 300 89
0 650 596.886 300 89
0 650 596.968 300 89
0 650 597.062 300 89
0 650 597.153 300 89
0 650 597.246 300 89
0 650 597.334 300 89
0 650 597.423 300 89
0 650 597.508 300 89
0 650 597.597 300 89
0 650 597.692 300 89
0 650 597.779 300 89
0 650 597.861 300 89
0 650 597.958 300 89
0 650 598.042 300 89
0 650 598.124 300 89
0 650 598.213 300 89
0 650 598.3 300 89
0 650 598.39 300 89
0 650 598.476 300 89
0 650 598.573 300 89
0 650 598.653 300 89
0 650 598.74 300 89
0 650 598.826 300 89
0 650 598.913 300 89
0 650 599 300 89
0 650 599.088 300 89
0 650 599.181 300 89
0 650 599.274 300 89
0 650 599.358 300 89
0 650 599.451 300 89
0 650 599.536 300 89
0 650 599.627 300 89
0 650 599.72 300 89
0 650 599.816 300 89
0 650 599.901 300 89
0 650 599.983 300 89
0 650 600.07 300 89
0 650 600.158 300 89
0 650 600.243 300 89
0 650 600.326 300 89
0 650 600.419 300 89
0 650 600.511 300 89
0 650 600.602 300 89
0 650 600.689 300 89
0 650 600.775 300 89
0 650 600.858 300 89
0 650 600.946 300 89
0 650 601.038 300 89
0 650 601.126 300 89
0 650 601.219 300 89
0 650 601.307 300 89
0 650 601.384 300 89
0 650 601.471 300 89
0 650 601.561 300 89
0 650 601.689 300 89
0 650 601.773 300 89
0 650 601.855 300 89
0 650 601.941 300 89
0 650 602.023 300 89
0 650 602.111 300 89
0 650 602.198 300 89
0 650 602.286 300 89
0 650 602.377 300 89
0 650 602.473 300 89
0 650 602.566 300 89
0 650 602.655 300 89
0 650 602.744 300 89
0 650 602.834 300 89
0 650 602.923 300 89
0 650 603.012 300 89
0 650 603.111 300 89
0 650 603.202 300 89
0 650 603.293 300 89
0 650 603.392 300 89
0 650 603.483 300 89
0 650 603.575 300 89
0 650 603.665 300 89
0 650 603.755 300 89
0 650 603.835 300 89
0 650 603.923 300 89
0 650 604.011 300 89
0 650 604.097 300 89
0 650 604.185 300 89
0 650 604.281 300 89
0 650 604.375 300 89
0 650 604.462 300 89
0 650 604.554 300 89
0 650 604.641 300 89
0 650 604.7 300 89
0 650 604.793 300 89
0 650 604.888 300 89
0 650 604.976 300 89
0 650 605.063 300 89
0 650 605.151 300 89
0 650 605.237 300 89
0 650 605.326 300 89
0 650 605.416 300 89
0 650 605.506 300 89
0 650 605.59 300 89
0 650 605.683 300 89
0 650 605.769 300 89
0 650 605.847 300 89
0 650 605.945 300 89
0 650 606.035 300 89
0 650 606.125 300 89
0 650 606.213 300 89
0 650 606.308 300 89
0 650 606.397 300 89
0 650 606.485 300 89
0 650 606.572 300 89
0 650 606.661 300 89
0 650 606.749 300 89
0 650 606.845 300 89
0 650 606.935 300 89
0 650 607.023 300 89
0 650 607.11 300 89
0 650 607.2 300 89
0 650 607.291 300 89
0 650 607.377 300 89
0 650 607.454 300 89
0 650 607.539 300 89
0 650 607.629 300 89
0 650 607.716 300 89
0 650 607.81 300 89
0 650 607.894 300 89
0 650 607.977 300 89
0 650 608.065 300 89
0 650 608.159 300 89
0 650 608.246 300 89
0 650 608.326 300 89
0 650 608.412 300 89
0 650 608.501 300 89
0 650 608.588 300 89
0 650 608.673 300 89
0 650 608.752 300 89
0 650 608.839 300 89
0 650 608.933 300 89
0 650 609.025 300 89
0 650 609.104 300 89
0 650 609.196 300 89
0 650 609.294 300 89
0 650 609.39 300 89
0 650 609.479 300 89
0 650 609.602 300 89
0 650 609.696 300 89
0 650 609.768 300 89
0 650 609.862 300 89
0 650 609.946 300 89
0 650 610.033 300 89
0 650 610.126 300 89
0 650 610.216 300 89
0 650 610.309 300 89
0 650 610.398 300 89
0 650 610.479 300 89
0 650 610.576 300 89
0 650 610.669 300 89
0 650 610.752 300 89
0 650 610.836 300 89
0 650 610.928 300 89
0 650 611.009 300 89
0 650 611.097 300 89
0 650 611.186 300 89
0 650 611.264 300 89
0 650 611.355 300 89
0 650 611.45 300 89
0 650 611.536 300 89
0 650 611.628 300 89
0 650 611.716 300 89
0 650 611.807 300 89
0 650 611.89 300 89
0 650 611.984 300 89
0 650 612.072 300 89
0 650 612.157 300 89
0 650 612.244 300 89
0 650 612.334 300 89
0 650 612.444 300 89
0 650 612.521 300 89
0 650 612.609 300 89
0 650 612.692 300 89
0 650 612.784 300 89
0 650 612.868 300 89
0 650 612.96 300 89
0 650 613.043 300 89
0 650 613.127 300 89
0 650 613.214 300 89
0 650 613.299 300 89
0 650 613.389 300 89
0 650 613.482 300 89
0 650 613.579 300 89
0 650 613.659 300 89
0 650 613.75 300 89
0 650 613.841 300 89
0 650 613.924 300 89
0 650 614.013 300 89
0 650 614.098 300 89
0 650 614.191 300 89
0 650 614.276 300 89
0 650 614.365 300 89
0 650 614.461 300 89
0 650 614.552 300 89
0 650 614.637 300 89
0 650 614.711 300 89
0 650 614.788 300 89
0 650 614.878 300 89
0 650 614.971 300 89
0 650 615.055 300 89
0 650 615.145 300 89
0 650 615.237 300 89
0 650 615.329 300 89
0 650 615.422 300 89
0 650 615.507 300 89
0 650 615.597 300 89
0 650 615.688 300 89
0 650 615.78 300 89
0 650 615.856 300 89
0 650 615.93 300 89
0 650 616.023 300 89
0 650 616.105 300 89
0 650 616.194 300 89
0 650 616.288 300 89
0 650 616.381 300 89
0 650 616.468 300 89
0 650 616.564 300 89
0 650 616.656 300 89
0 650 616.744 300 89
0 650 616.83 300 89
0 650 616.909 300 89
0 650 617.001 300 89
0 650 617.083 300 89
0 650 617.166 300 89
0 650 617.248 300 89
0 650 617.357 300 89
0 650 617.445 300 89
0 650 617.544 300 89
0 650 617.638 300 89
0 650 617.736 300 89
0 650 617.826 300 89
0 650 617.915 300 89
0 650 618 300 89
0 650 618.091 300 89
0 650 618.176 300 89
0 650 618.264 300 89
0 650 618.354 300 89
0 650 618.438 300 89
0 650 618.526 300 89
0 650 618.612 300 89
0 650 618.705 300 89
0 650 618.798 300 89
0 650 618.89 300 89
0 650 618.979 300 89
0 650 619.072 300 89
0 650 619.167 300 89
0 650 619.258 300 89
0 650 619.352 300 89
0 650 619.474 300 89
0 650 619.572 300 89
0 650 619.665 300 89
0 650 619.752 300 89
0 650 619.85 300 89
0 650 619.939 300 89
0 650 620.041 300 89
0 650 620.135 300 89
0 650 620.229 300 89
0 650 620.324 300 89
0 650 620.422 300 89
0 650 620.521 300 89
0 650 620.615 300 89
0 650 620.706 300 89
0 650 620.803 300 89
0 650 620.903 300 89
0 650 620.994 300 89
0 650 621.084 300 89
0 650 621.178 300 89
0 650 621.264 300 89
0 650 621.361 300 89
0 650 621.458 300 89
0 650 621.544 300 89
0 650 621.633 300 89
0 650 621.725 300 89
0 650 621.817 300 89
0 650 621.915 300 89
0 650 622.016 300 89
0 650 622.115 300 89
0 650 622.211 300 89
0 650 622.305 300 89
0 650 622.399 300 89
0 650 622.489 300 89
0 650 622.581 300 89
0 650 622.679 300 89
0 650 622.77 300 89
0 650 622.861 300 89
0 650 622.946 300 89
0 650 623.047 300 89
0 650 623.106 300 89
0 650 623.19 300 89
0 650 623.277 300 89
0 650 623.37 300 89
0 650 623.464 300 89
0 650 623.545 300 89
0 650 623.622 300 89
0 650 623.72 300 89
0 650 623.81 300 89
0 650 623.899 300 89
0 650 623.993 300 89
0 650 624.08 300 89
0 650 624.165 300 89
0 650 624.26 300 89
0 650 624.35 300 89
0 650 624.44 300 89
0 650 624.527 300 89
0 650 624.618 300 89
0 650 624.705 300 89
0 650 624.796 300 89
0 650 624.882 300 89
0 650 624.964 300 89
0 650 625.056 300 89
0 650 625.147 300 89
0 650 625.238 300 89
0 650 625.331 300 89
0 650 625.426 300 89
0 650 625.515 300 89
0 650 625.604 300 89
0 650 625.697 300 89
0 650 625.791 300 89
0 650 625.886 300 89
0 650 625.973 300 89
0 650 626.063 300 89
0 650 626.149 300 89
0 650 626.234 300 89
0 650 626.324 300 89
0 650 626.417 300 89
0 650 626.492 300 89
0 650 626.589 300 89
0 650 626.687 300 89
0 650 626.775 300 89
0 650 626.867 300 89
0 650 626.961 300 89
0 650 627.049 300 89
0 650 627.138 300 89
0 650 627.224 300 89
0 650 627.316 300 89
0 650 627.409 300 89
0 650 627.495 300 89
0 650 627.584 300 89
0 650 627.676 300 89
0 650 627.768 300 89
0 650 627.858 300 89
0 650 627.948 300 89
0 650 628.039 300 89
0 650 628.136 300 89
0 650 628.233 300 89
0 650 628.324 300 89
0 650 628.414 300 89
0 650 628.546 300 89
0 650 628.629 300 89
0 650 628.715 300 89
0 650 628.789 300 89
0 650 628.878 300 89
0 650 628.967 300 89
0 650 629.06 300 89
0 650 629.148 300 89
0 650 629.235 300 89
0 650 629.326 300 89
0 650 629.411 300 89
0 650 629.506 300 89
0 650 629.589 300 89
0 650 629.674 300 89
0 650 629.758 300 89
0 650 629.851 300 89
0 650 629.937 300 89
0 650 630.029 300 89
0 650 630.116 300 89
0 650 630.205 300 89
0 650 630.295 300 89
0 650 630.373 300 89
0 650 630.45 300 89
0 650 630.538 300 89
0 650 630.631 300 89
0 650 630.715 300 89
0 650 630.798 300 89
0 650 630.887 300 89
0 650 630.973 300 89
0 650 631.055 300 89
0 650 631.13 300 89
0 650 631.217 300 89
0 650 631.297 300 89
0 650 631.382 300 89
0 650 631.466 300 89
0 650 631.555 300 89
0 650 631.641 300 89
0 650 631.73 300 89
0 650 631.82 300 89
0 650 631.904 300 89
0 650 631.992 300 89
0 650 632.074 300 89
0 650 632.164 300 89
0 650 632.24 300 89
0 650 632.327 300 89
0 650 632.424 300 89
0 650 632.517 300 89
0 650 632.607 300 89
0 650 632.699 300 89
0 650 632.786 300 89
0 650 632.867 300 89
0 650 632.964 300 89
0 650 633.054 300 89
0 650 633.142 300 89
0 650 633.231 300 89
0 650 633.368 300 89
0 650 633.457 300 89
0 650 633.546 300 89
0 650 633.627 300 89
0 650 633.721 300 89
0 650 633.805 300 89
0 650 633.892 300 89
0 650 633.954 300 89
0 650 634.042 300 89
0 650 634.135 300 89
0 650 634.223 300 89
0 650 634.321 300 89
0 650 634.406 300 89
0 650 634.496 300 89
0 650 634.587 300 89
0 650 634.661 300 89
0 650 634.753 300 89
0 650 634.847 300 89
0 650 634.957 300 89
0 650 635.054 300 89
0 650 635.133 300 89
0 650 635.222 300 89
0 650 635.315 300 89
0 650 635.405 300 89
0 650 635.496 300 89
0 650 635.587 300 89
0 650 635.675 300 89
0 650 635.764 300 89
0 650 635.85 300 89
0 650 635.944 300 89
0 650 636.033 300 89
0 650 636.128 300 89
0 650 636.216 300 89
0 650 636.318 300 89
0 650 636.419 300 89
0 650 636.502 300 89
0 650 636.593 300 89
0 650 636.689 300 89
0 650 636.78 300 89
0 650 636.865 300 89
0 650 636.956 300 89
0 650 637.051 300 89
0 650 637.146 300 89
0 650 637.239 300 89
0 650 637.331 300 89
0 650 637.418 300 89
0 650 637.506 300 89
0 650 637.6 300 89
0 650 637.679 300 89
0 650 637.761 300 89
0 650 637.855 300 89
0 650 637.943 300 89
0 650 638.026 300 89
0 650 638.12 300 89
0 650 638.211 300 89
0 650 638.315 300 89
0 650 638.404 300 89
0 650 638.497 300 89
0 650 638.605 300 89
0 650 638.7 300 89
0 650 638.796 300 89
0 650 638.892 300 89
0 650 638.981 300 89
0 650 639.085 300 89
0 650 639.146 300 89
0 650 639.239 300 89
0 650 639.34 300 89
0 650 639.441 300 89
0 650 639.535 300 89
0 650 639.635 300 89
0 650 639.734 300 89
0 650 639.829 300 89
0 650 639.928 300 89
0 650 640.042 300 89
0 650 640.146 300 89
0 650 640.241 300 89
0 650 640.335 300 89
0 650 640.432 300 89
0 650 640.525 300 89
0 650 640.627 300 89
0 650 640.72 300 89
0 650 640.816 300 89
0 650 640.911 300 89
0 650 640.998 300 89
0 650 641.081 300 89
0 650 641.173 300 89
0 650 641.274 300 89
0 650 641.358 300 89
0 650 641.452 300 89
0 650 641.552 300 89
0 650 641.642 300 89
0 650 641.731 300 89
0 650 641.807 300 89
0 650 641.907 300 89
0 650 641.998 300 89
0 650 642.078 300 89
0 650 642.174 300 89
0 650 642.273 300 89
0 650 642.363 300 89
0 650 642.458 300 89
0 650 642.545 300 89
0 650 642.627 300 89
0 650 642.733 300 89
0 650 642.823 300 89
0 650 642.917 300 89
0 650 643.013 300 89
0 650 643.109 300 89
0 650 643.204 300 89
0 650 643.306 300 89
0 650 643.396 300 89
0 650 643.484 300 89
0 650 643.578 300 89
0 650 643.668 300 89
0 650 643.766 300 89
0 650 643.86 300 89
0 650 643.957 300 89
0 650 644.047 300 89
0 650 644.138 300 89
0 650 644.223 300 89
0 650 644.316 300 89
0 650 644.413 300 89
0 650 644.512 300 89
0 650 644.606 300 89
0 650 644.698 300 89
0 650 644.777 300 89
0 650 644.872 300 89
0 650 644.967 300 89
0 650 645.068 300 89
0 650 645.162 300 89
0 650 645.249 300 89
0 650 645.34 300 89
0 650 645.433 300 89
0 650 645.531 300 89
0 650 645.62 300 89
0 650 645.719 300 89
0 650 645.84 300 89
0 650 645.958 300 89
0 650 646.073 300 89
0 650 646.196 300 89
0 650 646.32 300 89
0 650 646.435 300 89
0 650 646.563 300 89
0 650 646.68 300 89
0 650 646.798 300 89
0 650 646.915 300 89
0 650 647.037 300 89
0 650 647.151 300 89
0 650 647.266 300 89
0 650 647.381 300 89
0 650 647.502 300 89
0 650 647.625 300 89
0 650 647.746 300 89
0 650 647.84 300 89
0 650 647.95 300 89
0 650 648.07 300 89
0 650 648.189 300 89
0 650 648.302 300 89
0 650 648.42 300 89
0 650 648.537 300 89
0 650 648.652 300 89
0 650 648.761 300 89
0 650 648.878 300 89
0 650 648.994 300 89
0 650 649.108 300 89
0 650 649.235 300 89
0 650 649.336 300 89
0 650 649.45 300 89
0 650 649.56 300 89
0 650 649.675 300 89
0 650 649.798 300 89
0 650 649.917 300 89
0 650 650.03 300 89
0 650 650.147 300 89
0 650 650.259 300 89
0 650 650.374 300 89
0 650 650.489 300 89
0 650 650.597 300 89
0 650 650.716 300 89
0 650 650.827 300 89
0 650 650.944 300 89
0 650 651.063 300 89
0 650 651.182 300 89
0 650 651.287 300 89
0 650 651.394 300 89
0 650 651.514 300 89
0 650 651.611 300 89
0 650 651.731 300 89
0 650 651.83 300 89
0 650 651.95 300 89
0 650 652.072 300 89
0 650 652.192 300 89
0 650 652.315 300 89
0 650 652.433 300 89
0 650 652.546 300 89
0 650 652.651 300 89
0 650 652.764 300 89
0 650 652.877 300 89
0 650 652.984 300 89
0 650 653.1 300 89
0 650 653.221 300 89
0 650 653.328 300 89
0 650 653.446 300 89
0 650 653.559 300 89
0 650 653.664 300 89
0 650 653.777 300 89
0 650 653.898 300 89
0 650 654.009 300 89
0 650 654.122 300 89
0 650 654.23 300 89
0 650 654.349 300 89
0 650 654.459 300 89
0 650 654.563 300 89
0 650 654.672 300 89
0 650 654.781 300 89
0 650 654.879 300 89
0 650 654.989 300 89
0 650 655.106 300 89
0 650 655.219 300 89
0 650 655.333 300 89
0 650 655.449 300 89
0 650 655.565 300 89
0 650 655.688 300 89
0 650 655.786 300 89
0 650 655.898 300 89
0 650 656.005 300 89
0 650 656.117 300 89
0 650 656.284 300 89
0 650 656.395 300 89
0 650 656.476 300 89
0 650 656.591 300 89
0 650 656.69 300 89
0 650 656.806 300 89
0 650 656.911 300 89
0 650 657.019 300 89
0 650 657.125 300 89
0 650 657.233 300 89
0 650 657.351 300 89
0 650 657.463 300 89
0 650 657.577 300 89
0 650 657.674 300 89
0 650 657.792 300 89
0 650 657.908 300 89
0 650 658.012 300 89
0 650 658.125 300 89
0 650 658.228 300 89
0 650 658.338 300 89
0 650 658.447 300 89
0 650 658.558 300 89
0 650 658.678 300 89
0 650 658.793 300 89
0 650 658.909 300 89
0 650 659.022 300 89
0 650 659.13 300 89
0 650 659.241 300 89
0 650 659.35 300 89
0 650 659.467 300 89
0 650 659.584 300 89
0 650 659.69 300 89
0 650 659.802 300 89
0 650 659.912 300 89
0 650 660.022 300 89
0 650 660.138 300 89
0 650 660.249 300 89
0 650 660.366 300 89
0 650 660.465 300 89
0 650 660.571 300 89
0 650 660.686 300 89
0 650 660.799 300 89
0 650 660.906 300 89
0 650 661.02 300 89
0 650 661.135 300 89
0 650 661.249 300 89
0 650 661.36 300 89
0 650 661.474 300 89
0 650 661.584 300 89
0 650 661.701 300 89
0 650 661.799 300 89
0 650 661.9 300 89
0 650 661.998 300 89
0 650 662.115 300 89
0 650 662.248 300 89
0 650 662.367 300 89
0 650 662.474 300 89
0 650 662.593 300 89
0 650 662.709 300 89
0 650 662.825 300 89
0 650 662.948 300 89
0 650 663.057 300 89
0 650 663.174 300 89
0 650 663.279 300 89
0 650 663.381 300 89
0 650 663.491 300 89
0 650 663.596 300 89
0 650 663.701 300 89
0 650 663.808 300 89
0 650 663.914 300 89
0 650 664.012 300 89
0 650 664.122 300 89
0 650 664.231 300 89
0 650 664.343 300 89
0 650 664.454 300 89
0 650 664.568 300 89
0 650 664.683 300 89
0 650 664.788 300 89
0 650 664.9 300 89
0 650 665.008 300 89
0 650 665.117 300 89
0 650 665.223 300 89
0 650 665.325 300 89
0 650 665.45 300 89
0 650 665.561 300 89
0 650 665.677 300 89
0 650 665.79 300 89
0 650 665.889 300 89
0 650 666.007 300 89
0 650 666.122 300 89
0 650 666.222 300 89
0 650 666.335 300 89
0 650 666.436 300 89
0 650 666.544 300 89
0 650 666.647 300 89
0 650 666.734 300 89
0 650 666.841 300 89
0 650 666.931 300 89
0 650 667.046 300 89
0 650 667.144 300 89
0 650 667.245 300 89
0 650 667.338 300 89
0 650 667.434 300 89
0 650 667.532 300 89
0 650 667.629 300 89
0 650 667.728 300 89
0 650 667.825 300 89
0 650 667.912 300 89
0 650 668.005 300 89
0 650 668.104 300 89
0 650 668.203 300 89
0 650 668.285 300 89
0 650 668.374 300 89
0 650 668.487 300 89
0 650 668.571 300 89
0 650 668.652 300 89
0 650 668.744 300 89
0 650 668.831 300 89
0 650 668.912 300 89
0 650 668.996 300 89
0 650 669.08 300 89
0 650 669.168 300 89
0 650 669.253 300 89
0 650 669.35 300 89
0 650 669.441 300 89
0 650 669.527 300 89
0 650 669.685 300 89
0 650 669.792 300 89
0 650 669.892 300 89
0 650 669.993 300 89
0 650 670.096 300 89
0 650 670.193 300 89
0 650 670.272 300 89
0 650 670.356 300 89
0 650 670.425 300 89
0 650 670.497 300 89
0 650 670.582 300 89
0 650 670.667 300 89
0 650 670.748 300 89
0 650 670.81 300 89
0 650 670.886 300 89
0 650 670.966 300 89
0 650 671.058 300 89
0 650 671.143 300 89
0 650 671.223 300 89
0 650 671.308 300 89
0 650 671.395 300 89
0 650 671.483 300 89
0 650 671.575 300 89
0 650 671.66 300 89
0 650 671.753 300 89
0 650 671.826 300 89
0 650 671.919 300 89
0 650 672 300 89
0 650 672.084 300 89
0 650 672.166 300 89
0 650 672.246 300 89
0 650 672.332 300 89
0 650 672.388 300 89
0 650 672.469 300 89
0 650 672.551 300 89
0 650 672.635 300 89
0 650 672.796 300 89
0 650 672.937 300 89
0 650 673.033 300 89
0 650 673.126 300 89
0 650 673.231 300 89
0 650 673.334 300 89
0 650 673.433 300 89
0 650 673.519 300 89
0 650 673.611 300 89
0 650 673.732 300 89
0 650 673.828 300 89
0 650 673.905 300 89
0 650 673.993 300 89
0 650 674.083 300 89
0 650 674.163 300 89
0 650 674.249 300 89
0 650 674.332 300 89
0 650 674.415 300 89
0 650 674.498 300 89
0 650 674.578 300 89
0 650 674.669 300 89
0 650 674.757 300 89
0 650 674.842 300 89
0 650 674.92 300 89
0 650 675.002 300 89
0 650 675.079 300 89
0 650 675.162 300 89
0 650 675.25 300 89
0 650 675.347 300 89
0 650 675.458 300 89
0 650 675.563 300 89
0 650 675.656 300 89
0 650 675.754 300 89
0 650 675.839 300 89
0 650 675.928 300 89
0 650 676.02 300 89
0 650 676.105 300 89
0 650 676.191 300 89
0 650 676.283 300 89
0 650 676.366 300 89
0 650 676.446 300 89
0 650 676.528 300 89
0 650 676.615 300 89
0 650 676.697 300 89
0 650 676.785 300 89
0 650 676.879 300 89
0 650 676.965 300 89
0 650 677.05 300 89
0 650 677.136 300 89
0 650 677.215 300 89
0 650 677.307 300 89
0 650 677.395 300 89
0 650 677.496 300 89
0 650 677.584 300 89
0 650 677.665 300 89
0 650 677.749 300 89
0 650 677.831 300 89
0 650 677.919 300 89
0 650 678.005 300 89
0 650 678.088 300 89
0 650 678.165 300 89
0 650 678.248 300 89
0 650 678.343 300 89
0 650 678.443 300 89
0 650 678.532 300 89
0 650 678.617 300 89
0 650 678.711 300 89
0 650 678.81 300 89
0 650 678.917 300 89
0 650 678.995 300 89
0 650 679.075 300 89
0 650 679.153 300 89
0 650 679.236 300 89
0 650 679.321 300 89
0 650 679.403 300 89
0 650 679.504 300 89
0 650 679.611 300 89
0 650 679.692 300 89
0 650 679.77 300 89
0 650 679.856 300 89
0 650 679.94 300 89
0 650 680.029 300 89
0 650 680.115 300 89
0 650 680.2 300 89
0 650 680.281 300 89
0 650 680.375 300 89
0 650 680.457 300 89
0 650 680.544 300 89
0 650 680.625 300 89
0 650 680.727 300 89
0 650 680.825 300 89
0 650 680.913 300 89
0 650 681.002 300 89
0 650 681.095 300 89
0 650 681.218 300 89
0 650 681.331 300 89
0 650 681.43 300 89
0 650 681.506 300 89
0 650 681.586 300 89
0 650 681.664 300 89
0 650 681.752 300 89
0 650 681.83 300 89
0 650 681.917 300 89
0 650 682.003 300 89
0 650 682.103 300 89
0 650 682.185 300 89
0 650 682.272 300 89
0 650 682.357 300 89
0 650 682.438 300 89
0 650 682.52 300 89
0 650 682.592 300 89
0 650 682.672 300 89
0 650 682.757 300 89
0 650 682.838 300 89
0 650 682.925 300 89
0 650 683.011 300 89
0 650 683.1 300 89
0 650 683.185 300 89
0 650 683.277 300 89
0 650 683.383 300 89
0 650 683.492 300 89
0 650 683.58 300 89
0 650 683.663 300 89
0 650 683.756 300 89
0 650 683.842 300 89
0 650 683.948 300 89
0 650 684.046 300 89
0 650 684.135 300 89
0 650 684.215 300 89
0 650 684.293 300 89
0 650 684.373 300 89
0 650 684.459 300 89
0 650 684.537 300 89
0 650 684.619 300 89
0 650 684.715 300 89
0 650 684.822 300 89
0 650 684.906 300 89
0 650 684.996 300 89
0 650 685.076 300 89
0 650 685.164 300 89
0 650 685.25 300 89
0 650 685.331 300 89
0 650 685.416 300 89
0 650 685.506 300 89
0 650 685.595 300 89
0 650 685.69 300 89
0 650 685.779 300 89
0 650 685.894 300 89
0 650 686.019 300 89
0 650 686.111 300 89
0 650 686.193 300 89
0 650 686.268 300 89
0 650 686.35 300 89
0 650 686.434 300 89
0 650 686.522 300 89
0 650 686.604 300 89
0 650 686.686 300 89
0 650 686.779 300 89
0 650 686.865 300 89
0 650 686.947 300 89
0 650 687.03 300 89
0 650 687.112 300 89
0 650 687.194 300 89
0 650 687.269 300 89
0 650 687.353 300 89
0 650 687.414 300 89
0 650 687.506 300 89
0 650 687.593 300 89
0 650 687.651 300 89
0 650 687.743 300 89
0 650 687.832 300 89
0 650 687.917 300 89
0 650 688.011 300 89
0 650 688.115 300 89
0 650 688.217 300 89
0 650 688.309 300 89
0 650 688.406 300 89
0 650 688.514 300 89
0 650 688.629 300 89
0 650 688.766 300 89
0 650 688.854 300 89
0 650 688.952 300 89
0 650 689.029 300 89
0 650 689.117 300 89
0 650 689.189 300 89
0 650 689.277 300 89
0 650 689.357 300 89
0 650 689.452 300 89
0 650 689.547 300 89
0 650 689.632 300 89
0 650 689.717 300 89
0 650 689.797 300 89
0 650 689.884 300 89
0 650 689.972 300 89
0 650 690.054 300 89
0 650 690.136 300 89
0 650 690.228 300 89
0 650 690.316 300 89
0 650 690.403 300 89
0 650 690.48 300 89
0 650 690.571 300 89
0 650 690.67 300 89
0 650 690.772 300 89
0 650 690.888 300 89
0 650 690.981 300 89
0 650 691.056 300 89
0 650 691.141 300 89
0 650 691.253 300 89
0 650 691.33 300 89
0 650 691.417 300 89
0 650 691.497 300 89
0 650 691.593 300 89
0 650 691.683 300 89
0 650 691.773 300 89
0 650 691.856 300 89
0 650 691.944 300 89
0 650 692.023 300 89
0 650 692.112 300 89
0 650 692.208 300 89
0 650 692.295 300 89
0 650 692.38 300 89
0 650 692.476 300 89
0 650 692.619 300 89
0 650 692.715 300 89
0 650 692.81 300 89
0 650 692.901 300 89
0 650 692.996 300 89
0 650 693.095 300 89
0 650 693.187 300 89
0 650 693.27 300 89
0 650 693.35 300 89
0 650 693.438 300 89
0 650 693.503 300 89
0 650 693.589 300 89
0 650 693.668 300 89
0 650 693.754 300 89
0 650 693.83 300 89
0 650 693.919 300 89
0 650 694.003 300 89
0 650 694.093 300 89
0 650 694.183 300 89
0 650 694.265 300 89
0 650 694.348 300 89
0 650 694.434 300 89
0 650 694.516 300 89
0 650 694.599 300 89
0 650 694.692 300 89
0 650 694.789 300 89
0 650 694.875 300 89
0 650 694.974 300 89
0 650 695.054 300 89
0 650 695.15 300 89
0 650 695.241 300 89
0 650 695.328 300 89
0 650 695.421 300 89
0 650 695.504 300 89
0 650 695.583 300 89
0 650 695.674 300 89
0 650 695.765 300 89
0 650 695.85 300 89
0 650 695.938 300 89
0 650 696.022 300 89
0 650 696.111 300 89
0 650 696.195 300 89
0 650 696.274 300 89
0 650 696.365 300 89
0 650 696.434 300 89
0 650 696.493 300 89
0 650 696.551 300 89
0 650 696.616 300 89
0 650 696.679 300 89
0 650 696.741 300 89
0 650 696.8 300 89
0 650 696.865 300 89
0 650 696.924 300 89
0 650 697.014 300 89
0 650 697.113 300 89
0 650 697.203 300 89
0 650 697.296 300 89
0 650 697.389 300 89
0 650 697.48 300 89
0 650 697.572 300 89
0 650 697.659 300 89
0 650 697.754 300 89
0 650 697.846 300 89
0 650 697.953 300 89
0 650 698.057 300 89
0 650 698.144 300 89
0 650 698.221 300 89
0 650 698.321 300 89
0 650 698.405 300 89
0 650 698.489 300 89
0 650 698.58 300 89
0 650 698.666 300 89
0 650 698.76 300 89
0 650 698.849 300 89
0 650 698.941 300 89
0 650 699.026 300 89
0 650 699.112 300 89
0 650 699.194 300 89
0 650 699.286 300 89
0 650 699.381 300 89
0 650 699.471 300 89
0 650 699.56 300 89
0 650 699.652 300 89
0 650 699.744 300 89
0 650 699.83 300 89
0 650 699.914 300 89
0 650 699.999 300 89
0 650 700.086 300 89
0 650 700.182 300 89
0 650 700.269 300 89
0 650 700.36 300 89
0 650 700.45 300 89
0 650 700.538 300 89
0 650 700.622 300 89
0 650 700.713 300 89
0 650 700.799 300 89
0 650 700.889 300 89
0 650 700.98 300 89
0 650 701.067 300 89
0 650 701.152 300 89
0 650 701.242 300 89
0 650 701.331 300 89
0 650 701.422 300 89
0 650 701.509 300 89
0 650 701.586 300 89
0 650 701.674 300 89
0 650 701.762 300 89
0 650 701.844 300 89
0 650 701.934 300 89
0 650 702.028 300 89
0 650 702.111 300 89
0 650 702.229 300 89
0 650 702.314 300 89
0 650 702.397 300 89
0 650 702.484 300 89
0 650 702.566 300 89
0 650 702.652 300 89
0 650 702.748 300 89
0 650 702.838 300 89
0 650 702.923 300 89
0 650 703.011 300 89
0 650 703.098 300 89
0 650 703.182 300 89
0 650 703.267 300 89
0 650 703.35 300 89
0 650 703.437 300 89
0 650 703.509 300 89
0 650 703.596 300 89
0 650 703.68 300 89
0 650 703.772 300 89
0 650 703.855 300 89
0 650 703.954 300 89
0 650 704.037 300 89
0 650 704.12 300 89
0 650 704.204 300 89
0 650 704.292 300 89
0 650 704.389 300 89
0 650 704.474 300 89
0 650 704.559 300 89
0 650 704.65 300 89
0 650 704.743 300 89
0 650 704.836 300 89
0 650 704.912 300 89
0 650 704.997 300 89
0 650 705.078 300 89
0 650 705.163 300 89
0 650 705.253 300 89
0 650 705.321 300 89
0 650 705.411 300 89
0 650 705.496 300 89
0 650 705.584 300 89
0 650 705.676 300 89
0 650 705.76 300 89
0 650 705.846 300 89
0 650 705.938 300 89
0 650 706.019 300 89
0 650 706.097 300 89
0 650 706.18 300 89
0 650 706.264 300 89
0 650 706.355 300 89
0 650 706.451 300 89
0 650 706.534 300 89
0 650 706.622 300 89
0 650 706.705 300 89
0 650 706.801 300 89
0 650 706.903 300 89
0 650 706.993 300 89
0 650 707.075 300 89
0 650 707.169 300 89
0 650 707.265 300 89
0 650 707.349 300 89
0 650 707.443 300 89
0 650 707.534 300 89
0 650 707.616 300 89
0 650 707.703 300 89
0 650 707.788 300 89
0 650 707.873 300 89
0 650 707.961 300 89
0 650 708.05 300 89
0 650 708.139 300 89
0 650 708.213 300 89
0 650 708.301 300 89
0 650 708.385 300 89
0 650 708.482 300 89
0 650 708.563 300 89
0 650 708.644 300 89
0 650 708.738 300 89
0 650 708.815 300 89
0 650 708.901 300 89
0 650 708.983 300 89
0 650 709.071 300 89
0 650 709.16 300 89
0 650 709.246 300 89
0 650 709.33 300 89
0 650 709.414 300 89
0 650 709.496 300 89
0 650 709.579 300 89
0 650 709.669 300 89
0 650 709.754 300 89
0 650 709.834 300 89
0 650 709.914 300 89
0 650 709.998 300 89
0 650 710.082 300 89
0 650 710.169 300 89
0 650 710.257 300 89
0 650 710.345 300 89
0 650 710.435 300 89
0 650 710.535 300 89
0 650 710.622 300 89
0 650 710.71 300 89
0 650 710.798 300 89
0 650 710.903 300 89
0 650 711.006 300 89
0 650 711.111 300 89
0 650 711.198 300 89
0 650 711.284 300 89
0 650 711.373 300 89
0 650 711.424 300 89
0 650 711.511 300 89
0 650 711.593 300 89
0 650 711.692 300 89
0 650 711.784 300 89
0 650 711.877 300 89
0 650 711.965 300 89
0 650 712.056 300 89
0 650 712.151 300 89
0 650 712.243 300 89
0 650 712.338 300 89
0 650 712.428 300 89
0 650 712.534 300 89
0 650 712.623 300 89
0 650 712.716 300 89
0 650 712.797 300 89
0 650 712.886 300 89
0 650 712.977 300 89
0 650 713.072 300 89
0 650 713.194 300 89
0 650 713.277 300 89
0 650 713.363 300 89
0 650 713.445 300 89
0 650 713.535 300 89
0 650 713.625 300 89
0 650 713.714 300 89
0 650 713.804 300 89
0 650 713.899 300 89
0 650 713.989 300 89
0 650 714.079 300 89
0 650 714.154 300 89
0 650 714.25 300 89
0 650 714.338 300 89
0 650 714.48 300 89
0 650 714.566 300 89
0 650 714.647 300 89
0 650 714.735 300 89
0 650 714.822 300 89
0 650 714.902 300 89
0 650 714.985 300 89
0 650 715.076 300 89
0 650 715.16 300 89
0 650 715.237 300 89
0 650 715.309 300 89
0 650 715.393 300 89
0 650 715.486 300 89
0 650 715.581 300 89
0 650 715.673 300 89
0 650 715.754 300 89
0 650 715.845 300 89
0 650 715.935 300 89
0 650 716.031 300 89
0 650 716.127 300 89
0 650 716.213 300 89
0 650 716.303 300 89
0 650 716.396 300 89
0 650 716.485 300 89
0 650 716.575 300 89
0 650 716.666 300 89
0 650 716.746 300 89
0 650 716.832 300 89
0 650 716.918 300 89
0 650 717.004 300 89
0 650 717.093 300 89
0 650 717.182 300 89
0 650 717.274 300 89
0 650 717.368 300 89
0 650 717.454 300 89
0 650 717.545 300 89
0 650 717.64 300 89
0 650 717.73 300 89
0 650 717.828 300 89
0 650 717.914 300 89
0 650 718.009 300 89
0 650 718.097 300 89
0 650 718.179 300 89
0 650 718.267 300 89
0 650 718.352 300 89
0 650 718.447 300 89
0 650 718.537 300 89
0 650 718.62 300 89
0 650 718.712 300 89
0 650 718.803 300 89
0 650 718.892 300 89
0 650 718.982 300 89
0 650 719.06 300 89
0 650 719.139 300 89
0 650 719.223 300 89
0 650 719.308 300 89
0 650 719.393 300 89
0 650 719.483 300 89
0 650 719.574 300 89
0 650 719.671 300 89
0 650 719.757 300 89
0 650 719.848 300 89
0 650 719.934 300 89
0 650 720.03 300 89
0 650 720.113 300 89
0 650 720.206 300 89
0 650 720.296 300 89
0 650 720.378 300 89
0 650 720.468 300 89
0 650 720.551 300 89
0 650 720.635 300 89
0 650 720.724 300 89
0 650 720.806 300 89
0 650 720.887 300 89
0 650 720.97 300 89
0 650 721.051 300 89
0 650 721.139 300 89
0 650 721.223 300 89
0 650 721.318 300 89
0 650 721.402 300 89
0 650 721.501 300 89
0 650 721.593 300 89
0 650 721.686 300 89
0 650 721.778 300 89
0 650 721.875 300 89
0 650 721.972 300 89
0 650 722.065 300 89
0 650 722.159 300 89
0 650 722.252 300 89
0 650 722.341 300 89
0 650 722.43 300 89
0 650 722.527 300 89
0 650 722.614 300 89
0 650 722.698 300 89
0 650 722.793 300 89
0 650 722.89 300 89
0 650 722.982 300 89
0 650 723.068 300 89
0 650 723.161 300 89
0 650 723.25 300 89
0 650 723.349 300 89
0 650 723.451 300 89
0 650 723.545 300 89
0 650 723.629 300 89
0 650 723.724 300 89
0 650 723.859 300 89
0 650 723.955 300 89
0 650 724.049 300 89
0 650 724.135 300 89
0 650 724.229 300 89
0 650 724.328 300 89
0 650 724.426 300 89
0 650 724.514 300 89
0 650 724.609 300 89
0 650 724.696 300 89
0 650 724.776 300 89
0 650 724.873 300 89
0 650 724.971 300 89
0 650 725.065 300 89
0 650 725.158 300 89
0 650 725.248 300 89
0 650 725.329 300 89
0 650 725.423 300 89
0 650 725.509 300 89
0 650 725.592 300 89
0 650 725.681 300 89
0 650 725.775 300 89
0 650 725.869 300 89
0 650 725.958 300 89
0 650 726.045 300 89
0 650 726.135 300 89
0 650 726.216 300 89
0 650 726.285 300 89
0 650 726.351 300 89
0 650 726.414 300 89
0 650 726.474 300 89
0 650 726.575 300 89
0 650 726.641 300 89
0 650 726.701 300 89
0 650 726.761 300 89
0 650 726.824 300 89
0 650 726.882 300 89
0 650 726.935 300 89
0 650 726.991 300 89
0 650 727.058 300 89
0 650 727.119 300 89
0 650 727.186 300 89
0 650 727.251 300 89
0 650 727.312 300 89
0 650 727.378 300 89
0 650 727.442 300 89
0 650 727.505 300 89
0 650 727.567 300 89
0 650 727.624 300 89
0 650 727.685 300 89
0 650 727.746 300 89
0 650 727.807 300 89
0 650 727.867 300 89
0 650 727.928 300 89
0 650 727.992 300 89
0 650 728.054 300 89
0 650 728.117 300 89
0 650 728.179 300 89
0 650 728.242 300 89
0 650 728.307 300 89
0 650 728.371 300 89
0 650 728.427 300 89
0 650 728.484 300 89
0 650 728.549 300 89
0 650 728.613 300 89
0 650 728.672 300 89
0 650 728.731 300 89
0 650 728.796 300 89
0 650 728.86 300 89
0 650 728.922 300 89
0 650 728.992 300 89
0 650 729.055 300 89
0 650 729.12 300 89
0 650 729.185 300 89
0 650 729.243 300 89
0 650 729.303 300 89
0 650 729.367 300 89
0 650 729.426 300 89
0 650 729.496 300 89
0 650 729.553 300 89
0 650 729.615 300 89
0 650 729.677 300 89
0 650 729.742 300 89
0 650 729.803 300 89
0 650 729.87 300 89
0 650 729.927 300 89
0 650 729.988 300 89
0 650 730.051 300 89
0 650 730.113 300 89
0 650 730.175 300 89
0 650 730.241 300 89
0 650 730.306 300 89
0 650 730.369 300 89
0 650 730.432 300 89
0 650 730.499 300 89
0 650 730.558 300 89
0 650 730.617 300 89
0 650 730.678 300 89
0 650 730.736 300 89
0 650 730.8 300 89
0 650 730.858 300 89
0 650 730.921 300 89
0 650 730.98 300 89
0 650 731.045 300 89
0 650 731.109 300 89
0 650 731.173 300 89
0 650 731.227 300 89
0 650 731.283 300 89
0 650 731.35 300 89
0 650 731.405 300 89
0 650 731.46 300 89
0 650 731.519 300 89
0 650 731.579 300 89
0 650 731.639 300 89
0 650 731.705 300 89
0 650 731.768 300 89
0 650 731.83 300 89
0 650 731.895 300 89
0 650 731.959 300 89
0 650 732.022 300 89
0 650 732.08 300 89
0 650 732.137 300 89
0 650 732.198 300 89
0 650 732.264 300 89
0 650 732.331 300 89
0 650 732.395 300 89
0 650 732.463 300 89
0 650 732.526 300 89
0 650 732.589 300 89
0 650 732.651 300 89
0 650 732.717 300 89
0 650 732.778 300 89
0 650 732.836 300 89
0 650 732.902 300 89
0 650 732.96 300 89
0 650 733.017 300 89
0 650 733.077 300 89
0 650 733.141 300 89
0 650 733.198 300 89
0 650 733.262 300 89
0 650 733.318 300 89
0 650 733.38 300 89
0 650 733.442 300 89
0 650 733.498 300 89
0 650 733.559 300 89
0 650 733.62 300 89
0 650 733.682 300 89
0 650 733.745 300 89
0 650 733.808 300 89
0 650 733.867 300 89
0 650 733.925 300 89
0 650 733.986 300 89
0 650 734.051 300 89
0 650 734.12 300 89
0 650 734.183 300 89
0 650 734.249 300 89
0 650 734.303 300 89
0 650 734.365 300 89
0 650 734.428 300 89
0 650 734.489 300 89
0 650 734.545 300 89
0 650 734.605 300 89
0 650 734.668 300 89
0 650 734.732 300 89
0 650 734.787 300 89
0 650 734.844 300 89
0 650 734.889 300 89
0 650 734.966 300 89
0 650 735.028 300 89
0 650 735.092 300 89
0 650 735.156 300 89
0 650 735.216 300 89
0 650 735.276 300 89
0 650 735.337 300 89
0 650 735.399 300 89
0 650 735.497 300 89
0 650 735.554 300 89
0 650 735.617 300 89
0 650 735.676 300 89
0 650 735.74 300 89
0 650 735.797 300 89
0 650 735.857 300 89
0 650 735.92 300 89
0 650 735.981 300 89
0 650 736.05 300 89
0 650 736.115 300 89
0 650 736.182 300 89
0 650 736.245 300 89
0 650 736.311 300 89
0 650 736.371 300 89
0 650 736.434 300 89
0 650 736.5 300 89
0 650 736.558 300 89
0 650 736.619 300 89
0 650 736.677 300 89
0 650 736.742 300 89
0 650 736.804 300 89
0 650 736.868 300 89
0 650 736.929 300 89
0 650 736.989 300 89
0 650 737.054 300 89
0 650 737.114 300 89
0 650 737.179 300 89
0 650 737.24 300 89
0 650 737.305 300 89
0 650 737.365 300 89
0 650 737.425 300 89
0 650 737.494 300 89
0 650 737.557 300 89
0 650 737.62 300 89
0 650 737.68 300 89
0 650 737.743 300 89
0 650 737.802 300 89
0 650 737.866 300 89
0 650 737.944 300 89
0 650 738.015 300 89
0 650 738.101 300 89
0 650 738.189 300 89
0 650 738.276 300 89
0 650 738.365 300 89
0 650 738.456 300 89
0 650 738.548 300 89
0 650 738.637 300 89
0 650 738.73 300 89
0 650 738.821 300 89
0 650 738.91 300 89
0 650 738.994 300 89
0 650 739.081 300 89
0 650 739.177 300 89
0 650 739.269 300 89
0 650 739.362 300 89
0 650 739.448 300 89
0 650 739.537 300 89
0 650 739.623 300 89
0 650 739.71 300 89
0 650 739.813 300 89
0 650 739.9 300 89
0 650 739.99 300 89
0 650 740.091 300 89
0 650 740.175 300 89
0 650 740.264 300 89
0 650 740.352 300 89
0 650 740.447 300 89
0 650 740.53 300 89
0 650 740.62 300 89
0 650 740.709 300 89
0 650 740.801 300 89
0 650 740.89 300 89
0 650 740.977 300 89
0 650 741.075 300 89
0 650 741.169 300 89
0 650 741.257 300 89
0 650 741.346 300 89
0 650 741.441 300 89
0 650 741.532 300 89
0 650 741.624 300 89
0 650 741.715 300 89
0 650 741.806 300 89
0 650 741.904 300 89
0 650 741.992 300 89
0 650 742.092 300 89
0 650 742.181 300 89
0 650 742.279 300 89
0 650 742.37 300 89
0 650 742.461 300 89
0 650 742.555 300 89
0 650 742.645 300 89
0 650 742.732 300 89
0 650 742.824 300 89
0 650 742.911 300 89
0 650 742.997 300 89
0 650 743.084 300 89
0 650 743.181 300 89
0 650 743.268 300 89
0 650 743.355 300 89
0 650 743.435 300 89
0 650 743.522 300 89
0 650 743.609 300 89
0 650 743.698 300 89
0 650 743.79 300 89
0 650 743.878 300 89
0 650 743.973 300 89
0 650 744.059 300 89
0 650 744.147 300 89
0 650 744.241 300 89
0 650 744.328 300 89
0 650 744.419 300 89
0 650 744.515 300 89
0 650 744.601 300 89
0 650 744.698 300 89
0 650 744.783 300 89
0 650 744.87 300 89
0 650 744.962 300 89
0 650 745.052 300 89
0 650 745.146 300 89
0 650 745.229 300 89
0 650 745.311 300 89
0 650 745.406 300 89
0 650 745.501 300 89
0 650 745.586 300 89
0 650 745.669 300 89
0 650 745.756 300 89
0 650 745.843 300 89
0 650 745.932 300 89
0 650 746.031 300 89
0 650 746.125 300 89
0 650 746.209 300 89
0 650 746.306 300 89
0 650 746.399 300 89
0 650 746.485 300 89
0 650 746.576 300 89
0 650 746.655 300 89
0 650 746.747 300 89
0 650 746.834 300 89
0 650 746.917 300 89
0 650 747.001 300 89
0 650 747.097 300 89
0 650 747.19 300 89
0 650 747.27 300 89
0 650 747.349 300 89
0 650 747.435 300 89
0 650 747.521 300 89
0 650 747.606 300 89
0 650 747.695 300 89
0 650 747.783 300 89
0 650 747.867 300 89
0 650 747.956 300 89
0 650 748.035 300 89
0 650 748.13 300 89
0 650 748.222 300 89
0 650 748.313 300 89
0 650 748.402 300 89
0 650 748.493 300 89
0 650 748.581 300 89
0 650 748.675 300 89
0 650 748.758 300 89
0 650 748.839 300 89
0 650 748.929 300 89
0 650 749.015 300 89
0 650 749.102 300 89
0 650 749.188 300 89
0 650 749.282 300 89
0 650 749.367 300 89
0 650 749.454 300 89
0 650 749.544 300 89
0 650 749.637 300 89
0 650 749.726 300 89
0 650 749.821 300 89
0 650 749.914 300 89
0 650 749.999 300 89
0 650 750.108 300 89
0 650 750.197 300 89
0 650 750.278 300 89
0 650 750.369 300 89
0 650 750.455 300 89
0 650 750.549 300 89
0 650 750.632 300 89
0 650 750.721 300 89
0 650 750.807 300 89
0 650 750.899 300 89
0 650 750.984 300 89
0 650 751.069 300 89
0 650 751.157 300 89
0 650 751.249 300 89
0 650 751.337 300 89
0 650 751.424 300 89
0 650 751.509 300 89
0 650 751.606 300 89
0 650 751.698 300 89
0 650 751.787 300 89
0 650 751.873 300 89
0 650 751.963 300 89
0 650 752.045 300 89
0 650 752.135 300 89
0 650 752.221 300 89
0 650 752.305 300 89
0 650 752.395 300 89
0 650 752.482 300 89
0 650 752.567 300 89
0 650 752.653 300 89
0 650 752.74 300 89
0 650 752.831 300 89
0 650 752.915 300 89
0 650 753.007 300 89
0 650 753.098 300 89
0 650 753.189 300 89
0 650 753.275 300 89
0 650 753.362 300 89
0 650 753.453 300 89
0 650 753.543 300 89
0 650 753.63 300 89
0 650 753.724 300 89
0 650 753.823 300 89
0 650 753.906 300 89
0 650 753.996 300 89
0 650 754.092 300 89
0 650 754.175 300 89
0 650 754.257 300 89
0 650 754.343 300 89
0 650 754.419 300 89
0 650 754.502 300 89
0 650 754.587 300 89
0 650 754.675 300 89
0 650 754.768 300 89
0 650 754.858 300 89
0 650 754.945 300 89
0 650 755.035 300 89
0 650 755.122 300 89
0 650 755.212 300 89
0 650 755.295 300 89
0 650 755.379 300 89
0 650 755.469 300 89
0 650 755.557 300 89
0 650 755.633 300 89
0 650 755.724 300 89
0 650 755.818 300 89
0 650 755.91 300 89
0 650 756.005 300 89
0 650 756.094 300 89
0 650 756.153 300 89
0 650 756.246 300 89
0 650 756.322 300 89
0 650 756.398 300 89
0 650 756.487 300 89
0 650 756.581 300 89
0 650 756.674 300 89
0 650 756.759 300 89
0 650 756.846 300 89
0 650 756.936 300 89
0 650 757.019 300 89
0 650 757.104 300 89
0 650 757.189 300 89
0 650 757.285 300 89
0 650 757.373 300 89
0 650 757.459 300 89
0 650 757.55 300 89
0 650 757.646 300 89
0 650 757.724 300 89
0 650 757.803 300 89
0 650 757.892 300 89
0 650 757.98 300 89
0 650 758.069 300 89
0 650 758.165 300 89
0 650 758.254 300 89
0 650 758.34 300 89
0 650 758.427 300 89
0 650 758.512 300 89
0 650 758.601 300 89
0 650 758.702 300 89
0 650 758.793 300 89
0 650 758.89 300 89
0 650 758.985 300 89
0 650 759.071 300 89
0 650 759.169 300 89
0 650 759.258 300 89
0 650 759.346 300 89
0 650 759.436 300 89
0 650 759.521 300 89
0 650 759.616 300 89
0 650 759.705 300 89
0 650 759.786 300 89
0 650 759.874 300 89
0 650 759.984 300 89
0 650 760.071 300 89
0 650 760.162 300 89
0 650 760.258 300 89
0 650 760.35 300 89
0 650 760.437 300 89
0 650 760.522 300 89
0 650 760.606 300 89
0 650 760.69 300 89
0 650 760.781 300 89
0 650 760.878 300 89
0 650 760.97 300 89
0 650 761.054 300 89
0 650 761.146 300 89
0 650 761.24 300 89
0 650 761.326 300 89
0 650 761.413 300 89
0 650 761.502 300 89
0 650 761.597 300 89
0 650 761.685 300 89
0 650 761.772 300 89
0 650 761.863 300 89
0 650 761.956 300 89
0 650 762.047 300 89
0 650 762.134 300 89
0 650 762.222 300 89
0 650 762.321 300 89
0 650 762.406 300 89
0 650 762.497 300 89
0 650 762.582 300 89
0 650 762.673 300 89
0 650 762.76 300 89
0 650 762.848 300 89
0 650 762.935 300 89
0 650 763.024 300 89
0 650 763.113 300 89
0 650 763.214 300 89
0 650 763.308 300 89
0 650 763.397 300 89
0 650 763.477 300 89
0 650 763.572 300 89
0 650 763.664 300 89
0 650 763.749 300 89
0 650 763.844 300 89
0 650 763.937 300 89
0 650 764.021 300 89
0 650 764.11 300 89
0 650 764.2 300 89
0 650 764.289 300 89
0 650 764.379 300 89
0 650 764.469 300 89
0 650 764.563 300 89
0 650 764.659 300 89
0 650 764.747 300 89
0 650 764.84 300 89
0 650 764.93 300 89
0 650 765.022 300 89
0 650 765.121 300 89
0 650 765.217 300 89
0 650 765.303 300 89
0 650 765.383 300 89
0 650 765.48 300 89
0 650 765.578 300 89
0 650 765.679 300 89
0 650 765.783 300 89
0 650 765.876 300 89
0 650 765.974 300 89
0 650 766.072 300 89
0 650 766.169 300 89
0 650 766.258 300 89
0 650 766.348 300 89
0 650 766.448 300 89
0 650 766.539 300 89
0 650 766.634 300 89
0 650 766.722 300 89
0 650 766.812 300 89
0 650 766.904 300 89
0 650 766.999 300 89
0 650 767.088 300 89
0 650 767.178 300 89
0 650 767.265 300 89
0 650 767.361 300 89
0 650 767.456 300 89
0 650 767.549 300 89
0 650 767.645 300 89
0 650 767.746 300 89
0 650 767.836 300 89
0 650 767.929 300 89
0 650 768.026 300 89
0 650 768.118 300 89
0 650 768.211 300 89
0 650 768.308 300 89
0 650 768.404 300 89
0 650 768.496 300 89
0 650 768.591 300 89
0 650 768.687 300 89
0 650 768.784 300 89
0 650 768.875 300 89
0 650 768.964 300 89
0 650 769.057 300 89
0 650 769.159 300 89
0 650 769.249 300 89
0 650 769.339 300 89
0 650 769.438 300 89
0 650 769.531 300 89
0 650 769.618 300 89
0 650 769.707 300 89
0 650 769.805 300 89
0 650 769.902 300 89
0 650 769.993 300 89
0 650 770.099 300 89
0 650 770.193 300 89
0 650 770.285 300 89
0 650 770.371 300 89
0 650 770.461 300 89
0 650 770.551 300 89
0 650 770.646 300 89
0 650 770.735 300 89
0 650 770.827 300 89
0 650 770.916 300 89
0 650 771.011 300 89
0 650 771.11 300 89
0 650 771.207 300 89
0 650 771.3 300 89
0 650 771.395 300 89
0 650 771.488 300 89
0 650 771.576 300 89
0 650 771.668 300 89
0 650 771.754 300 89
0 650 771.842 300 89
0 650 771.929 300 89
0 650 772.023 300 89
0 650 772.115 300 89
0 650 772.202 300 89
0 650 772.296 300 89
0 650 772.386 300 89
0 650 772.477 300 89
0 650 772.566 300 89
0 650 772.659 300 89
0 650 772.748 300 89
0 650 772.844 300 89
0 650 772.939 300 89
0 650 773.025 300 89
0 650 773.115 300 89
0 650 773.215 300 89
0 650 773.315 300 89
0 650 773.414 300 89
0 650 773.511 300 89
0 650 773.592 300 89
0 650 773.681 300 89
0 650 773.777 300 89
0 650 773.864 300 89
0 650 773.952 300 89
0 650 774.04 300 89
0 650 774.124 300 89
0 650 774.207 300 89
0 650 774.295 300 89
0 650 774.382 300 89
0 650 774.473 300 89
0 650 774.569 300 89
0 650 774.659 300 89
0 650 774.753 300 89
0 650 774.849 300 89
0 650 774.937 300 89
0 650 775.033 300 89
0 650 775.126 300 89
0 650 775.217 300 89
0 650 775.311 300 89
0 650 775.406 300 89
0 650 775.504 300 89
0 650 775.599 300 89
0 650 775.694 300 89
0 650 775.78 300 89
0 650 775.874 300 89
0 650 775.953 300 89
0 650 776.047 300 89
0 650 776.132 300 89
0 650 776.222 300 89
0 650 776.33 300 89
0 650 776.423 300 89
0 650 776.517 300 89
0 650 776.62 300 89
0 650 776.706 300 89
0 650 776.793 300 89
0 650 776.891 300 89
0 650 776.989 300 89
0 650 777.084 300 89
0 650 777.167 300 89
0 650 777.271 300 89
0 650 777.366 300 89
0 650 777.461 300 89
0 650 777.555 300 89
0 650 777.641 300 89
0 650 777.737 300 89
0 650 777.83 300 89
0 650 777.918 300 89
0 650 778.001 300 89
0 650 778.09 300 89
0 650 778.176 300 89
0 650 778.258 300 89
0 650 778.348 300 89
0 650 778.442 300 89
0 650 778.526 300 89
0 650 778.617 300 89
0 650 778.711 300 89
0 650 778.797 300 89
0 650 778.88 300 89
0 650 778.966 300 89
0 650 779.058 300 89
0 650 779.148 300 89
0 650 779.246 300 89
0 650 779.348 300 89
0 650 779.454 300 89
0 650 779.55 300 89
0 650 779.644 300 89
0 650 779.736 300 89
0 650 779.843 300 89
0 650 779.936 300 89
0 650 780.028 300 89
0 650 780.122 300 89
0 650 780.216 300 89
0 650 780.318 300 89
0 650 780.41 300 89
0 650 780.498 300 89
0 650 780.597 300 89
0 650 780.689 300 89
0 650 780.771 300 89
0 650 780.862 300 89
0 650 780.953 300 89
0 650 781.041 300 89
0 650 781.134 300 89
0 650 781.228 300 89
0 650 781.318 300 89
0 650 781.412 300 89
0 650 781.501 300 89
0 650 781.588 300 89
0 650 781.686 300 89
0 650 781.783 300 89
0 650 781.875 300 89
0 650 781.973 300 89
0 650 782.074 300 89
0 650 782.168 300 89
0 650 782.265 300 89
0 650 782.322 300 89
0 650 782.408 300 89
0 650 782.499 300 89
0 650 782.594 300 89
0 650 782.693 300 89
0 650 782.786 300 89
0 650 782.882 300 89
0 650 782.971 300 89
0 650 783.067 300 89
0 650 783.163 300 89
0 650 783.261 300 89
0 650 783.355 300 89
0 650 783.446 300 89
0 650 783.541 300 89
0 650 783.628 300 89
0 650 783.722 300 89
0 650 783.82 300 89
0 650 783.912 300 89
0 650 784.007 300 89
0 650 784.097 300 89
0 650 784.188 300 89
0 650 784.278 300 89
0 650 784.372 300 89
0 650 784.465 300 89
0 650 784.563 300 89
0 650 784.658 300 89
0 650 784.753 300 89
0 650 784.847 300 89
0 650 784.938 300 89
0 650 785.041 300 89
0 650 785.092 300 89
0 650 785.189 300 89
0 650 785.28 300 89
0 650 785.37 300 89
0 650 785.464 300 89
0 650 785.554 300 89
0 650 785.666 300 89
0 650 785.753 300 89
0 650 785.842 300 89
0 650 785.931 300 89
0 650 786.014 300 89
0 650 786.097 300 89
0 650 786.186 300 89
0 650 786.277 300 89
0 650 786.37 300 89
0 650 786.464 300 89
0 650 786.555 300 89
0 650 786.646 300 89
0 650 786.737 300 89
0 650 786.818 300 89
0 650 786.912 300 89
0 650 787.014 300 89
0 650 787.11 300 89
0 650 787.195 300 89
0 650 787.282 300 89
0 650 787.379 300 89
0 650 787.468 300 89
0 650 787.553 300 89
0 650 787.643 300 89
0 650 787.737 300 89
0 650 787.827 300 89
0 650 787.919 300 89
0 650 788.014 300 89
0 650 788.101 300 89
0 650 788.194 300 89
0 650 788.292 300 89
0 650 788.377 300 89
0 650 788.465 300 89
0 650 788.556 300 89
0 650 788.648 300 89
0 650 788.723 300 89
0 650 788.815 300 89
0 650 788.909 300 89
0 650 789.001 300 89
0 650 789.098 300 89
0 650 789.194 300 89
0 650 789.289 300 89
0 650 789.381 300 89
0 650 789.484 300 89
0 650 789.585 300 89
0 650 789.668 300 89
0 650 789.761 300 89
0 650 789.855 300 89
0 650 789.949 300 89
0 650 790.039 300 89
0 650 790.127 300 89
0 650 790.217 300 89
0 650 790.31 300 89
0 650 790.404 300 89
0 650 790.496 300 89
0 650 790.586 300 89
0 650 790.689 300 89
0 650 790.783 300 89
0 650 790.873 300 89
0 650 790.965 300 89
0 650 791.045 300 89
0 650 791.136 300 89
0 650 791.227 300 89
0 650 791.318 300 89
0 650 791.412 300 89
0 650 791.508 300 89
0 650 791.599 300 89
0 650 791.681 300 89
0 650 791.775 300 89
0 650 791.868 300 89
0 650 791.958 300 89
0 650 792.048 300 89
0 650 792.15 300 89
0 650 792.243 300 89
0 650 792.338 300 89
0 650 792.429 300 89
0 650 792.523 300 89
0 650 792.619 300 89
0 650 792.7 300 89
0 650 792.787 300 89
0 650 792.879 300 89
0 650 792.978 300 89
0 650 793.074 300 89
0 650 793.169 300 89
0 650 793.252 300 89
0 650 793.331 300 89
0 650 793.411 300 89
0 650 793.502 300 89
0 650 793.586 300 89
0 650 793.667 300 89
0 650 793.752 300 89
0 650 793.842 300 89
0 650 793.926 300 89
0 650 794.01 300 89
0 650 794.104 300 89
0 650 794.214 300 89
0 650 794.318 300 89
0 650 794.402 300 89
0 650 794.49 300 89
0 650 794.585 300 89
0 650 794.674 300 89
0 650 794.764 300 89
0 650 794.852 300 89
0 650 794.946 300 89
0 650 795.08 300 89
0 650 795.169 300 89
0 650 795.312 300 89
0 650 795.399 300 89
0 650 795.485 300 89
0 650 795.573 300 89
0 650 795.661 300 89
0 650 795.739 300 89
0 650 795.824 300 89
0 650 795.908 300 89
0 650 795.992 300 89
0 650 796.077 300 89
0 650 796.166 300 89
0 650 796.247 300 89
0 650 796.328 300 89
0 650 796.415 300 89
0 650 796.497 300 89
0 650 796.583 300 89
0 650 796.667 300 89
0 650 796.759 300 89
0 650 796.883 300 89
0 650 797.012 300 89
0 650 797.101 300 89
0 650 797.175 300 89
0 650 797.268 300 89
0 650 797.364 300 89
0 650 797.459 300 89
0 650 797.551 300 89
0 650 797.626 300 89
0 650 797.71 300 89
0 650 797.788 300 89
0 650 797.873 300 89
0 650 797.951 300 89
0 650 798.034 300 89
0 650 798.124 300 89
0 650 798.211 300 89
0 650 798.294 300 89
0 650 798.378 300 89
0 650 798.468 300 89
0 650 798.552 300 89
0 650 798.633 300 89
0 650 798.722 300 89
0 650 798.81 300 89
0 650 798.9 300 89
0 650 798.993 300 89
0 650 799.092 300 89
0 650 799.189 300 89
0 650 799.275 300 89
0 650 799.357 300 89
0 650 799.458 300 89
0 650 799.565 300 89
0 650 799.651 300 89
0 650 799.736 300 89
0 650 799.821 300 89
0 650 799.902 300 89
0 650 799.979 300 89
