0 762 0.014396 300 0
0 745.2 0.021204 5
0 666.8 0.024894 5
0 661.2 0.048741 20
0 644.4 0.055071 20
0 644.4 0.140313 300 89
0 644.4 0.226262 300 89
0 644.4 0.305923 300 89
0 644.4 0.388256 300 89
0 616.4 0.400736 89
0 616.4 0.472702 300 89
0 616.4 0.611091 300 89
0 616.4 0.691705 300 89
0 616.4 0.765438 300 89
0 616.4 0.843007 300 89
0 616.4 0.911814 300 92
0 616.4 1.0354 300 92
0 616.4 1.13863 300 92
0 616.4 1.22115 300 92
0 616.4 1.29461 300 92
0 577.2 1.30627 92
0 571.6 1.31005 92
0 571.6 1.37237 300 92
0 571.6 1.44867 300 92
0 571.6 1.53447 300 92
0 571.6 1.6219 300 92
0 571.6 1.7114 300 92
0 571.6 1.78952 300 92
0 571.6 1.86311 300 92
0 571.6 2.01106 300 92
0 571.6 2.10161 300 92
0 571.6 2.19107 300 92
0 571.6 2.24799 300 92
0 571.6 2.31954 300 92
0 571.6 2.43589 300 92
0 571.6 2.61442 300 92
0 571.6 2.6939 300 92
0 571.6 2.78891 300 92
0 571.6 2.89382 300 92
0 571.6 2.94872 300 92
0 571.6 3.0234 300 92
0 571.6 3.13276 300 92
0 571.6 3.21637 300 92
0 571.6 3.27329 300 92
0 571.6 3.34518 300 92
0 571.6 3.42863 300 92
0 571.6 3.49798 300 92
0 571.6 3.58376 300 92
0 571.6 3.71097 300 92
0 571.6 3.7949 300 92
0 571.6 3.87392 300 92
0 571.6 3.98078 300 92
0 571.6 4.06773 300 92
0 571.6 4.1459 300 92
0 571.6 4.21493 300 92
0 571.6 4.3049 300 92
0 571.6 4.39332 300 92
0 571.6 4.47589 300 92
0 571.6 4.56443 300 92
0 571.6 4.66661 300 92
0 571.6 4.76581 300 92
0 571.6 4.82655 300 92
0 571.6 4.9164 300 92
0 571.6 5.00442 300 92
0 571.6 5.16393 300 92
0 571.6 5.25442 300 92
0 571.6 5.33622 300 92
0 571.6 5.4214 300 92
0 571.6 5.50313 300 92
0 571.6 5.61968 300 92
0 571.6 5.76441 300 92
0 571.6 5.87078 300 92
0 571.6 5.93203 300 92
0 571.6 6.06047 300 92
0 571.6 6.15214 300 92
0 571.6 6.22975 300 92
0 571.6 6.34717 300 92
0 571.6 6.43486 300 92
0 571.6 6.52855 300 92
0 571.6 6.60755 300 92
0 571.6 6.7493 300 92
0 571.6 6.8871 300 92
0 571.6 7.02863 300 92
0 571.6 7.23078 300 92
0 571.6 7.35949 300 92
0 571.6 7.51832 300 92
0 571.6 7.67866 300 92
0 571.6 7.85347 300 92
0 571.6 8.01908 300 92
0 571.6 8.18327 300 92
0 571.6 8.32335 300 92
0 571.6 8.6317 300 92
0 571.6 8.76225 300 92
0 571.6 8.97574 300 92
0 571.6 9.12311 300 92
0 571.6 9.26196 300 92
0 571.6 9.41076 300 92
0 571.6 9.64318 300 92
0 571.6 9.78036 300 92
0 571.6 9.86662 300 92
0 571.6 10.1606 300 92
0 571.6 10.2998 300 92
0 571.6 10.4878 300 92
0 571.6 10.6324 300 92
0 571.6 10.7697 300 92
0 571.6 10.9113 300 92
0 571.6 11.0608 300 92
0 571.6 11.2544 300 92
0 571.6 11.3836 300 92
0 571.6 11.6162 300 92
0 571.6 11.8624 300 92
0 571.6 11.9918 300 92
0 571.6 12.2463 300 92
0 571.6 12.4381 300 92
0 571.6 12.5784 300 92
0 571.6 12.7557 300 92
0 571.6 12.8829 300 92
0 571.6 13.035 300 92
0 571.6 13.1587 300 92
0 571.6 13.4194 300 92
0 571.6 13.5598 300 92
0 571.6 13.7048 300 92
0 571.6 13.8694 300 92
0 571.6 14.0862 300 92
0 571.6 14.2625 300 92
0 571.6 14.4707 300 92
0 571.6 14.6134 300 92
0 571.6 14.7795 300 92
0 571.6 15.0333 300 92
0 571.6 15.1869 300 92
0 571.6 15.3206 300 92
0 571.6 15.4819 300 92
0 571.6 15.6176 300 92
0 571.6 15.764 300 92
0 571.6 15.9177 300 92
0 571.6 16.1468 300 92
0 571.6 16.3371 300 92
0 571.6 16.4929 300 92
0 571.6 16.6287 300 92
0 571.6 16.7724 300 92
0 571.6 16.8713 300 92
0 571.6 17.0132 300 92
0 571.6 17.1711 300 92
0 571.6 17.3024 300 92
0 571.6 17.4586 300 92
0 571.6 17.6029 300 92
0 571.6 17.7093 300 92
0 571.6 17.9485 300 92
0 571.6 18.0714 300 92
0 571.6 18.2111 300 92
0 571.6 18.507 300 92
0 571.6 18.6909 300 92
0 571.6 18.8895 300 92
0 571.6 19.0408 300 92
0 571.6 19.1809 300 92
0 571.6 19.3218 300 92
0 571.6 19.6238 300 92
0 571.6 19.8487 300 92
0 571.6 19.9748 300 92
0 571.6 20.1136 300 92
0 571.6 20.2486 300 92
0 571.6 20.3655 300 92
0 571.6 20.4955 300 92
0 571.6 20.6447 300 92
0 571.6 20.7951 300 92
0 571.6 21.2046 300 92
0 571.6 21.3688 300 92
0 571.6 21.5362 300 92
0 571.6 21.6792 300 92
0 571.6 21.8316 300 92
0 571.6 22.025 300 92
0 571.6 22.183 300 92
0 571.6 22.378 300 92
0 571.6 22.5184 300 92
0 571.6 22.7098 300 92
0 571.6 22.8668 300 92
0 571.6 23.0012 300 92
0 571.6 23.1554 300 92
0 571.6 23.3316 300 92
0 571.6 23.4826 300 92
0 571.6 23.6305 300 92
0 571.6 23.7747 300 92
0 571.6 23.9247 300 92
0 571.6 24.0557 300 92
0 571.6 24.1901 300 92
0 571.6 24.3417 300 92
0 571.6 24.481 300 92
0 571.6 24.6021 300 92
0 571.6 24.7314 300 92
0 571.6 24.8846 300 92
0 571.6 25.032 300 92
0 571.6 25.1533 300 92
0 571.6 25.3021 300 92
0 571.6 25.427 300 92
0 571.6 25.5636 300 92
0 571.6 25.7048 300 92
0 571.6 25.8467 300 92
0 571.6 26.0554 300 92
0 571.6 26.2978 300 92
0 571.6 26.517 300 92
0 571.6 26.7071 300 92
0 571.6 26.8404 300 92
0 571.6 26.977 300 92
0 571.6 27.1294 300 92
0 571.6 27.2843 300 92
0 571.6 27.4247 300 92
0 571.6 27.5857 300 92
0 571.6 27.7665 300 92
0 571.6 28.0607 300 92
0 571.6 28.2099 300 92
0 571.6 28.3414 300 92
0 571.6 28.4811 300 92
0 571.6 28.6261 300 92
0 571.6 28.7709 300 92
0 571.6 28.9605 300 92
0 571.6 29.1089 300 92
0 571.6 29.2728 300 92
0 571.6 29.4405 300 92
0 571.6 29.5925 300 92
0 571.6 29.7501 300 92
0 571.6 30.0809 300 92
0 571.6 30.2212 300 92
0 571.6 30.3729 300 92
0 571.6 30.5105 300 92
0 571.6 30.6521 300 92
0 571.6 30.7862 300 92
0 571.6 30.936 300 92
0 571.6 31.0818 300 92
0 571.6 31.2418 300 92
0 571.6 31.381 300 92
0 571.6 31.5341 300 92
0 571.6 31.7213 300 92
0 571.6 31.9313 300 92
0 571.6 32.0818 300 92
0 571.6 32.2162 300 92
0 571.6 32.3573 300 92
0 571.6 32.5224 300 92
0 571.6 32.6747 300 92
0 571.6 32.9255 300 92
0 571.6 33.1601 300 92
0 571.6 33.2898 300 92
0 571.6 33.4385 300 92
0 571.6 33.6311 300 92
0 571.6 33.7789 300 92
0 571.6 33.9416 300 92
0 571.6 34.1239 300 92
0 571.6 34.2826 300 92
0 571.6 34.493 300 92
0 571.6 34.6355 300 92
0 571.6 34.8238 300 92
0 571.6 34.9634 300 92
0 571.6 35.1335 300 92
0 571.6 35.2557 300 92
0 571.6 35.396 300 92
0 571.6 35.5878 300 92
0 571.6 35.7323 300 92
0 571.6 35.9411 300 92
0 571.6 36.1304 300 92
0 571.6 36.2857 300 92
0 571.6 36.5597 300 92
0 571.6 36.7202 300 92
0 571.6 36.8513 300 92
0 571.6 36.9808 300 92
0 571.6 37.1533 300 92
0 571.6 37.2983 300 92
0 571.6 37.517 300 92
0 571.6 37.7861 300 92
0 571.6 37.8768 300 92
0 571.6 38.0135 300 92
0 571.6 38.2174 300 92
0 571.6 38.403 300 92
0 571.6 38.5476 300 92
0 571.6 38.8025 300 92
0 571.6 38.9305 300 92
0 571.6 39.0845 300 92
0 571.6 39.2256 300 92
0 571.6 39.3618 300 92
0 571.6 39.589 300 92
0 571.6 39.737 300 92
0 571.6 39.8511 300 92
0 571.6 40.0479 300 92
0 571.6 40.1961 300 92
0 571.6 40.4005 300 92
0 571.6 40.5444 300 92
0 571.6 40.6841 300 92
0 571.6 40.7792 300 92
0 571.6 40.9006 300 92
0 571.6 41.0732 300 92
0 571.6 41.2013 300 92
0 571.6 41.3331 300 92
0 571.6 41.4291 300 92
0 571.6 41.5984 300 92
0 571.6 41.7419 300 92
0 571.6 41.8901 300 92
0 571.6 42.0145 300 92
0 571.6 42.2023 300 92
0 571.6 42.3974 300 92
0 571.6 42.6879 300 92
0 571.6 42.8406 300 92
0 571.6 42.9185 300 92
0 571.6 43.1338 300 92
0 571.6 43.3162 300 92
0 571.6 43.4583 300 92
0 571.6 43.5543 300 92
0 571.6 43.7253 300 92
0 571.6 43.8565 300 92
0 571.6 44.0399 300 92
0 571.6 44.1838 300 92
0 571.6 44.3526 300 92
0 571.6 44.5016 300 92
0 571.6 44.69 300 92
0 571.6 44.8781 300 92
0 571.6 45.0063 300 92
0 571.6 45.2648 300 92
0 571.6 45.447 300 92
0 571.6 45.5309 300 92
0 571.6 45.7036 300 92
0 571.6 45.8986 300 92
0 571.6 46.0843 300 92
0 571.6 46.2294 300 92
0 571.6 46.4467 300 92
0 571.6 46.5898 300 92
0 571.6 46.7305 300 92
0 571.6 46.9141 300 92
0 571.6 47.0072 300 92
0 571.6 47.2016 300 92
0 571.6 47.3671 300 92
0 571.6 47.7195 300 92
0 571.6 47.9343 300 92
0 571.6 48.0938 300 92
0 571.6 48.2112 300 92
0 571.6 48.34 300 92
0 571.6 48.4703 300 92
0 571.6 48.5938 300 92
0 571.6 48.8901 300 92
0 571.6 49.0643 300 92
0 571.6 49.1841 300 92
0 571.6 49.3296 300 92
0 571.6 49.4663 300 92
0 571.6 49.6237 300 92
0 571.6 49.771 300 92
0 571.6 49.9506 300 92
0 571.6 50.2167 300 92
0 571.6 50.333 300 92
0 571.6 50.4187 300 92
0 571.6 50.5639 300 92
0 571.6 50.6758 300 92
0 571.6 50.7728 300 92
0 571.6 50.8995 300 92
0 571.6 50.9986 300 92
0 571.6 51.1249 300 92
0 571.6 51.2548 300 92
0 571.6 51.3747 300 92
0 571.6 51.5337 300 92
0 571.6 51.6498 300 92
0 571.6 51.8436 300 92
0 571.6 51.9813 300 92
0 571.6 52.0994 300 92
0 571.6 52.1891 300 92
0 571.6 52.3387 300 92
0 571.6 52.5229 300 92
0 571.6 52.5926 300 92
0 571.6 52.6959 300 92
0 571.6 52.8121 300 92
0 571.6 52.9364 300 92
0 571.6 53.0528 300 92
0 571.6 53.1848 300 92
0 571.6 53.3077 300 92
0 571.6 53.433 300 92
0 571.6 53.729 300 92
0 571.6 53.9024 300 92
0 571.6 54.0501 300 92
0 571.6 54.2028 300 92
0 571.6 54.3428 300 92
0 571.6 54.4817 300 92
0 571.6 54.6054 300 92
0 571.6 54.7191 300 92
0 571.6 54.8265 300 92
0 571.6 54.9441 300 92
0 571.6 55.0712 300 92
0 571.6 55.1965 300 92
0 571.6 55.3252 300 92
0 571.6 55.4484 300 92
0 571.6 55.5954 300 92
0 571.6 55.8304 300 92
0 571.6 56.0073 300 92
0 571.6 56.1565 300 92
0 571.6 56.3042 300 92
0 571.6 56.4329 300 92
0 571.6 56.5459 300 92
0 571.6 56.661 300 92
0 571.6 56.8546 300 92
0 571.6 57.2055 300 92
0 571.6 57.3117 300 92
0 571.6 57.4332 300 92
0 571.6 57.5537 300 92
0 571.6 57.6659 300 92
0 571.6 57.8022 300 92
0 571.6 57.9513 300 92
0 571.6 58.1062 300 92
0 571.6 58.2592 300 92
0 571.6 58.3865 300 92
0 571.6 58.5518 300 92
0 571.6 58.7222 300 92
0 571.6 58.8479 300 92
0 571.6 58.9722 300 92
0 571.6 59.0994 300 92
0 571.6 59.2636 300 92
0 571.6 59.3968 300 92
0 571.6 59.5156 300 92
0 571.6 59.6342 300 92
0 571.6 59.7673 300 92
0 571.6 59.9155 300 92
0 571.6 60.0816 300 92
0 571.6 60.263 300 92
0 571.6 60.4232 300 92
0 571.6 60.6184 300 92
0 571.6 60.7855 300 92
0 571.6 60.9215 300 92
0 571.6 61.0567 300 92
0 571.6 61.1834 300 92
0 571.6 61.3237 300 92
0 571.6 61.4453 300 92
0 571.6 61.6683 300 92
0 571.6 61.7812 300 92
0 571.6 61.8757 300 92
0 571.6 62.0179 300 92
0 571.6 62.222 300 92
0 571.6 62.4619 300 92
0 571.6 62.6075 300 92
0 571.6 62.7519 300 92
0 571.6 62.9634 300 92
0 571.6 63.091 300 92
0 571.6 63.2597 300 92
0 571.6 63.3713 300 92
0 571.6 63.5505 300 92
0 571.6 63.641 300 92
0 571.6 63.7666 300 92
0 571.6 63.8964 300 92
0 571.6 64.0652 300 92
0 571.6 64.1886 300 92
0 571.6 64.3603 300 92
0 571.6 64.5148 300 92
0 571.6 64.6738 300 92
0 571.6 64.8189 300 92
0 571.6 64.9746 300 92
0 571.6 65.1164 300 92
0 571.6 65.2427 300 92
0 571.6 65.3589 300 92
0 571.6 65.5687 300 92
0 571.6 65.7113 300 92
0 571.6 65.8271 300 92
0 571.6 65.9417 300 92
0 571.6 66.0643 300 92
0 571.6 66.2073 300 92
0 571.6 66.343 300 92
0 571.6 66.4829 300 92
0 571.6 66.6117 300 92
0 571.6 66.7703 300 92
0 571.6 66.988 300 92
0 571.6 67.1068 300 92
0 571.6 67.2344 300 92
0 571.6 67.3997 300 92
0 571.6 67.5569 300 92
0 571.6 67.6784 300 92
0 571.6 67.7927 300 92
0 571.6 67.9132 300 92
0 571.6 68.0352 300 92
0 571.6 68.2556 300 92
0 571.6 68.3769 300 92
0 571.6 68.5027 300 92
0 571.6 68.656 300 92
0 571.6 68.7378 300 92
0 571.6 68.8762 300 92
0 571.6 69.0214 300 92
0 571.6 69.1639 300 92
0 571.6 69.3001 300 92
0 571.6 69.4982 300 92
0 571.6 69.6527 300 92
0 571.6 69.7959 300 92
0 571.6 69.9429 300 92
0 571.6 70.0794 300 92
0 571.6 70.2162 300 92
0 571.6 70.3525 300 92
0 571.6 70.4751 300 92
0 571.6 70.6314 300 92
0 571.6 70.7403 300 92
0 571.6 70.8767 300 92
0 571.6 70.992 300 92
0 571.6 71.1217 300 92
0 571.6 71.253 300 92
0 571.6 71.3844 300 92
0 571.6 71.5872 300 92
0 571.6 71.7064 300 92
0 571.6 71.8373 300 92
0 571.6 71.9725 300 92
0 571.6 72.1017 300 92
0 571.6 72.2425 300 92
0 571.6 72.4256 300 92
0 571.6 72.5613 300 92
0 571.6 72.9745 300 92
0 571.6 73.1156 300 92
0 571.6 73.2251 300 92
0 571.6 73.3503 300 92
0 571.6 73.4801 300 92
0 571.6 73.6161 300 92
0 571.6 73.7852 300 92
0 571.6 73.9154 300 92
0 571.6 74.036 300 92
0 571.6 74.2281 300 92
0 571.6 74.3565 300 92
0 571.6 74.5489 300 92
0 571.6 74.6565 300 92
0 571.6 74.7901 300 92
0 571.6 74.924 300 92
0 571.6 75.0512 300 92
0 571.6 75.2032 300 92
0 571.6 75.3402 300 92
0 571.6 75.5066 300 92
0 571.6 75.6408 300 92
0 571.6 75.8273 300 92
0 571.6 76.0056 300 92
0 571.6 76.0914 300 92
0 571.6 76.208 300 92
0 571.6 76.3265 300 92
0 571.6 76.4888 300 92
0 571.6 76.7486 300 92
0 571.6 76.8757 300 92
0 571.6 77.0063 300 92
0 571.6 77.1034 300 92
0 571.6 77.2212 300 92
0 571.6 77.3381 300 92
0 571.6 77.4671 300 92
0 571.6 77.5774 300 92
0 571.6 77.7845 300 92
0 571.6 77.9089 300 92
0 571.6 78.0376 300 92
0 571.6 78.1673 300 92
0 571.6 78.3907 300 92
0 571.6 78.5311 300 92
0 571.6 78.6607 300 92
0 571.6 78.7905 300 92
0 571.6 78.9162 300 92
0 571.6 79.0534 300 92
0 571.6 79.1723 300 92
0 571.6 79.2912 300 92
0 571.6 79.453 300 92
0 571.6 79.5778 300 92
0 571.6 79.7793 300 92
0 571.6 79.9193 300 92
0 571.6 80.0481 300 92
0 571.6 80.167 300 92
0 571.6 80.3282 300 92
0 571.6 80.4653 300 92
0 571.6 80.635 300 92
0 571.6 80.7595 300 92
0 571.6 80.8825 300 92
0 571.6 81.0152 300 92
0 571.6 81.1409 300 92
0 571.6 81.3046 300 92
0 571.6 81.5156 300 92
0 571.6 81.6419 300 92
0 571.6 81.8005 300 92
0 571.6 81.9407 300 92
0 571.6 82.0611 300 92
0 571.6 82.1475 300 92
0 571.6 82.2755 300 92
0 571.6 82.5102 300 92
0 571.6 82.6468 300 92
0 571.6 82.7782 300 92
0 571.6 82.9065 300 92
0 571.6 83.1401 300 92
0 571.6 83.2683 300 92
0 571.6 83.5577 300 92
0 571.6 83.6746 300 92
0 571.6 83.771 300 92
0 571.6 83.8877 300 92
0 571.6 84.126 300 92
0 571.6 84.2687 300 92
0 571.6 84.3875 300 92
0 571.6 84.6257 300 92
0 571.6 84.8013 300 92
0 571.6 84.9251 300 92
0 571.6 85.0512 300 92
0 571.6 85.17 300 92
0 571.6 85.334 300 92
0 571.6 85.4706 300 92
0 571.6 85.6765 300 92
0 571.6 85.8459 300 92
0 571.6 85.9643 300 92
0 571.6 86.0974 300 92
0 571.6 86.224 300 92
0 571.6 86.4044 300 92
0 571.6 86.5416 300 92
0 571.6 86.6712 300 92
0 571.6 86.8542 300 92
0 571.6 87.0197 300 92
0 571.6 87.1466 300 92
0 571.6 87.3009 300 92
0 571.6 87.4297 300 92
0 571.6 87.5512 300 92
0 571.6 87.7184 300 92
0 571.6 87.8421 300 92
0 571.6 88.0234 300 92
0 571.6 88.1568 300 92
0 571.6 88.2708 300 92
0 571.6 88.4012 300 92
0 571.6 88.5258 300 92
0 571.6 88.6609 300 92
0 571.6 88.8216 300 92
0 571.6 89.0096 300 92
0 571.6 89.1308 300 92
0 571.6 89.2864 300 92
0 571.6 89.4841 300 92
0 571.6 89.6135 300 92
0 571.6 89.7308 300 92
0 571.6 89.8538 300 92
0 571.6 89.9603 300 92
0 571.6 90.1572 300 92
0 571.6 90.2875 300 92
0 571.6 90.4055 300 92
0 571.6 90.5175 300 92
0 571.6 90.6395 300 92
0 571.6 90.817 300 92
0 571.6 90.9663 300 92
0 571.6 91.0885 300 92
0 571.6 91.2232 300 92
0 571.6 91.3463 300 92
0 571.6 91.4541 300 92
0 571.6 91.5978 300 92
0 571.6 91.7232 300 92
0 571.6 91.8566 300 92
0 571.6 91.9927 300 92
0 571.6 92.1014 300 92
0 571.6 92.2329 300 92
0 571.6 92.3639 300 92
0 571.6 92.489 300 92
0 571.6 92.6953 300 92
0 571.6 92.816 300 92
0 571.6 92.9436 300 92
0 571.6 93.0713 300 92
0 571.6 93.1921 300 92
0 571.6 93.3675 300 92
0 571.6 93.4957 300 92
0 571.6 93.623 300 92
0 571.6 93.7712 300 92
0 571.6 93.89 300 92
0 571.6 94.035 300 92
0 571.6 94.1817 300 92
0 571.6 94.3083 300 92
0 571.6 94.5172 300 92
0 571.6 94.6489 300 92
0 571.6 94.7901 300 92
0 571.6 94.9466 300 92
0 571.6 95.0769 300 92
0 571.6 95.157 300 92
0 571.6 95.2713 300 92
0 571.6 95.3755 300 92
0 571.6 95.5082 300 92
0 571.6 95.6223 300 92
0 571.6 95.7868 300 92
0 571.6 95.978 300 92
0 571.6 96.0862 300 92
0 571.6 96.2202 300 92
0 571.6 96.3395 300 92
0 571.6 96.544 300 92
0 571.6 96.6583 300 92
0 571.6 96.758 300 92
0 571.6 96.8496 300 92
0 571.6 96.9544 300 92
0 571.6 97.2269 300 92
0 571.6 97.3762 300 92
0 571.6 97.5646 300 92
0 554.8 97.6417 92
0 554.8 97.7634 300 92
0 554.8 97.9057 300 92
0 554.8 98.0272 300 92
0 554.8 98.1513 300 92
0 554.8 98.2731 300 92
0 554.8 98.3951 300 92
0 554.8 98.548 300 92
0 554.8 98.6553 300 92
0 554.8 98.7654 300 92
0 554.8 98.895 300 92
0 554.8 99.0387 300 92
0 554.8 99.2546 300 92
0 554.8 99.3862 300 92
0 554.8 99.5784 300 92
0 554.8 99.9787 300 92
0 554.8 100.112 300 92
0 554.8 100.221 300 92
0 554.8 100.401 300 92
0 554.8 100.531 300 92
0 554.8 100.769 300 92
0 554.8 100.917 300 92
0 554.8 101.104 300 92
0 554.8 101.277 300 92
0 554.8 101.479 300 92
0 554.8 101.621 300 92
0 554.8 101.781 300 92
0 554.8 101.978 300 92
0 554.8 102.152 300 92
0 554.8 102.295 300 92
0 554.8 102.427 300 92
0 554.8 102.587 300 92
0 554.8 102.747 300 92
0 554.8 102.879 300 92
0 554.8 103.053 300 92
0 554.8 103.205 300 92
0 554.8 103.342 300 92
0 554.8 103.485 300 92
0 554.8 103.606 300 92
0 554.8 103.751 300 92
0 554.8 103.888 300 92
0 554.8 104.073 300 92
0 554.8 104.269 300 92
0 554.8 104.397 300 92
0 554.8 104.525 300 92
0 554.8 104.67 300 92
0 554.8 104.796 300 92
0 554.8 104.922 300 92
0 554.8 105.094 300 92
0 554.8 105.249 300 92
0 554.8 105.383 300 92
0 554.8 105.508 300 92
0 554.8 105.634 300 92
0 554.8 105.754 300 92
0 554.8 105.903 300 92
0 554.8 106.029 300 92
0 554.8 106.273 300 92
0 554.8 106.394 300 92
0 554.8 106.595 300 92
0 554.8 106.677 300 92
0 554.8 106.898 300 92
0 554.8 107.019 300 92
0 554.8 107.146 300 92
0 554.8 107.262 300 92
0 554.8 107.423 300 92
0 554.8 107.514 300 92
0 554.8 107.734 300 92
0 554.8 107.874 300 92
0 554.8 107.99 300 92
0 554.8 108.135 300 92
0 554.8 108.332 300 92
0 554.8 108.473 300 92
0 554.8 108.604 300 92
0 554.8 108.732 300 92
0 554.8 108.852 300 92
0 554.8 109.061 300 92
0 554.8 109.22 300 92
0 554.8 109.465 300 92
0 554.8 109.648 300 92
0 554.8 109.777 300 92
0 554.8 109.89 300 92
0 554.8 110.003 300 92
0 554.8 110.128 300 92
0 554.8 110.264 300 92
0 554.8 110.383 300 92
0 554.8 110.512 300 92
0 554.8 110.667 300 92
0 554.8 110.825 300 92
0 554.8 111.07 300 92
0 554.8 111.194 300 92
0 554.8 111.32 300 92
0 554.8 111.516 300 92
0 554.8 111.644 300 92
0 554.8 111.754 300 92
0 554.8 111.88 300 92
0 554.8 112.133 300 92
0 554.8 112.22 300 92
0 554.8 112.347 300 92
0 554.8 112.553 300 92
0 554.8 112.711 300 92
0 554.8 112.831 300 92
0 554.8 112.951 300 92
0 554.8 113.108 300 92
0 554.8 113.241 300 92
0 554.8 113.391 300 92
0 554.8 113.553 300 92
0 554.8 113.673 300 92
0 554.8 113.84 300 92
0 554.8 113.96 300 92
0 554.8 114.154 300 92
0 554.8 114.293 300 92
0 554.8 114.44 300 92
0 554.8 114.573 300 92
0 554.8 114.708 300 92
0 554.8 114.872 300 92
0 554.8 115.022 300 92
0 554.8 115.149 300 92
0 554.8 115.291 300 92
0 554.8 115.542 300 92
0 554.8 115.695 300 92
0 554.8 115.931 300 92
0 554.8 116.07 300 92
0 554.8 116.228 300 92
0 554.8 116.345 300 92
0 554.8 116.46 300 92
0 554.8 116.574 300 92
0 554.8 116.677 300 92
0 554.8 116.833 300 92
0 554.8 116.991 300 92
0 554.8 117.141 300 92
0 554.8 117.277 300 92
0 554.8 117.396 300 92
0 554.8 117.611 300 92
0 554.8 117.783 300 92
0 554.8 117.905 300 92
0 554.8 118.058 300 92
0 554.8 118.199 300 92
0 554.8 118.329 300 92
0 554.8 118.469 300 92
0 554.8 118.684 300 92
0 554.8 118.857 300 92
0 554.8 118.984 300 92
0 554.8 119.14 300 92
0 554.8 119.262 300 92
0 554.8 119.399 300 92
0 554.8 119.564 300 92
0 554.8 119.692 300 92
0 554.8 119.876 300 92
0 554.8 120.005 300 92
0 554.8 120.14 300 92
0 554.8 120.291 300 92
0 554.8 120.445 300 92
0 554.8 120.616 300 92
0 554.8 120.739 300 92
0 554.8 120.894 300 92
0 554.8 121.022 300 92
0 554.8 121.17 300 92
0 554.8 121.299 300 92
0 554.8 121.415 300 92
0 554.8 121.605 300 92
0 554.8 121.77 300 92
0 554.8 121.925 300 92
0 554.8 122.049 300 92
0 554.8 122.246 300 92
0 554.8 122.358 300 92
0 554.8 122.487 300 92
0 554.8 122.653 300 92
0 554.8 122.873 300 92
0 554.8 122.994 300 92
0 554.8 123.13 300 92
0 554.8 123.219 300 92
0 554.8 123.302 300 92
0 554.8 123.413 300 92
0 554.8 123.53 300 92
0 554.8 123.65 300 92
0 554.8 123.794 300 92
0 554.8 123.918 300 92
0 554.8 124.034 300 92
0 554.8 124.17 300 92
0 554.8 124.311 300 92
0 554.8 124.447 300 92
0 554.8 124.528 300 92
0 554.8 124.635 300 92
0 554.8 124.727 300 92
0 554.8 124.859 300 92
0 554.8 124.98 300 92
0 554.8 125.11 300 92
0 554.8 125.223 300 92
0 554.8 125.363 300 92
0 554.8 125.506 300 92
0 554.8 125.654 300 92
0 554.8 125.774 300 92
0 554.8 125.96 300 92
0 554.8 126.12 300 92
0 554.8 126.298 300 92
0 554.8 126.442 300 92
0 554.8 126.648 300 92
0 554.8 126.767 300 92
0 554.8 126.932 300 92
0 554.8 127.067 300 92
0 554.8 127.256 300 92
0 554.8 127.374 300 92
0 554.8 127.5 300 92
0 554.8 127.624 300 92
0 554.8 127.887 300 92
0 554.8 128.024 300 92
0 554.8 128.145 300 92
0 554.8 128.265 300 92
0 554.8 128.371 300 92
0 554.8 128.506 300 92
0 554.8 128.682 300 92
0 554.8 128.816 300 92
0 554.8 128.992 300 92
0 554.8 129.146 300 92
0 554.8 129.239 300 92
0 554.8 129.421 300 92
0 554.8 129.606 300 92
0 554.8 129.765 300 92
0 554.8 129.925 300 92
0 554.8 130.079 300 92
0 554.8 130.324 300 92
0 554.8 130.495 300 92
0 554.8 130.671 300 92
0 554.8 130.805 300 92
0 554.8 130.987 300 92
0 554.8 131.116 300 92
0 554.8 131.268 300 92
0 554.8 131.372 300 92
0 554.8 131.481 300 92
0 554.8 131.608 300 92
0 554.8 131.752 300 92
0 554.8 131.878 300 92
0 554.8 132.01 300 92
0 554.8 132.131 300 92
0 554.8 132.206 300 92
0 554.8 132.348 300 92
0 554.8 132.479 300 92
0 554.8 132.611 300 92
0 554.8 132.745 300 92
0 554.8 132.885 300 92
0 554.8 133.022 300 92
0 554.8 133.177 300 92
0 554.8 133.321 300 92
0 554.8 133.44 300 92
0 554.8 133.575 300 92
0 554.8 133.695 300 92
0 554.8 133.89 300 92
0 554.8 134.013 300 92
0 554.8 134.185 300 92
0 554.8 134.445 300 92
0 554.8 134.581 300 92
0 554.8 134.765 300 92
0 554.8 134.905 300 92
0 554.8 135.113 300 92
0 554.8 135.27 300 92
0 554.8 135.395 300 92
0 554.8 135.487 300 92
0 554.8 135.622 300 92
0 554.8 135.832 300 92
0 554.8 135.958 300 92
0 554.8 136.151 300 92
0 554.8 136.321 300 92
0 554.8 136.53 300 92
0 554.8 136.722 300 92
0 554.8 136.903 300 92
0 554.8 137.024 300 92
0 554.8 137.17 300 92
0 554.8 137.309 300 92
0 554.8 137.436 300 92
0 554.8 137.585 300 92
0 554.8 137.744 300 92
0 554.8 137.875 300 92
0 554.8 138.004 300 92
0 554.8 138.209 300 92
0 554.8 138.42 300 92
0 554.8 138.569 300 92
0 554.8 138.711 300 92
0 554.8 138.847 300 92
0 554.8 138.967 300 92
0 554.8 139.091 300 92
0 554.8 139.23 300 92
0 554.8 139.361 300 92
0 554.8 139.509 300 92
0 554.8 139.644 300 92
0 554.8 139.771 300 92
0 554.8 139.935 300 92
0 554.8 140.055 300 92
0 554.8 140.203 300 92
0 554.8 140.308 300 92
0 554.8 140.525 300 92
0 554.8 140.742 300 92
0 554.8 140.88 300 92
0 554.8 141.035 300 92
0 554.8 141.161 300 92
0 554.8 141.245 300 92
0 554.8 141.364 300 92
0 554.8 141.561 300 92
0 554.8 141.737 300 92
0 554.8 141.881 300 92
0 554.8 142.084 300 92
0 554.8 142.249 300 92
0 554.8 142.373 300 92
0 554.8 142.531 300 92
0 554.8 142.691 300 92
0 554.8 142.766 300 92
0 554.8 142.896 300 92
0 554.8 143.026 300 92
0 554.8 143.14 300 92
0 554.8 143.232 300 92
0 554.8 143.363 300 92
0 554.8 143.496 300 92
0 554.8 143.645 300 92
0 554.8 143.773 300 92
0 554.8 143.929 300 92
0 554.8 144.057 300 92
0 554.8 144.175 300 92
0 554.8 144.303 300 92
0 554.8 144.469 300 92
0 554.8 144.626 300 92
0 554.8 144.766 300 92
0 554.8 144.89 300 92
0 554.8 145.032 300 92
0 554.8 145.166 300 92
0 554.8 145.341 300 92
0 554.8 145.522 300 92
0 554.8 145.647 300 92
0 554.8 145.782 300 92
0 554.8 145.936 300 92
0 554.8 146.105 300 92
0 554.8 146.275 300 92
0 554.8 146.425 300 92
0 554.8 146.578 300 92
0 554.8 146.685 300 92
0 554.8 146.809 300 92
0 554.8 146.926 300 92
0 554.8 147.064 300 92
0 554.8 147.149 300 92
0 554.8 147.235 300 92
0 554.8 147.312 300 92
0 554.8 147.449 300 92
0 554.8 147.528 300 92
0 554.8 147.698 300 92
0 554.8 147.902 300 92
0 554.8 148.033 300 92
0 554.8 148.17 300 92
0 554.8 148.419 300 92
0 554.8 148.593 300 92
0 554.8 148.727 300 92
0 554.8 148.862 300 92
0 554.8 148.998 300 92
0 554.8 149.224 300 92
0 554.8 149.299 300 92
0 554.8 149.431 300 92
0 554.8 149.573 300 92
0 554.8 149.717 300 92
0 554.8 149.902 300 92
0 554.8 150.078 300 92
0 554.8 150.271 300 92
0 554.8 150.424 300 92
0 554.8 150.536 300 92
0 554.8 150.668 300 92
0 554.8 150.885 300 92
0 554.8 151.025 300 92
0 554.8 151.165 300 92
0 554.8 151.298 300 92
0 554.8 151.435 300 92
0 554.8 151.832 300 92
0 554.8 152.015 300 92
0 554.8 152.226 300 92
0 554.8 152.372 300 92
0 554.8 152.523 300 92
0 554.8 152.65 300 92
0 554.8 152.786 300 92
0 554.8 152.95 300 92
0 554.8 153.091 300 92
0 554.8 153.237 300 92
0 554.8 153.345 300 92
0 554.8 153.503 300 92
0 554.8 153.678 300 92
0 554.8 153.814 300 92
0 554.8 153.945 300 92
0 554.8 154.079 300 92
0 554.8 154.22 300 92
0 554.8 154.342 300 92
0 554.8 154.587 300 92
0 554.8 154.766 300 92
0 554.8 154.895 300 92
0 554.8 155.017 300 92
0 554.8 155.231 300 92
0 554.8 155.449 300 92
0 554.8 155.611 300 92
0 554.8 155.745 300 92
0 554.8 155.895 300 92
0 554.8 156.031 300 92
0 554.8 156.202 300 92
0 554.8 156.336 300 92
0 554.8 156.489 300 92
0 554.8 156.619 300 92
0 554.8 156.739 300 92
0 554.8 156.856 300 92
0 554.8 157.02 300 92
0 554.8 157.166 300 92
0 554.8 157.327 300 92
0 554.8 157.464 300 92
0 554.8 157.638 300 92
0 554.8 157.795 300 92
0 554.8 157.922 300 92
0 554.8 158.055 300 92
0 554.8 158.203 300 92
0 554.8 158.338 300 92
0 554.8 158.47 300 92
0 554.8 158.617 300 92
0 554.8 158.767 300 92
0 554.8 158.927 300 92
0 554.8 159.076 300 92
0 554.8 159.163 300 92
0 554.8 159.307 300 92
0 554.8 159.425 300 92
0 554.8 159.557 300 92
0 554.8 159.711 300 92
0 554.8 159.976 300 92
0 554.8 160.106 300 92
0 554.8 160.235 300 92
0 554.8 160.357 300 92
0 554.8 160.541 300 92
0 554.8 160.688 300 92
0 554.8 160.846 300 92
0 554.8 160.987 300 92
0 554.8 161.132 300 92
0 554.8 161.343 300 92
0 554.8 161.466 300 92
0 554.8 161.572 300 92
0 554.8 161.653 300 92
0 554.8 161.779 300 92
0 554.8 161.857 300 92
0 554.8 162.002 300 92
0 554.8 162.149 300 92
0 554.8 162.292 300 92
0 554.8 162.438 300 92
0 554.8 162.612 300 92
0 554.8 162.979 300 92
0 554.8 163.139 300 92
0 554.8 163.228 300 92
0 554.8 163.416 300 92
0 554.8 163.563 300 92
0 554.8 163.792 300 92
0 554.8 163.964 300 92
0 554.8 164.099 300 92
0 554.8 164.239 300 92
0 554.8 164.465 300 92
0 554.8 164.666 300 92
0 554.8 164.799 300 92
0 554.8 164.917 300 92
0 554.8 165.041 300 92
0 554.8 165.141 300 92
0 554.8 165.29 300 92
0 554.8 165.431 300 92
0 554.8 165.559 300 92
0 554.8 165.699 300 92
0 554.8 165.833 300 92
0 554.8 165.968 300 92
0 554.8 166.179 300 92
0 554.8 166.265 300 92
0 554.8 166.365 300 92
0 554.8 166.464 300 92
0 554.8 166.566 300 92
0 554.8 166.713 300 92
0 554.8 166.806 300 92
0 554.8 166.908 300 92
0 554.8 167.001 300 92
0 554.8 167.11 300 92
0 554.8 167.218 300 92
0 554.8 167.31 300 92
0 554.8 167.435 300 92
0 554.8 167.568 300 92
0 554.8 167.653 300 92
0 554.8 167.769 300 92
0 554.8 167.863 300 92
0 554.8 167.961 300 92
0 554.8 168.083 300 92
0 554.8 168.223 300 92
0 554.8 168.424 300 92
0 554.8 168.544 300 92
0 554.8 168.712 300 92
0 554.8 168.842 300 92
0 554.8 169.061 300 92
0 554.8 169.146 300 92
0 554.8 169.319 300 92
0 554.8 169.473 300 92
0 554.8 169.599 300 92
0 554.8 169.719 300 92
0 554.8 169.844 300 92
0 554.8 169.981 300 92
0 554.8 170.138 300 92
0 554.8 170.258 300 92
0 554.8 170.437 300 92
0 554.8 170.576 300 92
0 554.8 170.702 300 92
0 554.8 170.872 300 92
0 554.8 171.012 300 92
0 554.8 171.174 300 92
0 554.8 171.341 300 92
0 554.8 171.47 300 92
0 554.8 171.634 300 92
0 554.8 171.867 300 92
0 554.8 172.094 300 92
0 554.8 172.312 300 92
0 554.8 172.492 300 92
0 554.8 172.625 300 92
0 554.8 172.761 300 92
0 554.8 172.905 300 92
0 554.8 173.023 300 92
0 554.8 173.162 300 92
0 554.8 173.273 300 92
0 554.8 173.392 300 92
0 554.8 173.522 300 92
0 554.8 173.749 300 92
0 554.8 173.906 300 92
0 554.8 174.044 300 92
0 554.8 174.265 300 92
0 554.8 174.393 300 92
0 554.8 174.526 300 92
0 554.8 174.737 300 92
0 554.8 174.981 300 92
0 554.8 175.095 300 92
0 554.8 175.215 300 92
0 554.8 175.347 300 92
0 554.8 175.513 300 92
0 554.8 175.685 300 92
0 554.8 175.829 300 92
0 554.8 176.073 300 92
0 554.8 176.246 300 92
0 554.8 176.381 300 92
0 554.8 176.541 300 92
0 554.8 176.67 300 92
0 554.8 176.845 300 92
0 554.8 176.982 300 92
0 554.8 177.108 300 92
0 554.8 177.412 300 92
0 554.8 177.574 300 92
0 554.8 177.779 300 92
0 554.8 177.916 300 92
0 554.8 178.042 300 92
0 554.8 178.157 300 92
0 554.8 178.254 300 92
0 554.8 178.338 300 92
0 554.8 178.426 300 92
0 554.8 178.528 300 92
0 554.8 178.63 300 92
0 554.8 178.699 300 92
0 554.8 178.799 300 92
0 554.8 178.997 300 92
0 554.8 179.119 300 92
0 554.8 179.25 300 92
0 554.8 179.49 300 92
0 554.8 179.695 300 92
0 554.8 179.822 300 92
0 554.8 179.965 300 92
0 554.8 180.104 300 92
0 554.8 180.247 300 92
0 554.8 180.338 300 92
0 554.8 180.464 300 92
0 554.8 180.603 300 92
0 554.8 180.828 300 92
0 554.8 180.967 300 92
0 554.8 181.09 300 92
0 554.8 181.351 300 92
0 554.8 181.53 300 92
0 554.8 181.685 300 92
0 554.8 181.802 300 92
0 554.8 181.994 300 92
0 554.8 182.122 300 92
0 554.8 182.254 300 92
0 554.8 182.399 300 92
0 554.8 182.579 300 92
0 554.8 182.676 300 92
0 554.8 182.802 300 92
0 554.8 182.921 300 92
0 554.8 183.095 300 92
0 554.8 183.221 300 92
0 554.8 183.407 300 92
0 554.8 183.563 300 92
0 554.8 183.752 300 92
0 554.8 183.889 300 92
0 554.8 184.031 300 92
0 554.8 184.217 300 92
0 554.8 184.349 300 92
0 554.8 184.511 300 92
0 554.8 184.733 300 92
0 554.8 184.939 300 92
0 554.8 185.083 300 92
0 554.8 185.187 300 92
0 554.8 185.389 300 92
0 554.8 185.556 300 92
0 554.8 185.732 300 92
0 554.8 185.915 300 92
0 554.8 186.046 300 92
0 554.8 186.327 300 92
0 554.8 186.439 300 92
0 554.8 186.669 300 92
0 554.8 186.808 300 92
0 554.8 186.934 300 92
0 554.8 187.076 300 92
0 554.8 187.233 300 92
0 554.8 187.396 300 92
0 554.8 187.533 300 92
0 554.8 187.654 300 92
0 554.8 187.778 300 92
0 554.8 187.915 300 92
0 554.8 188.023 300 92
0 554.8 188.192 300 92
0 554.8 188.353 300 92
0 554.8 188.492 300 92
0 554.8 188.616 300 92
0 554.8 188.795 300 92
0 554.8 188.929 300 92
0 554.8 189.014 300 92
0 554.8 189.131 300 92
0 554.8 189.285 300 92
0 554.8 189.396 300 92
0 554.8 189.522 300 92
0 554.8 189.657 300 92
0 554.8 189.78 300 92
0 554.8 189.95 300 92
0 554.8 190.064 300 92
0 554.8 190.203 300 92
0 554.8 190.387 300 92
0 554.8 190.56 300 92
0 554.8 190.685 300 92
0 554.8 190.801 300 92
0 554.8 190.971 300 92
0 554.8 191.07 300 92
0 554.8 191.194 300 92
0 554.8 191.385 300 92
0 554.8 191.52 300 92
0 554.8 191.65 300 92
0 554.8 191.786 300 92
0 554.8 191.874 300 92
0 554.8 192.089 300 92
0 554.8 192.207 300 92
0 554.8 192.336 300 92
0 554.8 192.482 300 92
0 549.2 192.497 92
0 549.2 192.599 300 92
0 549.2 192.735 300 92
0 549.2 192.851 300 92
0 549.2 192.992 300 92
0 549.2 193.168 300 92
0 549.2 193.313 300 92
0 549.2 193.444 300 92
0 549.2 193.621 300 92
0 549.2 193.75 300 92
0 549.2 193.887 300 92
0 549.2 194.031 300 92
0 549.2 194.134 300 92
0 549.2 194.253 300 92
0 549.2 194.437 300 92
0 549.2 194.562 300 92
0 549.2 194.713 300 92
0 549.2 194.852 300 92
0 549.2 195.043 300 92
0 549.2 195.238 300 92
0 549.2 195.401 300 92
0 549.2 195.546 300 92
0 549.2 195.681 300 92
0 549.2 195.806 300 92
0 549.2 195.952 300 92
0 549.2 196.091 300 92
0 549.2 196.254 300 92
0 549.2 196.469 300 92
0 549.2 196.599 300 92
0 549.2 196.748 300 92
0 549.2 196.941 300 92
0 549.2 197.065 300 92
0 549.2 197.199 300 92
0 549.2 197.373 300 92
0 549.2 197.51 300 92
0 549.2 197.656 300 92
0 549.2 197.828 300 92
0 549.2 197.962 300 92
0 549.2 198.123 300 92
0 549.2 198.346 300 92
0 549.2 198.48 300 92
0 549.2 198.608 300 92
0 549.2 198.734 300 92
0 549.2 198.852 300 92
0 549.2 199.078 300 92
0 549.2 199.344 300 92
0 549.2 199.468 300 92
0 549.2 199.604 300 92
0 549.2 199.686 300 92
0 549.2 199.864 300 92
0 549.2 200 300 92
0 549.2 200.136 300 92
0 549.2 200.275 300 92
0 549.2 200.395 300 92
0 549.2 200.525 300 92
0 549.2 200.656 300 92
0 549.2 200.787 300 92
0 549.2 200.908 300 92
0 549.2 201.055 300 92
0 549.2 201.147 300 92
0 549.2 201.242 300 92
0 549.2 201.338 300 92
0 549.2 201.44 300 92
0 549.2 201.572 300 92
0 549.2 201.629 300 92
0 549.2 201.783 300 92
0 549.2 201.874 300 92
0 549.2 201.956 300 92
0 549.2 202.053 300 92
0 549.2 202.15 300 92
0 549.2 202.252 300 92
0 549.2 202.337 300 92
0 549.2 202.435 300 92
0 549.2 202.556 300 92
0 549.2 202.697 300 92
0 549.2 202.78 300 92
0 549.2 202.913 300 92
0 549.2 203.101 300 92
0 549.2 203.329 300 92
0 549.2 203.451 300 92
0 549.2 203.635 300 92
0 549.2 203.771 300 92
0 549.2 203.932 300 92
0 549.2 204.102 300 92
0 549.2 204.234 300 92
0 549.2 204.4 300 92
0 549.2 204.536 300 92
0 549.2 204.658 300 92
0 549.2 204.777 300 92
0 549.2 204.938 300 92
0 549.2 205.149 300 92
0 549.2 205.29 300 92
0 549.2 205.524 300 92
0 549.2 205.674 300 92
0 549.2 205.831 300 92
0 549.2 205.971 300 92
0 549.2 206.18 300 92
0 549.2 206.344 300 92
0 549.2 206.461 300 92
0 549.2 206.581 300 92
0 549.2 206.727 300 92
0 549.2 206.82 300 92
0 549.2 206.942 300 92
0 549.2 207.074 300 92
0 549.2 207.222 300 92
0 549.2 207.445 300 92
0 549.2 207.585 300 92
0 549.2 207.78 300 92
0 549.2 207.865 300 92
0 549.2 208.002 300 92
0 549.2 208.155 300 92
0 549.2 208.281 300 92
0 549.2 208.424 300 92
0 549.2 208.603 300 92
0 549.2 208.754 300 92
0 549.2 208.973 300 92
0 549.2 209.129 300 92
0 549.2 209.268 300 92
0 549.2 209.45 300 92
0 549.2 209.589 300 92
0 549.2 209.727 300 92
0 549.2 209.863 300 92
0 549.2 210.012 300 92
0 549.2 210.169 300 92
0 549.2 210.397 300 92
0 549.2 210.562 300 92
0 549.2 210.654 300 92
0 549.2 210.743 300 92
0 549.2 210.826 300 92
0 549.2 210.916 300 92
0 549.2 211.012 300 92
0 549.2 211.16 300 92
0 549.2 211.281 300 92
0 549.2 211.479 300 92
0 549.2 211.583 300 92
0 549.2 211.678 300 92
0 549.2 211.778 300 92
0 549.2 211.906 300 92
0 549.2 212 300 92
0 549.2 212.104 300 92
0 549.2 212.2 300 92
0 549.2 212.293 300 92
0 549.2 212.386 300 92
0 549.2 212.478 300 92
0 549.2 212.574 300 92
0 549.2 212.688 300 92
0 549.2 212.79 300 92
0 549.2 212.886 300 92
0 549.2 212.977 300 92
0 549.2 213.068 300 92
0 549.2 213.178 300 92
0 549.2 213.275 300 92
0 549.2 213.394 300 92
0 549.2 213.486 300 92
0 549.2 213.58 300 92
0 549.2 213.678 300 92
0 549.2 213.775 300 92
0 549.2 213.895 300 92
0 549.2 213.98 300 92
0 549.2 214.065 300 92
0 549.2 214.122 300 92
0 549.2 214.223 300 92
0 549.2 214.328 300 92
0 549.2 214.398 300 92
0 549.2 214.499 300 92
0 549.2 214.591 300 92
0 549.2 214.68 300 92
0 549.2 214.777 300 92
0 549.2 214.91 300 92
0 549.2 215.036 300 92
0 549.2 215.14 300 92
0 549.2 215.264 300 92
0 549.2 215.359 300 92
0 549.2 215.454 300 92
0 549.2 215.539 300 92
0 549.2 215.647 300 92
0 549.2 215.776 300 92
0 549.2 215.908 300 92
0 549.2 216.003 300 92
0 549.2 216.134 300 92
0 549.2 216.189 300 92
0 549.2 216.292 300 92
0 549.2 216.435 300 92
0 549.2 216.594 300 92
0 549.2 216.685 300 92
0 549.2 216.832 300 92
0 549.2 216.936 300 92
0 549.2 217.026 300 92
0 549.2 217.122 300 92
0 549.2 217.204 300 92
0 549.2 217.294 300 92
0 549.2 217.404 300 92
0 549.2 217.466 300 92
0 549.2 217.566 300 92
0 549.2 217.676 300 92
0 549.2 217.772 300 92
0 549.2 217.873 300 92
0 549.2 217.973 300 92
0 549.2 218.08 300 92
0 549.2 218.203 300 92
0 549.2 218.31 300 92
0 549.2 218.417 300 92
0 549.2 218.547 300 92
0 549.2 218.822 300 92
0 549.2 219.023 300 92
0 549.2 219.182 300 92
0 549.2 219.328 300 92
0 549.2 219.487 300 92
0 549.2 219.619 300 92
0 549.2 219.811 300 92
0 549.2 220.011 300 92
0 549.2 220.154 300 92
0 549.2 220.304 300 92
0 549.2 220.464 300 92
0 549.2 220.562 300 92
0 549.2 220.714 300 92
0 549.2 220.841 300 92
0 549.2 220.949 300 92
0 549.2 221.104 300 92
0 549.2 221.247 300 92
0 549.2 221.391 300 92
0 549.2 221.579 300 92
0 549.2 221.754 300 92
0 549.2 221.913 300 92
0 549.2 222.075 300 92
0 549.2 222.234 300 92
0 549.2 222.426 300 92
0 549.2 222.569 300 92
0 549.2 222.718 300 92
0 549.2 222.862 300 92
0 549.2 223.082 300 92
0 549.2 223.27 300 92
0 549.2 223.403 300 92
0 549.2 223.536 300 92
0 549.2 223.634 300 92
0 549.2 223.746 300 92
0 549.2 223.841 300 92
0 549.2 223.936 300 92
0 549.2 224.009 300 92
0 549.2 224.099 300 92
0 549.2 224.223 300 92
0 549.2 224.362 300 92
0 549.2 224.617 300 92
0 549.2 224.953 300 92
0 549.2 225.089 300 92
0 549.2 225.216 300 92
0 549.2 225.311 300 92
0 549.2 225.423 300 92
0 549.2 225.557 300 92
0 549.2 225.692 300 92
0 549.2 225.842 300 92
0 549.2 226.033 300 92
0 549.2 226.22 300 92
0 549.2 226.356 300 92
0 549.2 226.507 300 92
0 549.2 226.729 300 92
0 549.2 226.965 300 92
0 549.2 227.223 300 92
0 549.2 227.374 300 92
0 549.2 227.52 300 92
0 549.2 227.671 300 92
0 549.2 227.88 300 92
0 549.2 228.021 300 92
0 549.2 228.152 300 92
0 549.2 228.234 300 92
0 549.2 228.379 300 92
0 549.2 228.529 300 92
0 549.2 228.67 300 92
0 549.2 228.818 300 92
0 549.2 228.911 300 92
0 549.2 229.067 300 92
0 549.2 229.197 300 92
0 549.2 229.328 300 92
0 549.2 229.467 300 92
0 549.2 229.609 300 92
0 549.2 229.81 300 92
0 549.2 229.949 300 92
0 549.2 230.09 300 92
0 549.2 230.228 300 92
0 549.2 230.377 300 92
0 549.2 230.539 300 92
0 549.2 230.693 300 92
0 549.2 230.878 300 92
0 549.2 230.967 300 92
0 549.2 231.092 300 92
0 549.2 231.352 300 92
0 549.2 231.442 300 92
0 549.2 231.58 300 92
0 549.2 231.783 300 92
0 549.2 231.898 300 92
0 549.2 232.044 300 92
0 549.2 232.218 300 92
0 549.2 232.353 300 92
0 549.2 232.58 300 92
0 549.2 232.704 300 92
0 549.2 232.889 300 92
0 549.2 233.029 300 92
0 549.2 233.204 300 92
0 549.2 233.357 300 92
0 549.2 233.488 300 92
0 549.2 233.697 300 92
0 549.2 234.005 300 92
0 549.2 234.173 300 92
0 549.2 234.349 300 92
0 549.2 234.502 300 92
0 549.2 234.65 300 92
0 549.2 234.788 300 92
0 549.2 234.97 300 92
0 549.2 235.151 300 92
0 549.2 235.291 300 92
0 549.2 235.428 300 92
0 549.2 235.619 300 92
0 549.2 235.766 300 92
0 549.2 235.906 300 92
0 549.2 236.095 300 92
0 549.2 236.249 300 92
0 549.2 236.407 300 92
0 549.2 236.544 300 92
0 549.2 236.682 300 92
0 549.2 236.833 300 92
0 549.2 236.985 300 92
0 549.2 237.127 300 92
0 549.2 237.233 300 92
0 549.2 237.399 300 92
0 549.2 237.528 300 92
0 549.2 237.607 300 92
0 549.2 237.804 300 92
0 549.2 237.952 300 92
0 549.2 238.087 300 92
0 549.2 238.261 300 92
0 549.2 238.447 300 92
0 549.2 238.593 300 92
0 549.2 238.735 300 92
0 549.2 238.877 300 92
0 549.2 239.064 300 92
0 549.2 239.216 300 92
0 549.2 239.46 300 92
0 549.2 239.6 300 92
0 549.2 239.786 300 92
0 549.2 239.912 300 92
0 549.2 240.1 300 92
0 549.2 240.234 300 92
0 549.2 240.366 300 92
0 549.2 240.68 300 92
0 549.2 240.817 300 92
0 549.2 240.904 300 92
0 549.2 240.989 300 92
0 549.2 241.071 300 92
0 549.2 241.164 300 92
0 549.2 241.25 300 92
0 549.2 241.333 300 92
0 549.2 241.443 300 92
0 549.2 241.632 300 92
0 549.2 241.742 300 92
0 549.2 241.838 300 92
0 549.2 241.967 300 92
0 549.2 242.106 300 92
0 549.2 242.221 300 92
0 549.2 242.357 300 92
0 549.2 242.483 300 92
0 549.2 242.615 300 92
0 549.2 242.752 300 92
0 549.2 242.888 300 92
0 549.2 243.087 300 92
0 549.2 243.219 300 92
0 549.2 243.319 300 92
0 549.2 243.452 300 92
0 549.2 243.582 300 92
0 549.2 243.727 300 92
0 549.2 243.944 300 92
0 549.2 244.067 300 92
0 549.2 244.244 300 92
0 549.2 244.406 300 92
0 549.2 244.579 300 92
0 549.2 244.717 300 92
0 549.2 244.846 300 92
0 549.2 244.97 300 92
0 549.2 245.079 300 92
0 549.2 245.207 300 92
0 549.2 245.344 300 92
0 549.2 245.449 300 92
0 549.2 245.571 300 92
0 549.2 245.662 300 92
0 549.2 245.756 300 92
0 549.2 245.853 300 92
0 549.2 245.99 300 92
0 549.2 246.159 300 92
0 549.2 246.287 300 92
0 549.2 246.448 300 92
0 549.2 246.603 300 92
0 549.2 246.765 300 92
0 549.2 246.933 300 92
0 549.2 247.057 300 92
0 549.2 247.19 300 92
0 549.2 247.317 300 92
0 549.2 247.429 300 92
0 549.2 247.575 300 92
0 549.2 247.878 300 92
0 549.2 248.019 300 92
0 549.2 248.211 300 92
0 549.2 248.3 300 92
0 549.2 248.47 300 92
0 549.2 248.59 300 92
0 549.2 248.758 300 92
0 549.2 248.883 300 92
0 549.2 248.976 300 92
0 549.2 249.183 300 92
0 549.2 249.385 300 92
0 549.2 249.528 300 92
0 549.2 249.701 300 92
0 549.2 249.942 300 92
0 549.2 250.089 300 92
0 549.2 250.223 300 92
0 549.2 250.356 300 92
0 549.2 250.5 300 92
0 549.2 250.679 300 92
0 549.2 250.978 300 92
0 549.2 251.117 300 92
0 549.2 251.262 300 92
0 549.2 251.387 300 92
0 549.2 251.536 300 92
0 549.2 251.661 300 92
0 549.2 251.8 300 92
0 549.2 251.938 300 92
0 549.2 252.087 300 92
0 549.2 252.209 300 92
0 549.2 252.388 300 92
0 549.2 252.521 300 92
0 549.2 252.645 300 92
0 549.2 252.775 300 92
0 549.2 252.91 300 92
0 549.2 253.047 300 92
0 549.2 253.214 300 92
0 549.2 253.427 300 92
0 549.2 253.628 300 92
0 549.2 253.757 300 92
0 549.2 253.885 300 92
0 549.2 254.019 300 92
0 549.2 254.204 300 92
0 549.2 254.339 300 92
0 549.2 254.473 300 92
0 549.2 254.592 300 92
0 549.2 254.725 300 92
0 549.2 254.862 300 92
0 549.2 254.967 300 92
0 549.2 255.082 300 92
0 549.2 255.31 300 92
0 549.2 255.432 300 92
0 549.2 255.593 300 92
0 549.2 255.816 300 92
0 549.2 255.961 300 92
0 549.2 256.145 300 92
0 549.2 256.287 300 92
0 549.2 256.433 300 92
0 549.2 256.57 300 92
0 549.2 256.702 300 92
0 549.2 256.854 300 92
0 549.2 256.989 300 92
0 549.2 257.118 300 92
0 549.2 257.261 300 92
0 549.2 257.452 300 92
0 549.2 257.601 300 92
0 549.2 257.775 300 92
0 549.2 257.953 300 92
0 549.2 258.132 300 92
0 549.2 258.314 300 92
0 549.2 258.477 300 92
0 549.2 258.636 300 92
0 549.2 258.775 300 92
0 549.2 258.898 300 92
0 549.2 258.993 300 92
0 549.2 259.125 300 92
0 549.2 259.303 300 92
0 549.2 259.441 300 92
0 549.2 259.586 300 92
0 549.2 259.706 300 92
0 549.2 259.817 300 92
0 549.2 259.944 300 92
0 549.2 260.074 300 92
0 549.2 260.215 300 92
0 549.2 260.378 300 92
0 549.2 260.565 300 92
0 549.2 260.706 300 92
0 549.2 260.901 300 92
0 549.2 261.052 300 92
0 549.2 261.326 300 92
0 549.2 261.464 300 92
0 549.2 261.625 300 92
0 549.2 261.775 300 92
0 549.2 261.918 300 92
0 549.2 262.087 300 92
0 549.2 262.311 300 92
0 549.2 262.561 300 92
0 549.2 262.728 300 92
0 549.2 262.85 300 92
0 549.2 262.98 300 92
0 549.2 263.109 300 92
0 549.2 263.286 300 92
0 549.2 263.376 300 92
0 549.2 263.517 300 92
0 549.2 263.656 300 92
0 549.2 263.813 300 92
0 549.2 263.981 300 92
0 549.2 264.158 300 92
0 549.2 264.476 300 92
0 549.2 264.615 300 92
0 549.2 264.756 300 92
0 549.2 264.895 300 92
0 549.2 265.108 300 92
0 549.2 265.261 300 92
0 549.2 265.485 300 92
0 549.2 265.642 300 92
0 549.2 265.785 300 92
0 549.2 265.993 300 92
0 549.2 266.145 300 92
0 549.2 266.277 300 92
0 549.2 266.448 300 92
0 549.2 266.578 300 92
0 549.2 266.685 300 92
0 549.2 266.964 300 92
0 549.2 267.126 300 92
0 549.2 267.222 300 92
0 549.2 267.364 300 92
0 549.2 267.508 300 92
0 549.2 267.645 300 92
0 549.2 267.777 300 92
0 549.2 268.092 300 92
0 549.2 268.231 300 92
0 549.2 268.38 300 92
0 549.2 268.593 300 92
0 549.2 268.822 300 92
0 549.2 268.917 300 92
0 549.2 269.093 300 92
0 549.2 269.191 300 92
0 549.2 269.325 300 92
0 549.2 269.492 300 92
0 549.2 269.626 300 92
0 549.2 269.73 300 92
0 549.2 269.863 300 92
0 549.2 269.985 300 92
0 549.2 270.183 300 92
0 549.2 270.327 300 92
0 549.2 270.528 300 92
0 549.2 270.837 300 92
0 549.2 270.956 300 92
0 549.2 271.08 300 92
0 549.2 271.208 300 92
0 549.2 271.389 300 92
0 549.2 271.555 300 92
0 549.2 271.727 300 92
0 549.2 271.861 300 92
0 549.2 272.096 300 92
0 549.2 272.278 300 92
0 549.2 272.511 300 92
0 549.2 272.67 300 92
0 549.2 272.917 300 92
0 549.2 273.072 300 92
0 549.2 273.256 300 92
0 549.2 273.388 300 92
0 549.2 273.526 300 92
0 549.2 273.679 300 92
0 549.2 273.883 300 92
0 549.2 274.023 300 92
0 549.2 274.146 300 92
0 549.2 274.298 300 92
0 549.2 274.43 300 92
0 549.2 274.569 300 92
0 549.2 274.705 300 92
0 549.2 274.853 300 92
0 549.2 275.089 300 92
0 549.2 275.247 300 92
0 549.2 275.393 300 92
0 549.2 275.526 300 92
0 549.2 275.628 300 92
0 549.2 275.817 300 92
0 549.2 276.002 300 92
0 549.2 276.088 300 92
0 549.2 276.19 300 92
0 549.2 276.388 300 92
0 549.2 276.515 300 92
0 549.2 276.648 300 92
0 549.2 276.749 300 92
0 549.2 276.895 300 92
0 549.2 277.009 300 92
0 549.2 277.163 300 92
0 549.2 277.403 300 92
0 549.2 277.552 300 92
0 549.2 277.743 300 92
0 549.2 277.882 300 92
0 549.2 278.022 300 92
0 549.2 278.148 300 92
0 549.2 278.29 300 92
0 549.2 278.505 300 92
0 549.2 278.708 300 92
0 549.2 278.862 300 92
0 549.2 278.997 300 92
0 549.2 279.129 300 92
0 549.2 279.282 300 92
0 549.2 279.462 300 92
0 549.2 279.607 300 92
0 549.2 279.741 300 92
0 549.2 279.919 300 92
0 549.2 280.054 300 92
0 549.2 280.214 300 92
0 549.2 280.381 300 92
0 549.2 280.647 300 92
0 549.2 280.844 300 92
0 549.2 280.935 300 92
0 549.2 281.08 300 92
0 549.2 281.201 300 92
0 549.2 281.321 300 92
0 549.2 281.551 300 92
0 549.2 281.789 300 92
0 549.2 281.93 300 92
0 549.2 282.083 300 92
0 549.2 282.31 300 92
0 549.2 282.408 300 92
0 549.2 282.506 300 92
0 549.2 282.596 300 92
0 549.2 282.656 300 92
0 549.2 282.746 300 92
0 549.2 282.866 300 92
0 549.2 282.955 300 92
0 549.2 283.046 300 92
0 549.2 283.138 300 92
0 549.2 283.235 300 92
0 549.2 283.333 300 92
0 549.2 283.421 300 92
0 549.2 283.516 300 92
0 549.2 283.603 300 92
0 549.2 283.696 300 92
0 549.2 283.943 300 92
0 549.2 284.089 300 92
0 549.2 284.231 300 92
0 549.2 284.477 300 92
0 549.2 284.658 300 92
0 549.2 284.79 300 92
0 549.2 284.923 300 92
0 549.2 285.054 300 92
0 549.2 285.23 300 92
0 549.2 285.382 300 92
0 549.2 285.548 300 92
0 549.2 285.67 300 92
0 549.2 285.801 300 92
0 549.2 285.888 300 92
0 549.2 286.034 300 92
0 549.2 286.189 300 92
0 549.2 286.333 300 92
0 549.2 286.566 300 92
0 549.2 286.68 300 92
0 549.2 286.816 300 92
0 549.2 287.003 300 92
0 549.2 287.199 300 92
0 549.2 287.4 300 92
0 549.2 287.566 300 92
0 549.2 287.755 300 92
0 549.2 287.936 300 92
0 549.2 288.066 300 92
0 549.2 288.197 300 92
0 549.2 288.373 300 92
0 549.2 288.497 300 92
0 549.2 288.669 300 92
0 549.2 288.976 300 92
0 549.2 289.11 300 92
0 549.2 289.242 300 92
0 549.2 289.377 300 92
0 549.2 289.6 300 92
0 549.2 289.787 300 92
0 549.2 289.937 300 92
0 549.2 290.135 300 92
0 549.2 290.282 300 92
0 549.2 290.42 300 92
0 549.2 290.51 300 92
0 549.2 290.684 300 92
0 549.2 290.897 300 92
0 549.2 291.03 300 92
0 549.2 291.158 300 92
0 549.2 291.341 300 92
0 549.2 291.476 300 92
0 549.2 291.616 300 92
0 549.2 291.753 300 92
0 549.2 291.888 300 92
0 549.2 292.067 300 92
0 549.2 292.215 300 92
0 549.2 292.35 300 92
0 549.2 292.55 300 92
0 549.2 292.696 300 92
0 549.2 292.836 300 92
0 549.2 293.025 300 92
0 549.2 293.159 300 92
0 549.2 293.327 300 92
0 549.2 293.466 300 92
0 549.2 293.616 300 92
0 549.2 293.753 300 92
0 549.2 293.894 300 92
0 549.2 294.077 300 92
0 549.2 294.173 300 92
0 549.2 294.297 300 92
0 549.2 294.451 300 92
0 549.2 294.566 300 92
0 549.2 294.707 300 92
0 549.2 294.923 300 92
0 549.2 295.048 300 92
0 549.2 295.185 300 92
0 549.2 295.331 300 92
0 549.2 295.465 300 92
0 549.2 295.646 300 92
0 549.2 295.825 300 92
0 549.2 295.998 300 92
0 549.2 296.159 300 92
0 549.2 296.279 300 92
0 549.2 296.427 300 92
0 549.2 296.569 300 92
0 549.2 296.753 300 92
0 549.2 296.987 300 92
0 549.2 297.103 300 92
0 549.2 297.243 300 92
0 549.2 297.41 300 92
0 549.2 297.543 300 92
0 549.2 297.72 300 92
0 549.2 297.852 300 92
0 549.2 297.992 300 92
0 549.2 298.126 300 92
0 549.2 298.264 300 92
0 549.2 298.45 300 92
0 549.2 298.577 300 92
0 549.2 298.905 300 92
0 549.2 299.035 300 92
0 549.2 299.168 300 92
0 549.2 299.301 300 92
0 549.2 299.435 300 92
0 549.2 299.569 300 92
0 549.2 299.645 300 92
0 549.2 299.819 300 92
0 549.2 299.966 300 92
0 549.2 300.097 300 92
0 549.2 300.235 300 92
0 549.2 300.373 300 92
0 549.2 300.518 300 92
0 549.2 300.7 300 92
0 549.2 300.829 300 92
0 549.2 300.995 300 92
0 549.2 301.12 300 92
0 549.2 301.348 300 92
0 549.2 301.523 300 92
0 549.2 301.633 300 92
0 549.2 301.792 300 92
0 549.2 301.875 300 92
0 549.2 302.005 300 92
0 549.2 302.139 300 92
0 549.2 302.272 300 92
0 549.2 302.412 300 92
0 549.2 302.556 300 92
0 549.2 302.77 300 92
0 549.2 303.016 300 92
0 549.2 303.148 300 92
0 549.2 303.411 300 92
0 549.2 303.606 300 92
0 549.2 303.703 300 92
0 549.2 303.841 300 92
0 549.2 304.024 300 92
0 549.2 304.156 300 92
0 549.2 304.295 300 92
0 549.2 304.482 300 92
0 549.2 304.613 300 92
0 549.2 304.747 300 92
0 549.2 304.865 300 92
0 549.2 305.045 300 92
0 549.2 305.268 300 92
0 549.2 305.456 300 92
0 549.2 305.64 300 92
0 549.2 305.777 300 92
0 549.2 305.903 300 92
0 549.2 306.097 300 92
0 549.2 306.211 300 92
0 549.2 306.343 300 92
0 549.2 306.478 300 92
0 549.2 306.683 300 92
0 549.2 306.778 300 92
0 549.2 306.919 300 92
0 549.2 307.002 300 92
0 549.2 307.118 300 92
0 549.2 307.258 300 92
0 549.2 307.447 300 92
0 549.2 307.541 300 92
0 549.2 307.766 300 92
0 549.2 307.872 300 92
0 549.2 308.105 300 92
0 549.2 308.235 300 92
0 549.2 308.369 300 92
0 549.2 308.545 300 92
0 549.2 308.731 300 92
0 549.2 308.862 300 92
0 549.2 308.95 300 92
0 549.2 309.085 300 92
0 549.2 309.261 300 92
0 549.2 309.406 300 92
0 549.2 309.53 300 92
0 549.2 309.658 300 92
0 549.2 309.791 300 92
0 549.2 309.902 300 92
0 549.2 310.027 300 92
0 549.2 310.239 300 92
0 549.2 310.366 300 92
0 549.2 310.585 300 92
0 549.2 310.712 300 92
0 549.2 310.843 300 92
0 549.2 310.956 300 92
0 549.2 311.091 300 92
0 549.2 311.224 300 92
0 549.2 311.349 300 92
0 549.2 311.465 300 92
0 549.2 311.701 300 92
0 549.2 311.84 300 92
0 549.2 312.012 300 92
0 549.2 312.228 300 92
0 549.2 312.498 300 92
0 549.2 312.657 300 92
0 549.2 312.799 300 92
0 549.2 312.966 300 92
0 549.2 313.094 300 92
0 549.2 313.192 300 92
0 549.2 313.326 300 92
0 549.2 313.465 300 92
0 549.2 313.593 300 92
0 549.2 313.742 300 92
0 549.2 313.872 300 92
0 549.2 314.017 300 92
0 549.2 314.196 300 92
0 549.2 314.351 300 92
0 549.2 314.484 300 92
0 549.2 314.65 300 92
0 549.2 314.787 300 92
0 549.2 314.98 300 92
0 549.2 315.099 300 92
0 549.2 315.24 300 92
0 549.2 315.379 300 92
0 549.2 315.502 300 92
0 549.2 315.629 300 92
0 549.2 315.798 300 92
0 549.2 315.871 300 92
0 549.2 315.986 300 92
0 549.2 316.251 300 92
0 549.2 316.384 300 92
0 549.2 316.509 300 92
0 549.2 316.64 300 92
0 549.2 316.783 300 92
0 549.2 316.955 300 92
0 549.2 317.065 300 92
0 549.2 317.205 300 92
0 549.2 317.33 300 92
0 549.2 317.598 300 92
0 549.2 317.73 300 92
0 549.2 317.889 300 92
0 549.2 318.031 300 92
0 549.2 318.162 300 92
0 549.2 318.307 300 92
0 549.2 318.444 300 92
0 549.2 318.584 300 92
0 549.2 318.722 300 92
0 549.2 318.842 300 92
0 549.2 318.986 300 92
0 549.2 319.118 300 92
0 549.2 319.262 300 92
0 549.2 319.375 300 92
0 549.2 319.515 300 92
0 549.2 319.645 300 92
0 549.2 319.775 300 92
0 549.2 320.007 300 92
0 549.2 320.201 300 92
0 549.2 320.318 300 92
0 549.2 320.437 300 92
0 549.2 320.561 300 92
0 549.2 320.693 300 92
0 549.2 320.905 300 92
0 549.2 321.039 300 92
0 549.2 321.174 300 92
0 549.2 321.313 300 92
0 549.2 321.44 300 92
0 549.2 321.571 300 92
0 549.2 321.696 300 92
0 549.2 321.872 300 92
0 549.2 322.066 300 92
0 549.2 322.291 300 92
0 549.2 322.44 300 92
0 549.2 322.605 300 92
0 549.2 322.794 300 92
0 549.2 322.933 300 92
0 549.2 323.071 300 92
0 549.2 323.207 300 92
0 549.2 323.325 300 92
0 549.2 323.46 300 92
0 549.2 323.578 300 92
0 549.2 323.699 300 92
0 549.2 323.844 300 92
0 549.2 323.965 300 92
0 549.2 324.103 300 92
0 549.2 324.25 300 92
0 549.2 324.39 300 92
0 549.2 324.529 300 92
0 549.2 324.68 300 92
0 549.2 324.85 300 92
0 549.2 325.054 300 92
0 549.2 325.187 300 92
0 549.2 325.308 300 92
0 549.2 325.477 300 92
0 549.2 325.603 300 92
0 549.2 325.739 300 92
0 549.2 325.838 300 92
0 549.2 325.97 300 92
0 549.2 326.054 300 92
0 549.2 326.165 300 92
0 549.2 326.3 300 92
0 549.2 326.442 300 92
0 549.2 326.589 300 92
0 549.2 326.715 300 92
0 549.2 326.852 300 92
0 549.2 326.966 300 92
0 549.2 327.098 300 92
0 549.2 327.244 300 92
0 549.2 327.38 300 92
0 549.2 327.521 300 92
0 549.2 327.663 300 92
0 549.2 327.884 300 92
0 549.2 328.017 300 92
0 549.2 328.229 300 92
0 549.2 328.353 300 92
0 549.2 328.642 300 92
0 549.2 328.777 300 92
0 549.2 328.895 300 92
0 549.2 329.027 300 92
0 549.2 329.155 300 92
0 549.2 329.277 300 92
0 549.2 329.444 300 92
0 549.2 329.567 300 92
0 549.2 329.699 300 92
0 549.2 329.92 300 92
0 549.2 330.099 300 92
0 549.2 330.239 300 92
0 549.2 330.448 300 92
0 549.2 330.597 300 92
0 549.2 330.775 300 92
0 549.2 330.899 300 92
0 549.2 331.086 300 92
0 549.2 331.267 300 92
0 549.2 331.476 300 92
0 549.2 331.611 300 92
0 549.2 331.774 300 92
0 549.2 331.898 300 92
0 549.2 331.987 300 92
0 549.2 332.173 300 92
0 549.2 332.264 300 92
0 549.2 332.361 300 92
0 549.2 332.492 300 92
0 549.2 332.626 300 92
0 549.2 332.71 300 92
0 549.2 332.842 300 92
0 549.2 333.025 300 92
0 549.2 333.165 300 92
0 549.2 333.367 300 92
0 549.2 333.494 300 92
0 549.2 333.614 300 92
0 549.2 333.738 300 92
0 549.2 333.839 300 92
0 549.2 333.988 300 92
0 549.2 334.147 300 92
0 549.2 334.311 300 92
0 549.2 334.444 300 92
0 549.2 334.555 300 92
0 549.2 334.663 300 92
0 549.2 334.804 300 92
0 549.2 334.936 300 92
0 549.2 335.067 300 92
0 549.2 335.24 300 92
0 549.2 335.373 300 92
0 549.2 335.498 300 92
0 549.2 335.603 300 92
0 549.2 335.681 300 92
0 549.2 336.001 300 92
0 549.2 336.091 300 92
0 549.2 336.237 300 92
0 549.2 336.505 300 92
0 549.2 336.613 300 92
0 549.2 336.744 300 92
0 549.2 336.874 300 92
0 549.2 336.991 300 92
0 549.2 337.077 300 92
0 549.2 337.244 300 92
0 549.2 337.455 300 92
0 549.2 337.632 300 92
0 549.2 337.766 300 92
0 549.2 337.902 300 92
0 549.2 338.045 300 92
0 549.2 338.166 300 92
0 549.2 338.373 300 92
0 549.2 338.516 300 92
0 549.2 338.761 300 92
0 549.2 338.969 300 92
0 549.2 339.06 300 92
0 549.2 339.169 300 92
0 549.2 339.294 300 92
0 549.2 339.468 300 92
0 549.2 339.617 300 92
0 549.2 339.765 300 92
0 549.2 339.917 300 92
0 549.2 340.054 300 92
0 549.2 340.202 300 92
0 549.2 340.405 300 92
0 549.2 340.544 300 92
0 549.2 340.671 300 92
0 549.2 340.804 300 92
0 549.2 340.938 300 92
0 549.2 341.098 300 92
0 549.2 341.219 300 92
0 549.2 341.372 300 92
0 549.2 341.505 300 92
0 549.2 341.593 300 92
0 549.2 341.747 300 92
0 549.2 341.889 300 92
0 549.2 342.032 300 92
0 549.2 342.246 300 92
0 549.2 342.393 300 92
0 549.2 342.513 300 92
0 549.2 342.66 300 92
0 549.2 342.849 300 92
0 549.2 343.006 300 92
0 549.2 343.121 300 92
0 549.2 343.257 300 92
0 549.2 343.432 300 92
0 549.2 343.565 300 92
0 549.2 343.73 300 92
0 549.2 343.875 300 92
0 549.2 344.173 300 92
0 549.2 344.304 300 92
0 549.2 344.44 300 92
0 549.2 344.605 300 92
0 549.2 344.779 300 92
0 549.2 344.908 300 92
0 549.2 345.061 300 92
0 549.2 345.148 300 92
0 549.2 345.285 300 92
0 549.2 345.435 300 92
0 549.2 345.582 300 92
0 549.2 345.748 300 92
0 549.2 345.896 300 92
0 549.2 346.118 300 92
0 549.2 346.246 300 92
0 549.2 346.383 300 92
0 549.2 346.575 300 92
0 549.2 346.713 300 92
0 549.2 346.846 300 92
0 549.2 347.027 300 92
0 549.2 347.238 300 92
0 549.2 347.373 300 92
0 549.2 347.543 300 92
0 549.2 347.666 300 92
0 549.2 347.801 300 92
0 549.2 347.936 300 92
0 549.2 348.106 300 92
0 549.2 348.237 300 92
0 549.2 348.376 300 92
0 549.2 348.506 300 92
0 549.2 348.645 300 92
0 549.2 348.781 300 92
0 549.2 348.914 300 92
0 549.2 349.043 300 92
0 549.2 349.17 300 92
0 549.2 349.297 300 92
0 549.2 349.429 300 92
0 549.2 349.578 300 92
0 549.2 349.715 300 92
0 549.2 349.926 300 92
0 549.2 350.131 300 92
0 549.2 350.332 300 92
0 549.2 350.449 300 92
0 549.2 350.575 300 92
0 549.2 350.752 300 92
0 549.2 350.924 300 92
0 549.2 351.06 300 92
0 549.2 351.199 300 92
0 549.2 351.335 300 92
0 549.2 351.519 300 92
0 549.2 351.718 300 92
0 549.2 351.907 300 92
0 549.2 352.068 300 92
0 549.2 352.189 300 92
0 549.2 352.36 300 92
0 549.2 352.504 300 92
0 549.2 352.671 300 92
0 549.2 352.832 300 92
0 549.2 352.968 300 92
0 549.2 353.127 300 92
0 549.2 353.261 300 92
0 549.2 353.387 300 92
0 549.2 353.534 300 92
0 549.2 353.752 300 92
0 549.2 353.988 300 92
0 549.2 354.125 300 92
0 549.2 354.304 300 92
0 549.2 354.478 300 92
0 549.2 354.632 300 92
0 549.2 354.779 300 92
0 549.2 354.889 300 92
0 549.2 355.016 300 92
0 549.2 355.158 300 92
0 549.2 355.304 300 92
0 549.2 355.431 300 92
0 549.2 355.573 300 92
0 549.2 355.693 300 92
0 549.2 355.811 300 92
0 549.2 356 300 92
0 549.2 356.091 300 92
0 549.2 356.226 300 92
0 549.2 356.385 300 92
0 549.2 356.519 300 92
0 549.2 356.697 300 92
0 549.2 356.847 300 92
0 549.2 357.026 300 92
0 549.2 357.23 300 92
0 549.2 357.373 300 92
0 549.2 357.606 300 92
0 549.2 357.749 300 92
0 549.2 358.034 300 92
0 549.2 358.17 300 92
0 549.2 358.348 300 92
0 549.2 358.476 300 92
0 549.2 358.608 300 92
0 549.2 358.837 300 92
0 549.2 359.08 300 92
0 549.2 359.239 300 92
0 549.2 359.38 300 92
0 549.2 359.529 300 92
0 549.2 359.677 300 92
0 549.2 359.894 300 92
0 549.2 360.068 300 92
0 549.2 360.201 300 92
0 549.2 360.356 300 92
0 549.2 360.505 300 92
0 549.2 360.627 300 92
0 549.2 360.753 300 92
0 549.2 360.879 300 92
0 549.2 360.962 300 92
0 549.2 361.131 300 92
0 549.2 361.261 300 92
0 549.2 361.383 300 92
0 549.2 361.526 300 92
0 549.2 361.657 300 92
0 549.2 361.782 300 92
0 549.2 361.916 300 92
0 549.2 362.011 300 92
0 549.2 362.136 300 92
0 549.2 362.26 300 92
0 549.2 362.389 300 92
0 549.2 362.55 300 92
0 549.2 362.71 300 92
0 549.2 362.892 300 92
0 549.2 363.125 300 92
0 549.2 363.255 300 92
0 549.2 363.52 300 92
0 549.2 363.633 300 92
0 549.2 363.95 300 92
0 549.2 364.093 300 92
0 549.2 364.27 300 92
0 549.2 364.401 300 92
0 549.2 364.542 300 92
0 549.2 364.708 300 92
0 549.2 364.856 300 92
0 549.2 364.986 300 92
0 549.2 365.127 300 92
0 549.2 365.273 300 92
0 549.2 365.398 300 92
0 549.2 365.523 300 92
0 549.2 365.692 300 92
0 549.2 365.825 300 92
0 549.2 366.012 300 92
0 549.2 366.158 300 92
0 549.2 366.286 300 92
0 549.2 366.402 300 92
0 549.2 366.517 300 92
0 549.2 366.659 300 92
0 549.2 366.808 300 92
0 549.2 366.926 300 92
0 549.2 367.072 300 92
0 549.2 367.208 300 92
0 549.2 367.345 300 92
0 549.2 367.477 300 92
0 549.2 367.623 300 92
0 549.2 367.794 300 92
0 549.2 367.986 300 92
0 549.2 368.197 300 92
0 549.2 368.325 300 92
0 549.2 368.464 300 92
0 549.2 368.589 300 92
0 549.2 368.762 300 92
0 549.2 368.967 300 92
0 549.2 369.142 300 92
0 549.2 369.272 300 92
0 549.2 369.404 300 92
0 549.2 369.537 300 92
0 549.2 369.734 300 92
0 549.2 369.868 300 92
0 549.2 370.017 300 92
0 549.2 370.238 300 92
0 549.2 370.37 300 92
0 549.2 370.526 300 92
0 549.2 370.772 300 92
0 549.2 370.903 300 92
0 549.2 371.053 300 92
0 549.2 371.195 300 92
0 549.2 371.332 300 92
0 549.2 371.461 300 92
0 549.2 371.593 300 92
0 549.2 371.828 300 92
0 549.2 372.013 300 92
0 549.2 372.198 300 92
0 549.2 372.377 300 92
0 549.2 372.516 300 92
0 549.2 372.649 300 92
0 549.2 372.878 300 92
0 549.2 373.023 300 92
0 549.2 373.165 300 92
0 549.2 373.286 300 92
0 549.2 373.426 300 92
0 549.2 373.518 300 92
0 549.2 373.654 300 92
0 549.2 373.827 300 92
0 549.2 373.913 300 92
0 549.2 374.095 300 92
0 549.2 374.256 300 92
0 549.2 374.439 300 92
0 549.2 374.606 300 92
0 549.2 374.751 300 92
0 549.2 374.846 300 92
0 549.2 375 300 92
0 549.2 375.106 300 92
0 549.2 375.238 300 92
0 549.2 375.374 300 92
0 549.2 375.495 300 92
0 549.2 375.622 300 92
0 549.2 375.706 300 92
0 549.2 375.842 300 92
0 549.2 375.95 300 92
0 549.2 376.121 300 92
0 549.2 376.246 300 92
0 549.2 376.394 300 92
0 549.2 376.53 300 92
0 549.2 376.685 300 92
0 549.2 376.882 300 92
0 549.2 377.125 300 92
0 549.2 377.258 300 92
0 549.2 377.357 300 92
0 549.2 377.487 300 92
0 549.2 377.643 300 92
0 549.2 377.731 300 92
0 549.2 377.948 300 92
0 549.2 378.082 300 92
0 549.2 378.186 300 92
0 549.2 378.275 300 92
0 549.2 378.376 300 92
0 549.2 378.468 300 92
0 549.2 378.531 300 92
0 549.2 378.62 300 92
0 549.2 378.71 300 92
0 549.2 378.803 300 92
0 549.2 378.892 300 92
0 549.2 379.045 300 92
0 549.2 379.173 300 92
0 549.2 379.252 300 92
0 549.2 379.346 300 92
0 549.2 379.404 300 92
0 549.2 379.497 300 92
0 549.2 379.59 300 92
0 549.2 379.683 300 92
0 549.2 379.774 300 92
0 549.2 379.865 300 92
0 549.2 380.013 300 92
0 549.2 380.101 300 92
0 549.2 380.184 300 92
0 549.2 380.279 300 92
0 549.2 380.399 300 92
0 549.2 380.494 300 92
0 549.2 380.596 300 92
0 549.2 380.688 300 92
0 549.2 380.791 300 92
0 549.2 380.892 300 92
0 549.2 381.007 300 92
0 549.2 381.14 300 92
0 549.2 381.283 300 92
0 549.2 381.459 300 92
0 549.2 381.543 300 92
0 549.2 381.681 300 92
0 549.2 381.94 300 92
0 549.2 382.08 300 92
0 549.2 382.218 300 92
0 549.2 382.447 300 92
0 549.2 382.576 300 92
0 549.2 382.761 300 92
0 549.2 382.897 300 92
0 549.2 383.09 300 92
0 549.2 383.284 300 92
0 549.2 383.508 300 92
0 549.2 383.633 300 92
0 549.2 383.751 300 92
0 549.2 383.923 300 92
0 549.2 384.068 300 92
0 549.2 384.213 300 92
0 549.2 384.417 300 92
0 549.2 384.557 300 92
0 549.2 384.726 300 92
0 549.2 384.901 300 92
0 549.2 385.125 300 92
0 549.2 385.255 300 92
0 549.2 385.441 300 92
0 549.2 385.576 300 92
0 549.2 385.717 300 92
0 549.2 385.854 300 92
0 549.2 385.984 300 92
0 549.2 386.134 300 92
0 549.2 386.281 300 92
0 549.2 386.415 300 92
0 549.2 386.553 300 92
0 549.2 386.677 300 92
0 549.2 386.775 300 92
0 549.2 386.914 300 92
0 549.2 387.056 300 92
0 549.2 387.212 300 92
0 549.2 387.354 300 92
0 549.2 387.538 300 92
0 549.2 387.666 300 92
0 549.2 387.784 300 92
0 549.2 387.907 300 92
0 549.2 388 300 92
0 549.2 388.139 300 92
0 549.2 388.279 300 92
0 549.2 388.479 300 92
0 549.2 388.617 300 92
0 549.2 388.803 300 92
0 549.2 389.075 300 92
0 549.2 389.214 300 92
0 549.2 389.346 300 92
0 549.2 389.5 300 92
0 549.2 389.694 300 92
0 549.2 389.831 300 92
0 549.2 390.01 300 92
0 549.2 390.149 300 92
0 549.2 390.341 300 92
0 549.2 390.475 300 92
0 549.2 390.638 300 92
0 549.2 390.769 300 92
0 549.2 390.94 300 92
0 549.2 391.084 300 92
0 549.2 391.222 300 92
0 549.2 391.366 300 92
0 549.2 391.503 300 92
0 549.2 391.592 300 92
0 549.2 391.742 300 92
0 549.2 391.873 300 92
0 549.2 392.046 300 92
0 549.2 392.18 300 92
0 549.2 392.34 300 92
0 549.2 392.523 300 92
0 549.2 392.617 300 92
0 549.2 392.778 300 92
0 549.2 392.952 300 92
0 549.2 393.06 300 92
0 549.2 393.265 300 92
0 549.2 393.408 300 92
0 549.2 393.543 300 92
0 549.2 393.665 300 92
0 549.2 393.881 300 92
0 549.2 393.999 300 92
0 549.2 394.226 300 92
0 549.2 394.364 300 92
0 549.2 394.463 300 92
0 549.2 394.612 300 92
0 549.2 394.742 300 92
0 549.2 394.883 300 92
0 549.2 395.125 300 92
0 549.2 395.226 300 92
0 549.2 395.36 300 92
0 549.2 395.514 300 92
0 549.2 395.679 300 92
0 549.2 395.824 300 92
0 549.2 396.054 300 92
0 549.2 396.209 300 92
0 549.2 396.407 300 92
0 549.2 396.531 300 92
0 549.2 396.621 300 92
0 549.2 396.83 300 92
0 549.2 397 300 92
0 549.2 397.088 300 92
0 549.2 397.227 300 92
0 549.2 397.36 300 92
0 549.2 397.487 300 92
0 549.2 397.658 300 92
0 549.2 397.835 300 92
0 549.2 397.992 300 92
0 549.2 398.127 300 92
0 549.2 398.272 300 92
0 549.2 398.422 300 92
0 549.2 398.643 300 92
0 549.2 398.784 300 92
0 549.2 398.968 300 92
0 549.2 399.13 300 92
0 549.2 399.311 300 92
0 549.2 399.49 300 92
0 549.2 399.638 300 92
0 549.2 399.728 300 92
0 549.2 399.901 300 92
0 549.2 400.069 300 92
0 549.2 400.197 300 92
0 549.2 400.359 300 92
0 549.2 400.507 300 92
0 549.2 400.642 300 92
0 549.2 400.772 300 92
0 549.2 400.926 300 92
0 549.2 401.06 300 92
0 549.2 401.208 300 92
0 549.2 401.349 300 92
0 549.2 401.492 300 92
0 549.2 401.633 300 92
0 549.2 401.774 300 92
0 549.2 401.903 300 92
0 549.2 401.994 300 92
0 549.2 402.156 300 92
0 549.2 402.287 300 92
0 549.2 402.41 300 92
0 549.2 402.556 300 92
0 549.2 402.654 300 92
0 549.2 402.79 300 92
0 549.2 403.012 300 92
0 549.2 403.149 300 92
0 549.2 403.298 300 92
0 549.2 403.434 300 92
0 549.2 403.537 300 92
0 549.2 403.669 300 92
0 549.2 403.794 300 92
0 549.2 403.987 300 92
0 549.2 404.136 300 92
0 549.2 404.339 300 92
0 549.2 404.529 300 92
0 549.2 404.674 300 92
0 549.2 404.884 300 92
0 549.2 405.006 300 92
0 549.2 405.177 300 92
0 549.2 405.322 300 92
0 549.2 405.458 300 92
0 549.2 405.602 300 92
0 549.2 405.697 300 92
0 549.2 405.828 300 92
0 549.2 405.949 300 92
0 549.2 406.091 300 92
0 549.2 406.218 300 92
0 549.2 406.35 300 92
0 549.2 406.497 300 92
0 549.2 406.713 300 92
0 549.2 406.999 300 92
0 549.2 407.146 300 92
0 549.2 407.271 300 92
0 549.2 407.388 300 92
0 549.2 407.515 300 92
0 549.2 407.656 300 92
0 549.2 407.777 300 92
0 549.2 407.909 300 92
0 549.2 408.045 300 92
0 549.2 408.176 300 92
0 549.2 408.381 300 92
0 549.2 408.508 300 92
0 549.2 408.639 300 92
0 549.2 408.776 300 92
0 549.2 408.917 300 92
0 549.2 409.007 300 92
0 549.2 409.184 300 92
0 549.2 409.334 300 92
0 549.2 409.467 300 92
0 549.2 409.608 300 92
0 549.2 409.757 300 92
0 549.2 409.923 300 92
0 549.2 410.041 300 92
0 549.2 410.22 300 92
0 549.2 410.365 300 92
0 549.2 410.511 300 92
0 549.2 410.689 300 92
0 549.2 410.845 300 92
0 549.2 410.977 300 92
0 549.2 411.114 300 92
0 549.2 411.248 300 92
0 549.2 411.379 300 92
0 549.2 411.519 300 92
0 549.2 411.64 300 92
0 549.2 411.776 300 92
0 549.2 411.867 300 92
0 549.2 412.002 300 92
0 549.2 412.127 300 92
0 549.2 412.312 300 92
0 549.2 412.438 300 92
0 549.2 412.566 300 92
0 549.2 412.697 300 92
0 549.2 412.823 300 92
0 549.2 412.955 300 92
0 549.2 413.143 300 92
0 549.2 413.274 300 92
0 549.2 413.419 300 92
0 549.2 413.555 300 92
0 549.2 413.64 300 92
0 549.2 413.77 300 92
0 549.2 413.914 300 92
0 549.2 414.053 300 92
0 549.2 414.233 300 92
0 549.2 414.382 300 92
0 549.2 414.504 300 92
0 549.2 414.635 300 92
0 549.2 414.767 300 92
0 549.2 414.891 300 92
0 549.2 415.024 300 92
0 549.2 415.148 300 92
0 549.2 415.272 300 92
0 549.2 415.422 300 92
0 549.2 415.611 300 92
0 549.2 415.773 300 92
0 549.2 415.902 300 92
0 549.2 416.076 300 92
0 549.2 416.205 300 92
0 549.2 416.425 300 92
0 549.2 416.57 300 92
0 549.2 416.698 300 92
0 549.2 416.848 300 92
0 549.2 417.028 300 92
0 549.2 417.195 300 92
0 549.2 417.351 300 92
0 549.2 417.502 300 92
0 549.2 417.592 300 92
0 549.2 417.774 300 92
0 549.2 417.991 300 92
0 549.2 418.145 300 92
0 549.2 418.269 300 92
0 549.2 418.428 300 92
0 549.2 418.557 300 92
0 549.2 418.74 300 92
0 549.2 418.889 300 92
0 549.2 419.018 300 93
0 549.2 419.16 300 93
0 549.2 419.288 300 93
0 549.2 419.515 300 93
0 549.2 419.654 300 93
0 549.2 419.804 300 93
0 549.2 419.93 300 93
0 549.2 420.153 300 93
0 549.2 420.288 300 93
0 549.2 420.434 300 93
0 549.2 420.574 300 93
0 549.2 420.687 300 93
0 549.2 420.893 300 93
0 549.2 420.977 300 93
0 549.2 421.143 300 93
0 549.2 421.266 300 93
0 549.2 421.394 300 93
0 549.2 421.619 300 93
0 549.2 421.747 300 93
0 549.2 421.967 300 93
0 549.2 422.114 300 93
0 549.2 422.29 300 93
0 549.2 422.416 300 93
0 549.2 422.572 300 93
0 549.2 422.692 300 93
0 549.2 422.818 300 93
0 549.2 422.951 300 93
0 549.2 423.172 300 93
0 549.2 423.303 300 93
0 549.2 423.452 300 93
0 549.2 423.605 300 93
0 549.2 423.717 300 93
0 549.2 423.851 300 93
0 549.2 423.979 300 93
0 549.2 424.103 300 93
0 549.2 424.195 300 93
0 549.2 424.372 300 93
0 549.2 424.57 300 93
0 549.2 424.81 300 93
0 549.2 424.978 300 93
0 549.2 425.189 300 93
0 549.2 425.359 300 93
0 549.2 425.488 300 93
0 549.2 425.657 300 93
0 549.2 425.819 300 93
0 549.2 425.934 300 93
0 549.2 426.112 300 93
0 549.2 426.266 300 93
0 549.2 426.389 300 93
0 549.2 426.543 300 93
0 549.2 426.666 300 93
0 549.2 426.8 300 93
0 549.2 426.965 300 93
0 549.2 427.106 300 93
0 549.2 427.241 300 93
0 549.2 427.374 300 93
0 549.2 427.5 300 93
0 549.2 427.611 300 93
0 549.2 427.705 300 93
0 549.2 427.838 300 93
0 549.2 427.964 300 93
0 549.2 428.139 300 93
0 549.2 428.26 300 93
0 549.2 428.389 300 93
0 549.2 428.502 300 93
0 549.2 428.636 300 93
0 549.2 428.774 300 93
0 549.2 428.895 300 93
0 549.2 429.029 300 93
0 549.2 429.149 300 93
0 549.2 429.318 300 93
0 549.2 429.449 300 93
0 549.2 429.597 300 93
0 549.2 429.715 300 93
0 549.2 429.83 300 93
0 549.2 429.964 300 93
0 549.2 430.1 300 93
0 549.2 430.21 300 93
0 549.2 430.328 300 93
0 549.2 430.479 300 93
0 549.2 430.593 300 93
0 549.2 430.709 300 93
0 549.2 430.878 300 93
0 549.2 430.998 300 93
0 549.2 431.12 300 93
0 549.2 431.236 300 93
0 549.2 431.373 300 93
0 549.2 431.665 300 93
0 549.2 431.803 300 93
0 549.2 431.945 300 93
0 549.2 432.06 300 93
0 549.2 432.192 300 93
0 549.2 432.387 300 93
0 549.2 432.507 300 93
0 549.2 432.637 300 93
0 549.2 432.76 300 93
0 549.2 432.889 300 93
0 549.2 433.005 300 93
0 549.2 433.154 300 93
0 549.2 433.288 300 93
0 549.2 433.429 300 93
0 549.2 433.57 300 93
0 549.2 433.705 300 93
0 549.2 433.839 300 93
0 549.2 433.978 300 93
0 549.2 434.191 300 93
0 549.2 434.408 300 93
0 549.2 434.551 300 93
0 549.2 434.684 300 93
0 549.2 434.804 300 93
0 549.2 434.942 300 93
0 549.2 435.067 300 93
0 549.2 435.256 300 93
0 549.2 435.413 300 93
0 549.2 435.598 300 93
0 549.2 435.72 300 93
0 549.2 435.931 300 93
0 549.2 436.057 300 93
0 549.2 436.196 300 93
0 549.2 436.325 300 93
0 549.2 436.456 300 93
0 549.2 436.62 300 93
0 549.2 436.76 300 93
0 549.2 436.88 300 93
0 549.2 437.016 300 93
0 549.2 437.18 300 93
0 549.2 437.297 300 93
0 549.2 437.431 300 93
0 549.2 437.567 300 93
0 549.2 437.707 300 93
0 549.2 437.837 300 93
0 549.2 437.965 300 93
0 549.2 438.203 300 93
0 549.2 438.381 300 93
0 549.2 438.502 300 93
0 549.2 438.689 300 93
0 549.2 438.908 300 93
0 549.2 439.033 300 93
0 549.2 439.123 300 93
0 549.2 439.283 300 93
0 549.2 439.416 300 93
0 549.2 439.554 300 93
0 549.2 439.682 300 93
0 549.2 439.826 300 93
0 549.2 439.949 300 93
0 549.2 440.2 300 93
0 549.2 440.356 300 93
0 549.2 440.499 300 93
0 549.2 440.655 300 93
0 549.2 440.786 300 93
0 549.2 441.025 300 93
0 549.2 441.156 300 93
0 549.2 441.299 300 93
0 549.2 441.422 300 93
0 549.2 441.501 300 93
0 549.2 441.624 300 93
0 549.2 441.753 300 93
0 549.2 441.885 300 93
0 549.2 442.009 300 93
0 549.2 442.132 300 93
0 549.2 442.3 300 93
0 549.2 442.44 300 93
0 549.2 442.6 300 93
0 549.2 442.739 300 93
0 549.2 442.955 300 93
0 549.2 443.085 300 93
0 549.2 443.225 300 93
0 549.2 443.438 300 93
0 549.2 443.591 300 93
0 549.2 443.72 300 93
0 549.2 443.842 300 93
0 549.2 443.979 300 93
0 549.2 444.102 300 93
0 549.2 444.218 300 93
0 549.2 444.343 300 93
0 549.2 444.49 300 93
0 549.2 444.614 300 93
0 549.2 444.742 300 93
0 549.2 444.878 300 93
0 549.2 445.063 300 93
0 549.2 445.19 300 93
0 549.2 445.323 300 93
0 549.2 445.489 300 93
0 549.2 445.617 300 93
0 549.2 445.76 300 93
0 549.2 445.894 300 93
0 549.2 446.029 300 93
0 549.2 446.231 300 93
0 549.2 446.35 300 93
0 549.2 446.434 300 93
0 549.2 446.567 300 93
0 549.2 446.757 300 93
0 549.2 446.939 300 93
0 549.2 447.069 300 93
0 549.2 447.228 300 93
0 549.2 447.352 300 93
0 549.2 447.532 300 93
0 549.2 447.627 300 93
0 549.2 447.771 300 93
0 549.2 447.903 300 93
0 549.2 448.031 300 93
0 549.2 448.144 300 93
0 549.2 448.268 300 93
0 549.2 448.398 300 93
0 549.2 448.524 300 93
0 549.2 448.66 300 93
0 549.2 448.776 300 93
0 549.2 448.947 300 93
0 549.2 449.085 300 93
0 549.2 449.219 300 93
0 549.2 449.305 300 93
0 549.2 449.4 300 93
0 549.2 449.527 300 93
0 549.2 449.662 300 93
0 549.2 449.795 300 93
0 549.2 449.92 300 93
0 549.2 450.054 300 93
0 549.2 450.214 300 93
0 549.2 450.384 300 93
0 549.2 450.524 300 93
0 549.2 450.672 300 93
0 549.2 450.84 300 93
0 549.2 450.975 300 93
0 549.2 451.096 300 93
0 549.2 451.212 300 93
0 549.2 451.444 300 93
0 549.2 451.577 300 93
0 549.2 451.722 300 93
0 549.2 451.846 300 93
0 549.2 451.957 300 93
0 549.2 452.117 300 93
0 549.2 452.233 300 93
0 549.2 452.445 300 93
0 549.2 452.578 300 93
0 549.2 452.718 300 93
0 549.2 452.861 300 93
0 549.2 452.953 300 93
0 549.2 453.09 300 93
0 549.2 453.227 300 93
0 549.2 453.36 300 93
0 549.2 453.572 300 93
0 549.2 453.718 300 93
0 549.2 453.854 300 93
0 549.2 453.964 300 93
0 549.2 454.149 300 93
0 549.2 454.267 300 93
0 549.2 454.396 300 93
0 549.2 454.563 300 93
0 549.2 454.693 300 93
0 549.2 454.807 300 93
0 549.2 454.944 300 93
0 549.2 455.091 300 93
0 549.2 455.218 300 93
0 549.2 455.4 300 93
0 549.2 455.544 300 93
0 549.2 455.775 300 93
0 549.2 455.897 300 93
0 549.2 456.07 300 93
0 549.2 456.207 300 93
0 549.2 456.342 300 93
0 549.2 456.561 300 93
0 549.2 456.71 300 93
0 549.2 456.89 300 93
0 549.2 457.037 300 93
0 549.2 457.157 300 93
0 549.2 457.387 300 93
0 549.2 457.507 300 93
0 549.2 457.648 300 93
0 549.2 457.786 300 93
0 549.2 457.92 300 93
0 549.2 458.064 300 93
0 549.2 458.189 300 93
0 549.2 458.315 300 93
0 549.2 458.631 300 93
0 549.2 458.77 300 93
0 549.2 458.918 300 93
0 549.2 459.049 300 93
0 549.2 459.219 300 93
0 549.2 459.345 300 93
0 549.2 459.486 300 93
0 549.2 459.635 300 93
0 549.2 459.732 300 93
0 549.2 459.823 300 93
0 549.2 460.005 300 93
0 549.2 460.13 300 93
0 549.2 460.275 300 93
0 549.2 460.395 300 93
0 549.2 460.577 300 93
0 549.2 460.71 300 93
0 549.2 460.832 300 93
0 549.2 460.979 300 93
0 549.2 461.104 300 93
0 549.2 461.231 300 93
0 549.2 461.359 300 93
0 549.2 461.495 300 93
0 549.2 461.678 300 93
0 549.2 461.825 300 93
0 549.2 462.196 300 93
0 549.2 462.345 300 93
0 549.2 462.472 300 93
0 549.2 462.601 300 93
0 549.2 462.773 300 93
0 549.2 462.96 300 93
0 549.2 463.095 300 93
0 549.2 463.27 300 93
0 549.2 463.392 300 93
0 549.2 463.529 300 93
0 549.2 463.685 300 93
0 549.2 463.906 300 93
0 549.2 464.048 300 93
0 549.2 464.243 300 93
0 549.2 464.393 300 93
0 549.2 464.534 300 93
0 549.2 464.655 300 93
0 549.2 464.783 300 93
0 549.2 464.927 300 93
0 549.2 465.053 300 93
0 549.2 465.207 300 93
0 549.2 465.395 300 93
0 549.2 465.594 300 93
0 549.2 465.732 300 93
0 549.2 465.854 300 93
0 549.2 466.032 300 93
0 549.2 466.175 300 93
0 549.2 466.351 300 93
0 549.2 466.557 300 93
0 549.2 466.678 300 93
0 549.2 466.913 300 93
0 549.2 467.009 300 93
0 549.2 467.149 300 93
0 549.2 467.343 300 93
0 549.2 467.5 300 93
0 549.2 467.655 300 93
0 549.2 467.863 300 93
0 549.2 468.034 300 93
0 549.2 468.165 300 93
0 549.2 468.316 300 93
0 549.2 468.495 300 93
0 549.2 468.64 300 93
0 549.2 468.774 300 93
0 549.2 468.951 300 93
0 549.2 469.189 300 93
0 549.2 469.323 300 93
0 549.2 469.495 300 93
0 549.2 469.622 300 93
0 549.2 469.758 300 93
0 549.2 469.939 300 93
0 549.2 470.059 300 93
0 549.2 470.186 300 93
0 549.2 470.311 300 93
0 549.2 470.537 300 93
0 549.2 470.632 300 93
0 549.2 470.911 300 93
0 549.2 471.036 300 93
0 549.2 471.258 300 93
0 549.2 471.394 300 93
0 549.2 471.522 300 93
0 549.2 471.648 300 93
0 549.2 471.824 300 93
0 549.2 471.961 300 93
0 549.2 472.096 300 93
0 549.2 472.269 300 93
0 549.2 472.398 300 93
0 549.2 472.546 300 93
0 549.2 472.714 300 93
0 549.2 472.83 300 93
0 549.2 472.977 300 93
0 549.2 473.162 300 93
0 549.2 473.286 300 93
0 549.2 473.407 300 93
0 549.2 473.535 300 93
0 549.2 473.726 300 93
0 549.2 473.901 300 93
0 549.2 474.04 300 93
0 549.2 474.199 300 93
0 549.2 474.307 300 93
0 549.2 474.506 300 93
0 549.2 474.685 300 93
0 549.2 474.809 300 93
0 549.2 474.956 300 93
0 549.2 475.041 300 93
0 549.2 475.191 300 93
0 549.2 475.351 300 93
0 549.2 475.513 300 93
0 549.2 475.651 300 93
0 549.2 475.829 300 93
0 549.2 476.031 300 93
0 549.2 476.182 300 93
0 549.2 476.306 300 93
0 549.2 476.5 300 93
0 549.2 476.591 300 93
0 549.2 476.724 300 93
0 549.2 476.869 300 93
0 549.2 476.996 300 93
0 549.2 477.131 300 93
0 549.2 477.256 300 93
0 549.2 477.389 300 93
0 549.2 477.511 300 93
0 549.2 477.755 300 93
0 549.2 477.873 300 93
0 549.2 478.009 300 93
0 549.2 478.188 300 93
0 549.2 478.313 300 93
0 549.2 478.44 300 93
0 549.2 478.583 300 93
0 549.2 478.704 300 93
0 549.2 478.801 300 93
0 549.2 478.954 300 93
0 549.2 479.093 300 93
0 549.2 479.212 300 93
0 549.2 479.354 300 93
0 549.2 479.492 300 93
0 549.2 479.65 300 93
0 549.2 479.768 300 93
0 549.2 479.921 300 93
0 549.2 480.1 300 93
0 549.2 480.286 300 93
0 549.2 480.466 300 93
0 549.2 480.597 300 93
0 549.2 480.733 300 93
0 549.2 480.886 300 93
0 549.2 481.018 300 93
0 549.2 481.153 300 93
0 549.2 481.241 300 93
0 549.2 481.416 300 93
0 549.2 481.558 300 93
0 549.2 481.789 300 93
0 549.2 481.889 300 93
0 549.2 482.057 300 93
0 549.2 482.229 300 93
0 549.2 482.372 300 93
0 549.2 482.605 300 93
0 549.2 482.749 300 93
0 549.2 482.894 300 93
0 549.2 483.12 300 93
0 549.2 483.315 300 93
0 549.2 483.47 300 93
0 549.2 483.679 300 93
0 549.2 483.879 300 93
0 549.2 484.013 300 93
0 549.2 484.112 300 93
0 549.2 484.255 300 93
0 549.2 484.479 300 93
0 549.2 484.599 300 93
0 549.2 484.732 300 93
0 549.2 484.869 300 93
0 549.2 485.061 300 93
0 549.2 485.215 300 93
0 549.2 485.394 300 93
0 549.2 485.562 300 93
0 549.2 485.786 300 93
0 549.2 485.958 300 93
0 549.2 486.116 300 93
0 549.2 486.291 300 93
0 549.2 486.439 300 93
0 549.2 486.585 300 93
0 549.2 486.722 300 93
0 549.2 486.886 300 93
0 549.2 487.142 300 93
0 549.2 487.335 300 93
0 549.2 487.487 300 93
0 549.2 487.651 300 93
0 549.2 487.751 300 93
0 549.2 487.896 300 93
0 549.2 488.037 300 93
0 549.2 488.178 300 93
0 549.2 488.32 300 93
0 549.2 488.482 300 93
0 549.2 488.661 300 93
0 549.2 488.812 300 93
0 549.2 488.975 300 93
0 549.2 489.23 300 93
0 549.2 489.417 300 93
0 549.2 489.545 300 93
0 549.2 489.737 300 93
0 549.2 489.971 300 93
0 549.2 490.138 300 93
0 549.2 490.281 300 93
0 549.2 490.431 300 93
0 549.2 490.619 300 93
0 549.2 490.835 300 93
0 549.2 491.025 300 93
0 549.2 491.121 300 93
0 549.2 491.271 300 93
0 549.2 491.425 300 93
0 549.2 491.6 300 93
0 549.2 491.74 300 93
0 549.2 491.853 300 93
0 549.2 492.036 300 93
0 549.2 492.165 300 93
0 549.2 492.347 300 93
0 549.2 492.481 300 93
0 549.2 492.612 300 93
0 549.2 492.743 300 93
0 549.2 492.918 300 93
0 549.2 493.069 300 93
0 549.2 493.228 300 93
0 549.2 493.431 300 93
0 549.2 493.62 300 93
0 549.2 493.755 300 93
0 549.2 493.934 300 93
0 549.2 494.075 300 93
0 549.2 494.191 300 93
0 549.2 494.411 300 93
0 549.2 494.555 300 93
0 549.2 494.842 300 93
0 549.2 494.989 300 93
0 549.2 495.25 300 93
0 549.2 495.363 300 93
0 549.2 495.62 300 93
0 549.2 495.755 300 93
0 549.2 495.889 300 93
0 549.2 496.017 300 93
0 549.2 496.108 300 93
0 549.2 496.194 300 93
0 549.2 496.313 300 93
0 549.2 496.445 300 93
0 549.2 496.576 300 93
0 549.2 496.754 300 93
0 549.2 496.937 300 93
0 549.2 497.094 300 93
0 549.2 497.271 300 93
0 549.2 497.412 300 93
0 549.2 497.622 300 93
0 549.2 497.805 300 93
0 549.2 498.061 300 93
0 549.2 498.14 300 93
0 549.2 498.366 300 93
0 549.2 498.45 300 93
0 549.2 498.621 300 93
0 549.2 498.782 300 93
0 549.2 499 300 93
0 549.2 499.134 300 93
0 549.2 499.273 300 93
0 549.2 499.39 300 93
0 549.2 499.526 300 93
0 549.2 499.655 300 93
0 549.2 499.803 300 93
0 549.2 499.945 300 93
0 549.2 500.087 300 93
0 549.2 500.231 300 93
0 549.2 500.397 300 93
0 549.2 500.557 300 93
0 549.2 500.775 300 93
0 549.2 500.969 300 93
0 549.2 501.097 300 93
0 549.2 501.394 300 93
0 549.2 501.524 300 93
0 549.2 501.658 300 93
0 549.2 501.774 300 93
0 549.2 501.912 300 93
0 549.2 502.049 300 93
0 549.2 502.184 300 93
0 549.2 502.399 300 93
0 549.2 502.56 300 93
0 549.2 502.758 300 93
0 549.2 502.929 300 93
0 549.2 503.075 300 93
0 549.2 503.32 300 93
0 549.2 503.458 300 93
0 549.2 503.588 300 93
0 549.2 503.72 300 93
0 549.2 503.844 300 93
0 549.2 503.988 300 93
0 549.2 504.119 300 93
0 549.2 504.252 300 93
0 549.2 504.43 300 93
0 549.2 504.641 300 93
0 549.2 504.811 300 93
0 549.2 504.994 300 93
0 549.2 505.127 300 93
0 549.2 505.293 300 93
0 549.2 505.436 300 93
0 549.2 505.588 300 93
0 549.2 505.718 300 93
0 549.2 505.859 300 93
0 549.2 506.006 300 93
0 549.2 506.195 300 93
0 549.2 506.321 300 93
0 549.2 506.453 300 93
0 549.2 506.699 300 93
0 549.2 506.854 300 93
0 549.2 507.001 300 93
0 549.2 507.135 300 93
0 549.2 507.313 300 93
0 549.2 507.439 300 93
0 549.2 507.583 300 93
0 549.2 507.72 300 93
0 549.2 507.904 300 93
0 549.2 508.04 300 93
0 549.2 508.269 300 93
0 549.2 508.406 300 93
0 549.2 508.671 300 93
0 549.2 508.823 300 93
0 549.2 508.908 300 93
0 549.2 509.039 300 93
0 549.2 509.304 300 93
0 549.2 509.424 300 93
0 549.2 509.602 300 93
0 549.2 509.751 300 93
0 549.2 509.932 300 93
0 549.2 510.167 300 93
0 549.2 510.328 300 93
0 549.2 510.485 300 93
0 549.2 510.678 300 93
0 549.2 510.837 300 93
0 549.2 510.976 300 93
0 549.2 511.119 300 93
0 549.2 511.323 300 93
0 549.2 511.503 300 93
0 549.2 511.648 300 93
0 549.2 511.775 300 93
0 549.2 511.928 300 93
0 549.2 512.1 300 93
0 549.2 512.178 300 93
0 549.2 512.317 300 93
0 549.2 512.471 300 93
0 549.2 512.646 300 93
0 549.2 512.76 300 93
0 549.2 512.901 300 93
0 549.2 513.016 300 93
0 549.2 513.148 300 93
0 549.2 513.283 300 93
0 549.2 513.429 300 93
0 549.2 513.558 300 93
0 549.2 513.829 300 93
0 549.2 513.928 300 93
0 549.2 514.058 300 93
0 549.2 514.192 300 93
0 549.2 514.33 300 93
0 549.2 514.479 300 93
0 549.2 514.703 300 93
0 549.2 514.845 300 93
0 549.2 515.02 300 93
0 549.2 515.15 300 93
0 549.2 515.301 300 93
0 549.2 515.426 300 93
0 549.2 515.555 300 93
0 549.2 515.78 300 93
0 549.2 515.999 300 93
0 549.2 516.123 300 93
0 549.2 516.311 300 93
0 549.2 516.447 300 93
0 549.2 516.585 300 93
0 549.2 516.8 300 93
0 549.2 516.943 300 93
0 549.2 517.099 300 93
0 549.2 517.229 300 93
0 549.2 517.443 300 93
0 549.2 517.663 300 93
0 549.2 517.851 300 93
0 549.2 518.001 300 93
0 549.2 518.175 300 93
0 549.2 518.346 300 93
0 549.2 518.486 300 93
0 549.2 518.604 300 93
0 549.2 518.828 300 93
0 549.2 518.916 300 93
0 549.2 519.077 300 93
0 549.2 519.216 300 93
0 549.2 519.354 300 93
0 549.2 519.542 300 93
0 549.2 519.673 300 93
0 549.2 519.816 300 93
0 549.2 519.952 300 93
0 549.2 520.175 300 93
0 549.2 520.312 300 93
0 549.2 520.464 300 93
0 549.2 520.608 300 93
0 549.2 520.772 300 93
0 549.2 520.951 300 93
0 549.2 521.167 300 93
0 549.2 521.297 300 93
0 549.2 521.437 300 93
0 549.2 521.554 300 93
0 549.2 521.684 300 93
0 549.2 521.778 300 93
0 549.2 521.93 300 93
0 549.2 522.094 300 93
0 549.2 522.327 300 93
0 549.2 522.518 300 93
0 549.2 522.766 300 93
0 549.2 522.915 300 93
0 549.2 523.09 300 93
0 549.2 523.25 300 93
0 549.2 523.365 300 93
0 549.2 523.531 300 93
0 549.2 523.662 300 93
0 549.2 523.798 300 93
0 549.2 523.931 300 93
0 549.2 524.099 300 93
0 549.2 524.229 300 93
0 549.2 524.361 300 93
0 549.2 524.5 300 93
0 549.2 524.633 300 93
0 549.2 524.793 300 93
0 549.2 524.962 300 93
0 549.2 525.114 300 93
0 549.2 525.275 300 93
0 549.2 525.419 300 93
0 549.2 525.54 300 93
0 549.2 525.707 300 93
0 549.2 525.924 300 93
0 549.2 526.065 300 93
0 549.2 526.138 300 93
0 549.2 526.285 300 93
0 549.2 526.402 300 93
0 549.2 526.581 300 93
0 549.2 526.731 300 93
0 549.2 526.876 300 93
0 549.2 527.001 300 93
0 549.2 527.157 300 93
0 549.2 527.309 300 93
0 549.2 527.473 300 93
0 549.2 527.618 300 93
0 549.2 527.827 300 93
0 549.2 527.989 300 93
0 549.2 528.127 300 93
0 549.2 528.27 300 93
0 549.2 528.408 300 93
0 549.2 528.626 300 93
0 549.2 528.762 300 93
0 549.2 528.895 300 93
0 549.2 529.016 300 93
0 549.2 529.246 300 93
0 549.2 529.413 300 93
0 549.2 529.599 300 93
0 549.2 529.751 300 93
0 549.2 529.869 300 93
0 549.2 530.007 300 93
0 549.2 530.178 300 93
0 549.2 530.324 300 93
0 549.2 530.531 300 93
0 549.2 530.689 300 93
0 549.2 530.836 300 93
0 549.2 531 300 93
0 549.2 531.118 300 93
0 549.2 531.251 300 93
0 549.2 531.456 300 93
0 549.2 531.595 300 93
0 549.2 531.716 300 93
0 549.2 531.842 300 93
0 549.2 531.97 300 93
0 549.2 532.106 300 93
0 549.2 532.275 300 93
0 549.2 532.396 300 93
0 549.2 532.544 300 93
0 549.2 532.783 300 93
0 549.2 532.913 300 93
0 549.2 533.052 300 93
0 549.2 533.257 300 93
0 549.2 533.365 300 93
0 549.2 533.541 300 93
0 549.2 533.756 300 93
0 549.2 533.886 300 93
0 549.2 534.073 300 93
0 549.2 534.189 300 93
0 549.2 534.337 300 93
0 549.2 534.494 300 93
0 549.2 534.621 300 93
0 549.2 534.733 300 93
0 549.2 534.849 300 93
0 549.2 535.029 300 93
0 549.2 535.151 300 93
0 549.2 535.329 300 93
0 549.2 535.491 300 93
0 549.2 535.611 300 93
0 549.2 535.714 300 93
0 549.2 535.84 300 93
0 549.2 535.977 300 93
0 549.2 536.292 300 93
0 549.2 536.436 300 93
0 549.2 536.557 300 93
0 549.2 536.691 300 93
0 549.2 536.857 300 93
0 549.2 537.025 300 93
0 549.2 537.162 300 93
0 549.2 537.293 300 93
0 549.2 537.442 300 93
0 549.2 537.555 300 93
0 549.2 537.668 300 93
0 549.2 537.894 300 93
0 549.2 538.088 300 93
0 549.2 538.231 300 93
0 549.2 538.399 300 93
0 549.2 538.609 300 93
0 549.2 538.737 300 93
0 549.2 538.873 300 93
0 549.2 539 300 93
0 549.2 539.132 300 93
0 549.2 539.25 300 93
0 549.2 539.433 300 93
0 549.2 539.563 300 93
0 549.2 539.677 300 93
0 549.2 539.802 300 93
0 549.2 539.916 300 93
0 549.2 540.083 300 93
0 549.2 540.229 300 93
0 549.2 540.354 300 93
0 549.2 540.472 300 93
0 549.2 540.65 300 93
0 549.2 540.772 300 93
0 549.2 540.922 300 93
0 549.2 541.156 300 93
0 549.2 541.281 300 93
0 549.2 541.402 300 93
0 549.2 541.532 300 93
0 549.2 541.664 300 93
0 549.2 541.791 300 93
0 549.2 542.011 300 93
0 549.2 542.148 300 93
0 549.2 542.278 300 93
0 549.2 542.38 300 93
0 549.2 542.581 300 93
0 549.2 542.797 300 93
0 549.2 543.018 300 93
0 549.2 543.141 300 93
0 549.2 543.254 300 93
0 549.2 543.33 300 93
0 549.2 543.42 300 93
0 549.2 543.55 300 93
0 549.2 543.666 300 93
0 549.2 543.821 300 93
0 549.2 543.957 300 93
0 549.2 544.103 300 93
0 549.2 544.222 300 93
0 549.2 544.317 300 93
0 549.2 544.458 300 93
0 549.2 544.59 300 93
0 549.2 544.74 300 93
0 549.2 544.851 300 93
0 549.2 544.989 300 93
0 549.2 545.202 300 93
0 549.2 545.31 300 93
0 549.2 545.437 300 93
0 549.2 545.576 300 93
0 549.2 545.766 300 93
0 549.2 545.896 300 93
0 549.2 546.02 300 93
0 549.2 546.141 300 93
0 549.2 546.311 300 93
0 549.2 546.43 300 93
0 549.2 546.597 300 93
0 549.2 546.716 300 93
0 549.2 546.841 300 93
0 549.2 547.013 300 93
0 549.2 547.205 300 93
0 549.2 547.288 300 93
0 549.2 547.519 300 93
0 549.2 547.717 300 93
0 549.2 547.838 300 93
0 549.2 547.96 300 93
0 549.2 548.086 300 93
0 549.2 548.216 300 93
0 549.2 548.351 300 93
0 549.2 548.528 300 93
0 549.2 548.67 300 93
0 549.2 548.839 300 93
0 549.2 549 300 93
0 549.2 549.18 300 93
0 549.2 549.424 300 93
0 549.2 549.594 300 93
0 549.2 549.757 300 93
0 549.2 550.105 300 93
0 549.2 550.28 300 93
0 549.2 550.405 300 93
0 549.2 550.539 300 93
0 549.2 550.669 300 93
0 549.2 550.86 300 93
0 549.2 550.981 300 93
0 549.2 551.103 300 93
0 549.2 551.227 300 93
0 549.2 551.356 300 93
0 549.2 551.444 300 93
0 549.2 551.568 300 93
0 549.2 551.705 300 93
0 549.2 551.864 300 93
0 549.2 552.044 300 93
0 549.2 552.168 300 93
0 549.2 552.37 300 93
0 549.2 552.551 300 93
0 549.2 552.669 300 93
0 549.2 552.809 300 93
0 549.2 552.988 300 93
0 549.2 553.109 300 93
0 549.2 553.291 300 93
0 549.2 553.413 300 93
0 549.2 553.541 300 93
0 549.2 553.68 300 93
0 549.2 553.847 300 93
0 549.2 554.048 300 93
0 549.2 554.199 300 93
0 549.2 554.351 300 93
0 549.2 554.487 300 93
0 549.2 554.692 300 93
0 549.2 554.839 300 93
0 549.2 555.05 300 93
0 549.2 555.207 300 93
0 549.2 555.424 300 93
0 549.2 555.621 300 93
0 549.2 555.775 300 93
0 549.2 555.891 300 93
0 549.2 556.01 300 93
0 549.2 556.118 300 93
0 549.2 556.32 300 93
0 549.2 556.445 300 93
0 549.2 556.573 300 93
0 549.2 556.747 300 93
0 549.2 556.933 300 93
0 549.2 557.066 300 93
0 549.2 557.213 300 93
0 549.2 557.381 300 93
0 549.2 557.522 300 93
0 549.2 557.656 300 93
0 549.2 557.791 300 93
0 549.2 557.946 300 93
0 549.2 558.148 300 93
0 549.2 558.331 300 93
0 549.2 558.475 300 93
0 549.2 558.604 300 93
0 549.2 558.837 300 93
0 549.2 559.029 300 93
0 549.2 559.196 300 93
0 549.2 559.33 300 93
0 549.2 559.468 300 93
0 549.2 559.605 300 93
0 549.2 559.727 300 93
0 549.2 559.866 300 93
0 549.2 560.003 300 93
0 549.2 560.187 300 93
0 549.2 560.318 300 93
0 549.2 560.446 300 93
0 549.2 560.58 300 93
0 549.2 560.725 300 93
0 549.2 560.869 300 93
0 549.2 561.068 300 93
0 549.2 561.223 300 93
0 549.2 561.405 300 93
0 549.2 561.626 300 93
0 549.2 561.751 300 93
0 549.2 561.877 300 93
0 549.2 562.029 300 93
0 549.2 562.123 300 93
0 549.2 562.254 300 93
0 549.2 562.402 300 93
0 549.2 562.533 300 93
0 549.2 562.705 300 93
0 549.2 562.941 300 93
0 549.2 563.071 300 93
0 549.2 563.205 300 93
0 549.2 563.337 300 93
0 549.2 563.469 300 93
0 549.2 563.607 300 93
0 549.2 563.74 300 93
0 549.2 563.862 300 93
0 549.2 564.026 300 93
0 549.2 564.156 300 93
0 549.2 564.293 300 93
0 549.2 564.426 300 93
0 549.2 564.731 300 93
0 549.2 564.876 300 93
0 549.2 565.094 300 93
0 549.2 565.251 300 93
0 549.2 565.451 300 93
0 549.2 565.561 300 93
0 549.2 565.718 300 93
0 549.2 565.854 300 93
0 549.2 565.984 300 93
0 549.2 566.124 300 93
0 549.2 566.269 300 93
0 549.2 566.437 300 93
0 549.2 566.557 300 93
0 549.2 566.686 300 93
0 549.2 566.879 300 93
0 549.2 567.017 300 93
0 549.2 567.188 300 93
0 549.2 567.305 300 93
0 549.2 567.448 300 93
0 549.2 567.631 300 93
0 549.2 567.849 300 93
0 549.2 568.004 300 93
0 549.2 568.081 300 93
0 549.2 568.217 300 93
0 549.2 568.355 300 93
0 549.2 568.485 300 93
0 549.2 568.798 300 93
0 549.2 569.142 300 93
0 549.2 569.288 300 93
0 549.2 569.499 300 93
0 549.2 569.715 300 93
0 549.2 569.876 300 93
0 549.2 570.001 300 93
0 549.2 570.145 300 93
0 549.2 570.344 300 93
0 549.2 570.426 300 93
0 549.2 570.554 300 93
0 549.2 570.695 300 93
0 549.2 570.806 300 93
0 549.2 570.938 300 93
0 549.2 571.108 300 93
0 549.2 571.24 300 93
0 549.2 571.423 300 93
0 549.2 571.593 300 93
0 549.2 571.721 300 93
0 549.2 571.867 300 93
0 549.2 572.067 300 93
0 549.2 572.238 300 93
0 549.2 572.333 300 93
0 549.2 572.596 300 93
0 549.2 572.782 300 93
0 549.2 572.916 300 93
0 549.2 573.052 300 93
0 549.2 573.183 300 93
0 549.2 573.321 300 93
0 549.2 573.461 300 93
0 549.2 573.597 300 93
0 549.2 573.722 300 93
0 549.2 573.85 300 93
0 549.2 573.969 300 93
0 549.2 574.085 300 93
0 549.2 574.278 300 93
0 549.2 574.409 300 93
0 549.2 574.549 300 93
0 549.2 574.686 300 93
0 549.2 574.919 300 93
0 549.2 575.056 300 93
0 549.2 575.188 300 93
0 549.2 575.314 300 93
0 549.2 575.461 300 93
0 549.2 575.677 300 93
0 549.2 575.886 300 93
0 549.2 576.033 300 93
0 549.2 576.171 300 93
0 549.2 576.437 300 93
0 549.2 576.538 300 93
0 549.2 576.705 300 93
0 549.2 576.922 300 93
0 549.2 577.054 300 93
0 549.2 577.183 300 93
0 549.2 577.319 300 93
0 549.2 577.62 300 93
0 549.2 577.749 300 93
0 549.2 577.902 300 93
0 549.2 578.05 300 93
0 549.2 578.196 300 93
0 549.2 578.311 300 93
0 549.2 578.44 300 93
0 549.2 578.568 300 93
0 549.2 578.74 300 93
0 549.2 578.87 300 93
0 549.2 579.001 300 93
0 549.2 579.314 300 93
0 549.2 579.569 300 93
0 549.2 579.702 300 93
0 549.2 579.82 300 93
0 549.2 579.947 300 93
0 549.2 580.064 300 93
0 549.2 580.158 300 93
0 549.2 580.297 300 93
0 549.2 580.438 300 93
0 549.2 580.614 300 93
0 549.2 580.744 300 93
0 549.2 580.926 300 93
0 549.2 581.121 300 93
0 549.2 581.25 300 93
0 549.2 581.432 300 93
0 549.2 581.576 300 93
0 549.2 581.691 300 93
0 549.2 581.816 300 93
0 549.2 581.938 300 93
0 549.2 582.083 300 93
0 549.2 582.227 300 93
0 549.2 582.355 300 93
0 549.2 582.496 300 93
0 549.2 582.624 300 93
0 549.2 582.806 300 93
0 549.2 582.985 300 93
0 549.2 583.152 300 93
0 549.2 583.295 300 93
0 549.2 583.521 300 93
0 549.2 583.656 300 93
0 549.2 583.773 300 93
0 549.2 583.903 300 93
0 549.2 584.045 300 93
0 549.2 584.175 300 93
0 549.2 584.305 300 93
0 549.2 584.608 300 93
0 549.2 584.705 300 93
0 549.2 584.841 300 93
0 549.2 585.1 300 93
0 549.2 585.27 300 93
0 549.2 585.401 300 93
0 549.2 585.543 300 93
0 549.2 585.664 300 93
0 549.2 585.875 300 93
0 549.2 586.047 300 93
0 549.2 586.198 300 93
0 549.2 586.329 300 93
0 549.2 586.453 300 93
0 549.2 586.618 300 93
0 549.2 586.73 300 93
0 549.2 586.87 300 93
0 549.2 587.079 300 93
0 549.2 587.208 300 93
0 549.2 587.348 300 93
0 549.2 587.477 300 93
0 549.2 587.605 300 93
0 549.2 587.73 300 93
0 549.2 587.869 300 93
0 549.2 587.998 300 93
0 549.2 588.105 300 93
0 549.2 588.232 300 93
0 549.2 588.354 300 93
0 549.2 588.483 300 93
0 549.2 588.604 300 93
0 549.2 588.773 300 93
0 549.2 588.933 300 93
0 549.2 589.096 300 93
0 549.2 589.269 300 93
0 549.2 589.425 300 93
0 549.2 589.594 300 93
0 549.2 589.796 300 93
0 549.2 589.919 300 93
0 549.2 590.044 300 93
0 549.2 590.24 300 93
0 549.2 590.379 300 93
0 549.2 590.593 300 93
0 549.2 590.719 300 93
0 549.2 590.845 300 93
0 549.2 590.96 300 93
0 549.2 591.157 300 93
0 549.2 591.277 300 93
0 549.2 591.411 300 93
0 549.2 591.519 300 93
0 549.2 591.65 300 93
0 549.2 591.815 300 93
0 549.2 591.931 300 93
0 549.2 592.049 300 93
0 549.2 592.17 300 93
0 549.2 592.302 300 93
0 549.2 592.434 300 93
0 549.2 592.566 300 93
0 549.2 592.693 300 93
0 549.2 592.857 300 93
0 549.2 593.034 300 93
0 549.2 593.166 300 93
0 549.2 593.301 300 93
0 549.2 593.451 300 93
0 549.2 593.593 300 93
0 549.2 593.74 300 93
0 549.2 593.922 300 93
0 549.2 594.094 300 93
0 549.2 594.23 300 93
0 549.2 594.387 300 93
0 549.2 594.482 300 93
0 549.2 594.582 300 93
0 549.2 594.678 300 93
0 549.2 594.771 300 93
0 549.2 594.893 300 93
0 549.2 595.023 300 93
0 549.2 595.118 300 93
0 549.2 595.213 300 93
0 549.2 595.386 300 93
0 549.2 595.522 300 93
0 549.2 595.671 300 93
0 549.2 595.793 300 93
0 549.2 595.924 300 93
0 549.2 596.091 300 93
0 549.2 596.229 300 93
0 549.2 596.46 300 93
0 549.2 596.616 300 93
0 549.2 596.867 300 93
0 549.2 597.101 300 93
0 549.2 597.246 300 93
0 549.2 597.381 300 93
0 549.2 597.482 300 93
0 549.2 597.609 300 93
0 549.2 597.735 300 93
0 549.2 597.871 300 93
0 549.2 598.005 300 93
0 549.2 598.102 300 93
0 549.2 598.283 300 93
0 549.2 598.437 300 93
0 549.2 598.572 300 93
0 549.2 598.711 300 93
0 549.2 598.833 300 93
0 549.2 598.968 300 93
0 549.2 599.09 300 93
0 549.2 599.239 300 93
0 549.2 599.397 300 93
0 549.2 599.521 300 93
0 549.2 599.712 300 93
0 549.2 599.932 300 93
0 549.2 600.08 300 93
0 549.2 600.232 300 93
0 549.2 600.38 300 93
0 549.2 600.556 300 93
0 549.2 600.697 300 93
0 549.2 600.816 300 93
0 549.2 600.951 300 93
0 549.2 601.061 300 93
0 549.2 601.2 300 93
0 549.2 601.357 300 93
0 549.2 601.494 300 93
0 549.2 601.621 300 93
0 549.2 601.798 300 93
0 549.2 601.93 300 93
0 549.2 602.064 300 93
0 549.2 602.287 300 93
0 549.2 602.424 300 93
0 549.2 602.522 300 93
0 549.2 602.673 300 93
0 549.2 602.811 300 93
0 549.2 602.952 300 93
0 549.2 603.069 300 93
0 549.2 603.204 300 93
0 549.2 603.411 300 93
0 549.2 603.547 300 93
0 549.2 603.682 300 93
0 549.2 603.831 300 93
0 549.2 604.045 300 93
0 549.2 604.221 300 93
0 549.2 604.362 300 93
0 549.2 604.497 300 93
0 549.2 604.742 300 93
0 549.2 604.891 300 93
0 549.2 605.045 300 93
0 549.2 605.173 300 93
0 549.2 605.306 300 93
0 549.2 605.452 300 93
0 549.2 605.582 300 93
0 549.2 605.727 300 93
0 549.2 605.866 300 93
0 549.2 606.017 300 93
0 549.2 606.169 300 93
0 549.2 606.365 300 93
0 549.2 606.514 300 93
0 549.2 606.688 300 93
0 549.2 606.83 300 93
0 549.2 606.976 300 93
0 549.2 607.153 300 93
0 549.2 607.288 300 93
0 549.2 607.427 300 93
0 549.2 607.62 300 93
0 549.2 607.746 300 93
0 549.2 607.984 300 93
0 549.2 608.134 300 93
0 549.2 608.312 300 93
0 549.2 608.494 300 93
0 549.2 608.649 300 93
0 549.2 608.924 300 93
0 549.2 609.056 300 93
0 549.2 609.196 300 93
0 549.2 609.325 300 93
0 549.2 609.46 300 93
0 549.2 609.604 300 93
0 549.2 609.89 300 93
0 549.2 610.047 300 93
0 549.2 610.204 300 93
0 549.2 610.354 300 93
0 549.2 610.513 300 93
0 549.2 610.736 300 93
0 549.2 610.879 300 93
0 549.2 611.007 300 93
0 549.2 611.131 300 93
0 549.2 611.317 300 93
0 549.2 611.453 300 93
0 549.2 611.725 300 93
0 549.2 611.938 300 93
0 549.2 612.107 300 93
0 549.2 612.211 300 93
0 549.2 612.357 300 93
0 549.2 612.551 300 93
0 549.2 612.711 300 93
0 549.2 612.844 300 93
0 549.2 613.014 300 93
0 549.2 613.162 300 93
0 549.2 613.375 300 93
0 549.2 613.484 300 93
0 549.2 613.627 300 93
0 549.2 613.787 300 93
0 549.2 613.938 300 93
0 549.2 614.075 300 93
0 549.2 614.358 300 93
0 549.2 614.493 300 93
0 549.2 614.631 300 93
0 549.2 614.763 300 93
0 549.2 614.922 300 93
0 549.2 615.078 300 93
0 549.2 615.305 300 93
0 549.2 615.458 300 93
0 549.2 615.583 300 93
0 549.2 615.733 300 93
0 549.2 615.848 300 93
0 549.2 616.01 300 93
0 549.2 616.164 300 93
0 549.2 616.299 300 93
0 549.2 616.438 300 93
0 549.2 616.617 300 93
0 549.2 616.761 300 93
0 549.2 616.913 300 93
0 549.2 617.102 300 93
0 549.2 617.254 300 93
0 549.2 617.413 300 93
0 549.2 617.644 300 93
0 549.2 617.78 300 93
0 549.2 617.922 300 93
0 549.2 618.094 300 93
0 549.2 618.268 300 93
0 549.2 618.38 300 93
0 549.2 618.537 300 93
0 549.2 618.75 300 93
0 549.2 618.915 300 93
0 549.2 619.134 300 93
0 549.2 619.251 300 93
0 549.2 619.402 300 93
0 549.2 619.56 300 93
0 549.2 619.71 300 93
0 549.2 619.852 300 93
0 549.2 620 300 93
0 549.2 620.137 300 93
0 549.2 620.34 300 93
0 549.2 620.483 300 93
0 549.2 620.646 300 93
0 549.2 620.851 300 93
0 549.2 620.981 300 93
0 549.2 621.127 300 93
0 549.2 621.276 300 93
0 549.2 621.416 300 93
0 549.2 621.567 300 93
0 549.2 621.721 300 93
0 549.2 621.87 300 93
0 549.2 622.026 300 93
0 549.2 622.128 300 93
0 549.2 622.275 300 93
0 549.2 622.371 300 93
0 549.2 622.518 300 93
0 549.2 622.665 300 93
0 549.2 622.788 300 93
0 549.2 622.933 300 93
0 549.2 623.073 300 93
0 549.2 623.222 300 93
0 549.2 623.367 300 93
0 549.2 623.505 300 93
0 549.2 623.637 300 93
0 549.2 623.766 300 93
0 549.2 623.959 300 93
0 549.2 624.125 300 93
0 549.2 624.261 300 93
0 549.2 624.412 300 93
0 549.2 624.611 300 93
0 549.2 624.8 300 93
0 549.2 624.931 300 93
0 549.2 625.143 300 93
0 549.2 625.274 300 93
0 549.2 625.401 300 93
0 549.2 625.573 300 93
0 549.2 625.793 300 93
0 549.2 625.942 300 93
0 549.2 626.09 300 93
0 549.2 626.286 300 93
0 549.2 626.428 300 93
0 549.2 626.636 300 93
0 549.2 626.782 300 93
0 549.2 626.985 300 93
0 549.2 627.129 300 93
0 549.2 627.287 300 93
0 549.2 627.443 300 93
0 549.2 627.583 300 93
0 549.2 627.729 300 93
0 549.2 627.867 300 93
0 549.2 627.989 300 93
0 549.2 628.182 300 93
0 549.2 628.393 300 93
0 549.2 628.659 300 93
0 549.2 628.785 300 93
0 549.2 629.064 300 93
0 549.2 629.235 300 93
0 549.2 629.372 300 93
0 549.2 629.527 300 93
0 549.2 629.678 300 93
0 549.2 629.773 300 93
0 549.2 629.9 300 93
0 549.2 630.043 300 93
0 549.2 630.184 300 93
0 549.2 630.319 300 93
0 549.2 630.462 300 93
0 549.2 630.646 300 93
0 549.2 630.78 300 93
0 549.2 630.91 300 93
0 549.2 630.997 300 93
0 549.2 631.144 300 93
0 549.2 631.29 300 93
0 549.2 631.427 300 93
0 549.2 631.571 300 93
0 549.2 631.706 300 93
0 549.2 631.852 300 93
0 549.2 631.993 300 93
0 549.2 632.125 300 93
0 549.2 632.263 300 93
0 549.2 632.363 300 93
0 549.2 632.487 300 93
0 549.2 632.632 300 93
0 549.2 632.794 300 93
0 549.2 632.95 300 93
0 549.2 633.092 300 93
0 549.2 633.194 300 93
0 549.2 633.296 300 93
0 549.2 633.42 300 93
0 549.2 633.559 300 93
0 549.2 633.697 300 93
0 549.2 633.851 300 93
0 549.2 633.999 300 93
0 549.2 634.149 300 93
0 549.2 634.303 300 93
0 549.2 634.443 300 93
0 549.2 634.678 300 93
0 549.2 634.827 300 93
0 549.2 634.958 300 93
0 549.2 635.112 300 93
0 549.2 635.348 300 93
0 549.2 635.539 300 93
0 549.2 635.707 300 93
0 549.2 635.866 300 93
0 549.2 635.962 300 93
0 549.2 636.062 300 93
0 549.2 636.226 300 93
0 549.2 636.532 300 93
0 549.2 636.694 300 93
0 549.2 636.89 300 93
0 549.2 637.043 300 93
0 549.2 637.179 300 93
0 549.2 637.315 300 93
0 549.2 637.492 300 93
0 549.2 637.653 300 93
0 549.2 637.79 300 93
0 549.2 637.921 300 93
0 549.2 638.101 300 93
0 549.2 638.293 300 93
0 549.2 638.399 300 93
0 549.2 638.531 300 93
0 549.2 638.668 300 93
0 549.2 638.897 300 93
0 549.2 639.044 300 93
0 549.2 639.202 300 93
0 549.2 639.382 300 93
0 549.2 639.515 300 93
0 549.2 639.665 300 93
0 549.2 639.846 300 93
0 549.2 640.016 300 93
0 549.2 640.151 300 93
0 549.2 640.283 300 93
0 549.2 640.41 300 93
0 549.2 640.634 300 93
0 549.2 640.809 300 93
0 549.2 640.952 300 93
0 549.2 641.122 300 93
0 549.2 641.466 300 93
0 549.2 641.606 300 93
0 549.2 641.75 300 93
0 549.2 641.888 300 93
0 549.2 642.013 300 93
0 549.2 642.185 300 93
0 549.2 642.334 300 93
0 549.2 642.519 300 93
0 549.2 642.667 300 93
0 549.2 642.833 300 93
0 549.2 642.973 300 93
0 549.2 643.131 300 93
0 549.2 643.272 300 93
0 549.2 643.424 300 93
0 549.2 643.581 300 93
0 549.2 643.713 300 93
0 549.2 643.894 300 93
0 549.2 644.071 300 93
0 549.2 644.214 300 93
0 549.2 644.375 300 93
0 549.2 644.58 300 93
0 549.2 644.749 300 93
0 549.2 644.968 300 93
0 549.2 645.114 300 93
0 549.2 645.241 300 93
0 549.2 645.47 300 93
0 549.2 645.554 300 93
0 549.2 645.697 300 93
0 549.2 645.81 300 93
0 549.2 645.901 300 93
0 549.2 646.082 300 93
0 549.2 646.229 300 93
0 549.2 646.323 300 93
0 549.2 646.477 300 93
0 549.2 646.57 300 93
0 549.2 646.656 300 93
0 549.2 646.785 300 93
0 549.2 646.931 300 93
0 549.2 647.026 300 93
0 549.2 647.112 300 93
0 549.2 647.212 300 93
0 549.2 647.319 300 93
0 549.2 647.409 300 93
0 549.2 647.543 300 93
0 549.2 647.667 300 93
0 549.2 647.778 300 93
0 549.2 647.882 300 93
0 549.2 647.971 300 93
0 549.2 648.123 300 93
0 549.2 648.216 300 93
0 549.2 648.312 300 93
0 549.2 648.457 300 93
0 549.2 648.605 300 93
0 549.2 648.735 300 93
0 549.2 648.864 300 93
0 549.2 648.997 300 93
0 549.2 649.159 300 93
0 549.2 649.254 300 93
0 549.2 649.392 300 93
0 549.2 649.531 300 93
0 549.2 649.649 300 93
0 549.2 649.794 300 93
0 549.2 650.013 300 93
0 549.2 650.3 300 93
0 549.2 650.431 300 93
0 549.2 650.58 300 93
0 549.2 650.717 300 93
0 549.2 650.873 300 93
0 549.2 651.049 300 93
0 549.2 651.204 300 93
0 549.2 651.3 300 93
0 549.2 651.392 300 93
0 549.2 651.456 300 93
0 549.2 651.556 300 93
0 549.2 651.648 300 93
0 549.2 651.748 300 93
0 549.2 651.843 300 93
0 549.2 651.937 300 93
0 549.2 652.086 300 93
0 549.2 652.177 300 93
0 549.2 652.274 300 93
0 549.2 652.43 300 93
0 549.2 652.506 300 93
0 549.2 652.619 300 93
0 549.2 652.714 300 93
0 549.2 652.81 300 93
0 549.2 652.898 300 93
0 549.2 652.991 300 93
0 549.2 653.113 300 93
0 549.2 653.213 300 93
0 549.2 653.306 300 93
0 549.2 653.405 300 93
0 549.2 653.501 300 93
0 549.2 653.605 300 93
0 549.2 653.743 300 93
0 549.2 653.846 300 93
0 549.2 653.94 300 93
0 549.2 654.037 300 93
0 549.2 654.133 300 93
0 549.2 654.229 300 93
0 549.2 654.317 300 93
0 549.2 654.439 300 93
0 549.2 654.595 300 93
0 549.2 654.726 300 93
0 549.2 654.824 300 93
0 549.2 654.941 300 93
0 549.2 655.031 300 93
0 549.2 655.133 300 93
0 549.2 655.224 300 93
0 549.2 655.329 300 93
0 549.2 655.449 300 93
0 549.2 655.548 300 93
0 549.2 655.636 300 93
0 549.2 655.731 300 93
0 549.2 655.833 300 93
0 549.2 655.926 300 93
0 549.2 656.073 300 93
0 549.2 656.161 300 93
0 549.2 656.254 300 93
0 549.2 656.433 300 93
0 549.2 656.537 300 93
0 549.2 656.647 300 93
0 549.2 656.783 300 93
0 549.2 656.878 300 93
0 549.2 656.981 300 93
0 549.2 657.072 300 93
0 549.2 657.165 300 93
0 549.2 657.28 300 93
0 549.2 657.387 300 93
0 549.2 657.547 300 93
0 549.2 657.651 300 93
0 549.2 657.834 300 93
0 549.2 657.956 300 93
0 549.2 658.057 300 93
0 549.2 658.156 300 93
0 549.2 658.275 300 93
0 549.2 658.433 300 93
0 549.2 658.541 300 93
0 549.2 658.685 300 93
0 549.2 658.817 300 93
0 549.2 658.942 300 93
0 549.2 659.04 300 93
0 549.2 659.137 300 93
0 549.2 659.224 300 93
0 549.2 659.326 300 93
0 549.2 659.42 300 93
0 549.2 659.531 300 93
0 549.2 659.615 300 93
0 549.2 659.763 300 93
0 549.2 659.936 300 93
0 549.2 660.035 300 93
0 549.2 660.135 300 93
0 549.2 660.238 300 93
0 549.2 660.366 300 93
0 549.2 660.455 300 93
0 549.2 660.554 300 93
0 549.2 660.632 300 93
0 549.2 660.775 300 93
0 549.2 660.899 300 93
0 549.2 661.049 300 93
0 549.2 661.192 300 93
0 549.2 661.318 300 93
0 549.2 661.454 300 93
0 549.2 661.603 300 93
0 549.2 661.705 300 93
0 549.2 661.769 300 93
0 549.2 661.855 300 93
0 549.2 661.95 300 93
0 549.2 662.05 300 93
0 549.2 662.142 300 93
0 549.2 662.221 300 93
0 549.2 662.32 300 93
0 549.2 662.412 300 93
0 549.2 662.512 300 93
0 549.2 662.598 300 93
0 549.2 662.702 300 93
0 549.2 662.796 300 93
0 549.2 662.879 300 93
0 549.2 662.969 300 93
0 549.2 663.065 300 93
0 549.2 663.148 300 93
0 549.2 663.239 300 93
0 549.2 663.352 300 93
0 549.2 663.451 300 93
0 549.2 663.557 300 93
0 549.2 663.651 300 93
0 549.2 663.746 300 93
0 549.2 663.877 300 93
0 549.2 663.97 300 93
0 549.2 664.029 300 93
0 549.2 664.125 300 93
0 549.2 664.23 300 93
0 549.2 664.326 300 93
0 549.2 664.421 300 93
0 549.2 664.524 300 93
0 549.2 664.659 300 93
0 549.2 664.815 300 93
0 549.2 664.906 300 93
0 549.2 664.99 300 93
0 549.2 665.11 300 93
0 549.2 665.242 300 93
0 549.2 665.346 300 93
0 549.2 665.437 300 93
0 549.2 665.561 300 93
0 549.2 665.641 300 93
0 549.2 665.768 300 93
0 549.2 665.852 300 93
0 549.2 665.95 300 93
0 549.2 666.039 300 93
0 549.2 666.118 300 93
0 549.2 666.284 300 93
0 549.2 666.371 300 93
0 549.2 666.538 300 93
0 549.2 666.611 300 93
0 549.2 666.714 300 93
0 549.2 666.802 300 93
0 549.2 666.903 300 93
0 549.2 666.997 300 93
0 549.2 667.105 300 93
0 549.2 667.2 300 93
0 549.2 667.324 300 93
0 549.2 667.435 300 93
0 549.2 667.537 300 93
0 549.2 667.677 300 93
0 549.2 667.776 300 93
0 549.2 667.869 300 93
0 549.2 667.954 300 93
0 549.2 668.051 300 93
0 549.2 668.146 300 93
0 549.2 668.227 300 93
0 549.2 668.317 300 93
0 549.2 668.412 300 93
0 549.2 668.493 300 93
0 549.2 668.587 300 93
0 549.2 668.778 300 93
0 549.2 668.906 300 93
0 549.2 669.031 300 93
0 549.2 669.167 300 93
0 549.2 669.303 300 93
0 549.2 669.487 300 93
0 549.2 669.616 300 93
0 549.2 669.756 300 93
0 549.2 669.885 300 93
0 549.2 669.98 300 93
0 549.2 670.119 300 93
0 549.2 670.258 300 93
0 549.2 670.39 300 93
0 549.2 670.538 300 93
0 549.2 670.687 300 93
0 549.2 670.844 300 93
0 549.2 670.942 300 93
0 549.2 671.137 300 93
0 549.2 671.276 300 93
0 549.2 671.406 300 93
0 549.2 671.55 300 93
0 549.2 671.772 300 93
0 549.2 671.949 300 93
0 549.2 672.132 300 93
0 549.2 672.329 300 93
0 549.2 672.473 300 93
0 549.2 672.61 300 93
0 549.2 672.762 300 93
0 549.2 672.929 300 93
0 549.2 673.066 300 93
0 549.2 673.32 300 93
0 549.2 673.445 300 93
0 549.2 673.582 300 93
0 549.2 673.806 300 93
0 549.2 673.952 300 93
0 549.2 674.085 300 93
0 549.2 674.224 300 93
0 549.2 674.342 300 93
0 549.2 674.502 300 93
0 549.2 674.714 300 93
0 549.2 674.857 300 93
0 549.2 674.996 300 93
0 549.2 675.127 300 93
0 549.2 675.256 300 93
0 549.2 675.417 300 93
0 549.2 675.542 300 93
0 549.2 675.704 300 93
0 549.2 675.828 300 93
0 549.2 675.974 300 93
0 549.2 676.137 300 93
0 549.2 676.252 300 93
0 549.2 676.449 300 93
0 549.2 676.538 300 93
0 549.2 676.703 300 93
0 549.2 676.852 300 93
0 549.2 677.003 300 93
0 549.2 677.219 300 93
0 549.2 677.361 300 93
0 549.2 677.58 300 93
0 549.2 677.751 300 93
0 549.2 677.866 300 93
0 549.2 678.083 300 93
0 549.2 678.206 300 93
0 549.2 678.347 300 93
0 549.2 678.506 300 93
0 549.2 678.639 300 93
0 549.2 678.794 300 93
0 549.2 678.946 300 93
0 549.2 679.078 300 93
0 549.2 679.24 300 93
0 549.2 679.385 300 93
0 549.2 679.528 300 93
0 549.2 679.664 300 93
0 549.2 679.803 300 93
0 549.2 679.973 300 93
0 549.2 680.116 300 93
0 549.2 680.26 300 93
0 549.2 680.392 300 93
0 549.2 680.535 300 93
0 549.2 680.669 300 93
0 549.2 680.803 300 93
0 549.2 680.985 300 93
0 549.2 681.119 300 93
0 549.2 681.256 300 93
0 549.2 681.406 300 93
0 549.2 681.632 300 93
0 549.2 681.795 300 93
0 549.2 681.938 300 93
0 549.2 682.07 300 93
0 549.2 682.209 300 93
0 549.2 682.387 300 93
0 549.2 682.525 300 93
0 549.2 682.656 300 93
0 549.2 682.831 300 93
0 549.2 683.101 300 93
0 549.2 683.227 300 93
0 549.2 683.369 300 93
0 549.2 683.466 300 93
0 549.2 683.621 300 93
0 549.2 683.857 300 93
0 549.2 684.001 300 93
0 549.2 684.149 300 93
0 549.2 684.25 300 93
0 549.2 684.387 300 93
0 549.2 684.567 300 93
0 549.2 684.7 300 93
0 549.2 684.954 300 93
0 549.2 685.081 300 93
0 549.2 685.227 300 93
0 549.2 685.363 300 93
0 549.2 685.475 300 93
0 549.2 685.605 300 93
0 549.2 685.728 300 93
0 549.2 685.882 300 93
0 549.2 686.101 300 93
0 549.2 686.232 300 93
0 549.2 686.683 300 93
0 549.2 686.91 300 93
0 549.2 687.061 300 93
0 549.2 687.19 300 93
0 549.2 687.324 300 93
0 549.2 687.474 300 93
0 549.2 687.614 300 93
0 549.2 687.827 300 93
0 549.2 687.987 300 93
0 549.2 688.169 300 93
0 549.2 688.315 300 93
0 549.2 688.543 300 93
0 549.2 688.719 300 93
0 549.2 688.856 300 93
0 549.2 688.994 300 93
0 549.2 689.173 300 93
0 549.2 689.308 300 93
0 549.2 689.534 300 93
0 549.2 689.681 300 93
0 549.2 689.873 300 93
0 549.2 690.098 300 93
0 549.2 690.251 300 93
0 549.2 690.419 300 93
0 549.2 690.55 300 93
0 549.2 690.71 300 93
0 549.2 690.852 300 93
0 549.2 690.934 300 93
0 549.2 691.163 300 93
0 549.2 691.304 300 93
0 549.2 691.441 300 93
0 549.2 691.649 300 93
0 549.2 691.798 300 93
0 549.2 691.95 300 93
0 549.2 692.074 300 93
0 549.2 692.207 300 93
0 549.2 692.4 300 93
0 549.2 692.531 300 93
0 549.2 692.671 300 93
0 549.2 692.801 300 93
0 549.2 692.933 300 93
0 549.2 693.112 300 93
0 549.2 693.241 300 93
0 549.2 693.364 300 93
0 549.2 693.497 300 93
0 549.2 693.741 300 93
0 549.2 693.872 300 93
0 549.2 694.001 300 93
0 549.2 694.171 300 93
0 549.2 694.347 300 93
0 549.2 694.475 300 93
0 549.2 694.623 300 93
0 549.2 694.756 300 93
0 549.2 694.932 300 93
0 549.2 695.077 300 93
0 549.2 695.218 300 93
0 549.2 695.429 300 93
0 549.2 695.563 300 93
0 549.2 695.706 300 93
0 549.2 695.84 300 93
0 549.2 696.107 300 93
0 549.2 696.353 300 93
0 549.2 696.491 300 93
0 549.2 696.629 300 93
0 549.2 696.822 300 93
0 549.2 696.954 300 93
0 549.2 697.077 300 93
0 549.2 697.16 300 93
0 549.2 697.298 300 93
0 549.2 697.504 300 93
0 549.2 697.638 300 93
0 549.2 697.797 300 93
0 549.2 698.028 300 93
0 549.2 698.169 300 93
0 549.2 698.302 300 93
0 549.2 698.488 300 93
0 549.2 698.64 300 93
0 549.2 698.793 300 93
0 549.2 698.891 300 93
0 549.2 699.041 300 93
0 549.2 699.179 300 93
0 549.2 699.296 300 93
0 549.2 699.426 300 93
0 549.2 699.66 300 93
0 549.2 699.83 300 93
0 549.2 699.963 300 93
0 549.2 700.109 300 93
0 549.2 700.329 300 93
0 549.2 700.563 300 93
0 549.2 700.795 300 93
0 549.2 700.957 300 93
0 549.2 701.125 300 93
0 549.2 701.304 300 93
0 549.2 701.45 300 93
0 549.2 701.605 300 93
0 549.2 701.729 300 93
0 549.2 701.862 300 93
0 549.2 702.004 300 93
0 549.2 702.136 300 93
0 549.2 702.277 300 93
0 549.2 702.427 300 93
0 549.2 702.57 300 93
0 549.2 702.778 300 93
0 549.2 702.902 300 93
0 549.2 703.049 300 93
0 549.2 703.19 300 93
0 549.2 703.403 300 93
0 549.2 703.597 300 93
0 549.2 703.736 300 93
0 549.2 703.886 300 93
0 549.2 704.05 300 93
0 549.2 704.187 300 93
0 549.2 704.306 300 93
0 549.2 704.461 300 93
0 549.2 704.604 300 93
0 549.2 704.773 300 93
0 549.2 704.895 300 93
0 549.2 705.15 300 93
0 549.2 705.337 300 93
0 549.2 705.476 300 93
0 549.2 705.628 300 93
0 549.2 705.919 300 93
0 549.2 706.099 300 93
0 549.2 706.25 300 93
0 549.2 706.429 300 93
0 549.2 706.55 300 93
0 549.2 706.673 300 93
0 549.2 706.794 300 93
0 549.2 706.943 300 93
0 549.2 707.072 300 93
0 549.2 707.207 300 93
0 549.2 707.348 300 93
0 549.2 707.496 300 93
0 549.2 707.774 300 93
0 549.2 707.907 300 93
0 549.2 708.039 300 93
0 549.2 708.21 300 93
0 549.2 708.343 300 93
0 549.2 708.518 300 93
0 549.2 708.649 300 93
0 549.2 708.831 300 93
0 549.2 709.062 300 93
0 549.2 709.429 300 93
0 549.2 709.59 300 93
0 549.2 709.842 300 93
0 549.2 709.967 300 93
0 549.2 710.122 300 93
0 549.2 710.259 300 93
0 549.2 710.405 300 93
0 549.2 710.574 300 93
0 549.2 710.756 300 93
0 549.2 710.896 300 93
0 549.2 711.096 300 93
0 549.2 711.181 300 93
0 549.2 711.401 300 93
0 549.2 711.582 300 93
0 549.2 711.842 300 93
0 549.2 711.975 300 93
0 549.2 712.207 300 93
0 549.2 712.441 300 93
0 549.2 712.575 300 93
0 549.2 712.714 300 93
0 549.2 712.848 300 93
0 549.2 712.977 300 93
0 549.2 713.11 300 93
0 549.2 713.259 300 93
0 549.2 713.418 300 93
0 549.2 713.548 300 93
0 549.2 713.719 300 93
0 549.2 713.904 300 93
0 549.2 714.067 300 93
0 549.2 714.198 300 93
0 549.2 714.454 300 93
0 549.2 714.593 300 93
0 549.2 714.696 300 93
0 549.2 714.831 300 93
0 549.2 715.004 300 93
0 549.2 715.126 300 93
0 549.2 715.258 300 93
0 549.2 715.471 300 93
0 549.2 715.606 300 93
0 549.2 715.762 300 93
0 549.2 715.899 300 93
0 549.2 716.048 300 93
0 549.2 716.284 300 93
0 549.2 716.374 300 93
0 549.2 716.501 300 93
0 549.2 716.644 300 93
0 549.2 716.864 300 93
0 549.2 717.056 300 93
0 549.2 717.211 300 93
0 549.2 717.341 300 93
0 549.2 717.475 300 93
0 549.2 717.687 300 93
0 549.2 717.817 300 93
0 549.2 717.95 300 93
0 549.2 718.125 300 93
0 549.2 718.3 300 93
0 549.2 718.521 300 93
0 549.2 718.693 300 93
0 549.2 718.88 300 93
0 549.2 719.097 300 93
0 549.2 719.359 300 93
0 549.2 719.514 300 93
0 549.2 719.664 300 93
0 549.2 719.803 300 93
0 549.2 719.966 300 93
0 549.2 720.107 300 93
0 549.2 720.243 300 93
0 549.2 720.376 300 93
0 549.2 720.561 300 93
0 549.2 720.764 300 93
0 549.2 720.899 300 93
0 549.2 721.159 300 93
0 549.2 721.3 300 93
0 549.2 721.446 300 93
0 549.2 721.59 300 93
0 549.2 721.727 300 93
0 549.2 721.914 300 93
0 549.2 722.039 300 93
0 549.2 722.117 300 93
0 549.2 722.259 300 93
0 549.2 722.436 300 93
0 549.2 722.559 300 93
0 549.2 722.764 300 93
0 549.2 722.899 300 93
0 549.2 723.037 300 93
0 549.2 723.164 300 93
0 549.2 723.292 300 93
0 549.2 723.519 300 93
0 549.2 723.606 300 93
0 549.2 723.781 300 93
0 549.2 723.912 300 93
0 549.2 724.007 300 93
0 549.2 724.229 300 93
0 549.2 724.463 300 93
0 549.2 724.597 300 93
0 549.2 724.74 300 93
0 549.2 724.883 300 93
0 549.2 725.163 300 93
0 549.2 725.282 300 93
0 549.2 725.419 300 93
0 549.2 725.557 300 93
0 549.2 725.736 300 93
0 549.2 725.872 300 93
0 549.2 725.993 300 93
0 549.2 726.167 300 93
0 549.2 726.322 300 93
0 549.2 726.544 300 93
0 549.2 726.738 300 93
0 549.2 726.897 300 93
0 549.2 727.035 300 93
0 549.2 727.19 300 93
0 549.2 727.31 300 93
0 549.2 727.447 300 93
0 549.2 727.532 300 93
0 549.2 727.672 300 93
0 549.2 727.805 300 93
0 549.2 728.013 300 93
0 549.2 728.164 300 93
0 549.2 728.305 300 93
0 549.2 728.448 300 93
0 549.2 728.598 300 93
0 549.2 728.765 300 93
0 549.2 728.895 300 93
0 549.2 729.002 300 93
0 549.2 729.141 300 93
0 549.2 729.267 300 93
0 549.2 729.404 300 93
0 549.2 729.542 300 93
0 549.2 729.716 300 93
0 549.2 729.857 300 93
0 549.2 729.999 300 93
0 549.2 730.159 300 93
0 549.2 730.293 300 93
0 549.2 730.429 300 93
0 549.2 730.565 300 93
0 549.2 730.667 300 93
0 549.2 730.794 300 93
0 549.2 730.908 300 93
0 549.2 731.054 300 93
0 549.2 731.173 300 93
0 549.2 731.301 300 93
0 549.2 731.432 300 93
0 549.2 731.605 300 93
0 549.2 731.776 300 93
0 549.2 731.92 300 93
0 549.2 732.149 300 93
0 549.2 732.379 300 93
0 549.2 732.511 300 93
0 549.2 732.612 300 93
0 549.2 732.788 300 93
0 549.2 732.894 300 93
0 549.2 732.984 300 93
0 549.2 733.119 300 93
0 549.2 733.221 300 93
0 549.2 733.309 300 93
0 549.2 733.401 300 93
0 549.2 733.483 300 93
0 549.2 733.603 300 93
0 549.2 733.715 300 93
0 549.2 733.8 300 93
0 549.2 733.896 300 93
0 549.2 733.993 300 93
0 549.2 734.078 300 93
0 549.2 734.204 300 93
0 549.2 734.293 300 93
0 549.2 734.405 300 93
0 549.2 734.488 300 93
0 549.2 734.581 300 93
0 549.2 734.672 300 93
0 549.2 734.805 300 93
0 549.2 734.893 300 93
0 549.2 735.023 300 93
0 549.2 735.157 300 93
0 549.2 735.248 300 93
0 549.2 735.356 300 93
0 549.2 735.421 300 93
0 549.2 735.538 300 93
0 549.2 735.632 300 93
0 549.2 735.767 300 93
0 549.2 735.859 300 93
0 549.2 735.954 300 93
0 549.2 736.047 300 93
0 549.2 736.135 300 93
0 549.2 736.22 300 93
0 549.2 736.279 300 93
0 549.2 736.361 300 93
0 549.2 736.475 300 93
0 549.2 736.564 300 93
0 549.2 736.721 300 93
0 549.2 736.832 300 93
0 549.2 736.96 300 93
0 549.2 737.104 300 93
0 549.2 737.269 300 93
0 549.2 737.394 300 93
0 549.2 737.542 300 93
0 549.2 737.687 300 93
0 549.2 737.825 300 93
0 549.2 738.003 300 93
0 549.2 738.13 300 93
0 549.2 738.275 300 93
0 549.2 738.411 300 93
0 549.2 738.605 300 93
0 549.2 738.751 300 93
0 549.2 738.896 300 93
0 549.2 739.038 300 93
0 549.2 739.264 300 93
0 549.2 739.41 300 93
0 549.2 739.502 300 93
0 549.2 739.604 300 93
0 549.2 739.706 300 93
0 549.2 739.848 300 93
0 549.2 739.979 300 93
0 549.2 740.161 300 93
0 549.2 740.284 300 93
0 549.2 740.41 300 93
0 549.2 740.582 300 93
0 549.2 740.712 300 93
0 549.2 740.87 300 93
0 549.2 741 300 93
0 549.2 741.195 300 93
0 549.2 741.314 300 93
0 549.2 741.458 300 93
0 549.2 741.6 300 93
0 549.2 741.729 300 93
0 549.2 741.862 300 93
0 549.2 741.981 300 93
0 549.2 742.112 300 93
0 549.2 742.222 300 93
0 549.2 742.273 300 93
0 549.2 742.363 300 93
0 549.2 742.454 300 93
0 549.2 742.544 300 93
0 549.2 742.642 300 93
0 549.2 742.742 300 93
0 549.2 742.848 300 93
0 549.2 743.038 300 93
0 549.2 743.173 300 93
0 549.2 743.382 300 93
0 549.2 743.535 300 93
0 549.2 743.67 300 93
0 549.2 743.814 300 93
0 549.2 743.95 300 93
0 549.2 744.177 300 93
0 549.2 744.323 300 93
0 549.2 744.45 300 93
0 549.2 744.644 300 93
0 549.2 744.778 300 93
0 549.2 744.921 300 93
0 549.2 745.041 300 93
0 549.2 745.176 300 93
0 549.2 745.292 300 93
0 549.2 745.415 300 93
0 549.2 745.54 300 93
0 549.2 745.676 300 93
0 549.2 745.853 300 93
0 549.2 746.036 300 93
0 549.2 746.167 300 93
0 549.2 746.305 300 93
0 549.2 746.444 300 93
0 549.2 746.579 300 93
0 549.2 746.764 300 93
0 549.2 746.853 300 93
0 549.2 746.981 300 93
0 549.2 747.155 300 93
0 549.2 747.285 300 93
0 549.2 747.474 300 93
0 549.2 747.686 300 93
0 549.2 747.804 300 93
0 549.2 747.93 300 93
0 549.2 748.145 300 93
0 549.2 748.28 300 93
0 549.2 748.401 300 93
0 549.2 748.543 300 93
0 549.2 748.679 300 93
0 549.2 748.777 300 93
0 549.2 748.932 300 93
0 549.2 749.085 300 93
0 549.2 749.266 300 93
0 549.2 749.494 300 93
0 549.2 749.628 300 93
0 549.2 749.726 300 93
0 549.2 749.846 300 93
0 549.2 749.99 300 93
0 549.2 750.127 300 93
0 549.2 750.283 300 93
0 549.2 750.428 300 93
0 549.2 750.571 300 93
0 549.2 750.806 300 93
0 549.2 750.99 300 93
0 549.2 751.117 300 93
0 549.2 751.249 300 93
0 549.2 751.438 300 93
0 549.2 751.572 300 93
0 549.2 751.772 300 93
0 549.2 751.914 300 93
0 549.2 752.05 300 93
0 549.2 752.184 300 93
0 549.2 752.393 300 93
0 549.2 752.561 300 93
0 549.2 752.716 300 93
0 549.2 752.86 300 93
0 549.2 753.101 300 93
0 549.2 753.253 300 93
0 549.2 753.389 300 93
0 549.2 753.537 300 93
0 549.2 753.8 300 93
0 549.2 753.977 300 93
0 549.2 754.131 300 93
0 549.2 754.219 300 93
0 549.2 754.352 300 93
0 549.2 754.538 300 93
0 549.2 754.722 300 93
0 549.2 754.881 300 93
0 549.2 755.011 300 93
0 549.2 755.202 300 93
0 549.2 755.395 300 93
0 549.2 755.54 300 93
0 549.2 755.634 300 93
0 549.2 755.791 300 93
0 549.2 755.951 300 93
0 549.2 756.125 300 93
0 549.2 756.277 300 93
0 549.2 756.417 300 93
0 549.2 756.603 300 93
0 549.2 756.702 300 93
0 549.2 756.91 300 93
0 549.2 757.136 300 93
0 549.2 757.307 300 93
0 549.2 757.44 300 93
0 549.2 757.573 300 93
0 549.2 757.807 300 93
0 549.2 757.949 300 93
0 549.2 758.089 300 93
0 549.2 758.253 300 93
0 549.2 758.403 300 93
0 549.2 758.561 300 93
0 549.2 758.746 300 93
0 549.2 758.905 300 93
0 549.2 759.057 300 93
0 549.2 759.219 300 93
0 549.2 759.367 300 93
0 549.2 759.467 300 93
0 549.2 759.556 300 93
0 549.2 759.781 300 93
0 549.2 759.908 300 93
0 549.2 760.066 300 93
0 549.2 760.204 300 93
0 549.2 760.341 300 93
0 549.2 760.474 300 93
0 549.2 760.591 300 93
0 549.2 760.747 300 93
0 549.2 760.908 300 93
0 549.2 761.16 300 93
0 549.2 761.342 300 93
0 549.2 761.587 300 93
0 549.2 761.745 300 93
0 549.2 761.868 300 93
0 549.2 762.047 300 93
0 549.2 762.224 300 93
0 549.2 762.357 300 93
0 549.2 762.501 300 93
0 549.2 762.599 300 93
0 549.2 762.735 300 93
0 549.2 762.86 300 93
0 549.2 763.002 300 93
0 549.2 763.13 300 93
0 549.2 763.326 300 93
0 549.2 763.554 300 93
0 549.2 763.684 300 93
0 549.2 763.804 300 93
0 549.2 763.96 300 93
0 549.2 764.109 300 93
0 549.2 764.245 300 93
0 549.2 764.444 300 93
0 549.2 764.624 300 93
0 549.2 764.764 300 93
0 549.2 764.942 300 93
0 549.2 765.17 300 93
0 549.2 765.279 300 93
0 549.2 765.402 300 93
0 549.2 765.527 300 93
0 549.2 765.672 300 93
0 549.2 765.796 300 93
0 549.2 765.977 300 93
0 549.2 766.175 300 93
0 549.2 766.306 300 93
0 549.2 766.431 300 93
0 549.2 766.55 300 93
0 549.2 766.731 300 93
0 549.2 766.977 300 93
0 549.2 767.177 300 93
0 549.2 767.333 300 93
0 549.2 767.456 300 93
0 549.2 767.589 300 93
0 549.2 767.729 300 93
0 549.2 767.871 300 93
0 549.2 768.005 300 93
0 549.2 768.176 300 93
0 549.2 768.32 300 93
0 549.2 768.454 300 93
0 549.2 768.609 300 93
0 549.2 768.756 300 93
0 549.2 768.841 300 93
0 549.2 769.044 300 93
0 549.2 769.294 300 93
0 549.2 769.499 300 93
0 549.2 769.722 300 93
0 549.2 769.879 300 93
0 549.2 770.019 300 93
0 549.2 770.165 300 93
0 549.2 770.418 300 93
0 549.2 770.648 300 93
0 549.2 770.767 300 93
0 549.2 770.961 300 93
0 549.2 771.169 300 93
0 549.2 771.376 300 93
0 549.2 771.505 300 93
0 549.2 771.67 300 93
0 549.2 771.828 300 93
0 549.2 771.952 300 93
0 549.2 772.103 300 93
0 549.2 772.25 300 93
0 549.2 772.386 300 93
0 549.2 772.521 300 93
0 549.2 772.709 300 93
0 549.2 772.843 300 93
0 549.2 772.987 300 93
0 549.2 773.102 300 93
0 549.2 773.237 300 93
0 549.2 773.455 300 93
0 549.2 773.553 300 93
0 549.2 773.701 300 93
0 549.2 773.872 300 93
0 549.2 774.005 300 93
0 549.2 774.173 300 93
0 549.2 774.305 300 93
0 549.2 774.43 300 93
0 549.2 774.585 300 93
0 549.2 774.773 300 93
0 549.2 774.909 300 93
0 549.2 775.103 300 93
0 549.2 775.38 300 93
0 549.2 775.522 300 93
0 549.2 775.705 300 93
0 549.2 775.886 300 93
0 549.2 776.025 300 93
0 549.2 776.196 300 93
0 549.2 776.368 300 93
0 549.2 776.553 300 93
0 549.2 776.686 300 93
0 549.2 776.865 300 93
0 549.2 777.017 300 93
0 549.2 777.148 300 93
0 549.2 777.287 300 93
0 549.2 777.427 300 93
0 549.2 777.561 300 93
0 549.2 777.673 300 93
0 549.2 777.801 300 93
0 549.2 777.897 300 93
0 549.2 778.08 300 93
0 549.2 778.223 300 93
0 549.2 778.376 300 93
0 549.2 778.545 300 93
0 549.2 778.727 300 93
0 549.2 778.851 300 93
0 549.2 778.926 300 93
0 549.2 779.038 300 93
0 549.2 779.179 300 93
0 549.2 779.269 300 93
0 549.2 779.386 300 93
0 549.2 779.534 300 93
0 549.2 779.666 300 93
0 549.2 779.881 300 93
0 549.2 780.016 300 93
0 549.2 780.142 300 93
0 549.2 780.309 300 93
0 549.2 780.445 300 93
0 549.2 780.647 300 93
0 549.2 780.814 300 93
0 549.2 781.03 300 93
0 549.2 781.176 300 93
0 549.2 781.322 300 93
0 549.2 781.464 300 93
0 549.2 781.595 300 93
0 549.2 781.75 300 93
0 549.2 781.873 300 93
0 549.2 782.016 300 93
0 549.2 782.138 300 93
0 549.2 782.281 300 93
0 549.2 782.388 300 93
0 549.2 782.536 300 93
0 549.2 782.674 300 93
0 549.2 782.816 300 93
0 549.2 782.958 300 93
0 549.2 783.126 300 93
0 549.2 783.267 300 93
0 549.2 783.402 300 93
0 549.2 783.538 300 93
0 549.2 783.819 300 93
0 549.2 783.955 300 93
0 549.2 784.074 300 93
0 549.2 784.373 300 93
0 549.2 784.515 300 93
0 549.2 784.648 300 93
0 549.2 784.799 300 93
0 549.2 785.047 300 93
0 549.2 785.301 300 93
0 549.2 785.444 300 93
0 549.2 785.66 300 93
0 549.2 785.82 300 93
0 549.2 785.986 300 93
0 549.2 786.257 300 93
0 549.2 786.422 300 93
0 549.2 786.545 300 93
0 549.2 786.683 300 93
0 549.2 786.872 300 93
0 549.2 787.021 300 93
0 549.2 787.258 300 93
0 549.2 787.385 300 93
0 549.2 787.521 300 93
0 549.2 787.64 300 93
0 549.2 787.756 300 93
0 549.2 787.883 300 93
0 549.2 788.019 300 93
0 549.2 788.182 300 93
0 549.2 788.394 300 93
0 549.2 788.644 300 93
0 549.2 788.744 300 93
0 549.2 788.89 300 93
0 549.2 789.012 300 93
0 549.2 789.127 300 93
0 549.2 789.225 300 93
0 549.2 789.322 300 93
0 549.2 789.407 300 93
0 549.2 789.507 300 93
0 549.2 789.609 300 93
0 549.2 789.733 300 93
0 549.2 789.821 300 93
0 549.2 789.909 300 93
0 549.2 790 300 93
0 549.2 790.075 300 93
0 549.2 790.16 300 93
0 549.2 790.245 300 93
0 549.2 790.344 300 93
0 549.2 790.439 300 93
0 549.2 790.544 300 93
0 549.2 790.633 300 93
0 549.2 790.757 300 93
0 549.2 790.847 300 93
0 549.2 790.977 300 93
0 549.2 791.149 300 93
0 549.2 791.279 300 93
0 549.2 791.42 300 93
0 549.2 791.634 300 93
0 549.2 791.774 300 93
0 549.2 791.98 300 93
0 549.2 792.099 300 93
0 549.2 792.22 300 93
0 549.2 792.346 300 93
0 549.2 792.484 300 93
0 549.2 792.623 300 93
0 549.2 793.008 300 93
0 549.2 793.145 300 93
0 549.2 793.326 300 93
0 549.2 793.462 300 93
0 549.2 793.595 300 93
0 549.2 793.748 300 93
0 549.2 793.921 300 93
0 549.2 794.062 300 93
0 549.2 794.194 300 93
0 549.2 794.397 300 93
0 549.2 794.533 300 93
0 549.2 794.688 300 93
0 549.2 794.832 300 93
0 549.2 795.089 300 93
0 549.2 795.206 300 93
0 549.2 795.35 300 93
0 549.2 795.497 300 93
0 549.2 795.681 300 93
0 549.2 795.818 300 93
0 549.2 795.946 300 93
0 549.2 796.074 300 93
0 549.2 796.212 300 93
0 549.2 796.358 300 93
0 549.2 796.506 300 93
0 549.2 796.647 300 93
0 549.2 796.791 300 93
0 549.2 796.946 300 93
0 549.2 797.093 300 93
0 549.2 797.243 300 93
0 549.2 797.401 300 93
0 549.2 797.595 300 93
0 549.2 797.734 300 93
0 549.2 797.87 300 93
0 549.2 797.998 300 93
0 549.2 798.118 300 93
0 549.2 798.215 300 93
0 549.2 798.307 300 93
0 549.2 798.444 300 93
0 549.2 798.528 300 93
0 549.2 798.624 300 93
0 549.2 798.714 300 93
0 549.2 798.808 300 93
0 549.2 798.903 300 93
0 549.2 798.99 300 93
0 549.2 799.093 300 93
0 549.2 799.309 300 93
0 549.2 799.412 300 93
0 549.2 799.604 300 93
0 549.2 799.791 300 93
0 549.2 799.92 300 93
