0 767.6 0.013362 300 0
0 762 0.020392 5
0 750.8 0.023525 5
0 739.6 0.026565 5
0 724.8 0.029024 5
0 694.8 0.032957 5
0 672.4 0.036454 5
0 672.4 0.087763 300 71
0 661.2 0.127002 71
0 650 0.147475 71
0 650 0.210349 300 80
0 582.8 0.223574 80
0 582.8 0.287669 300 83
0 582.8 0.36821 300 83
0 582.8 0.445181 300 83
0 582.8 0.50935 300 83
0 582.8 0.590478 300 83
0 582.8 0.703247 300 83
0 582.8 0.785052 300 83
0 582.8 0.88789 300 87
0 582.8 0.962369 300 87
0 582.8 1.05183 300 87
0 582.8 1.12834 300 87
0 582.8 1.21013 300 87
0 571.6 1.22161 87
0 571.6 1.29244 300 87
0 571.6 1.39444 300 87
0 571.6 1.47819 300 87
0 571.6 1.56437 300 87
0 571.6 1.6107 300 87
0 571.6 1.66291 300 87
0 571.6 1.775 300 87
0 571.6 1.84591 300 87
0 571.6 1.94715 300 87
0 571.6 2.03315 300 87
0 571.6 2.11955 300 89
0 571.6 2.20636 300 89
0 571.6 2.28241 300 89
0 571.6 2.35676 300 89
0 571.6 2.43867 300 89
0 571.6 2.51562 300 89
0 571.6 2.60509 300 89
0 571.6 2.69096 300 89
0 571.6 2.81857 300 89
0 571.6 2.87726 300 89
0 571.6 2.97704 300 89
0 571.6 3.07081 300 89
0 571.6 3.14136 300 89
0 571.6 3.21081 300 89
0 571.6 3.29277 300 89
0 571.6 3.39196 300 89
0 571.6 3.46695 300 89
0 571.6 3.55311 300 89
0 571.6 3.63948 300 89
0 571.6 3.71377 300 89
0 571.6 3.7866 300 89
0 571.6 3.8966 300 89
0 571.6 3.97162 300 89
0 571.6 4.02841 300 89
0 571.6 4.11035 300 89
0 571.6 4.20424 300 89
0 571.6 4.27565 300 89
0 571.6 4.34461 300 89
0 571.6 4.43945 300 89
0 571.6 4.51812 300 89
0 571.6 4.59859 300 89
0 571.6 4.73724 300 89
0 571.6 4.82086 300 89
0 571.6 4.90372 300 89
0 571.6 5.00967 300 89
0 571.6 5.09328 300 89
0 571.6 5.2321 300 89
0 554.8 5.25052 89
0 554.8 5.32107 300 89
0 554.8 5.39956 300 89
0 554.8 5.46681 300 89
0 554.8 5.5811 300 89
0 554.8 5.74758 300 89
0 554.8 5.82561 300 89
0 554.8 5.92974 300 89
0 554.8 6.05938 300 89
0 554.8 6.15526 300 89
0 554.8 6.24235 300 89
0 554.8 6.37 300 89
0 554.8 6.4491 300 89
0 554.8 6.53396 300 89
0 554.8 6.64176 300 89
0 554.8 6.7315 300 89
0 554.8 6.82713 300 89
0 554.8 6.97442 300 89
0 554.8 7.06583 300 89
0 554.8 7.15752 300 89
0 554.8 7.24326 300 89
0 554.8 7.39656 300 89
0 554.8 7.5402 300 89
0 554.8 7.65532 300 89
0 554.8 7.74389 300 89
0 554.8 7.82902 300 89
0 554.8 7.91018 300 91
0 554.8 8.0675 300 91
0 554.8 8.15088 300 91
0 554.8 8.21295 300 91
0 554.8 8.30685 300 91
0 554.8 8.39674 300 91
0 554.8 8.46897 300 91
0 554.8 8.57146 300 91
0 554.8 8.67387 300 91
0 554.8 8.86443 300 91
0 554.8 9.02093 300 91
0 554.8 9.1631 300 91
0 554.8 9.34929 300 91
0 554.8 9.55635 300 91
0 554.8 9.83638 300 91
0 554.8 9.98401 300 91
0 554.8 10.1176 300 91
0 554.8 10.2643 300 91
0 554.8 10.4407 300 91
0 554.8 10.6241 300 91
0 554.8 10.7657 300 91
0 554.8 10.9175 300 91
0 554.8 11.0399 300 91
0 554.8 11.2453 300 91
0 554.8 11.3593 300 91
0 554.8 11.4747 300 91
0 554.8 11.6192 300 91
0 554.8 11.7468 300 91
0 554.8 11.8794 300 91
0 554.8 12.0177 300 91
0 554.8 12.1624 300 91
0 554.8 12.2837 300 91
0 554.8 12.4532 300 91
0 554.8 12.5829 300 91
0 554.8 12.7014 300 91
0 554.8 12.8508 300 91
0 554.8 12.9341 300 91
0 554.8 13.1331 300 91
0 554.8 13.2564 300 91
0 554.8 13.3963 300 91
0 554.8 13.5575 300 91
0 554.8 13.7939 300 91
0 554.8 13.9989 300 91
0 554.8 14.133 300 91
0 554.8 14.2789 300 91
0 554.8 14.4203 300 91
0 554.8 14.6219 300 91
0 554.8 14.7631 300 91
0 554.8 14.9078 300 91
0 554.8 15.1052 300 91
0 554.8 15.231 300 91
0 554.8 15.4216 300 91
0 554.8 15.5668 300 91
0 554.8 15.7012 300 91
0 554.8 15.8529 300 91
0 554.8 16.012 300 91
0 554.8 16.1613 300 91
0 554.8 16.3859 300 91
0 554.8 16.5948 300 91
0 554.8 16.7467 300 91
0 554.8 16.8929 300 91
0 554.8 17.0464 300 91
0 554.8 17.214 300 91
0 554.8 17.3224 300 91
0 554.8 17.4736 300 91
0 554.8 17.745 300 91
0 554.8 17.9014 300 91
0 554.8 18.0977 300 91
0 554.8 18.4125 300 91
0 554.8 18.5889 300 91
0 554.8 18.8333 300 91
0 554.8 19.0372 300 91
0 554.8 19.2682 300 91
0 554.8 19.4332 300 91
0 554.8 19.5814 300 91
0 554.8 19.7315 300 91
0 554.8 19.9323 300 91
0 554.8 20.0764 300 91
0 554.8 20.244 300 91
0 554.8 20.3987 300 91
0 554.8 20.5414 300 91
0 554.8 20.7142 300 91
0 554.8 20.9097 300 91
0 554.8 21.0655 300 91
0 554.8 21.1593 300 91
0 554.8 21.3087 300 91
0 554.8 21.4493 300 91
0 554.8 21.599 300 91
0 554.8 21.7952 300 91
0 554.8 21.9522 300 91
0 554.8 22.1151 300 91
0 554.8 22.2639 300 91
0 554.8 22.393 300 91
0 554.8 22.5989 300 91
0 554.8 22.7464 300 91
0 554.8 22.9206 300 91
0 554.8 23.073 300 91
0 554.8 23.2747 300 91
0 554.8 23.4278 300 91
0 554.8 23.6683 300 91
0 554.8 23.8636 300 91
0 554.8 24.0065 300 91
0 554.8 24.1506 300 91
0 554.8 24.3455 300 91
0 554.8 24.4907 300 91
0 554.8 24.634 300 91
0 554.8 24.7641 300 91
0 554.8 24.8645 300 91
0 554.8 25.0675 300 91
0 554.8 25.2735 300 91
0 554.8 25.475 300 91
0 554.8 25.5732 300 91
0 554.8 25.7236 300 91
0 554.8 25.8644 300 91
0 554.8 26.0241 300 91
0 554.8 26.1829 300 91
0 554.8 26.3383 300 91
0 554.8 26.5979 300 91
0 554.8 26.7387 300 91
0 554.8 26.9481 300 91
0 554.8 27.1215 300 91
0 554.8 27.2539 300 91
0 554.8 27.4068 300 91
0 554.8 27.6013 300 91
0 554.8 27.7003 300 91
0 554.8 27.8467 300 91
0 554.8 27.9998 300 91
0 554.8 28.1587 300 91
0 554.8 28.3088 300 91
0 554.8 28.4643 300 91
0 554.8 28.614 300 91
0 554.8 28.7673 300 91
0 554.8 28.9188 300 91
0 554.8 29.0582 300 91
0 554.8 29.2638 300 91
0 554.8 29.4576 300 91
0 554.8 29.6225 300 91
0 554.8 29.8023 300 91
0 554.8 29.9434 300 91
0 554.8 30.0834 300 91
0 554.8 30.2264 300 91
0 554.8 30.3309 300 91
0 554.8 30.4788 300 91
0 554.8 30.6744 300 91
0 554.8 30.8663 300 91
0 554.8 31.0102 300 91
0 554.8 31.1288 300 91
0 554.8 31.29 300 91
0 554.8 31.4411 300 91
0 554.8 31.7112 300 91
0 554.8 31.8577 300 91
0 554.8 32.0468 300 91
0 554.8 32.2692 300 91
0 554.8 32.411 300 91
0 554.8 32.5659 300 91
0 554.8 32.7125 300 91
0 554.8 32.864 300 91
0 554.8 33.0189 300 91
0 554.8 33.1978 300 91
0 554.8 33.3508 300 91
0 554.8 33.5118 300 91
0 554.8 33.6552 300 91
0 554.8 33.7909 300 91
0 554.8 33.9699 300 91
0 554.8 34.105 300 91
0 554.8 34.302 300 91
0 554.8 34.3939 300 91
0 554.8 34.5961 300 91
0 554.8 34.7727 300 91
0 554.8 34.9272 300 91
0 554.8 35.1262 300 91
0 554.8 35.275 300 91
0 554.8 35.4874 300 91
0 554.8 35.6385 300 91
0 554.8 35.889 300 91
0 554.8 36.0804 300 91
0 554.8 36.3139 300 91
0 554.8 36.4524 300 91
0 554.8 36.6297 300 91
0 554.8 36.7703 300 91
0 554.8 36.9006 300 91
0 554.8 37.0307 300 91
0 554.8 37.2443 300 91
0 554.8 37.4755 300 91
0 554.8 37.605 300 91
0 554.8 37.827 300 91
0 554.8 37.9502 300 91
0 554.8 38.0904 300 91
0 554.8 38.29 300 91
0 554.8 38.5611 300 91
0 554.8 38.6964 300 91
0 554.8 38.8496 300 91
0 554.8 38.9385 300 91
0 554.8 39.0832 300 91
0 554.8 39.2155 300 91
0 554.8 39.3948 300 91
0 554.8 39.5712 300 91
0 554.8 39.7149 300 91
0 554.8 39.8871 300 91
0 554.8 40.0285 300 91
0 554.8 40.2436 300 91
0 554.8 40.4191 300 91
0 554.8 40.5435 300 91
0 554.8 40.684 300 91
0 554.8 40.821 300 91
0 554.8 41.0411 300 91
0 554.8 41.1288 300 91
0 554.8 41.2782 300 91
0 554.8 41.4054 300 91
0 554.8 41.5697 300 91
0 554.8 41.7178 300 91
0 554.8 41.8411 300 91
0 554.8 41.9387 300 91
0 554.8 42.0858 300 91
0 554.8 42.273 300 91
0 554.8 42.3977 300 91
0 554.8 42.5418 300 91
0 554.8 42.7395 300 91
0 554.8 42.922 300 91
0 554.8 43.0563 300 91
0 554.8 43.2618 300 91
0 554.8 43.3956 300 91
0 554.8 43.5401 300 91
0 554.8 43.6949 300 91
0 554.8 43.8354 300 91
0 554.8 44.009 300 91
0 554.8 44.1392 300 91
0 554.8 44.2667 300 91
0 554.8 44.3543 300 91
0 554.8 44.4731 300 91
0 554.8 44.5915 300 91
0 554.8 44.7258 300 91
0 554.8 44.817 300 91
0 554.8 44.9596 300 91
0 554.8 45.0764 300 91
0 554.8 45.2329 300 91
0 554.8 45.3796 300 91
0 554.8 45.5087 300 91
0 554.8 45.6282 300 91
0 554.8 45.7874 300 91
0 554.8 45.9309 300 91
0 554.8 46.0781 300 91
0 554.8 46.2056 300 91
0 554.8 46.3431 300 91
0 554.8 46.4712 300 91
0 554.8 46.5953 300 91
0 554.8 46.7236 300 91
0 554.8 46.8536 300 91
0 554.8 47.0233 300 91
0 554.8 47.152 300 91
0 554.8 47.2701 300 91
0 554.8 47.3998 300 91
0 554.8 47.5298 300 91
0 554.8 47.6749 300 91
0 554.8 47.7929 300 91
0 554.8 47.8867 300 91
0 554.8 48.0107 300 91
0 554.8 48.1535 300 91
0 554.8 48.2633 300 91
0 554.8 48.4209 300 91
0 554.8 48.6215 300 91
0 554.8 48.7645 300 91
0 554.8 48.9026 300 91
0 554.8 49.0246 300 91
0 554.8 49.2066 300 91
0 554.8 49.3274 300 91
0 554.8 49.4891 300 91
0 554.8 49.677 300 91
0 554.8 49.7895 300 91
0 554.8 49.875 300 91
0 554.8 50.0223 300 91
0 554.8 50.1511 300 91
0 554.8 50.2975 300 91
0 554.8 50.428 300 91
0 554.8 50.5591 300 91
0 554.8 50.7468 300 91
0 554.8 50.8422 300 91
0 554.8 50.9784 300 91
0 554.8 51.1083 300 91
0 554.8 51.2889 300 91
0 554.8 51.5131 300 91
0 554.8 51.6503 300 91
0 554.8 51.7805 300 91
0 554.8 51.9135 300 91
0 554.8 52.0366 300 91
0 554.8 52.153 300 91
0 554.8 52.2871 300 91
0 554.8 52.4572 300 91
0 554.8 52.5782 300 91
0 554.8 52.716 300 91
0 554.8 52.8399 300 91
0 554.8 53.0474 300 91
0 554.8 53.1686 300 91
0 554.8 53.33 300 91
0 554.8 53.462 300 91
0 554.8 53.5666 300 91
0 554.8 53.7094 300 91
0 554.8 53.8869 300 91
0 554.8 54.111 300 91
0 554.8 54.4229 300 91
0 554.8 54.6124 300 91
0 554.8 54.7574 300 91
0 554.8 54.9102 300 91
0 554.8 55.048 300 91
0 554.8 55.199 300 91
0 554.8 55.3845 300 91
0 554.8 55.5315 300 91
0 554.8 55.7105 300 91
0 554.8 55.8663 300 91
0 554.8 55.996 300 91
0 554.8 56.1417 300 91
0 554.8 56.2822 300 91
0 554.8 56.4028 300 91
0 554.8 56.5212 300 91
0 554.8 56.6108 300 91
0 554.8 56.8053 300 91
0 554.8 56.9267 300 91
0 554.8 57.0741 300 91
0 554.8 57.2091 300 91
0 554.8 57.3584 300 91
0 554.8 57.4912 300 91
0 554.8 57.6813 300 91
0 554.8 57.8178 300 91
0 554.8 57.9404 300 91
0 554.8 58.1054 300 91
0 554.8 58.2478 300 91
0 554.8 58.3879 300 91
0 554.8 58.5254 300 91
0 554.8 58.6621 300 91
0 554.8 58.7974 300 91
0 554.8 58.9419 300 91
0 554.8 59.0649 300 91
0 554.8 59.2532 300 91
0 554.8 59.3776 300 91
0 554.8 59.5026 300 91
0 554.8 59.7016 300 91
0 554.8 59.8516 300 91
0 554.8 60.0556 300 91
0 554.8 60.1947 300 91
0 554.8 60.3439 300 91
0 554.8 60.4405 300 91
0 554.8 60.5621 300 91
0 554.8 60.6909 300 91
0 554.8 60.8189 300 91
0 554.8 61.0143 300 91
0 554.8 61.1673 300 91
0 554.8 61.3014 300 91
0 554.8 61.5235 300 91
0 554.8 61.665 300 91
0 554.8 61.7947 300 91
0 554.8 61.9595 300 91
0 554.8 62.0885 300 91
0 554.8 62.2262 300 91
0 554.8 62.4177 300 91
0 554.8 62.5499 300 91
0 554.8 62.7297 300 91
0 554.8 62.8616 300 91
0 554.8 62.9986 300 91
0 554.8 63.18 300 91
0 554.8 63.2946 300 91
0 554.8 63.5049 300 91
0 554.8 63.6301 300 91
0 554.8 63.7733 300 91
0 554.8 63.9133 300 91
0 554.8 64.0775 300 91
0 554.8 64.2184 300 91
0 554.8 64.3741 300 91
0 554.8 64.5085 300 91
0 554.8 64.6455 300 91
0 554.8 64.7793 300 91
0 554.8 64.9117 300 91
0 554.8 65.0638 300 91
0 554.8 65.2566 300 91
0 554.8 65.4714 300 91
0 554.8 65.6712 300 91
0 554.8 65.7541 300 91
0 554.8 65.9038 300 91
0 554.8 66.0473 300 91
0 554.8 66.1868 300 91
0 554.8 66.3122 300 91
0 554.8 66.4411 300 91
0 554.8 66.6844 300 91
0 554.8 66.9174 300 91
0 554.8 67.0624 300 91
0 554.8 67.2429 300 91
0 554.8 67.389 300 91
0 554.8 67.517 300 91
0 554.8 67.6434 300 91
0 554.8 67.7723 300 91
0 554.8 67.8997 300 91
0 554.8 67.9939 300 91
0 554.8 68.1428 300 91
0 554.8 68.2238 300 91
0 554.8 68.3656 300 91
0 554.8 68.495 300 91
0 554.8 68.6918 300 91
0 554.8 68.8497 300 91
0 554.8 68.9981 300 91
0 554.8 69.1223 300 91
0 554.8 69.2491 300 91
0 554.8 69.3811 300 91
0 554.8 69.5184 300 91
0 554.8 69.643 300 91
0 554.8 69.7759 300 91
0 554.8 69.9187 300 91
0 554.8 70.0398 300 91
0 554.8 70.1191 300 91
0 554.8 70.2646 300 91
0 554.8 70.4159 300 91
0 554.8 70.5525 300 91
0 554.8 70.6781 300 91
0 554.8 70.7917 300 91
0 554.8 70.9372 300 91
0 554.8 71.0521 300 91
0 554.8 71.209 300 91
0 554.8 71.4283 300 91
0 554.8 71.5568 300 91
0 554.8 71.8631 300 91
0 554.8 72.004 300 91
0 554.8 72.1394 300 91
0 554.8 72.2598 300 91
0 554.8 72.3902 300 91
0 554.8 72.627 300 91
0 554.8 72.7575 300 91
0 554.8 72.9011 300 91
0 554.8 73.1027 300 91
0 554.8 73.2765 300 91
0 554.8 73.409 300 91
0 554.8 73.5831 300 91
0 554.8 73.8179 300 91
0 554.8 74.1012 300 91
0 554.8 74.2406 300 91
0 554.8 74.3809 300 91
0 554.8 74.5191 300 91
0 554.8 74.6363 300 91
0 554.8 74.7616 300 91
0 554.8 74.8841 300 91
0 554.8 75.0023 300 91
0 554.8 75.1163 300 91
0 554.8 75.3178 300 91
0 554.8 75.5882 300 91
0 554.8 75.7237 300 91
0 554.8 75.8532 300 91
0 554.8 75.985 300 91
0 554.8 76.1039 300 91
0 554.8 76.1794 300 91
0 554.8 76.3128 300 91
0 554.8 76.4747 300 91
0 554.8 76.6336 300 91
0 554.8 76.7945 300 91
0 554.8 76.9817 300 91
0 554.8 77.2086 300 91
0 554.8 77.3499 300 91
0 554.8 77.4904 300 91
0 554.8 77.6421 300 91
0 554.8 77.7715 300 91
0 554.8 77.9392 300 91
0 554.8 78.053 300 91
0 554.8 78.169 300 91
0 554.8 78.3747 300 91
0 554.8 78.508 300 91
0 554.8 78.5979 300 91
0 554.8 78.7262 300 91
0 554.8 78.8514 300 91
0 554.8 79.0012 300 91
0 554.8 79.1257 300 91
0 554.8 79.2817 300 91
0 554.8 79.4646 300 91
0 554.8 79.599 300 91
0 554.8 79.7828 300 91
0 554.8 79.919 300 91
0 554.8 80.054 300 91
0 554.8 80.198 300 91
0 554.8 80.362 300 91
0 554.8 80.6005 300 91
0 554.8 80.7289 300 91
0 554.8 80.8607 300 91
0 554.8 81.029 300 91
0 554.8 81.2173 300 91
0 554.8 81.3579 300 91
0 554.8 81.5068 300 91
0 554.8 81.6662 300 91
0 554.8 81.7728 300 91
0 554.8 81.9104 300 91
0 554.8 82.1037 300 91
0 554.8 82.2511 300 91
0 554.8 82.3819 300 91
0 554.8 82.5103 300 91
0 554.8 82.6782 300 91
0 554.8 82.8012 300 91
0 554.8 82.9696 300 91
0 554.8 83.1026 300 91
0 554.8 83.2844 300 91
0 554.8 83.4307 300 91
0 554.8 83.5665 300 91
0 554.8 83.7448 300 91
0 554.8 83.9394 300 91
0 554.8 84.0677 300 91
0 554.8 84.2393 300 91
0 554.8 84.4 300 91
0 554.8 84.5277 300 91
0 554.8 84.6222 300 91
0 554.8 84.7546 300 91
0 554.8 84.8262 300 91
0 554.8 84.9511 300 91
0 554.8 85.0711 300 91
0 554.8 85.2035 300 91
0 554.8 85.3201 300 91
0 554.8 85.4313 300 91
0 554.8 85.5651 300 91
0 554.8 85.7003 300 91
0 554.8 85.8048 300 91
0 554.8 85.9472 300 91
0 554.8 86.0617 300 91
0 554.8 86.1952 300 91
0 554.8 86.3145 300 91
0 554.8 86.4576 300 91
0 554.8 86.5911 300 91
0 554.8 86.7235 300 91
0 554.8 86.8532 300 91
0 554.8 86.9703 300 91
0 554.8 87.1895 300 91
0 554.8 87.3274 300 91
0 554.8 87.4037 300 91
0 554.8 87.5396 300 91
0 554.8 87.678 300 91
0 554.8 87.847 300 91
0 554.8 88.0543 300 91
0 554.8 88.2691 300 91
0 554.8 88.4059 300 91
0 554.8 88.5466 300 91
0 554.8 88.7814 300 91
0 554.8 88.9034 300 91
0 554.8 89.0525 300 91
0 554.8 89.1816 300 91
0 554.8 89.3689 300 91
0 554.8 89.5036 300 91
0 554.8 89.6259 300 91
0 554.8 89.7439 300 91
0 554.8 89.8668 300 91
0 554.8 90.0244 300 91
0 554.8 90.2249 300 91
0 554.8 90.3527 300 91
0 554.8 90.4806 300 91
0 554.8 90.6199 300 91
0 554.8 90.7458 300 91
0 554.8 90.8656 300 91
0 554.8 90.9459 300 91
0 554.8 91.0724 300 91
0 554.8 91.197 300 91
0 554.8 91.3727 300 91
0 554.8 91.4997 300 91
0 554.8 91.6123 300 91
0 554.8 91.7331 300 91
0 554.8 91.9478 300 91
0 554.8 92.0858 300 91
0 554.8 92.2138 300 91
0 554.8 92.3417 300 91
0 554.8 92.4704 300 91
0 554.8 92.6331 300 91
0 554.8 92.7635 300 91
0 554.8 92.8711 300 91
0 554.8 93.0083 300 91
0 554.8 93.1544 300 91
0 554.8 93.285 300 91
0 554.8 93.4036 300 91
0 554.8 93.6287 300 91
0 554.8 93.8158 300 91
0 554.8 94.0189 300 91
0 554.8 94.1797 300 91
0 554.8 94.2935 300 91
0 554.8 94.3672 300 91
0 554.8 94.5536 300 91
0 554.8 94.7325 300 91
0 554.8 94.8632 300 91
0 554.8 95.0316 300 91
0 554.8 95.1794 300 91
0 554.8 95.303 300 91
0 554.8 95.4739 300 91
0 554.8 95.611 300 91
0 554.8 95.8318 300 91
0 554.8 95.9345 300 91
0 554.8 96.1084 300 91
0 554.8 96.253 300 91
0 554.8 96.3714 300 91
0 554.8 96.5588 300 91
0 554.8 96.6846 300 91
0 554.8 96.8122 300 91
0 554.8 96.9398 300 91
0 554.8 97.0668 300 91
0 554.8 97.1979 300 91
0 554.8 97.336 300 91
0 554.8 97.419 300 91
0 554.8 97.5495 300 91
0 554.8 97.6806 300 91
0 554.8 97.833 300 91
0 554.8 97.9602 300 91
0 554.8 98.0729 300 91
0 554.8 98.2186 300 91
0 554.8 98.4063 300 91
0 554.8 98.5618 300 91
0 554.8 98.6922 300 91
0 554.8 98.8267 300 91
0 554.8 98.9735 300 91
0 554.8 99.1611 300 91
0 554.8 99.3382 300 91
0 554.8 99.4813 300 91
0 554.8 99.5887 300 91
0 554.8 99.762 300 91
0 554.8 100.019 300 91
0 554.8 100.137 300 91
0 554.8 100.263 300 91
0 554.8 100.438 300 91
0 554.8 100.563 300 91
0 554.8 100.678 300 91
0 554.8 100.806 300 91
0 554.8 100.964 300 91
0 554.8 101.104 300 91
0 554.8 101.276 300 91
0 554.8 101.418 300 91
0 554.8 101.538 300 91
0 554.8 101.669 300 91
0 554.8 101.814 300 91
0 554.8 101.944 300 91
0 554.8 102.093 300 91
0 554.8 102.229 300 91
0 554.8 102.425 300 91
0 554.8 102.553 300 91
0 554.8 102.698 300 91
0 554.8 102.839 300 91
0 554.8 102.978 300 91
0 554.8 103.152 300 91
0 554.8 103.357 300 91
0 554.8 103.492 300 91
0 554.8 103.62 300 91
0 554.8 103.71 300 91
0 554.8 103.845 300 91
0 554.8 103.974 300 91
0 554.8 104.216 300 91
0 554.8 104.357 300 91
0 554.8 104.476 300 91
0 554.8 104.611 300 91
0 554.8 104.734 300 91
0 554.8 104.867 300 91
0 554.8 105.009 300 91
0 554.8 105.132 300 91
0 554.8 105.269 300 91
0 554.8 105.375 300 91
0 554.8 105.45 300 91
0 554.8 105.586 300 91
0 554.8 105.768 300 91
0 554.8 105.938 300 91
0 554.8 106.134 300 91
0 554.8 106.268 300 91
0 554.8 106.418 300 91
0 554.8 106.549 300 91
0 554.8 106.739 300 91
0 554.8 106.917 300 91
0 554.8 107.117 300 91
0 554.8 107.259 300 91
0 554.8 107.372 300 91
0 554.8 107.51 300 91
0 554.8 107.644 300 91
0 554.8 107.834 300 91
0 554.8 108.07 300 91
0 554.8 108.181 300 91
0 554.8 108.274 300 91
0 554.8 108.361 300 91
0 554.8 108.45 300 91
0 554.8 108.535 300 91
0 554.8 108.621 300 91
0 554.8 108.778 300 91
0 554.8 108.926 300 91
0 554.8 109.129 300 91
0 554.8 109.271 300 91
0 554.8 109.41 300 91
0 554.8 109.63 300 91
0 554.8 109.753 300 91
0 554.8 109.861 300 91
0 554.8 110.035 300 91
0 554.8 110.255 300 91
0 554.8 110.385 300 91
0 554.8 110.502 300 91
0 554.8 110.633 300 91
0 554.8 110.839 300 91
0 554.8 110.959 300 91
0 554.8 111.095 300 91
0 554.8 111.223 300 91
0 554.8 111.409 300 91
0 554.8 111.519 300 91
0 554.8 111.639 300 91
0 554.8 111.767 300 91
0 554.8 111.897 300 91
0 554.8 112.012 300 91
0 554.8 112.147 300 91
0 554.8 112.289 300 91
0 554.8 112.407 300 91
0 554.8 112.545 300 91
0 554.8 112.677 300 91
0 554.8 112.826 300 91
0 554.8 112.99 300 91
0 554.8 113.116 300 91
0 554.8 113.271 300 91
0 554.8 113.4 300 91
0 554.8 113.481 300 91
0 554.8 113.614 300 91
0 554.8 113.785 300 91
0 554.8 113.91 300 91
0 554.8 114.031 300 91
0 554.8 114.15 300 91
0 554.8 114.284 300 91
0 554.8 114.448 300 91
0 554.8 114.553 300 91
0 554.8 114.723 300 91
0 554.8 114.851 300 91
0 554.8 115.022 300 91
0 554.8 115.269 300 91
0 554.8 115.39 300 91
0 554.8 115.593 300 91
0 554.8 115.735 300 91
0 554.8 115.895 300 91
0 554.8 116.014 300 91
0 554.8 116.145 300 91
0 554.8 116.352 300 91
0 554.8 116.44 300 91
0 554.8 116.577 300 91
0 554.8 116.71 300 91
0 554.8 116.834 300 91
0 554.8 117.006 300 91
0 554.8 117.129 300 91
0 554.8 117.227 300 91
0 554.8 117.392 300 91
0 554.8 117.526 300 91
0 554.8 117.713 300 91
0 554.8 117.846 300 91
0 554.8 118.011 300 91
0 554.8 118.133 300 91
0 554.8 118.263 300 91
0 554.8 118.4 300 91
0 554.8 118.525 300 91
0 554.8 118.667 300 91
0 554.8 118.807 300 91
0 554.8 119.001 300 91
0 554.8 119.178 300 91
0 554.8 119.309 300 91
0 554.8 119.462 300 91
0 554.8 119.681 300 91
0 554.8 119.86 300 91
0 554.8 119.996 300 91
0 554.8 120.145 300 91
0 554.8 120.278 300 91
0 554.8 120.413 300 91
0 554.8 120.539 300 91
0 554.8 120.67 300 91
0 554.8 120.794 300 91
0 554.8 120.943 300 91
0 554.8 121.076 300 91
0 554.8 121.193 300 91
0 554.8 121.331 300 91
0 554.8 121.482 300 91
0 554.8 121.57 300 91
0 554.8 121.708 300 91
0 554.8 122.053 300 91
0 554.8 122.143 300 91
0 554.8 122.218 300 91
0 554.8 122.308 300 91
0 554.8 122.398 300 91
0 554.8 122.486 300 91
0 554.8 122.617 300 91
0 554.8 122.732 300 91
0 554.8 122.911 300 91
0 554.8 123.042 300 91
0 554.8 123.175 300 91
0 554.8 123.314 300 91
0 554.8 123.458 300 91
0 554.8 123.566 300 91
0 554.8 123.725 300 91
0 554.8 123.908 300 91
0 554.8 124.062 300 91
0 554.8 124.189 300 91
0 554.8 124.324 300 91
0 554.8 124.443 300 91
0 554.8 124.673 300 91
0 554.8 124.838 300 91
0 554.8 124.975 300 91
0 554.8 125.122 300 91
0 554.8 125.243 300 91
0 554.8 125.37 300 91
0 554.8 125.506 300 91
0 554.8 125.882 300 91
0 554.8 126.012 300 91
0 554.8 126.148 300 91
0 554.8 126.272 300 91
0 554.8 126.448 300 91
0 554.8 126.641 300 91
0 554.8 126.762 300 91
0 554.8 126.89 300 91
0 554.8 127.058 300 91
0 554.8 127.236 300 91
0 554.8 127.355 300 91
0 554.8 127.495 300 92
0 554.8 127.75 300 92
0 554.8 127.886 300 92
0 554.8 128.056 300 92
0 554.8 128.205 300 92
0 554.8 128.391 300 92
0 554.8 128.514 300 92
0 554.8 128.663 300 92
0 554.8 128.781 300 92
0 554.8 128.915 300 92
0 554.8 129.044 300 92
0 554.8 129.233 300 92
0 554.8 129.408 300 92
0 554.8 129.582 300 92
0 554.8 129.721 300 92
0 554.8 129.798 300 92
0 554.8 129.936 300 92
0 554.8 130.059 300 92
0 554.8 130.178 300 92
0 554.8 130.259 300 92
0 554.8 130.396 300 92
0 554.8 130.591 300 92
0 554.8 130.711 300 92
0 554.8 130.892 300 92
0 554.8 131.032 300 92
0 554.8 131.17 300 92
0 554.8 131.308 300 92
0 554.8 131.445 300 92
0 554.8 131.57 300 92
0 554.8 131.7 300 92
0 554.8 131.831 300 92
0 554.8 132.003 300 92
0 554.8 132.129 300 92
0 554.8 132.205 300 92
0 554.8 132.363 300 92
0 554.8 132.487 300 92
0 554.8 132.624 300 92
0 554.8 132.816 300 92
0 554.8 132.939 300 92
0 554.8 133.082 300 92
0 554.8 133.254 300 92
0 554.8 133.38 300 92
0 554.8 133.513 300 92
0 554.8 133.733 300 92
0 554.8 133.881 300 92
0 554.8 134.017 300 92
0 554.8 134.153 300 92
0 554.8 134.285 300 92
0 554.8 134.409 300 92
0 554.8 134.534 300 92
0 554.8 134.665 300 92
0 554.8 134.878 300 92
0 554.8 135.022 300 92
0 554.8 135.149 300 92
0 554.8 135.413 300 92
0 554.8 135.607 300 92
0 554.8 135.756 300 92
0 554.8 135.897 300 92
0 554.8 136.031 300 92
0 554.8 136.173 300 92
0 554.8 136.291 300 92
0 554.8 136.422 300 92
0 554.8 136.695 300 92
0 554.8 136.826 300 92
0 554.8 136.952 300 92
0 554.8 137.068 300 92
0 554.8 137.197 300 92
0 554.8 137.332 300 92
0 554.8 137.462 300 92
0 554.8 137.6 300 92
0 554.8 137.737 300 92
0 554.8 137.913 300 92
0 554.8 138.047 300 92
0 554.8 138.17 300 92
0 554.8 138.281 300 92
0 554.8 138.399 300 92
0 554.8 138.519 300 92
0 554.8 138.636 300 92
0 554.8 138.774 300 92
0 554.8 138.909 300 92
0 554.8 139.026 300 92
0 554.8 139.161 300 92
0 554.8 139.31 300 92
0 554.8 139.463 300 92
0 554.8 139.588 300 92
0 554.8 139.8 300 92
0 554.8 139.927 300 92
0 554.8 140.078 300 92
0 554.8 140.297 300 92
0 554.8 140.431 300 92
0 554.8 140.563 300 92
0 554.8 140.693 300 92
0 554.8 140.831 300 92
0 554.8 140.989 300 92
0 554.8 141.171 300 92
0 554.8 141.322 300 92
0 554.8 141.452 300 92
0 554.8 141.64 300 92
0 554.8 141.762 300 92
0 554.8 141.872 300 92
0 554.8 142.008 300 92
0 554.8 142.146 300 92
0 554.8 142.285 300 92
0 554.8 142.421 300 92
0 554.8 142.562 300 92
0 554.8 142.699 300 92
0 554.8 142.841 300 92
0 554.8 143.042 300 92
0 554.8 143.186 300 92
0 554.8 143.35 300 92
0 554.8 143.495 300 92
0 554.8 143.633 300 92
0 554.8 143.77 300 92
0 554.8 143.96 300 92
0 554.8 144.138 300 92
0 554.8 144.273 300 92
0 554.8 144.391 300 92
0 554.8 144.604 300 92
0 554.8 144.748 300 92
0 554.8 144.889 300 92
0 554.8 145.02 300 92
0 554.8 145.163 300 92
0 554.8 145.255 300 92
0 554.8 145.393 300 92
0 554.8 145.52 300 92
0 554.8 145.659 300 92
0 554.8 145.797 300 92
0 554.8 145.943 300 92
0 554.8 146.157 300 92
0 554.8 146.266 300 92
0 554.8 146.493 300 92
0 554.8 146.643 300 92
0 554.8 146.786 300 92
0 554.8 146.999 300 92
0 554.8 147.144 300 92
0 554.8 147.3 300 92
0 554.8 147.44 300 92
0 554.8 147.539 300 92
0 554.8 147.675 300 92
0 554.8 148.006 300 92
0 554.8 148.161 300 92
0 554.8 148.331 300 92
0 554.8 148.633 300 92
0 554.8 148.856 300 92
0 554.8 149.134 300 92
0 554.8 149.311 300 92
0 554.8 149.549 300 92
0 554.8 149.735 300 92
0 554.8 149.853 300 92
0 554.8 150.071 300 92
0 554.8 150.293 300 92
0 554.8 150.448 300 92
0 554.8 150.631 300 92
0 554.8 150.76 300 92
0 554.8 150.963 300 92
0 554.8 151.143 300 92
0 554.8 151.316 300 92
0 554.8 151.48 300 92
0 554.8 151.738 300 92
0 554.8 151.998 300 92
0 554.8 152.155 300 92
0 554.8 152.322 300 92
0 554.8 152.432 300 92
0 554.8 152.611 300 92
0 554.8 152.763 300 92
0 554.8 152.931 300 92
0 554.8 153.084 300 92
0 554.8 153.251 300 92
0 554.8 153.44 300 92
0 554.8 153.532 300 92
0 554.8 153.617 300 92
0 554.8 153.706 300 92
0 554.8 153.806 300 92
0 554.8 153.882 300 92
0 554.8 153.976 300 92
0 554.8 154.096 300 92
0 554.8 154.195 300 92
0 554.8 154.293 300 92
0 554.8 154.379 300 92
0 554.8 154.488 300 92
0 554.8 154.58 300 92
0 554.8 154.665 300 92
0 554.8 154.752 300 92
0 554.8 154.837 300 92
0 554.8 154.927 300 92
0 554.8 155.018 300 92
0 554.8 155.105 300 92
0 554.8 155.253 300 92
0 554.8 155.381 300 92
0 554.8 155.582 300 92
0 554.8 155.724 300 92
0 554.8 155.861 300 92
0 554.8 156.02 300 92
0 554.8 156.206 300 92
0 554.8 156.344 300 92
0 554.8 156.666 300 92
0 554.8 156.793 300 92
0 554.8 156.936 300 92
0 554.8 157.084 300 92
0 554.8 157.272 300 92
0 554.8 157.41 300 92
0 554.8 157.601 300 92
0 554.8 157.787 300 92
0 554.8 157.93 300 92
0 554.8 158.076 300 92
0 554.8 158.227 300 92
0 554.8 158.394 300 92
0 554.8 158.536 300 92
0 554.8 158.705 300 92
0 554.8 158.84 300 92
0 554.8 158.984 300 92
0 554.8 159.135 300 92
0 554.8 159.272 300 92
0 554.8 159.416 300 92
0 554.8 159.545 300 92
0 554.8 159.694 300 92
0 554.8 159.843 300 92
0 554.8 159.978 300 92
0 554.8 160.133 300 92
0 554.8 160.269 300 92
0 554.8 160.41 300 92
0 554.8 160.555 300 92
0 554.8 160.718 300 92
0 554.8 160.855 300 92
0 554.8 161.057 300 92
0 554.8 161.196 300 92
0 554.8 161.337 300 92
0 554.8 161.484 300 92
0 554.8 161.726 300 92
0 554.8 161.862 300 92
0 554.8 162.007 300 92
0 554.8 162.192 300 92
0 554.8 162.283 300 92
0 554.8 162.406 300 92
0 554.8 162.554 300 92
0 554.8 162.74 300 92
0 554.8 162.931 300 92
0 554.8 163.218 300 92
0 554.8 163.346 300 92
0 554.8 163.52 300 92
0 554.8 163.657 300 92
0 554.8 163.799 300 92
0 554.8 163.887 300 92
0 554.8 164.019 300 92
0 554.8 164.183 300 92
0 554.8 164.355 300 92
0 554.8 164.516 300 92
0 554.8 164.706 300 92
0 554.8 164.839 300 92
0 554.8 164.972 300 92
0 554.8 165.23 300 92
0 554.8 165.419 300 92
0 554.8 165.535 300 92
0 554.8 165.668 300 92
0 554.8 165.794 300 92
0 554.8 165.916 300 92
0 554.8 166.029 300 92
0 554.8 166.209 300 92
0 554.8 166.345 300 92
0 554.8 166.522 300 92
0 554.8 166.674 300 92
0 554.8 166.803 300 92
0 554.8 167.005 300 92
0 554.8 167.237 300 92
0 554.8 167.34 300 92
0 554.8 167.515 300 92
0 554.8 167.695 300 92
0 554.8 167.811 300 92
0 554.8 167.934 300 92
0 554.8 168.072 300 92
0 554.8 168.432 300 92
0 554.8 168.562 300 92
0 554.8 168.691 300 92
0 554.8 168.902 300 92
0 554.8 169.097 300 92
0 554.8 169.249 300 92
0 554.8 169.435 300 92
0 554.8 169.57 300 92
0 554.8 169.69 300 92
0 554.8 169.816 300 92
0 554.8 169.939 300 92
0 554.8 170.066 300 92
0 554.8 170.2 300 92
0 554.8 170.389 300 92
0 554.8 170.548 300 92
0 554.8 170.684 300 92
0 554.8 170.823 300 92
0 554.8 170.967 300 92
0 554.8 171.097 300 92
0 554.8 171.253 300 92
0 554.8 171.487 300 92
0 554.8 171.689 300 92
0 554.8 171.819 300 92
0 554.8 171.995 300 92
0 554.8 172.114 300 92
0 554.8 172.239 300 92
0 554.8 172.359 300 92
0 554.8 172.55 300 92
0 554.8 172.696 300 92
0 554.8 172.816 300 92
0 554.8 172.891 300 92
0 554.8 173.064 300 92
0 554.8 173.223 300 92
0 554.8 173.374 300 92
0 554.8 173.537 300 92
0 554.8 173.666 300 92
0 554.8 173.805 300 92
0 554.8 173.931 300 92
0 554.8 174.097 300 92
0 554.8 174.224 300 92
0 554.8 174.354 300 92
0 554.8 174.511 300 92
0 554.8 174.638 300 92
0 554.8 174.755 300 92
0 554.8 174.868 300 92
0 554.8 174.991 300 92
0 554.8 175.156 300 92
0 554.8 175.289 300 92
0 554.8 175.431 300 92
0 554.8 175.733 300 92
0 554.8 175.863 300 92
0 554.8 176.053 300 92
0 554.8 176.17 300 92
0 554.8 176.291 300 92
0 554.8 176.417 300 92
0 554.8 176.564 300 92
0 554.8 176.693 300 92
0 554.8 176.855 300 92
0 554.8 176.983 300 92
0 554.8 177.17 300 92
0 554.8 177.332 300 92
0 554.8 177.466 300 92
0 554.8 177.599 300 92
0 554.8 177.813 300 92
0 554.8 177.991 300 92
0 554.8 178.181 300 92
0 554.8 178.339 300 92
0 554.8 178.462 300 92
0 554.8 178.595 300 92
0 554.8 178.68 300 92
0 554.8 178.795 300 92
0 554.8 178.855 300 92
0 554.8 179.027 300 92
0 554.8 179.112 300 92
0 554.8 179.205 300 92
0 554.8 179.29 300 92
0 554.8 179.383 300 92
0 554.8 179.499 300 92
0 554.8 179.626 300 92
0 554.8 179.822 300 92
0 554.8 179.974 300 92
0 554.8 180.132 300 92
0 554.8 180.266 300 92
0 554.8 180.401 300 92
0 554.8 180.525 300 92
0 554.8 180.602 300 92
0 554.8 180.751 300 92
0 554.8 180.89 300 92
0 554.8 181.013 300 92
0 554.8 181.263 300 92
0 554.8 181.391 300 92
0 554.8 181.559 300 92
0 554.8 181.718 300 92
0 554.8 181.938 300 92
0 554.8 182.131 300 92
0 554.8 182.264 300 92
0 554.8 182.428 300 92
0 554.8 182.563 300 92
0 554.8 182.691 300 92
0 554.8 182.816 300 92
0 554.8 182.955 300 92
0 554.8 183.087 300 92
0 554.8 183.205 300 92
0 554.8 183.347 300 92
0 554.8 183.489 300 92
0 554.8 183.659 300 92
0 554.8 183.853 300 92
0 554.8 184.027 300 92
0 554.8 184.146 300 92
0 554.8 184.287 300 92
0 554.8 184.437 300 92
0 554.8 184.642 300 92
0 554.8 184.769 300 92
0 554.8 184.883 300 92
0 554.8 185.081 300 92
0 554.8 185.221 300 92
0 554.8 185.364 300 92
0 554.8 185.449 300 92
0 554.8 185.654 300 92
0 554.8 185.781 300 92
0 554.8 186.047 300 92
0 554.8 186.15 300 92
0 554.8 186.221 300 92
0 554.8 186.399 300 92
0 554.8 186.543 300 92
0 554.8 186.669 300 92
0 554.8 186.797 300 92
0 554.8 186.921 300 92
0 554.8 187.042 300 92
0 554.8 187.182 300 92
0 554.8 187.352 300 92
0 554.8 187.474 300 92
0 554.8 187.577 300 92
0 554.8 187.787 300 92
0 554.8 187.883 300 92
0 554.8 187.975 300 92
0 554.8 188.148 300 92
0 554.8 188.298 300 92
0 554.8 188.422 300 92
0 554.8 188.529 300 92
0 554.8 188.648 300 92
0 554.8 188.813 300 92
0 554.8 188.94 300 92
0 554.8 189.06 300 92
0 554.8 189.189 300 92
0 554.8 189.356 300 92
0 554.8 189.491 300 92
0 554.8 189.635 300 92
0 554.8 189.853 300 92
0 554.8 189.983 300 92
0 554.8 190.117 300 92
0 554.8 190.226 300 92
0 554.8 190.32 300 92
0 554.8 190.543 300 92
0 554.8 190.67 300 92
0 554.8 190.797 300 92
0 554.8 190.925 300 92
0 554.8 191.055 300 92
0 554.8 191.176 300 92
0 554.8 191.305 300 92
0 554.8 191.499 300 92
0 554.8 191.635 300 92
0 554.8 191.759 300 92
0 554.8 191.88 300 92
0 554.8 192.006 300 92
0 554.8 192.124 300 92
0 554.8 192.253 300 92
0 554.8 192.388 300 92
0 554.8 192.517 300 92
0 554.8 192.654 300 92
0 554.8 192.78 300 92
0 554.8 192.952 300 92
0 554.8 193.186 300 92
0 554.8 193.315 300 92
0 554.8 193.457 300 92
0 554.8 193.621 300 92
0 554.8 193.743 300 92
0 554.8 193.915 300 92
0 554.8 194.038 300 92
0 554.8 194.292 300 92
0 554.8 194.418 300 92
0 554.8 194.551 300 92
0 554.8 194.704 300 92
0 554.8 194.804 300 92
0 554.8 194.971 300 92
0 554.8 195.11 300 92
0 554.8 195.229 300 92
0 554.8 195.419 300 92
0 554.8 195.599 300 92
0 554.8 195.772 300 92
0 554.8 195.864 300 92
0 554.8 195.988 300 92
0 554.8 196.116 300 92
0 554.8 196.241 300 92
0 554.8 196.444 300 92
0 554.8 196.524 300 92
0 554.8 196.872 300 92
0 554.8 197.074 300 92
0 554.8 197.195 300 92
0 554.8 197.314 300 92
0 554.8 197.478 300 92
0 554.8 197.598 300 92
0 554.8 197.729 300 92
0 554.8 197.846 300 92
0 554.8 197.959 300 92
0 554.8 198.045 300 92
0 554.8 198.126 300 92
0 554.8 198.251 300 92
0 554.8 198.44 300 92
0 554.8 198.563 300 92
0 554.8 198.687 300 92
0 554.8 198.842 300 92
0 554.8 198.975 300 92
0 554.8 199.11 300 92
0 554.8 199.241 300 92
0 554.8 199.358 300 92
0 554.8 199.5 300 92
0 554.8 199.623 300 92
0 554.8 199.719 300 92
0 554.8 199.777 300 92
0 554.8 199.872 300 92
0 554.8 199.989 300 92
0 554.8 200.083 300 92
0 554.8 200.228 300 92
0 554.8 200.32 300 92
0 554.8 200.44 300 92
0 554.8 200.514 300 92
0 554.8 200.636 300 92
0 554.8 200.728 300 92
0 554.8 200.814 300 92
0 554.8 200.983 300 92
0 554.8 201.104 300 92
0 554.8 201.195 300 92
0 554.8 201.286 300 92
0 554.8 201.369 300 92
0 554.8 201.479 300 92
0 554.8 201.563 300 92
0 554.8 201.645 300 92
0 554.8 201.756 300 92
0 554.8 201.876 300 92
0 554.8 201.983 300 92
0 554.8 202.089 300 92
0 554.8 202.219 300 92
0 554.8 202.27 300 92
0 554.8 202.418 300 92
0 554.8 202.533 300 92
0 554.8 202.674 300 92
0 554.8 202.804 300 92
0 554.8 202.939 300 92
0 554.8 203.118 300 92
0 554.8 203.232 300 92
0 554.8 203.443 300 92
0 554.8 203.559 300 92
0 554.8 203.687 300 92
0 554.8 203.805 300 92
0 554.8 203.923 300 92
0 554.8 204.042 300 92
0 554.8 204.235 300 92
0 554.8 204.442 300 92
0 554.8 204.64 300 92
0 554.8 204.762 300 92
0 554.8 204.878 300 92
0 554.8 205.046 300 92
0 554.8 205.181 300 92
0 554.8 205.291 300 92
0 554.8 205.506 300 92
0 554.8 205.647 300 92
0 554.8 205.761 300 92
0 554.8 205.89 300 92
0 554.8 205.98 300 92
0 554.8 206.101 300 92
0 554.8 206.244 300 92
0 554.8 206.368 300 92
0 554.8 206.581 300 92
0 554.8 206.724 300 92
0 554.8 206.888 300 92
0 554.8 207.011 300 92
0 554.8 207.171 300 92
0 554.8 207.307 300 92
0 554.8 207.433 300 92
0 554.8 207.569 300 92
0 554.8 207.702 300 92
0 554.8 207.855 300 92
0 554.8 207.996 300 92
0 554.8 208.164 300 92
0 554.8 208.294 300 92
0 554.8 208.475 300 92
0 554.8 208.653 300 92
0 554.8 208.77 300 92
0 554.8 208.895 300 92
0 554.8 209.077 300 92
0 554.8 209.198 300 92
0 554.8 209.365 300 92
0 554.8 209.455 300 92
0 554.8 209.561 300 92
0 554.8 209.658 300 92
0 554.8 209.794 300 92
0 554.8 209.885 300 92
0 554.8 210.064 300 92
0 554.8 210.154 300 92
0 554.8 210.309 300 92
0 554.8 210.394 300 92
0 554.8 210.492 300 92
0 554.8 210.638 300 92
0 554.8 210.768 300 92
0 554.8 210.946 300 92
0 554.8 211.078 300 92
0 554.8 211.16 300 92
0 554.8 211.279 300 92
0 554.8 211.387 300 92
0 554.8 211.47 300 92
0 554.8 211.602 300 92
0 554.8 211.727 300 92
0 554.8 211.846 300 92
0 554.8 211.979 300 92
0 554.8 212.149 300 92
0 554.8 212.315 300 92
0 554.8 212.502 300 92
0 554.8 212.619 300 92
0 554.8 212.745 300 92
0 554.8 212.878 300 92
0 554.8 213.046 300 92
0 554.8 213.183 300 92
0 554.8 213.319 300 92
0 554.8 213.476 300 92
0 554.8 213.615 300 92
0 554.8 213.804 300 92
0 554.8 213.932 300 92
0 554.8 214.206 300 92
0 554.8 214.379 300 92
0 554.8 214.514 300 92
0 554.8 214.707 300 92
0 554.8 214.849 300 92
0 554.8 214.99 300 92
0 554.8 215.128 300 92
0 554.8 215.258 300 92
0 554.8 215.384 300 92
0 554.8 215.66 300 92
0 554.8 215.837 300 92
0 554.8 216.104 300 92
0 554.8 216.257 300 92
0 554.8 216.378 300 92
0 554.8 216.562 300 92
0 554.8 216.697 300 92
0 554.8 216.822 300 92
0 554.8 217.014 300 92
0 554.8 217.157 300 92
0 554.8 217.292 300 92
0 554.8 217.422 300 92
0 554.8 217.554 300 92
0 554.8 217.695 300 92
0 554.8 217.836 300 92
0 554.8 217.964 300 92
0 554.8 218.115 300 92
0 554.8 218.304 300 92
0 554.8 218.458 300 92
0 554.8 218.667 300 92
0 554.8 218.804 300 92
0 554.8 218.963 300 92
0 554.8 219.103 300 92
0 554.8 219.279 300 92
0 554.8 219.418 300 92
0 554.8 219.556 300 92
0 554.8 219.683 300 92
0 554.8 219.826 300 92
0 554.8 219.967 300 92
0 554.8 220.117 300 92
0 554.8 220.248 300 92
0 554.8 220.419 300 92
0 554.8 220.559 300 92
0 554.8 220.737 300 92
0 554.8 220.898 300 92
0 554.8 221.085 300 92
0 554.8 221.279 300 92
0 554.8 221.405 300 92
0 554.8 221.551 300 92
0 554.8 221.673 300 92
0 554.8 221.819 300 92
0 554.8 222.01 300 92
0 554.8 222.162 300 92
0 554.8 222.358 300 92
0 554.8 222.593 300 92
0 554.8 222.746 300 92
0 554.8 222.882 300 92
0 554.8 223.016 300 92
0 554.8 223.167 300 92
0 554.8 223.357 300 92
0 554.8 223.49 300 92
0 554.8 223.624 300 92
0 554.8 223.767 300 92
0 554.8 223.865 300 92
0 554.8 223.956 300 92
0 554.8 224.101 300 92
0 554.8 224.258 300 92
0 554.8 224.4 300 92
0 554.8 224.536 300 92
0 554.8 224.67 300 92
0 554.8 224.83 300 92
0 554.8 224.966 300 92
0 554.8 225.277 300 92
0 554.8 225.43 300 92
0 554.8 225.575 300 92
0 554.8 225.711 300 92
0 554.8 225.829 300 92
0 554.8 225.963 300 92
0 554.8 226.112 300 92
0 554.8 226.3 300 92
0 554.8 226.472 300 92
0 554.8 226.606 300 92
0 554.8 226.749 300 92
0 554.8 226.891 300 92
0 554.8 227.092 300 92
0 554.8 227.25 300 92
0 554.8 227.412 300 92
0 554.8 227.676 300 92
0 554.8 227.819 300 92
0 554.8 227.961 300 92
0 554.8 228.106 300 92
0 554.8 228.253 300 92
0 554.8 228.43 300 92
0 554.8 228.578 300 92
0 554.8 228.75 300 92
0 554.8 228.882 300 92
0 554.8 229.02 300 92
0 554.8 229.171 300 92
0 554.8 229.329 300 92
0 554.8 229.46 300 92
0 554.8 229.684 300 92
0 554.8 229.825 300 92
0 554.8 229.952 300 92
0 554.8 230.147 300 92
0 554.8 230.276 300 92
0 554.8 230.433 300 92
0 554.8 230.587 300 92
0 554.8 230.738 300 92
0 554.8 230.828 300 92
0 554.8 230.968 300 92
0 554.8 231.061 300 92
0 554.8 231.187 300 92
0 554.8 231.303 300 92
0 554.8 231.518 300 92
0 554.8 231.639 300 92
0 554.8 231.773 300 92
0 554.8 232.018 300 92
0 554.8 232.138 300 92
0 554.8 232.306 300 92
0 554.8 232.392 300 92
0 554.8 232.531 300 92
0 554.8 232.658 300 92
0 554.8 232.803 300 92
0 554.8 232.935 300 92
0 554.8 233.063 300 92
0 554.8 233.205 300 92
0 554.8 233.353 300 92
0 554.8 233.493 300 92
0 554.8 233.618 300 92
0 554.8 233.846 300 92
0 554.8 234.031 300 92
0 554.8 234.268 300 92
0 554.8 234.406 300 92
0 554.8 234.545 300 92
0 554.8 234.795 300 92
0 554.8 234.927 300 92
0 554.8 235.166 300 92
0 554.8 235.408 300 92
0 554.8 235.56 300 92
0 554.8 235.699 300 92
0 554.8 235.834 300 92
0 554.8 235.923 300 92
0 554.8 236.025 300 92
0 554.8 236.118 300 92
0 554.8 236.332 300 92
0 554.8 236.473 300 92
0 554.8 236.607 300 92
0 554.8 236.749 300 92
0 554.8 236.852 300 92
0 554.8 237.047 300 92
0 554.8 237.217 300 92
0 554.8 237.354 300 92
0 554.8 237.489 300 92
0 554.8 237.601 300 92
0 554.8 237.75 300 92
0 554.8 237.957 300 92
0 554.8 238.088 300 92
0 554.8 238.222 300 92
0 554.8 238.342 300 92
0 554.8 238.528 300 92
0 554.8 238.644 300 92
0 554.8 238.78 300 92
0 554.8 238.915 300 92
0 554.8 239.05 300 92
0 554.8 239.196 300 92
0 554.8 239.329 300 92
0 554.8 239.454 300 92
0 554.8 239.617 300 92
0 554.8 239.758 300 92
0 554.8 239.889 300 92
0 554.8 240.082 300 92
0 554.8 240.226 300 92
0 554.8 240.411 300 92
0 554.8 240.557 300 92
0 554.8 240.676 300 92
0 554.8 240.815 300 92
0 554.8 240.955 300 92
0 554.8 241.18 300 92
0 554.8 241.317 300 92
0 554.8 241.445 300 92
0 554.8 241.638 300 92
0 554.8 241.76 300 92
0 554.8 241.898 300 92
0 554.8 242.05 300 92
0 554.8 242.191 300 92
0 554.8 242.366 300 92
0 554.8 242.537 300 92
0 554.8 242.678 300 92
0 554.8 242.851 300 92
0 554.8 242.995 300 92
0 554.8 243.138 300 92
0 554.8 243.35 300 92
0 554.8 243.472 300 92
0 554.8 243.603 300 92
0 554.8 243.736 300 92
0 554.8 243.905 300 92
0 554.8 244.024 300 92
0 554.8 244.15 300 92
0 554.8 244.323 300 92
0 554.8 244.494 300 92
0 554.8 244.724 300 92
0 554.8 244.861 300 92
0 554.8 245.029 300 92
0 554.8 245.214 300 92
0 554.8 245.339 300 92
0 554.8 245.541 300 92
0 554.8 245.703 300 92
0 554.8 245.832 300 92
0 554.8 246.013 300 92
0 554.8 246.146 300 92
0 554.8 246.283 300 92
0 554.8 246.386 300 92
0 554.8 246.56 300 92
0 554.8 246.735 300 92
0 554.8 246.865 300 92
0 554.8 246.981 300 92
0 554.8 247.121 300 92
0 554.8 247.26 300 92
0 554.8 247.435 300 92
0 554.8 247.563 300 92
0 554.8 247.782 300 92
0 554.8 247.897 300 92
0 554.8 248.033 300 92
0 554.8 248.199 300 92
0 554.8 248.334 300 92
0 554.8 248.473 300 92
0 554.8 248.646 300 92
0 554.8 248.784 300 92
0 554.8 248.906 300 92
0 554.8 249.118 300 92
0 554.8 249.325 300 92
0 554.8 249.471 300 92
0 554.8 249.607 300 92
0 554.8 249.75 300 92
0 554.8 249.875 300 92
0 554.8 249.99 300 92
0 554.8 250.111 300 92
0 554.8 250.268 300 92
0 554.8 250.437 300 92
0 554.8 250.585 300 92
0 554.8 250.802 300 92
0 554.8 250.92 300 92
0 554.8 251.042 300 92
0 554.8 251.176 300 92
0 554.8 251.323 300 92
0 554.8 251.479 300 92
0 554.8 251.619 300 92
0 554.8 251.754 300 92
0 554.8 251.868 300 92
0 554.8 251.998 300 92
0 554.8 252.125 300 92
0 554.8 252.258 300 92
0 554.8 252.396 300 92
0 554.8 252.529 300 92
0 554.8 252.643 300 92
0 554.8 252.828 300 92
0 554.8 252.962 300 92
0 554.8 253.093 300 92
0 554.8 253.194 300 92
0 554.8 253.366 300 92
0 554.8 253.491 300 92
0 554.8 253.644 300 92
0 554.8 253.736 300 92
0 554.8 253.866 300 92
0 554.8 254.041 300 92
0 554.8 254.221 300 92
0 554.8 254.425 300 92
0 554.8 254.535 300 92
0 554.8 254.737 300 92
0 554.8 254.876 300 92
0 554.8 255.011 300 92
0 554.8 255.147 300 92
0 554.8 255.263 300 92
0 554.8 255.355 300 92
0 554.8 255.545 300 92
0 554.8 255.742 300 92
0 554.8 255.893 300 92
0 554.8 256.033 300 92
0 554.8 256.161 300 92
0 554.8 256.299 300 92
0 554.8 256.501 300 92
0 554.8 256.646 300 92
0 554.8 256.84 300 92
0 554.8 256.984 300 92
0 554.8 257.206 300 92
0 554.8 257.349 300 92
0 554.8 257.573 300 92
0 554.8 257.701 300 92
0 554.8 257.847 300 92
0 554.8 258.067 300 92
0 554.8 258.233 300 92
0 554.8 258.373 300 92
0 554.8 258.495 300 92
0 554.8 258.639 300 92
0 554.8 258.855 300 92
0 554.8 259.031 300 92
0 554.8 259.191 300 92
0 554.8 259.384 300 92
0 554.8 259.502 300 92
0 554.8 259.676 300 92
0 554.8 259.795 300 92
0 554.8 259.952 300 92
0 554.8 260.041 300 92
0 554.8 260.171 300 92
0 554.8 260.306 300 92
0 554.8 260.406 300 92
0 554.8 260.544 300 92
0 554.8 260.662 300 92
0 554.8 260.829 300 92
0 554.8 260.926 300 92
0 554.8 261.03 300 92
0 554.8 261.104 300 92
0 554.8 261.229 300 92
0 554.8 261.33 300 92
0 554.8 261.413 300 92
0 554.8 261.5 300 92
0 554.8 261.59 300 92
0 554.8 261.681 300 92
0 554.8 261.74 300 92
0 554.8 261.835 300 92
0 554.8 261.925 300 92
0 554.8 262.017 300 92
0 554.8 262.133 300 92
0 554.8 262.224 300 92
0 554.8 262.311 300 92
0 554.8 262.472 300 92
0 554.8 262.563 300 92
0 554.8 262.69 300 92
0 554.8 262.788 300 92
0 554.8 262.908 300 92
0 554.8 262.999 300 92
0 554.8 263.096 300 92
0 554.8 263.215 300 92
0 554.8 263.317 300 92
0 554.8 263.436 300 92
0 554.8 263.53 300 92
0 554.8 263.604 300 92
0 554.8 263.745 300 92
0 554.8 263.915 300 92
0 554.8 264.008 300 92
0 554.8 264.103 300 92
0 554.8 264.233 300 92
0 554.8 264.319 300 92
0 554.8 264.467 300 92
0 554.8 264.548 300 92
0 554.8 264.735 300 92
0 554.8 264.917 300 92
0 554.8 265.037 300 92
0 554.8 265.182 300 92
0 554.8 265.312 300 92
0 554.8 265.468 300 92
0 554.8 265.606 300 92
0 554.8 265.859 300 92
0 554.8 265.991 300 92
0 554.8 266.173 300 92
0 554.8 266.32 300 92
0 554.8 266.504 300 92
0 554.8 266.619 300 92
0 554.8 266.748 300 92
0 554.8 266.873 300 92
0 554.8 266.997 300 92
0 554.8 267.136 300 92
0 554.8 267.268 300 92
0 554.8 267.4 300 92
0 554.8 267.547 300 92
0 554.8 267.675 300 92
0 554.8 267.906 300 92
0 554.8 268.088 300 92
0 554.8 268.234 300 92
0 554.8 268.377 300 93
0 554.8 268.52 300 93
0 554.8 268.67 300 93
0 554.8 268.769 300 93
0 554.8 268.897 300 93
0 554.8 269.045 300 93
0 554.8 269.17 300 93
0 554.8 269.302 300 93
0 554.8 269.499 300 93
0 554.8 269.638 300 93
0 554.8 269.777 300 93
0 554.8 269.901 300 93
0 554.8 270.011 300 93
0 554.8 270.145 300 93
0 554.8 270.337 300 93
0 554.8 270.56 300 93
0 554.8 270.696 300 93
0 554.8 270.825 300 93
0 554.8 271.032 300 93
0 554.8 271.308 300 93
0 554.8 271.454 300 93
0 554.8 271.65 300 93
0 554.8 271.766 300 93
0 554.8 271.904 300 93
0 554.8 272.043 300 93
0 554.8 272.223 300 93
0 554.8 272.341 300 93
0 554.8 272.469 300 93
0 554.8 272.598 300 93
0 554.8 272.785 300 93
0 554.8 272.913 300 93
0 554.8 273.091 300 93
0 554.8 273.254 300 93
0 554.8 273.394 300 93
0 554.8 273.613 300 93
0 554.8 273.759 300 93
0 554.8 273.894 300 93
0 554.8 274.02 300 93
0 554.8 274.163 300 93
0 554.8 274.29 300 93
0 554.8 274.425 300 93
0 554.8 274.573 300 93
0 554.8 274.668 300 93
0 554.8 274.805 300 93
0 554.8 274.969 300 93
0 554.8 275.091 300 93
0 554.8 275.221 300 93
0 554.8 275.351 300 93
0 554.8 275.513 300 93
0 554.8 275.697 300 93
0 554.8 275.788 300 93
0 554.8 275.887 300 93
0 554.8 276.025 300 93
0 554.8 276.153 300 93
0 554.8 276.345 300 93
0 554.8 276.472 300 93
0 554.8 276.612 300 93
0 554.8 276.802 300 93
0 554.8 276.999 300 93
0 554.8 277.14 300 93
0 554.8 277.341 300 93
0 554.8 277.476 300 93
0 554.8 277.617 300 93
0 554.8 277.74 300 93
0 554.8 277.862 300 93
0 554.8 277.994 300 93
0 554.8 278.121 300 93
0 554.8 278.259 300 93
0 554.8 278.349 300 93
0 554.8 278.538 300 93
0 554.8 278.723 300 93
0 554.8 278.837 300 93
0 554.8 278.96 300 93
0 554.8 279.093 300 93
0 554.8 279.231 300 93
0 554.8 279.355 300 93
0 554.8 279.478 300 93
0 554.8 279.645 300 93
0 554.8 279.766 300 93
0 554.8 279.892 300 93
0 554.8 280.019 300 93
0 554.8 280.206 300 93
0 554.8 280.339 300 93
0 554.8 280.505 300 93
0 554.8 280.589 300 93
0 554.8 280.719 300 93
0 554.8 280.875 300 93
0 554.8 280.997 300 93
0 554.8 281.158 300 93
0 554.8 281.297 300 93
0 554.8 281.44 300 93
0 554.8 281.612 300 93
0 554.8 281.738 300 93
0 554.8 281.859 300 93
0 554.8 281.999 300 93
0 554.8 282.213 300 93
0 554.8 282.343 300 93
0 554.8 282.513 300 93
0 554.8 282.652 300 93
0 554.8 282.763 300 93
0 554.8 282.845 300 93
0 554.8 282.93 300 93
0 554.8 283.029 300 93
0 554.8 283.143 300 93
0 554.8 283.233 300 93
0 554.8 283.34 300 93
0 554.8 283.436 300 93
0 554.8 283.539 300 93
0 554.8 283.701 300 93
0 554.8 283.796 300 93
0 554.8 283.873 300 93
0 554.8 283.964 300 93
0 554.8 284.091 300 93
0 554.8 284.255 300 93
0 554.8 284.41 300 93
0 554.8 284.507 300 93
0 554.8 284.595 300 93
0 554.8 284.676 300 93
0 554.8 284.768 300 93
0 554.8 284.858 300 93
0 554.8 284.926 300 93
0 554.8 284.994 300 93
0 554.8 285.09 300 93
0 554.8 285.238 300 93
0 554.8 285.311 300 93
0 554.8 285.407 300 93
0 554.8 285.5 300 93
0 554.8 285.588 300 93
0 554.8 285.676 300 93
0 554.8 285.763 300 93
0 554.8 285.853 300 93
0 554.8 285.949 300 93
0 554.8 286.037 300 93
0 554.8 286.185 300 93
0 554.8 286.305 300 93
0 554.8 286.425 300 93
0 554.8 286.532 300 93
0 554.8 286.612 300 93
0 554.8 286.675 300 93
0 554.8 286.788 300 93
0 554.8 286.9 300 93
0 554.8 286.997 300 93
0 554.8 287.094 300 93
0 554.8 287.228 300 93
0 554.8 287.324 300 93
0 554.8 287.488 300 93
0 554.8 287.588 300 93
0 554.8 287.711 300 93
0 554.8 287.797 300 93
0 554.8 287.876 300 93
0 554.8 287.971 300 93
0 554.8 288.065 300 93
0 554.8 288.148 300 93
0 554.8 288.24 300 93
0 554.8 288.337 300 93
0 554.8 288.431 300 93
0 554.8 288.558 300 93
0 554.8 288.64 300 93
0 554.8 288.724 300 93
0 554.8 288.812 300 93
0 554.8 288.901 300 93
0 554.8 288.999 300 93
0 554.8 289.106 300 93
0 554.8 289.199 300 93
0 554.8 289.261 300 93
0 554.8 289.344 300 93
0 554.8 289.473 300 93
0 554.8 289.569 300 93
0 554.8 289.664 300 93
0 554.8 289.761 300 93
0 554.8 289.877 300 93
0 554.8 289.939 300 93
0 554.8 290.039 300 93
0 554.8 290.146 300 93
0 554.8 290.246 300 93
0 554.8 290.337 300 93
0 554.8 290.433 300 93
0 554.8 290.534 300 93
0 554.8 290.652 300 93
0 554.8 290.753 300 93
0 554.8 290.85 300 93
0 554.8 290.968 300 93
0 554.8 291.089 300 93
0 554.8 291.276 300 93
0 554.8 291.394 300 93
0 554.8 291.545 300 93
0 554.8 291.696 300 93
0 554.8 291.783 300 93
0 554.8 291.861 300 93
0 554.8 291.951 300 93
0 554.8 292.063 300 93
0 554.8 292.17 300 93
0 554.8 292.262 300 93
0 554.8 292.32 300 93
0 554.8 292.418 300 93
0 554.8 292.51 300 93
0 554.8 292.603 300 93
0 554.8 292.692 300 93
0 554.8 292.8 300 93
0 554.8 292.893 300 93
0 554.8 292.98 300 93
0 554.8 293.075 300 93
0 554.8 293.175 300 93
0 554.8 293.265 300 93
0 554.8 293.356 300 93
0 554.8 293.441 300 93
0 554.8 293.524 300 93
0 554.8 293.612 300 93
0 554.8 293.703 300 93
0 554.8 293.903 300 93
0 554.8 294.033 300 93
0 554.8 294.12 300 93
0 554.8 294.229 300 93
0 554.8 294.356 300 93
0 554.8 294.472 300 93
0 554.8 294.624 300 93
0 554.8 294.754 300 93
0 554.8 294.892 300 93
0 554.8 294.985 300 93
0 554.8 295.119 300 93
0 554.8 295.25 300 93
0 554.8 295.379 300 93
0 554.8 295.553 300 93
0 554.8 295.63 300 93
0 554.8 295.721 300 93
0 554.8 295.893 300 93
0 554.8 295.995 300 93
0 554.8 296.11 300 93
0 554.8 296.203 300 93
0 554.8 296.262 300 93
0 554.8 296.431 300 93
0 554.8 296.538 300 93
0 554.8 296.625 300 93
0 554.8 296.756 300 93
0 554.8 296.836 300 93
0 554.8 296.946 300 93
0 554.8 297.034 300 93
0 554.8 297.129 300 93
0 554.8 297.211 300 93
0 554.8 297.304 300 93
0 554.8 297.385 300 93
0 554.8 297.506 300 93
0 554.8 297.647 300 93
0 554.8 297.76 300 93
0 554.8 297.895 300 93
0 554.8 298.008 300 93
0 554.8 298.145 300 93
0 554.8 298.271 300 93
0 554.8 298.384 300 93
0 554.8 298.465 300 93
0 554.8 298.588 300 93
0 554.8 298.713 300 93
0 554.8 298.891 300 93
0 554.8 299.029 300 93
0 554.8 299.108 300 93
0 554.8 299.313 300 93
0 554.8 299.537 300 93
0 554.8 299.673 300 93
0 554.8 299.799 300 93
0 554.8 299.937 300 93
0 554.8 300.071 300 93
0 554.8 300.191 300 93
0 554.8 300.328 300 93
0 554.8 300.448 300 93
0 554.8 300.569 300 93
0 554.8 300.702 300 93
0 554.8 300.879 300 93
0 554.8 301.056 300 93
0 554.8 301.182 300 93
0 554.8 301.307 300 93
0 554.8 301.432 300 93
0 554.8 301.55 300 93
0 554.8 301.677 300 93
0 554.8 301.807 300 93
0 554.8 301.934 300 93
0 554.8 302.048 300 93
0 554.8 302.222 300 93
0 554.8 302.347 300 93
0 554.8 302.474 300 93
0 554.8 302.575 300 93
0 554.8 302.702 300 93
0 554.8 302.823 300 93
0 554.8 302.943 300 93
0 554.8 303.059 300 93
0 554.8 303.198 300 93
0 554.8 303.336 300 93
0 554.8 303.477 300 93
0 554.8 303.595 300 93
0 554.8 303.722 300 93
0 554.8 303.814 300 93
0 554.8 303.953 300 93
0 554.8 304.075 300 93
0 554.8 304.218 300 93
0 554.8 304.334 300 93
0 554.8 304.46 300 93
0 554.8 304.669 300 93
0 554.8 304.807 300 93
0 554.8 304.984 300 93
0 554.8 305.117 300 93
0 554.8 305.239 300 93
0 554.8 305.386 300 93
0 554.8 305.574 300 93
0 554.8 305.709 300 93
0 554.8 305.81 300 93
0 554.8 305.935 300 93
0 554.8 306.11 300 93
0 554.8 306.285 300 93
0 554.8 306.411 300 93
0 554.8 306.541 300 93
0 554.8 306.665 300 93
0 554.8 306.842 300 93
0 554.8 306.996 300 93
0 554.8 307.152 300 93
0 554.8 307.272 300 93
0 554.8 307.406 300 93
0 554.8 307.535 300 93
0 554.8 307.681 300 93
0 554.8 307.789 300 93
0 554.8 307.913 300 93
0 554.8 308.022 300 93
0 554.8 308.184 300 93
0 554.8 308.307 300 93
0 554.8 308.43 300 93
0 554.8 308.567 300 93
0 554.8 308.781 300 93
0 554.8 308.89 300 93
0 554.8 308.986 300 93
0 554.8 309.115 300 93
0 554.8 309.249 300 93
0 554.8 309.347 300 93
0 554.8 309.479 300 93
0 554.8 309.596 300 93
0 554.8 309.762 300 93
0 554.8 309.888 300 93
0 554.8 310.027 300 93
0 554.8 310.155 300 93
0 554.8 310.334 300 93
0 554.8 310.519 300 93
0 554.8 310.653 300 93
0 554.8 310.802 300 93
0 554.8 310.892 300 93
0 554.8 310.974 300 93
0 554.8 311.064 300 93
0 554.8 311.16 300 93
0 554.8 311.276 300 93
0 554.8 311.352 300 93
0 554.8 311.449 300 93
0 554.8 311.538 300 93
0 554.8 311.68 300 93
0 554.8 311.775 300 93
0 554.8 311.848 300 93
0 554.8 311.942 300 93
0 554.8 312.072 300 93
0 554.8 312.241 300 93
0 554.8 312.361 300 93
0 554.8 312.45 300 93
0 554.8 312.509 300 93
0 554.8 312.591 300 93
0 554.8 312.673 300 93
0 554.8 312.765 300 93
0 554.8 312.877 300 93
0 554.8 312.972 300 93
0 554.8 313.066 300 93
0 554.8 313.183 300 93
0 554.8 313.267 300 93
0 554.8 313.37 300 93
0 554.8 313.451 300 93
0 554.8 313.53 300 93
0 554.8 313.62 300 93
0 554.8 313.737 300 93
0 554.8 313.829 300 93
0 554.8 313.959 300 93
0 554.8 314.037 300 93
0 554.8 314.117 300 93
0 554.8 314.208 300 93
0 554.8 314.416 300 93
0 554.8 314.556 300 93
0 554.8 314.654 300 93
0 554.8 314.743 300 93
0 554.8 314.841 300 93
0 554.8 314.936 300 93
0 554.8 315.098 300 93
0 554.8 315.182 300 93
0 554.8 315.265 300 93
0 554.8 315.35 300 93
0 554.8 315.449 300 93
0 554.8 315.543 300 93
0 554.8 315.63 300 93
0 554.8 315.721 300 93
0 554.8 315.834 300 93
0 554.8 315.934 300 93
0 554.8 316.015 300 93
0 554.8 316.134 300 93
0 554.8 316.273 300 93
0 554.8 316.379 300 93
0 554.8 316.508 300 93
0 554.8 316.597 300 93
0 554.8 316.683 300 93
0 554.8 316.765 300 93
0 554.8 316.863 300 93
0 554.8 316.976 300 93
0 554.8 317.066 300 93
0 554.8 317.216 300 93
0 554.8 317.312 300 93
0 554.8 317.4 300 93
0 554.8 317.487 300 93
0 554.8 317.581 300 93
0 554.8 317.665 300 93
0 554.8 317.756 300 93
0 554.8 317.877 300 93
0 554.8 317.97 300 93
0 554.8 318.134 300 93
0 554.8 318.228 300 93
0 554.8 318.319 300 93
0 554.8 318.436 300 93
0 554.8 318.553 300 93
0 554.8 318.808 300 93
0 554.8 318.973 300 93
0 554.8 319.079 300 93
0 554.8 319.222 300 93
0 554.8 319.347 300 93
0 554.8 319.53 300 93
0 554.8 319.657 300 93
0 554.8 319.83 300 93
0 554.8 319.982 300 93
0 554.8 320.146 300 93
0 554.8 320.27 300 93
0 554.8 320.448 300 93
0 554.8 320.566 300 93
0 554.8 320.695 300 93
0 554.8 320.822 300 93
0 554.8 320.949 300 93
0 554.8 321.072 300 93
0 554.8 321.217 300 93
0 554.8 321.453 300 93
0 554.8 321.592 300 93
0 554.8 321.755 300 93
0 554.8 321.891 300 93
0 554.8 322.045 300 93
0 554.8 322.2 300 93
0 554.8 322.33 300 93
0 554.8 322.491 300 93
0 554.8 322.612 300 93
0 554.8 322.745 300 93
0 554.8 322.893 300 93
0 554.8 323.02 300 93
0 554.8 323.11 300 93
0 554.8 323.299 300 93
0 554.8 323.515 300 93
0 554.8 323.724 300 93
0 554.8 323.852 300 93
0 554.8 324.008 300 93
0 554.8 324.208 300 93
0 554.8 324.327 300 93
0 554.8 324.457 300 93
0 554.8 324.584 300 93
0 554.8 324.785 300 93
0 554.8 324.952 300 93
0 554.8 325.125 300 93
0 554.8 325.259 300 93
0 554.8 325.373 300 93
0 554.8 325.511 300 93
0 554.8 325.636 300 93
0 554.8 325.77 300 93
0 554.8 325.886 300 93
0 554.8 326.053 300 93
0 554.8 326.186 300 93
0 554.8 326.349 300 93
0 554.8 326.462 300 93
0 554.8 326.579 300 93
0 554.8 326.705 300 93
0 554.8 326.832 300 93
0 554.8 326.952 300 93
0 554.8 327.079 300 93
0 554.8 327.217 300 93
0 554.8 327.466 300 93
0 554.8 327.577 300 93
0 554.8 327.723 300 93
0 554.8 327.86 300 93
0 554.8 327.989 300 93
0 554.8 328.133 300 93
0 554.8 328.254 300 93
0 554.8 328.387 300 93
0 554.8 328.531 300 93
0 554.8 328.687 300 93
0 554.8 328.814 300 93
0 554.8 328.934 300 93
0 554.8 329.049 300 93
0 554.8 329.183 300 93
0 554.8 329.315 300 93
0 554.8 329.492 300 93
0 554.8 329.62 300 93
0 554.8 329.729 300 93
0 554.8 329.869 300 93
0 554.8 330.039 300 93
0 554.8 330.174 300 93
0 554.8 330.312 300 93
0 554.8 330.429 300 93
0 554.8 330.543 300 93
0 554.8 330.711 300 93
0 554.8 330.899 300 93
0 554.8 331.008 300 93
0 554.8 331.129 300 93
0 554.8 331.25 300 93
0 554.8 331.421 300 93
0 554.8 331.547 300 93
0 554.8 331.703 300 93
0 554.8 331.927 300 93
0 554.8 332.038 300 93
0 554.8 332.194 300 93
0 554.8 332.326 300 93
0 554.8 332.457 300 93
0 554.8 332.575 300 93
0 554.8 332.697 300 93
0 554.8 332.818 300 93
0 554.8 333.101 300 93
0 554.8 333.223 300 93
0 554.8 333.298 300 93
0 554.8 333.435 300 93
0 554.8 333.56 300 93
0 554.8 333.686 300 93
0 554.8 333.786 300 93
0 554.8 333.915 300 93
0 554.8 334.059 300 93
0 554.8 334.172 300 93
0 554.8 334.292 300 93
0 554.8 334.392 300 93
0 554.8 334.516 300 93
0 554.8 334.733 300 93
0 554.8 334.868 300 93
0 554.8 334.986 300 93
0 554.8 335.113 300 93
0 554.8 335.309 300 93
0 554.8 335.438 300 93
0 554.8 335.577 300 93
0 554.8 335.664 300 93
0 554.8 335.882 300 93
0 554.8 336.017 300 93
0 554.8 336.142 300 93
0 554.8 336.267 300 93
0 554.8 336.362 300 93
0 554.8 336.503 300 93
0 554.8 336.658 300 93
0 554.8 336.769 300 93
0 554.8 336.975 300 93
0 554.8 337.095 300 93
0 554.8 337.224 300 93
0 554.8 337.398 300 93
0 554.8 337.543 300 93
0 554.8 337.689 300 93
0 554.8 337.911 300 93
0 554.8 338.044 300 93
0 554.8 338.149 300 93
0 554.8 338.318 300 93
0 554.8 338.435 300 93
0 554.8 338.573 300 93
0 554.8 338.71 300 93
0 554.8 338.882 300 93
0 554.8 339.007 300 93
0 554.8 339.138 300 93
0 554.8 339.259 300 93
0 554.8 339.382 300 93
0 554.8 339.517 300 93
0 554.8 339.636 300 93
0 554.8 339.775 300 93
0 554.8 339.901 300 93
0 554.8 340.028 300 93
0 554.8 340.148 300 93
0 554.8 340.276 300 93
0 554.8 340.436 300 93
0 554.8 340.561 300 93
0 554.8 340.685 300 93
0 554.8 340.817 300 93
0 554.8 340.949 300 93
0 554.8 341.09 300 93
0 554.8 341.22 300 93
0 554.8 341.311 300 93
0 554.8 341.546 300 93
0 554.8 341.684 300 93
0 554.8 341.815 300 93
0 554.8 341.987 300 93
0 554.8 342.097 300 93
0 554.8 342.234 300 93
0 554.8 342.433 300 93
0 554.8 342.561 300 93
0 554.8 342.675 300 93
0 554.8 342.811 300 93
0 554.8 342.939 300 93
0 554.8 343.073 300 93
0 554.8 343.197 300 93
0 554.8 343.278 300 93
0 554.8 343.412 300 93
0 554.8 343.537 300 93
0 554.8 343.664 300 93
0 554.8 343.796 300 93
0 554.8 343.93 300 93
0 554.8 344.052 300 93
0 554.8 344.183 300 93
0 554.8 344.307 300 93
0 554.8 344.427 300 93
0 554.8 344.585 300 93
0 554.8 344.715 300 93
0 554.8 344.851 300 93
0 554.8 344.973 300 93
0 554.8 345.055 300 93
0 554.8 345.187 300 93
0 554.8 345.321 300 93
0 554.8 345.461 300 93
0 554.8 345.629 300 93
0 554.8 345.767 300 93
0 554.8 345.911 300 93
0 554.8 346.099 300 93
0 554.8 346.241 300 93
0 554.8 346.437 300 93
0 554.8 346.575 300 93
0 554.8 346.752 300 93
0 554.8 346.897 300 93
0 554.8 347.059 300 93
0 554.8 347.188 300 93
0 554.8 347.348 300 93
0 554.8 347.475 300 93
0 554.8 347.56 300 93
0 554.8 347.69 300 93
0 554.8 347.812 300 93
0 554.8 347.963 300 93
0 554.8 348.181 300 93
0 554.8 348.365 300 93
0 554.8 348.52 300 93
0 554.8 348.609 300 93
0 554.8 348.783 300 93
0 554.8 348.909 300 93
0 554.8 349.034 300 93
0 554.8 349.167 300 93
0 554.8 349.305 300 93
0 554.8 349.431 300 93
0 554.8 349.566 300 93
0 554.8 349.69 300 93
0 554.8 349.895 300 93
0 554.8 350.027 300 93
0 554.8 350.152 300 93
0 554.8 350.289 300 93
0 554.8 350.412 300 93
0 554.8 350.541 300 93
0 554.8 350.655 300 93
0 554.8 350.783 300 93
0 554.8 350.91 300 93
0 554.8 351.027 300 93
0 554.8 351.155 300 93
0 554.8 351.351 300 93
0 554.8 351.48 300 93
0 554.8 351.629 300 93
0 554.8 351.928 300 93
0 554.8 352.097 300 93
0 554.8 352.234 300 93
0 554.8 352.361 300 93
0 554.8 352.443 300 93
0 554.8 352.584 300 93
0 554.8 352.727 300 93
0 554.8 352.847 300 93
0 554.8 352.994 300 93
0 554.8 353.174 300 93
0 554.8 353.304 300 93
0 554.8 353.439 300 93
0 554.8 353.566 300 93
0 554.8 353.768 300 93
0 554.8 353.897 300 93
0 554.8 354.1 300 93
0 554.8 354.306 300 93
0 554.8 354.51 300 93
0 554.8 354.636 300 93
0 554.8 354.767 300 93
0 554.8 354.902 300 93
0 554.8 355.042 300 93
0 554.8 355.175 300 93
0 554.8 355.289 300 93
0 554.8 355.43 300 93
0 554.8 355.59 300 93
0 554.8 355.726 300 93
0 554.8 355.91 300 93
0 554.8 356.063 300 93
0 554.8 356.244 300 93
0 554.8 356.49 300 93
0 554.8 356.648 300 93
0 554.8 356.79 300 93
0 554.8 356.949 300 93
0 554.8 357.067 300 93
0 554.8 357.209 300 93
0 554.8 357.289 300 93
0 554.8 357.442 300 93
0 554.8 357.622 300 93
0 554.8 357.801 300 93
0 554.8 357.926 300 93
0 554.8 358.012 300 93
0 554.8 358.159 300 93
0 554.8 358.298 300 93
0 554.8 358.439 300 93
0 554.8 358.669 300 93
0 554.8 358.787 300 93
0 554.8 358.923 300 93
0 554.8 359.125 300 93
0 554.8 359.254 300 93
0 554.8 359.447 300 93
0 554.8 359.632 300 93
0 554.8 359.79 300 93
0 554.8 359.938 300 93
0 554.8 360.082 300 93
0 554.8 360.246 300 93
0 554.8 360.367 300 93
0 554.8 360.5 300 93
0 554.8 360.691 300 93
0 554.8 360.826 300 93
0 554.8 361.001 300 93
0 554.8 361.136 300 93
0 554.8 361.3 300 93
0 554.8 361.449 300 93
0 554.8 361.583 300 93
0 554.8 361.731 300 93
0 554.8 361.888 300 93
0 554.8 362.134 300 93
0 554.8 362.29 300 93
0 554.8 362.412 300 93
0 554.8 362.539 300 93
0 554.8 362.673 300 93
0 554.8 362.8 300 93
0 554.8 362.923 300 93
0 554.8 363.101 300 93
0 554.8 363.267 300 93
0 554.8 363.439 300 93
0 554.8 363.571 300 93
0 554.8 363.718 300 93
0 554.8 363.868 300 93
0 554.8 364.018 300 93
0 554.8 364.166 300 93
0 554.8 364.341 300 93
0 554.8 364.587 300 93
0 554.8 364.709 300 93
0 554.8 364.842 300 93
0 554.8 364.979 300 93
0 554.8 365.099 300 93
0 554.8 365.229 300 93
0 554.8 365.399 300 93
0 554.8 365.524 300 93
0 554.8 365.664 300 93
0 554.8 365.853 300 93
0 554.8 366.087 300 93
0 554.8 366.235 300 93
0 554.8 366.364 300 93
0 554.8 366.528 300 93
0 554.8 366.645 300 93
0 554.8 366.779 300 93
0 554.8 366.924 300 93
0 554.8 367.099 300 93
0 554.8 367.248 300 93
0 554.8 367.407 300 93
0 554.8 367.502 300 93
0 554.8 367.591 300 93
0 554.8 367.683 300 93
0 554.8 367.786 300 93
0 554.8 367.951 300 93
0 554.8 368.074 300 93
0 554.8 368.206 300 93
0 554.8 368.38 300 93
0 554.8 368.513 300 93
0 554.8 368.588 300 93
0 554.8 368.859 300 93
0 554.8 368.948 300 93
0 554.8 369.051 300 93
0 554.8 369.179 300 93
0 554.8 369.302 300 93
0 554.8 369.444 300 93
0 554.8 369.631 300 93
0 554.8 369.886 300 93
0 554.8 370.07 300 93
0 554.8 370.196 300 93
0 554.8 370.281 300 93
0 554.8 370.401 300 93
0 554.8 370.542 300 93
0 554.8 370.757 300 93
0 554.8 370.904 300 93
0 554.8 371.07 300 93
0 554.8 371.197 300 93
0 554.8 371.356 300 93
0 554.8 371.537 300 93
0 554.8 371.663 300 93
0 554.8 371.79 300 93
0 554.8 371.969 300 93
0 554.8 372.094 300 93
0 554.8 372.218 300 93
0 554.8 372.355 300 93
0 554.8 372.534 300 93
0 554.8 372.698 300 93
0 554.8 372.845 300 93
0 554.8 372.975 300 93
0 554.8 373.113 300 93
0 554.8 373.264 300 93
0 554.8 373.408 300 93
0 554.8 373.519 300 93
0 554.8 373.679 300 93
0 554.8 373.788 300 93
0 554.8 373.905 300 93
0 554.8 374.051 300 93
0 554.8 374.184 300 93
0 554.8 374.32 300 93
0 554.8 374.513 300 93
0 554.8 374.638 300 93
0 554.8 374.782 300 93
0 554.8 374.915 300 93
0 554.8 375.07 300 93
0 554.8 375.189 300 93
0 554.8 375.33 300 93
0 554.8 375.541 300 93
0 554.8 375.682 300 93
0 554.8 375.829 300 93
0 554.8 376.009 300 93
0 554.8 376.152 300 93
0 554.8 376.283 300 93
0 554.8 376.417 300 93
0 554.8 376.569 300 93
0 554.8 376.754 300 93
0 554.8 376.956 300 93
0 554.8 377.097 300 93
0 554.8 377.19 300 93
0 554.8 377.364 300 93
0 554.8 377.52 300 93
0 554.8 377.712 300 93
0 554.8 377.854 300 93
0 554.8 378.081 300 93
0 554.8 378.324 300 93
0 554.8 378.463 300 93
0 554.8 378.61 300 93
0 554.8 378.756 300 93
0 554.8 378.878 300 93
0 554.8 379.023 300 93
0 554.8 379.18 300 93
0 554.8 379.394 300 93
0 554.8 379.568 300 93
0 554.8 379.778 300 93
0 554.8 379.949 300 93
0 554.8 380.091 300 93
0 554.8 380.254 300 93
0 554.8 380.381 300 93
0 554.8 380.615 300 93
0 554.8 380.833 300 93
0 554.8 381.036 300 93
0 554.8 381.152 300 93
0 554.8 381.288 300 93
0 554.8 381.485 300 93
0 554.8 381.706 300 93
0 554.8 381.846 300 93
0 554.8 382.011 300 93
0 554.8 382.124 300 93
0 554.8 382.291 300 93
0 554.8 382.421 300 93
0 554.8 382.552 300 93
0 554.8 382.681 300 93
0 554.8 382.886 300 93
0 554.8 383.018 300 93
0 554.8 383.129 300 93
0 554.8 383.262 300 93
0 554.8 383.393 300 93
0 554.8 383.513 300 93
0 554.8 383.639 300 93
0 554.8 383.813 300 93
0 554.8 383.947 300 93
0 554.8 384.082 300 93
0 554.8 384.221 300 93
0 554.8 384.352 300 93
0 554.8 384.513 300 93
0 554.8 384.769 300 93
0 554.8 384.911 300 93
0 554.8 384.999 300 93
0 554.8 385.136 300 93
0 554.8 385.308 300 93
0 554.8 385.436 300 93
0 554.8 385.534 300 93
0 554.8 385.668 300 93
0 554.8 385.787 300 93
0 554.8 385.916 300 93
0 554.8 385.989 300 93
0 554.8 386.11 300 93
0 554.8 386.236 300 93
0 554.8 386.423 300 93
0 554.8 386.571 300 93
0 554.8 386.779 300 93
0 554.8 386.981 300 93
0 554.8 387.155 300 93
0 554.8 387.287 300 93
0 554.8 387.422 300 93
0 554.8 387.553 300 93
0 554.8 387.755 300 93
0 554.8 387.874 300 93
0 554.8 387.989 300 93
0 554.8 388.219 300 93
0 554.8 388.382 300 93
0 554.8 388.525 300 93
0 554.8 388.645 300 93
0 554.8 388.775 300 93
0 554.8 388.986 300 93
0 554.8 389.16 300 93
0 554.8 389.292 300 93
0 554.8 389.418 300 93
0 554.8 389.591 300 93
0 554.8 389.726 300 93
0 554.8 389.841 300 93
0 554.8 389.961 300 93
0 554.8 390.085 300 93
0 554.8 390.209 300 93
0 554.8 390.394 300 93
0 554.8 390.518 300 93
0 554.8 390.661 300 93
0 554.8 390.804 300 93
0 554.8 390.928 300 93
0 554.8 391.143 300 93
0 554.8 391.284 300 93
0 554.8 391.401 300 93
0 554.8 391.525 300 93
0 554.8 391.645 300 93
0 554.8 391.785 300 93
0 554.8 391.961 300 93
0 554.8 392.25 300 93
0 554.8 392.487 300 93
0 554.8 392.647 300 93
0 554.8 392.802 300 93
0 554.8 392.946 300 93
0 554.8 393.111 300 93
0 554.8 393.351 300 93
0 554.8 393.475 300 93
0 554.8 393.651 300 93
0 554.8 393.77 300 93
0 554.8 393.968 300 93
0 554.8 394.094 300 93
0 554.8 394.247 300 93
0 554.8 394.392 300 93
0 554.8 394.521 300 93
0 554.8 394.742 300 93
0 554.8 394.907 300 93
0 554.8 395.133 300 93
0 554.8 395.263 300 93
0 554.8 395.402 300 93
0 554.8 395.536 300 93
0 554.8 395.68 300 93
0 554.8 395.917 300 93
0 554.8 396.078 300 93
0 554.8 396.316 300 93
0 554.8 396.419 300 93
0 554.8 396.515 300 93
0 554.8 396.669 300 93
0 554.8 396.79 300 93
0 554.8 396.889 300 93
0 554.8 396.985 300 93
0 554.8 397.049 300 93
0 554.8 397.127 300 93
0 554.8 397.212 300 93
0 554.8 397.373 300 93
0 554.8 397.474 300 93
0 554.8 397.557 300 93
0 554.8 397.659 300 93
0 554.8 397.749 300 93
0 554.8 397.844 300 93
0 554.8 397.936 300 93
0 554.8 398.087 300 93
0 554.8 398.183 300 93
0 554.8 398.276 300 93
0 554.8 398.352 300 93
0 554.8 398.443 300 93
0 554.8 398.502 300 93
0 554.8 398.606 300 93
0 554.8 398.698 300 93
0 554.8 398.752 300 93
0 554.8 398.914 300 93
0 554.8 399.015 300 93
0 554.8 399.079 300 93
0 554.8 399.184 300 93
0 554.8 399.294 300 93
0 554.8 399.397 300 93
0 554.8 399.528 300 93
0 554.8 399.622 300 93
0 554.8 399.719 300 93
0 554.8 399.914 300 93
0 554.8 400.16 300 93
0 554.8 400.367 300 93
0 554.8 400.502 300 93
0 554.8 400.692 300 93
0 554.8 400.828 300 93
0 554.8 401.202 300 93
0 554.8 401.355 300 93
0 554.8 401.511 300 93
0 554.8 401.704 300 93
0 554.8 401.941 300 93
0 554.8 402.128 300 93
0 554.8 402.229 300 93
0 554.8 402.352 300 93
0 554.8 402.458 300 93
0 554.8 402.594 300 93
0 554.8 402.731 300 93
0 554.8 402.86 300 93
0 554.8 402.987 300 93
0 554.8 403.127 300 93
0 554.8 403.258 300 93
0 554.8 403.395 300 93
0 554.8 403.53 300 93
0 554.8 403.675 300 93
0 554.8 403.806 300 93
0 554.8 404.028 300 93
0 554.8 404.154 300 93
0 554.8 404.336 300 93
0 554.8 404.413 300 93
0 554.8 404.605 300 93
0 554.8 404.734 300 93
0 554.8 404.912 300 93
0 554.8 405.11 300 93
0 554.8 405.195 300 93
0 554.8 405.355 300 93
0 554.8 405.493 300 93
0 554.8 405.749 300 93
0 554.8 405.891 300 93
0 554.8 406.031 300 93
0 554.8 406.153 300 93
0 554.8 406.344 300 93
0 554.8 406.498 300 93
0 554.8 406.702 300 93
0 554.8 406.809 300 93
0 554.8 406.909 300 93
0 554.8 407.01 300 93
0 554.8 407.153 300 93
0 554.8 407.278 300 93
0 554.8 407.412 300 93
0 554.8 407.556 300 93
0 554.8 407.685 300 93
0 554.8 407.817 300 93
0 554.8 407.951 300 93
0 554.8 408.084 300 93
0 554.8 408.21 300 93
0 554.8 408.38 300 93
0 554.8 408.582 300 93
0 554.8 408.727 300 93
0 554.8 408.967 300 93
0 554.8 409.121 300 93
0 554.8 409.285 300 93
0 554.8 409.411 300 93
0 554.8 409.612 300 93
0 554.8 409.797 300 93
0 554.8 410.018 300 93
0 554.8 410.168 300 93
0 554.8 410.271 300 93
0 554.8 410.465 300 93
0 554.8 410.669 300 93
0 554.8 410.961 300 93
0 554.8 411.089 300 93
0 554.8 411.271 300 93
0 554.8 411.479 300 93
0 554.8 411.702 300 93
0 554.8 411.912 300 93
0 554.8 412.123 300 93
0 554.8 412.244 300 93
0 554.8 412.438 300 93
0 554.8 412.592 300 93
0 554.8 412.775 300 93
0 554.8 413.03 300 93
0 554.8 413.214 300 93
0 554.8 413.366 300 93
0 554.8 413.576 300 93
0 554.8 413.742 300 93
0 554.8 413.913 300 93
0 554.8 414.085 300 93
0 554.8 414.279 300 93
0 554.8 414.491 300 93
0 554.8 414.665 300 93
0 554.8 414.777 300 93
0 554.8 414.946 300 93
0 554.8 415.156 300 93
0 554.8 415.286 300 93
0 554.8 415.482 300 93
0 554.8 415.624 300 93
0 554.8 415.758 300 93
0 554.8 416.003 300 93
0 554.8 416.134 300 93
0 554.8 416.263 300 93
0 554.8 416.414 300 93
0 554.8 416.673 300 93
0 554.8 416.887 300 93
0 554.8 416.987 300 93
0 554.8 417.163 300 93
0 554.8 417.377 300 93
0 554.8 417.5 300 93
0 554.8 417.63 300 93
0 554.8 417.765 300 93
0 554.8 417.903 300 93
0 554.8 418.071 300 93
0 554.8 418.216 300 93
0 554.8 418.342 300 93
0 554.8 418.464 300 93
0 554.8 418.576 300 93
0 554.8 418.708 300 93
0 554.8 418.846 300 93
0 554.8 418.982 300 93
0 554.8 419.179 300 93
0 554.8 419.366 300 93
0 554.8 419.504 300 93
0 554.8 419.644 300 93
0 554.8 419.778 300 93
0 554.8 419.92 300 93
0 554.8 420.07 300 93
0 554.8 420.165 300 93
0 554.8 420.27 300 93
0 554.8 420.363 300 93
0 554.8 420.459 300 93
0 554.8 420.593 300 93
0 554.8 420.729 300 93
0 554.8 420.913 300 93
0 554.8 421.046 300 93
0 554.8 421.117 300 93
0 554.8 421.25 300 93
0 554.8 421.382 300 93
0 554.8 421.472 300 93
0 554.8 421.561 300 93
0 554.8 421.65 300 93
0 554.8 421.761 300 93
0 554.8 421.87 300 93
0 554.8 421.997 300 93
0 554.8 422.126 300 93
0 554.8 422.226 300 93
0 554.8 422.306 300 93
0 554.8 422.402 300 93
0 554.8 422.505 300 93
0 554.8 422.674 300 93
0 554.8 422.845 300 93
0 554.8 423.007 300 93
0 554.8 423.157 300 93
0 554.8 423.344 300 93
0 554.8 423.48 300 93
0 554.8 423.674 300 93
0 554.8 423.85 300 93
0 554.8 424.013 300 93
0 554.8 424.102 300 93
0 554.8 424.288 300 93
0 554.8 424.433 300 93
0 554.8 424.62 300 93
0 554.8 424.764 300 93
0 554.8 424.902 300 93
0 554.8 425.056 300 93
0 554.8 425.21 300 93
0 554.8 425.339 300 93
0 554.8 425.479 300 93
0 554.8 425.605 300 93
0 554.8 425.72 300 93
0 554.8 425.861 300 93
0 554.8 425.989 300 93
0 554.8 426.164 300 93
0 554.8 426.287 300 93
0 554.8 426.418 300 93
0 554.8 426.552 300 93
0 554.8 426.719 300 93
0 554.8 426.882 300 93
0 554.8 427.036 300 93
0 554.8 427.225 300 93
0 554.8 427.367 300 93
0 554.8 427.503 300 93
0 554.8 427.627 300 93
0 554.8 427.884 300 93
0 554.8 428.04 300 93
0 554.8 428.187 300 93
0 554.8 428.41 300 93
0 554.8 428.625 300 93
0 554.8 428.764 300 93
0 554.8 429.056 300 93
0 554.8 429.193 300 93
0 554.8 429.349 300 93
0 554.8 429.488 300 93
0 554.8 429.637 300 93
0 554.8 429.825 300 93
0 554.8 430.02 300 93
0 554.8 430.17 300 93
0 554.8 430.327 300 93
0 554.8 430.551 300 93
0 554.8 430.676 300 93
0 554.8 430.829 300 93
0 554.8 430.967 300 93
0 554.8 431.062 300 93
0 554.8 431.187 300 93
0 554.8 431.347 300 93
0 554.8 431.482 300 93
0 554.8 431.59 300 93
0 554.8 431.771 300 93
0 554.8 431.914 300 93
0 554.8 432.201 300 93
0 554.8 432.367 300 93
0 554.8 432.514 300 93
0 554.8 432.645 300 93
0 554.8 432.823 300 93
0 554.8 432.996 300 93
0 554.8 433.204 300 93
0 554.8 433.387 300 93
0 554.8 433.522 300 93
0 554.8 433.664 300 93
0 554.8 433.753 300 93
0 554.8 433.892 300 93
0 554.8 434.162 300 93
0 554.8 434.292 300 93
0 554.8 434.428 300 93
0 554.8 434.563 300 93
0 554.8 434.73 300 93
0 554.8 434.925 300 93
0 554.8 435.122 300 93
0 554.8 435.258 300 93
0 554.8 435.401 300 93
0 554.8 435.575 300 93
0 554.8 435.706 300 93
0 554.8 435.829 300 93
0 554.8 436.003 300 93
0 554.8 436.217 300 93
0 554.8 436.351 300 93
0 554.8 436.497 300 93
0 554.8 436.619 300 93
0 554.8 436.77 300 93
0 554.8 436.899 300 93
0 554.8 437.003 300 93
0 554.8 437.168 300 93
0 554.8 437.336 300 93
0 554.8 437.514 300 93
0 554.8 437.634 300 93
0 554.8 437.835 300 93
0 554.8 437.95 300 93
0 554.8 438.209 300 93
0 554.8 438.321 300 93
0 554.8 438.456 300 93
0 554.8 438.588 300 93
0 554.8 438.735 300 93
0 554.8 438.865 300 93
0 554.8 439.036 300 93
0 554.8 439.199 300 93
0 554.8 439.3 300 93
0 554.8 439.438 300 93
0 554.8 439.573 300 93
0 554.8 439.759 300 93
0 554.8 439.906 300 93
0 554.8 440.069 300 93
0 554.8 440.21 300 93
0 554.8 440.437 300 93
0 554.8 440.584 300 93
0 554.8 440.723 300 93
0 554.8 440.949 300 93
0 554.8 441.095 300 93
0 554.8 441.231 300 93
0 554.8 441.367 300 93
0 554.8 441.536 300 93
0 554.8 441.667 300 93
0 554.8 441.815 300 93
0 554.8 441.97 300 93
0 554.8 442.109 300 93
0 554.8 442.232 300 93
0 554.8 442.369 300 93
0 554.8 442.55 300 93
0 554.8 442.689 300 93
0 554.8 442.899 300 93
0 554.8 443.046 300 93
0 554.8 443.254 300 93
0 554.8 443.5 300 93
0 554.8 443.633 300 93
0 554.8 443.77 300 93
0 554.8 443.909 300 93
0 554.8 444.045 300 93
0 554.8 444.193 300 93
0 554.8 444.377 300 93
0 554.8 444.568 300 93
0 554.8 444.78 300 93
0 554.8 444.923 300 93
0 554.8 445.057 300 93
0 554.8 445.197 300 93
0 554.8 445.339 300 93
0 554.8 445.555 300 93
0 554.8 445.708 300 93
0 554.8 445.848 300 93
0 554.8 445.985 300 93
0 554.8 446.117 300 93
0 554.8 446.207 300 93
0 554.8 446.303 300 93
0 554.8 446.443 300 93
0 554.8 446.671 300 93
0 554.8 446.829 300 93
0 554.8 447.049 300 93
0 554.8 447.186 300 93
0 554.8 447.358 300 93
0 554.8 447.493 300 93
0 554.8 447.617 300 93
0 554.8 447.727 300 93
0 554.8 447.855 300 93
0 554.8 447.997 300 93
0 554.8 448.121 300 93
0 554.8 448.256 300 93
0 554.8 448.338 300 93
0 554.8 448.468 300 93
0 554.8 448.688 300 93
0 554.8 448.832 300 93
0 554.8 448.967 300 93
0 554.8 449.14 300 93
0 554.8 449.273 300 93
0 554.8 449.407 300 93
0 554.8 449.613 300 93
0 554.8 449.753 300 93
0 554.8 449.904 300 93
0 554.8 450.069 300 93
0 554.8 450.193 300 93
0 554.8 450.328 300 93
0 554.8 450.461 300 93
0 554.8 450.651 300 93
0 554.8 450.789 300 93
0 554.8 450.931 300 93
0 554.8 451.067 300 93
0 554.8 451.257 300 93
0 554.8 451.395 300 93
0 554.8 451.553 300 93
0 554.8 451.71 300 93
0 554.8 451.895 300 93
0 554.8 451.987 300 93
0 554.8 452.133 300 93
0 554.8 452.258 300 93
0 554.8 452.403 300 93
0 554.8 452.541 300 93
0 554.8 452.69 300 93
0 554.8 452.927 300 93
0 554.8 453.049 300 93
0 554.8 453.181 300 93
0 554.8 453.393 300 93
0 554.8 453.51 300 93
0 554.8 453.627 300 93
0 554.8 453.781 300 93
0 554.8 453.917 300 93
0 554.8 454.106 300 93
0 554.8 454.235 300 93
0 554.8 454.412 300 93
0 554.8 454.557 300 93
0 554.8 454.722 300 93
0 554.8 454.865 300 93
0 554.8 454.998 300 93
0 554.8 455.177 300 93
0 554.8 455.301 300 93
0 554.8 455.382 300 93
0 554.8 455.541 300 93
0 554.8 455.674 300 93
0 554.8 455.817 300 93
0 554.8 456.015 300 93
0 554.8 456.13 300 93
0 554.8 456.266 300 93
0 554.8 456.416 300 93
0 554.8 456.567 300 93
0 554.8 456.741 300 93
0 554.8 456.894 300 93
0 554.8 457.037 300 93
0 554.8 457.17 300 93
0 554.8 457.265 300 93
0 554.8 457.363 300 93
0 554.8 457.456 300 93
0 554.8 457.543 300 93
0 554.8 457.644 300 93
0 554.8 457.704 300 93
0 554.8 457.82 300 93
0 554.8 457.908 300 93
0 554.8 458.004 300 93
0 554.8 458.095 300 93
0 554.8 458.185 300 93
0 554.8 458.283 300 93
0 554.8 458.428 300 93
0 554.8 458.533 300 93
0 554.8 458.704 300 93
0 554.8 458.865 300 93
0 554.8 458.973 300 93
0 554.8 459.046 300 93
0 554.8 459.191 300 93
0 554.8 459.311 300 93
0 554.8 459.425 300 93
0 554.8 459.518 300 93
0 554.8 459.617 300 93
0 554.8 459.701 300 93
0 554.8 459.793 300 93
0 554.8 459.898 300 93
0 554.8 459.981 300 93
0 554.8 460.086 300 93
0 554.8 460.218 300 93
0 554.8 460.324 300 93
0 554.8 460.424 300 93
0 554.8 460.535 300 93
0 554.8 460.68 300 93
0 554.8 460.839 300 93
0 554.8 460.988 300 93
0 554.8 461.079 300 93
0 554.8 461.182 300 93
0 554.8 461.289 300 93
0 554.8 461.423 300 93
0 554.8 461.547 300 93
0 554.8 461.645 300 93
0 554.8 461.734 300 93
0 554.8 461.824 300 93
0 554.8 461.912 300 93
0 554.8 462.05 300 93
0 554.8 462.205 300 93
0 554.8 462.302 300 93
0 554.8 462.395 300 93
0 554.8 462.492 300 93
0 554.8 462.578 300 93
0 554.8 462.657 300 93
0 554.8 462.745 300 93
0 554.8 462.836 300 93
0 554.8 462.941 300 93
0 554.8 463.042 300 93
0 554.8 463.143 300 93
0 554.8 463.258 300 93
0 554.8 463.351 300 93
0 554.8 463.439 300 93
0 554.8 463.542 300 93
0 554.8 463.64 300 93
0 554.8 463.742 300 93
0 554.8 463.84 300 93
0 554.8 463.928 300 93
0 554.8 464.06 300 93
0 554.8 464.283 300 93
0 554.8 464.404 300 93
0 554.8 464.517 300 93
0 554.8 464.642 300 93
0 554.8 464.799 300 93
0 554.8 465.058 300 93
0 554.8 465.199 300 93
0 554.8 465.381 300 93
0 554.8 465.514 300 93
0 554.8 465.645 300 93
0 554.8 465.789 300 93
0 554.8 465.915 300 93
0 554.8 466.056 300 93
0 554.8 466.186 300 93
0 554.8 466.327 300 93
0 554.8 466.449 300 93
0 554.8 466.63 300 93
0 554.8 466.764 300 93
0 554.8 466.915 300 93
0 554.8 467.076 300 93
0 554.8 467.216 300 93
0 554.8 467.348 300 93
0 554.8 467.502 300 93
0 554.8 467.642 300 93
0 554.8 467.724 300 93
0 554.8 467.937 300 93
0 554.8 468.075 300 93
0 554.8 468.194 300 93
0 554.8 468.306 300 93
0 554.8 468.4 300 93
0 554.8 468.513 300 93
0 554.8 468.613 300 93
0 554.8 468.704 300 93
0 554.8 468.836 300 93
0 554.8 468.92 300 93
0 554.8 469.068 300 93
0 554.8 469.209 300 93
0 554.8 469.335 300 93
0 554.8 469.442 300 93
0 554.8 469.544 300 93
0 554.8 469.673 300 93
0 554.8 469.77 300 93
0 554.8 469.868 300 93
0 554.8 469.964 300 93
0 554.8 470.059 300 93
0 554.8 470.147 300 93
0 554.8 470.237 300 93
0 554.8 470.332 300 93
0 554.8 470.426 300 93
0 554.8 470.544 300 93
0 554.8 470.819 300 93
0 554.8 470.965 300 93
0 554.8 471.093 300 93
0 554.8 471.288 300 93
0 554.8 471.427 300 93
0 554.8 471.573 300 93
0 554.8 471.718 300 93
0 554.8 471.854 300 93
0 554.8 472.013 300 93
0 554.8 472.148 300 93
0 554.8 472.369 300 93
0 554.8 472.507 300 93
0 554.8 472.635 300 93
0 554.8 472.771 300 93
0 554.8 472.963 300 93
0 554.8 473.112 300 93
0 554.8 473.241 300 93
0 554.8 473.378 300 93
0 554.8 473.511 300 93
0 554.8 473.634 300 93
0 554.8 473.795 300 93
0 554.8 473.963 300 93
0 554.8 474.101 300 93
0 554.8 474.232 300 93
0 554.8 474.373 300 93
0 554.8 474.56 300 93
0 554.8 474.688 300 93
0 554.8 474.782 300 93
0 554.8 474.948 300 93
0 554.8 475.069 300 93
0 554.8 475.225 300 93
0 554.8 475.36 300 93
0 554.8 475.457 300 93
0 554.8 475.563 300 93
0 554.8 475.693 300 93
0 554.8 475.785 300 93
0 554.8 475.873 300 93
0 554.8 475.96 300 93
0 554.8 476.057 300 93
0 554.8 476.191 300 93
0 554.8 476.324 300 93
0 554.8 476.477 300 93
0 554.8 476.58 300 93
0 554.8 476.73 300 93
0 554.8 476.869 300 93
0 554.8 477.002 300 93
0 554.8 477.122 300 93
0 554.8 477.251 300 93
0 554.8 477.35 300 93
0 554.8 477.526 300 93
0 554.8 477.659 300 93
0 554.8 477.876 300 93
0 554.8 478.008 300 93
0 554.8 478.17 300 93
0 554.8 478.256 300 93
0 554.8 478.403 300 93
0 554.8 478.532 300 93
0 554.8 478.65 300 93
0 554.8 478.767 300 93
0 554.8 478.911 300 93
0 554.8 479.034 300 93
0 554.8 479.181 300 93
0 554.8 479.314 300 93
0 554.8 479.45 300 93
0 554.8 479.592 300 93
0 554.8 479.733 300 93
0 554.8 479.866 300 93
0 554.8 480.056 300 93
0 554.8 480.258 300 93
0 554.8 480.42 300 93
0 554.8 480.624 300 93
0 554.8 480.839 300 93
0 554.8 481.02 300 93
0 554.8 481.146 300 93
0 554.8 481.285 300 93
0 554.8 481.436 300 93
0 554.8 481.577 300 93
0 554.8 481.713 300 93
0 554.8 481.86 300 93
0 554.8 482.125 300 93
0 554.8 482.293 300 93
0 554.8 482.421 300 93
0 554.8 482.53 300 93
0 554.8 482.645 300 93
0 554.8 482.794 300 93
0 554.8 482.938 300 93
0 554.8 483.122 300 93
0 554.8 483.267 300 93
0 554.8 483.413 300 93
0 554.8 483.544 300 93
0 554.8 483.756 300 93
0 554.8 483.874 300 93
0 554.8 484.018 300 93
0 554.8 484.139 300 93
0 554.8 484.23 300 93
0 554.8 484.367 300 93
0 554.8 484.499 300 93
0 554.8 484.607 300 93
0 554.8 484.787 300 93
0 554.8 484.908 300 93
0 554.8 485.025 300 93
0 554.8 485.124 300 93
0 554.8 485.204 300 93
0 554.8 485.324 300 93
0 554.8 485.392 300 93
0 554.8 485.521 300 93
0 554.8 485.661 300 93
0 554.8 485.785 300 93
0 554.8 485.903 300 93
0 554.8 486.038 300 93
0 554.8 486.284 300 93
0 554.8 486.464 300 93
0 554.8 486.61 300 93
0 554.8 486.776 300 93
0 554.8 486.986 300 93
0 554.8 487.131 300 93
0 554.8 487.268 300 93
0 554.8 487.397 300 93
0 554.8 487.551 300 93
0 554.8 487.678 300 93
0 554.8 487.866 300 93
0 554.8 487.997 300 93
0 554.8 488.137 300 93
0 554.8 488.334 300 93
0 554.8 488.555 300 93
0 554.8 488.779 300 93
0 554.8 488.93 300 93
0 554.8 489.074 300 93
0 554.8 489.221 300 93
0 554.8 489.353 300 93
0 554.8 489.491 300 93
0 554.8 489.663 300 93
0 554.8 489.806 300 93
0 554.8 489.942 300 93
0 554.8 490.097 300 93
0 554.8 490.213 300 93
0 554.8 490.379 300 93
0 554.8 490.52 300 93
0 554.8 490.641 300 93
0 554.8 490.788 300 93
0 554.8 490.878 300 93
0 554.8 490.966 300 93
0 554.8 491.057 300 93
0 554.8 491.199 300 93
0 554.8 491.422 300 93
0 554.8 491.547 300 93
0 554.8 491.697 300 93
0 554.8 491.907 300 93
0 554.8 492.011 300 93
0 554.8 492.179 300 93
0 554.8 492.299 300 93
0 554.8 492.451 300 93
0 554.8 492.588 300 93
0 554.8 492.78 300 93
0 554.8 492.97 300 93
0 554.8 493.1 300 93
0 554.8 493.238 300 93
0 554.8 493.435 300 93
0 554.8 493.571 300 93
0 554.8 493.697 300 93
0 554.8 493.843 300 93
0 554.8 493.994 300 93
0 554.8 494.181 300 93
0 554.8 494.328 300 93
0 554.8 494.428 300 93
0 554.8 494.52 300 93
0 554.8 494.645 300 93
0 554.8 494.75 300 93
0 554.8 494.862 300 93
0 554.8 494.957 300 93
0 554.8 495.085 300 93
0 554.8 495.203 300 93
0 554.8 495.359 300 93
0 554.8 495.461 300 93
0 554.8 495.589 300 93
0 554.8 495.776 300 93
0 554.8 495.935 300 93
0 554.8 496.07 300 93
0 554.8 496.204 300 93
0 554.8 496.332 300 93
0 554.8 496.515 300 93
0 554.8 496.639 300 93
0 554.8 496.79 300 93
0 554.8 496.938 300 93
0 554.8 497.106 300 93
0 554.8 497.244 300 93
0 554.8 497.438 300 93
0 554.8 497.594 300 93
0 554.8 497.72 300 93
0 554.8 497.9 300 93
0 554.8 498.048 300 93
0 554.8 498.18 300 93
0 554.8 498.326 300 93
0 554.8 498.468 300 93
0 554.8 498.595 300 93
0 554.8 498.771 300 93
0 554.8 498.917 300 93
0 554.8 499.069 300 93
0 554.8 499.2 300 93
0 554.8 499.49 300 93
0 554.8 499.709 300 93
0 554.8 499.848 300 93
0 554.8 500.037 300 93
0 554.8 500.167 300 93
0 554.8 500.307 300 93
0 554.8 500.495 300 93
0 554.8 500.641 300 93
0 554.8 500.814 300 93
0 554.8 500.963 300 93
0 554.8 501.178 300 93
0 554.8 501.354 300 93
0 554.8 501.502 300 93
0 554.8 501.659 300 93
0 554.8 501.877 300 93
0 554.8 502.01 300 93
0 554.8 502.181 300 93
0 554.8 502.33 300 93
0 554.8 502.512 300 93
0 554.8 502.68 300 93
0 554.8 502.824 300 93
0 554.8 503.022 300 93
0 554.8 503.172 300 93
0 554.8 503.358 300 93
0 554.8 503.483 300 93
0 554.8 503.63 300 93
0 554.8 503.844 300 93
0 554.8 503.989 300 93
0 554.8 504.128 300 93
0 554.8 504.215 300 93
0 554.8 504.363 300 93
0 554.8 504.593 300 93
0 554.8 504.886 300 93
0 554.8 505.076 300 93
0 554.8 505.296 300 93
0 554.8 505.393 300 93
0 554.8 505.584 300 93
0 554.8 505.772 300 93
0 554.8 505.917 300 93
0 554.8 506.075 300 93
0 554.8 506.296 300 93
0 554.8 506.455 300 93
0 554.8 506.7 300 93
0 554.8 506.89 300 93
0 554.8 507.029 300 93
0 554.8 507.193 300 93
0 554.8 507.329 300 93
0 554.8 507.46 300 93
0 554.8 507.65 300 93
0 554.8 507.805 300 93
0 554.8 508.163 300 93
0 554.8 508.299 300 93
0 554.8 508.389 300 93
0 554.8 508.53 300 93
0 554.8 508.677 300 93
0 554.8 508.825 300 93
0 554.8 508.931 300 93
0 554.8 509.082 300 93
0 554.8 509.233 300 93
0 554.8 509.453 300 93
0 554.8 509.67 300 93
0 554.8 509.78 300 93
0 554.8 509.893 300 93
0 554.8 510.064 300 93
0 554.8 510.181 300 93
0 554.8 510.28 300 93
0 554.8 510.385 300 93
0 554.8 510.518 300 93
0 554.8 510.667 300 93
0 554.8 510.866 300 93
0 554.8 510.959 300 93
0 554.8 511.081 300 93
0 554.8 511.228 300 93
0 554.8 511.386 300 93
0 554.8 511.579 300 93
0 554.8 511.729 300 93
0 554.8 511.866 300 93
0 554.8 512.051 300 93
0 554.8 512.233 300 93
0 554.8 512.375 300 93
0 554.8 512.507 300 93
0 554.8 512.687 300 93
0 554.8 512.833 300 93
0 554.8 513.002 300 93
0 554.8 513.142 300 93
0 554.8 513.285 300 93
0 554.8 513.427 300 93
0 554.8 513.577 300 93
0 554.8 513.714 300 93
0 554.8 513.869 300 93
0 554.8 513.996 300 93
0 554.8 514.114 300 93
0 554.8 514.251 300 93
0 554.8 514.395 300 93
0 554.8 514.676 300 93
0 554.8 514.994 300 93
0 554.8 515.156 300 93
0 554.8 515.297 300 93
0 554.8 515.456 300 93
0 554.8 515.594 300 93
0 554.8 515.742 300 93
0 554.8 515.879 300 93
0 554.8 516.016 300 93
0 554.8 516.167 300 93
0 554.8 516.382 300 93
0 554.8 516.601 300 93
0 554.8 516.792 300 93
0 554.8 516.945 300 93
0 554.8 517.219 300 93
0 554.8 517.408 300 93
0 554.8 517.597 300 93
0 554.8 517.762 300 93
0 554.8 517.906 300 93
0 554.8 518.046 300 93
0 554.8 518.185 300 93
0 554.8 518.319 300 93
0 554.8 518.455 300 93
0 554.8 518.649 300 93
0 554.8 518.793 300 93
0 554.8 518.944 300 93
0 554.8 519.128 300 93
0 554.8 519.334 300 93
0 554.8 519.46 300 93
0 554.8 519.581 300 93
0 554.8 519.724 300 93
0 554.8 519.878 300 93
0 554.8 520.009 300 93
0 554.8 520.155 300 93
0 554.8 520.298 300 93
0 554.8 520.443 300 93
0 554.8 520.627 300 93
0 554.8 520.775 300 93
0 554.8 520.976 300 93
0 554.8 521.113 300 93
0 554.8 521.261 300 93
0 554.8 521.408 300 93
0 554.8 521.546 300 93
0 554.8 521.774 300 93
0 554.8 521.953 300 93
0 554.8 522.112 300 93
0 554.8 522.252 300 93
0 554.8 522.413 300 93
0 554.8 522.644 300 93
0 554.8 522.771 300 93
0 554.8 522.993 300 93
0 554.8 523.151 300 93
0 554.8 523.329 300 93
0 554.8 523.456 300 93
0 554.8 523.584 300 93
0 554.8 523.846 300 93
0 554.8 523.947 300 93
0 554.8 524.095 300 93
0 554.8 524.257 300 93
0 554.8 524.395 300 93
0 554.8 524.525 300 93
0 554.8 524.677 300 93
0 554.8 524.82 300 93
0 554.8 525.021 300 93
0 554.8 525.166 300 93
0 554.8 525.262 300 93
0 554.8 525.495 300 93
0 554.8 525.645 300 93
0 554.8 525.809 300 93
0 554.8 525.961 300 93
0 554.8 526.054 300 93
0 554.8 526.151 300 93
0 554.8 526.279 300 93
0 554.8 526.409 300 93
0 554.8 526.505 300 93
0 554.8 526.661 300 93
0 554.8 526.808 300 93
0 554.8 526.961 300 93
0 554.8 527.188 300 93
0 554.8 527.321 300 93
0 554.8 527.48 300 93
0 554.8 527.625 300 93
0 554.8 527.776 300 93
0 554.8 527.957 300 93
0 554.8 528.125 300 93
0 554.8 528.348 300 93
0 554.8 528.445 300 93
0 554.8 528.582 300 93
0 554.8 528.732 300 93
0 554.8 528.962 300 93
0 554.8 529.106 300 93
0 554.8 529.316 300 93
0 554.8 529.513 300 93
0 554.8 529.671 300 93
0 554.8 529.776 300 93
0 554.8 529.885 300 93
0 554.8 529.996 300 93
0 554.8 530.083 300 93
0 554.8 530.164 300 93
0 554.8 530.272 300 93
0 554.8 530.381 300 93
0 554.8 530.472 300 93
0 554.8 530.533 300 93
0 554.8 530.613 300 93
0 554.8 530.745 300 93
0 554.8 530.888 300 93
0 554.8 531.052 300 93
0 554.8 531.197 300 93
0 554.8 531.348 300 93
0 554.8 531.53 300 93
0 554.8 531.665 300 93
0 554.8 531.764 300 93
0 554.8 531.861 300 93
0 554.8 532.055 300 93
0 554.8 532.208 300 93
0 554.8 532.337 300 93
0 554.8 532.441 300 93
0 554.8 532.604 300 93
0 554.8 532.738 300 93
0 554.8 532.875 300 93
0 554.8 533.008 300 93
0 554.8 533.21 300 93
0 554.8 533.346 300 93
0 554.8 533.481 300 93
0 554.8 533.621 300 93
0 554.8 533.87 300 93
0 554.8 534.035 300 93
0 554.8 534.21 300 93
0 554.8 534.378 300 93
0 554.8 534.521 300 93
0 554.8 534.665 300 93
0 554.8 534.816 300 93
0 554.8 535.001 300 93
0 554.8 535.091 300 93
0 554.8 535.239 300 93
0 554.8 535.385 300 93
0 554.8 535.506 300 93
0 554.8 535.641 300 93
0 554.8 535.784 300 93
0 554.8 535.918 300 93
0 554.8 536.054 300 93
0 554.8 536.265 300 93
0 554.8 536.37 300 93
0 554.8 536.513 300 93
0 554.8 536.659 300 93
0 554.8 536.849 300 93
0 554.8 536.994 300 93
0 554.8 537.139 300 93
0 554.8 537.27 300 93
0 554.8 537.409 300 93
0 554.8 537.556 300 93
0 554.8 537.7 300 93
0 554.8 537.842 300 93
0 554.8 537.976 300 93
0 554.8 538.118 300 93
0 554.8 538.348 300 93
0 554.8 538.48 300 93
0 554.8 538.629 300 93
0 554.8 538.766 300 93
0 554.8 538.906 300 93
0 554.8 539.037 300 93
0 554.8 539.185 300 93
0 554.8 539.427 300 93
0 554.8 539.576 300 93
0 554.8 539.763 300 93
0 554.8 539.935 300 93
0 554.8 540.069 300 93
0 554.8 540.256 300 93
0 554.8 540.425 300 93
0 554.8 540.568 300 93
0 554.8 540.767 300 93
0 554.8 540.944 300 93
0 554.8 541.076 300 93
0 554.8 541.209 300 93
0 554.8 541.345 300 93
0 554.8 541.537 300 93
0 554.8 541.69 300 93
0 554.8 541.784 300 93
0 554.8 541.936 300 93
0 554.8 542.068 300 93
0 554.8 542.209 300 93
0 554.8 542.359 300 93
0 554.8 542.524 300 93
0 554.8 542.667 300 93
0 554.8 542.837 300 93
0 554.8 542.989 300 93
0 554.8 543.137 300 93
0 554.8 543.35 300 93
0 554.8 543.63 300 93
0 554.8 543.85 300 93
0 554.8 544.021 300 93
0 554.8 544.24 300 93
0 554.8 544.381 300 93
0 554.8 544.514 300 93
0 554.8 544.672 300 93
0 554.8 544.913 300 93
0 554.8 545.063 300 93
0 554.8 545.295 300 93
0 554.8 545.437 300 93
0 554.8 545.562 300 93
0 554.8 545.764 300 93
0 554.8 545.948 300 93
0 554.8 546.109 300 93
0 554.8 546.282 300 93
0 554.8 546.467 300 93
0 554.8 546.639 300 93
0 554.8 546.789 300 93
0 554.8 546.902 300 93
0 554.8 547.08 300 93
0 554.8 547.218 300 93
0 554.8 547.33 300 93
0 554.8 547.543 300 93
0 554.8 547.691 300 93
0 554.8 547.823 300 93
0 554.8 547.966 300 93
0 554.8 548.146 300 93
0 554.8 548.32 300 93
0 554.8 548.635 300 93
0 554.8 548.829 300 93
0 554.8 549.084 300 93
0 554.8 549.326 300 93
0 554.8 549.507 300 93
0 554.8 549.81 300 93
0 554.8 549.997 300 93
0 554.8 550.184 300 93
0 554.8 550.384 300 93
0 554.8 550.584 300 93
0 554.8 550.777 300 93
0 554.8 550.992 300 93
0 554.8 551.219 300 93
0 554.8 551.505 300 93
0 554.8 551.853 300 93
0 554.8 552.041 300 93
0 554.8 552.243 300 93
0 554.8 552.406 300 93
0 554.8 552.606 300 93
0 554.8 552.789 300 93
0 554.8 553 300 93
0 554.8 553.221 300 93
0 554.8 553.446 300 93
0 554.8 553.64 300 93
0 554.8 553.836 300 93
0 554.8 554.055 300 93
0 554.8 554.254 300 93
0 554.8 554.589 300 93
0 554.8 554.771 300 93
0 554.8 555.011 300 93
0 554.8 555.252 300 93
0 554.8 555.448 300 93
0 554.8 555.649 300 93
0 554.8 555.883 300 93
0 554.8 556.089 300 93
0 554.8 556.269 300 93
0 554.8 556.452 300 93
0 554.8 556.578 300 93
0 554.8 556.749 300 93
0 554.8 557.011 300 93
0 554.8 557.287 300 93
0 554.8 557.538 300 93
0 554.8 557.737 300 93
0 554.8 557.964 300 93
0 554.8 558.205 300 93
0 554.8 558.426 300 93
0 554.8 558.683 300 93
0 554.8 559.071 300 93
0 554.8 559.244 300 93
0 554.8 559.422 300 93
0 554.8 559.613 300 93
0 554.8 559.873 300 93
0 554.8 560.073 300 93
0 554.8 560.26 300 93
0 554.8 560.445 300 93
0 554.8 560.634 300 93
0 554.8 560.823 300 93
0 554.8 560.95 300 93
0 554.8 561.075 300 93
0 554.8 561.199 300 93
0 554.8 561.37 300 93
0 554.8 561.502 300 93
0 554.8 561.647 300 93
0 554.8 561.772 300 93
0 554.8 561.894 300 93
0 554.8 562.021 300 93
0 554.8 562.153 300 93
0 554.8 562.292 300 93
0 554.8 562.417 300 93
0 554.8 562.56 300 93
0 554.8 562.692 300 93
0 554.8 562.815 300 93
0 554.8 563.069 300 93
0 554.8 563.202 300 93
0 554.8 563.314 300 93
0 554.8 563.573 300 93
0 554.8 563.749 300 93
0 554.8 563.868 300 93
0 554.8 563.994 300 93
0 554.8 564.164 300 93
0 554.8 564.294 300 93
0 554.8 564.42 300 93
0 554.8 564.563 300 93
0 554.8 564.709 300 93
0 554.8 564.854 300 93
0 554.8 565.07 300 93
0 554.8 565.17 300 93
0 554.8 565.37 300 93
0 554.8 565.511 300 93
0 554.8 565.652 300 93
0 554.8 565.759 300 93
0 554.8 565.899 300 93
0 554.8 566.031 300 93
0 554.8 566.183 300 93
0 554.8 566.339 300 93
0 554.8 566.494 300 93
0 554.8 566.63 300 93
0 554.8 566.753 300 93
0 554.8 566.835 300 93
0 554.8 567.004 300 93
0 554.8 567.14 300 93
0 554.8 567.281 300 93
0 554.8 567.416 300 93
0 554.8 567.566 300 93
0 554.8 567.709 300 93
0 554.8 567.837 300 93
0 554.8 568.021 300 93
0 554.8 568.151 300 93
0 554.8 568.404 300 93
0 554.8 568.546 300 93
0 554.8 568.642 300 93
0 554.8 568.779 300 93
0 554.8 568.951 300 93
0 554.8 569.05 300 93
0 554.8 569.222 300 93
0 554.8 569.352 300 93
0 554.8 569.521 300 93
0 554.8 569.713 300 93
0 554.8 569.974 300 93
0 554.8 570.155 300 93
0 554.8 570.351 300 93
0 554.8 570.516 300 93
0 554.8 570.654 300 93
0 554.8 570.778 300 93
0 554.8 570.955 300 93
0 554.8 571.066 300 93
0 554.8 571.197 300 93
0 554.8 571.339 300 93
0 554.8 571.486 300 93
0 554.8 571.672 300 93
0 554.8 571.814 300 93
0 554.8 571.964 300 93
0 554.8 572.116 300 93
0 554.8 572.264 300 93
0 554.8 572.491 300 93
0 554.8 572.627 300 93
0 554.8 572.864 300 93
0 554.8 572.999 300 93
0 554.8 573.152 300 93
0 554.8 573.306 300 93
0 554.8 573.492 300 93
0 554.8 573.72 300 93
0 554.8 573.854 300 93
0 554.8 574.001 300 93
0 554.8 574.083 300 93
0 554.8 574.215 300 93
0 554.8 574.352 300 93
0 554.8 574.575 300 93
0 554.8 574.747 300 93
0 554.8 574.883 300 93
0 554.8 575.054 300 93
0 554.8 575.141 300 93
0 554.8 575.277 300 93
0 554.8 575.425 300 93
0 554.8 575.567 300 93
0 554.8 575.71 300 93
0 554.8 575.858 300 93
0 554.8 576.053 300 93
0 554.8 576.188 300 93
0 554.8 576.279 300 93
0 554.8 576.417 300 93
0 554.8 576.569 300 93
0 554.8 576.699 300 93
0 554.8 576.842 300 93
0 554.8 576.995 300 93
0 554.8 577.137 300 93
0 554.8 577.282 300 93
0 554.8 577.422 300 93
0 554.8 577.553 300 93
0 554.8 577.7 300 93
0 554.8 577.824 300 93
0 554.8 577.955 300 93
0 554.8 578.113 300 93
0 554.8 578.246 300 93
0 554.8 578.387 300 93
0 554.8 578.514 300 93
0 554.8 578.637 300 93
0 554.8 578.857 300 93
0 554.8 578.987 300 93
0 554.8 579.11 300 93
0 554.8 579.253 300 93
0 554.8 579.413 300 93
0 554.8 579.559 300 93
0 554.8 579.695 300 93
0 554.8 579.899 300 93
0 554.8 580.116 300 93
0 554.8 580.234 300 93
0 554.8 580.374 300 93
0 554.8 580.517 300 93
0 554.8 580.661 300 93
0 554.8 580.927 300 93
0 554.8 581.066 300 93
0 554.8 581.192 300 93
0 554.8 581.32 300 93
0 554.8 581.438 300 93
0 554.8 581.621 300 93
0 554.8 581.808 300 93
0 554.8 581.947 300 93
0 554.8 582.09 300 93
0 554.8 582.239 300 93
0 554.8 582.373 300 93
0 554.8 582.52 300 93
0 554.8 582.655 300 93
0 554.8 582.789 300 93
0 554.8 583.016 300 93
0 554.8 583.147 300 93
0 554.8 583.284 300 93
0 554.8 583.416 300 93
0 554.8 583.552 300 93
0 554.8 583.68 300 93
0 554.8 583.852 300 93
0 554.8 584.036 300 93
0 554.8 584.12 300 93
0 554.8 584.272 300 93
0 554.8 584.522 300 93
0 554.8 584.642 300 93
0 554.8 584.82 300 93
0 554.8 584.972 300 93
0 554.8 585.13 300 93
0 554.8 585.269 300 93
0 554.8 585.41 300 93
0 554.8 585.602 300 93
0 554.8 585.739 300 93
0 554.8 585.878 300 93
0 554.8 586.056 300 93
0 554.8 586.205 300 93
0 554.8 586.33 300 93
0 554.8 586.476 300 93
0 554.8 586.659 300 93
0 554.8 586.788 300 93
0 554.8 586.928 300 93
0 554.8 587.059 300 93
0 554.8 587.179 300 93
0 554.8 587.258 300 93
0 554.8 587.387 300 93
0 554.8 587.548 300 93
0 554.8 587.669 300 93
0 554.8 587.804 300 93
0 554.8 587.925 300 93
0 554.8 588.014 300 93
0 554.8 588.209 300 93
0 554.8 588.333 300 93
0 554.8 588.446 300 93
0 554.8 588.713 300 93
0 554.8 588.841 300 93
0 554.8 588.972 300 93
0 554.8 589.174 300 93
0 554.8 589.326 300 93
0 554.8 589.469 300 93
0 554.8 589.663 300 93
0 554.8 589.838 300 93
0 554.8 589.996 300 93
0 554.8 590.132 300 93
0 554.8 590.274 300 93
0 554.8 590.455 300 93
0 554.8 590.588 300 93
0 554.8 590.803 300 93
0 554.8 590.925 300 93
0 554.8 591.076 300 93
0 554.8 591.232 300 93
0 554.8 591.366 300 93
0 554.8 591.549 300 93
0 554.8 591.655 300 93
0 554.8 591.819 300 93
0 554.8 591.946 300 93
0 554.8 592.077 300 93
0 554.8 592.256 300 93
0 554.8 592.394 300 93
0 554.8 592.64 300 93
0 554.8 592.78 300 93
0 554.8 592.905 300 93
0 554.8 593.051 300 93
0 554.8 593.223 300 93
0 554.8 593.331 300 93
0 554.8 593.487 300 93
0 554.8 593.626 300 93
0 554.8 593.755 300 93
0 554.8 593.918 300 93
0 554.8 594.052 300 93
0 554.8 594.178 300 93
0 554.8 594.316 300 93
0 554.8 594.468 300 93
0 554.8 594.636 300 93
0 554.8 594.754 300 93
0 554.8 594.869 300 93
0 554.8 595.005 300 93
0 554.8 595.133 300 93
0 554.8 595.34 300 93
0 554.8 595.437 300 93
0 554.8 595.577 300 93
0 554.8 595.836 300 93
0 554.8 595.99 300 93
0 554.8 596.14 300 93
0 554.8 596.262 300 93
0 554.8 596.492 300 93
0 554.8 596.612 300 93
0 554.8 596.739 300 93
0 554.8 596.883 300 93
0 554.8 597.053 300 93
0 554.8 597.183 300 93
0 554.8 597.312 300 93
0 554.8 597.451 300 93
0 554.8 597.568 300 93
0 554.8 597.807 300 93
0 554.8 597.932 300 93
0 554.8 598.192 300 93
0 554.8 598.32 300 93
0 554.8 598.627 300 93
0 554.8 598.749 300 93
0 554.8 598.902 300 93
0 554.8 599.043 300 93
0 554.8 599.18 300 93
0 554.8 599.333 300 93
0 554.8 599.467 300 93
0 554.8 599.593 300 93
0 554.8 599.733 300 93
0 554.8 599.868 300 93
0 554.8 600.113 300 93
0 554.8 600.263 300 93
0 554.8 600.385 300 93
0 554.8 600.591 300 93
0 554.8 600.72 300 93
0 554.8 600.893 300 93
0 554.8 601.027 300 93
0 554.8 601.186 300 93
0 554.8 601.279 300 93
0 554.8 601.438 300 93
0 554.8 601.572 300 93
0 554.8 601.695 300 93
0 554.8 601.78 300 93
0 554.8 601.93 300 93
0 554.8 602.185 300 93
0 554.8 602.423 300 93
0 554.8 602.594 300 93
0 554.8 602.772 300 93
0 554.8 603.158 300 93
0 554.8 603.317 300 93
0 554.8 603.632 300 93
0 554.8 603.833 300 93
0 554.8 604.01 300 93
0 554.8 604.217 300 93
0 554.8 604.404 300 93
0 554.8 604.587 300 93
0 554.8 604.84 300 93
0 554.8 605.019 300 93
0 554.8 605.27 300 93
0 554.8 605.448 300 93
0 554.8 605.625 300 93
0 554.8 605.819 300 93
0 554.8 605.98 300 93
0 554.8 606.138 300 93
0 554.8 606.365 300 93
0 554.8 606.543 300 93
0 554.8 606.723 300 93
0 554.8 606.979 300 93
0 554.8 607.16 300 93
0 554.8 607.338 300 93
0 554.8 607.592 300 93
0 554.8 607.906 300 93
0 554.8 608.189 300 93
0 554.8 608.385 300 93
0 554.8 608.672 300 93
0 554.8 608.874 300 93
0 554.8 609.174 300 93
0 554.8 609.353 300 93
0 554.8 609.539 300 93
0 554.8 609.709 300 93
0 554.8 609.961 300 93
0 554.8 610.128 300 93
0 554.8 610.305 300 93
0 554.8 610.488 300 93
0 554.8 610.655 300 93
0 554.8 610.882 300 93
0 554.8 611.074 300 93
0 554.8 611.341 300 93
0 554.8 611.569 300 93
0 554.8 611.761 300 93
0 554.8 611.977 300 93
0 554.8 612.152 300 93
0 554.8 612.391 300 93
0 554.8 612.556 300 93
0 554.8 612.747 300 93
0 554.8 612.914 300 93
0 554.8 613.064 300 93
0 554.8 613.235 300 93
0 554.8 613.416 300 93
0 554.8 613.609 300 93
0 554.8 613.828 300 93
0 554.8 614.004 300 93
0 554.8 614.177 300 93
0 554.8 614.423 300 93
0 554.8 614.615 300 93
0 554.8 614.79 300 93
0 554.8 614.963 300 93
0 554.8 615.142 300 93
0 554.8 615.347 300 93
0 554.8 615.522 300 93
0 554.8 615.629 300 93
0 554.8 615.852 300 93
0 554.8 616.127 300 93
0 554.8 616.312 300 93
0 554.8 616.661 300 93
0 554.8 616.826 300 93
0 554.8 617.061 300 93
0 554.8 617.24 300 93
0 554.8 617.417 300 93
0 554.8 617.598 300 93
0 554.8 617.765 300 93
0 554.8 617.951 300 93
0 554.8 618.126 300 93
0 554.8 618.309 300 93
0 554.8 618.593 300 93
0 554.8 618.781 300 93
0 554.8 618.901 300 93
0 554.8 619.094 300 93
0 554.8 619.274 300 93
0 554.8 619.441 300 93
0 554.8 619.616 300 93
0 554.8 619.807 300 93
0 554.8 619.967 300 93
0 554.8 620.358 300 93
0 554.8 620.589 300 93
0 554.8 620.834 300 93
0 554.8 621.055 300 93
0 554.8 621.22 300 93
0 554.8 621.441 300 93
0 554.8 621.558 300 93
0 554.8 621.768 300 93
0 554.8 621.928 300 93
0 554.8 622.117 300 93
0 554.8 622.298 300 93
0 554.8 622.628 300 93
0 554.8 622.938 300 93
0 554.8 623.115 300 93
0 554.8 623.308 300 93
0 554.8 623.482 300 93
0 554.8 623.641 300 93
0 554.8 623.808 300 93
0 554.8 623.985 300 93
0 554.8 624.205 300 93
0 554.8 624.38 300 93
0 554.8 624.573 300 93
0 554.8 624.736 300 93
0 554.8 624.892 300 93
0 554.8 625.044 300 93
0 554.8 625.234 300 93
0 554.8 625.405 300 93
0 554.8 625.575 300 93
0 554.8 625.745 300 93
0 554.8 625.917 300 93
0 554.8 626.079 300 93
0 554.8 626.369 300 93
0 554.8 626.535 300 93
0 554.8 626.748 300 93
0 554.8 626.914 300 93
0 554.8 627.064 300 93
0 554.8 627.272 300 93
0 554.8 627.44 300 93
0 554.8 627.679 300 93
0 554.8 627.833 300 93
0 554.8 627.994 300 93
0 554.8 628.153 300 93
0 554.8 628.309 300 93
0 554.8 628.494 300 93
0 554.8 628.649 300 93
0 554.8 628.828 300 93
0 554.8 628.974 300 93
0 554.8 629.17 300 93
0 554.8 629.335 300 93
0 554.8 629.496 300 93
0 554.8 629.664 300 93
0 554.8 629.991 300 93
0 554.8 630.204 300 93
0 554.8 630.361 300 93
0 554.8 630.564 300 93
0 554.8 630.753 300 93
0 554.8 630.908 300 93
0 554.8 631.04 300 93
0 554.8 631.185 300 93
0 554.8 631.313 300 93
0 554.8 631.444 300 93
0 554.8 631.57 300 93
0 554.8 631.703 300 93
0 554.8 631.889 300 93
0 554.8 632.031 300 93
0 554.8 632.298 300 93
0 554.8 632.514 300 93
0 554.8 632.682 300 93
0 554.8 632.815 300 93
0 554.8 632.965 300 93
0 554.8 633.081 300 93
0 554.8 633.22 300 93
0 554.8 633.372 300 93
0 554.8 633.52 300 93
0 554.8 633.701 300 93
0 554.8 633.887 300 93
0 554.8 634.064 300 93
0 554.8 634.2 300 93
0 554.8 634.357 300 93
0 554.8 634.505 300 93
0 554.8 634.596 300 93
0 554.8 634.78 300 93
0 554.8 634.921 300 93
0 554.8 635.106 300 93
0 554.8 635.295 300 93
0 554.8 635.424 300 93
0 554.8 635.566 300 93
0 554.8 635.703 300 93
0 554.8 635.914 300 93
0 554.8 636.034 300 93
0 554.8 636.19 300 93
0 554.8 636.381 300 93
0 554.8 636.502 300 93
0 554.8 636.742 300 93
0 554.8 636.982 300 93
0 554.8 637.117 300 93
0 554.8 637.258 300 93
0 554.8 637.38 300 93
0 554.8 637.524 300 93
0 554.8 637.656 300 93
0 554.8 637.793 300 93
0 554.8 637.994 300 93
0 554.8 638.157 300 93
0 554.8 638.378 300 93
0 554.8 638.476 300 93
0 554.8 638.564 300 93
0 554.8 638.65 300 93
0 554.8 638.739 300 93
0 554.8 638.832 300 93
0 554.8 638.949 300 93
0 554.8 639.091 300 93
0 554.8 639.231 300 93
0 554.8 639.348 300 93
0 554.8 639.51 300 93
0 554.8 639.643 300 93
0 554.8 639.802 300 93
0 554.8 639.94 300 93
0 554.8 640.111 300 93
0 554.8 640.259 300 93
0 554.8 640.382 300 93
0 554.8 640.532 300 93
0 554.8 640.77 300 93
0 554.8 640.911 300 93
0 554.8 641.089 300 93
0 554.8 641.246 300 93
0 554.8 641.401 300 93
0 554.8 641.541 300 93
0 554.8 641.702 300 93
0 554.8 641.917 300 93
0 554.8 642.057 300 93
0 554.8 642.202 300 93
0 554.8 642.395 300 93
0 554.8 642.508 300 93
0 554.8 642.641 300 93
0 554.8 642.808 300 93
0 554.8 642.985 300 93
0 554.8 643.114 300 93
0 554.8 643.233 300 93
0 554.8 643.408 300 93
0 554.8 643.551 300 93
0 554.8 643.685 300 93
0 554.8 643.984 300 93
0 554.8 644.19 300 93
0 554.8 644.326 300 93
0 554.8 644.454 300 93
0 554.8 644.63 300 93
0 554.8 644.889 300 93
0 554.8 645.031 300 93
0 554.8 645.159 300 93
0 554.8 645.305 300 93
0 554.8 645.433 300 93
0 554.8 645.563 300 93
0 554.8 645.755 300 93
0 554.8 646.045 300 93
0 554.8 646.187 300 93
0 554.8 646.335 300 93
0 554.8 646.415 300 93
0 554.8 646.583 300 93
0 554.8 646.721 300 93
0 554.8 646.866 300 93
0 554.8 647.044 300 93
0 554.8 647.181 300 93
0 554.8 647.381 300 93
0 554.8 647.497 300 93
0 554.8 647.616 300 93
0 554.8 647.75 300 93
0 554.8 647.878 300 93
0 554.8 647.993 300 93
0 554.8 648.137 300 93
0 554.8 648.243 300 93
0 554.8 648.328 300 93
0 554.8 648.418 300 93
0 554.8 648.476 300 93
0 554.8 648.604 300 93
0 554.8 648.692 300 93
0 554.8 648.795 300 93
0 554.8 648.88 300 93
0 554.8 648.974 300 93
0 554.8 649.106 300 93
0 554.8 649.224 300 93
0 554.8 649.309 300 93
0 554.8 649.462 300 93
0 554.8 649.555 300 93
0 554.8 649.662 300 93
0 554.8 649.753 300 93
0 554.8 649.878 300 93
0 554.8 649.96 300 93
0 554.8 650.12 300 93
0 554.8 650.176 300 93
0 554.8 650.272 300 93
0 554.8 650.356 300 93
0 554.8 650.444 300 93
0 554.8 650.542 300 93
0 554.8 650.634 300 93
0 554.8 650.714 300 93
0 554.8 650.8 300 93
0 554.8 650.89 300 93
0 554.8 650.985 300 93
0 554.8 651.083 300 93
0 554.8 651.156 300 93
0 554.8 651.235 300 93
0 554.8 651.322 300 93
0 554.8 651.439 300 93
0 554.8 651.55 300 93
0 554.8 651.641 300 93
0 554.8 651.762 300 93
0 554.8 651.863 300 93
0 554.8 651.952 300 93
0 554.8 652.043 300 93
0 554.8 652.178 300 93
0 554.8 652.302 300 93
0 554.8 652.406 300 93
0 554.8 652.57 300 93
0 554.8 652.706 300 93
0 554.8 652.848 300 93
0 554.8 652.984 300 93
0 554.8 653.119 300 93
0 554.8 653.299 300 93
0 554.8 653.42 300 93
0 554.8 653.634 300 93
0 554.8 653.782 300 93
0 554.8 653.91 300 93
0 554.8 654.039 300 93
0 554.8 654.171 300 93
0 554.8 654.275 300 93
0 554.8 654.403 300 93
0 554.8 654.529 300 93
0 554.8 654.672 300 93
0 554.8 654.891 300 93
0 554.8 655.021 300 93
0 554.8 655.156 300 93
0 554.8 655.299 300 93
0 554.8 655.489 300 93
0 554.8 655.69 300 93
0 554.8 655.797 300 93
0 554.8 655.926 300 93
0 554.8 656.041 300 93
0 554.8 656.17 300 93
0 554.8 656.296 300 93
0 554.8 656.427 300 93
0 554.8 656.564 300 93
0 554.8 656.742 300 93
0 554.8 656.876 300 93
0 554.8 657.04 300 93
0 554.8 657.188 300 93
0 554.8 657.316 300 93
0 554.8 657.437 300 93
0 554.8 657.57 300 93
0 554.8 657.737 300 93
0 554.8 657.855 300 93
0 554.8 657.978 300 93
0 554.8 658.101 300 93
0 554.8 658.225 300 93
0 554.8 658.423 300 93
0 554.8 658.565 300 93
0 554.8 658.758 300 93
0 554.8 658.914 300 93
0 554.8 659.018 300 93
0 554.8 659.151 300 93
0 554.8 659.282 300 93
0 554.8 659.457 300 93
0 554.8 659.618 300 93
0 554.8 659.699 300 93
0 554.8 659.864 300 93
0 554.8 659.987 300 93
0 554.8 660.158 300 93
0 554.8 660.286 300 93
0 554.8 660.54 300 93
0 554.8 660.664 300 93
0 554.8 660.798 300 93
0 554.8 660.932 300 93
0 554.8 661.123 300 93
0 554.8 661.293 300 93
0 554.8 661.534 300 93
0 554.8 661.65 300 93
0 554.8 661.788 300 93
0 554.8 661.905 300 93
0 554.8 662.121 300 93
0 554.8 662.255 300 93
0 554.8 662.347 300 93
0 554.8 662.445 300 93
0 554.8 662.549 300 93
0 554.8 662.719 300 93
0 554.8 662.846 300 93
0 554.8 663.002 300 93
0 554.8 663.135 300 93
0 554.8 663.285 300 93
0 554.8 663.495 300 93
0 554.8 663.636 300 93
0 554.8 663.778 300 93
0 554.8 663.951 300 93
0 554.8 664.122 300 93
0 554.8 664.246 300 93
0 554.8 664.372 300 93
0 554.8 664.499 300 93
0 554.8 664.666 300 93
0 554.8 664.809 300 93
0 554.8 664.928 300 93
0 554.8 665.059 300 93
0 554.8 665.231 300 93
0 554.8 665.406 300 93
0 554.8 665.577 300 93
0 554.8 665.801 300 93
0 554.8 665.9 300 93
0 554.8 666.002 300 93
0 554.8 666.088 300 93
0 554.8 666.219 300 93
0 554.8 666.396 300 93
0 554.8 666.599 300 93
0 554.8 666.717 300 93
0 554.8 666.858 300 93
0 554.8 666.981 300 93
0 554.8 667.112 300 93
0 554.8 667.405 300 93
0 554.8 667.534 300 93
0 554.8 667.707 300 93
0 554.8 667.876 300 93
0 554.8 668.015 300 93
0 554.8 668.132 300 93
0 554.8 668.303 300 93
0 554.8 668.454 300 93
0 554.8 668.622 300 93
0 554.8 668.737 300 93
0 554.8 668.858 300 93
0 554.8 668.99 300 93
0 554.8 669.124 300 93
0 554.8 669.256 300 93
0 554.8 669.383 300 93
0 554.8 669.546 300 93
0 554.8 669.689 300 93
0 554.8 669.814 300 93
0 554.8 670.079 300 93
0 554.8 670.22 300 93
0 554.8 670.401 300 93
0 554.8 670.521 300 93
0 554.8 670.666 300 93
0 554.8 670.802 300 93
0 554.8 670.931 300 93
0 554.8 671.062 300 93
0 554.8 671.209 300 93
0 554.8 671.436 300 93
0 554.8 671.621 300 93
0 554.8 671.765 300 93
0 554.8 672.004 300 93
0 554.8 672.12 300 93
0 554.8 672.267 300 93
0 554.8 672.45 300 93
0 554.8 672.585 300 93
0 554.8 672.73 300 93
0 554.8 672.88 300 93
0 554.8 673.022 300 93
0 554.8 673.162 300 93
0 554.8 673.487 300 93
0 554.8 673.634 300 93
0 554.8 673.76 300 93
0 554.8 673.913 300 93
0 554.8 673.99 300 93
0 554.8 674.123 300 93
0 554.8 674.245 300 93
0 554.8 674.378 300 93
0 554.8 674.481 300 93
0 554.8 674.707 300 93
0 554.8 675.033 300 93
0 554.8 675.175 300 93
0 554.8 675.312 300 93
0 554.8 675.413 300 93
0 554.8 675.556 300 93
0 554.8 675.681 300 93
0 554.8 675.814 300 93
0 554.8 676.042 300 93
0 554.8 676.207 300 93
0 554.8 676.413 300 93
0 554.8 676.648 300 93
0 554.8 676.795 300 93
0 554.8 676.972 300 93
0 554.8 677.113 300 93
0 554.8 677.247 300 93
0 554.8 677.398 300 93
0 554.8 677.537 300 93
0 554.8 677.688 300 93
0 554.8 677.831 300 93
0 554.8 678.016 300 93
0 554.8 678.103 300 93
0 554.8 678.23 300 93
0 554.8 678.362 300 93
0 554.8 678.502 300 93
0 554.8 678.656 300 93
0 554.8 678.795 300 93
0 554.8 678.94 300 93
0 554.8 679.087 300 93
0 554.8 679.327 300 93
0 554.8 679.479 300 93
0 554.8 679.631 300 93
0 554.8 679.847 300 93
0 554.8 680 300 93
0 554.8 680.155 300 93
0 554.8 680.34 300 93
0 554.8 680.488 300 93
0 554.8 680.615 300 93
0 554.8 680.785 300 93
0 554.8 680.923 300 93
0 554.8 681.02 300 93
0 554.8 681.177 300 93
0 554.8 681.295 300 93
0 554.8 681.445 300 93
0 554.8 681.6 300 93
0 554.8 681.758 300 93
0 554.8 681.901 300 93
0 554.8 682.045 300 93
0 554.8 682.27 300 93
0 554.8 682.419 300 93
0 554.8 682.554 300 93
0 554.8 682.735 300 93
0 554.8 682.876 300 93
0 554.8 682.999 300 93
0 554.8 683.186 300 93
0 554.8 683.278 300 93
0 554.8 683.386 300 93
0 554.8 683.525 300 93
0 554.8 683.687 300 93
0 554.8 683.923 300 93
0 554.8 684.119 300 93
0 554.8 684.248 300 93
0 554.8 684.464 300 93
0 554.8 684.68 300 93
0 554.8 684.826 300 93
0 554.8 684.964 300 93
0 554.8 685.097 300 93
0 554.8 685.241 300 93
0 554.8 685.369 300 93
0 554.8 685.462 300 93
0 554.8 685.624 300 93
0 554.8 685.708 300 93
0 554.8 685.836 300 93
0 554.8 685.985 300 93
0 554.8 686.231 300 93
0 554.8 686.365 300 93
0 554.8 686.575 300 93
0 554.8 686.719 300 93
0 554.8 686.841 300 93
0 554.8 687.032 300 93
0 554.8 687.184 300 93
0 554.8 687.323 300 93
0 554.8 687.594 300 93
0 554.8 687.733 300 93
0 554.8 687.9 300 93
0 554.8 688.034 300 93
0 554.8 688.217 300 93
0 554.8 688.363 300 93
0 554.8 688.503 300 93
0 554.8 688.674 300 93
0 554.8 688.826 300 93
0 554.8 689.104 300 93
0 554.8 689.268 300 93
0 554.8 689.401 300 93
0 554.8 689.512 300 93
0 554.8 689.639 300 93
0 554.8 689.732 300 93
0 554.8 689.903 300 93
0 554.8 690.076 300 93
0 554.8 690.248 300 93
0 554.8 690.443 300 93
0 554.8 690.625 300 93
0 554.8 690.762 300 93
0 554.8 690.936 300 93
0 554.8 691.088 300 93
0 554.8 691.234 300 93
0 554.8 691.36 300 93
0 554.8 691.512 300 93
0 554.8 691.643 300 93
0 554.8 691.772 300 93
0 554.8 691.899 300 93
0 554.8 692.124 300 93
0 554.8 692.258 300 93
0 554.8 692.525 300 93
0 554.8 692.672 300 93
0 554.8 692.795 300 93
0 554.8 692.936 300 93
0 554.8 693.097 300 93
0 554.8 693.234 300 93
0 554.8 693.42 300 93
0 554.8 693.62 300 93
0 554.8 693.894 300 93
0 554.8 694.028 300 93
0 554.8 694.13 300 93
0 554.8 694.278 300 93
0 554.8 694.416 300 93
0 554.8 694.567 300 93
0 554.8 694.703 300 93
0 554.8 694.843 300 93
0 554.8 694.989 300 93
0 554.8 695.122 300 93
0 554.8 695.304 300 93
0 554.8 695.418 300 93
0 554.8 695.654 300 93
0 554.8 695.792 300 93
0 554.8 695.948 300 93
0 554.8 696.097 300 93
0 554.8 696.227 300 93
0 554.8 696.374 300 93
0 554.8 696.54 300 93
0 554.8 696.645 300 93
0 554.8 696.794 300 93
0 554.8 696.985 300 93
0 554.8 697.135 300 93
0 554.8 697.274 300 93
0 554.8 697.428 300 93
0 554.8 697.629 300 93
0 554.8 697.767 300 93
0 554.8 697.914 300 93
0 554.8 698.057 300 93
0 554.8 698.193 300 93
0 554.8 698.334 300 93
0 554.8 698.484 300 93
0 554.8 698.618 300 93
0 554.8 698.754 300 93
0 554.8 698.91 300 93
0 554.8 699.057 300 93
0 554.8 699.2 300 93
0 554.8 699.348 300 93
0 554.8 699.542 300 93
0 554.8 699.711 300 93
0 554.8 699.846 300 93
0 554.8 700.06 300 93
0 554.8 700.186 300 93
0 554.8 700.416 300 93
0 554.8 700.548 300 93
0 554.8 700.674 300 93
0 554.8 700.872 300 93
0 554.8 701.082 300 93
0 554.8 701.219 300 93
0 554.8 701.374 300 93
0 554.8 701.51 300 93
0 554.8 701.618 300 93
0 554.8 701.802 300 93
0 554.8 701.954 300 93
0 554.8 702.037 300 93
0 554.8 702.139 300 93
0 554.8 702.238 300 93
0 554.8 702.336 300 93
0 554.8 702.434 300 93
0 554.8 702.521 300 93
0 554.8 702.625 300 93
0 554.8 702.752 300 93
0 554.8 702.819 300 93
0 554.8 702.906 300 93
0 554.8 702.999 300 93
0 554.8 703.09 300 93
0 554.8 703.184 300 93
0 554.8 703.333 300 93
0 554.8 703.427 300 93
0 554.8 703.527 300 93
0 554.8 703.635 300 93
0 554.8 703.73 300 93
0 554.8 703.825 300 93
0 554.8 703.912 300 93
0 554.8 704.014 300 93
0 554.8 704.119 300 93
0 554.8 704.207 300 93
0 554.8 704.316 300 93
0 554.8 704.433 300 93
0 554.8 704.596 300 93
0 554.8 704.754 300 93
0 554.8 704.97 300 93
0 554.8 705.176 300 93
0 554.8 705.396 300 93
0 554.8 705.54 300 93
0 554.8 705.692 300 93
0 554.8 705.817 300 93
0 554.8 706.002 300 93
0 554.8 706.177 300 93
0 554.8 706.389 300 93
0 554.8 706.59 300 93
0 554.8 706.728 300 93
0 554.8 706.896 300 93
0 554.8 707.077 300 93
0 554.8 707.234 300 93
0 554.8 707.363 300 93
0 554.8 707.486 300 93
0 554.8 707.639 300 93
0 554.8 707.804 300 93
0 554.8 707.963 300 93
0 554.8 708.119 300 93
0 554.8 708.263 300 93
0 554.8 708.475 300 93
0 554.8 708.706 300 93
0 554.8 708.864 300 93
0 554.8 709.043 300 93
0 554.8 709.191 300 93
0 554.8 709.392 300 93
0 554.8 709.543 300 93
0 554.8 709.673 300 93
0 554.8 709.827 300 93
0 554.8 710.037 300 93
0 554.8 710.182 300 93
0 554.8 710.314 300 93
0 554.8 710.452 300 93
0 554.8 710.587 300 93
0 554.8 710.806 300 93
0 554.8 710.925 300 93
0 554.8 711.052 300 93
0 554.8 711.135 300 93
0 554.8 711.361 300 93
0 554.8 711.49 300 93
0 554.8 711.626 300 93
0 554.8 711.861 300 93
0 554.8 712.183 300 93
0 554.8 712.352 300 93
0 554.8 712.571 300 93
0 554.8 712.758 300 93
0 554.8 713.051 300 93
0 554.8 713.178 300 93
0 554.8 713.286 300 93
0 554.8 713.517 300 93
0 554.8 713.691 300 93
0 554.8 713.886 300 93
0 554.8 714.056 300 93
0 554.8 714.245 300 93
0 554.8 714.48 300 93
0 554.8 714.647 300 93
0 554.8 714.835 300 93
0 554.8 715.032 300 93
0 554.8 715.227 300 93
0 554.8 715.418 300 93
0 554.8 715.693 300 93
0 554.8 715.893 300 93
0 554.8 716.116 300 93
0 554.8 716.32 300 93
0 554.8 716.509 300 93
0 554.8 716.749 300 93
0 554.8 716.943 300 93
0 554.8 717.199 300 93
0 554.8 717.396 300 93
0 554.8 717.62 300 93
0 554.8 717.892 300 93
0 554.8 718.135 300 93
0 554.8 718.337 300 93
0 554.8 718.497 300 93
0 554.8 718.807 300 93
0 554.8 718.979 300 93
0 554.8 719.176 300 93
0 554.8 719.523 300 93
0 554.8 719.705 300 93
0 554.8 719.889 300 93
0 554.8 720.125 300 93
0 554.8 720.336 300 93
0 554.8 720.524 300 93
0 554.8 720.681 300 93
0 554.8 720.792 300 93
0 554.8 721.014 300 93
0 554.8 721.207 300 93
0 554.8 721.4 300 93
0 554.8 721.628 300 93
0 554.8 721.824 300 93
0 554.8 722.016 300 93
0 554.8 722.219 300 93
0 554.8 722.41 300 93
0 554.8 722.63 300 93
0 554.8 722.939 300 93
0 554.8 723.123 300 93
0 554.8 723.33 300 93
0 554.8 723.506 300 93
0 554.8 723.671 300 93
0 554.8 723.854 300 93
0 554.8 724.055 300 93
0 554.8 724.251 300 93
0 554.8 724.576 300 93
0 554.8 724.807 300 93
0 554.8 724.975 300 93
0 554.8 725.167 300 93
0 554.8 725.346 300 93
0 554.8 725.547 300 93
0 554.8 725.835 300 93
0 554.8 726.083 300 93
0 554.8 726.268 300 93
0 554.8 726.484 300 93
0 554.8 726.656 300 93
0 554.8 726.841 300 93
0 554.8 727.074 300 93
0 554.8 727.24 300 93
0 554.8 727.402 300 93
0 554.8 727.736 300 93
0 554.8 727.968 300 93
0 554.8 728.13 300 93
0 554.8 728.316 300 93
0 554.8 728.449 300 93
0 554.8 728.865 300 93
0 554.8 729.031 300 93
0 554.8 729.166 300 93
0 554.8 729.329 300 93
0 554.8 729.47 300 93
0 554.8 729.646 300 93
0 554.8 729.773 300 93
0 554.8 729.91 300 93
0 554.8 730.059 300 93
0 554.8 730.19 300 93
0 554.8 730.362 300 93
0 554.8 730.489 300 93
0 554.8 730.618 300 93
0 554.8 730.751 300 93
0 554.8 730.898 300 93
0 554.8 731.041 300 93
0 554.8 731.219 300 93
0 554.8 731.363 300 93
0 554.8 731.515 300 93
0 554.8 731.705 300 93
0 554.8 731.947 300 93
0 554.8 732.076 300 93
0 554.8 732.282 300 93
0 554.8 732.447 300 93
0 554.8 732.584 300 93
0 554.8 732.731 300 93
0 554.8 732.866 300 93
0 554.8 733.001 300 93
0 554.8 733.138 300 93
0 554.8 733.282 300 93
0 554.8 733.52 300 93
0 554.8 733.668 300 93
0 554.8 733.828 300 93
0 554.8 734.009 300 93
0 554.8 734.148 300 93
0 554.8 734.331 300 93
0 554.8 734.47 300 93
0 554.8 734.606 300 93
0 554.8 734.838 300 93
0 554.8 735.006 300 93
0 554.8 735.155 300 93
0 554.8 735.341 300 93
0 554.8 735.502 300 93
0 554.8 735.635 300 93
0 554.8 735.777 300 93
0 554.8 735.919 300 93
0 554.8 736.065 300 93
0 554.8 736.199 300 93
0 554.8 736.318 300 93
0 554.8 736.501 300 93
0 554.8 736.642 300 93
0 554.8 736.742 300 93
0 554.8 736.905 300 93
0 554.8 737.02 300 93
0 554.8 737.199 300 93
0 554.8 737.334 300 93
0 554.8 737.503 300 93
0 554.8 737.728 300 93
0 554.8 737.914 300 93
0 554.8 738.06 300 93
0 554.8 738.217 300 93
0 554.8 738.387 300 93
0 554.8 738.523 300 93
0 554.8 738.748 300 93
0 554.8 738.916 300 93
0 554.8 739.052 300 93
0 554.8 739.192 300 93
0 554.8 739.351 300 93
0 554.8 739.623 300 93
0 554.8 739.771 300 93
0 554.8 739.896 300 93
0 554.8 740.181 300 93
0 554.8 740.317 300 93
0 554.8 740.48 300 93
0 554.8 740.646 300 93
0 554.8 740.79 300 93
0 554.8 740.937 300 93
0 554.8 741.041 300 93
0 554.8 741.186 300 93
0 554.8 741.397 300 93
0 554.8 741.627 300 93
0 554.8 741.765 300 93
0 554.8 741.955 300 93
0 554.8 742.06 300 93
0 554.8 742.264 300 93
0 554.8 742.397 300 93
0 554.8 742.633 300 93
0 554.8 742.79 300 93
0 554.8 742.923 300 93
0 554.8 743.077 300 93
0 554.8 743.22 300 93
0 554.8 743.409 300 93
0 554.8 743.533 300 93
0 554.8 743.664 300 93
0 554.8 743.808 300 93
0 554.8 743.997 300 93
0 554.8 744.141 300 93
0 554.8 744.281 300 93
0 554.8 744.375 300 93
0 554.8 744.573 300 93
0 554.8 744.757 300 93
0 554.8 744.951 300 93
0 554.8 745.075 300 93
0 554.8 745.216 300 93
0 554.8 745.363 300 93
0 554.8 745.535 300 93
0 554.8 745.671 300 93
0 554.8 745.828 300 93
0 554.8 745.999 300 93
0 554.8 746.153 300 93
0 554.8 746.281 300 93
0 554.8 746.606 300 93
0 554.8 746.745 300 93
0 554.8 746.889 300 93
0 554.8 747.028 300 93
0 554.8 747.168 300 93
0 554.8 747.346 300 93
0 554.8 747.481 300 93
0 554.8 747.676 300 93
0 554.8 747.869 300 93
0 554.8 748.023 300 93
0 554.8 748.11 300 93
0 554.8 748.339 300 93
0 554.8 748.479 300 93
0 554.8 748.68 300 93
0 554.8 748.803 300 93
0 554.8 748.979 300 93
0 554.8 749.116 300 93
0 554.8 749.255 300 93
0 554.8 749.404 300 93
0 554.8 749.532 300 93
0 554.8 749.682 300 93
0 554.8 749.797 300 93
0 554.8 749.942 300 93
0 554.8 750.115 300 93
0 554.8 750.248 300 93
0 554.8 750.394 300 93
0 554.8 750.635 300 93
0 554.8 750.811 300 93
0 554.8 750.996 300 93
0 554.8 751.139 300 93
0 554.8 751.289 300 93
0 554.8 751.385 300 93
0 554.8 751.452 300 93
0 554.8 751.578 300 93
0 554.8 751.709 300 93
0 554.8 751.858 300 93
0 554.8 751.947 300 93
0 554.8 752.032 300 93
0 554.8 752.123 300 93
0 554.8 752.208 300 93
0 554.8 752.354 300 93
0 554.8 752.45 300 93
0 554.8 752.551 300 93
0 554.8 752.648 300 93
0 554.8 752.747 300 93
0 554.8 752.905 300 93
0 554.8 753.001 300 93
0 554.8 753.144 300 93
0 554.8 753.244 300 93
0 554.8 753.338 300 93
0 554.8 753.433 300 93
0 554.8 753.523 300 93
0 554.8 753.617 300 93
0 554.8 753.704 300 93
0 554.8 753.846 300 93
0 554.8 753.975 300 93
0 554.8 754.032 300 93
0 554.8 754.128 300 93
0 554.8 754.245 300 93
0 554.8 754.339 300 93
0 554.8 754.423 300 93
0 554.8 754.519 300 93
0 554.8 754.673 300 93
0 554.8 754.844 300 93
0 554.8 755.054 300 93
0 554.8 755.262 300 93
0 554.8 755.403 300 93
0 554.8 755.541 300 93
0 554.8 755.771 300 93
0 554.8 755.898 300 93
0 554.8 756.023 300 93
0 554.8 756.192 300 93
0 554.8 756.327 300 93
0 554.8 756.448 300 93
0 554.8 756.589 300 93
0 554.8 756.731 300 93
0 554.8 756.866 300 93
0 554.8 756.958 300 93
0 554.8 757.19 300 93
0 554.8 757.324 300 93
0 554.8 757.471 300 93
0 554.8 757.61 300 93
0 554.8 757.833 300 93
0 554.8 758.024 300 93
0 554.8 758.168 300 93
0 554.8 758.354 300 93
0 554.8 758.485 300 93
0 554.8 758.622 300 93
0 554.8 758.886 300 93
0 554.8 759.019 300 93
0 554.8 759.163 300 93
0 554.8 759.297 300 93
0 554.8 759.441 300 93
0 554.8 759.574 300 93
0 554.8 759.764 300 93
0 554.8 759.954 300 93
0 554.8 760.083 300 93
0 554.8 760.247 300 93
0 554.8 760.401 300 93
0 554.8 760.534 300 93
0 554.8 760.752 300 93
0 554.8 760.936 300 93
0 554.8 761.059 300 93
0 554.8 761.198 300 93
0 554.8 761.338 300 93
0 554.8 761.48 300 93
0 554.8 761.631 300 93
0 554.8 761.763 300 93
0 554.8 761.936 300 93
0 554.8 762.065 300 93
0 554.8 762.195 300 93
0 554.8 762.335 300 93
0 554.8 762.466 300 93
0 554.8 762.634 300 93
0 554.8 762.765 300 93
0 554.8 762.948 300 93
0 554.8 763.121 300 93
0 554.8 763.295 300 93
0 554.8 763.432 300 93
0 554.8 763.589 300 93
0 554.8 763.741 300 93
0 554.8 763.898 300 93
0 554.8 764.069 300 93
0 554.8 764.217 300 93
0 554.8 764.45 300 93
0 554.8 764.605 300 93
0 554.8 764.794 300 93
0 554.8 765.035 300 93
0 554.8 765.218 300 93
0 554.8 765.344 300 93
0 554.8 765.462 300 93
0 554.8 765.627 300 93
0 554.8 765.772 300 93
0 554.8 765.918 300 93
0 554.8 766.077 300 93
0 554.8 766.216 300 93
0 554.8 766.373 300 93
0 554.8 766.506 300 93
0 554.8 766.639 300 93
0 554.8 766.862 300 93
0 554.8 766.973 300 93
0 554.8 767.111 300 93
0 554.8 767.239 300 93
0 554.8 767.414 300 93
0 554.8 767.65 300 93
0 554.8 767.849 300 93
0 554.8 767.99 300 93
0 554.8 768.191 300 93
0 554.8 768.326 300 93
0 554.8 768.468 300 93
0 554.8 768.614 300 93
0 554.8 768.798 300 93
0 554.8 768.987 300 93
0 554.8 769.136 300 93
0 554.8 769.349 300 93
0 554.8 769.481 300 93
0 554.8 769.602 300 93
0 554.8 769.889 300 93
0 554.8 770.05 300 93
0 554.8 770.265 300 93
0 554.8 770.45 300 93
0 554.8 770.624 300 93
0 554.8 770.779 300 93
0 554.8 770.969 300 93
0 554.8 771.127 300 93
0 554.8 771.268 300 93
0 554.8 771.448 300 93
0 554.8 771.594 300 93
0 554.8 771.754 300 93
0 554.8 771.963 300 93
0 554.8 772.189 300 93
0 554.8 772.361 300 93
0 554.8 772.51 300 93
0 554.8 772.663 300 93
0 554.8 772.818 300 93
0 554.8 772.991 300 93
0 554.8 773.155 300 93
0 554.8 773.267 300 93
0 554.8 773.406 300 93
0 554.8 773.612 300 93
0 554.8 773.771 300 93
0 554.8 773.909 300 93
0 554.8 774.052 300 93
0 554.8 774.206 300 93
0 554.8 774.347 300 93
0 554.8 774.474 300 93
0 554.8 774.615 300 93
0 554.8 774.808 300 93
0 554.8 775.041 300 93
0 554.8 775.266 300 93
0 554.8 775.419 300 93
0 554.8 775.619 300 93
0 554.8 775.769 300 93
0 554.8 775.911 300 93
0 554.8 776.053 300 93
0 554.8 776.208 300 93
0 554.8 776.322 300 93
0 554.8 776.472 300 93
0 554.8 776.624 300 93
0 554.8 776.771 300 93
0 554.8 776.929 300 93
0 554.8 777.089 300 93
0 554.8 777.306 300 93
0 554.8 777.513 300 93
0 554.8 777.686 300 93
0 554.8 777.907 300 93
0 554.8 778.063 300 93
0 554.8 778.16 300 93
0 554.8 778.325 300 93
0 554.8 778.482 300 93
0 554.8 778.621 300 93
0 554.8 778.753 300 93
0 554.8 778.89 300 93
0 554.8 779.03 300 93
0 554.8 779.23 300 93
0 554.8 779.373 300 93
0 554.8 779.482 300 93
0 554.8 779.797 300 93
0 554.8 779.934 300 93
0 554.8 780.068 300 93
0 554.8 780.266 300 93
0 554.8 780.45 300 93
0 554.8 780.595 300 93
0 554.8 780.919 300 93
0 554.8 781 300 93
0 554.8 781.076 300 93
0 554.8 781.168 300 93
0 554.8 781.315 300 93
0 554.8 781.559 300 93
0 554.8 781.735 300 93
0 554.8 781.909 300 93
0 554.8 782.034 300 93
0 554.8 782.206 300 93
0 554.8 782.371 300 93
0 554.8 782.56 300 93
0 554.8 782.712 300 93
0 554.8 782.822 300 93
0 554.8 783.04 300 93
0 554.8 783.21 300 93
0 554.8 783.414 300 93
0 554.8 783.598 300 93
0 554.8 783.726 300 93
0 554.8 783.863 300 93
0 554.8 783.987 300 93
0 554.8 784.15 300 93
0 554.8 784.312 300 93
0 554.8 784.445 300 93
0 554.8 784.668 300 93
0 554.8 784.839 300 93
0 554.8 784.984 300 93
0 554.8 785.125 300 93
0 554.8 785.299 300 93
0 554.8 785.453 300 93
0 554.8 785.589 300 93
0 554.8 785.769 300 93
0 554.8 785.982 300 93
0 554.8 786.175 300 93
0 554.8 786.405 300 93
0 554.8 786.591 300 93
0 554.8 786.76 300 93
0 554.8 786.878 300 93
0 554.8 787.157 300 93
0 554.8 787.332 300 93
0 554.8 787.498 300 93
0 554.8 787.683 300 93
0 554.8 787.838 300 93
0 554.8 788.003 300 93
0 554.8 788.149 300 93
0 554.8 788.317 300 93
0 554.8 788.464 300 93
0 554.8 788.61 300 93
0 554.8 788.875 300 93
0 554.8 789.052 300 93
0 554.8 789.174 300 93
0 554.8 789.32 300 93
0 554.8 789.478 300 93
0 554.8 789.631 300 93
0 554.8 789.755 300 93
0 554.8 789.9 300 93
0 554.8 790.088 300 93
0 554.8 790.219 300 93
0 554.8 790.41 300 93
0 554.8 790.536 300 93
0 554.8 790.667 300 93
0 554.8 790.803 300 93
0 554.8 790.945 300 93
0 554.8 791.073 300 93
0 554.8 791.211 300 93
0 554.8 791.423 300 93
0 554.8 791.554 300 93
0 554.8 791.689 300 93
0 554.8 791.841 300 93
0 554.8 791.993 300 93
0 554.8 792.155 300 93
0 554.8 792.272 300 93
0 554.8 792.419 300 93
0 554.8 792.559 300 93
0 554.8 792.739 300 93
0 554.8 792.954 300 93
0 554.8 793.112 300 93
0 554.8 793.241 300 93
0 554.8 793.439 300 93
0 554.8 793.56 300 93
0 554.8 793.749 300 93
0 554.8 793.888 300 93
0 554.8 794.107 300 93
0 554.8 794.238 300 93
0 554.8 794.371 300 93
0 554.8 794.523 300 93
0 554.8 794.615 300 93
0 554.8 794.755 300 93
0 554.8 794.878 300 93
0 554.8 795.007 300 93
0 554.8 795.134 300 93
0 554.8 795.294 300 93
0 554.8 795.424 300 93
0 554.8 795.516 300 93
0 554.8 795.616 300 93
0 549.2 795.624 93
0 549.2 795.708 300 93
0 549.2 795.797 300 93
0 549.2 795.897 300 93
0 549.2 795.996 300 93
0 549.2 796.085 300 93
0 549.2 796.177 300 93
0 549.2 796.295 300 93
0 549.2 796.412 300 93
0 549.2 796.502 300 93
0 549.2 796.61 300 93
0 549.2 796.706 300 93
0 549.2 796.797 300 93
0 549.2 796.906 300 93
0 549.2 797.005 300 93
0 549.2 797.134 300 93
0 549.2 797.227 300 93
0 549.2 797.34 300 93
0 549.2 797.517 300 93
0 549.2 797.668 300 93
0 549.2 797.83 300 93
0 549.2 798.013 300 93
0 549.2 798.226 300 93
0 549.2 798.317 300 93
0 549.2 798.448 300 93
0 549.2 798.621 300 93
0 549.2 798.759 300 93
0 549.2 798.949 300 93
0 549.2 799.073 300 93
0 549.2 799.194 300 93
0 549.2 799.393 300 93
0 549.2 799.518 300 93
0 549.2 799.636 300 93
0 549.2 799.787 300 93
0 549.2 799.922 300 93
