0 745.2 0.017879 300 0
0 672.4 0.026903 5
0 655.6 0.038613 6
0 638.8 0.054446 7
0 638.8 0.133749 300 71
0 638.8 0.249661 300 71
0 638.8 0.384519 300 89
0 638.8 0.527762 300 89
0 638.8 0.602401 300 89
0 638.8 0.690101 300 89
0 638.8 0.772631 300 89
0 638.8 0.854407 300 89
0 638.8 0.92496 300 89
0 638.8 1.0239 300 89
0 638.8 1.09347 300 89
0 638.8 1.16086 300 89
0 638.8 1.23889 300 89
0 638.8 1.31319 300 89
0 633.2 1.33247 89
0 633.2 1.38344 300 89
0 633.2 1.47732 300 89
0 633.2 1.55475 300 89
0 633.2 1.6081 300 89
0 633.2 1.68587 300 89
0 633.2 1.76886 300 89
0 616.4 1.86827 89
0 577.2 1.87109 89
0 577.2 1.9395 300 89
0 577.2 2.01267 300 89
0 577.2 2.09417 300 89
0 577.2 2.20331 300 89
0 577.2 2.30974 300 89
0 577.2 2.39285 300 89
0 577.2 2.48938 300 89
0 577.2 2.56358 300 89
0 577.2 2.63162 300 90
0 577.2 2.73363 300 90
0 577.2 2.81043 300 90
0 577.2 2.88817 300 90
0 577.2 2.95588 300 90
0 577.2 3.04474 300 90
0 577.2 3.14289 300 90
0 577.2 3.21545 300 90
0 577.2 3.29739 300 90
0 577.2 3.40523 300 90
0 577.2 3.4848 300 90
0 577.2 3.53775 300 90
0 577.2 3.59153 300 90
0 577.2 3.67004 300 90
0 577.2 3.7504 300 90
0 577.2 3.79846 300 90
0 577.2 3.92971 300 90
0 577.2 3.99179 300 90
0 571.6 4.0238 90
0 571.6 4.10527 300 90
0 571.6 4.18523 300 90
0 571.6 4.27455 300 90
0 571.6 4.3584 300 90
0 571.6 4.43193 300 90
0 571.6 4.51058 300 90
0 571.6 4.58841 300 90
0 571.6 4.6767 300 90
0 571.6 4.75253 300 90
0 571.6 4.91552 300 90
0 571.6 4.97607 300 90
0 571.6 5.06711 300 90
0 571.6 5.15643 300 90
0 571.6 5.23176 300 90
0 571.6 5.32249 300 90
0 571.6 5.42696 300 90
0 571.6 5.51919 300 90
0 571.6 5.60545 300 90
0 571.6 5.79865 300 90
0 571.6 5.87836 300 90
0 571.6 5.97198 300 90
0 571.6 6.04163 300 90
0 571.6 6.12913 300 90
0 571.6 6.22278 300 90
0 571.6 6.30567 300 90
0 571.6 6.36965 300 90
0 571.6 6.447 300 90
0 571.6 6.54754 300 90
0 571.6 6.67082 300 90
0 571.6 6.85203 300 90
0 571.6 7.04455 300 90
0 571.6 7.18606 300 90
0 571.6 7.38115 300 90
0 571.6 7.55326 300 90
0 571.6 7.78497 300 90
0 571.6 8.01269 300 90
0 571.6 8.14765 300 90
0 571.6 8.28331 300 90
0 571.6 8.4837 300 90
0 571.6 8.6302 300 90
0 571.6 8.8222 300 90
0 571.6 8.96773 300 90
0 571.6 9.12817 300 90
0 571.6 9.27543 300 90
0 571.6 9.42047 300 90
0 571.6 9.66096 300 90
0 571.6 9.91205 300 90
0 571.6 10.1532 300 90
0 571.6 10.3402 300 90
0 571.6 10.5379 300 90
0 571.6 10.8175 300 90
0 571.6 10.9973 300 90
0 571.6 11.1939 300 90
0 571.6 11.3334 300 90
0 571.6 11.585 300 90
0 571.6 11.7479 300 90
0 571.6 11.9088 300 90
0 571.6 12.1519 300 90
0 571.6 12.3051 300 90
0 571.6 12.5001 300 90
0 571.6 12.7351 300 90
0 571.6 12.8852 300 90
0 571.6 13.0909 300 90
0 571.6 13.2412 300 90
0 571.6 13.4288 300 90
0 571.6 13.5751 300 90
0 571.6 13.7248 300 90
0 571.6 13.8938 300 90
0 571.6 14.0464 300 90
0 571.6 14.1996 300 90
0 571.6 14.4421 300 90
0 571.6 14.6076 300 90
0 571.6 14.7642 300 90
0 571.6 14.8777 300 90
0 571.6 15.0398 300 90
0 571.6 15.2296 300 90
0 571.6 15.3819 300 90
0 571.6 15.6597 300 90
0 571.6 15.812 300 90
0 571.6 15.9285 300 90
0 571.6 16.0754 300 90
0 571.6 16.2317 300 90
0 571.6 16.375 300 90
0 571.6 16.6183 300 90
0 571.6 16.7815 300 90
0 571.6 16.9334 300 90
0 571.6 17.0828 300 90
0 571.6 17.2311 300 90
0 571.6 17.3794 300 90
0 571.6 17.575 300 90
0 571.6 17.7194 300 90
0 571.6 17.878 300 90
0 571.6 18.042 300 90
0 571.6 18.1977 300 90
0 571.6 18.3634 300 90
0 571.6 18.5055 300 90
0 571.6 18.6676 300 90
0 571.6 18.8299 300 90
0 571.6 18.9902 300 90
0 571.6 19.1382 300 90
0 571.6 19.2431 300 90
0 571.6 19.4035 300 90
0 571.6 19.5478 300 90
0 571.6 19.772 300 90
0 571.6 19.9376 300 90
0 571.6 20.2002 300 90
0 571.6 20.3106 300 90
0 571.6 20.4615 300 90
0 571.6 20.6126 300 90
0 571.6 20.7706 300 90
0 571.6 20.9143 300 90
0 571.6 21.1788 300 90
0 571.6 21.3242 300 90
0 571.6 21.4598 300 90
0 571.6 21.644 300 90
0 571.6 21.8103 300 90
0 571.6 21.9041 300 90
0 571.6 22.0756 300 90
0 571.6 22.2328 300 90
0 571.6 22.4333 300 90
0 571.6 22.6121 300 90
0 571.6 22.8094 300 90
0 571.6 22.959 300 90
0 571.6 23.112 300 90
0 571.6 23.2679 300 90
0 571.6 23.3839 300 90
0 571.6 23.5448 300 90
0 571.6 23.7156 300 90
0 571.6 23.8199 300 90
0 571.6 24.1388 300 90
0 571.6 24.2984 300 90
0 571.6 24.4991 300 90
0 571.6 24.7345 300 90
0 571.6 24.891 300 90
0 571.6 25.0586 300 90
0 571.6 25.2008 300 90
0 571.6 25.3701 300 90
0 571.6 25.5186 300 90
0 571.6 25.7054 300 90
0 571.6 25.87 300 90
0 571.6 26.0771 300 90
0 571.6 26.225 300 90
0 571.6 26.3972 300 90
0 571.6 26.5339 300 90
0 571.6 26.6689 300 90
0 571.6 26.8254 300 90
0 571.6 26.974 300 90
0 571.6 27.1343 300 90
0 571.6 27.3111 300 90
0 571.6 27.4191 300 90
0 571.6 27.5884 300 90
0 571.6 27.7945 300 90
0 571.6 27.9504 300 90
0 571.6 28.1036 300 90
0 571.6 28.2448 300 90
0 571.6 28.3779 300 90
0 571.6 28.5521 300 90
0 571.6 28.6877 300 90
0 571.6 28.8539 300 90
0 571.6 29.0054 300 90
0 571.6 29.1511 300 90
0 571.6 29.3419 300 90
0 571.6 29.5807 300 90
0 571.6 29.758 300 90
0 571.6 29.8926 300 90
0 571.6 30.0479 300 90
0 571.6 30.207 300 90
0 571.6 30.361 300 90
0 571.6 30.5829 300 90
0 571.6 30.7232 300 90
0 571.6 30.8679 300 90
0 571.6 31.0166 300 90
0 571.6 31.1573 300 90
0 571.6 31.2561 300 90
0 571.6 31.4014 300 90
0 571.6 31.5526 300 90
0 571.6 31.7367 300 90
0 571.6 31.8601 300 90
0 571.6 31.9638 300 90
0 571.6 32.0902 300 90
0 571.6 32.2228 300 90
0 571.6 32.3802 300 90
0 571.6 32.5283 300 90
0 571.6 32.6652 300 90
0 571.6 32.7897 300 90
0 571.6 32.926 300 90
0 571.6 33.074 300 90
0 571.6 33.2254 300 90
0 571.6 33.3788 300 90
0 571.6 33.5833 300 90
0 571.6 33.7724 300 90
0 571.6 33.8933 300 90
0 571.6 34.0431 300 90
0 571.6 34.1786 300 90
0 571.6 34.3177 300 90
0 571.6 34.4579 300 90
0 571.6 34.7151 300 90
0 571.6 34.8706 300 90
0 571.6 35.0145 300 90
0 571.6 35.1608 300 90
0 571.6 35.3124 300 90
0 571.6 35.5432 300 90
0 571.6 35.64 300 90
0 571.6 35.7839 300 90
0 571.6 35.9108 300 90
0 571.6 36.0461 300 90
0 571.6 36.2332 300 90
0 571.6 36.3793 300 90
0 571.6 36.624 300 90
0 571.6 36.7084 300 90
0 571.6 36.9776 300 90
0 571.6 37.1214 300 90
0 571.6 37.2848 300 90
0 571.6 37.4215 300 90
0 571.6 37.583 300 90
0 571.6 37.745 300 90
0 571.6 37.9271 300 90
0 571.6 38.0653 300 90
0 571.6 38.2267 300 90
0 571.6 38.3418 300 90
0 571.6 38.4829 300 90
0 571.6 38.5837 300 90
0 571.6 38.7503 300 90
0 571.6 38.8817 300 90
0 571.6 39.0181 300 90
0 571.6 39.1182 300 90
0 571.6 39.2489 300 90
0 571.6 39.3889 300 90
0 571.6 39.5773 300 90
0 571.6 39.7051 300 90
0 571.6 39.8476 300 90
0 571.6 39.9888 300 90
0 571.6 40.1201 300 90
0 571.6 40.3284 300 90
0 571.6 40.4716 300 90
0 571.6 40.5898 300 90
0 571.6 40.7316 300 90
0 571.6 40.8862 300 90
0 571.6 41.1221 300 90
0 571.6 41.3145 300 90
0 571.6 41.4936 300 90
0 571.6 41.6148 300 90
0 571.6 41.7389 300 90
0 571.6 41.969 300 90
0 571.6 42.183 300 90
0 571.6 42.3152 300 90
0 571.6 42.4457 300 90
0 571.6 42.5921 300 90
0 571.6 42.8195 300 90
0 571.6 42.9501 300 90
0 571.6 43.0893 300 90
0 571.6 43.2576 300 90
0 571.6 43.3786 300 90
0 571.6 43.5029 300 90
0 571.6 43.704 300 90
0 571.6 43.8343 300 90
0 571.6 44.0118 300 90
0 571.6 44.1325 300 90
0 571.6 44.2749 300 90
0 571.6 44.4068 300 90
0 571.6 44.5482 300 90
0 571.6 44.837 300 90
0 571.6 45.0114 300 90
0 571.6 45.1418 300 90
0 571.6 45.2647 300 90
0 571.6 45.4548 300 90
0 571.6 45.5751 300 90
0 571.6 45.6545 300 90
0 571.6 45.7736 300 90
0 571.6 45.8958 300 90
0 571.6 46.0226 300 90
0 571.6 46.1762 300 90
0 571.6 46.2977 300 90
0 571.6 46.4346 300 90
0 571.6 46.5562 300 90
0 571.6 46.7306 300 90
0 571.6 46.8193 300 90
0 571.6 47.0017 300 90
0 571.6 47.1814 300 90
0 571.6 47.3048 300 90
0 571.6 47.4411 300 90
0 571.6 47.5731 300 90
0 571.6 47.7 300 90
0 571.6 47.8608 300 90
0 571.6 47.9907 300 90
0 571.6 48.0888 300 90
0 571.6 48.2155 300 90
0 571.6 48.3456 300 90
0 571.6 48.4804 300 90
0 571.6 48.6981 300 90
0 571.6 48.8622 300 90
0 571.6 49.0866 300 90
0 571.6 49.2205 300 90
0 571.6 49.3355 300 90
0 571.6 49.6084 300 90
0 571.6 49.7276 300 90
0 571.6 49.8448 300 90
0 571.6 49.961 300 90
0 571.6 50.0989 300 90
0 571.6 50.2726 300 90
0 571.6 50.4138 300 90
0 571.6 50.5468 300 90
0 571.6 50.7317 300 90
0 571.6 50.8861 300 90
0 571.6 51.0222 300 90
0 571.6 51.1359 300 90
0 571.6 51.2788 300 90
0 571.6 51.4126 300 90
0 571.6 51.5434 300 90
0 571.6 51.6615 300 90
0 571.6 51.8187 300 90
0 571.6 52.0729 300 90
0 571.6 52.1918 300 90
0 571.6 52.317 300 90
0 571.6 52.4407 300 90
0 571.6 52.562 300 90
0 571.6 52.6694 300 90
0 571.6 52.7936 300 90
0 571.6 52.92 300 90
0 571.6 53.0346 300 90
0 571.6 53.1871 300 90
0 571.6 53.3021 300 90
0 571.6 53.4705 300 90
0 571.6 53.6341 300 90
0 571.6 53.765 300 90
0 571.6 53.9362 300 90
0 571.6 54.0701 300 90
0 571.6 54.2614 300 90
0 571.6 54.399 300 90
0 571.6 54.5257 300 90
0 571.6 54.6648 300 90
0 571.6 54.7982 300 90
0 571.6 54.9213 300 90
0 571.6 55.1174 300 90
0 571.6 55.2839 300 90
0 571.6 55.3727 300 90
0 571.6 55.4596 300 90
0 571.6 55.6024 300 90
0 571.6 55.735 300 90
0 571.6 55.8488 300 90
0 571.6 55.9794 300 90
0 571.6 56.2653 300 90
0 571.6 56.4021 300 90
0 571.6 56.5334 300 90
0 571.6 56.6542 300 90
0 571.6 56.7838 300 90
0 571.6 56.9536 300 90
0 571.6 57.0721 300 90
0 571.6 57.2708 300 90
0 571.6 57.4686 300 90
0 571.6 57.5968 300 90
0 571.6 57.7959 300 90
0 571.6 57.92 300 90
0 571.6 58.0488 300 90
0 571.6 58.1265 300 90
0 571.6 58.2497 300 90
0 571.6 58.4117 300 90
0 571.6 58.5391 300 90
0 571.6 58.7387 300 90
0 571.6 58.8677 300 90
0 571.6 59.022 300 90
0 571.6 59.1444 300 90
0 571.6 59.3068 300 90
0 571.6 59.4315 300 90
0 571.6 59.5526 300 90
0 571.6 59.6824 300 90
0 571.6 59.763 300 90
0 571.6 59.8858 300 90
0 571.6 60.0177 300 90
0 571.6 60.1357 300 90
0 571.6 60.3016 300 90
0 571.6 60.4897 300 90
0 571.6 60.6125 300 90
0 571.6 60.7299 300 90
0 571.6 60.9096 300 90
0 571.6 61.049 300 90
0 571.6 61.1759 300 90
0 571.6 61.3 300 90
0 571.6 61.4194 300 90
0 571.6 61.6037 300 90
0 571.6 61.7409 300 90
0 571.6 61.86 300 90
0 571.6 61.9728 300 90
0 571.6 62.0935 300 90
0 571.6 62.2431 300 90
0 571.6 62.3629 300 90
0 571.6 62.5581 300 90
0 571.6 62.738 300 90
0 571.6 62.8719 300 90
0 571.6 63.0722 300 90
0 571.6 63.2003 300 90
0 571.6 63.3371 300 90
0 571.6 63.5511 300 90
0 571.6 63.6677 300 90
0 571.6 63.7937 300 90
0 571.6 63.9271 300 90
0 571.6 64.0739 300 90
0 571.6 64.1974 300 90
0 571.6 64.3278 300 90
0 571.6 64.4635 300 90
0 571.6 64.6891 300 90
0 571.6 64.8063 300 90
0 571.6 65.0624 300 90
0 571.6 65.272 300 90
0 571.6 65.3904 300 90
0 571.6 65.527 300 90
0 571.6 65.6418 300 90
0 571.6 65.7694 300 90
0 571.6 65.9827 300 90
0 571.6 66.1641 300 90
0 571.6 66.2953 300 90
0 571.6 66.4243 300 90
0 571.6 66.5888 300 90
0 571.6 66.7229 300 90
0 571.6 66.9107 300 90
0 571.6 67.039 300 90
0 571.6 67.2108 300 90
0 571.6 67.3265 300 90
0 571.6 67.4551 300 90
0 571.6 67.5919 300 90
0 571.6 67.7337 300 90
0 571.6 67.8472 300 90
0 571.6 67.9711 300 90
0 571.6 68.1332 300 90
0 571.6 68.433 300 90
0 571.6 68.5641 300 90
0 571.6 68.6776 300 90
0 571.6 68.7975 300 90
0 571.6 68.9268 300 90
0 571.6 69.1334 300 90
0 571.6 69.2118 300 90
0 571.6 69.3399 300 90
0 571.6 69.4757 300 90
0 571.6 69.6403 300 90
0 571.6 69.8112 300 90
0 571.6 69.9832 300 90
0 571.6 70.0795 300 90
0 571.6 70.2157 300 90
0 571.6 70.3484 300 90
0 571.6 70.4803 300 90
0 571.6 70.5683 300 90
0 571.6 70.6966 300 91
0 571.6 70.8624 300 91
0 571.6 71.0283 300 91
0 571.6 71.146 300 91
0 571.6 71.3093 300 91
0 571.6 71.4263 300 91
0 571.6 71.5564 300 91
0 571.6 71.6797 300 91
0 571.6 71.8766 300 91
0 571.6 72.0056 300 91
0 571.6 72.1172 300 91
0 571.6 72.2814 300 91
0 571.6 72.4098 300 91
0 571.6 72.5452 300 91
0 571.6 72.7038 300 91
0 571.6 72.825 300 91
0 571.6 72.9304 300 91
0 571.6 73.0604 300 91
0 571.6 73.1689 300 91
0 571.6 73.3348 300 91
0 571.6 73.5003 300 91
0 571.6 73.6239 300 91
0 571.6 73.7486 300 91
0 571.6 73.9044 300 91
0 571.6 74.0282 300 91
0 571.6 74.1634 300 91
0 571.6 74.3041 300 91
0 571.6 74.4278 300 91
0 571.6 74.5635 300 91
0 571.6 74.6957 300 91
0 571.6 74.8342 300 91
0 571.6 74.995 300 91
0 571.6 75.1601 300 91
0 571.6 75.2731 300 91
0 571.6 75.4435 300 91
0 571.6 75.587 300 91
0 571.6 75.7479 300 91
0 571.6 75.9407 300 91
0 571.6 76.0662 300 91
0 571.6 76.1927 300 91
0 571.6 76.308 300 91
0 571.6 76.4489 300 91
0 571.6 76.6193 300 91
0 571.6 76.7435 300 91
0 571.6 76.8577 300 91
0 571.6 76.9297 300 91
0 571.6 77.0609 300 91
0 571.6 77.1922 300 91
0 571.6 77.3438 300 91
0 571.6 77.4648 300 91
0 571.6 77.5465 300 91
0 571.6 77.6598 300 91
0 571.6 77.8099 300 91
0 571.6 77.966 300 91
0 571.6 78.1342 300 91
0 571.6 78.2812 300 91
0 571.6 78.4474 300 91
0 571.6 78.6353 300 91
0 571.6 78.8412 300 91
0 571.6 78.9647 300 91
0 571.6 79.1527 300 91
0 571.6 79.2376 300 91
0 571.6 79.3685 300 91
0 571.6 79.4605 300 91
0 571.6 79.5788 300 91
0 571.6 79.6972 300 91
0 571.6 79.8182 300 91
0 571.6 79.9455 300 91
0 571.6 80.0853 300 91
0 571.6 80.2203 300 91
0 571.6 80.341 300 91
0 571.6 80.4542 300 91
0 571.6 80.6763 300 91
0 571.6 80.7958 300 91
0 571.6 80.9608 300 91
0 571.6 81.0788 300 91
0 571.6 81.1989 300 91
0 571.6 81.3126 300 91
0 571.6 81.5772 300 91
0 571.6 81.6588 300 91
0 571.6 81.7551 300 91
0 571.6 81.8707 300 91
0 571.6 81.9978 300 91
0 571.6 82.1147 300 91
0 571.6 82.2433 300 91
0 571.6 82.4072 300 91
0 571.6 82.5523 300 91
0 571.6 82.6785 300 91
0 571.6 82.8213 300 91
0 571.6 82.9036 300 91
0 571.6 82.9968 300 91
0 571.6 83.1139 300 91
0 571.6 83.2258 300 91
0 571.6 83.3475 300 91
0 571.6 83.4728 300 91
0 571.6 83.5978 300 91
0 571.6 83.7337 300 91
0 571.6 83.8623 300 91
0 571.6 83.974 300 91
0 571.6 84.1347 300 91
0 571.6 84.2456 300 91
0 571.6 84.3644 300 91
0 571.6 84.4931 300 91
0 571.6 84.6619 300 91
0 571.6 84.7426 300 91
0 571.6 84.8624 300 91
0 571.6 84.9426 300 91
0 571.6 85.099 300 91
0 571.6 85.2647 300 91
0 571.6 85.4383 300 91
0 571.6 85.6391 300 91
0 571.6 85.7663 300 91
0 571.6 85.8948 300 91
0 571.6 86.0266 300 91
0 571.6 86.2046 300 91
0 571.6 86.3684 300 91
0 571.6 86.4818 300 91
0 571.6 86.6013 300 91
0 571.6 86.7175 300 91
0 571.6 86.8511 300 91
0 571.6 87.0121 300 91
0 571.6 87.1299 300 91
0 571.6 87.2606 300 91
0 571.6 87.3859 300 91
0 571.6 87.4985 300 91
0 571.6 87.682 300 91
0 571.6 87.8303 300 91
0 571.6 87.9504 300 91
0 571.6 88.0795 300 91
0 571.6 88.2001 300 91
0 571.6 88.3252 300 91
0 571.6 88.4479 300 91
0 571.6 88.5662 300 91
0 571.6 88.7177 300 91
0 571.6 88.8945 300 91
0 571.6 89.0628 300 91
0 571.6 89.251 300 91
0 571.6 89.3791 300 91
0 571.6 89.5548 300 91
0 571.6 89.6756 300 91
0 571.6 89.7598 300 91
0 571.6 89.8892 300 91
0 571.6 90.0253 300 91
0 571.6 90.1414 300 91
0 571.6 90.3165 300 91
0 571.6 90.4314 300 91
0 571.6 90.5076 300 91
0 571.6 90.6771 300 91
0 571.6 90.8717 300 91
0 571.6 90.9895 300 91
0 571.6 91.203 300 91
0 571.6 91.3678 300 91
0 571.6 91.4936 300 91
0 571.6 91.5658 300 91
0 571.6 91.6536 300 91
0 571.6 91.7825 300 91
0 571.6 91.8951 300 92
0 571.6 92.0594 300 92
0 571.6 92.1887 300 92
0 571.6 92.3086 300 92
0 571.6 92.4395 300 92
0 571.6 92.5657 300 92
0 571.6 92.7444 300 92
0 571.6 92.8576 300 92
0 571.6 92.9807 300 92
0 571.6 93.0998 300 92
0 571.6 93.3173 300 92
0 571.6 93.5118 300 92
0 571.6 93.6238 300 92
0 571.6 93.7489 300 92
0 571.6 93.8465 300 92
0 571.6 93.9625 300 92
0 571.6 94.0769 300 92
0 571.6 94.2963 300 92
0 571.6 94.4133 300 92
0 571.6 94.5742 300 92
0 571.6 94.7006 300 92
0 571.6 94.8334 300 92
0 571.6 94.9625 300 92
0 571.6 95.0899 300 92
0 571.6 95.2528 300 92
0 571.6 95.4749 300 92
0 571.6 95.61 300 92
0 571.6 95.7862 300 92
0 571.6 95.9154 300 92
0 571.6 96.0464 300 92
0 571.6 96.1823 300 92
0 571.6 96.3224 300 92
0 571.6 96.4036 300 92
0 571.6 96.486 300 92
0 571.6 96.6254 300 92
0 571.6 96.7603 300 92
0 554.8 96.8 92
0 554.8 96.9045 300 92
0 554.8 97.0372 300 92
0 554.8 97.169 300 92
0 554.8 97.3205 300 92
0 554.8 97.4561 300 92
0 554.8 97.6294 300 92
0 554.8 97.7621 300 92
0 554.8 97.914 300 92
0 554.8 98.0964 300 92
0 554.8 98.3039 300 92
0 554.8 98.4265 300 92
0 554.8 98.5871 300 92
0 554.8 98.7197 300 92
0 554.8 98.8445 300 92
0 554.8 98.9756 300 92
0 554.8 99.1024 300 92
0 554.8 99.2516 300 92
0 554.8 99.4311 300 92
0 554.8 99.6175 300 92
0 554.8 99.7961 300 92
0 554.8 100.008 300 92
0 554.8 100.176 300 92
0 554.8 100.289 300 92
0 554.8 100.399 300 92
0 554.8 100.53 300 92
0 554.8 100.65 300 92
0 554.8 100.809 300 92
0 554.8 100.957 300 92
0 554.8 101.074 300 92
0 554.8 101.198 300 92
0 554.8 101.327 300 92
0 554.8 101.408 300 92
0 554.8 101.593 300 92
0 554.8 101.755 300 92
0 554.8 101.91 300 92
0 554.8 102.157 300 92
0 554.8 102.264 300 92
0 554.8 102.376 300 92
0 554.8 102.505 300 92
0 554.8 102.641 300 92
0 554.8 102.791 300 92
0 554.8 102.877 300 92
0 554.8 102.967 300 92
0 554.8 103.114 300 92
0 554.8 103.283 300 92
0 554.8 103.415 300 92
0 554.8 103.538 300 92
0 554.8 103.67 300 92
0 554.8 103.843 300 92
0 554.8 104.022 300 92
0 554.8 104.205 300 92
0 554.8 104.369 300 92
0 554.8 104.534 300 92
0 554.8 104.66 300 92
0 554.8 104.801 300 92
0 554.8 104.952 300 92
0 554.8 105.087 300 92
0 554.8 105.227 300 92
0 554.8 105.357 300 92
0 554.8 105.468 300 92
0 554.8 105.752 300 92
0 554.8 105.898 300 92
0 554.8 106.018 300 92
0 554.8 106.146 300 92
0 554.8 106.232 300 92
0 554.8 106.305 300 92
0 554.8 106.43 300 92
0 554.8 106.549 300 92
0 554.8 106.704 300 92
0 554.8 106.83 300 92
0 554.8 106.962 300 92
0 554.8 107.1 300 92
0 554.8 107.242 300 92
0 554.8 107.379 300 92
0 554.8 107.518 300 92
0 554.8 107.641 300 92
0 554.8 107.78 300 92
0 554.8 107.995 300 92
0 554.8 108.111 300 92
0 554.8 108.237 300 92
0 554.8 108.363 300 92
0 554.8 108.444 300 92
0 554.8 108.563 300 92
0 554.8 108.689 300 92
0 554.8 108.806 300 92
0 554.8 108.939 300 92
0 554.8 109.066 300 92
0 554.8 109.288 300 92
0 554.8 109.482 300 92
0 554.8 109.648 300 92
0 554.8 109.767 300 92
0 554.8 109.878 300 92
0 554.8 109.99 300 92
0 554.8 110.118 300 92
0 554.8 110.293 300 92
0 554.8 110.415 300 92
0 554.8 110.545 300 92
0 554.8 110.672 300 92
0 554.8 110.83 300 92
0 554.8 110.945 300 92
0 554.8 111.06 300 92
0 554.8 111.174 300 92
0 554.8 111.312 300 92
0 554.8 111.402 300 92
0 554.8 111.531 300 92
0 554.8 111.663 300 92
0 554.8 111.788 300 92
0 554.8 111.921 300 92
0 554.8 112.055 300 92
0 554.8 112.175 300 92
0 554.8 112.376 300 92
0 554.8 112.509 300 92
0 554.8 112.639 300 92
0 554.8 112.759 300 92
0 554.8 112.892 300 92
0 554.8 113.018 300 92
0 554.8 113.145 300 92
0 554.8 113.302 300 92
0 554.8 113.426 300 92
0 554.8 113.544 300 92
0 554.8 113.678 300 92
0 554.8 113.871 300 92
0 554.8 114.089 300 92
0 554.8 114.217 300 92
0 554.8 114.403 300 92
0 554.8 114.594 300 92
0 554.8 114.746 300 92
0 554.8 114.874 300 92
0 554.8 115.046 300 92
0 554.8 115.214 300 92
0 554.8 115.338 300 92
0 554.8 115.469 300 92
0 554.8 115.585 300 92
0 554.8 115.718 300 92
0 554.8 115.896 300 92
0 554.8 116.107 300 92
0 554.8 116.227 300 92
0 554.8 116.41 300 92
0 554.8 116.549 300 92
0 554.8 116.677 300 92
0 554.8 116.802 300 92
0 554.8 116.922 300 92
0 554.8 117.056 300 92
0 554.8 117.219 300 92
0 554.8 117.308 300 92
0 554.8 117.441 300 92
0 554.8 117.629 300 92
0 554.8 117.789 300 92
0 554.8 118.074 300 92
0 554.8 118.236 300 92
0 554.8 118.369 300 92
0 554.8 118.502 300 92
0 554.8 118.638 300 92
0 554.8 118.781 300 92
0 554.8 118.98 300 92
0 554.8 119.153 300 92
0 554.8 119.268 300 92
0 554.8 119.385 300 92
0 554.8 119.516 300 92
0 554.8 119.73 300 92
0 554.8 119.843 300 92
0 554.8 120.002 300 92
0 554.8 120.168 300 92
0 554.8 120.293 300 92
0 554.8 120.419 300 92
0 554.8 120.538 300 92
0 554.8 120.644 300 92
0 554.8 120.795 300 92
0 554.8 120.928 300 92
0 554.8 121.025 300 92
0 554.8 121.165 300 92
0 554.8 121.332 300 92
0 554.8 121.455 300 92
0 554.8 121.586 300 92
0 554.8 121.701 300 92
0 554.8 121.857 300 92
0 554.8 122.017 300 92
0 554.8 122.137 300 92
0 554.8 122.248 300 92
0 554.8 122.375 300 92
0 554.8 122.508 300 92
0 554.8 122.629 300 92
0 554.8 122.76 300 92
0 554.8 122.9 300 92
0 554.8 122.988 300 92
0 554.8 123.099 300 92
0 554.8 123.248 300 92
0 554.8 123.39 300 92
0 554.8 123.518 300 92
0 554.8 123.805 300 92
0 554.8 123.895 300 92
0 554.8 124.03 300 92
0 554.8 124.146 300 92
0 554.8 124.252 300 92
0 554.8 124.375 300 92
0 554.8 124.512 300 92
0 554.8 124.637 300 92
0 554.8 124.773 300 92
0 554.8 124.916 300 92
0 554.8 125.033 300 92
0 554.8 125.15 300 92
0 554.8 125.272 300 92
0 554.8 125.354 300 92
0 554.8 125.508 300 92
0 554.8 125.666 300 92
0 554.8 125.794 300 92
0 554.8 125.997 300 92
0 554.8 126.081 300 92
0 554.8 126.242 300 92
0 554.8 126.413 300 92
0 554.8 126.552 300 92
0 554.8 126.678 300 92
0 554.8 126.82 300 92
0 554.8 126.952 300 92
0 554.8 127.086 300 92
0 554.8 127.212 300 92
0 554.8 127.335 300 92
0 554.8 127.548 300 92
0 554.8 127.673 300 92
0 554.8 127.794 300 92
0 554.8 127.962 300 92
0 554.8 128.109 300 92
0 554.8 128.232 300 92
0 554.8 128.376 300 92
0 554.8 128.509 300 92
0 554.8 128.642 300 92
0 554.8 128.824 300 92
0 554.8 128.95 300 92
0 554.8 129.076 300 92
0 554.8 129.195 300 92
0 554.8 129.324 300 92
0 554.8 129.564 300 92
0 554.8 129.701 300 92
0 554.8 129.818 300 92
0 554.8 130.024 300 92
0 554.8 130.179 300 92
0 554.8 130.341 300 92
0 554.8 130.534 300 92
0 554.8 130.655 300 92
0 554.8 130.799 300 92
0 554.8 130.927 300 92
0 554.8 131.054 300 92
0 554.8 131.258 300 92
0 554.8 131.388 300 92
0 554.8 131.531 300 92
0 554.8 131.708 300 92
0 554.8 131.876 300 92
0 554.8 132.042 300 92
0 554.8 132.165 300 92
0 554.8 132.365 300 92
0 554.8 132.505 300 92
0 554.8 132.633 300 92
0 554.8 132.764 300 92
0 554.8 132.912 300 92
0 554.8 133.056 300 92
0 554.8 133.271 300 92
0 554.8 133.414 300 92
0 554.8 133.536 300 92
0 554.8 133.652 300 92
0 554.8 133.814 300 92
0 554.8 133.94 300 92
0 554.8 134.077 300 92
0 554.8 134.168 300 92
0 554.8 134.294 300 92
0 554.8 134.467 300 92
0 554.8 134.623 300 92
0 554.8 134.744 300 92
0 554.8 134.864 300 92
0 554.8 135.003 300 92
0 554.8 135.121 300 92
0 554.8 135.251 300 92
0 554.8 135.381 300 92
0 554.8 135.59 300 92
0 554.8 135.721 300 92
0 554.8 135.89 300 92
0 554.8 136.027 300 92
0 554.8 136.161 300 92
0 554.8 136.299 300 92
0 554.8 136.427 300 92
0 554.8 136.569 300 92
0 554.8 136.727 300 92
0 554.8 136.904 300 92
0 554.8 137.043 300 92
0 554.8 137.2 300 92
0 554.8 137.319 300 92
0 554.8 137.487 300 92
0 554.8 137.615 300 92
0 554.8 137.747 300 92
0 554.8 137.88 300 92
0 554.8 138.011 300 92
0 554.8 138.131 300 92
0 554.8 138.294 300 92
0 554.8 138.436 300 92
0 554.8 138.558 300 92
0 554.8 138.693 300 92
0 554.8 138.815 300 92
0 554.8 138.949 300 92
0 554.8 139.1 300 92
0 554.8 139.321 300 92
0 554.8 139.455 300 92
0 554.8 139.62 300 92
0 554.8 139.809 300 92
0 554.8 139.947 300 92
0 554.8 140.132 300 92
0 554.8 140.342 300 92
0 554.8 140.622 300 92
0 554.8 140.713 300 92
0 554.8 140.826 300 92
0 554.8 140.991 300 92
0 554.8 141.162 300 92
0 554.8 141.331 300 92
0 554.8 141.486 300 92
0 554.8 141.607 300 92
0 554.8 141.751 300 92
0 554.8 141.9 300 92
0 554.8 142.039 300 92
0 554.8 142.156 300 92
0 554.8 142.272 300 92
0 554.8 142.396 300 92
0 554.8 142.545 300 92
0 554.8 142.744 300 92
0 554.8 142.872 300 92
0 554.8 142.982 300 92
0 554.8 143.122 300 92
0 554.8 143.28 300 92
0 554.8 143.414 300 92
0 554.8 143.498 300 92
0 554.8 143.739 300 92
0 554.8 143.956 300 92
0 554.8 144.069 300 92
0 554.8 144.212 300 92
0 554.8 144.345 300 92
0 554.8 144.51 300 92
0 554.8 144.641 300 92
0 554.8 144.762 300 92
0 554.8 144.906 300 92
0 554.8 145.029 300 92
0 554.8 145.116 300 92
0 554.8 145.243 300 92
0 554.8 145.374 300 92
0 554.8 145.533 300 92
0 554.8 145.657 300 92
0 554.8 145.777 300 92
0 554.8 145.898 300 92
0 554.8 146.021 300 92
0 554.8 146.196 300 92
0 554.8 146.331 300 92
0 554.8 146.437 300 92
0 554.8 146.567 300 92
0 554.8 146.693 300 92
0 554.8 146.813 300 92
0 554.8 146.99 300 92
0 554.8 147.102 300 92
0 554.8 147.215 300 92
0 554.8 147.384 300 92
0 554.8 147.569 300 92
0 554.8 147.704 300 92
0 554.8 147.814 300 92
0 554.8 147.97 300 92
0 554.8 148.099 300 92
0 554.8 148.23 300 92
0 554.8 148.353 300 92
0 554.8 148.482 300 92
0 554.8 148.612 300 92
0 554.8 148.801 300 92
0 554.8 148.975 300 92
0 554.8 149.117 300 92
0 554.8 149.242 300 92
0 554.8 149.372 300 92
0 554.8 149.508 300 92
0 554.8 149.642 300 92
0 554.8 149.853 300 92
0 554.8 150.055 300 92
0 554.8 150.257 300 92
0 554.8 150.365 300 92
0 554.8 150.565 300 92
0 554.8 150.708 300 92
0 554.8 150.839 300 92
0 554.8 150.915 300 92
0 554.8 151.041 300 92
0 554.8 151.126 300 92
0 554.8 151.203 300 92
0 554.8 151.324 300 92
0 554.8 151.453 300 92
0 554.8 151.626 300 92
0 554.8 151.801 300 92
0 554.8 151.946 300 92
0 554.8 152.129 300 92
0 554.8 152.251 300 92
0 554.8 152.432 300 92
0 554.8 152.546 300 92
0 554.8 152.659 300 92
0 554.8 152.777 300 92
0 554.8 152.893 300 92
0 554.8 153.028 300 92
0 554.8 153.152 300 92
0 554.8 153.299 300 92
0 554.8 153.451 300 92
0 554.8 153.615 300 92
0 554.8 153.74 300 92
0 554.8 153.869 300 92
0 554.8 154.009 300 92
0 554.8 154.138 300 92
0 554.8 154.254 300 92
0 554.8 154.39 300 92
0 554.8 154.54 300 92
0 554.8 154.666 300 92
0 554.8 154.858 300 92
0 554.8 154.968 300 92
0 554.8 155.151 300 92
0 554.8 155.282 300 92
0 554.8 155.407 300 92
0 554.8 155.528 300 92
0 554.8 155.67 300 92
0 554.8 155.784 300 92
0 554.8 155.932 300 92
0 554.8 156.111 300 92
0 554.8 156.284 300 92
0 554.8 156.427 300 92
0 554.8 156.601 300 92
0 554.8 156.731 300 92
0 554.8 156.869 300 92
0 554.8 156.986 300 92
0 554.8 157.114 300 92
0 554.8 157.35 300 92
0 554.8 157.474 300 92
0 554.8 157.601 300 92
0 554.8 157.678 300 92
0 554.8 157.893 300 92
0 554.8 157.987 300 92
0 554.8 158.12 300 92
0 554.8 158.249 300 92
0 554.8 158.368 300 92
0 554.8 158.447 300 92
0 554.8 158.624 300 92
0 554.8 158.75 300 92
0 554.8 158.867 300 92
0 554.8 159.078 300 92
0 554.8 159.212 300 92
0 554.8 159.325 300 92
0 554.8 159.463 300 92
0 554.8 159.603 300 92
0 554.8 159.729 300 92
0 554.8 159.867 300 92
0 554.8 160.01 300 92
0 554.8 160.276 300 92
0 554.8 160.401 300 92
0 554.8 160.556 300 92
0 554.8 160.677 300 92
0 554.8 160.857 300 92
0 554.8 160.98 300 92
0 554.8 161.122 300 92
0 554.8 161.28 300 92
0 554.8 161.411 300 92
0 554.8 161.554 300 92
0 554.8 161.716 300 92
0 554.8 161.837 300 92
0 554.8 161.969 300 92
0 554.8 162.097 300 92
0 554.8 162.227 300 92
0 554.8 162.371 300 92
0 554.8 162.501 300 92
0 554.8 162.691 300 92
0 554.8 162.876 300 92
0 554.8 163.004 300 92
0 554.8 163.142 300 92
0 554.8 163.279 300 92
0 554.8 163.359 300 92
0 554.8 163.522 300 92
0 554.8 163.652 300 92
0 554.8 163.739 300 92
0 554.8 163.826 300 92
0 554.8 163.949 300 92
0 554.8 164.093 300 92
0 554.8 164.223 300 92
0 554.8 164.353 300 92
0 554.8 164.472 300 92
0 554.8 164.557 300 92
0 554.8 164.676 300 92
0 554.8 164.85 300 92
0 554.8 164.973 300 92
0 554.8 165.108 300 92
0 554.8 165.285 300 92
0 554.8 165.461 300 92
0 554.8 165.583 300 92
0 554.8 165.789 300 92
0 554.8 165.907 300 92
0 554.8 166.025 300 92
0 554.8 166.165 300 92
0 554.8 166.3 300 92
0 554.8 166.428 300 92
0 554.8 166.549 300 92
0 554.8 166.718 300 92
0 554.8 166.845 300 92
0 554.8 167.039 300 92
0 554.8 167.203 300 92
0 554.8 167.328 300 92
0 554.8 167.529 300 92
0 554.8 167.656 300 92
0 554.8 167.826 300 92
0 554.8 167.929 300 92
0 554.8 168.19 300 92
0 554.8 168.337 300 92
0 554.8 168.47 300 92
0 554.8 168.613 300 92
0 554.8 168.757 300 92
0 554.8 168.869 300 92
0 554.8 168.989 300 92
0 554.8 169.175 300 92
0 554.8 169.384 300 92
0 554.8 169.523 300 92
0 554.8 169.701 300 92
0 554.8 169.872 300 92
0 554.8 169.991 300 92
0 554.8 170.109 300 92
0 554.8 170.235 300 92
0 554.8 170.418 300 92
0 554.8 170.547 300 92
0 554.8 170.725 300 92
0 554.8 170.846 300 92
0 554.8 170.982 300 92
0 554.8 171.155 300 92
0 554.8 171.241 300 92
0 554.8 171.446 300 92
0 554.8 171.576 300 92
0 554.8 171.692 300 92
0 554.8 171.823 300 92
0 554.8 172.045 300 92
0 554.8 172.171 300 92
0 554.8 172.299 300 92
0 554.8 172.424 300 92
0 554.8 172.511 300 92
0 554.8 172.637 300 92
0 554.8 172.761 300 92
0 554.8 172.934 300 92
0 554.8 173.055 300 92
0 554.8 173.19 300 92
0 554.8 173.321 300 92
0 554.8 173.45 300 92
0 554.8 173.587 300 92
0 554.8 173.768 300 92
0 554.8 173.889 300 92
0 554.8 174.023 300 92
0 554.8 174.162 300 92
0 554.8 174.301 300 92
0 554.8 174.55 300 92
0 554.8 174.745 300 92
0 554.8 174.916 300 92
0 554.8 175.052 300 92
0 554.8 175.174 300 92
0 554.8 175.311 300 92
0 554.8 175.431 300 92
0 554.8 175.56 300 92
0 554.8 175.688 300 92
0 554.8 175.843 300 92
0 554.8 176.014 300 92
0 554.8 176.222 300 92
0 554.8 176.348 300 92
0 554.8 176.46 300 92
0 554.8 176.592 300 92
0 554.8 176.806 300 92
0 554.8 176.894 300 92
0 554.8 177.002 300 92
0 554.8 177.122 300 92
0 554.8 177.315 300 92
0 554.8 177.479 300 92
0 554.8 177.596 300 92
0 554.8 177.68 300 92
0 554.8 177.815 300 92
0 554.8 178.012 300 92
0 554.8 178.142 300 92
0 554.8 178.307 300 92
0 554.8 178.484 300 92
0 554.8 178.656 300 92
0 554.8 178.864 300 92
0 554.8 179.039 300 92
0 554.8 179.166 300 92
0 554.8 179.312 300 92
0 554.8 179.445 300 92
0 554.8 179.563 300 92
0 554.8 179.697 300 92
0 554.8 179.871 300 92
0 554.8 180.011 300 92
0 554.8 180.096 300 92
0 554.8 180.223 300 92
0 554.8 180.403 300 92
0 554.8 180.545 300 92
0 554.8 180.692 300 92
0 554.8 180.906 300 92
0 554.8 181.043 300 92
0 554.8 181.14 300 92
0 554.8 181.331 300 92
0 554.8 181.512 300 92
0 554.8 181.726 300 92
0 554.8 181.854 300 92
0 554.8 181.972 300 92
0 554.8 182.101 300 92
0 554.8 182.31 300 92
0 554.8 182.436 300 92
0 554.8 182.617 300 92
0 554.8 182.818 300 92
0 554.8 182.953 300 92
0 554.8 183.122 300 92
0 554.8 183.265 300 92
0 554.8 183.385 300 92
0 554.8 183.518 300 92
0 554.8 183.648 300 92
0 554.8 183.785 300 92
0 554.8 183.902 300 92
0 554.8 184.034 300 92
0 554.8 184.219 300 92
0 554.8 184.419 300 92
0 554.8 184.537 300 92
0 554.8 184.733 300 92
0 554.8 184.917 300 92
0 554.8 185.05 300 92
0 554.8 185.225 300 92
0 554.8 185.39 300 92
0 554.8 185.545 300 92
0 554.8 185.683 300 92
0 554.8 185.813 300 92
0 554.8 186.037 300 92
0 554.8 186.165 300 92
0 554.8 186.29 300 92
0 554.8 186.435 300 92
0 554.8 186.564 300 92
0 554.8 186.735 300 92
0 554.8 186.861 300 92
0 554.8 187.012 300 92
0 554.8 187.144 300 92
0 554.8 187.313 300 92
0 554.8 187.437 300 92
0 554.8 187.567 300 92
0 554.8 187.716 300 92
0 554.8 187.843 300 92
0 554.8 187.97 300 92
0 554.8 188.208 300 92
0 554.8 188.323 300 92
0 554.8 188.459 300 92
0 554.8 188.636 300 92
0 554.8 188.767 300 92
0 554.8 188.933 300 92
0 554.8 189.121 300 92
0 554.8 189.454 300 92
0 554.8 189.582 300 92
0 554.8 189.677 300 92
0 554.8 189.858 300 92
0 554.8 189.981 300 92
0 554.8 190.119 300 92
0 554.8 190.328 300 92
0 554.8 190.414 300 92
0 554.8 190.524 300 92
0 554.8 190.644 300 92
0 554.8 190.781 300 92
0 554.8 190.934 300 92
0 554.8 191.128 300 92
0 554.8 191.245 300 92
0 554.8 191.389 300 92
0 554.8 191.568 300 92
0 554.8 191.697 300 92
0 554.8 191.822 300 92
0 554.8 191.994 300 92
0 554.8 192.114 300 92
0 554.8 192.247 300 92
0 554.8 192.381 300 92
0 554.8 192.524 300 92
0 554.8 192.656 300 92
0 554.8 192.78 300 92
0 554.8 192.921 300 92
0 554.8 193.072 300 92
0 554.8 193.258 300 92
0 554.8 193.354 300 92
0 554.8 193.482 300 92
0 554.8 193.595 300 92
0 554.8 193.747 300 92
0 554.8 193.884 300 92
0 554.8 193.965 300 92
0 554.8 194.087 300 92
0 554.8 194.242 300 92
0 554.8 194.405 300 92
0 554.8 194.615 300 92
0 554.8 194.865 300 92
0 554.8 195.003 300 92
0 554.8 195.153 300 92
0 554.8 195.292 300 92
0 554.8 195.423 300 92
0 554.8 195.549 300 92
0 554.8 195.694 300 92
0 554.8 195.805 300 92
0 554.8 195.937 300 92
0 554.8 196.113 300 92
0 554.8 196.264 300 92
0 554.8 196.451 300 92
0 554.8 196.572 300 92
0 554.8 196.682 300 92
0 554.8 196.827 300 92
0 554.8 196.907 300 92
0 554.8 197.067 300 92
0 554.8 197.232 300 92
0 554.8 197.364 300 92
0 554.8 197.489 300 92
0 554.8 197.636 300 92
0 554.8 197.762 300 92
0 554.8 197.917 300 92
0 554.8 198.045 300 92
0 554.8 198.18 300 92
0 554.8 198.309 300 92
0 554.8 198.499 300 92
0 554.8 198.587 300 92
0 554.8 198.719 300 92
0 554.8 198.845 300 92
0 554.8 198.969 300 92
0 554.8 199.179 300 92
0 554.8 199.445 300 92
0 554.8 199.573 300 92
0 554.8 199.758 300 92
0 554.8 199.953 300 92
0 554.8 200.083 300 92
0 554.8 200.215 300 92
0 554.8 200.346 300 92
0 554.8 200.477 300 92
0 554.8 200.619 300 92
0 554.8 200.749 300 92
0 554.8 200.882 300 92
0 554.8 201.021 300 92
0 554.8 201.156 300 92
0 554.8 201.272 300 92
0 554.8 201.404 300 92
0 554.8 201.607 300 92
0 554.8 201.753 300 92
0 554.8 201.937 300 92
0 554.8 202.074 300 92
0 554.8 202.232 300 92
0 554.8 202.354 300 92
0 554.8 202.471 300 92
0 554.8 202.598 300 92
0 554.8 202.731 300 92
0 554.8 202.917 300 92
0 554.8 203.079 300 92
0 554.8 203.213 300 92
0 554.8 203.332 300 92
0 554.8 203.454 300 92
0 554.8 203.626 300 92
0 554.8 203.772 300 92
0 554.8 203.89 300 92
0 554.8 204.064 300 92
0 554.8 204.173 300 92
0 554.8 204.335 300 92
0 554.8 204.48 300 92
0 554.8 204.604 300 92
0 554.8 204.727 300 92
0 554.8 204.859 300 92
0 554.8 204.97 300 92
0 554.8 205.089 300 92
0 554.8 205.245 300 92
0 554.8 205.374 300 92
0 554.8 205.502 300 92
0 554.8 205.599 300 92
0 554.8 205.752 300 92
0 554.8 205.886 300 92
0 554.8 206.065 300 92
0 554.8 206.247 300 92
0 554.8 206.388 300 92
0 554.8 206.527 300 92
0 554.8 206.615 300 92
0 554.8 206.782 300 92
0 554.8 206.912 300 92
0 554.8 207.026 300 92
0 554.8 207.115 300 92
0 554.8 207.279 300 92
0 554.8 207.43 300 92
0 554.8 207.559 300 92
0 554.8 207.71 300 92
0 554.8 207.839 300 92
0 554.8 207.965 300 92
0 554.8 208.1 300 92
0 554.8 208.263 300 92
0 554.8 208.444 300 92
0 554.8 208.614 300 92
0 554.8 208.755 300 92
0 554.8 208.858 300 92
0 554.8 208.985 300 92
0 554.8 209.116 300 92
0 554.8 209.284 300 92
0 554.8 209.58 300 92
0 554.8 209.736 300 92
0 554.8 209.881 300 92
0 554.8 210.047 300 92
0 554.8 210.226 300 92
0 554.8 210.357 300 92
0 554.8 210.47 300 92
0 554.8 210.695 300 92
0 554.8 210.946 300 92
0 554.8 211.074 300 92
0 554.8 211.181 300 92
0 554.8 211.373 300 92
0 554.8 211.481 300 92
0 554.8 211.608 300 92
0 554.8 211.738 300 92
0 554.8 211.873 300 92
0 554.8 212.079 300 92
0 554.8 212.244 300 92
0 554.8 212.377 300 92
0 554.8 212.462 300 92
0 554.8 212.594 300 92
0 554.8 212.74 300 92
0 554.8 212.816 300 92
0 554.8 212.919 300 92
0 554.8 213.041 300 92
0 554.8 213.156 300 92
0 554.8 213.283 300 92
0 554.8 213.406 300 92
0 554.8 213.555 300 92
0 554.8 213.679 300 92
0 554.8 213.846 300 92
0 554.8 213.955 300 92
0 554.8 214.072 300 92
0 554.8 214.186 300 92
0 554.8 214.351 300 92
0 554.8 214.487 300 92
0 554.8 214.658 300 92
0 554.8 214.79 300 92
0 554.8 214.935 300 92
0 554.8 215.132 300 92
0 554.8 215.403 300 92
0 554.8 215.545 300 92
0 554.8 215.784 300 92
0 554.8 215.93 300 92
0 554.8 216.066 300 92
0 554.8 216.196 300 92
0 554.8 216.326 300 92
0 554.8 216.455 300 92
0 554.8 216.586 300 92
0 554.8 216.704 300 92
0 554.8 216.865 300 92
0 554.8 217.135 300 92
0 554.8 217.255 300 92
0 554.8 217.375 300 92
0 554.8 217.502 300 92
0 554.8 217.687 300 92
0 554.8 217.939 300 92
0 554.8 218.05 300 92
0 554.8 218.136 300 92
0 554.8 218.256 300 92
0 554.8 218.372 300 92
0 554.8 218.494 300 92
0 554.8 218.616 300 92
0 554.8 218.747 300 92
0 554.8 218.866 300 92
0 554.8 219.034 300 92
0 554.8 219.255 300 92
0 554.8 219.378 300 92
0 554.8 219.49 300 92
0 554.8 219.64 300 92
0 554.8 219.814 300 92
0 554.8 219.95 300 92
0 554.8 220.103 300 92
0 554.8 220.257 300 92
0 554.8 220.379 300 92
0 554.8 220.527 300 92
0 554.8 220.642 300 92
0 554.8 220.767 300 92
0 554.8 220.897 300 92
0 554.8 221.1 300 92
0 554.8 221.238 300 92
0 554.8 221.363 300 92
0 554.8 221.484 300 92
0 554.8 221.61 300 92
0 554.8 221.757 300 92
0 554.8 221.891 300 92
0 554.8 222.06 300 92
0 554.8 222.252 300 92
0 554.8 222.411 300 92
0 554.8 222.541 300 92
0 554.8 222.686 300 92
0 554.8 222.881 300 92
0 554.8 223.007 300 92
0 554.8 223.174 300 92
0 554.8 223.344 300 92
0 554.8 223.473 300 92
0 554.8 223.613 300 92
0 554.8 223.781 300 92
0 554.8 223.985 300 92
0 554.8 224.192 300 92
0 554.8 224.335 300 92
0 554.8 224.482 300 92
0 554.8 224.618 300 92
0 554.8 224.743 300 92
0 554.8 224.874 300 92
0 554.8 225.005 300 92
0 554.8 225.15 300 92
0 554.8 225.346 300 92
0 554.8 225.52 300 92
0 554.8 225.665 300 92
0 554.8 225.849 300 92
0 554.8 226.098 300 92
0 554.8 226.249 300 92
0 554.8 226.408 300 92
0 554.8 226.531 300 92
0 554.8 226.68 300 92
0 554.8 226.791 300 92
0 554.8 226.915 300 92
0 554.8 227.043 300 92
0 554.8 227.18 300 92
0 554.8 227.348 300 92
0 554.8 227.507 300 92
0 554.8 227.629 300 92
0 554.8 227.755 300 92
0 554.8 227.867 300 92
0 554.8 228.016 300 92
0 554.8 228.228 300 92
0 554.8 228.367 300 92
0 554.8 228.521 300 92
0 554.8 228.641 300 92
0 554.8 228.859 300 92
0 554.8 228.983 300 92
0 554.8 229.104 300 92
0 554.8 229.28 300 92
0 554.8 229.393 300 92
0 554.8 229.53 300 92
0 554.8 229.703 300 92
0 554.8 229.837 300 92
0 554.8 230.029 300 92
0 554.8 230.166 300 92
0 554.8 230.298 300 92
0 554.8 230.462 300 92
0 554.8 230.605 300 92
0 554.8 230.741 300 92
0 554.8 230.858 300 92
0 554.8 231.004 300 92
0 554.8 231.126 300 92
0 554.8 231.252 300 92
0 554.8 231.378 300 92
0 554.8 231.608 300 92
0 554.8 231.731 300 92
0 554.8 232.05 300 92
0 554.8 232.216 300 92
0 554.8 232.343 300 92
0 554.8 232.47 300 92
0 554.8 232.67 300 92
0 554.8 232.813 300 92
0 554.8 232.96 300 92
0 554.8 233.073 300 92
0 554.8 233.201 300 92
0 554.8 233.412 300 92
0 554.8 233.539 300 92
0 554.8 233.639 300 92
0 554.8 233.801 300 92
0 554.8 233.979 300 92
0 554.8 234.1 300 92
0 554.8 234.265 300 92
0 554.8 234.371 300 92
0 554.8 234.502 300 92
0 554.8 234.628 300 92
0 554.8 234.756 300 92
0 554.8 234.895 300 92
0 554.8 235.127 300 92
0 554.8 235.271 300 92
0 554.8 235.381 300 92
0 554.8 235.535 300 92
0 554.8 235.661 300 92
0 554.8 235.759 300 92
0 554.8 235.833 300 92
0 554.8 235.925 300 92
0 554.8 236.034 300 92
0 554.8 236.164 300 92
0 554.8 236.256 300 92
0 554.8 236.366 300 92
0 554.8 236.457 300 92
0 554.8 236.546 300 92
0 554.8 236.644 300 92
0 554.8 236.735 300 92
0 554.8 236.828 300 92
0 554.8 236.916 300 92
0 554.8 237.003 300 92
0 554.8 237.064 300 92
0 554.8 237.161 300 92
0 554.8 237.286 300 92
0 554.8 237.437 300 92
0 554.8 237.523 300 92
0 554.8 237.606 300 92
0 554.8 237.679 300 92
0 554.8 237.774 300 92
0 554.8 237.865 300 92
0 554.8 237.916 300 92
0 554.8 238.001 300 92
0 554.8 238.095 300 92
0 554.8 238.182 300 92
0 554.8 238.24 300 92
0 554.8 238.359 300 92
0 554.8 238.461 300 92
0 554.8 238.55 300 92
0 554.8 238.697 300 92
0 554.8 238.784 300 92
0 554.8 238.876 300 92
0 554.8 238.967 300 92
0 554.8 239.051 300 92
0 554.8 239.21 300 92
0 554.8 239.316 300 92
0 554.8 239.402 300 92
0 554.8 239.491 300 92
0 554.8 239.614 300 92
0 554.8 239.699 300 92
0 554.8 239.792 300 92
0 554.8 239.885 300 92
0 554.8 239.985 300 92
0 554.8 240.071 300 92
0 554.8 240.229 300 92
0 554.8 240.33 300 92
0 554.8 240.446 300 92
0 554.8 240.582 300 92
0 554.8 240.715 300 92
0 554.8 240.916 300 92
0 554.8 241.057 300 92
0 554.8 241.209 300 92
0 554.8 241.295 300 92
0 554.8 241.44 300 92
0 554.8 241.533 300 92
0 554.8 241.63 300 92
0 554.8 241.723 300 92
0 554.8 241.823 300 92
0 554.8 241.948 300 92
0 554.8 242.005 300 92
0 554.8 242.093 300 92
0 554.8 242.185 300 92
0 554.8 242.295 300 92
0 554.8 242.385 300 92
0 554.8 242.476 300 92
0 554.8 242.618 300 92
0 554.8 242.769 300 92
0 554.8 242.864 300 92
0 554.8 242.958 300 92
0 554.8 243.1 300 92
0 554.8 243.225 300 92
0 554.8 243.361 300 92
0 554.8 243.496 300 92
0 554.8 243.59 300 92
0 554.8 243.769 300 92
0 554.8 243.894 300 92
0 554.8 244.022 300 92
0 554.8 244.152 300 92
0 554.8 244.326 300 92
0 554.8 244.46 300 92
0 554.8 244.591 300 92
0 554.8 244.726 300 92
0 554.8 244.881 300 92
0 554.8 245.01 300 92
0 554.8 245.151 300 92
0 554.8 245.287 300 92
0 554.8 245.418 300 92
0 554.8 245.544 300 92
0 554.8 245.734 300 92
0 554.8 245.895 300 92
0 554.8 246.012 300 92
0 554.8 246.152 300 92
0 554.8 246.282 300 92
0 554.8 246.41 300 92
0 554.8 246.539 300 92
0 554.8 246.703 300 92
0 554.8 246.857 300 92
0 554.8 247.005 300 92
0 554.8 247.137 300 92
0 554.8 247.36 300 92
0 554.8 247.602 300 92
0 554.8 247.78 300 92
0 554.8 247.913 300 92
0 554.8 248.092 300 92
0 554.8 248.238 300 92
0 554.8 248.367 300 92
0 554.8 248.497 300 92
0 554.8 248.596 300 92
0 554.8 248.778 300 92
0 554.8 248.991 300 92
0 554.8 249.171 300 92
0 554.8 249.314 300 92
0 554.8 249.475 300 92
0 554.8 249.698 300 92
0 554.8 249.832 300 92
0 554.8 249.972 300 92
0 554.8 250.09 300 92
0 554.8 250.22 300 92
0 554.8 250.367 300 92
0 554.8 250.642 300 92
0 554.8 250.782 300 92
0 554.8 250.927 300 92
0 554.8 251.069 300 92
0 554.8 251.2 300 92
0 554.8 251.354 300 92
0 554.8 251.481 300 92
0 554.8 251.62 300 92
0 554.8 251.756 300 92
0 554.8 251.875 300 92
0 554.8 252.017 300 92
0 554.8 252.16 300 92
0 554.8 252.301 300 92
0 554.8 252.486 300 92
0 554.8 252.65 300 92
0 554.8 252.783 300 92
0 554.8 252.936 300 92
0 554.8 253.071 300 92
0 554.8 253.272 300 92
0 554.8 253.481 300 92
0 554.8 253.624 300 92
0 554.8 253.731 300 92
0 554.8 253.861 300 92
0 554.8 254.018 300 92
0 554.8 254.109 300 92
0 554.8 254.261 300 92
0 554.8 254.388 300 92
0 554.8 254.534 300 92
0 554.8 254.678 300 92
0 554.8 254.815 300 92
0 554.8 254.955 300 92
0 554.8 255.064 300 92
0 554.8 255.24 300 92
0 554.8 255.367 300 92
0 554.8 255.484 300 92
0 554.8 255.618 300 92
0 554.8 255.73 300 92
0 554.8 255.86 300 92
0 554.8 255.999 300 92
0 554.8 256.143 300 92
0 554.8 256.314 300 92
0 554.8 256.57 300 92
0 554.8 256.709 300 92
0 549.2 256.795 92
0 549.2 256.909 300 92
0 549.2 257.082 300 92
0 549.2 257.257 300 92
0 549.2 257.479 300 92
0 549.2 257.617 300 92
0 549.2 257.805 300 92
0 549.2 257.93 300 92
0 549.2 258.066 300 92
0 549.2 258.332 300 92
0 549.2 258.473 300 92
0 549.2 258.646 300 92
0 549.2 258.773 300 92
0 549.2 258.911 300 92
0 549.2 259.053 300 92
0 549.2 259.179 300 92
0 549.2 259.316 300 92
0 549.2 259.444 300 92
0 549.2 259.588 300 92
0 549.2 259.732 300 92
0 549.2 259.865 300 92
0 549.2 260.023 300 92
0 549.2 260.153 300 92
0 549.2 260.408 300 92
0 549.2 260.644 300 92
0 549.2 260.776 300 92
0 549.2 260.917 300 92
0 549.2 261.049 300 92
0 549.2 261.277 300 92
0 549.2 261.417 300 92
0 549.2 261.539 300 92
0 549.2 261.666 300 92
0 549.2 261.806 300 92
0 549.2 261.958 300 92
0 549.2 262.082 300 92
0 549.2 262.222 300 92
0 549.2 262.413 300 92
0 549.2 262.548 300 92
0 549.2 262.717 300 92
0 549.2 262.848 300 92
0 549.2 262.965 300 92
0 549.2 263.107 300 92
0 549.2 263.231 300 92
0 549.2 263.361 300 92
0 549.2 263.501 300 92
0 549.2 263.645 300 92
0 549.2 263.777 300 92
0 549.2 263.92 300 92
0 549.2 264.059 300 92
0 549.2 264.359 300 92
0 549.2 264.525 300 92
0 549.2 264.695 300 92
0 549.2 264.859 300 92
0 549.2 264.955 300 92
0 549.2 265.089 300 92
0 549.2 265.227 300 92
0 549.2 265.369 300 92
0 549.2 265.518 300 92
0 549.2 265.768 300 92
0 549.2 265.975 300 92
0 549.2 266.15 300 92
0 549.2 266.321 300 92
0 549.2 266.454 300 92
0 549.2 266.581 300 92
0 549.2 266.71 300 92
0 549.2 266.842 300 92
0 549.2 266.977 300 92
0 549.2 267.122 300 92
0 549.2 267.254 300 92
0 549.2 267.389 300 92
0 549.2 267.525 300 92
0 549.2 267.716 300 92
0 549.2 267.907 300 92
0 549.2 268.011 300 92
0 549.2 268.151 300 92
0 549.2 268.252 300 92
0 549.2 268.396 300 92
0 549.2 268.526 300 92
0 549.2 268.725 300 92
0 549.2 268.859 300 92
0 549.2 269.117 300 92
0 549.2 269.237 300 92
0 549.2 269.383 300 92
0 549.2 269.503 300 92
0 549.2 269.644 300 92
0 549.2 269.867 300 92
0 549.2 270.062 300 92
0 549.2 270.197 300 92
0 549.2 270.294 300 92
0 549.2 270.441 300 92
0 549.2 270.576 300 92
0 549.2 270.708 300 92
0 549.2 270.85 300 92
0 549.2 271.017 300 92
0 549.2 271.231 300 92
0 549.2 271.461 300 92
0 549.2 271.587 300 92
0 549.2 271.72 300 92
0 549.2 271.839 300 92
0 549.2 271.969 300 92
0 549.2 272.154 300 92
0 549.2 272.258 300 92
0 549.2 272.415 300 92
0 549.2 272.553 300 92
0 549.2 272.734 300 92
0 549.2 272.867 300 92
0 549.2 273.004 300 92
0 549.2 273.229 300 92
0 549.2 273.424 300 92
0 549.2 273.557 300 92
0 549.2 273.684 300 92
0 549.2 273.827 300 92
0 549.2 273.983 300 92
0 549.2 274.125 300 92
0 549.2 274.274 300 92
0 549.2 274.422 300 92
0 549.2 274.514 300 92
0 549.2 274.65 300 92
0 549.2 274.787 300 92
0 549.2 274.974 300 92
0 549.2 275.161 300 92
0 549.2 275.29 300 92
0 549.2 275.435 300 92
0 549.2 275.586 300 92
0 549.2 275.741 300 92
0 549.2 275.902 300 92
0 549.2 276.144 300 92
0 549.2 276.298 300 92
0 549.2 276.534 300 92
0 549.2 276.681 300 92
0 549.2 276.82 300 92
0 549.2 277.007 300 92
0 549.2 277.152 300 92
0 549.2 277.29 300 92
0 549.2 277.435 300 92
0 549.2 277.577 300 92
0 549.2 277.823 300 92
0 549.2 277.955 300 92
0 549.2 278.188 300 92
0 549.2 278.333 300 92
0 549.2 278.485 300 92
0 549.2 278.618 300 92
0 549.2 278.753 300 92
0 549.2 278.903 300 92
0 549.2 279.031 300 92
0 549.2 279.227 300 92
0 549.2 279.357 300 92
0 549.2 279.51 300 92
0 549.2 279.659 300 92
0 549.2 279.8 300 92
0 549.2 279.943 300 92
0 549.2 280.088 300 92
0 549.2 280.27 300 92
0 549.2 280.427 300 92
0 549.2 280.567 300 92
0 549.2 280.887 300 92
0 549.2 281.242 300 92
0 549.2 281.51 300 92
0 549.2 281.698 300 92
0 549.2 281.84 300 92
0 549.2 282.065 300 92
0 549.2 282.206 300 92
0 549.2 282.299 300 92
0 549.2 282.496 300 92
0 549.2 282.673 300 92
0 549.2 282.888 300 92
0 549.2 283.029 300 92
0 549.2 283.166 300 92
0 549.2 283.259 300 92
0 549.2 283.39 300 92
0 549.2 283.643 300 92
0 549.2 283.788 300 92
0 549.2 283.949 300 92
0 549.2 284.139 300 92
0 549.2 284.294 300 92
0 549.2 284.436 300 92
0 549.2 284.588 300 92
0 549.2 284.769 300 92
0 549.2 284.931 300 92
0 549.2 285.116 300 92
0 549.2 285.258 300 92
0 549.2 285.423 300 92
0 549.2 285.56 300 92
0 549.2 285.747 300 92
0 549.2 285.882 300 92
0 549.2 286.02 300 92
0 549.2 286.179 300 92
0 549.2 286.375 300 92
0 549.2 286.515 300 92
0 549.2 286.72 300 92
0 549.2 286.859 300 92
0 549.2 287.009 300 92
0 549.2 287.17 300 92
0 549.2 287.258 300 92
0 549.2 287.401 300 92
0 549.2 287.614 300 92
0 549.2 287.766 300 92
0 549.2 287.947 300 92
0 549.2 288.096 300 92
0 549.2 288.213 300 92
0 549.2 288.352 300 92
0 549.2 288.488 300 92
0 549.2 288.642 300 92
0 549.2 288.787 300 92
0 549.2 288.93 300 92
0 549.2 289.067 300 92
0 549.2 289.216 300 92
0 549.2 289.37 300 92
0 549.2 289.51 300 92
0 549.2 289.653 300 92
0 549.2 289.784 300 92
0 549.2 289.924 300 92
0 549.2 290.076 300 92
0 549.2 290.227 300 92
0 549.2 290.371 300 92
0 549.2 290.523 300 92
0 549.2 290.68 300 92
0 549.2 290.874 300 92
0 549.2 290.995 300 92
0 549.2 291.116 300 92
0 549.2 291.263 300 92
0 549.2 291.401 300 92
0 549.2 291.537 300 92
0 549.2 291.679 300 92
0 549.2 291.862 300 92
0 549.2 291.953 300 92
0 549.2 292.096 300 92
0 549.2 292.253 300 92
0 549.2 292.402 300 92
0 549.2 292.539 300 92
0 549.2 292.761 300 92
0 549.2 292.896 300 92
0 549.2 293.077 300 92
0 549.2 293.216 300 92
0 549.2 293.359 300 92
0 549.2 293.464 300 92
0 549.2 293.593 300 92
0 549.2 293.713 300 92
0 549.2 293.859 300 92
0 549.2 293.999 300 92
0 549.2 294.127 300 92
0 549.2 294.288 300 92
0 549.2 294.429 300 92
0 549.2 294.607 300 92
0 549.2 294.776 300 92
0 549.2 294.919 300 92
0 549.2 295.106 300 92
0 549.2 295.231 300 92
0 549.2 295.375 300 92
0 549.2 295.527 300 92
0 549.2 295.661 300 92
0 549.2 295.851 300 92
0 549.2 295.99 300 92
0 549.2 296.168 300 92
0 549.2 296.306 300 92
0 549.2 296.435 300 92
0 549.2 296.602 300 92
0 549.2 296.73 300 92
0 549.2 296.897 300 92
0 549.2 297.073 300 92
0 549.2 297.249 300 92
0 549.2 297.381 300 92
0 549.2 297.575 300 92
0 549.2 297.711 300 92
0 549.2 297.833 300 92
0 549.2 297.989 300 92
0 549.2 298.138 300 92
0 549.2 298.233 300 92
0 549.2 298.432 300 92
0 549.2 298.571 300 92
0 549.2 298.686 300 92
0 549.2 298.805 300 92
0 549.2 298.955 300 92
0 549.2 299.153 300 92
0 549.2 299.343 300 92
0 549.2 299.522 300 92
0 549.2 299.664 300 92
0 549.2 299.797 300 92
0 549.2 300.027 300 92
0 549.2 300.164 300 92
0 549.2 300.302 300 92
0 549.2 300.5 300 92
0 549.2 300.665 300 92
0 549.2 300.836 300 92
0 549.2 300.973 300 92
0 549.2 301.1 300 92
0 549.2 301.32 300 92
0 549.2 301.438 300 92
0 549.2 301.584 300 92
0 549.2 301.761 300 92
0 549.2 301.894 300 92
0 549.2 302.211 300 92
0 549.2 302.359 300 92
0 549.2 302.484 300 92
0 549.2 302.568 300 92
0 549.2 302.699 300 92
0 549.2 302.834 300 92
0 549.2 302.975 300 92
0 549.2 303.122 300 92
0 549.2 303.248 300 92
0 549.2 303.509 300 92
0 549.2 303.642 300 92
0 549.2 303.768 300 92
0 549.2 303.907 300 92
0 549.2 304.058 300 92
0 549.2 304.197 300 92
0 549.2 304.331 300 92
0 549.2 304.457 300 92
0 549.2 304.647 300 92
0 549.2 304.776 300 92
0 549.2 304.918 300 92
0 549.2 305.05 300 92
0 549.2 305.179 300 92
0 549.2 305.3 300 92
0 549.2 305.425 300 92
0 549.2 305.571 300 92
0 549.2 305.731 300 92
0 549.2 305.879 300 92
0 549.2 306.006 300 92
0 549.2 306.146 300 92
0 549.2 306.283 300 92
0 549.2 306.482 300 92
0 549.2 306.632 300 92
0 549.2 306.763 300 92
0 549.2 306.936 300 92
0 549.2 307.067 300 92
0 549.2 307.263 300 92
0 549.2 307.396 300 92
0 549.2 307.529 300 92
0 549.2 307.648 300 92
0 549.2 307.823 300 92
0 549.2 307.951 300 92
0 549.2 308.087 300 92
0 549.2 308.217 300 92
0 549.2 308.299 300 92
0 549.2 308.381 300 92
0 549.2 308.522 300 92
0 549.2 308.651 300 92
0 549.2 308.769 300 92
0 549.2 308.958 300 92
0 549.2 309.157 300 92
0 549.2 309.383 300 92
0 549.2 309.523 300 92
0 549.2 309.66 300 92
0 549.2 309.791 300 92
0 549.2 309.965 300 92
0 549.2 310.09 300 92
0 549.2 310.235 300 92
0 549.2 310.371 300 92
0 549.2 310.535 300 92
0 549.2 310.7 300 92
0 549.2 310.834 300 92
0 549.2 310.955 300 92
0 549.2 311.087 300 92
0 549.2 311.215 300 92
0 549.2 311.407 300 92
0 549.2 311.536 300 92
0 549.2 311.805 300 92
0 549.2 312.039 300 92
0 549.2 312.231 300 92
0 549.2 312.362 300 92
0 549.2 312.532 300 92
0 549.2 312.692 300 92
0 549.2 312.79 300 92
0 549.2 312.913 300 92
0 549.2 313.011 300 92
0 549.2 313.105 300 92
0 549.2 313.193 300 92
0 549.2 313.29 300 92
0 549.2 313.373 300 92
0 549.2 313.468 300 92
0 549.2 313.564 300 92
0 549.2 313.696 300 92
0 549.2 313.815 300 92
0 549.2 313.909 300 92
0 549.2 313.992 300 92
0 549.2 314.078 300 92
0 549.2 314.175 300 92
0 549.2 314.321 300 92
0 549.2 314.445 300 92
0 549.2 314.533 300 92
0 549.2 314.625 300 92
0 549.2 314.707 300 92
0 549.2 314.826 300 92
0 549.2 314.923 300 92
0 549.2 315.011 300 92
0 549.2 315.09 300 92
0 549.2 315.245 300 92
0 549.2 315.338 300 92
0 549.2 315.43 300 92
0 549.2 315.5 300 92
0 549.2 315.582 300 92
0 549.2 315.677 300 92
0 549.2 315.759 300 92
0 549.2 315.85 300 92
0 549.2 315.936 300 92
0 549.2 316.045 300 92
0 549.2 316.128 300 92
0 549.2 316.286 300 92
0 549.2 316.375 300 92
0 549.2 316.463 300 92
0 549.2 316.546 300 92
0 549.2 316.651 300 92
0 549.2 316.714 300 92
0 549.2 316.81 300 92
0 549.2 316.875 300 92
0 549.2 316.961 300 92
0 549.2 317.086 300 92
0 549.2 317.179 300 92
0 549.2 317.275 300 92
0 549.2 317.363 300 92
0 549.2 317.488 300 92
0 549.2 317.592 300 92
0 549.2 317.757 300 92
0 549.2 317.827 300 92
0 549.2 317.91 300 92
0 549.2 317.992 300 92
0 549.2 318.081 300 92
0 549.2 318.201 300 92
0 549.2 318.286 300 92
0 549.2 318.382 300 92
0 549.2 318.466 300 92
0 549.2 318.553 300 92
0 549.2 318.642 300 92
0 549.2 318.785 300 92
0 549.2 318.847 300 92
0 549.2 318.929 300 92
0 549.2 319.046 300 92
0 549.2 319.181 300 92
0 549.2 319.308 300 92
0 549.2 319.395 300 92
0 549.2 319.485 300 92
0 549.2 319.574 300 92
0 549.2 319.663 300 92
0 549.2 319.749 300 92
0 549.2 319.812 300 92
0 549.2 319.9 300 92
0 549.2 320.051 300 92
0 549.2 320.18 300 92
0 549.2 320.321 300 92
0 549.2 320.421 300 92
0 549.2 320.508 300 92
0 549.2 320.597 300 92
0 549.2 320.686 300 92
0 549.2 320.775 300 92
0 549.2 320.853 300 92
0 549.2 320.938 300 92
0 549.2 321.031 300 92
0 549.2 321.134 300 92
0 549.2 321.246 300 92
0 549.2 321.463 300 92
0 549.2 321.552 300 92
0 549.2 321.639 300 92
0 549.2 321.765 300 92
0 549.2 321.856 300 92
0 549.2 321.993 300 92
0 549.2 322.142 300 92
0 549.2 322.238 300 92
0 549.2 322.296 300 92
0 549.2 322.406 300 92
0 549.2 322.502 300 92
0 549.2 322.59 300 92
0 549.2 322.673 300 92
0 549.2 322.765 300 92
0 549.2 322.851 300 92
0 549.2 322.955 300 92
0 549.2 323.068 300 92
0 549.2 323.16 300 92
0 549.2 323.25 300 92
0 549.2 323.352 300 92
0 549.2 323.449 300 92
0 549.2 323.557 300 92
0 549.2 323.701 300 92
0 549.2 323.805 300 92
0 549.2 323.898 300 92
0 549.2 323.981 300 92
0 549.2 324.069 300 92
0 549.2 324.181 300 92
0 549.2 324.335 300 92
0 549.2 324.458 300 92
0 549.2 324.539 300 92
0 549.2 324.68 300 92
0 549.2 324.84 300 92
0 549.2 324.964 300 92
0 549.2 325.104 300 92
0 549.2 325.232 300 92
0 549.2 325.37 300 92
0 549.2 325.659 300 92
0 549.2 325.932 300 92
0 549.2 326.116 300 92
0 549.2 326.29 300 92
0 549.2 326.499 300 92
0 549.2 326.642 300 92
0 549.2 326.775 300 92
0 549.2 326.91 300 92
0 549.2 327.046 300 92
0 549.2 327.219 300 92
0 549.2 327.35 300 92
0 549.2 327.474 300 92
0 549.2 327.613 300 92
0 549.2 327.738 300 92
0 549.2 327.955 300 92
0 549.2 328.083 300 92
0 549.2 328.277 300 92
0 549.2 328.429 300 92
0 549.2 328.583 300 92
0 549.2 328.721 300 92
0 549.2 328.978 300 92
0 549.2 329.104 300 92
0 549.2 329.24 300 92
0 549.2 329.366 300 92
0 549.2 329.491 300 92
0 549.2 329.595 300 92
0 549.2 329.789 300 92
0 549.2 329.9 300 92
0 549.2 330.064 300 92
0 549.2 330.189 300 92
0 549.2 330.306 300 92
0 549.2 330.426 300 92
0 549.2 330.572 300 92
0 549.2 330.73 300 92
0 549.2 330.899 300 92
0 549.2 331.099 300 92
0 549.2 331.331 300 92
0 549.2 331.484 300 92
0 549.2 331.619 300 92
0 549.2 331.792 300 92
0 549.2 331.982 300 92
0 549.2 332.115 300 92
0 549.2 332.339 300 92
0 549.2 332.474 300 92
0 549.2 332.602 300 92
0 549.2 332.778 300 92
0 549.2 332.92 300 92
0 549.2 333.092 300 92
0 549.2 333.22 300 92
0 549.2 333.368 300 92
0 549.2 333.519 300 92
0 549.2 333.661 300 92
0 549.2 333.811 300 92
0 549.2 333.953 300 92
0 549.2 334.114 300 92
0 549.2 334.291 300 92
0 549.2 334.414 300 92
0 549.2 334.546 300 92
0 549.2 334.677 300 92
0 549.2 334.763 300 92
0 549.2 334.894 300 92
0 549.2 335.014 300 92
0 549.2 335.146 300 92
0 549.2 335.392 300 92
0 549.2 335.604 300 92
0 549.2 335.736 300 92
0 549.2 335.953 300 92
0 549.2 336.145 300 92
0 549.2 336.297 300 92
0 549.2 336.455 300 92
0 549.2 336.621 300 92
0 549.2 336.751 300 92
0 549.2 336.882 300 92
0 549.2 337.045 300 92
0 549.2 337.21 300 92
0 549.2 337.345 300 92
0 549.2 337.522 300 92
0 549.2 337.71 300 92
0 549.2 337.853 300 92
0 549.2 337.977 300 92
0 549.2 338.179 300 92
0 549.2 338.311 300 92
0 549.2 338.537 300 92
0 549.2 338.695 300 92
0 549.2 338.824 300 92
0 549.2 338.974 300 92
0 549.2 339.106 300 92
0 549.2 339.282 300 92
0 549.2 339.41 300 92
0 549.2 339.584 300 92
0 549.2 339.806 300 92
0 549.2 340.197 300 92
0 549.2 340.341 300 92
0 549.2 340.597 300 92
0 549.2 340.763 300 92
0 549.2 340.89 300 92
0 549.2 341.035 300 92
0 549.2 341.184 300 92
0 549.2 341.303 300 92
0 549.2 341.426 300 92
0 549.2 341.539 300 92
0 549.2 341.626 300 92
0 549.2 341.754 300 92
0 549.2 341.896 300 92
0 549.2 342.011 300 92
0 549.2 342.159 300 92
0 549.2 342.329 300 92
0 549.2 342.467 300 92
0 549.2 342.609 300 92
0 549.2 342.736 300 92
0 549.2 342.879 300 92
0 549.2 343.105 300 92
0 549.2 343.22 300 92
0 549.2 343.383 300 92
0 549.2 343.509 300 92
0 549.2 343.593 300 92
0 549.2 343.729 300 92
0 549.2 343.861 300 92
0 549.2 343.995 300 92
0 549.2 344.094 300 92
0 549.2 344.297 300 92
0 549.2 344.407 300 92
0 549.2 344.521 300 92
0 549.2 344.657 300 92
0 549.2 344.86 300 92
0 549.2 345.097 300 92
0 549.2 345.206 300 92
0 549.2 345.361 300 92
0 549.2 345.548 300 92
0 549.2 345.665 300 92
0 549.2 345.736 300 92
0 549.2 345.81 300 92
0 549.2 345.93 300 92
0 549.2 346.153 300 92
0 549.2 346.258 300 92
0 549.2 346.395 300 92
0 549.2 346.524 300 92
0 549.2 346.691 300 92
0 549.2 346.91 300 92
0 549.2 347.054 300 92
0 549.2 347.159 300 92
0 549.2 347.32 300 92
0 549.2 347.482 300 92
0 549.2 347.611 300 92
0 549.2 347.96 300 92
0 549.2 348.087 300 92
0 549.2 348.213 300 92
0 549.2 348.347 300 92
0 549.2 348.545 300 92
0 549.2 348.767 300 92
0 549.2 349.005 300 92
0 549.2 349.19 300 92
0 549.2 349.33 300 92
0 549.2 349.56 300 92
0 549.2 349.677 300 92
0 549.2 349.824 300 92
0 549.2 349.96 300 92
0 549.2 350.104 300 92
0 549.2 350.239 300 92
0 549.2 350.382 300 92
0 549.2 350.63 300 92
0 549.2 350.719 300 92
0 549.2 350.844 300 92
0 549.2 351.023 300 92
0 549.2 351.162 300 92
0 549.2 351.298 300 92
0 549.2 351.389 300 92
0 549.2 351.509 300 92
0 549.2 351.633 300 92
0 549.2 351.755 300 92
0 549.2 351.876 300 92
0 549.2 352.098 300 92
0 549.2 352.362 300 92
0 549.2 352.582 300 92
0 549.2 352.739 300 92
0 549.2 352.894 300 92
0 549.2 353.015 300 92
0 549.2 353.153 300 92
0 549.2 353.318 300 92
0 549.2 353.431 300 92
0 549.2 353.724 300 92
0 549.2 353.921 300 92
0 549.2 354.05 300 92
0 549.2 354.168 300 92
0 549.2 354.301 300 92
0 549.2 354.484 300 92
0 549.2 354.625 300 92
0 549.2 354.781 300 92
0 549.2 354.958 300 92
0 549.2 355.115 300 92
0 549.2 355.265 300 92
0 549.2 355.396 300 92
0 549.2 355.538 300 92
0 549.2 355.648 300 92
0 549.2 355.815 300 92
0 549.2 356.019 300 92
0 549.2 356.139 300 92
0 549.2 356.255 300 92
0 549.2 356.366 300 92
0 549.2 356.485 300 92
0 549.2 356.603 300 92
0 549.2 356.723 300 92
0 549.2 356.902 300 92
0 549.2 357.029 300 92
0 549.2 357.171 300 92
0 549.2 357.339 300 92
0 549.2 357.455 300 92
0 549.2 357.592 300 92
0 549.2 357.744 300 92
0 549.2 357.917 300 92
0 549.2 358.05 300 92
0 549.2 358.193 300 92
0 549.2 358.346 300 92
0 549.2 358.495 300 92
0 549.2 358.618 300 92
0 549.2 358.698 300 92
0 549.2 358.819 300 92
0 549.2 358.987 300 92
0 549.2 359.193 300 92
0 549.2 359.361 300 92
0 549.2 359.483 300 92
0 549.2 359.599 300 92
0 549.2 359.782 300 92
0 549.2 360.053 300 92
0 549.2 360.191 300 92
0 549.2 360.344 300 92
0 549.2 360.542 300 92
0 549.2 360.678 300 92
0 549.2 360.814 300 92
0 549.2 360.974 300 92
0 549.2 361.182 300 92
0 549.2 361.314 300 92
0 549.2 361.443 300 92
0 549.2 361.641 300 92
0 549.2 361.775 300 92
0 549.2 361.9 300 92
0 549.2 362.014 300 92
0 549.2 362.102 300 92
0 549.2 362.249 300 92
0 549.2 362.411 300 92
0 549.2 362.539 300 92
0 549.2 362.673 300 92
0 549.2 362.885 300 92
0 549.2 362.978 300 92
0 549.2 363.141 300 92
0 549.2 363.257 300 92
0 549.2 363.364 300 92
0 549.2 363.451 300 92
0 549.2 363.576 300 92
0 549.2 363.703 300 92
0 549.2 363.879 300 92
0 549.2 364.049 300 92
0 549.2 364.181 300 92
0 549.2 364.297 300 92
0 549.2 364.417 300 92
0 549.2 364.549 300 92
0 549.2 364.676 300 92
0 549.2 364.796 300 92
0 549.2 364.935 300 92
0 549.2 365.096 300 92
0 549.2 365.244 300 92
0 549.2 365.405 300 92
0 549.2 365.52 300 92
0 549.2 365.638 300 92
0 549.2 365.832 300 92
0 549.2 365.927 300 92
0 549.2 366.087 300 92
0 549.2 366.289 300 92
0 549.2 366.362 300 92
0 549.2 366.489 300 92
0 549.2 366.705 300 92
0 549.2 366.842 300 92
0 549.2 366.993 300 92
0 549.2 367.141 300 92
0 549.2 367.32 300 92
0 549.2 367.463 300 92
0 549.2 367.693 300 92
0 549.2 367.839 300 92
0 549.2 367.919 300 92
0 549.2 368.118 300 92
0 549.2 368.232 300 92
0 549.2 368.395 300 92
0 549.2 368.631 300 92
0 549.2 368.767 300 92
0 549.2 368.901 300 92
0 549.2 369.065 300 92
0 549.2 369.217 300 92
0 549.2 369.396 300 92
0 549.2 369.538 300 92
0 549.2 369.783 300 92
0 549.2 369.879 300 92
0 549.2 370.001 300 92
0 549.2 370.162 300 92
0 549.2 370.342 300 92
0 549.2 370.458 300 92
0 549.2 370.668 300 92
0 549.2 370.798 300 92
0 549.2 370.964 300 92
0 549.2 371.094 300 92
0 549.2 371.225 300 92
0 549.2 371.431 300 92
0 549.2 371.574 300 92
0 549.2 371.937 300 92
0 549.2 372.074 300 92
0 549.2 372.189 300 92
0 549.2 372.312 300 92
0 549.2 372.493 300 92
0 549.2 372.607 300 92
0 549.2 372.73 300 92
0 549.2 372.841 300 92
0 549.2 373.034 300 92
0 549.2 373.158 300 92
0 549.2 373.276 300 92
0 549.2 373.407 300 92
0 549.2 373.552 300 92
0 549.2 373.706 300 92
0 549.2 373.912 300 92
0 549.2 374.074 300 92
0 549.2 374.186 300 92
0 549.2 374.331 300 92
0 549.2 374.545 300 92
0 549.2 374.674 300 92
0 549.2 374.853 300 92
0 549.2 374.983 300 92
0 549.2 375.114 300 92
0 549.2 375.262 300 92
0 549.2 375.435 300 92
0 549.2 375.674 300 92
0 549.2 375.82 300 92
0 549.2 375.994 300 92
0 549.2 376.114 300 92
0 549.2 376.239 300 92
0 549.2 376.348 300 92
0 549.2 376.526 300 92
0 549.2 376.66 300 92
0 549.2 376.822 300 92
0 549.2 377.033 300 92
0 549.2 377.169 300 92
0 549.2 377.308 300 92
0 549.2 377.635 300 92
0 549.2 377.788 300 92
0 549.2 377.929 300 92
0 549.2 378.099 300 92
0 549.2 378.228 300 92
0 549.2 378.364 300 92
0 549.2 378.495 300 92
0 549.2 378.603 300 92
0 549.2 378.738 300 92
0 549.2 378.989 300 92
0 549.2 379.102 300 92
0 549.2 379.19 300 92
0 549.2 379.308 300 92
0 549.2 379.408 300 92
0 549.2 379.595 300 92
0 549.2 379.795 300 92
0 549.2 379.933 300 92
0 549.2 380.159 300 92
0 549.2 380.288 300 92
0 549.2 380.427 300 92
0 549.2 380.709 300 92
0 549.2 380.899 300 92
0 549.2 381.034 300 92
0 549.2 381.163 300 92
0 549.2 381.285 300 92
0 549.2 381.411 300 92
0 549.2 381.593 300 92
0 549.2 381.728 300 92
0 549.2 381.868 300 92
0 549.2 382.015 300 92
0 549.2 382.125 300 92
0 549.2 382.301 300 92
0 549.2 382.555 300 92
0 549.2 382.712 300 92
0 549.2 382.899 300 92
0 549.2 383.153 300 92
0 549.2 383.319 300 92
0 549.2 383.411 300 92
0 549.2 383.534 300 92
0 549.2 383.733 300 92
0 549.2 383.87 300 92
0 549.2 384.006 300 92
0 549.2 384.171 300 92
0 549.2 384.29 300 92
0 549.2 384.434 300 92
0 549.2 384.55 300 92
0 549.2 384.687 300 92
0 549.2 384.834 300 92
0 549.2 384.985 300 92
0 549.2 385.125 300 92
0 549.2 385.277 300 92
0 549.2 385.52 300 92
0 549.2 385.67 300 92
0 549.2 385.8 300 92
0 549.2 385.978 300 92
0 549.2 386.127 300 92
0 549.2 386.296 300 92
0 549.2 386.5 300 92
0 549.2 386.63 300 92
0 549.2 386.791 300 92
0 549.2 386.921 300 92
0 549.2 387.009 300 92
0 549.2 387.263 300 92
0 549.2 387.356 300 92
0 549.2 387.483 300 92
0 549.2 387.661 300 92
0 549.2 387.8 300 92
0 549.2 387.944 300 92
0 549.2 388.073 300 92
0 549.2 388.225 300 92
0 549.2 388.547 300 92
0 549.2 388.694 300 92
0 549.2 388.82 300 92
0 549.2 389.051 300 92
0 549.2 389.201 300 92
0 549.2 389.355 300 92
0 549.2 389.49 300 92
0 549.2 389.623 300 92
0 549.2 389.77 300 92
0 549.2 389.897 300 92
0 549.2 390.032 300 92
0 549.2 390.16 300 92
0 549.2 390.386 300 92
0 549.2 390.476 300 92
0 549.2 390.617 300 92
0 549.2 390.707 300 92
0 549.2 390.875 300 92
0 549.2 391.049 300 92
0 549.2 391.196 300 92
0 549.2 391.348 300 92
0 549.2 391.501 300 92
0 549.2 391.807 300 92
0 549.2 391.971 300 92
0 549.2 392.129 300 92
0 549.2 392.273 300 92
0 549.2 392.359 300 92
0 549.2 392.505 300 92
0 549.2 392.627 300 92
0 549.2 392.789 300 92
0 549.2 392.922 300 92
0 549.2 393.097 300 92
0 549.2 393.219 300 92
0 549.2 393.341 300 92
0 549.2 393.471 300 92
0 549.2 393.609 300 92
0 549.2 393.794 300 92
0 549.2 393.94 300 92
0 549.2 394.102 300 92
0 549.2 394.226 300 92
0 549.2 394.357 300 92
0 549.2 394.544 300 92
0 549.2 394.829 300 92
0 549.2 394.967 300 92
0 549.2 395.09 300 92
0 549.2 395.209 300 92
0 549.2 395.497 300 92
0 549.2 395.676 300 92
0 549.2 395.825 300 92
0 549.2 395.99 300 92
0 549.2 396.166 300 92
0 549.2 396.296 300 92
0 549.2 396.501 300 92
0 549.2 396.657 300 92
0 549.2 396.74 300 92
0 549.2 396.963 300 92
0 549.2 397.134 300 92
0 549.2 397.269 300 92
0 549.2 397.415 300 92
0 549.2 397.563 300 92
0 549.2 397.691 300 92
0 549.2 397.776 300 92
0 549.2 397.896 300 92
0 549.2 398.033 300 92
0 549.2 398.166 300 92
0 549.2 398.344 300 92
0 549.2 398.542 300 92
0 549.2 398.706 300 92
0 549.2 398.839 300 92
0 549.2 398.99 300 92
0 549.2 399.205 300 92
0 549.2 399.466 300 92
0 549.2 399.633 300 92
0 549.2 399.839 300 92
0 549.2 399.968 300 92
0 549.2 400.114 300 92
0 549.2 400.253 300 92
0 549.2 400.415 300 92
0 549.2 400.557 300 92
0 549.2 400.713 300 92
0 549.2 400.854 300 92
0 549.2 400.98 300 92
0 549.2 401.101 300 92
0 549.2 401.378 300 92
0 549.2 401.56 300 92
0 549.2 401.761 300 92
0 549.2 401.906 300 92
0 549.2 402.041 300 92
0 549.2 402.167 300 92
0 549.2 402.313 300 92
0 549.2 402.467 300 92
0 549.2 402.614 300 92
0 549.2 402.75 300 92
0 549.2 402.863 300 92
0 549.2 402.955 300 92
0 549.2 403.079 300 92
0 549.2 403.25 300 92
0 549.2 403.408 300 92
0 549.2 403.6 300 92
0 549.2 403.766 300 92
0 549.2 403.891 300 92
0 549.2 404.024 300 92
0 549.2 404.146 300 92
0 549.2 404.289 300 92
0 549.2 404.439 300 92
0 549.2 404.582 300 92
0 549.2 404.776 300 92
0 549.2 404.95 300 92
0 549.2 405.075 300 92
0 549.2 405.204 300 92
0 549.2 405.337 300 92
0 549.2 405.525 300 92
0 549.2 405.677 300 92
0 549.2 405.881 300 92
0 549.2 405.972 300 92
0 549.2 406.11 300 92
0 549.2 406.251 300 92
0 549.2 406.452 300 92
0 549.2 406.686 300 92
0 549.2 406.863 300 92
0 549.2 406.991 300 92
0 549.2 407.118 300 92
0 549.2 407.262 300 92
0 549.2 407.383 300 92
0 549.2 407.488 300 92
0 549.2 407.633 300 92
0 549.2 407.753 300 92
0 549.2 407.998 300 92
0 549.2 408.122 300 92
0 549.2 408.296 300 92
0 549.2 408.494 300 92
0 549.2 408.669 300 92
0 549.2 408.813 300 92
0 549.2 408.935 300 92
0 549.2 409.078 300 92
0 549.2 409.22 300 92
0 549.2 409.341 300 92
0 549.2 409.588 300 92
0 549.2 409.857 300 92
0 549.2 410.02 300 92
0 549.2 410.136 300 92
0 549.2 410.354 300 92
0 549.2 410.558 300 92
0 549.2 410.667 300 92
0 549.2 410.796 300 92
0 549.2 410.956 300 92
0 549.2 411.126 300 92
0 549.2 411.283 300 92
0 549.2 411.408 300 92
0 549.2 411.62 300 92
0 549.2 411.747 300 92
0 549.2 411.882 300 92
0 549.2 412.02 300 92
0 549.2 412.151 300 92
0 549.2 412.289 300 92
0 549.2 412.504 300 92
0 549.2 412.719 300 92
0 549.2 412.843 300 92
0 549.2 413.005 300 92
0 549.2 413.144 300 92
0 549.2 413.313 300 92
0 549.2 413.433 300 92
0 549.2 413.566 300 92
0 549.2 413.727 300 92
0 549.2 413.866 300 92
0 549.2 414.006 300 92
0 549.2 414.143 300 92
0 549.2 414.273 300 92
0 549.2 414.479 300 92
0 549.2 414.649 300 92
0 549.2 414.893 300 92
0 549.2 415.007 300 92
0 549.2 415.155 300 92
0 549.2 415.371 300 92
0 549.2 415.514 300 92
0 549.2 415.693 300 92
0 549.2 415.818 300 92
0 549.2 415.939 300 92
0 549.2 416.072 300 92
0 549.2 416.225 300 92
0 549.2 416.398 300 92
0 549.2 416.632 300 92
0 549.2 416.788 300 92
0 549.2 416.922 300 92
0 549.2 417.097 300 92
0 549.2 417.233 300 92
0 549.2 417.417 300 92
0 549.2 417.578 300 92
0 549.2 417.713 300 92
0 549.2 417.938 300 92
0 549.2 418.083 300 92
0 549.2 418.272 300 92
0 549.2 418.444 300 92
0 549.2 418.614 300 92
0 549.2 418.829 300 92
0 549.2 418.995 300 92
0 549.2 419.116 300 92
0 549.2 419.274 300 92
0 549.2 419.409 300 92
0 549.2 419.558 300 92
0 549.2 419.735 300 92
0 549.2 419.86 300 92
0 549.2 420.005 300 92
0 549.2 420.144 300 92
0 549.2 420.284 300 92
0 549.2 420.435 300 92
0 549.2 420.58 300 92
0 549.2 420.689 300 92
0 549.2 420.866 300 92
0 549.2 420.999 300 92
0 549.2 421.154 300 92
0 549.2 421.305 300 92
0 549.2 421.427 300 92
0 549.2 421.585 300 92
0 549.2 421.726 300 92
0 549.2 421.84 300 92
0 549.2 421.973 300 92
0 549.2 422.098 300 92
0 549.2 422.229 300 92
0 549.2 422.414 300 92
0 549.2 422.56 300 92
0 549.2 422.812 300 92
0 549.2 422.989 300 92
0 549.2 423.212 300 92
0 549.2 423.345 300 92
0 549.2 423.493 300 92
0 549.2 423.576 300 92
0 549.2 423.711 300 92
0 549.2 423.829 300 92
0 549.2 423.956 300 92
0 549.2 424.049 300 92
0 549.2 424.177 300 92
0 549.2 424.315 300 92
0 549.2 424.483 300 92
0 549.2 424.67 300 92
0 549.2 424.829 300 92
0 549.2 425.004 300 92
0 549.2 425.144 300 92
0 549.2 425.272 300 92
0 549.2 425.492 300 92
0 549.2 425.727 300 92
0 549.2 425.851 300 92
0 549.2 425.982 300 92
0 549.2 426.135 300 92
0 549.2 426.273 300 92
0 549.2 426.432 300 92
0 549.2 426.537 300 92
0 549.2 426.653 300 92
0 549.2 426.777 300 92
0 549.2 426.995 300 92
0 549.2 427.178 300 92
0 549.2 427.413 300 92
0 549.2 427.534 300 92
0 549.2 427.656 300 92
0 549.2 427.787 300 92
0 549.2 427.94 300 92
0 549.2 428.076 300 92
0 549.2 428.245 300 92
0 549.2 428.349 300 92
0 549.2 428.484 300 92
0 549.2 428.65 300 92
0 549.2 428.772 300 92
0 549.2 428.902 300 92
0 549.2 429.071 300 92
0 549.2 429.201 300 92
0 549.2 429.329 300 92
0 549.2 429.509 300 92
0 549.2 429.632 300 92
0 549.2 429.759 300 92
0 549.2 429.899 300 92
0 549.2 430.124 300 92
0 549.2 430.253 300 92
0 549.2 430.402 300 92
0 549.2 430.553 300 92
0 549.2 430.699 300 92
0 549.2 430.801 300 92
0 549.2 430.928 300 92
0 549.2 431.082 300 92
0 549.2 431.233 300 92
0 549.2 431.357 300 92
0 549.2 431.492 300 92
0 549.2 431.63 300 92
0 549.2 431.774 300 92
0 549.2 431.899 300 92
0 549.2 432.043 300 92
0 549.2 432.167 300 92
0 549.2 432.301 300 92
0 549.2 432.467 300 92
0 549.2 432.638 300 92
0 549.2 432.853 300 92
0 549.2 432.993 300 92
0 549.2 433.132 300 92
0 549.2 433.247 300 92
0 549.2 433.343 300 92
0 549.2 433.483 300 92
0 549.2 433.653 300 92
0 549.2 433.827 300 92
0 549.2 433.973 300 92
0 549.2 434.111 300 92
0 549.2 434.272 300 92
0 549.2 434.396 300 92
0 549.2 434.501 300 92
0 549.2 434.768 300 92
0 549.2 434.918 300 92
0 549.2 435.066 300 92
0 549.2 435.203 300 92
0 549.2 435.334 300 92
0 549.2 435.531 300 92
0 549.2 435.661 300 92
0 549.2 435.857 300 92
0 549.2 435.946 300 92
0 549.2 436.193 300 92
0 549.2 436.323 300 92
0 549.2 436.409 300 92
0 549.2 436.537 300 92
0 549.2 436.663 300 92
0 549.2 436.77 300 92
0 549.2 436.835 300 92
0 549.2 436.97 300 92
0 549.2 437.073 300 92
0 549.2 437.169 300 92
0 549.2 437.279 300 92
0 549.2 437.363 300 92
0 549.2 437.446 300 92
0 549.2 437.548 300 92
0 549.2 437.62 300 92
0 549.2 437.75 300 92
0 549.2 437.897 300 92
0 549.2 437.982 300 92
0 549.2 438.07 300 92
0 549.2 438.171 300 92
0 549.2 438.247 300 92
0 549.2 438.341 300 92
0 549.2 438.422 300 92
0 549.2 438.501 300 92
0 549.2 438.641 300 92
0 549.2 438.778 300 92
0 549.2 438.906 300 92
0 549.2 439.111 300 92
0 549.2 439.263 300 92
0 549.2 439.393 300 92
0 549.2 439.533 300 92
0 549.2 439.661 300 92
0 549.2 439.827 300 92
0 549.2 439.968 300 92
0 549.2 440.114 300 92
0 549.2 440.322 300 92
0 549.2 440.471 300 92
0 549.2 440.618 300 92
0 549.2 440.83 300 92
0 549.2 441.012 300 92
0 549.2 441.145 300 92
0 549.2 441.299 300 92
0 549.2 441.416 300 92
0 549.2 441.624 300 92
0 549.2 441.758 300 92
0 549.2 441.895 300 92
0 549.2 442.032 300 92
0 549.2 442.159 300 92
0 549.2 442.283 300 92
0 549.2 442.413 300 92
0 549.2 442.541 300 92
0 549.2 442.702 300 92
0 549.2 442.85 300 92
0 549.2 442.98 300 92
0 549.2 443.116 300 92
0 549.2 443.27 300 92
0 549.2 443.349 300 92
0 549.2 443.48 300 92
0 549.2 443.562 300 92
0 549.2 443.721 300 92
0 549.2 443.86 300 92
0 549.2 443.949 300 92
0 549.2 444.072 300 92
0 549.2 444.201 300 92
0 549.2 444.338 300 92
0 549.2 444.496 300 92
0 549.2 444.628 300 92
0 549.2 444.835 300 92
0 549.2 445.05 300 92
0 549.2 445.184 300 92
0 549.2 445.313 300 92
0 549.2 445.476 300 92
0 549.2 445.675 300 92
0 549.2 445.806 300 92
0 549.2 445.977 300 92
0 549.2 446.251 300 92
0 549.2 446.407 300 92
0 549.2 446.564 300 92
0 549.2 446.722 300 92
0 549.2 446.91 300 92
0 549.2 447.067 300 92
0 549.2 447.192 300 92
0 549.2 447.318 300 92
0 549.2 447.536 300 92
0 549.2 447.659 300 92
0 549.2 447.857 300 92
0 549.2 448.038 300 92
0 549.2 448.189 300 92
0 549.2 448.332 300 92
0 549.2 448.472 300 92
0 549.2 448.635 300 92
0 549.2 448.946 300 92
0 549.2 449.142 300 92
0 549.2 449.34 300 92
0 549.2 449.525 300 92
0 549.2 449.733 300 92
0 549.2 449.909 300 92
0 549.2 450.034 300 92
0 549.2 450.254 300 92
0 549.2 450.381 300 92
0 549.2 450.556 300 92
0 549.2 450.737 300 92
0 549.2 450.927 300 92
0 549.2 451.237 300 92
0 549.2 451.499 300 92
0 549.2 451.678 300 92
0 549.2 451.82 300 92
0 549.2 451.928 300 92
0 549.2 452.031 300 92
0 549.2 452.171 300 92
0 549.2 452.328 300 92
0 549.2 452.47 300 92
0 549.2 452.594 300 92
0 549.2 452.687 300 92
0 549.2 452.78 300 92
0 549.2 452.834 300 92
0 549.2 452.97 300 92
0 549.2 453.031 300 92
0 549.2 453.134 300 92
0 549.2 453.251 300 92
0 549.2 453.348 300 92
0 549.2 453.574 300 92
0 549.2 453.8 300 92
0 549.2 453.953 300 92
0 549.2 454.088 300 92
0 549.2 454.192 300 92
0 549.2 454.324 300 92
0 549.2 454.473 300 92
0 549.2 454.652 300 92
0 549.2 454.79 300 92
0 549.2 454.92 300 92
0 549.2 455.044 300 92
0 549.2 455.176 300 92
0 549.2 455.321 300 92
0 549.2 455.45 300 92
0 549.2 455.691 300 92
0 549.2 455.821 300 92
0 549.2 456.018 300 92
0 549.2 456.161 300 92
0 549.2 456.301 300 92
0 549.2 456.454 300 92
0 549.2 456.61 300 92
0 549.2 456.795 300 92
0 549.2 456.934 300 92
0 549.2 457.071 300 92
0 549.2 457.388 300 92
0 549.2 457.568 300 92
0 549.2 457.693 300 92
0 549.2 457.826 300 92
0 549.2 457.956 300 92
0 549.2 458.09 300 92
0 549.2 458.206 300 92
0 549.2 458.32 300 92
0 549.2 458.459 300 92
0 549.2 458.612 300 92
0 549.2 458.864 300 92
0 549.2 459.02 300 92
0 549.2 459.146 300 92
0 549.2 459.283 300 92
0 549.2 459.465 300 92
0 549.2 459.626 300 92
0 549.2 459.752 300 92
0 549.2 459.936 300 92
0 549.2 460.062 300 92
0 549.2 460.193 300 92
0 549.2 460.328 300 92
0 549.2 460.449 300 92
0 549.2 460.687 300 92
0 549.2 460.826 300 92
0 549.2 460.97 300 92
0 549.2 461.094 300 92
0 549.2 461.217 300 92
0 549.2 461.356 300 92
0 549.2 461.521 300 92
0 549.2 461.68 300 92
0 549.2 461.86 300 92
0 549.2 461.991 300 92
0 549.2 462.133 300 92
0 549.2 462.367 300 92
0 549.2 462.544 300 92
0 549.2 462.829 300 92
0 549.2 463.004 300 92
0 549.2 463.175 300 92
0 549.2 463.325 300 92
0 549.2 463.464 300 92
0 549.2 463.62 300 92
0 549.2 463.877 300 92
0 549.2 464.078 300 92
0 549.2 464.255 300 92
0 549.2 464.426 300 92
0 549.2 464.522 300 92
0 549.2 464.728 300 92
0 549.2 464.849 300 92
0 549.2 464.975 300 92
0 549.2 465.118 300 92
0 549.2 465.232 300 92
0 549.2 465.439 300 92
0 549.2 465.583 300 92
0 549.2 465.731 300 92
0 549.2 465.889 300 92
0 549.2 466.089 300 92
0 549.2 466.254 300 92
0 549.2 466.406 300 92
0 549.2 466.558 300 92
0 549.2 466.72 300 92
0 549.2 466.945 300 92
0 549.2 467.155 300 92
0 549.2 467.285 300 92
0 549.2 467.44 300 92
0 549.2 467.637 300 92
0 549.2 467.815 300 92
0 549.2 467.937 300 92
0 549.2 468.064 300 92
0 549.2 468.205 300 92
0 549.2 468.321 300 92
0 549.2 468.454 300 92
0 549.2 468.57 300 92
0 549.2 468.694 300 92
0 549.2 468.91 300 92
0 549.2 469.052 300 92
0 549.2 469.176 300 92
0 549.2 469.335 300 92
0 549.2 469.47 300 92
0 549.2 469.584 300 92
0 549.2 469.7 300 92
0 549.2 469.841 300 92
0 549.2 469.963 300 92
0 549.2 470.124 300 92
0 549.2 470.23 300 92
0 549.2 470.313 300 92
0 549.2 470.405 300 92
0 549.2 470.502 300 92
0 549.2 470.663 300 92
0 549.2 470.777 300 92
0 549.2 470.861 300 92
0 549.2 470.952 300 92
0 549.2 471.018 300 92
0 549.2 471.119 300 92
0 549.2 471.236 300 92
0 549.2 471.324 300 92
0 549.2 471.413 300 92
0 549.2 471.51 300 92
0 549.2 471.639 300 92
0 549.2 471.74 300 92
0 549.2 471.831 300 92
0 549.2 471.925 300 92
0 549.2 472.022 300 92
0 549.2 472.112 300 92
0 549.2 472.199 300 92
0 549.2 472.329 300 92
0 549.2 472.449 300 92
0 549.2 472.54 300 92
0 549.2 472.632 300 92
0 549.2 472.736 300 92
0 549.2 472.835 300 92
0 549.2 472.957 300 92
0 549.2 473.065 300 92
0 549.2 473.202 300 92
0 549.2 473.349 300 92
0 549.2 473.517 300 92
0 549.2 473.655 300 92
0 549.2 473.797 300 92
0 549.2 473.952 300 92
0 549.2 474.073 300 92
0 549.2 474.21 300 92
0 549.2 474.336 300 92
0 549.2 474.473 300 92
0 549.2 474.635 300 92
0 549.2 474.754 300 92
0 549.2 475.035 300 92
0 549.2 475.163 300 92
0 549.2 475.289 300 92
0 549.2 475.416 300 92
0 549.2 475.553 300 92
0 549.2 475.771 300 92
0 549.2 475.911 300 92
0 549.2 476.046 300 92
0 549.2 476.174 300 92
0 549.2 476.354 300 92
0 549.2 476.489 300 92
0 549.2 476.634 300 92
0 549.2 476.789 300 92
0 549.2 476.93 300 92
0 549.2 477.06 300 92
0 549.2 477.188 300 92
0 549.2 477.275 300 92
0 549.2 477.41 300 92
0 549.2 477.547 300 92
0 549.2 477.679 300 92
0 549.2 477.796 300 92
0 549.2 477.927 300 92
0 549.2 478.039 300 92
0 549.2 478.218 300 92
0 549.2 478.352 300 92
0 549.2 478.505 300 92
0 549.2 478.633 300 92
0 549.2 478.751 300 92
0 549.2 478.87 300 92
0 549.2 478.988 300 92
0 549.2 479.098 300 92
0 549.2 479.26 300 92
0 549.2 479.421 300 92
0 549.2 479.536 300 92
0 549.2 479.798 300 92
0 549.2 479.931 300 92
0 549.2 480.144 300 92
0 549.2 480.336 300 92
0 549.2 480.481 300 92
0 549.2 480.658 300 92
0 549.2 480.765 300 92
0 549.2 480.968 300 92
0 549.2 481.091 300 92
0 549.2 481.266 300 92
0 549.2 481.408 300 92
0 549.2 481.637 300 92
0 549.2 481.807 300 92
0 549.2 482.035 300 92
0 549.2 482.171 300 92
0 549.2 482.291 300 92
0 549.2 482.44 300 92
0 549.2 482.568 300 92
0 549.2 482.78 300 92
0 549.2 482.914 300 92
0 549.2 483.033 300 92
0 549.2 483.169 300 92
0 549.2 483.3 300 92
0 549.2 483.45 300 92
0 549.2 483.61 300 92
0 549.2 483.746 300 92
0 549.2 483.873 300 92
0 549.2 484.079 300 92
0 549.2 484.212 300 92
0 549.2 484.43 300 92
0 549.2 484.568 300 92
0 549.2 484.751 300 92
0 549.2 484.904 300 92
0 549.2 485.034 300 92
0 549.2 485.173 300 92
0 549.2 485.305 300 92
0 549.2 485.384 300 92
0 549.2 485.477 300 92
0 549.2 485.571 300 92
0 549.2 485.668 300 92
0 549.2 485.769 300 92
0 549.2 485.888 300 92
0 549.2 486.015 300 92
0 549.2 486.13 300 92
0 549.2 486.212 300 92
0 549.2 486.299 300 92
0 549.2 486.39 300 92
0 549.2 486.486 300 92
0 549.2 486.567 300 92
0 549.2 486.657 300 92
0 549.2 486.755 300 92
0 549.2 486.835 300 92
0 549.2 486.928 300 92
0 549.2 487.044 300 92
0 549.2 487.134 300 92
0 549.2 487.213 300 92
0 549.2 487.297 300 92
0 549.2 487.375 300 92
0 549.2 487.467 300 92
0 549.2 487.584 300 92
0 549.2 487.696 300 92
0 549.2 487.785 300 92
0 549.2 487.891 300 92
0 549.2 488.002 300 92
0 549.2 488.091 300 92
0 549.2 488.207 300 92
0 549.2 488.309 300 92
0 549.2 488.41 300 92
0 549.2 488.497 300 92
0 549.2 488.589 300 92
0 549.2 488.681 300 92
0 549.2 488.769 300 92
0 549.2 488.866 300 92
0 549.2 488.958 300 92
0 549.2 489.048 300 92
0 549.2 489.167 300 92
0 549.2 489.255 300 92
0 549.2 489.354 300 92
0 549.2 489.507 300 92
0 549.2 489.747 300 92
0 549.2 489.887 300 92
0 549.2 490.008 300 92
0 549.2 490.17 300 92
0 549.2 490.375 300 92
0 549.2 490.493 300 92
0 549.2 490.594 300 92
0 549.2 490.678 300 92
0 549.2 490.796 300 92
0 549.2 490.974 300 92
0 549.2 491.15 300 92
0 549.2 491.279 300 92
0 549.2 491.405 300 92
0 549.2 491.559 300 92
0 549.2 491.645 300 92
0 549.2 491.783 300 92
0 549.2 491.927 300 92
0 549.2 492.04 300 92
0 549.2 492.209 300 92
0 549.2 492.348 300 92
0 549.2 492.489 300 92
0 549.2 492.585 300 92
0 549.2 492.718 300 92
0 549.2 492.846 300 92
0 549.2 492.981 300 92
0 549.2 493.108 300 92
0 549.2 493.243 300 92
0 549.2 493.381 300 92
0 549.2 493.526 300 92
0 549.2 493.669 300 92
0 549.2 494.02 300 92
0 549.2 494.147 300 92
0 549.2 494.351 300 92
0 549.2 494.535 300 92
0 549.2 494.682 300 92
0 549.2 494.873 300 92
0 549.2 495.011 300 92
0 549.2 495.141 300 92
0 549.2 495.274 300 92
0 549.2 495.445 300 92
0 549.2 495.603 300 92
0 549.2 495.723 300 92
0 549.2 495.855 300 92
0 549.2 496.089 300 92
0 549.2 496.226 300 92
0 549.2 496.363 300 92
0 549.2 496.493 300 92
0 549.2 496.636 300 92
0 549.2 496.772 300 92
0 549.2 496.908 300 92
0 549.2 497.045 300 92
0 549.2 497.304 300 92
0 549.2 497.443 300 92
0 549.2 497.576 300 92
0 549.2 497.752 300 92
0 549.2 497.888 300 92
0 549.2 498.028 300 92
0 549.2 498.141 300 92
0 549.2 498.268 300 92
0 549.2 498.346 300 92
0 549.2 498.483 300 92
0 549.2 498.626 300 92
0 549.2 498.755 300 92
0 549.2 498.903 300 92
0 549.2 499.05 300 92
0 549.2 499.201 300 92
0 549.2 499.43 300 92
0 549.2 499.585 300 92
0 549.2 499.726 300 92
0 549.2 499.872 300 92
0 549.2 500.021 300 92
0 549.2 500.216 300 92
0 549.2 500.361 300 92
0 549.2 500.535 300 92
0 549.2 500.684 300 92
0 549.2 500.838 300 92
0 549.2 500.963 300 92
0 549.2 501.088 300 92
0 549.2 501.204 300 92
0 549.2 501.334 300 92
0 549.2 501.427 300 92
0 549.2 501.544 300 92
0 549.2 501.672 300 92
0 549.2 501.792 300 92
0 549.2 501.927 300 92
0 549.2 502.068 300 92
0 549.2 502.238 300 92
0 549.2 502.457 300 92
0 549.2 502.677 300 92
0 549.2 502.802 300 92
0 549.2 502.925 300 92
0 549.2 503.054 300 92
0 549.2 503.276 300 92
0 549.2 503.412 300 92
0 549.2 503.538 300 92
0 549.2 503.719 300 92
0 549.2 503.966 300 92
0 549.2 504.097 300 92
0 549.2 504.193 300 92
0 549.2 504.329 300 92
0 549.2 504.473 300 92
0 549.2 504.614 300 92
0 549.2 504.751 300 92
0 549.2 504.864 300 92
0 549.2 505.04 300 92
0 549.2 505.196 300 92
0 549.2 505.382 300 92
0 549.2 505.514 300 92
0 549.2 505.648 300 92
0 549.2 505.773 300 92
0 549.2 505.974 300 92
0 549.2 506.112 300 92
0 549.2 506.231 300 92
0 549.2 506.361 300 92
0 549.2 506.555 300 92
0 549.2 506.723 300 92
0 549.2 506.872 300 92
0 549.2 507.036 300 92
0 549.2 507.247 300 92
0 549.2 507.421 300 92
0 549.2 507.586 300 92
0 549.2 507.742 300 92
0 549.2 507.878 300 92
0 549.2 508.026 300 92
0 549.2 508.153 300 92
0 549.2 508.517 300 92
0 549.2 508.647 300 92
0 549.2 508.782 300 92
0 549.2 508.912 300 92
0 549.2 509.049 300 92
0 549.2 509.169 300 92
0 549.2 509.35 300 92
0 549.2 509.503 300 92
0 549.2 509.634 300 92
0 549.2 509.779 300 92
0 549.2 509.872 300 92
0 549.2 509.984 300 92
0 549.2 510.135 300 92
0 549.2 510.259 300 92
0 549.2 510.401 300 92
0 549.2 510.62 300 92
0 549.2 510.806 300 92
0 549.2 510.95 300 92
0 549.2 511.167 300 92
0 549.2 511.292 300 92
0 549.2 511.54 300 92
0 549.2 511.737 300 92
0 549.2 511.86 300 92
0 549.2 511.981 300 92
0 549.2 512.089 300 92
0 549.2 512.167 300 92
0 549.2 512.294 300 92
0 549.2 512.422 300 92
0 549.2 512.556 300 92
0 549.2 512.696 300 92
0 549.2 512.846 300 92
0 549.2 512.933 300 92
0 549.2 513.016 300 92
0 549.2 513.115 300 92
0 549.2 513.214 300 92
0 549.2 513.336 300 92
0 549.2 513.51 300 92
0 549.2 513.654 300 92
0 549.2 513.801 300 92
0 549.2 513.96 300 92
0 549.2 514.093 300 92
0 549.2 514.211 300 92
0 549.2 514.394 300 92
0 549.2 514.529 300 92
0 549.2 514.625 300 92
0 549.2 514.823 300 92
0 549.2 514.961 300 92
0 549.2 515.103 300 92
0 549.2 515.216 300 92
0 549.2 515.428 300 92
0 549.2 515.641 300 92
0 549.2 515.767 300 92
0 549.2 515.93 300 92
0 549.2 516.059 300 92
0 549.2 516.205 300 92
0 549.2 516.38 300 92
0 549.2 516.499 300 92
0 549.2 516.641 300 92
0 549.2 516.84 300 92
0 549.2 516.927 300 92
0 549.2 517.044 300 92
0 549.2 517.254 300 92
0 549.2 517.463 300 92
0 549.2 517.661 300 92
0 549.2 517.794 300 92
0 549.2 517.99 300 92
0 549.2 518.206 300 92
0 549.2 518.333 300 92
0 549.2 518.589 300 92
0 549.2 518.729 300 92
0 549.2 518.853 300 92
0 549.2 519.076 300 92
0 549.2 519.21 300 92
0 549.2 519.347 300 92
0 549.2 519.483 300 92
0 549.2 519.648 300 92
0 549.2 519.885 300 92
0 549.2 520.006 300 92
0 549.2 520.149 300 92
0 549.2 520.272 300 92
0 549.2 520.424 300 92
0 549.2 520.562 300 92
0 549.2 520.719 300 92
0 549.2 520.857 300 92
0 549.2 521.063 300 92
0 549.2 521.266 300 92
0 549.2 521.419 300 92
0 549.2 521.547 300 92
0 549.2 521.676 300 92
0 549.2 521.803 300 92
0 549.2 521.981 300 92
0 549.2 522.128 300 92
0 549.2 522.246 300 92
0 549.2 522.37 300 92
0 549.2 522.469 300 92
0 549.2 522.521 300 92
0 549.2 522.607 300 92
0 549.2 522.74 300 92
0 549.2 522.829 300 92
0 549.2 522.925 300 92
0 549.2 523.01 300 92
0 549.2 523.143 300 92
0 549.2 523.229 300 92
0 549.2 523.312 300 92
0 549.2 523.397 300 92
0 549.2 523.491 300 92
0 549.2 523.579 300 92
0 549.2 523.674 300 92
0 549.2 523.781 300 92
0 549.2 523.924 300 92
0 549.2 524.107 300 92
0 549.2 524.224 300 92
0 549.2 524.378 300 92
0 549.2 524.501 300 92
0 549.2 524.624 300 92
0 549.2 524.783 300 92
0 549.2 524.921 300 92
0 549.2 525.044 300 92
0 549.2 525.161 300 92
0 549.2 525.29 300 92
0 549.2 525.512 300 92
0 549.2 525.645 300 92
0 549.2 525.792 300 92
0 549.2 525.922 300 92
0 549.2 526.152 300 92
0 549.2 526.344 300 92
0 549.2 526.498 300 92
0 549.2 526.629 300 92
0 549.2 526.785 300 92
0 549.2 526.949 300 92
0 549.2 527.104 300 92
0 549.2 527.279 300 92
0 549.2 527.415 300 92
0 549.2 527.554 300 92
0 549.2 527.777 300 92
0 549.2 527.924 300 92
0 549.2 528.076 300 92
0 549.2 528.296 300 92
0 549.2 528.448 300 92
0 549.2 528.57 300 92
0 549.2 528.708 300 92
0 549.2 528.841 300 92
0 549.2 528.977 300 92
0 549.2 529.096 300 92
0 549.2 529.293 300 92
0 549.2 529.41 300 92
0 549.2 529.523 300 92
0 549.2 529.616 300 92
0 549.2 529.748 300 92
0 549.2 529.881 300 92
0 549.2 530.011 300 92
0 549.2 530.157 300 92
0 549.2 530.294 300 92
0 549.2 530.448 300 92
0 549.2 530.586 300 92
0 549.2 530.736 300 92
0 549.2 530.862 300 92
0 549.2 530.989 300 92
0 549.2 531.141 300 92
0 549.2 531.288 300 92
0 549.2 531.418 300 92
0 549.2 531.611 300 92
0 549.2 531.768 300 92
0 549.2 531.941 300 92
0 549.2 532.097 300 92
0 549.2 532.308 300 92
0 549.2 532.409 300 92
0 549.2 532.612 300 92
0 549.2 532.746 300 92
0 549.2 532.858 300 92
0 549.2 533.015 300 92
0 549.2 533.157 300 92
0 549.2 533.291 300 92
0 549.2 533.598 300 92
0 549.2 533.734 300 92
0 549.2 533.874 300 92
0 549.2 533.997 300 92
0 549.2 534.167 300 92
0 549.2 534.331 300 92
0 549.2 534.456 300 92
0 549.2 534.552 300 92
0 549.2 534.73 300 92
0 549.2 534.85 300 92
0 549.2 534.925 300 92
0 549.2 535.148 300 92
0 549.2 535.331 300 92
0 549.2 535.479 300 92
0 549.2 535.614 300 92
0 549.2 535.792 300 92
0 549.2 535.923 300 92
0 549.2 536.161 300 92
0 549.2 536.304 300 92
0 549.2 536.48 300 92
0 549.2 536.575 300 92
0 549.2 536.724 300 92
0 549.2 536.866 300 92
0 549.2 536.994 300 92
0 549.2 537.144 300 92
0 549.2 537.312 300 92
0 549.2 537.454 300 92
0 549.2 537.686 300 92
0 549.2 537.821 300 92
0 549.2 538.147 300 92
0 549.2 538.334 300 92
0 549.2 538.517 300 92
0 549.2 538.705 300 92
0 549.2 538.843 300 92
0 549.2 538.969 300 92
0 549.2 539.11 300 92
0 549.2 539.295 300 92
0 549.2 539.48 300 92
0 549.2 539.617 300 92
0 549.2 539.841 300 92
0 549.2 540.024 300 92
0 549.2 540.202 300 92
0 549.2 540.416 300 92
0 549.2 540.551 300 92
0 549.2 540.703 300 92
0 549.2 540.822 300 92
0 549.2 540.969 300 92
0 549.2 541.102 300 92
0 549.2 541.241 300 92
0 549.2 541.37 300 92
0 549.2 541.682 300 92
0 549.2 541.868 300 92
0 549.2 542.024 300 92
0 549.2 542.241 300 92
0 549.2 542.414 300 92
0 549.2 542.565 300 92
0 549.2 542.657 300 92
0 549.2 542.894 300 92
0 549.2 543.022 300 92
0 549.2 543.184 300 92
0 549.2 543.276 300 92
0 549.2 543.397 300 92
0 549.2 543.54 300 92
0 549.2 543.758 300 92
0 549.2 543.94 300 92
0 549.2 544.026 300 92
0 549.2 544.15 300 92
0 549.2 544.259 300 92
0 549.2 544.433 300 92
0 549.2 544.581 300 92
0 549.2 544.83 300 92
0 549.2 544.968 300 92
0 549.2 545.058 300 92
0 549.2 545.2 300 92
0 549.2 545.398 300 92
0 549.2 545.548 300 92
0 549.2 545.679 300 92
0 549.2 545.821 300 92
0 549.2 545.959 300 92
0 549.2 546.161 300 92
0 549.2 546.289 300 92
0 549.2 546.42 300 92
0 549.2 546.614 300 92
0 549.2 546.763 300 92
0 549.2 546.974 300 92
0 549.2 547.162 300 92
0 549.2 547.308 300 92
0 549.2 547.571 300 92
0 549.2 547.706 300 92
0 549.2 547.845 300 92
0 549.2 547.957 300 92
0 549.2 548.093 300 92
0 549.2 548.276 300 92
0 549.2 548.466 300 92
0 549.2 548.665 300 92
0 549.2 548.807 300 92
0 549.2 549.016 300 92
0 549.2 549.151 300 92
0 549.2 549.279 300 92
0 549.2 549.421 300 92
0 549.2 549.531 300 92
0 549.2 549.662 300 92
0 549.2 549.781 300 92
0 549.2 549.899 300 92
0 549.2 550.085 300 92
0 549.2 550.215 300 92
0 549.2 550.446 300 92
0 549.2 550.578 300 92
0 549.2 550.728 300 92
0 549.2 550.955 300 92
0 549.2 551.096 300 92
0 549.2 551.217 300 92
0 549.2 551.343 300 92
0 549.2 551.522 300 92
0 549.2 551.668 300 92
0 549.2 551.869 300 92
0 549.2 551.963 300 92
0 549.2 552.109 300 92
0 549.2 552.249 300 92
0 549.2 552.377 300 92
0 549.2 552.523 300 92
0 549.2 552.654 300 92
0 549.2 552.792 300 92
0 549.2 552.94 300 92
0 549.2 553.081 300 92
0 549.2 553.177 300 92
0 549.2 553.367 300 92
0 549.2 553.544 300 92
0 549.2 553.7 300 92
0 549.2 553.828 300 92
0 549.2 553.971 300 92
0 549.2 554.113 300 92
0 549.2 554.263 300 92
0 549.2 554.394 300 92
0 549.2 554.538 300 92
0 549.2 554.666 300 92
0 549.2 554.812 300 92
0 549.2 554.937 300 92
0 549.2 555.204 300 92
0 549.2 555.337 300 92
0 549.2 555.484 300 92
0 549.2 555.592 300 92
0 549.2 555.728 300 92
0 549.2 555.862 300 92
0 549.2 555.979 300 92
0 549.2 556.088 300 92
0 549.2 556.178 300 92
0 549.2 556.267 300 92
0 549.2 556.371 300 92
0 549.2 556.462 300 92
0 549.2 556.551 300 92
0 549.2 556.68 300 92
0 549.2 556.942 300 92
0 549.2 557.094 300 92
0 549.2 557.19 300 92
0 549.2 557.28 300 92
0 549.2 557.377 300 92
0 549.2 557.454 300 92
0 549.2 557.576 300 92
0 549.2 557.665 300 92
0 549.2 557.747 300 92
0 549.2 557.844 300 92
0 549.2 557.944 300 92
0 549.2 558.004 300 92
0 549.2 558.134 300 92
0 549.2 558.275 300 92
0 549.2 558.405 300 92
0 549.2 558.546 300 92
0 549.2 558.64 300 92
0 549.2 558.785 300 92
0 549.2 558.914 300 92
0 549.2 559.045 300 92
0 549.2 559.166 300 92
0 549.2 559.28 300 92
0 549.2 559.398 300 92
0 549.2 559.528 300 92
0 549.2 559.662 300 92
0 549.2 559.788 300 92
0 549.2 559.927 300 92
0 549.2 560.058 300 92
0 549.2 560.194 300 92
0 549.2 560.281 300 92
0 549.2 560.425 300 92
0 549.2 560.557 300 92
0 549.2 560.672 300 92
0 549.2 560.818 300 92
0 549.2 560.904 300 92
0 549.2 561.076 300 92
0 549.2 561.211 300 92
0 549.2 561.307 300 92
0 549.2 561.458 300 92
0 549.2 561.592 300 92
0 549.2 561.718 300 92
0 549.2 561.857 300 92
0 549.2 562.003 300 92
0 549.2 562.156 300 92
0 549.2 562.307 300 92
0 549.2 562.581 300 92
0 549.2 562.718 300 92
0 549.2 562.867 300 92
0 549.2 563.081 300 92
0 549.2 563.285 300 92
0 549.2 563.498 300 92
0 549.2 563.694 300 92
0 549.2 563.83 300 92
0 549.2 564.039 300 92
0 549.2 564.164 300 92
0 549.2 564.25 300 92
0 549.2 564.381 300 92
0 549.2 564.497 300 92
0 549.2 564.643 300 92
0 549.2 564.832 300 92
0 549.2 565.01 300 92
0 549.2 565.157 300 92
0 549.2 565.286 300 92
0 549.2 565.417 300 92
0 549.2 565.597 300 92
0 549.2 565.737 300 92
0 549.2 565.881 300 92
0 549.2 566.05 300 92
0 549.2 566.188 300 92
0 549.2 566.393 300 92
0 549.2 566.62 300 92
0 549.2 566.748 300 92
0 549.2 566.922 300 92
0 549.2 567.155 300 92
0 549.2 567.337 300 92
0 549.2 567.461 300 92
0 549.2 567.589 300 92
0 549.2 567.711 300 92
0 549.2 567.852 300 92
0 549.2 567.983 300 92
0 549.2 568.155 300 92
0 549.2 568.296 300 92
0 549.2 568.471 300 92
0 549.2 568.676 300 92
0 549.2 568.852 300 92
0 549.2 568.988 300 92
0 549.2 569.134 300 92
0 549.2 569.276 300 92
0 549.2 569.411 300 92
0 549.2 569.534 300 92
0 549.2 569.682 300 92
0 549.2 569.815 300 92
0 549.2 569.957 300 92
0 549.2 570.145 300 92
0 549.2 570.304 300 92
0 549.2 570.456 300 92
0 549.2 570.633 300 92
0 549.2 570.756 300 92
0 549.2 570.939 300 92
0 549.2 571.075 300 92
0 549.2 571.232 300 92
0 549.2 571.401 300 92
0 549.2 571.531 300 92
0 549.2 571.616 300 92
0 549.2 571.702 300 92
0 549.2 571.8 300 92
0 549.2 571.901 300 92
0 549.2 572.01 300 92
0 549.2 572.263 300 92
0 549.2 572.401 300 92
0 549.2 572.546 300 92
0 549.2 572.778 300 92
0 549.2 572.925 300 92
0 549.2 573.069 300 92
0 549.2 573.273 300 92
0 549.2 573.417 300 92
0 549.2 573.548 300 92
0 549.2 573.675 300 92
0 549.2 573.857 300 92
0 549.2 573.987 300 92
0 549.2 574.137 300 92
0 549.2 574.268 300 92
0 549.2 574.404 300 92
0 549.2 574.545 300 92
0 549.2 574.715 300 92
0 549.2 574.843 300 92
0 549.2 575.019 300 92
0 549.2 575.151 300 92
0 549.2 575.251 300 92
0 549.2 575.415 300 92
0 549.2 575.547 300 92
0 549.2 575.703 300 92
0 549.2 575.789 300 92
0 549.2 575.917 300 92
0 549.2 576.061 300 92
0 549.2 576.241 300 92
0 549.2 576.37 300 92
0 549.2 576.569 300 92
0 549.2 576.717 300 92
0 549.2 576.88 300 92
0 549.2 576.959 300 92
0 549.2 577.174 300 92
0 549.2 577.3 300 92
0 549.2 577.432 300 92
0 549.2 577.574 300 92
0 549.2 577.698 300 92
0 549.2 577.847 300 92
0 549.2 578.023 300 92
0 549.2 578.139 300 92
0 549.2 578.359 300 92
0 549.2 578.481 300 92
0 549.2 578.647 300 92
0 549.2 578.73 300 92
0 549.2 578.854 300 92
0 549.2 578.99 300 92
0 549.2 579.108 300 92
0 549.2 579.231 300 92
0 549.2 579.475 300 92
0 549.2 579.595 300 92
0 549.2 579.733 300 92
0 549.2 579.868 300 92
0 549.2 580.005 300 92
0 549.2 580.147 300 92
0 549.2 580.278 300 92
0 549.2 580.45 300 92
0 549.2 580.663 300 92
0 549.2 580.769 300 92
0 549.2 581.016 300 92
0 549.2 581.136 300 92
0 549.2 581.264 300 92
0 549.2 581.441 300 92
0 549.2 581.646 300 92
0 549.2 581.729 300 92
0 549.2 581.803 300 92
0 549.2 581.927 300 92
0 549.2 582.049 300 92
0 549.2 582.267 300 92
0 549.2 582.362 300 92
0 549.2 582.448 300 92
0 549.2 582.59 300 92
0 549.2 582.755 300 92
0 549.2 582.93 300 92
0 549.2 583.06 300 92
0 549.2 583.188 300 92
0 549.2 583.301 300 92
0 549.2 583.415 300 92
0 549.2 583.53 300 92
0 549.2 583.645 300 92
0 549.2 583.798 300 92
0 549.2 583.992 300 92
0 549.2 584.126 300 92
0 549.2 584.314 300 92
0 549.2 584.485 300 92
0 549.2 584.62 300 92
0 549.2 584.75 300 92
0 549.2 584.854 300 92
0 549.2 584.969 300 92
0 549.2 585.1 300 92
0 549.2 585.227 300 92
0 549.2 585.357 300 92
0 549.2 585.463 300 92
0 549.2 585.594 300 92
0 549.2 585.749 300 92
0 549.2 585.899 300 92
0 549.2 586.017 300 92
0 549.2 586.182 300 92
0 549.2 586.336 300 92
0 549.2 586.507 300 92
0 549.2 586.64 300 92
0 549.2 586.806 300 92
0 549.2 586.945 300 92
0 549.2 587.084 300 92
0 549.2 587.237 300 92
0 549.2 587.386 300 92
0 549.2 587.583 300 92
0 549.2 587.763 300 92
0 549.2 587.841 300 92
0 549.2 587.961 300 92
0 549.2 588.045 300 92
0 549.2 588.164 300 92
0 549.2 588.4 300 92
0 549.2 588.564 300 92
0 549.2 588.695 300 92
0 549.2 588.832 300 92
0 549.2 589.048 300 92
0 549.2 589.265 300 92
0 549.2 589.395 300 92
0 549.2 589.555 300 92
0 549.2 589.701 300 92
0 549.2 589.832 300 92
0 549.2 589.982 300 92
0 549.2 590.109 300 92
0 549.2 590.235 300 92
0 549.2 590.389 300 92
0 549.2 590.571 300 92
0 549.2 590.763 300 92
0 549.2 590.942 300 92
0 549.2 591.319 300 92
0 549.2 591.508 300 92
0 549.2 591.673 300 92
0 549.2 591.804 300 92
0 549.2 591.934 300 92
0 549.2 592.062 300 92
0 549.2 592.209 300 92
0 549.2 592.378 300 92
0 549.2 592.485 300 92
0 549.2 592.567 300 92
0 549.2 592.629 300 92
0 549.2 592.716 300 92
0 549.2 592.808 300 92
0 549.2 592.926 300 92
0 549.2 593.023 300 92
0 549.2 593.114 300 92
0 549.2 593.228 300 92
0 549.2 593.384 300 92
0 549.2 593.466 300 92
0 549.2 593.594 300 92
0 549.2 593.679 300 92
0 549.2 593.758 300 92
0 549.2 593.84 300 92
0 549.2 593.927 300 92
0 549.2 594.081 300 92
0 549.2 594.197 300 92
0 549.2 594.277 300 92
0 549.2 594.355 300 92
0 549.2 594.434 300 92
0 549.2 594.52 300 92
0 549.2 594.612 300 92
0 549.2 594.759 300 92
0 549.2 594.838 300 92
0 549.2 594.959 300 92
0 549.2 595.174 300 92
0 549.2 595.258 300 92
0 549.2 595.403 300 92
0 549.2 595.546 300 92
0 549.2 595.66 300 92
0 549.2 595.934 300 92
0 549.2 596.109 300 92
0 549.2 596.273 300 92
0 549.2 596.44 300 92
0 549.2 596.617 300 92
0 549.2 596.802 300 92
0 549.2 596.893 300 92
0 549.2 597.031 300 92
0 549.2 597.234 300 92
0 549.2 597.367 300 92
0 549.2 597.496 300 92
0 549.2 597.633 300 92
0 549.2 597.77 300 92
0 549.2 597.892 300 92
0 549.2 598.032 300 92
0 549.2 598.147 300 92
0 549.2 598.268 300 92
0 549.2 598.458 300 92
0 549.2 598.605 300 92
0 549.2 598.729 300 92
0 549.2 598.908 300 92
0 549.2 599.057 300 92
0 549.2 599.148 300 92
0 549.2 599.414 300 92
0 549.2 599.572 300 92
0 549.2 599.825 300 92
0 549.2 600.03 300 92
0 549.2 600.263 300 92
0 549.2 600.384 300 92
0 549.2 600.518 300 92
0 549.2 600.628 300 92
0 549.2 600.781 300 92
0 549.2 600.923 300 92
0 549.2 601.052 300 92
0 549.2 601.272 300 92
0 549.2 601.401 300 92
0 549.2 601.528 300 92
0 549.2 601.623 300 92
0 549.2 601.822 300 92
0 549.2 602.034 300 92
0 549.2 602.219 300 92
0 549.2 602.358 300 92
0 549.2 602.523 300 92
0 549.2 602.708 300 92
0 549.2 602.854 300 92
0 549.2 603.018 300 92
0 549.2 603.148 300 92
0 549.2 603.262 300 92
0 549.2 603.406 300 92
0 549.2 603.533 300 92
0 549.2 603.758 300 92
0 549.2 603.89 300 92
0 549.2 604.019 300 92
0 549.2 604.16 300 92
0 549.2 604.313 300 92
0 549.2 604.435 300 92
0 549.2 604.609 300 92
0 549.2 604.759 300 92
0 549.2 604.966 300 92
0 549.2 605.089 300 92
0 549.2 605.256 300 92
0 549.2 605.397 300 92
0 549.2 605.517 300 92
0 549.2 605.743 300 92
0 549.2 605.862 300 92
0 549.2 606.049 300 92
0 549.2 606.201 300 92
0 549.2 606.38 300 92
0 549.2 606.606 300 92
0 549.2 606.763 300 92
0 549.2 606.997 300 92
0 549.2 607.251 300 92
0 549.2 607.413 300 92
0 549.2 607.558 300 92
0 549.2 607.723 300 92
0 549.2 607.871 300 92
0 549.2 608.086 300 92
0 549.2 608.34 300 92
0 549.2 608.469 300 92
0 549.2 608.58 300 92
0 549.2 608.72 300 92
0 549.2 608.863 300 92
0 549.2 608.993 300 92
0 549.2 609.126 300 92
0 549.2 609.268 300 92
0 549.2 609.387 300 92
0 549.2 609.565 300 92
0 549.2 609.685 300 92
0 549.2 609.866 300 92
0 549.2 609.96 300 92
0 549.2 610.061 300 92
0 549.2 610.208 300 92
0 549.2 610.316 300 92
0 549.2 610.498 300 92
0 549.2 610.603 300 92
0 549.2 610.693 300 92
0 549.2 610.794 300 92
0 549.2 610.885 300 92
0 549.2 610.987 300 92
0 549.2 611.143 300 92
0 549.2 611.267 300 92
0 549.2 611.413 300 92
0 549.2 611.571 300 92
0 549.2 611.758 300 92
0 549.2 611.898 300 92
0 549.2 612.052 300 92
0 549.2 612.192 300 92
0 549.2 612.484 300 92
0 549.2 612.578 300 92
0 549.2 612.724 300 92
0 549.2 612.854 300 92
0 549.2 612.99 300 92
0 549.2 613.113 300 92
0 549.2 613.245 300 92
0 549.2 613.426 300 92
0 549.2 613.558 300 92
0 549.2 613.767 300 92
0 549.2 613.957 300 92
0 549.2 614.147 300 92
0 549.2 614.322 300 92
0 549.2 614.555 300 92
0 549.2 614.826 300 92
0 549.2 614.959 300 92
0 549.2 615.12 300 92
0 549.2 615.233 300 92
0 549.2 615.347 300 92
0 549.2 615.484 300 92
0 549.2 615.62 300 92
0 549.2 615.758 300 92
0 549.2 615.906 300 92
0 549.2 616.085 300 92
0 549.2 616.276 300 92
0 549.2 616.428 300 92
0 549.2 616.563 300 92
0 549.2 616.694 300 92
0 549.2 616.812 300 92
0 549.2 617.014 300 92
0 549.2 617.154 300 92
0 549.2 617.245 300 92
0 549.2 617.4 300 92
0 549.2 617.552 300 92
0 549.2 617.641 300 92
0 549.2 617.729 300 92
0 549.2 617.885 300 92
0 549.2 617.98 300 92
0 549.2 618.252 300 92
0 549.2 618.375 300 92
0 549.2 618.564 300 92
0 549.2 618.735 300 92
0 549.2 618.888 300 92
0 549.2 619.022 300 92
0 549.2 619.203 300 92
0 549.2 619.376 300 92
0 549.2 619.523 300 92
0 549.2 619.735 300 92
0 549.2 619.878 300 92
0 549.2 620.066 300 92
0 549.2 620.186 300 92
0 549.2 620.336 300 92
0 549.2 620.556 300 92
0 549.2 620.731 300 92
0 549.2 620.937 300 92
0 549.2 621.089 300 92
0 549.2 621.28 300 92
0 549.2 621.463 300 92
0 549.2 621.591 300 92
0 549.2 621.778 300 92
0 549.2 621.909 300 92
0 549.2 622.109 300 92
0 549.2 622.235 300 92
0 549.2 622.5 300 92
0 549.2 622.625 300 92
0 549.2 622.811 300 92
0 549.2 622.94 300 92
0 549.2 623.129 300 92
0 549.2 623.326 300 92
0 549.2 623.519 300 92
0 549.2 623.739 300 92
0 549.2 623.981 300 92
0 549.2 624.122 300 92
0 549.2 624.26 300 92
0 549.2 624.396 300 92
0 549.2 624.615 300 92
0 549.2 624.767 300 92
0 549.2 624.915 300 92
0 549.2 625.141 300 92
0 549.2 625.316 300 92
0 549.2 625.53 300 92
0 549.2 625.688 300 92
0 549.2 625.836 300 93
0 549.2 626.031 300 93
0 549.2 626.211 300 93
0 549.2 626.33 300 93
0 549.2 626.497 300 93
0 549.2 626.589 300 93
0 549.2 626.808 300 93
0 549.2 626.974 300 93
0 549.2 627.102 300 93
0 549.2 627.23 300 93
0 549.2 627.367 300 93
0 549.2 627.587 300 93
0 549.2 627.787 300 93
0 549.2 628.065 300 93
0 549.2 628.331 300 93
0 549.2 628.523 300 93
0 549.2 628.656 300 93
0 549.2 628.799 300 93
0 549.2 628.931 300 93
0 549.2 629.183 300 93
0 549.2 629.358 300 93
0 549.2 629.496 300 93
0 549.2 629.606 300 93
0 549.2 629.728 300 93
0 549.2 629.855 300 93
0 549.2 629.945 300 93
0 549.2 630.069 300 93
0 549.2 630.216 300 93
0 549.2 630.347 300 93
0 549.2 630.467 300 93
0 549.2 630.635 300 93
0 549.2 630.763 300 93
0 549.2 630.894 300 93
0 549.2 631.022 300 93
0 549.2 631.149 300 93
0 549.2 631.443 300 93
0 549.2 631.618 300 93
0 549.2 631.738 300 93
0 549.2 631.856 300 93
0 549.2 631.989 300 93
0 549.2 632.136 300 93
0 549.2 632.271 300 93
0 549.2 632.396 300 93
0 549.2 632.528 300 93
0 549.2 632.67 300 93
0 549.2 632.838 300 93
0 549.2 632.979 300 93
0 549.2 633.104 300 93
0 549.2 633.262 300 93
0 549.2 633.408 300 93
0 549.2 633.536 300 93
0 549.2 633.608 300 93
0 549.2 633.745 300 93
0 549.2 633.898 300 93
0 549.2 634.14 300 93
0 549.2 634.315 300 93
0 549.2 634.44 300 93
0 549.2 634.567 300 93
0 549.2 634.77 300 93
0 549.2 634.964 300 93
0 549.2 635.25 300 93
0 549.2 635.412 300 93
0 549.2 635.58 300 93
0 549.2 635.74 300 93
0 549.2 635.925 300 93
0 549.2 636.157 300 93
0 549.2 636.317 300 93
0 549.2 636.59 300 93
0 549.2 636.751 300 93
0 549.2 636.994 300 93
0 549.2 637.204 300 93
0 549.2 637.377 300 93
0 549.2 637.589 300 93
0 549.2 637.738 300 93
0 549.2 637.884 300 93
0 549.2 638.059 300 93
0 549.2 638.22 300 93
0 549.2 638.442 300 93
0 549.2 638.601 300 93
0 549.2 638.776 300 93
0 549.2 638.952 300 93
0 549.2 639.238 300 93
0 549.2 639.41 300 93
0 549.2 639.716 300 93
0 549.2 639.894 300 93
0 549.2 640.072 300 93
0 549.2 640.296 300 93
0 549.2 640.491 300 93
0 549.2 640.826 300 93
0 549.2 640.988 300 93
0 549.2 641.207 300 93
0 549.2 641.417 300 93
0 549.2 641.571 300 93
0 549.2 641.757 300 93
0 549.2 642.006 300 93
0 549.2 642.2 300 93
0 549.2 642.361 300 93
0 549.2 642.535 300 93
0 549.2 642.712 300 93
0 549.2 642.828 300 93
0 549.2 643.007 300 93
0 549.2 643.178 300 93
0 549.2 643.348 300 93
0 549.2 643.511 300 93
0 549.2 643.682 300 93
0 549.2 643.867 300 93
0 549.2 644.051 300 93
0 549.2 644.169 300 93
0 549.2 644.278 300 93
0 549.2 644.425 300 93
0 549.2 644.641 300 93
0 549.2 644.783 300 93
0 549.2 645.156 300 93
0 549.2 645.256 300 93
0 549.2 645.477 300 93
0 549.2 645.643 300 93
0 549.2 645.822 300 93
0 549.2 646.112 300 93
0 549.2 646.277 300 93
0 549.2 646.443 300 93
0 549.2 646.619 300 93
0 549.2 646.73 300 93
0 549.2 647.011 300 93
0 549.2 647.125 300 93
0 549.2 647.342 300 93
0 549.2 647.438 300 93
0 549.2 647.671 300 93
0 549.2 647.931 300 93
0 549.2 648.158 300 93
0 549.2 648.346 300 93
0 549.2 648.519 300 93
0 549.2 648.63 300 93
0 549.2 648.809 300 93
0 549.2 649.051 300 93
0 549.2 649.292 300 93
0 549.2 649.482 300 93
0 549.2 649.648 300 93
0 549.2 649.832 300 93
0 549.2 649.961 300 93
0 549.2 650.092 300 93
0 549.2 650.23 300 93
0 549.2 650.363 300 93
0 549.2 650.492 300 93
0 549.2 650.643 300 93
0 549.2 650.771 300 93
0 549.2 651.031 300 93
0 549.2 651.164 300 93
0 549.2 651.313 300 93
0 549.2 651.5 300 93
0 549.2 651.637 300 93
0 549.2 651.823 300 93
0 549.2 651.972 300 93
0 549.2 652.103 300 93
0 549.2 652.325 300 93
0 549.2 652.459 300 93
0 549.2 652.583 300 93
0 549.2 652.708 300 93
0 549.2 652.843 300 93
0 549.2 652.975 300 93
0 549.2 653.213 300 93
0 549.2 653.355 300 93
0 549.2 653.484 300 93
0 549.2 653.697 300 93
0 549.2 653.82 300 93
0 549.2 654.011 300 93
0 549.2 654.132 300 93
0 549.2 654.298 300 93
0 549.2 654.496 300 93
0 549.2 654.628 300 93
0 549.2 654.765 300 93
0 549.2 654.887 300 93
0 549.2 655.029 300 93
0 549.2 655.19 300 93
0 549.2 655.343 300 93
0 549.2 655.47 300 93
0 549.2 655.602 300 93
0 549.2 655.79 300 93
0 549.2 655.9 300 93
0 549.2 656.067 300 93
0 549.2 656.197 300 93
0 549.2 656.384 300 93
0 549.2 656.514 300 93
0 549.2 656.594 300 93
0 549.2 656.713 300 93
0 549.2 656.936 300 93
0 549.2 657.096 300 93
0 549.2 657.239 300 93
0 549.2 657.428 300 93
0 549.2 657.597 300 93
0 549.2 657.727 300 93
0 549.2 657.867 300 93
0 549.2 657.973 300 93
0 549.2 658.101 300 93
0 549.2 658.23 300 93
0 549.2 658.38 300 93
0 549.2 658.528 300 93
0 549.2 658.752 300 93
0 549.2 658.968 300 93
0 549.2 659.151 300 93
0 549.2 659.333 300 93
0 549.2 659.503 300 93
0 549.2 659.663 300 93
0 549.2 659.903 300 93
0 549.2 660.057 300 93
0 549.2 660.338 300 93
0 549.2 660.539 300 93
0 549.2 660.805 300 93
0 549.2 660.968 300 93
0 549.2 661.191 300 93
0 549.2 661.349 300 93
0 549.2 661.504 300 93
0 549.2 661.59 300 93
0 549.2 661.668 300 93
0 549.2 661.761 300 93
0 549.2 661.861 300 93
0 549.2 661.993 300 93
0 549.2 662.116 300 93
0 549.2 662.202 300 93
0 549.2 662.36 300 93
0 549.2 662.452 300 93
0 549.2 662.591 300 93
0 549.2 662.736 300 93
0 549.2 662.874 300 93
0 549.2 663.008 300 93
0 549.2 663.136 300 93
0 549.2 663.285 300 93
0 549.2 663.469 300 93
0 549.2 663.594 300 93
0 549.2 663.729 300 93
0 549.2 663.859 300 93
0 549.2 663.987 300 93
0 549.2 664.105 300 93
0 549.2 664.196 300 93
0 549.2 664.296 300 93
0 549.2 664.375 300 93
0 549.2 664.503 300 93
0 549.2 664.629 300 93
0 549.2 664.715 300 93
0 549.2 664.808 300 93
0 549.2 664.911 300 93
0 549.2 665.003 300 93
0 549.2 665.132 300 93
0 549.2 665.253 300 93
0 549.2 665.343 300 93
0 549.2 665.433 300 93
0 549.2 665.528 300 93
0 549.2 665.625 300 93
0 549.2 665.717 300 93
0 549.2 665.802 300 93
0 549.2 665.89 300 93
0 549.2 665.984 300 93
0 549.2 666.073 300 93
0 549.2 666.196 300 93
0 549.2 666.363 300 93
0 549.2 666.501 300 93
0 549.2 666.632 300 93
0 549.2 666.759 300 93
0 549.2 666.989 300 93
0 549.2 667.187 300 93
0 549.2 667.34 300 93
0 549.2 667.557 300 93
0 549.2 667.773 300 93
0 549.2 667.891 300 93
0 549.2 668.024 300 93
0 549.2 668.153 300 93
0 549.2 668.302 300 93
0 549.2 668.439 300 93
0 549.2 668.591 300 93
0 549.2 668.817 300 93
0 549.2 668.933 300 93
0 549.2 669.069 300 93
0 549.2 669.224 300 93
0 549.2 669.364 300 93
0 549.2 669.506 300 93
0 549.2 669.623 300 93
0 549.2 669.754 300 93
0 549.2 669.901 300 93
0 549.2 670.05 300 93
0 549.2 670.19 300 93
0 549.2 670.377 300 93
0 549.2 670.521 300 93
0 549.2 670.683 300 93
0 549.2 670.821 300 93
0 549.2 671.031 300 93
0 549.2 671.126 300 93
0 549.2 671.284 300 93
0 549.2 671.427 300 93
0 549.2 671.569 300 93
0 549.2 671.706 300 93
0 549.2 671.843 300 93
0 549.2 672.002 300 93
0 549.2 672.1 300 93
0 549.2 672.248 300 93
0 549.2 672.345 300 93
0 549.2 672.531 300 93
0 549.2 672.655 300 93
0 549.2 672.798 300 93
0 549.2 672.938 300 93
0 549.2 673.085 300 93
0 549.2 673.319 300 93
0 549.2 673.443 300 93
0 549.2 673.673 300 93
0 549.2 673.9 300 93
0 549.2 674.203 300 93
0 549.2 674.342 300 93
0 549.2 674.664 300 93
0 549.2 674.871 300 93
0 549.2 675.084 300 93
0 549.2 675.237 300 93
0 549.2 675.469 300 93
0 549.2 675.643 300 93
0 549.2 675.785 300 93
0 549.2 675.919 300 93
0 549.2 676.064 300 93
0 549.2 676.201 300 93
0 549.2 676.392 300 93
0 549.2 676.489 300 93
0 549.2 676.743 300 93
0 549.2 676.88 300 93
0 549.2 677.064 300 93
0 549.2 677.211 300 93
0 549.2 677.393 300 93
0 549.2 677.577 300 93
0 549.2 677.77 300 93
0 549.2 677.926 300 93
0 549.2 678.058 300 93
0 549.2 678.189 300 93
0 549.2 678.298 300 93
0 549.2 678.433 300 93
0 549.2 678.606 300 93
0 549.2 678.729 300 93
0 549.2 678.821 300 93
0 549.2 678.973 300 93
0 549.2 679.105 300 93
0 549.2 679.226 300 93
0 549.2 679.47 300 93
0 549.2 679.593 300 93
0 549.2 679.726 300 93
0 549.2 679.879 300 93
0 549.2 680.022 300 93
0 549.2 680.192 300 93
0 549.2 680.341 300 93
0 549.2 680.49 300 93
0 549.2 680.667 300 93
0 549.2 680.94 300 93
0 549.2 681.063 300 93
0 549.2 681.195 300 93
0 549.2 681.335 300 93
0 549.2 681.518 300 93
0 549.2 681.685 300 93
0 549.2 681.834 300 93
0 549.2 681.987 300 93
0 549.2 682.123 300 93
0 549.2 682.284 300 93
0 549.2 682.421 300 93
0 549.2 682.563 300 93
0 549.2 682.835 300 93
0 549.2 682.985 300 93
0 549.2 683.307 300 93
0 549.2 683.437 300 93
0 549.2 683.563 300 93
0 549.2 683.701 300 93
0 549.2 683.85 300 93
0 549.2 683.952 300 93
0 549.2 684.098 300 93
0 549.2 684.348 300 93
0 549.2 684.504 300 93
0 549.2 684.682 300 93
0 549.2 684.823 300 93
0 549.2 684.909 300 93
0 549.2 685.001 300 93
0 549.2 685.129 300 93
0 549.2 685.273 300 93
0 549.2 685.493 300 93
0 549.2 685.632 300 93
0 549.2 685.769 300 93
0 549.2 685.9 300 93
0 549.2 686.034 300 93
0 549.2 686.228 300 93
0 549.2 686.431 300 93
0 549.2 686.611 300 93
0 549.2 686.757 300 93
0 549.2 686.944 300 93
0 549.2 687.078 300 93
0 549.2 687.209 300 93
0 549.2 687.402 300 93
0 549.2 687.546 300 93
0 549.2 687.758 300 93
0 549.2 687.951 300 93
0 549.2 688.146 300 93
0 549.2 688.336 300 93
0 549.2 688.484 300 93
0 549.2 688.615 300 93
0 549.2 688.949 300 93
0 549.2 689.142 300 93
0 549.2 689.273 300 93
0 549.2 689.397 300 93
0 549.2 689.546 300 93
0 549.2 689.669 300 93
0 549.2 689.792 300 93
0 549.2 689.985 300 93
0 549.2 690.167 300 93
0 549.2 690.341 300 93
0 549.2 690.528 300 93
0 549.2 690.667 300 93
0 549.2 690.804 300 93
0 549.2 691.034 300 93
0 549.2 691.163 300 93
0 549.2 691.382 300 93
0 549.2 691.575 300 93
0 549.2 691.726 300 93
0 549.2 691.872 300 93
0 549.2 692.009 300 93
0 549.2 692.286 300 93
0 549.2 692.424 300 93
0 549.2 692.548 300 93
0 549.2 692.672 300 93
0 549.2 692.81 300 93
0 549.2 692.98 300 93
0 549.2 693.115 300 93
0 549.2 693.292 300 93
0 549.2 693.431 300 93
0 549.2 693.617 300 93
0 549.2 693.751 300 93
0 549.2 693.942 300 93
0 549.2 694.074 300 93
0 549.2 694.289 300 93
0 549.2 694.464 300 93
0 549.2 694.595 300 93
0 549.2 694.784 300 93
0 549.2 695.052 300 93
0 549.2 695.197 300 93
0 549.2 695.326 300 93
0 549.2 695.454 300 93
0 549.2 695.594 300 93
0 549.2 695.723 300 93
0 549.2 695.871 300 93
0 549.2 696.013 300 93
0 549.2 696.163 300 93
0 549.2 696.305 300 93
0 549.2 696.465 300 93
0 549.2 696.677 300 93
0 549.2 696.806 300 93
0 549.2 696.926 300 93
0 549.2 697.094 300 93
0 549.2 697.2 300 93
0 549.2 697.362 300 93
0 549.2 697.485 300 93
0 549.2 697.599 300 93
0 549.2 697.778 300 93
0 549.2 697.896 300 93
0 549.2 698.044 300 93
0 549.2 698.174 300 93
0 549.2 698.304 300 93
0 549.2 698.49 300 93
0 549.2 698.626 300 93
0 549.2 698.8 300 93
0 549.2 698.895 300 93
0 549.2 699.024 300 93
0 549.2 699.156 300 93
0 549.2 699.293 300 93
0 549.2 699.438 300 93
0 549.2 699.576 300 93
0 549.2 699.809 300 93
0 549.2 699.935 300 93
0 549.2 700.02 300 93
0 549.2 700.165 300 93
0 549.2 700.388 300 93
0 549.2 700.538 300 93
0 549.2 700.641 300 93
0 549.2 700.777 300 93
0 549.2 700.928 300 93
0 549.2 701.057 300 93
0 549.2 701.174 300 93
0 549.2 701.318 300 93
0 549.2 701.462 300 93
0 549.2 701.61 300 93
0 549.2 701.709 300 93
0 549.2 701.827 300 93
0 549.2 701.917 300 93
0 549.2 702.128 300 93
0 549.2 702.251 300 93
0 549.2 702.417 300 93
0 549.2 702.541 300 93
0 549.2 702.748 300 93
0 549.2 702.953 300 93
0 549.2 703.176 300 93
0 549.2 703.304 300 93
0 549.2 703.446 300 93
0 549.2 703.523 300 93
0 549.2 703.702 300 93
0 549.2 703.831 300 93
0 549.2 704.03 300 93
0 549.2 704.171 300 93
0 549.2 704.364 300 93
0 549.2 704.506 300 93
0 549.2 704.684 300 93
0 549.2 704.871 300 93
0 549.2 705 300 93
0 549.2 705.15 300 93
0 549.2 705.305 300 93
0 549.2 705.421 300 93
0 549.2 705.593 300 93
0 549.2 705.751 300 93
0 549.2 705.867 300 93
0 549.2 706 300 93
0 549.2 706.124 300 93
0 549.2 706.268 300 93
0 549.2 706.368 300 93
0 549.2 706.513 300 93
0 549.2 706.672 300 93
0 549.2 706.76 300 93
0 549.2 706.911 300 93
0 549.2 707.049 300 93
0 549.2 707.204 300 93
0 549.2 707.371 300 93
0 549.2 707.52 300 93
0 549.2 707.677 300 93
0 549.2 707.82 300 93
0 549.2 707.951 300 93
0 549.2 708.172 300 93
0 549.2 708.353 300 93
0 549.2 708.533 300 93
0 549.2 708.656 300 93
0 549.2 708.769 300 93
0 549.2 708.919 300 93
0 549.2 709.064 300 93
0 549.2 709.215 300 93
0 549.2 709.355 300 93
0 549.2 709.485 300 93
0 549.2 709.629 300 93
0 549.2 709.777 300 93
0 549.2 709.913 300 93
0 549.2 710.045 300 93
0 549.2 710.191 300 93
0 549.2 710.367 300 93
0 549.2 710.56 300 93
0 549.2 710.686 300 93
0 549.2 710.82 300 93
0 549.2 710.953 300 93
0 549.2 711.093 300 93
0 549.2 711.226 300 93
0 549.2 711.363 300 93
0 549.2 711.543 300 93
0 549.2 711.723 300 93
0 549.2 711.888 300 93
0 549.2 712.143 300 93
0 549.2 712.276 300 93
0 549.2 712.4 300 93
0 549.2 712.539 300 93
0 549.2 712.714 300 93
0 549.2 712.806 300 93
0 549.2 713.034 300 93
0 549.2 713.134 300 93
0 549.2 713.274 300 93
0 549.2 713.4 300 93
0 549.2 713.54 300 93
0 549.2 713.785 300 93
0 549.2 713.94 300 93
0 549.2 714.086 300 93
0 549.2 714.216 300 93
0 549.2 714.407 300 93
0 549.2 714.498 300 93
0 549.2 714.627 300 93
0 549.2 714.754 300 93
0 549.2 714.932 300 93
0 549.2 715.086 300 93
0 549.2 715.239 300 93
0 549.2 715.38 300 93
0 549.2 715.518 300 93
0 549.2 715.667 300 93
0 549.2 715.816 300 93
0 549.2 715.949 300 93
0 549.2 716.122 300 93
0 549.2 716.25 300 93
0 549.2 716.442 300 93
0 549.2 716.568 300 93
0 549.2 716.811 300 93
0 549.2 716.992 300 93
0 549.2 717.168 300 93
0 549.2 717.291 300 93
0 549.2 717.445 300 93
0 549.2 717.576 300 93
0 549.2 717.727 300 93
0 549.2 717.886 300 93
0 549.2 718.019 300 93
0 549.2 718.145 300 93
0 549.2 718.291 300 93
0 549.2 718.427 300 93
0 549.2 718.568 300 93
0 549.2 718.733 300 93
0 549.2 718.877 300 93
0 549.2 719.057 300 93
0 549.2 719.235 300 93
0 549.2 719.388 300 93
0 549.2 719.541 300 93
0 549.2 719.686 300 93
0 549.2 719.834 300 93
0 549.2 720.033 300 93
0 549.2 720.172 300 93
0 549.2 720.355 300 93
0 549.2 720.513 300 93
0 549.2 720.667 300 93
0 549.2 720.794 300 93
0 549.2 720.952 300 93
0 549.2 721.08 300 93
0 549.2 721.228 300 93
0 549.2 721.325 300 93
0 549.2 721.597 300 93
0 549.2 721.751 300 93
0 549.2 721.989 300 93
0 549.2 722.182 300 93
0 549.2 722.344 300 93
0 549.2 722.42 300 93
0 549.2 722.543 300 93
0 549.2 722.761 300 93
0 549.2 722.896 300 93
0 549.2 723.076 300 93
0 549.2 723.272 300 93
0 549.2 723.413 300 93
0 549.2 723.566 300 93
0 549.2 723.816 300 93
0 549.2 723.994 300 93
0 549.2 724.155 300 93
0 549.2 724.309 300 93
0 549.2 724.411 300 93
0 549.2 724.538 300 93
0 549.2 724.66 300 93
0 549.2 724.815 300 93
0 549.2 725.053 300 93
0 549.2 725.187 300 93
0 549.2 725.321 300 93
0 549.2 725.512 300 93
0 549.2 725.647 300 93
0 549.2 725.775 300 93
0 549.2 725.942 300 93
0 549.2 726.084 300 93
0 549.2 726.268 300 93
0 549.2 726.446 300 93
0 549.2 726.627 300 93
0 549.2 726.775 300 93
0 549.2 726.906 300 93
0 549.2 726.997 300 93
0 549.2 727.136 300 93
0 549.2 727.29 300 93
0 549.2 727.442 300 93
0 549.2 727.658 300 93
0 549.2 727.831 300 93
0 549.2 727.982 300 93
0 549.2 728.193 300 93
0 549.2 728.334 300 93
0 549.2 728.475 300 93
0 549.2 728.556 300 93
0 549.2 728.777 300 93
0 549.2 728.948 300 93
0 549.2 729.233 300 93
0 549.2 729.335 300 93
0 549.2 729.453 300 93
0 549.2 729.579 300 93
0 549.2 729.706 300 93
0 549.2 729.847 300 93
0 549.2 729.982 300 93
0 549.2 730.108 300 93
0 549.2 730.233 300 93
0 549.2 730.313 300 93
0 549.2 730.4 300 93
0 549.2 730.49 300 93
0 549.2 730.58 300 93
0 549.2 730.678 300 93
0 549.2 730.774 300 93
0 549.2 730.87 300 93
0 549.2 730.988 300 93
0 549.2 731.087 300 93
0 549.2 731.176 300 93
0 549.2 731.298 300 93
0 549.2 731.396 300 93
0 549.2 731.484 300 93
0 549.2 731.569 300 93
0 549.2 731.661 300 93
0 549.2 731.777 300 93
0 549.2 731.922 300 93
0 549.2 732.088 300 93
0 549.2 732.225 300 93
0 549.2 732.356 300 93
0 549.2 732.611 300 93
0 549.2 732.758 300 93
0 549.2 732.879 300 93
0 549.2 733.025 300 93
0 549.2 733.168 300 93
0 549.2 733.32 300 93
0 549.2 733.459 300 93
0 549.2 733.577 300 93
0 549.2 733.663 300 93
0 549.2 733.801 300 93
0 549.2 733.942 300 93
0 549.2 734.066 300 93
0 549.2 734.231 300 93
0 549.2 734.382 300 93
0 549.2 734.522 300 93
0 549.2 734.707 300 93
0 549.2 734.843 300 93
0 549.2 734.992 300 93
0 549.2 735.143 300 93
0 549.2 735.27 300 93
0 549.2 735.464 300 93
0 549.2 735.596 300 93
0 549.2 735.779 300 93
0 549.2 735.951 300 93
0 549.2 736.086 300 93
0 549.2 736.271 300 93
0 549.2 736.411 300 93
0 549.2 736.537 300 93
0 549.2 736.69 300 93
0 549.2 736.842 300 93
0 549.2 736.964 300 93
0 549.2 737.109 300 93
0 549.2 737.311 300 93
0 549.2 737.445 300 93
0 549.2 737.571 300 93
0 549.2 737.692 300 93
0 549.2 737.838 300 93
0 549.2 737.98 300 93
0 549.2 738.161 300 93
0 549.2 738.259 300 93
0 549.2 738.396 300 93
0 549.2 738.563 300 93
0 549.2 738.707 300 93
0 549.2 738.805 300 93
0 549.2 738.968 300 93
0 549.2 739.097 300 93
0 549.2 739.257 300 93
0 549.2 739.405 300 93
0 549.2 739.534 300 93
0 549.2 739.713 300 93
0 549.2 739.853 300 93
0 549.2 739.971 300 93
0 549.2 740.108 300 93
0 549.2 740.243 300 93
0 549.2 740.368 300 93
0 549.2 740.507 300 93
0 549.2 740.68 300 93
0 549.2 740.857 300 93
0 549.2 740.984 300 93
0 549.2 741.123 300 93
0 549.2 741.266 300 93
0 549.2 741.412 300 93
0 549.2 741.59 300 93
0 549.2 741.726 300 93
0 549.2 741.864 300 93
0 549.2 742.018 300 93
0 549.2 742.136 300 93
0 549.2 742.344 300 93
0 549.2 742.478 300 93
0 549.2 742.65 300 93
0 549.2 742.778 300 93
0 549.2 742.909 300 93
0 549.2 743.059 300 93
0 549.2 743.248 300 93
0 549.2 743.534 300 93
0 549.2 743.66 300 93
0 549.2 743.814 300 93
0 549.2 743.952 300 93
0 549.2 744.094 300 93
0 549.2 744.272 300 93
0 549.2 744.403 300 93
0 549.2 744.583 300 93
0 549.2 744.706 300 93
0 549.2 744.854 300 93
0 549.2 744.988 300 93
0 549.2 745.081 300 93
0 549.2 745.161 300 93
0 549.2 745.337 300 93
0 549.2 745.425 300 93
0 549.2 745.721 300 93
0 549.2 745.902 300 93
0 549.2 746.018 300 93
0 549.2 746.199 300 93
0 549.2 746.343 300 93
0 549.2 746.478 300 93
0 549.2 746.621 300 93
0 549.2 746.824 300 93
0 549.2 746.995 300 93
0 549.2 747.116 300 93
0 549.2 747.36 300 93
0 549.2 747.454 300 93
0 549.2 747.584 300 93
0 549.2 747.713 300 93
0 549.2 747.94 300 93
0 549.2 748.087 300 93
0 549.2 748.228 300 93
0 549.2 748.347 300 93
0 549.2 748.468 300 93
0 549.2 748.602 300 93
0 549.2 748.745 300 93
0 549.2 748.883 300 93
0 549.2 749.022 300 93
0 549.2 749.129 300 93
0 549.2 749.283 300 93
0 549.2 749.368 300 93
0 549.2 749.5 300 93
0 549.2 749.706 300 93
0 549.2 749.902 300 93
0 549.2 750.044 300 93
0 549.2 750.188 300 93
0 549.2 750.32 300 93
0 549.2 750.455 300 93
0 549.2 750.533 300 93
0 549.2 750.662 300 93
0 549.2 750.811 300 93
0 549.2 750.923 300 93
0 549.2 751.125 300 93
0 549.2 751.258 300 93
0 549.2 751.388 300 93
0 549.2 751.507 300 93
0 549.2 751.637 300 93
0 549.2 751.783 300 93
0 549.2 752.023 300 93
0 549.2 752.117 300 93
0 549.2 752.327 300 93
0 549.2 752.466 300 93
0 549.2 752.6 300 93
0 549.2 752.725 300 93
0 549.2 752.942 300 93
0 549.2 753.084 300 93
0 549.2 753.215 300 93
0 549.2 753.345 300 93
0 549.2 753.471 300 93
0 549.2 753.608 300 93
0 549.2 753.735 300 93
0 549.2 753.865 300 93
0 549.2 753.983 300 93
0 549.2 754.158 300 93
0 549.2 754.284 300 93
0 549.2 754.457 300 93
0 549.2 754.633 300 93
0 549.2 754.761 300 93
0 549.2 754.909 300 93
0 549.2 755.082 300 93
0 549.2 755.215 300 93
0 549.2 755.336 300 93
0 549.2 755.469 300 93
0 549.2 755.602 300 93
0 549.2 755.75 300 93
0 549.2 755.961 300 93
0 549.2 756.106 300 93
0 549.2 756.252 300 93
0 549.2 756.466 300 93
0 549.2 756.604 300 93
0 549.2 756.74 300 93
0 549.2 756.863 300 93
0 549.2 757.045 300 93
0 549.2 757.179 300 93
0 549.2 757.282 300 93
0 549.2 757.366 300 93
0 549.2 757.448 300 93
0 549.2 757.525 300 93
0 549.2 757.618 300 93
0 549.2 757.676 300 93
0 549.2 757.77 300 93
0 549.2 757.864 300 93
0 549.2 757.964 300 93
0 549.2 758.055 300 93
0 549.2 758.151 300 93
0 549.2 758.314 300 93
0 549.2 758.442 300 93
0 549.2 758.644 300 93
0 549.2 758.79 300 93
0 549.2 758.917 300 93
0 549.2 759.061 300 93
0 549.2 759.156 300 93
0 549.2 759.277 300 93
0 549.2 759.464 300 93
0 549.2 759.608 300 93
0 549.2 759.745 300 93
0 549.2 759.971 300 93
0 549.2 760.098 300 93
0 549.2 760.283 300 93
0 549.2 760.401 300 93
0 549.2 760.631 300 93
0 549.2 760.755 300 93
0 549.2 760.906 300 93
0 549.2 761.051 300 93
0 549.2 761.133 300 93
0 549.2 761.279 300 93
0 549.2 761.465 300 93
0 549.2 761.59 300 93
0 549.2 761.727 300 93
0 549.2 761.864 300 93
0 549.2 761.976 300 93
0 549.2 762.109 300 93
0 549.2 762.301 300 93
0 549.2 762.425 300 93
0 549.2 762.541 300 93
0 549.2 762.705 300 93
0 549.2 762.89 300 93
0 549.2 763.058 300 93
0 549.2 763.177 300 93
0 549.2 763.358 300 93
0 549.2 763.493 300 93
0 549.2 763.704 300 93
0 549.2 763.882 300 93
0 549.2 764.049 300 93
0 549.2 764.139 300 93
0 549.2 764.27 300 93
0 549.2 764.403 300 93
0 549.2 764.524 300 93
0 549.2 764.723 300 93
0 549.2 764.899 300 93
0 549.2 765.018 300 93
0 549.2 765.146 300 93
0 549.2 765.324 300 93
0 549.2 765.491 300 93
0 549.2 765.661 300 93
0 549.2 765.837 300 93
0 549.2 766.14 300 93
0 549.2 766.317 300 93
0 549.2 766.461 300 93
0 549.2 766.599 300 93
0 549.2 766.736 300 93
0 549.2 766.923 300 93
0 549.2 767.045 300 93
0 549.2 767.171 300 93
0 549.2 767.256 300 93
0 549.2 767.469 300 93
0 549.2 767.596 300 93
0 549.2 767.78 300 93
0 549.2 767.876 300 93
0 549.2 768.078 300 93
0 549.2 768.161 300 93
0 549.2 768.322 300 93
0 549.2 768.486 300 93
0 549.2 768.622 300 93
0 549.2 768.742 300 93
0 549.2 768.877 300 93
0 549.2 769.006 300 93
0 549.2 769.147 300 93
0 549.2 769.27 300 93
0 549.2 769.401 300 93
0 549.2 769.518 300 93
0 549.2 769.633 300 93
0 549.2 769.764 300 93
0 549.2 769.994 300 93
0 549.2 770.124 300 93
0 549.2 770.276 300 93
0 549.2 770.451 300 93
0 549.2 770.588 300 93
0 549.2 770.731 300 93
0 549.2 770.916 300 93
0 549.2 771.044 300 93
0 549.2 771.18 300 93
0 549.2 771.313 300 93
0 549.2 771.401 300 93
0 549.2 771.573 300 93
0 549.2 771.709 300 93
0 549.2 771.828 300 93
0 549.2 772.008 300 93
0 549.2 772.146 300 93
0 549.2 772.352 300 93
0 549.2 772.492 300 93
0 549.2 772.628 300 93
0 549.2 772.756 300 93
0 549.2 772.88 300 93
0 549.2 773.008 300 93
0 549.2 773.136 300 93
0 549.2 773.257 300 93
0 549.2 773.45 300 93
0 549.2 773.676 300 93
0 549.2 773.81 300 93
0 549.2 773.948 300 93
0 549.2 774.082 300 93
0 549.2 774.242 300 93
0 549.2 774.377 300 93
0 549.2 774.558 300 93
0 549.2 774.773 300 93
0 549.2 774.932 300 93
0 549.2 775.06 300 93
0 549.2 775.19 300 93
0 549.2 775.318 300 93
0 549.2 775.457 300 93
0 549.2 775.678 300 93
0 549.2 775.81 300 93
0 549.2 775.958 300 93
0 549.2 776.136 300 93
0 549.2 776.225 300 93
0 549.2 776.348 300 93
0 549.2 776.523 300 93
0 549.2 776.703 300 93
0 549.2 776.828 300 93
0 549.2 776.958 300 93
0 549.2 777.096 300 93
0 549.2 777.237 300 93
0 549.2 777.377 300 93
0 549.2 777.515 300 93
0 549.2 777.668 300 93
0 549.2 777.802 300 93
0 549.2 777.959 300 93
0 549.2 778.219 300 93
0 549.2 778.37 300 93
0 549.2 778.508 300 93
0 549.2 778.692 300 93
0 549.2 778.824 300 93
0 549.2 778.97 300 93
0 549.2 779.093 300 93
0 549.2 779.228 300 93
0 549.2 779.318 300 93
0 549.2 779.455 300 93
0 549.2 779.594 300 93
0 549.2 779.731 300 93
0 549.2 779.907 300 93
0 549.2 780.06 300 93
0 549.2 780.192 300 93
0 549.2 780.331 300 93
0 549.2 780.484 300 93
0 549.2 780.56 300 93
0 549.2 780.688 300 93
0 549.2 780.875 300 93
0 549.2 781.009 300 93
0 549.2 781.119 300 93
0 549.2 781.28 300 93
0 549.2 781.451 300 93
0 549.2 781.579 300 93
0 549.2 781.718 300 93
0 549.2 781.805 300 93
0 549.2 781.946 300 93
0 549.2 782.041 300 93
0 549.2 782.179 300 93
0 549.2 782.438 300 93
0 549.2 782.59 300 93
0 549.2 782.728 300 93
0 549.2 782.887 300 93
0 549.2 783.044 300 93
0 549.2 783.188 300 93
0 549.2 783.326 300 93
0 549.2 783.464 300 93
0 549.2 783.604 300 93
0 549.2 783.816 300 93
0 549.2 783.958 300 93
0 549.2 784.189 300 93
0 549.2 784.321 300 93
0 549.2 784.443 300 93
0 549.2 784.578 300 93
0 549.2 784.742 300 93
0 549.2 784.894 300 93
0 549.2 785.097 300 93
0 549.2 785.22 300 93
0 549.2 785.343 300 93
0 549.2 785.432 300 93
0 549.2 785.513 300 93
0 549.2 785.65 300 93
0 549.2 785.807 300 93
0 549.2 785.93 300 93
0 549.2 786.095 300 93
0 549.2 786.268 300 93
0 549.2 786.443 300 93
0 549.2 786.58 300 93
0 549.2 786.701 300 93
0 549.2 786.828 300 93
0 549.2 787.001 300 93
0 549.2 787.126 300 93
0 549.2 787.251 300 93
0 549.2 787.427 300 93
0 549.2 787.627 300 93
0 549.2 787.771 300 93
0 549.2 787.96 300 93
0 549.2 788.193 300 93
0 549.2 788.331 300 93
0 549.2 788.476 300 93
0 549.2 788.622 300 93
0 549.2 788.751 300 93
0 549.2 788.862 300 93
0 549.2 788.948 300 93
0 549.2 789.089 300 93
0 549.2 789.211 300 93
0 549.2 789.352 300 93
0 549.2 789.586 300 93
0 549.2 789.713 300 93
0 549.2 789.914 300 93
0 549.2 790.049 300 93
0 549.2 790.178 300 93
0 549.2 790.393 300 93
0 549.2 790.526 300 93
0 549.2 790.709 300 93
0 549.2 790.808 300 93
0 549.2 790.917 300 93
0 549.2 791.059 300 93
0 549.2 791.156 300 93
0 549.2 791.328 300 93
0 549.2 791.448 300 93
0 549.2 791.574 300 93
0 549.2 791.697 300 93
0 549.2 791.826 300 93
0 549.2 792.03 300 93
0 549.2 792.148 300 93
0 549.2 792.304 300 93
0 549.2 792.416 300 93
0 549.2 792.541 300 93
0 549.2 792.664 300 93
0 549.2 792.798 300 93
0 549.2 792.939 300 93
0 549.2 793.101 300 93
0 549.2 793.237 300 93
0 549.2 793.457 300 93
0 549.2 793.599 300 93
0 549.2 793.732 300 93
0 549.2 793.848 300 93
0 549.2 794.097 300 93
0 549.2 794.219 300 93
0 549.2 794.337 300 93
0 549.2 794.421 300 93
0 549.2 794.554 300 93
0 549.2 794.674 300 93
0 549.2 794.801 300 93
0 549.2 794.964 300 93
0 549.2 795.1 300 93
0 549.2 795.274 300 93
0 549.2 795.436 300 93
0 549.2 795.573 300 93
0 549.2 795.719 300 93
0 549.2 795.935 300 93
0 549.2 796.094 300 93
0 549.2 796.279 300 93
0 549.2 796.472 300 93
0 549.2 796.559 300 93
0 549.2 796.64 300 93
0 549.2 796.763 300 93
0 549.2 796.892 300 93
0 549.2 797.04 300 93
0 549.2 797.159 300 93
0 549.2 797.292 300 93
0 549.2 797.38 300 93
0 549.2 797.5 300 93
0 549.2 797.789 300 93
0 549.2 797.969 300 93
0 549.2 798.099 300 93
0 549.2 798.253 300 93
0 549.2 798.384 300 93
0 549.2 798.604 300 93
0 549.2 798.724 300 93
0 549.2 798.866 300 93
0 549.2 798.99 300 93
0 549.2 799.191 300 93
0 549.2 799.307 300 93
0 549.2 799.493 300 93
0 549.2 799.611 300 93
0 549.2 799.726 300 93
0 549.2 799.881 300 93
0 549.2 800.007 300 93
