0 767.6 0.015774 300 0
0 745.2 0.018501 0
0 739.6 0.023733 5
0 644.4 0.028897 5
0 644.4 0.095892 300 81
0 644.4 0.180473 300 81
0 644.4 0.255372 300 81
0 644.4 0.34475 300 84
0 644.4 0.446666 300 90
0 644.4 0.530102 300 90
0 644.4 0.573193 300 90
0 644.4 0.652189 300 90
0 644.4 0.781822 300 90
0 644.4 0.863929 300 90
0 644.4 0.954501 300 90
0 644.4 1.02764 300 90
0 644.4 1.1015 300 90
0 644.4 1.15969 300 90
0 644.4 1.23743 300 90
0 644.4 1.31828 300 90
0 582.8 1.3522 90
0 582.8 1.43057 300 90
0 582.8 1.50281 300 90
0 582.8 1.58723 300 90
0 582.8 1.66709 300 90
0 582.8 1.75082 300 90
0 582.8 1.82126 300 90
0 582.8 1.93003 300 90
0 582.8 2.01552 300 90
0 582.8 2.14855 300 90
0 582.8 2.22183 300 90
0 582.8 2.3051 300 90
0 582.8 2.37562 300 90
0 582.8 2.47102 300 90
0 582.8 2.55133 300 90
0 582.8 2.6327 300 90
0 582.8 2.74244 300 90
0 582.8 2.81912 300 90
0 582.8 2.89819 300 90
0 582.8 2.97323 300 90
0 582.8 3.04794 300 90
0 577.2 3.06027 90
0 577.2 3.13155 300 90
0 577.2 3.2149 300 90
0 571.6 3.23249 90
0 571.6 3.30089 300 90
0 571.6 3.41376 300 90
0 571.6 3.50211 300 90
0 571.6 3.57694 300 90
0 571.6 3.63159 300 90
0 571.6 3.71514 300 90
0 571.6 3.80182 300 90
0 571.6 3.87716 300 90
0 571.6 3.96091 300 90
0 571.6 4.01258 300 90
0 571.6 4.08215 300 90
0 571.6 4.18488 300 90
0 571.6 4.26772 300 90
0 571.6 4.36986 300 90
0 571.6 4.41998 300 90
0 571.6 4.46716 300 90
0 571.6 4.53674 300 90
0 571.6 4.62582 300 90
0 571.6 4.75847 300 90
0 571.6 4.83444 300 90
0 571.6 4.91469 300 90
0 571.6 5.00306 300 90
0 571.6 5.09138 300 90
0 571.6 5.22756 300 90
0 571.6 5.29217 300 90
0 571.6 5.37762 300 90
0 571.6 5.45895 300 90
0 571.6 5.57228 300 90
0 571.6 5.69329 300 90
0 571.6 5.78763 300 90
0 571.6 5.93845 300 90
0 571.6 6.02206 300 90
0 571.6 6.1703 300 90
0 571.6 6.25676 300 90
0 571.6 6.34848 300 90
0 571.6 6.43585 300 90
0 571.6 6.55355 300 90
0 571.6 6.66364 300 90
0 571.6 6.82363 300 90
0 571.6 6.98579 300 90
0 571.6 7.19958 300 90
0 571.6 7.33407 300 90
0 571.6 7.46093 300 90
0 571.6 7.57927 300 90
0 571.6 7.68583 300 90
0 571.6 7.82253 300 90
0 571.6 7.96921 300 90
0 571.6 8.09031 300 90
0 571.6 8.2411 300 90
0 571.6 8.3764 300 90
0 571.6 8.49411 300 90
0 571.6 8.62575 300 90
0 571.6 8.81469 300 90
0 571.6 8.9508 300 90
0 571.6 9.09239 300 90
0 571.6 9.23209 300 90
0 571.6 9.36951 300 90
0 571.6 9.51208 300 90
0 571.6 9.61922 300 90
0 571.6 9.78716 300 90
0 571.6 9.93249 300 90
0 571.6 10.1425 300 90
0 571.6 10.3157 300 90
0 571.6 10.4816 300 90
0 571.6 10.5906 300 90
0 571.6 10.748 300 90
0 571.6 10.8929 300 90
0 571.6 11.0421 300 90
0 571.6 11.2 300 90
0 571.6 11.357 300 90
0 571.6 11.6592 300 90
0 571.6 11.8037 300 90
0 571.6 12.0076 300 90
0 571.6 12.2131 300 90
0 571.6 12.3521 300 90
0 571.6 12.52 300 90
0 571.6 12.6784 300 90
0 571.6 12.7722 300 90
0 571.6 12.9314 300 90
0 571.6 13.1693 300 90
0 571.6 13.3292 300 90
0 571.6 13.4937 300 90
0 571.6 13.6451 300 90
0 571.6 13.958 300 90
0 571.6 14.1077 300 90
0 571.6 14.417 300 90
0 571.6 14.6226 300 90
0 571.6 14.7932 300 90
0 571.6 14.9339 300 90
0 571.6 15.0884 300 90
0 571.6 15.2493 300 90
0 571.6 15.3989 300 90
0 571.6 15.547 300 90
0 571.6 15.7038 300 90
0 571.6 15.8595 300 90
0 571.6 16.108 300 90
0 571.6 16.281 300 90
0 571.6 16.4487 300 90
0 571.6 16.5997 300 90
0 571.6 16.7587 300 90
0 571.6 16.92 300 90
0 571.6 17.1255 300 90
0 571.6 17.2642 300 90
0 571.6 17.4022 300 90
0 571.6 17.5512 300 90
0 571.6 17.7481 300 90
0 571.6 17.9074 300 90
0 571.6 18.065 300 90
0 571.6 18.1737 300 90
0 571.6 18.4473 300 90
0 571.6 18.6083 300 90
0 571.6 18.8216 300 90
0 571.6 18.9691 300 90
0 571.6 19.1416 300 90
0 571.6 19.2831 300 90
0 571.6 19.6189 300 90
0 571.6 19.8118 300 90
0 571.6 19.9748 300 90
0 571.6 20.1294 300 90
0 571.6 20.2835 300 90
0 571.6 20.4498 300 90
0 571.6 20.5872 300 90
0 571.6 20.7409 300 90
0 571.6 20.9167 300 90
0 571.6 21.1279 300 90
0 571.6 21.2623 300 90
0 571.6 21.4652 300 90
0 571.6 21.6185 300 90
0 571.6 21.8609 300 90
0 571.6 22.0263 300 90
0 571.6 22.1772 300 90
0 571.6 22.3817 300 90
0 571.6 22.5379 300 90
0 571.6 22.6772 300 90
0 571.6 22.7742 300 90
0 571.6 22.9478 300 90
0 571.6 23.1062 300 90
0 571.6 23.2419 300 90
0 571.6 23.3945 300 90
0 571.6 23.5528 300 90
0 571.6 23.7079 300 90
0 571.6 23.9159 300 90
0 571.6 24.0731 300 90
0 571.6 24.2182 300 90
0 571.6 24.3781 300 90
0 571.6 24.5156 300 90
0 571.6 24.6827 300 90
0 571.6 24.8456 300 90
0 571.6 24.9921 300 90
0 571.6 25.1409 300 90
0 571.6 25.2884 300 90
0 571.6 25.5157 300 90
0 571.6 25.6722 300 90
0 571.6 25.8097 300 90
0 571.6 26.038 300 90
0 571.6 26.2008 300 90
0 571.6 26.4644 300 90
0 571.6 26.6388 300 90
0 571.6 26.879 300 90
0 571.6 27.0484 300 90
0 571.6 27.2796 300 90
0 571.6 27.436 300 90
0 571.6 27.6007 300 90
0 571.6 27.7986 300 90
0 571.6 28.0188 300 90
0 571.6 28.2278 300 90
0 571.6 28.3898 300 90
0 571.6 28.5449 300 90
0 571.6 28.7778 300 90
0 571.6 28.894 300 90
0 571.6 29.07 300 90
0 571.6 29.2214 300 90
0 571.6 29.3697 300 90
0 571.6 29.5782 300 90
0 571.6 29.8487 300 90
0 571.6 30.0002 300 90
0 571.6 30.2041 300 90
0 571.6 30.3659 300 90
0 571.6 30.4797 300 90
0 571.6 30.6679 300 90
0 571.6 30.7707 300 90
0 571.6 30.9178 300 90
0 571.6 31.1662 300 90
0 571.6 31.325 300 90
0 571.6 31.4844 300 90
0 571.6 31.6596 300 90
0 571.6 31.7914 300 90
0 571.6 31.9701 300 90
0 571.6 32.1229 300 90
0 571.6 32.2919 300 90
0 571.6 32.4389 300 90
0 571.6 32.5451 300 90
0 571.6 32.7077 300 90
0 571.6 32.9076 300 90
0 571.6 33.0649 300 90
0 571.6 33.3196 300 90
0 571.6 33.4177 300 90
0 571.6 33.615 300 90
0 571.6 33.7658 300 90
0 571.6 33.9049 300 90
0 571.6 33.9915 300 90
0 571.6 34.159 300 90
0 571.6 34.3224 300 90
0 571.6 34.4707 300 90
0 571.6 34.6425 300 90
0 571.6 34.8021 300 90
0 571.6 34.9315 300 90
0 571.6 35.2735 300 90
0 571.6 35.4233 300 90
0 571.6 35.5598 300 90
0 571.6 35.7049 300 90
0 571.6 35.8435 300 90
0 571.6 35.9437 300 90
0 571.6 36.082 300 90
0 571.6 36.4006 300 90
0 571.6 36.5936 300 90
0 571.6 36.7866 300 90
0 571.6 36.9403 300 90
0 571.6 37.1602 300 90
0 571.6 37.3058 300 90
0 571.6 37.5 300 90
0 571.6 37.6458 300 90
0 571.6 37.7335 300 90
0 571.6 37.8497 300 90
0 571.6 38.0234 300 90
0 571.6 38.2257 300 90
0 571.6 38.3332 300 90
0 571.6 38.4741 300 90
0 571.6 38.6107 300 90
0 571.6 38.789 300 90
0 571.6 38.9754 300 90
0 571.6 39.1707 300 90
0 571.6 39.2935 300 90
0 571.6 39.368 300 90
0 571.6 39.504 300 90
0 571.6 39.6485 300 90
0 571.6 39.7873 300 90
0 571.6 39.9096 300 90
0 571.6 40.0539 300 90
0 571.6 40.1899 300 90
0 571.6 40.2786 300 90
0 571.6 40.4787 300 90
0 571.6 40.619 300 90
0 571.6 40.8052 300 90
0 571.6 40.8953 300 90
0 571.6 41.028 300 90
0 571.6 41.206 300 90
0 571.6 41.3723 300 90
0 571.6 41.5104 300 90
0 571.6 41.6429 300 90
0 571.6 41.8258 300 90
0 571.6 41.9399 300 90
0 571.6 42.1515 300 90
0 571.6 42.2894 300 90
0 571.6 42.4722 300 90
0 571.6 42.6001 300 90
0 571.6 42.7787 300 90
0 571.6 42.8628 300 90
0 571.6 43.0083 300 90
0 571.6 43.1378 300 90
0 571.6 43.3192 300 90
0 571.6 43.4628 300 90
0 571.6 43.5938 300 90
0 571.6 43.7366 300 90
0 571.6 43.8727 300 90
0 571.6 44.0388 300 90
0 571.6 44.1708 300 90
0 571.6 44.2504 300 90
0 571.6 44.3858 300 90
0 571.6 44.549 300 90
0 571.6 44.6887 300 90
0 571.6 44.8114 300 90
0 571.6 44.9446 300 90
0 571.6 45.0466 300 90
0 571.6 45.1666 300 90
0 571.6 45.3421 300 90
0 571.6 45.4986 300 90
0 571.6 45.6384 300 90
0 571.6 45.7661 300 90
0 571.6 45.992 300 90
0 571.6 46.1087 300 90
0 571.6 46.3283 300 90
0 571.6 46.5475 300 90
0 571.6 46.6841 300 90
0 571.6 46.8171 300 90
0 571.6 47.0407 300 90
0 571.6 47.1606 300 90
0 571.6 47.304 300 90
0 571.6 47.3979 300 90
0 571.6 47.4887 300 90
0 571.6 47.6404 300 90
0 571.6 47.7772 300 90
0 571.6 47.873 300 90
0 571.6 47.9684 300 90
0 571.6 48.0369 300 90
0 571.6 48.1276 300 90
0 571.6 48.2292 300 90
0 571.6 48.3159 300 90
0 571.6 48.409 300 90
0 571.6 48.4986 300 90
0 571.6 48.6268 300 90
0 571.6 48.7564 300 90
0 571.6 48.9118 300 90
0 571.6 49.0698 300 90
0 571.6 49.2889 300 90
0 571.6 49.4323 300 90
0 571.6 49.599 300 90
0 571.6 49.7248 300 90
0 571.6 49.8553 300 90
0 571.6 49.9513 300 90
0 571.6 50.0856 300 90
0 571.6 50.2227 300 90
0 571.6 50.3649 300 90
0 571.6 50.5372 300 90
0 571.6 50.732 300 90
0 571.6 50.8429 300 90
0 571.6 50.9658 300 90
0 571.6 51.1083 300 90
0 571.6 51.2467 300 90
0 571.6 51.3688 300 90
0 571.6 51.5354 300 90
0 571.6 51.6977 300 90
0 571.6 51.8279 300 90
0 571.6 51.9674 300 90
0 571.6 52.1507 300 90
0 571.6 52.4013 300 90
0 571.6 52.5519 300 90
0 571.6 52.6926 300 90
0 571.6 52.7949 300 90
0 571.6 53.0118 300 90
0 571.6 53.1396 300 90
0 571.6 53.2837 300 90
0 571.6 53.386 300 90
0 571.6 53.6228 300 90
0 571.6 53.8006 300 90
0 571.6 53.9498 300 90
0 571.6 54.0881 300 90
0 571.6 54.2276 300 90
0 571.6 54.4258 300 90
0 571.6 54.5733 300 90
0 571.6 54.7532 300 90
0 571.6 54.8782 300 90
0 571.6 55.0296 300 90
0 571.6 55.2032 300 90
0 571.6 55.329 300 90
0 571.6 55.4613 300 90
0 571.6 55.6442 300 90
0 571.6 55.7796 300 90
0 571.6 55.945 300 90
0 571.6 56.0855 300 90
0 571.6 56.2166 300 90
0 571.6 56.3308 300 90
0 571.6 56.4206 300 90
0 571.6 56.6219 300 90
0 571.6 56.8553 300 90
0 571.6 56.9851 300 90
0 571.6 57.124 300 90
0 571.6 57.2771 300 90
0 571.6 57.4156 300 90
0 571.6 57.5525 300 90
0 571.6 57.686 300 90
0 571.6 57.8249 300 90
0 571.6 57.9711 300 90
0 571.6 58.1137 300 90
0 571.6 58.2661 300 90
0 571.6 58.4034 300 90
0 571.6 58.6094 300 90
0 571.6 58.7581 300 90
0 571.6 58.893 300 90
0 571.6 59.0827 300 90
0 571.6 59.2093 300 90
0 571.6 59.3398 300 90
0 571.6 59.4867 300 90
0 571.6 59.6192 300 90
0 571.6 59.7642 300 90
0 571.6 59.8956 300 90
0 571.6 60.0074 300 90
0 571.6 60.1247 300 90
0 571.6 60.3247 300 90
0 571.6 60.4807 300 90
0 571.6 60.6122 300 90
0 571.6 60.7455 300 90
0 571.6 60.875 300 90
0 571.6 61.0916 300 90
0 571.6 61.2269 300 90
0 571.6 61.3561 300 90
0 571.6 61.5006 300 90
0 571.6 61.7106 300 90
0 571.6 61.8803 300 90
0 571.6 61.9834 300 90
0 571.6 62.1134 300 90
0 571.6 62.2515 300 90
0 571.6 62.3886 300 90
0 571.6 62.5037 300 90
0 571.6 62.6696 300 90
0 571.6 62.7847 300 90
0 571.6 62.9679 300 90
0 571.6 63.0924 300 90
0 571.6 63.2609 300 90
0 571.6 63.445 300 90
0 571.6 63.5814 300 90
0 571.6 63.7893 300 90
0 571.6 63.8804 300 90
0 571.6 63.9664 300 90
0 571.6 64.054 300 90
0 571.6 64.1897 300 90
0 571.6 64.2774 300 90
0 571.6 64.3716 300 90
0 571.6 64.5159 300 90
0 571.6 64.573 300 90
0 571.6 64.662 300 90
0 571.6 64.745 300 90
0 571.6 64.8362 300 90
0 571.6 64.9575 300 90
0 571.6 65.0459 300 90
0 571.6 65.1897 300 90
0 571.6 65.2569 300 90
0 571.6 65.3197 300 90
0 571.6 65.489 300 90
0 571.6 65.6768 300 90
0 571.6 65.8273 300 90
0 571.6 65.9799 300 90
0 571.6 66.1529 300 90
0 571.6 66.3511 300 90
0 571.6 66.5246 300 90
0 571.6 66.7497 300 90
0 571.6 66.8857 300 90
0 571.6 67.0157 300 90
0 571.6 67.1395 300 90
0 571.6 67.2593 300 90
0 571.6 67.3676 300 90
0 571.6 67.4984 300 90
0 571.6 67.6819 300 90
0 571.6 67.8184 300 90
0 571.6 67.9235 300 90
0 571.6 68.1247 300 90
0 571.6 68.2563 300 90
0 571.6 68.3784 300 90
0 571.6 68.5225 300 90
0 571.6 68.6437 300 90
0 571.6 68.8131 300 90
0 571.6 69.0296 300 90
0 571.6 69.1974 300 90
0 571.6 69.3216 300 90
0 571.6 69.45 300 90
0 571.6 69.6467 300 90
0 571.6 69.7936 300 90
0 571.6 69.9354 300 90
0 571.6 70.1669 300 90
0 571.6 70.2887 300 90
0 571.6 70.4832 300 90
0 571.6 70.6448 300 90
0 571.6 70.8277 300 90
0 571.6 70.9253 300 90
0 571.6 71.0758 300 90
0 571.6 71.207 300 90
0 571.6 71.3472 300 90
0 571.6 71.4939 300 90
0 571.6 71.6366 300 90
0 571.6 71.784 300 90
0 571.6 71.9189 300 90
0 571.6 72.084 300 90
0 571.6 72.2789 300 90
0 571.6 72.4667 300 90
0 571.6 72.6143 300 90
0 571.6 72.6922 300 90
0 571.6 72.8599 300 90
0 571.6 73.0197 300 90
0 571.6 73.2092 300 90
0 571.6 73.3426 300 90
0 571.6 73.4758 300 90
0 571.6 73.5984 300 90
0 571.6 73.7336 300 90
0 571.6 73.9304 300 90
0 571.6 74.0816 300 90
0 571.6 74.2311 300 90
0 571.6 74.3175 300 90
0 571.6 74.4927 300 90
0 571.6 74.6242 300 90
0 571.6 74.8135 300 90
0 571.6 74.9435 300 90
0 571.6 75.0984 300 90
0 571.6 75.1955 300 90
0 571.6 75.3065 300 90
0 571.6 75.4526 300 90
0 571.6 75.5774 300 90
0 571.6 75.8491 300 90
0 571.6 75.9852 300 90
0 571.6 76.1359 300 90
0 571.6 76.2563 300 90
0 571.6 76.4648 300 90
0 571.6 76.6374 300 90
0 571.6 76.7765 300 90
0 571.6 76.9058 300 90
0 571.6 77.0847 300 90
0 571.6 77.2091 300 90
0 571.6 77.3546 300 90
0 571.6 77.572 300 90
0 571.6 77.6994 300 90
0 571.6 77.8758 300 90
0 571.6 77.9993 300 90
0 571.6 78.0767 300 90
0 571.6 78.2451 300 90
0 571.6 78.4276 300 90
0 571.6 78.5924 300 90
0 571.6 78.7164 300 90
0 571.6 78.8032 300 90
0 571.6 79.0284 300 90
0 571.6 79.2268 300 90
0 571.6 79.3619 300 90
0 571.6 79.4976 300 90
0 571.6 79.6318 300 90
0 571.6 79.7561 300 90
0 571.6 79.8939 300 90
0 571.6 80.075 300 90
0 571.6 80.1929 300 90
0 571.6 80.3095 300 90
0 571.6 80.4509 300 90
0 571.6 80.6416 300 90
0 571.6 80.7837 300 90
0 571.6 80.9191 300 90
0 571.6 81.0614 300 90
0 571.6 81.2435 300 90
0 571.6 81.3456 300 90
0 571.6 81.5271 300 90
0 571.6 81.6522 300 90
0 571.6 81.8138 300 90
0 571.6 81.9449 300 90
0 571.6 82.0391 300 90
0 571.6 82.1737 300 90
0 571.6 82.2993 300 90
0 571.6 82.4252 300 90
0 571.6 82.5589 300 90
0 571.6 82.7874 300 90
0 571.6 82.9385 300 90
0 571.6 83.057 300 90
0 554.8 83.0863 90
0 554.8 83.1792 300 90
0 554.8 83.3131 300 90
0 554.8 83.4373 300 90
0 554.8 83.5759 300 90
0 554.8 83.7289 300 90
0 554.8 83.8589 300 90
0 554.8 83.9468 300 90
0 554.8 84.0264 300 90
0 554.8 84.1613 300 90
0 554.8 84.2985 300 90
0 554.8 84.4888 300 90
0 554.8 84.7193 300 90
0 554.8 84.8462 300 90
0 554.8 85.0263 300 90
0 554.8 85.1445 300 90
0 554.8 85.327 300 90
0 554.8 85.464 300 90
0 554.8 85.6337 300 90
0 554.8 85.7571 300 90
0 554.8 85.875 300 90
0 554.8 85.9994 300 90
0 554.8 86.1978 300 90
0 554.8 86.35 300 90
0 554.8 86.5529 300 90
0 554.8 86.6892 300 90
0 554.8 86.8221 300 90
0 554.8 86.9601 300 90
0 554.8 87.1001 300 90
0 554.8 87.2341 300 90
0 554.8 87.3621 300 90
0 554.8 87.5041 300 90
0 554.8 87.6515 300 90
0 554.8 87.7866 300 90
0 554.8 87.9405 300 90
0 554.8 88.0881 300 90
0 554.8 88.3265 300 90
0 554.8 88.4977 300 90
0 554.8 88.5846 300 90
0 554.8 88.7564 300 90
0 554.8 88.908 300 90
0 554.8 89.0472 300 90
0 554.8 89.1564 300 90
0 554.8 89.2837 300 90
0 554.8 89.3994 300 90
0 554.8 89.6109 300 90
0 554.8 89.8191 300 90
0 554.8 89.956 300 90
0 554.8 90.1414 300 90
0 554.8 90.2645 300 90
0 554.8 90.3872 300 90
0 554.8 90.5304 300 90
0 554.8 90.6703 300 90
0 554.8 90.8389 300 90
0 554.8 90.988 300 90
0 554.8 91.1298 300 90
0 554.8 91.2691 300 90
0 554.8 91.4514 300 90
0 554.8 91.5772 300 90
0 554.8 91.7144 300 90
0 554.8 91.8438 300 90
0 554.8 91.9838 300 90
0 554.8 92.1357 300 90
0 554.8 92.2611 300 90
0 554.8 92.4973 300 90
0 554.8 92.7241 300 90
0 554.8 92.8728 300 90
0 554.8 93.0051 300 90
0 554.8 93.1346 300 90
0 554.8 93.2667 300 90
0 554.8 93.4147 300 90
0 554.8 93.5342 300 90
0 554.8 93.6758 300 90
0 554.8 93.7626 300 90
0 554.8 93.8876 300 90
0 554.8 94.0264 300 90
0 554.8 94.149 300 90
0 554.8 94.2772 300 90
0 554.8 94.4138 300 90
0 554.8 94.4935 300 90
0 554.8 94.5937 300 90
0 554.8 94.7262 300 90
0 554.8 94.8702 300 90
0 554.8 94.9896 300 90
0 554.8 95.1682 300 90
0 554.8 95.3343 300 90
0 554.8 95.5438 300 90
0 554.8 95.6799 300 90
0 554.8 95.8618 300 90
0 554.8 95.9923 300 90
0 554.8 96.1278 300 90
0 554.8 96.2638 300 90
0 554.8 96.3979 300 90
0 554.8 96.5354 300 90
0 554.8 96.6941 300 90
0 554.8 96.833 300 90
0 554.8 97.0045 300 90
0 554.8 97.0892 300 90
0 554.8 97.2233 300 90
0 554.8 97.3584 300 90
0 554.8 97.4899 300 90
0 554.8 97.6209 300 90
0 554.8 97.7817 300 90
0 554.8 97.9269 300 90
0 554.8 98.0631 300 90
0 554.8 98.1897 300 90
0 554.8 98.3139 300 90
0 554.8 98.529 300 90
0 554.8 98.6998 300 90
0 554.8 98.9122 300 90
0 554.8 99.1115 300 90
0 554.8 99.2585 300 90
0 554.8 99.4116 300 90
0 554.8 99.5324 300 90
0 554.8 99.7612 300 90
0 554.8 99.8917 300 90
0 554.8 100.015 300 90
0 554.8 100.145 300 90
0 554.8 100.268 300 90
0 554.8 100.391 300 90
0 554.8 100.514 300 90
0 554.8 100.604 300 90
0 554.8 100.759 300 90
0 554.8 100.903 300 90
0 554.8 101.165 300 90
0 554.8 101.328 300 90
0 554.8 101.623 300 90
0 554.8 101.76 300 90
0 554.8 101.913 300 90
0 554.8 102.052 300 90
0 554.8 102.18 300 90
0 554.8 102.343 300 90
0 554.8 102.545 300 90
0 554.8 102.624 300 90
0 554.8 102.748 300 90
0 554.8 102.977 300 90
0 554.8 103.116 300 90
0 554.8 103.364 300 90
0 554.8 103.487 300 90
0 554.8 103.619 300 90
0 554.8 103.79 300 90
0 554.8 104 300 90
0 554.8 104.14 300 90
0 554.8 104.311 300 90
0 554.8 104.455 300 92
0 554.8 104.663 300 92
0 554.8 104.79 300 92
0 554.8 104.92 300 92
0 554.8 105.096 300 92
0 554.8 105.223 300 92
0 554.8 105.357 300 92
0 554.8 105.482 300 92
0 554.8 105.714 300 92
0 554.8 105.827 300 92
0 554.8 105.922 300 92
0 554.8 106.047 300 92
0 554.8 106.179 300 92
0 554.8 106.343 300 92
0 554.8 106.469 300 92
0 554.8 106.648 300 92
0 554.8 106.793 300 92
0 554.8 106.878 300 92
0 554.8 106.998 300 92
0 554.8 107.12 300 92
0 554.8 107.247 300 92
0 554.8 107.463 300 92
0 554.8 107.595 300 92
0 554.8 107.717 300 92
0 554.8 107.832 300 92
0 554.8 107.96 300 92
0 554.8 108.139 300 92
0 554.8 108.277 300 92
0 554.8 108.47 300 92
0 554.8 108.602 300 92
0 554.8 108.741 300 92
0 554.8 108.875 300 92
0 554.8 108.999 300 92
0 554.8 109.186 300 92
0 554.8 109.322 300 92
0 554.8 109.447 300 92
0 554.8 109.625 300 92
0 554.8 109.76 300 92
0 554.8 109.89 300 92
0 554.8 110.022 300 92
0 554.8 110.133 300 92
0 554.8 110.256 300 92
0 554.8 110.334 300 92
0 554.8 110.452 300 92
0 554.8 110.596 300 92
0 554.8 110.724 300 92
0 554.8 110.86 300 92
0 554.8 111.055 300 92
0 554.8 111.188 300 92
0 554.8 111.314 300 92
0 554.8 111.444 300 92
0 554.8 111.607 300 92
0 554.8 111.741 300 92
0 554.8 111.878 300 92
0 554.8 112.021 300 92
0 554.8 112.143 300 92
0 554.8 112.24 300 92
0 554.8 112.366 300 92
0 554.8 112.491 300 92
0 554.8 112.668 300 92
0 554.8 112.807 300 92
0 554.8 112.948 300 92
0 554.8 113.072 300 92
0 554.8 113.29 300 92
0 554.8 113.385 300 92
0 554.8 113.561 300 92
0 554.8 113.681 300 92
0 554.8 113.902 300 92
0 554.8 114.049 300 92
0 554.8 114.184 300 92
0 554.8 114.339 300 92
0 554.8 114.529 300 92
0 554.8 114.668 300 92
0 554.8 114.889 300 92
0 554.8 115.097 300 92
0 554.8 115.222 300 92
0 554.8 115.395 300 92
0 554.8 115.528 300 92
0 554.8 115.693 300 92
0 554.8 115.816 300 92
0 554.8 115.958 300 92
0 554.8 116.132 300 92
0 554.8 116.276 300 92
0 554.8 116.393 300 92
0 554.8 116.633 300 92
0 554.8 116.775 300 92
0 554.8 116.906 300 92
0 554.8 117.032 300 92
0 554.8 117.154 300 92
0 554.8 117.233 300 92
0 554.8 117.369 300 92
0 554.8 117.485 300 92
0 554.8 117.607 300 92
0 554.8 117.736 300 92
0 554.8 117.865 300 92
0 554.8 117.998 300 92
0 554.8 118.198 300 92
0 554.8 118.336 300 92
0 554.8 118.505 300 92
0 554.8 118.727 300 92
0 554.8 118.913 300 92
0 554.8 119.033 300 92
0 554.8 119.139 300 92
0 554.8 119.276 300 92
0 554.8 119.429 300 92
0 554.8 119.636 300 92
0 554.8 119.894 300 92
0 554.8 120.022 300 92
0 554.8 120.169 300 92
0 554.8 120.317 300 92
0 554.8 120.468 300 92
0 554.8 120.599 300 92
0 554.8 120.739 300 92
0 554.8 120.857 300 93
0 554.8 120.935 300 93
0 554.8 121.064 300 93
0 554.8 121.205 300 93
0 554.8 121.331 300 93
0 554.8 121.448 300 93
0 554.8 121.578 300 93
0 554.8 121.662 300 93
0 554.8 121.797 300 93
0 554.8 121.98 300 93
0 554.8 122.099 300 93
0 554.8 122.341 300 93
0 554.8 122.463 300 93
0 554.8 122.643 300 93
0 554.8 122.763 300 93
0 554.8 122.928 300 93
0 554.8 123.043 300 93
0 554.8 123.155 300 93
0 554.8 123.283 300 93
0 554.8 123.399 300 93
0 554.8 123.528 300 93
0 554.8 123.654 300 93
0 554.8 123.827 300 93
0 554.8 123.941 300 93
0 554.8 124.07 300 93
0 554.8 124.218 300 93
0 554.8 124.369 300 93
0 554.8 124.494 300 93
0 554.8 124.638 300 93
0 554.8 124.761 300 93
0 554.8 124.952 300 93
0 554.8 125.116 300 93
0 554.8 125.318 300 93
0 554.8 125.425 300 93
0 554.8 125.531 300 93
0 554.8 125.661 300 93
0 554.8 125.792 300 93
0 554.8 125.924 300 93
0 554.8 126.044 300 93
0 554.8 126.165 300 93
0 554.8 126.306 300 93
0 554.8 126.431 300 93
0 554.8 126.605 300 93
0 554.8 126.748 300 93
0 554.8 126.959 300 93
0 554.8 127.08 300 93
0 554.8 127.213 300 93
0 554.8 127.366 300 93
0 554.8 127.49 300 93
0 554.8 127.62 300 93
0 554.8 127.747 300 93
0 554.8 127.877 300 93
0 554.8 128.019 300 93
0 554.8 128.213 300 93
0 554.8 128.316 300 93
0 554.8 128.414 300 93
0 554.8 128.489 300 93
0 554.8 128.564 300 93
0 554.8 128.642 300 93
0 554.8 128.716 300 93
0 554.8 128.802 300 93
0 554.8 128.946 300 93
0 554.8 129.022 300 93
0 554.8 129.135 300 93
0 554.8 129.223 300 93
0 554.8 129.302 300 93
0 554.8 129.41 300 93
0 554.8 129.494 300 93
0 554.8 129.579 300 93
0 554.8 129.658 300 93
0 554.8 129.739 300 93
0 554.8 129.804 300 93
0 554.8 129.89 300 93
0 554.8 129.973 300 93
0 554.8 130.133 300 93
0 554.8 130.227 300 93
0 554.8 130.34 300 93
0 554.8 130.429 300 93
0 554.8 130.518 300 93
0 554.8 130.607 300 93
0 554.8 130.67 300 93
0 554.8 130.742 300 93
0 554.8 130.866 300 93
0 554.8 130.981 300 93
0 554.8 131.06 300 93
0 554.8 131.144 300 93
0 554.8 131.22 300 93
0 554.8 131.344 300 93
0 554.8 131.475 300 93
0 554.8 131.594 300 93
0 554.8 131.723 300 93
0 554.8 131.837 300 93
0 554.8 131.954 300 93
0 554.8 132.093 300 93
0 554.8 132.305 300 93
0 554.8 132.473 300 93
0 554.8 132.596 300 93
0 554.8 132.818 300 93
0 554.8 132.957 300 93
0 554.8 133.089 300 93
0 554.8 133.297 300 93
0 554.8 133.424 300 93
0 554.8 133.547 300 93
0 554.8 133.705 300 93
0 554.8 133.805 300 93
0 554.8 133.962 300 93
0 554.8 134.083 300 93
0 554.8 134.198 300 93
0 554.8 134.318 300 93
0 554.8 134.445 300 93
0 554.8 134.574 300 93
0 554.8 134.724 300 93
0 554.8 134.815 300 93
0 554.8 134.948 300 93
0 554.8 135.154 300 93
0 554.8 135.271 300 93
0 554.8 135.452 300 93
0 554.8 135.592 300 93
0 554.8 135.744 300 93
0 554.8 135.881 300 93
0 554.8 136.07 300 93
0 554.8 136.275 300 93
0 554.8 136.393 300 93
0 554.8 136.535 300 93
0 554.8 136.647 300 93
0 554.8 136.765 300 93
0 554.8 136.892 300 93
0 554.8 137.014 300 93
0 554.8 137.144 300 93
0 554.8 137.282 300 93
0 554.8 137.456 300 93
0 554.8 137.609 300 93
0 554.8 137.743 300 93
0 554.8 137.935 300 93
0 554.8 138.069 300 93
0 554.8 138.158 300 93
0 554.8 138.289 300 93
0 554.8 138.378 300 93
0 554.8 138.514 300 93
0 554.8 138.649 300 93
0 554.8 138.817 300 93
0 554.8 138.984 300 93
0 554.8 139.096 300 93
0 554.8 139.227 300 93
0 554.8 139.353 300 93
0 554.8 139.448 300 93
0 554.8 139.544 300 93
0 554.8 139.676 300 93
0 554.8 139.816 300 93
0 554.8 139.953 300 93
0 554.8 140.094 300 93
0 554.8 140.217 300 93
0 554.8 140.383 300 93
0 554.8 140.534 300 93
0 554.8 140.622 300 93
0 554.8 140.748 300 93
0 554.8 140.97 300 93
0 554.8 141.109 300 93
0 554.8 141.237 300 93
0 554.8 141.353 300 93
0 554.8 141.498 300 93
0 554.8 141.718 300 93
0 554.8 141.869 300 93
0 554.8 141.999 300 93
0 554.8 142.127 300 93
0 554.8 142.271 300 93
0 554.8 142.47 300 93
0 554.8 142.639 300 93
0 554.8 142.765 300 93
0 554.8 142.94 300 93
0 554.8 143.052 300 93
0 554.8 143.191 300 93
0 554.8 143.363 300 93
0 554.8 143.488 300 93
0 554.8 143.614 300 93
0 554.8 143.792 300 93
0 554.8 143.967 300 93
0 554.8 144.136 300 93
0 554.8 144.222 300 93
0 554.8 144.317 300 93
0 554.8 144.49 300 93
0 554.8 144.605 300 93
0 554.8 144.696 300 93
0 554.8 144.87 300 93
0 554.8 145.042 300 93
0 554.8 145.172 300 93
0 554.8 145.301 300 93
0 554.8 145.491 300 93
0 554.8 145.645 300 93
0 554.8 145.73 300 93
0 554.8 145.861 300 93
0 554.8 146.005 300 93
0 554.8 146.093 300 93
0 554.8 146.251 300 93
0 554.8 146.38 300 93
0 554.8 146.517 300 93
0 554.8 146.656 300 93
0 554.8 146.888 300 93
0 554.8 147.014 300 93
0 554.8 147.141 300 93
0 554.8 147.338 300 93
0 554.8 147.475 300 93
0 554.8 147.602 300 93
0 554.8 147.824 300 93
0 554.8 147.91 300 93
0 554.8 148.054 300 93
0 554.8 148.154 300 93
0 554.8 148.216 300 93
0 554.8 148.28 300 93
0 554.8 148.368 300 93
0 554.8 148.475 300 93
0 554.8 148.565 300 93
0 554.8 148.62 300 93
0 554.8 148.709 300 93
0 554.8 148.832 300 93
0 554.8 148.923 300 93
0 554.8 149.007 300 93
0 554.8 149.124 300 93
0 554.8 149.224 300 93
0 554.8 149.392 300 93
0 554.8 149.482 300 93
0 554.8 149.604 300 93
0 554.8 149.867 300 93
0 554.8 149.994 300 93
0 554.8 150.11 300 93
0 554.8 150.24 300 93
0 554.8 150.453 300 93
0 554.8 150.601 300 93
0 554.8 150.771 300 93
0 554.8 150.894 300 93
0 554.8 151.027 300 93
0 554.8 151.146 300 93
0 554.8 151.288 300 93
0 554.8 151.469 300 93
0 554.8 151.61 300 93
0 554.8 151.789 300 93
0 554.8 151.916 300 93
0 554.8 152.079 300 93
0 554.8 152.221 300 93
0 554.8 152.415 300 93
0 554.8 152.544 300 93
0 554.8 152.67 300 93
0 554.8 152.753 300 93
0 554.8 152.878 300 93
0 554.8 152.999 300 93
0 554.8 153.18 300 93
0 554.8 153.291 300 93
0 554.8 153.418 300 93
0 554.8 153.583 300 93
0 554.8 153.797 300 93
0 554.8 153.954 300 93
0 554.8 154.086 300 93
0 554.8 154.244 300 93
0 554.8 154.375 300 93
0 554.8 154.493 300 93
0 554.8 154.634 300 93
0 554.8 154.808 300 93
0 554.8 154.932 300 93
0 554.8 155.048 300 93
0 554.8 155.192 300 93
0 554.8 155.311 300 93
0 554.8 155.434 300 93
0 554.8 155.507 300 93
0 554.8 155.637 300 93
0 554.8 155.829 300 93
0 554.8 155.966 300 93
0 554.8 156.102 300 93
0 554.8 156.215 300 93
0 554.8 156.356 300 93
0 554.8 156.489 300 93
0 554.8 156.619 300 93
0 554.8 156.788 300 93
0 554.8 156.979 300 93
0 554.8 157.101 300 93
0 554.8 157.237 300 93
0 554.8 157.365 300 93
0 554.8 157.485 300 93
0 554.8 157.655 300 93
0 554.8 157.778 300 93
0 554.8 157.901 300 93
0 554.8 158.136 300 93
0 554.8 158.299 300 93
0 554.8 158.429 300 93
0 554.8 158.55 300 93
0 554.8 158.685 300 93
0 554.8 158.853 300 93
0 554.8 158.984 300 93
0 554.8 159.275 300 93
0 554.8 159.401 300 93
0 554.8 159.539 300 93
0 554.8 159.652 300 93
0 554.8 159.813 300 93
0 554.8 159.981 300 93
0 554.8 160.227 300 93
0 554.8 160.362 300 93
0 554.8 160.475 300 93
0 554.8 160.662 300 93
0 554.8 160.75 300 93
0 554.8 160.873 300 93
0 554.8 161.054 300 93
0 554.8 161.18 300 93
0 554.8 161.306 300 93
0 554.8 161.519 300 93
0 554.8 161.648 300 93
0 554.8 161.788 300 93
0 554.8 162.01 300 93
0 554.8 162.207 300 93
0 554.8 162.364 300 93
0 554.8 162.497 300 93
0 554.8 162.623 300 93
0 554.8 162.751 300 93
0 554.8 162.839 300 93
0 554.8 162.964 300 93
0 554.8 163.129 300 93
0 554.8 163.283 300 93
0 554.8 163.419 300 93
0 554.8 163.554 300 93
0 554.8 163.683 300 93
0 554.8 163.814 300 93
0 554.8 163.965 300 93
0 554.8 164.115 300 93
0 554.8 164.319 300 93
0 554.8 164.46 300 93
0 554.8 164.61 300 93
0 554.8 164.749 300 93
0 554.8 164.921 300 93
0 554.8 165.046 300 93
0 554.8 165.251 300 93
0 554.8 165.46 300 93
0 554.8 165.591 300 93
0 554.8 165.679 300 93
0 554.8 165.825 300 93
0 554.8 165.966 300 93
0 554.8 166.055 300 93
0 554.8 166.172 300 93
0 554.8 166.318 300 93
0 554.8 166.472 300 93
0 554.8 166.675 300 93
0 554.8 166.817 300 93
0 554.8 166.955 300 93
0 554.8 167.162 300 93
0 554.8 167.254 300 93
0 554.8 167.395 300 93
0 554.8 167.606 300 93
0 554.8 167.74 300 93
0 554.8 167.923 300 93
0 554.8 168.035 300 93
0 554.8 168.157 300 93
0 554.8 168.274 300 93
0 554.8 168.461 300 93
0 554.8 168.617 300 93
0 554.8 168.829 300 93
0 554.8 168.963 300 93
0 554.8 169.073 300 93
0 554.8 169.194 300 93
0 554.8 169.413 300 93
0 554.8 169.542 300 93
0 554.8 169.755 300 93
0 554.8 169.907 300 93
0 554.8 170.099 300 93
0 554.8 170.206 300 93
0 554.8 170.32 300 93
0 554.8 170.409 300 93
0 554.8 170.547 300 93
0 554.8 170.633 300 93
0 554.8 170.732 300 93
0 554.8 170.821 300 93
0 554.8 170.915 300 93
0 554.8 170.998 300 93
0 554.8 171.081 300 93
0 554.8 171.177 300 93
0 554.8 171.264 300 93
0 554.8 171.359 300 93
0 554.8 171.448 300 93
0 554.8 171.525 300 93
0 554.8 171.645 300 93
0 554.8 171.736 300 93
0 554.8 171.822 300 93
0 554.8 171.945 300 93
0 554.8 172.063 300 93
0 554.8 172.157 300 93
0 554.8 172.232 300 93
0 554.8 172.343 300 93
0 554.8 172.434 300 93
0 554.8 172.531 300 93
0 554.8 172.625 300 93
0 554.8 172.705 300 93
0 554.8 172.805 300 93
0 554.8 172.863 300 93
0 554.8 172.98 300 93
0 554.8 173.075 300 93
0 554.8 173.137 300 93
0 554.8 173.258 300 93
0 554.8 173.345 300 93
0 554.8 173.438 300 93
0 554.8 173.524 300 93
0 554.8 173.633 300 93
0 554.8 173.713 300 93
0 554.8 173.82 300 93
0 554.8 173.907 300 93
0 554.8 173.966 300 93
0 554.8 174.068 300 93
0 554.8 174.206 300 93
0 554.8 174.358 300 93
0 554.8 174.439 300 93
0 554.8 174.605 300 93
0 554.8 174.721 300 93
0 554.8 174.863 300 93
0 554.8 174.947 300 93
0 554.8 175.142 300 93
0 554.8 175.361 300 93
0 554.8 175.526 300 93
0 554.8 175.661 300 93
0 554.8 175.775 300 93
0 554.8 175.924 300 93
0 554.8 176.039 300 93
0 554.8 176.176 300 93
0 554.8 176.306 300 93
0 554.8 176.534 300 93
0 554.8 176.686 300 93
0 554.8 176.871 300 93
0 554.8 176.998 300 93
0 554.8 177.186 300 93
0 554.8 177.311 300 93
0 554.8 177.436 300 93
0 554.8 177.558 300 93
0 554.8 177.679 300 93
0 554.8 177.844 300 93
0 554.8 178.005 300 93
0 554.8 178.135 300 93
0 554.8 178.269 300 93
0 554.8 178.381 300 93
0 554.8 178.544 300 93
0 554.8 178.685 300 93
0 554.8 178.826 300 93
0 554.8 178.949 300 93
0 554.8 179.142 300 93
0 554.8 179.311 300 93
0 554.8 179.445 300 93
0 554.8 179.573 300 93
0 554.8 179.709 300 93
0 554.8 179.833 300 93
0 554.8 179.948 300 93
0 554.8 180.041 300 93
0 554.8 180.175 300 93
0 554.8 180.263 300 93
0 554.8 180.37 300 93
0 554.8 180.489 300 93
0 554.8 180.585 300 93
0 554.8 180.703 300 93
0 554.8 180.789 300 93
0 554.8 180.879 300 93
0 554.8 180.975 300 93
0 554.8 181.094 300 93
0 554.8 181.189 300 93
0 554.8 181.349 300 93
0 554.8 181.472 300 93
0 554.8 181.606 300 93
0 554.8 181.75 300 93
0 554.8 181.885 300 93
0 554.8 182.005 300 93
0 554.8 182.101 300 93
0 554.8 182.24 300 93
0 554.8 182.367 300 93
0 554.8 182.502 300 93
0 554.8 182.646 300 93
0 554.8 182.775 300 93
0 554.8 182.921 300 93
0 554.8 183.07 300 93
0 554.8 183.256 300 93
0 554.8 183.427 300 93
0 554.8 183.545 300 93
0 554.8 183.664 300 93
0 554.8 183.802 300 93
0 554.8 183.943 300 93
0 554.8 184.088 300 93
0 554.8 184.322 300 93
0 554.8 184.415 300 93
0 554.8 184.544 300 93
0 554.8 184.685 300 93
0 554.8 184.819 300 93
0 554.8 185.139 300 93
0 554.8 185.261 300 93
0 554.8 185.411 300 93
0 554.8 185.61 300 93
0 554.8 185.875 300 93
0 554.8 186.028 300 93
0 554.8 186.154 300 93
0 554.8 186.295 300 93
0 554.8 186.442 300 93
0 554.8 186.588 300 93
0 554.8 186.744 300 93
0 554.8 186.915 300 93
0 554.8 187.047 300 93
0 554.8 187.217 300 93
0 554.8 187.352 300 93
0 554.8 187.532 300 93
0 554.8 187.672 300 93
0 554.8 187.804 300 93
0 554.8 188.028 300 93
0 554.8 188.168 300 93
0 554.8 188.309 300 93
0 554.8 188.416 300 93
0 554.8 188.557 300 93
0 554.8 188.704 300 93
0 554.8 188.858 300 93
0 554.8 188.985 300 93
0 554.8 189.111 300 93
0 554.8 189.293 300 93
0 554.8 189.429 300 93
0 554.8 189.611 300 93
0 554.8 189.799 300 93
0 554.8 189.917 300 93
0 554.8 190.054 300 93
0 554.8 190.13 300 93
0 554.8 190.268 300 93
0 554.8 190.454 300 93
0 554.8 190.594 300 93
0 554.8 190.755 300 93
0 554.8 190.901 300 93
0 554.8 191.045 300 93
0 554.8 191.273 300 93
0 554.8 191.409 300 93
0 554.8 191.539 300 93
0 554.8 191.678 300 93
0 554.8 191.819 300 93
0 554.8 191.958 300 93
0 554.8 192.285 300 93
0 554.8 192.415 300 93
0 554.8 192.586 300 93
0 554.8 192.716 300 93
0 554.8 192.862 300 93
0 554.8 192.99 300 93
0 554.8 193.141 300 93
0 554.8 193.29 300 93
0 554.8 193.424 300 93
0 554.8 193.608 300 93
0 554.8 193.87 300 93
0 554.8 194.015 300 93
0 554.8 194.106 300 93
0 554.8 194.249 300 93
0 554.8 194.394 300 93
0 554.8 194.616 300 93
0 554.8 194.735 300 93
0 554.8 194.89 300 93
0 554.8 195.097 300 93
0 554.8 195.236 300 93
0 554.8 195.433 300 93
0 554.8 195.575 300 93
0 554.8 195.726 300 93
0 554.8 195.826 300 93
0 554.8 196.012 300 93
0 554.8 196.162 300 93
0 554.8 196.381 300 93
0 554.8 196.521 300 93
0 554.8 196.697 300 93
0 554.8 196.832 300 93
0 554.8 196.964 300 93
0 554.8 197.114 300 93
0 554.8 197.417 300 93
0 554.8 197.537 300 93
0 554.8 197.761 300 93
0 554.8 197.891 300 93
0 554.8 198.016 300 93
0 554.8 198.137 300 93
0 554.8 198.266 300 93
0 554.8 198.394 300 93
0 554.8 198.578 300 93
0 554.8 198.753 300 93
0 554.8 198.906 300 93
0 554.8 199.058 300 93
0 554.8 199.194 300 93
0 554.8 199.329 300 93
0 554.8 199.454 300 93
0 554.8 199.578 300 93
0 554.8 199.725 300 93
0 554.8 200.058 300 93
0 554.8 200.191 300 93
0 554.8 200.314 300 93
0 554.8 200.439 300 93
0 554.8 200.59 300 93
0 554.8 200.725 300 93
0 554.8 200.81 300 93
0 554.8 200.903 300 93
0 554.8 201.016 300 93
0 554.8 201.154 300 93
0 554.8 201.347 300 93
0 554.8 201.478 300 93
0 554.8 201.599 300 93
0 554.8 201.725 300 93
0 554.8 201.94 300 93
0 554.8 202.057 300 93
0 554.8 202.326 300 93
0 554.8 202.487 300 93
0 554.8 202.665 300 93
0 554.8 202.813 300 93
0 554.8 203.016 300 93
0 554.8 203.146 300 93
0 554.8 203.271 300 93
0 554.8 203.402 300 93
0 554.8 203.554 300 93
0 554.8 203.673 300 93
0 554.8 203.877 300 93
0 554.8 204.007 300 93
0 554.8 204.138 300 93
0 554.8 204.261 300 93
0 554.8 204.4 300 93
0 554.8 204.491 300 93
0 554.8 204.625 300 93
0 554.8 204.808 300 93
0 554.8 205.032 300 93
0 554.8 205.25 300 93
0 554.8 205.341 300 93
0 554.8 205.516 300 93
0 554.8 205.658 300 93
0 554.8 205.788 300 93
0 554.8 205.914 300 93
0 554.8 206.064 300 93
0 554.8 206.298 300 93
0 554.8 206.437 300 93
0 554.8 206.56 300 93
0 554.8 206.687 300 93
0 554.8 206.829 300 93
0 554.8 206.958 300 93
0 554.8 207.183 300 93
0 554.8 207.319 300 93
0 554.8 207.448 300 93
0 554.8 207.585 300 93
0 554.8 207.727 300 93
0 554.8 207.863 300 93
0 554.8 208.028 300 93
0 554.8 208.145 300 93
0 554.8 208.28 300 93
0 554.8 208.429 300 93
0 554.8 208.577 300 93
0 554.8 208.855 300 93
0 554.8 209.002 300 93
0 554.8 209.099 300 93
0 554.8 209.22 300 93
0 554.8 209.402 300 93
0 554.8 209.529 300 93
0 554.8 209.669 300 93
0 554.8 209.897 300 93
0 554.8 210.042 300 93
0 554.8 210.178 300 93
0 554.8 210.298 300 93
0 554.8 210.454 300 93
0 554.8 210.57 300 93
0 554.8 210.703 300 93
0 554.8 210.911 300 93
0 554.8 211.19 300 93
0 554.8 211.32 300 93
0 554.8 211.478 300 93
0 554.8 211.547 300 93
0 554.8 211.664 300 93
0 554.8 211.868 300 93
0 554.8 212.044 300 93
0 554.8 212.178 300 93
0 554.8 212.324 300 93
0 554.8 212.456 300 93
0 554.8 212.58 300 93
0 554.8 212.767 300 93
0 554.8 212.889 300 93
0 554.8 213.022 300 93
0 554.8 213.132 300 93
0 554.8 213.262 300 93
0 554.8 213.353 300 93
0 554.8 213.487 300 93
0 554.8 213.629 300 93
0 554.8 213.852 300 93
0 554.8 213.983 300 93
0 554.8 214.199 300 93
0 554.8 214.333 300 93
0 554.8 214.455 300 93
0 554.8 214.597 300 93
0 554.8 214.729 300 93
0 554.8 214.859 300 93
0 554.8 214.956 300 93
0 554.8 215.091 300 93
0 554.8 215.267 300 93
0 554.8 215.405 300 93
0 554.8 215.634 300 93
0 554.8 215.762 300 93
0 554.8 215.899 300 93
0 554.8 216.048 300 93
0 554.8 216.215 300 93
0 554.8 216.35 300 93
0 554.8 216.482 300 93
0 554.8 216.609 300 93
0 554.8 216.721 300 93
0 554.8 216.858 300 93
0 554.8 217.072 300 93
0 554.8 217.195 300 93
0 554.8 217.328 300 93
0 554.8 217.481 300 93
0 554.8 217.61 300 93
0 554.8 217.723 300 93
0 554.8 217.878 300 93
0 554.8 217.987 300 93
0 554.8 218.122 300 93
0 554.8 218.23 300 93
0 554.8 218.366 300 93
0 554.8 218.526 300 93
0 554.8 218.648 300 93
0 554.8 218.772 300 93
0 554.8 219.017 300 93
0 554.8 219.235 300 93
0 554.8 219.388 300 93
0 554.8 219.56 300 93
0 554.8 219.705 300 93
0 554.8 219.825 300 93
0 554.8 219.971 300 93
0 554.8 220.092 300 93
0 554.8 220.252 300 93
0 554.8 220.398 300 93
0 554.8 220.63 300 93
0 554.8 220.763 300 93
0 554.8 220.942 300 93
0 554.8 221.113 300 93
0 554.8 221.244 300 93
0 554.8 221.401 300 93
0 554.8 221.53 300 93
0 554.8 221.674 300 93
0 554.8 221.796 300 93
0 554.8 221.946 300 93
0 554.8 222.121 300 93
0 554.8 222.253 300 93
0 554.8 222.385 300 93
0 554.8 222.535 300 93
0 554.8 222.662 300 93
0 554.8 222.798 300 93
0 554.8 222.922 300 93
0 554.8 223.099 300 93
0 554.8 223.226 300 93
0 554.8 223.346 300 93
0 554.8 223.464 300 93
0 554.8 223.639 300 93
0 554.8 223.769 300 93
0 554.8 223.907 300 93
0 554.8 224.048 300 93
0 554.8 224.187 300 93
0 554.8 224.323 300 93
0 554.8 224.455 300 93
0 554.8 224.609 300 93
0 554.8 224.772 300 93
0 554.8 224.94 300 93
0 554.8 225.085 300 93
0 554.8 225.223 300 93
0 554.8 225.361 300 93
0 554.8 225.474 300 93
0 554.8 225.598 300 93
0 554.8 225.751 300 93
0 554.8 225.914 300 93
0 554.8 226.061 300 93
0 554.8 226.181 300 93
0 554.8 226.303 300 93
0 554.8 226.478 300 93
0 554.8 226.631 300 93
0 554.8 226.803 300 93
0 554.8 226.941 300 93
0 554.8 227.065 300 93
0 554.8 227.198 300 93
0 554.8 227.321 300 93
0 554.8 227.478 300 93
0 554.8 227.61 300 93
0 554.8 227.697 300 93
0 554.8 227.875 300 93
0 554.8 227.993 300 93
0 554.8 228.127 300 93
0 554.8 228.376 300 93
0 554.8 228.5 300 93
0 554.8 228.64 300 93
0 554.8 228.723 300 93
0 554.8 228.847 300 93
0 554.8 228.98 300 93
0 554.8 229.1 300 93
0 554.8 229.229 300 93
0 554.8 229.342 300 93
0 554.8 229.462 300 93
0 554.8 229.581 300 93
0 554.8 229.708 300 93
0 554.8 229.833 300 93
0 554.8 229.968 300 93
0 554.8 230.087 300 93
0 554.8 230.219 300 93
0 554.8 230.339 300 93
0 554.8 230.559 300 93
0 554.8 230.684 300 93
0 554.8 230.809 300 93
0 554.8 230.899 300 93
0 554.8 231.032 300 93
0 554.8 231.169 300 93
0 554.8 231.372 300 93
0 554.8 231.51 300 93
0 554.8 231.629 300 93
0 554.8 231.831 300 93
0 554.8 231.987 300 93
0 554.8 232.16 300 93
0 554.8 232.286 300 93
0 554.8 232.432 300 93
0 554.8 232.553 300 93
0 554.8 232.669 300 93
0 554.8 232.877 300 93
0 554.8 233.01 300 93
0 554.8 233.275 300 93
0 554.8 233.413 300 93
0 554.8 233.546 300 93
0 554.8 233.707 300 93
0 554.8 233.822 300 93
0 554.8 233.996 300 93
0 554.8 234.132 300 93
0 554.8 234.266 300 93
0 554.8 234.39 300 93
0 554.8 234.477 300 93
0 554.8 234.671 300 93
0 554.8 234.765 300 93
0 554.8 234.97 300 93
0 554.8 235.098 300 93
0 554.8 235.323 300 93
0 554.8 235.456 300 93
0 554.8 235.589 300 93
0 554.8 235.732 300 93
0 554.8 235.859 300 93
0 554.8 235.997 300 93
0 554.8 236.139 300 93
0 554.8 236.274 300 93
0 554.8 236.406 300 93
0 554.8 236.521 300 93
0 554.8 236.656 300 93
0 554.8 236.808 300 93
0 554.8 236.948 300 93
0 554.8 237.093 300 93
0 554.8 237.229 300 93
0 554.8 237.408 300 93
0 554.8 237.585 300 93
0 554.8 237.712 300 93
0 554.8 237.988 300 93
0 554.8 238.109 300 93
0 554.8 238.304 300 93
0 554.8 238.428 300 93
0 554.8 238.609 300 93
0 554.8 238.744 300 93
0 554.8 238.83 300 93
0 554.8 238.974 300 93
0 554.8 239.088 300 93
0 554.8 239.22 300 93
0 554.8 239.35 300 93
0 554.8 239.441 300 93
0 554.8 239.627 300 93
0 554.8 239.775 300 93
0 554.8 239.922 300 93
0 554.8 240.137 300 93
0 554.8 240.272 300 93
0 554.8 240.388 300 93
0 554.8 240.588 300 93
0 554.8 240.732 300 93
0 554.8 240.857 300 93
0 554.8 241.044 300 93
0 554.8 241.178 300 93
0 554.8 241.324 300 93
0 554.8 241.453 300 93
0 554.8 241.585 300 93
0 554.8 241.755 300 93
0 554.8 241.853 300 93
0 554.8 241.99 300 93
0 554.8 242.123 300 93
0 554.8 242.254 300 93
0 554.8 242.378 300 93
0 554.8 242.517 300 93
0 554.8 242.663 300 93
0 554.8 242.83 300 93
0 554.8 242.96 300 93
0 554.8 243.099 300 93
0 554.8 243.29 300 93
0 554.8 243.425 300 93
0 554.8 243.566 300 93
0 554.8 243.774 300 93
0 554.8 243.998 300 93
0 554.8 244.259 300 93
0 554.8 244.399 300 93
0 554.8 244.517 300 93
0 554.8 244.644 300 93
0 554.8 244.832 300 93
0 554.8 244.986 300 93
0 554.8 245.17 300 93
0 554.8 245.332 300 93
0 554.8 245.536 300 93
0 554.8 245.746 300 93
0 554.8 245.954 300 93
0 554.8 246.076 300 93
0 554.8 246.2 300 93
0 554.8 246.348 300 93
0 554.8 246.497 300 93
0 554.8 246.635 300 93
0 554.8 246.763 300 93
0 554.8 246.913 300 93
0 554.8 247.054 300 93
0 554.8 247.334 300 93
0 554.8 247.499 300 93
0 554.8 247.636 300 93
0 554.8 247.789 300 93
0 554.8 247.911 300 93
0 554.8 248.037 300 93
0 554.8 248.182 300 93
0 554.8 248.313 300 93
0 554.8 248.443 300 93
0 554.8 248.615 300 93
0 554.8 248.853 300 93
0 554.8 249.03 300 93
0 554.8 249.158 300 93
0 554.8 249.305 300 93
0 554.8 249.427 300 93
0 554.8 249.553 300 93
0 554.8 249.742 300 93
0 554.8 249.874 300 93
0 554.8 250.009 300 93
0 554.8 250.217 300 93
0 554.8 250.402 300 93
0 554.8 250.62 300 93
0 554.8 250.763 300 93
0 554.8 250.892 300 93
0 554.8 251.024 300 93
0 554.8 251.161 300 93
0 554.8 251.29 300 93
0 554.8 251.504 300 93
0 554.8 251.636 300 93
0 554.8 251.757 300 93
0 554.8 251.897 300 93
0 554.8 252.048 300 93
0 554.8 252.245 300 93
0 554.8 252.386 300 93
0 554.8 252.517 300 93
0 554.8 252.648 300 93
0 554.8 252.838 300 93
0 554.8 252.983 300 93
0 554.8 253.107 300 93
0 554.8 253.248 300 93
0 554.8 253.406 300 93
0 554.8 253.587 300 93
0 554.8 253.744 300 93
0 554.8 253.871 300 93
0 554.8 253.992 300 93
0 554.8 254.268 300 93
0 554.8 254.515 300 93
0 554.8 254.607 300 93
0 554.8 254.736 300 93
0 554.8 254.861 300 93
0 554.8 254.977 300 93
0 554.8 255.108 300 93
0 554.8 255.244 300 93
0 554.8 255.398 300 93
0 554.8 255.608 300 93
0 554.8 255.786 300 93
0 554.8 255.907 300 93
0 554.8 256.104 300 93
0 554.8 256.234 300 93
0 554.8 256.378 300 93
0 554.8 256.499 300 93
0 554.8 256.623 300 93
0 554.8 256.844 300 93
0 554.8 256.974 300 93
0 554.8 257.105 300 93
0 554.8 257.262 300 93
0 554.8 257.438 300 93
0 554.8 257.569 300 93
0 554.8 257.694 300 93
0 554.8 257.854 300 93
0 554.8 258.085 300 93
0 554.8 258.181 300 93
0 554.8 258.315 300 93
0 554.8 258.442 300 93
0 554.8 258.639 300 93
0 554.8 258.781 300 93
0 554.8 258.911 300 93
0 554.8 259.13 300 93
0 554.8 259.261 300 93
0 554.8 259.43 300 93
0 554.8 259.517 300 93
0 554.8 259.66 300 93
0 554.8 259.771 300 93
0 554.8 259.896 300 93
0 554.8 260.044 300 93
0 554.8 260.218 300 93
0 554.8 260.364 300 93
0 554.8 260.498 300 93
0 554.8 260.629 300 93
0 554.8 260.807 300 93
0 554.8 260.937 300 93
0 554.8 261.076 300 93
0 554.8 261.325 300 93
0 554.8 261.464 300 93
0 554.8 261.641 300 93
0 554.8 261.774 300 93
0 554.8 261.958 300 93
0 554.8 262.095 300 93
0 554.8 262.237 300 93
0 554.8 262.418 300 93
0 554.8 262.536 300 93
0 554.8 262.74 300 93
0 554.8 262.872 300 93
0 554.8 263.021 300 93
0 554.8 263.174 300 93
0 554.8 263.311 300 93
0 554.8 263.455 300 93
0 554.8 263.595 300 93
0 554.8 263.727 300 93
0 554.8 263.887 300 93
0 554.8 264.012 300 93
0 554.8 264.16 300 93
0 554.8 264.345 300 93
0 554.8 264.476 300 93
0 554.8 264.616 300 93
0 554.8 264.754 300 93
0 554.8 264.885 300 93
0 554.8 265.025 300 93
0 554.8 265.149 300 93
0 554.8 265.285 300 93
0 554.8 265.447 300 93
0 554.8 265.584 300 93
0 554.8 265.716 300 93
0 554.8 265.8 300 93
0 554.8 265.925 300 93
0 554.8 266.06 300 93
0 554.8 266.212 300 93
0 554.8 266.344 300 93
0 554.8 266.476 300 93
0 554.8 266.619 300 93
0 554.8 266.806 300 93
0 554.8 266.937 300 93
0 554.8 267.077 300 93
0 554.8 267.228 300 93
0 554.8 267.413 300 93
0 554.8 267.534 300 93
0 554.8 267.809 300 93
0 554.8 267.936 300 93
0 554.8 268.084 300 93
0 554.8 268.224 300 93
0 554.8 268.339 300 93
0 554.8 268.507 300 93
0 554.8 268.739 300 93
0 554.8 268.929 300 93
0 554.8 269.072 300 93
0 554.8 269.184 300 93
0 554.8 269.495 300 93
0 554.8 269.622 300 93
0 554.8 269.768 300 93
0 554.8 269.961 300 93
0 554.8 270.088 300 93
0 554.8 270.308 300 93
0 554.8 270.437 300 93
0 554.8 270.698 300 93
0 554.8 270.837 300 93
0 554.8 271.012 300 93
0 554.8 271.16 300 93
0 554.8 271.289 300 93
0 554.8 271.432 300 93
0 554.8 271.555 300 93
0 554.8 271.825 300 93
0 554.8 272.001 300 93
0 554.8 272.223 300 93
0 554.8 272.358 300 93
0 554.8 272.49 300 93
0 554.8 272.632 300 93
0 554.8 272.776 300 93
0 554.8 272.924 300 93
0 554.8 273.05 300 93
0 554.8 273.178 300 93
0 554.8 273.362 300 93
0 554.8 273.485 300 93
0 554.8 273.623 300 93
0 554.8 273.85 300 93
0 554.8 273.987 300 93
0 554.8 274.075 300 93
0 554.8 274.19 300 93
0 554.8 274.389 300 93
0 554.8 274.517 300 93
0 554.8 274.705 300 93
0 554.8 274.845 300 93
0 554.8 275.062 300 93
0 554.8 275.213 300 93
0 554.8 275.355 300 93
0 554.8 275.538 300 93
0 554.8 275.694 300 93
0 554.8 275.833 300 93
0 554.8 276.054 300 93
0 554.8 276.213 300 93
0 554.8 276.366 300 93
0 554.8 276.506 300 93
0 554.8 276.637 300 93
0 554.8 276.774 300 93
0 554.8 276.908 300 93
0 554.8 277.051 300 93
0 554.8 277.219 300 93
0 554.8 277.372 300 93
0 554.8 277.552 300 93
0 554.8 277.687 300 93
0 554.8 277.841 300 93
0 554.8 277.969 300 93
0 554.8 278.158 300 93
0 554.8 278.298 300 93
0 554.8 278.474 300 93
0 554.8 278.622 300 93
0 554.8 278.79 300 93
0 554.8 278.934 300 93
0 554.8 279.116 300 93
0 554.8 279.387 300 93
0 554.8 279.523 300 93
0 554.8 279.69 300 93
0 554.8 279.827 300 93
0 554.8 279.943 300 93
0 554.8 280.087 300 93
0 554.8 280.276 300 93
0 554.8 280.503 300 93
0 554.8 280.686 300 93
0 554.8 280.824 300 93
0 554.8 280.974 300 93
0 554.8 281.11 300 93
0 554.8 281.314 300 93
0 554.8 281.444 300 93
0 554.8 281.562 300 93
0 554.8 281.705 300 93
0 554.8 281.881 300 93
0 554.8 282.007 300 93
0 554.8 282.137 300 93
0 554.8 282.273 300 93
0 554.8 282.486 300 93
0 554.8 282.629 300 93
0 554.8 282.79 300 93
0 554.8 282.924 300 93
0 554.8 283.068 300 93
0 554.8 283.305 300 93
0 554.8 283.441 300 93
0 554.8 283.588 300 93
0 554.8 283.723 300 93
0 554.8 283.854 300 93
0 554.8 283.988 300 93
0 554.8 284.117 300 93
0 554.8 284.296 300 93
0 554.8 284.439 300 93
0 554.8 284.522 300 93
0 554.8 284.7 300 93
0 554.8 284.891 300 93
0 554.8 285.028 300 93
0 554.8 285.212 300 93
0 554.8 285.474 300 93
0 554.8 285.576 300 93
0 554.8 285.707 300 93
0 554.8 285.873 300 93
0 554.8 285.998 300 93
0 554.8 286.154 300 93
0 554.8 286.289 300 93
0 554.8 286.423 300 93
0 554.8 286.551 300 93
0 554.8 286.683 300 93
0 554.8 286.865 300 93
0 554.8 286.999 300 93
0 554.8 287.086 300 93
0 554.8 287.288 300 93
0 554.8 287.424 300 93
0 554.8 287.609 300 93
0 554.8 287.748 300 93
0 554.8 287.875 300 93
0 554.8 288.007 300 93
0 554.8 288.13 300 93
0 554.8 288.265 300 93
0 554.8 288.423 300 93
0 554.8 288.593 300 93
0 554.8 288.944 300 93
0 554.8 289.088 300 93
0 554.8 289.268 300 93
0 554.8 289.399 300 93
0 554.8 289.549 300 93
0 554.8 289.684 300 93
0 554.8 289.815 300 93
0 554.8 290.031 300 93
0 554.8 290.164 300 93
0 554.8 290.259 300 93
0 554.8 290.405 300 93
0 554.8 290.6 300 93
0 554.8 290.743 300 93
0 554.8 290.837 300 93
0 554.8 291.043 300 93
0 554.8 291.164 300 93
0 554.8 291.308 300 93
0 554.8 291.476 300 93
0 554.8 291.626 300 93
0 554.8 291.774 300 93
0 554.8 291.94 300 93
0 554.8 292.175 300 93
0 554.8 292.304 300 93
0 554.8 292.542 300 93
0 554.8 292.768 300 93
0 554.8 292.915 300 93
0 554.8 293.055 300 93
0 554.8 293.285 300 93
0 554.8 293.431 300 93
0 554.8 293.565 300 93
0 554.8 293.692 300 93
0 554.8 293.83 300 93
0 554.8 293.961 300 93
0 554.8 294.087 300 93
0 554.8 294.221 300 93
0 554.8 294.37 300 93
0 554.8 294.498 300 93
0 554.8 294.678 300 93
0 554.8 294.798 300 93
0 554.8 294.934 300 93
0 554.8 295.061 300 93
0 554.8 295.202 300 93
0 554.8 295.438 300 93
0 554.8 295.565 300 93
0 554.8 295.817 300 93
0 554.8 295.956 300 93
0 554.8 296.099 300 93
0 554.8 296.236 300 93
0 554.8 296.338 300 93
0 554.8 296.472 300 93
0 554.8 296.611 300 93
0 554.8 296.726 300 93
0 554.8 296.94 300 93
0 554.8 297.071 300 93
0 554.8 297.207 300 93
0 554.8 297.332 300 93
0 554.8 297.467 300 93
0 554.8 297.605 300 93
0 554.8 297.768 300 93
0 554.8 297.908 300 93
0 554.8 298.044 300 93
0 554.8 298.175 300 93
0 554.8 298.325 300 93
0 554.8 298.544 300 93
0 554.8 298.676 300 93
0 554.8 298.863 300 93
0 554.8 298.987 300 93
0 554.8 299.123 300 93
0 554.8 299.253 300 93
0 554.8 299.441 300 93
0 554.8 299.572 300 93
0 554.8 299.667 300 93
0 554.8 299.852 300 93
0 554.8 300.011 300 93
0 554.8 300.165 300 93
0 554.8 300.302 300 93
0 554.8 300.434 300 93
0 554.8 300.658 300 93
0 554.8 300.793 300 93
0 554.8 300.92 300 93
0 554.8 301.141 300 93
0 554.8 301.283 300 93
0 554.8 301.496 300 93
0 554.8 301.591 300 93
0 554.8 301.776 300 93
0 554.8 301.992 300 93
0 554.8 302.184 300 93
0 554.8 302.39 300 93
0 554.8 302.533 300 93
0 554.8 302.666 300 93
0 554.8 302.849 300 93
0 554.8 302.99 300 93
0 554.8 303.126 300 93
0 554.8 303.244 300 93
0 554.8 303.386 300 93
0 554.8 303.522 300 93
0 554.8 303.645 300 93
0 554.8 303.802 300 93
0 554.8 303.924 300 93
0 554.8 304.07 300 93
0 554.8 304.229 300 93
0 554.8 304.373 300 93
0 554.8 304.514 300 93
0 554.8 304.693 300 93
0 554.8 304.874 300 93
0 554.8 305.058 300 93
0 554.8 305.227 300 93
0 554.8 305.415 300 93
0 554.8 305.626 300 93
0 554.8 305.728 300 93
0 554.8 305.857 300 93
0 554.8 306.08 300 93
0 554.8 306.214 300 93
0 554.8 306.335 300 93
0 554.8 306.473 300 93
0 554.8 306.657 300 93
0 554.8 306.752 300 93
0 554.8 306.848 300 93
0 554.8 307.014 300 93
0 554.8 307.185 300 93
0 554.8 307.33 300 93
0 554.8 307.497 300 93
0 554.8 307.643 300 93
0 554.8 307.782 300 93
0 554.8 308.144 300 93
0 554.8 308.274 300 93
0 554.8 308.412 300 93
0 554.8 308.625 300 93
0 554.8 308.753 300 93
0 554.8 308.923 300 93
0 554.8 309.126 300 93
0 554.8 309.423 300 93
0 554.8 309.563 300 93
0 554.8 309.703 300 93
0 554.8 309.96 300 93
0 554.8 310.102 300 93
0 554.8 310.265 300 93
0 554.8 310.388 300 93
0 554.8 310.531 300 93
0 554.8 310.613 300 93
0 554.8 310.7 300 93
0 554.8 310.837 300 93
0 554.8 310.953 300 93
0 554.8 311.071 300 93
0 554.8 311.202 300 93
0 554.8 311.345 300 93
0 554.8 311.598 300 93
0 554.8 311.723 300 93
0 554.8 311.857 300 93
0 554.8 311.99 300 93
0 554.8 312.179 300 93
0 554.8 312.298 300 93
0 554.8 312.475 300 93
0 554.8 312.71 300 93
0 554.8 312.844 300 93
0 554.8 312.992 300 93
0 554.8 313.078 300 93
0 554.8 313.208 300 93
0 554.8 313.379 300 93
0 554.8 313.505 300 93
0 554.8 313.708 300 93
0 554.8 313.786 300 93
0 554.8 313.951 300 93
0 554.8 314.192 300 93
0 554.8 314.345 300 93
0 554.8 314.526 300 93
0 554.8 314.688 300 93
0 554.8 314.8 300 93
0 554.8 314.892 300 93
0 554.8 315.028 300 93
0 554.8 315.154 300 93
0 554.8 315.286 300 93
0 554.8 315.409 300 93
0 554.8 315.538 300 93
0 554.8 315.658 300 93
0 554.8 315.782 300 93
0 554.8 315.914 300 93
0 554.8 316.095 300 93
0 554.8 316.21 300 93
0 554.8 316.335 300 93
0 554.8 316.467 300 93
0 554.8 316.592 300 93
0 554.8 316.74 300 93
0 554.8 316.866 300 93
0 554.8 317.064 300 93
0 554.8 317.204 300 93
0 554.8 317.374 300 93
0 554.8 317.499 300 93
0 554.8 317.645 300 93
0 554.8 317.771 300 93
0 554.8 317.891 300 93
0 554.8 318.1 300 93
0 554.8 318.321 300 93
0 554.8 318.454 300 93
0 554.8 318.569 300 93
0 554.8 318.689 300 93
0 554.8 318.811 300 93
0 554.8 318.97 300 93
0 554.8 319.085 300 93
0 554.8 319.226 300 93
0 554.8 319.357 300 93
0 554.8 319.503 300 93
0 554.8 319.626 300 93
0 554.8 319.762 300 93
0 554.8 319.937 300 93
0 554.8 320.079 300 93
0 554.8 320.206 300 93
0 554.8 320.34 300 93
0 554.8 320.429 300 93
0 554.8 320.548 300 93
0 554.8 320.693 300 93
0 554.8 320.821 300 93
0 554.8 320.987 300 93
0 554.8 321.124 300 93
0 554.8 321.263 300 93
0 554.8 321.363 300 93
0 554.8 321.475 300 93
0 554.8 321.572 300 93
0 554.8 321.667 300 93
0 554.8 321.759 300 93
0 554.8 321.838 300 93
0 554.8 321.934 300 93
0 554.8 322.054 300 93
0 554.8 322.184 300 93
0 554.8 322.275 300 93
0 554.8 322.366 300 93
0 554.8 322.428 300 93
0 554.8 322.513 300 93
0 554.8 322.622 300 93
0 554.8 322.76 300 93
0 554.8 322.904 300 93
0 554.8 323.001 300 93
0 554.8 323.109 300 93
0 554.8 323.257 300 93
0 554.8 323.346 300 93
0 554.8 323.435 300 93
0 554.8 323.51 300 93
0 554.8 323.601 300 93
0 554.8 323.689 300 93
0 554.8 323.773 300 93
0 554.8 323.868 300 93
0 554.8 324.001 300 93
0 554.8 324.128 300 93
0 554.8 324.351 300 93
0 554.8 324.5 300 93
0 554.8 324.634 300 93
0 554.8 324.858 300 93
0 554.8 325.089 300 93
0 554.8 325.339 300 93
0 554.8 325.521 300 93
0 554.8 325.661 300 93
0 554.8 325.877 300 93
0 554.8 326.035 300 93
0 554.8 326.178 300 93
0 554.8 326.315 300 93
0 554.8 326.459 300 93
0 554.8 326.577 300 93
0 554.8 326.716 300 93
0 554.8 326.938 300 93
0 554.8 327.211 300 93
0 554.8 327.354 300 93
0 554.8 327.578 300 93
0 554.8 327.752 300 93
0 554.8 327.847 300 93
0 554.8 327.998 300 93
0 554.8 328.083 300 93
0 554.8 328.176 300 93
0 554.8 328.263 300 93
0 554.8 328.347 300 93
0 554.8 328.553 300 93
0 554.8 328.648 300 93
0 554.8 328.721 300 93
0 554.8 328.868 300 93
0 554.8 328.957 300 93
0 554.8 329.068 300 93
0 554.8 329.153 300 93
0 554.8 329.274 300 93
0 554.8 329.358 300 93
0 554.8 329.445 300 93
0 554.8 329.62 300 93
0 554.8 329.68 300 93
0 554.8 329.779 300 93
0 554.8 329.896 300 93
0 554.8 329.992 300 93
0 554.8 330.084 300 93
0 554.8 330.171 300 93
0 554.8 330.306 300 93
0 554.8 330.496 300 93
0 554.8 330.628 300 93
0 554.8 330.782 300 93
0 554.8 330.937 300 93
0 554.8 331.087 300 93
0 554.8 331.225 300 93
0 554.8 331.308 300 93
0 554.8 331.421 300 93
0 554.8 331.544 300 93
0 554.8 331.659 300 93
0 554.8 331.822 300 93
0 554.8 331.942 300 93
0 554.8 332.064 300 93
0 554.8 332.184 300 93
0 554.8 332.358 300 93
0 554.8 332.489 300 93
0 554.8 332.58 300 93
0 554.8 332.664 300 93
0 554.8 332.766 300 93
0 554.8 332.989 300 93
0 554.8 333.114 300 93
0 554.8 333.377 300 93
0 554.8 333.579 300 93
0 554.8 333.719 300 93
0 554.8 333.815 300 93
0 554.8 333.897 300 93
0 554.8 334.02 300 93
0 554.8 334.117 300 93
0 554.8 334.258 300 93
0 554.8 334.341 300 93
0 554.8 334.42 300 93
0 554.8 334.539 300 93
0 554.8 334.626 300 93
0 554.8 334.734 300 93
0 554.8 334.848 300 93
0 554.8 335.038 300 93
0 554.8 335.12 300 93
0 554.8 335.26 300 93
0 554.8 335.356 300 93
0 554.8 335.45 300 93
0 554.8 335.531 300 93
0 554.8 335.621 300 93
0 554.8 335.747 300 93
0 554.8 335.833 300 93
0 554.8 335.902 300 93
0 554.8 336.018 300 93
0 554.8 336.108 300 93
0 554.8 336.238 300 93
0 554.8 336.356 300 93
0 554.8 336.492 300 93
0 554.8 336.62 300 93
0 554.8 336.777 300 93
0 554.8 336.868 300 93
0 554.8 336.994 300 93
0 554.8 337.153 300 93
0 554.8 337.278 300 93
0 554.8 337.395 300 93
0 554.8 337.627 300 93
0 554.8 337.754 300 93
0 554.8 337.912 300 93
0 554.8 338.033 300 93
0 554.8 338.184 300 93
0 554.8 338.324 300 93
0 554.8 338.489 300 93
0 554.8 338.605 300 93
0 554.8 338.729 300 93
0 554.8 338.859 300 93
0 554.8 339.06 300 93
0 554.8 339.143 300 93
0 554.8 339.303 300 93
0 554.8 339.43 300 93
0 554.8 339.65 300 93
0 554.8 339.815 300 93
0 554.8 340.04 300 93
0 554.8 340.163 300 93
0 554.8 340.248 300 93
0 554.8 340.429 300 93
0 554.8 340.612 300 93
0 554.8 340.693 300 93
0 554.8 340.828 300 93
0 554.8 340.953 300 93
0 554.8 341.101 300 93
0 554.8 341.314 300 93
0 554.8 341.421 300 93
0 554.8 341.61 300 93
0 554.8 341.723 300 93
0 554.8 341.88 300 93
0 554.8 342.088 300 93
0 554.8 342.224 300 93
0 554.8 342.441 300 93
0 554.8 342.66 300 93
0 554.8 342.777 300 93
0 554.8 342.862 300 93
0 554.8 342.999 300 93
0 554.8 343.084 300 93
0 554.8 343.219 300 93
0 554.8 343.304 300 93
0 554.8 343.439 300 93
0 554.8 343.576 300 93
0 554.8 343.706 300 93
0 554.8 343.836 300 93
0 554.8 343.979 300 93
0 554.8 344.065 300 93
0 554.8 344.277 300 93
0 554.8 344.408 300 93
0 554.8 344.529 300 93
0 554.8 344.66 300 93
0 554.8 344.774 300 93
0 554.8 344.902 300 93
0 554.8 345.063 300 93
0 554.8 345.191 300 93
0 554.8 345.332 300 93
0 554.8 345.461 300 93
0 554.8 345.577 300 93
0 554.8 345.688 300 93
0 554.8 345.778 300 93
0 554.8 346.028 300 93
0 554.8 346.153 300 93
0 554.8 346.288 300 93
0 554.8 346.43 300 93
0 554.8 346.564 300 93
0 554.8 346.786 300 93
0 554.8 346.925 300 93
0 554.8 347.057 300 93
0 554.8 347.197 300 93
0 554.8 347.327 300 93
0 554.8 347.458 300 93
0 554.8 347.585 300 93
0 554.8 347.716 300 93
0 554.8 347.921 300 93
0 554.8 348.049 300 93
0 554.8 348.131 300 93
0 554.8 348.239 300 93
0 554.8 348.318 300 93
0 554.8 348.458 300 93
0 554.8 348.563 300 93
0 554.8 348.683 300 93
0 554.8 348.836 300 93
0 554.8 348.964 300 93
0 554.8 349.085 300 93
0 554.8 349.21 300 93
0 554.8 349.364 300 93
0 554.8 349.542 300 93
0 554.8 349.674 300 93
0 554.8 349.819 300 93
0 554.8 349.94 300 93
0 554.8 350.082 300 93
0 554.8 350.29 300 93
0 554.8 350.433 300 93
0 554.8 350.582 300 93
0 554.8 350.762 300 93
0 554.8 350.947 300 93
0 554.8 351.076 300 93
0 554.8 351.218 300 93
0 554.8 351.314 300 93
0 554.8 351.41 300 93
0 554.8 351.627 300 93
0 554.8 351.929 300 93
0 554.8 352.052 300 93
0 554.8 352.195 300 93
0 554.8 352.322 300 93
0 554.8 352.517 300 93
0 554.8 352.665 300 93
0 554.8 352.815 300 93
0 554.8 352.951 300 93
0 554.8 353.089 300 93
0 554.8 353.22 300 93
0 554.8 353.421 300 93
0 554.8 353.51 300 93
0 554.8 353.669 300 93
0 554.8 353.807 300 93
0 554.8 353.977 300 93
0 554.8 354.123 300 93
0 554.8 354.27 300 93
0 554.8 354.462 300 93
0 554.8 354.595 300 93
0 554.8 354.687 300 93
0 554.8 354.826 300 93
0 554.8 355.012 300 93
0 554.8 355.143 300 93
0 554.8 355.264 300 93
0 554.8 355.409 300 93
0 554.8 355.681 300 93
0 554.8 355.82 300 93
0 554.8 355.965 300 93
0 554.8 356.188 300 93
0 554.8 356.327 300 93
0 554.8 356.419 300 93
0 554.8 356.549 300 93
0 554.8 356.674 300 93
0 554.8 356.853 300 93
0 554.8 356.995 300 93
0 554.8 357.136 300 93
0 554.8 357.31 300 93
0 554.8 357.54 300 93
0 554.8 357.683 300 93
0 554.8 357.782 300 93
0 554.8 357.908 300 93
0 554.8 358.053 300 93
0 554.8 358.25 300 93
0 554.8 358.407 300 93
0 554.8 358.542 300 93
0 554.8 358.657 300 93
0 554.8 358.798 300 93
0 554.8 358.961 300 93
0 554.8 359.08 300 93
0 554.8 359.238 300 93
0 554.8 359.387 300 93
0 554.8 359.525 300 93
0 554.8 359.66 300 93
0 554.8 359.804 300 93
0 554.8 359.942 300 93
0 554.8 360.175 300 93
0 554.8 360.308 300 93
0 554.8 360.444 300 93
0 554.8 360.566 300 93
0 554.8 360.655 300 93
0 554.8 360.79 300 93
0 554.8 360.869 300 93
0 554.8 360.989 300 93
0 554.8 361.124 300 93
0 554.8 361.272 300 93
0 554.8 361.361 300 93
0 554.8 361.493 300 93
0 554.8 361.71 300 93
0 554.8 361.83 300 93
0 554.8 361.979 300 93
0 554.8 362.107 300 93
0 554.8 362.244 300 93
0 554.8 362.39 300 93
0 554.8 362.577 300 93
0 554.8 362.669 300 93
0 554.8 362.806 300 93
0 554.8 362.959 300 93
0 554.8 363.114 300 93
0 554.8 363.245 300 93
0 554.8 363.408 300 93
0 554.8 363.615 300 93
0 554.8 363.835 300 93
0 554.8 363.978 300 93
0 554.8 364.127 300 93
0 554.8 364.258 300 93
0 554.8 364.397 300 93
0 554.8 364.534 300 93
0 554.8 364.77 300 93
0 554.8 364.952 300 93
0 554.8 365.161 300 93
0 554.8 365.295 300 93
0 554.8 365.46 300 93
0 554.8 365.586 300 93
0 554.8 365.728 300 93
0 554.8 365.963 300 93
0 554.8 366.144 300 93
0 554.8 366.279 300 93
0 554.8 366.422 300 93
0 554.8 366.586 300 93
0 554.8 366.717 300 93
0 554.8 366.853 300 93
0 554.8 367.065 300 93
0 554.8 367.276 300 93
0 554.8 367.399 300 93
0 554.8 367.527 300 93
0 554.8 367.683 300 93
0 554.8 367.819 300 93
0 554.8 367.988 300 93
0 554.8 368.105 300 93
0 554.8 368.297 300 93
0 554.8 368.445 300 93
0 554.8 368.586 300 93
0 554.8 368.767 300 93
0 554.8 368.941 300 93
0 554.8 369.076 300 93
0 554.8 369.2 300 93
0 554.8 369.347 300 93
0 554.8 369.472 300 93
0 554.8 369.598 300 93
0 554.8 369.778 300 93
0 554.8 369.912 300 93
0 554.8 370.098 300 93
0 554.8 370.23 300 93
0 554.8 370.377 300 93
0 554.8 370.522 300 93
0 554.8 370.708 300 93
0 554.8 370.922 300 93
0 554.8 371.169 300 93
0 554.8 371.29 300 93
0 554.8 371.491 300 93
0 554.8 371.588 300 93
0 554.8 371.799 300 93
0 554.8 372.024 300 93
0 554.8 372.176 300 93
0 554.8 372.314 300 93
0 554.8 372.468 300 93
0 554.8 372.611 300 93
0 554.8 372.761 300 93
0 554.8 372.892 300 93
0 554.8 373.034 300 93
0 554.8 373.174 300 93
0 554.8 373.36 300 93
0 554.8 373.49 300 93
0 554.8 373.616 300 93
0 554.8 373.75 300 93
0 554.8 373.841 300 93
0 554.8 373.987 300 93
0 554.8 374.126 300 93
0 554.8 374.254 300 93
0 554.8 374.384 300 93
0 554.8 374.489 300 93
0 554.8 374.61 300 93
0 554.8 374.776 300 93
0 554.8 374.92 300 93
0 554.8 375.069 300 93
0 554.8 375.21 300 93
0 554.8 375.345 300 93
0 554.8 375.442 300 93
0 554.8 375.588 300 93
0 554.8 375.711 300 93
0 554.8 375.852 300 93
0 554.8 375.99 300 93
0 554.8 376.181 300 93
0 554.8 376.311 300 93
0 554.8 376.483 300 93
0 554.8 376.611 300 93
0 554.8 376.739 300 93
0 554.8 376.857 300 93
0 554.8 377.042 300 93
0 554.8 377.188 300 93
0 554.8 377.334 300 93
0 554.8 377.509 300 93
0 554.8 377.691 300 93
0 554.8 377.827 300 93
0 554.8 377.979 300 93
0 554.8 378.11 300 93
0 554.8 378.373 300 93
0 554.8 378.524 300 93
0 554.8 378.736 300 93
0 554.8 378.865 300 93
0 554.8 379.017 300 93
0 554.8 379.161 300 93
0 554.8 379.331 300 93
0 554.8 379.469 300 93
0 554.8 379.602 300 93
0 554.8 379.788 300 93
0 554.8 379.938 300 93
0 554.8 380.086 300 93
0 554.8 380.244 300 93
0 554.8 380.382 300 93
0 554.8 380.529 300 93
0 554.8 380.734 300 93
0 554.8 380.838 300 93
0 554.8 380.985 300 93
0 554.8 381.115 300 93
0 554.8 381.267 300 93
0 554.8 381.398 300 93
0 554.8 381.542 300 93
0 554.8 381.69 300 93
0 554.8 381.828 300 93
0 554.8 381.964 300 93
0 554.8 382.16 300 93
0 554.8 382.249 300 93
0 554.8 382.39 300 93
0 554.8 382.521 300 93
0 554.8 382.667 300 93
0 554.8 382.791 300 93
0 554.8 382.93 300 93
0 554.8 383.079 300 93
0 554.8 383.236 300 93
0 554.8 383.377 300 93
0 554.8 383.545 300 93
0 554.8 383.676 300 93
0 554.8 383.779 300 93
0 554.8 383.929 300 93
0 554.8 384.062 300 93
0 554.8 384.217 300 93
0 554.8 384.354 300 93
0 554.8 384.561 300 93
0 554.8 384.712 300 93
0 554.8 384.861 300 93
0 554.8 385.001 300 93
0 554.8 385.199 300 93
0 554.8 385.354 300 93
0 554.8 385.574 300 93
0 554.8 385.712 300 93
0 554.8 385.834 300 93
0 554.8 385.948 300 93
0 554.8 386.1 300 93
0 554.8 386.261 300 93
0 554.8 386.426 300 93
0 554.8 386.574 300 93
0 554.8 386.729 300 93
0 554.8 386.906 300 93
0 554.8 387.056 300 93
0 554.8 387.18 300 93
0 554.8 387.329 300 93
0 554.8 387.56 300 93
0 554.8 387.68 300 93
0 554.8 387.987 300 93
0 554.8 388.143 300 93
0 554.8 388.292 300 93
0 554.8 388.484 300 93
0 554.8 388.663 300 93
0 554.8 388.794 300 93
0 554.8 388.938 300 93
0 554.8 389.072 300 93
0 554.8 389.207 300 93
0 554.8 389.394 300 93
0 554.8 389.516 300 93
0 554.8 389.712 300 93
0 554.8 389.887 300 93
0 554.8 390.086 300 93
0 554.8 390.233 300 93
0 554.8 390.394 300 93
0 554.8 390.529 300 93
0 554.8 390.764 300 93
0 554.8 390.905 300 93
0 554.8 391.033 300 93
0 554.8 391.253 300 93
0 554.8 391.389 300 93
0 554.8 391.506 300 93
0 554.8 391.637 300 93
0 554.8 391.774 300 93
0 554.8 391.902 300 93
0 554.8 392.111 300 93
0 554.8 392.236 300 93
0 554.8 392.369 300 93
0 554.8 392.515 300 93
0 554.8 392.664 300 93
0 554.8 392.871 300 93
0 554.8 393.006 300 93
0 554.8 393.23 300 93
0 554.8 393.38 300 93
0 554.8 393.511 300 93
0 554.8 393.651 300 93
0 554.8 393.795 300 93
0 554.8 393.939 300 93
0 554.8 394.165 300 93
0 554.8 394.34 300 93
0 554.8 394.531 300 93
0 554.8 394.814 300 93
0 554.8 394.908 300 93
0 554.8 395.047 300 93
0 554.8 395.251 300 93
0 554.8 395.405 300 93
0 554.8 395.55 300 93
0 554.8 395.719 300 93
0 554.8 395.856 300 93
0 554.8 395.997 300 93
0 554.8 396.188 300 93
0 554.8 396.332 300 93
0 554.8 396.585 300 93
0 554.8 396.725 300 93
0 554.8 396.894 300 93
0 554.8 397.071 300 93
0 554.8 397.214 300 93
0 554.8 397.356 300 93
0 554.8 397.542 300 93
0 554.8 397.736 300 93
0 554.8 397.885 300 93
0 554.8 398.029 300 93
0 554.8 398.237 300 93
0 554.8 398.342 300 93
0 554.8 398.541 300 93
0 554.8 398.728 300 93
0 554.8 398.856 300 93
0 554.8 398.993 300 93
0 554.8 399.139 300 93
0 554.8 399.264 300 93
0 554.8 399.396 300 93
0 554.8 399.579 300 93
0 554.8 399.701 300 93
0 554.8 399.774 300 93
0 554.8 399.897 300 93
0 554.8 400.027 300 93
0 554.8 400.189 300 93
0 554.8 400.346 300 93
0 554.8 400.493 300 93
0 554.8 400.623 300 93
0 554.8 400.755 300 93
0 554.8 400.933 300 93
0 554.8 401.07 300 93
0 554.8 401.214 300 93
0 554.8 401.332 300 93
0 554.8 401.577 300 93
0 554.8 401.737 300 93
0 554.8 401.881 300 93
0 554.8 402.079 300 93
0 554.8 402.271 300 93
0 554.8 402.372 300 93
0 554.8 402.503 300 93
0 554.8 402.708 300 93
0 554.8 402.831 300 93
0 554.8 402.963 300 93
0 554.8 403.099 300 93
0 554.8 403.243 300 93
0 554.8 403.444 300 93
0 554.8 403.595 300 93
0 554.8 403.737 300 93
0 554.8 403.937 300 93
0 554.8 404.152 300 93
0 554.8 404.28 300 93
0 554.8 404.386 300 93
0 554.8 404.53 300 93
0 554.8 404.72 300 93
0 554.8 404.862 300 93
0 554.8 405.017 300 93
0 554.8 405.152 300 93
0 554.8 405.286 300 93
0 554.8 405.525 300 93
0 554.8 405.679 300 93
0 554.8 405.825 300 93
0 554.8 405.964 300 93
0 554.8 406.107 300 93
0 554.8 406.315 300 93
0 554.8 406.457 300 93
0 554.8 406.592 300 93
0 554.8 406.715 300 93
0 554.8 406.848 300 93
0 554.8 407.138 300 93
0 554.8 407.382 300 93
0 554.8 407.536 300 93
0 554.8 407.688 300 93
0 554.8 407.83 300 93
0 554.8 408.084 300 93
0 554.8 408.214 300 93
0 554.8 408.372 300 93
0 554.8 408.529 300 93
0 554.8 408.68 300 93
0 554.8 408.847 300 93
0 554.8 408.968 300 93
0 554.8 409.111 300 93
0 554.8 409.208 300 93
0 554.8 409.347 300 93
0 554.8 409.497 300 93
0 554.8 409.691 300 93
0 554.8 409.851 300 93
0 554.8 410.075 300 93
0 554.8 410.2 300 93
0 554.8 410.341 300 93
0 554.8 410.473 300 93
0 554.8 410.602 300 93
0 554.8 410.839 300 93
0 554.8 411.035 300 93
0 554.8 411.203 300 93
0 554.8 411.353 300 93
0 554.8 411.502 300 93
0 554.8 411.633 300 93
0 554.8 411.781 300 93
0 554.8 411.961 300 93
0 554.8 412.134 300 93
0 554.8 412.325 300 93
0 554.8 412.444 300 93
0 554.8 412.587 300 93
0 554.8 412.688 300 93
0 554.8 412.82 300 93
0 554.8 413.027 300 93
0 554.8 413.263 300 93
0 554.8 413.4 300 93
0 554.8 413.559 300 93
0 554.8 413.69 300 93
0 554.8 413.916 300 93
0 554.8 414.073 300 93
0 554.8 414.296 300 93
0 554.8 414.499 300 93
0 554.8 414.646 300 93
0 554.8 414.796 300 93
0 554.8 415.056 300 93
0 554.8 415.194 300 93
0 554.8 415.379 300 93
0 554.8 415.497 300 93
0 554.8 415.677 300 93
0 554.8 415.815 300 93
0 554.8 416.019 300 93
0 554.8 416.164 300 93
0 554.8 416.25 300 93
0 554.8 416.415 300 93
0 554.8 416.583 300 93
0 554.8 416.759 300 93
0 554.8 416.947 300 93
0 554.8 417.05 300 93
0 554.8 417.162 300 93
0 554.8 417.282 300 93
0 554.8 417.401 300 93
0 554.8 417.524 300 93
0 554.8 417.652 300 93
0 554.8 417.824 300 93
0 554.8 417.959 300 93
0 554.8 418.09 300 93
0 554.8 418.227 300 93
0 554.8 418.309 300 93
0 554.8 418.445 300 93
0 554.8 418.535 300 93
0 554.8 418.615 300 93
0 554.8 418.735 300 93
0 554.8 418.848 300 93
0 554.8 418.984 300 93
0 554.8 419.079 300 93
0 554.8 419.231 300 93
0 554.8 419.356 300 93
0 554.8 419.483 300 93
0 554.8 419.627 300 93
0 554.8 419.758 300 93
0 554.8 419.88 300 93
0 554.8 420.061 300 93
0 554.8 420.207 300 93
0 554.8 420.317 300 93
0 554.8 420.51 300 93
0 554.8 420.639 300 93
0 554.8 420.782 300 93
0 554.8 420.914 300 93
0 554.8 421.046 300 93
0 554.8 421.166 300 93
0 554.8 421.297 300 93
0 554.8 421.425 300 93
0 554.8 421.551 300 93
0 554.8 421.691 300 93
0 554.8 421.816 300 93
0 554.8 421.998 300 93
0 554.8 422.129 300 93
0 554.8 422.268 300 93
0 554.8 422.401 300 93
0 554.8 422.612 300 93
0 554.8 422.688 300 93
0 554.8 422.825 300 93
0 554.8 422.947 300 93
0 554.8 423.063 300 93
0 554.8 423.171 300 93
0 554.8 423.296 300 93
0 554.8 423.417 300 93
0 554.8 423.528 300 93
0 554.8 423.659 300 93
0 554.8 423.828 300 93
0 554.8 423.963 300 93
0 554.8 424.109 300 93
0 554.8 424.244 300 93
0 554.8 424.384 300 93
0 554.8 424.515 300 93
0 554.8 424.676 300 93
0 554.8 424.878 300 93
0 554.8 425.013 300 93
0 554.8 425.141 300 93
0 554.8 425.243 300 93
0 554.8 425.413 300 93
0 554.8 425.626 300 93
0 554.8 425.752 300 93
0 554.8 425.92 300 93
0 554.8 426.077 300 93
0 554.8 426.198 300 93
0 554.8 426.314 300 93
0 554.8 426.443 300 93
0 554.8 426.569 300 93
0 554.8 426.733 300 93
0 554.8 426.872 300 93
0 554.8 427.038 300 93
0 554.8 427.169 300 93
0 554.8 427.348 300 93
0 554.8 427.467 300 93
0 554.8 427.609 300 93
0 554.8 427.827 300 93
0 554.8 427.905 300 93
0 554.8 428.082 300 93
0 554.8 428.233 300 93
0 554.8 428.365 300 93
0 554.8 428.496 300 93
0 554.8 428.63 300 93
0 554.8 428.76 300 93
0 554.8 428.902 300 93
0 554.8 429.051 300 93
0 554.8 429.197 300 93
0 554.8 429.389 300 93
0 554.8 429.48 300 93
0 554.8 429.572 300 93
0 554.8 429.664 300 93
0 554.8 429.759 300 93
0 554.8 429.912 300 93
0 554.8 430.009 300 93
0 554.8 430.136 300 93
0 554.8 430.215 300 93
0 554.8 430.354 300 93
0 554.8 430.465 300 93
0 554.8 430.59 300 93
0 554.8 430.719 300 93
0 554.8 430.856 300 93
0 554.8 430.982 300 93
0 554.8 431.163 300 93
0 554.8 431.278 300 93
0 554.8 431.419 300 93
0 554.8 431.553 300 93
0 554.8 431.759 300 93
0 554.8 431.892 300 93
0 554.8 432.024 300 93
0 554.8 432.152 300 93
0 554.8 432.283 300 93
0 554.8 432.419 300 93
0 554.8 432.551 300 93
0 554.8 432.694 300 93
0 554.8 432.815 300 93
0 554.8 433.028 300 93
0 554.8 433.166 300 93
0 554.8 433.301 300 93
0 554.8 433.431 300 93
0 554.8 433.6 300 93
0 554.8 433.68 300 93
0 554.8 433.867 300 93
0 554.8 434.032 300 93
0 554.8 434.176 300 93
0 554.8 434.309 300 93
0 554.8 434.442 300 93
0 554.8 434.576 300 93
0 554.8 434.703 300 93
0 554.8 434.896 300 93
0 554.8 435.015 300 93
0 554.8 435.103 300 93
0 554.8 435.235 300 93
0 554.8 435.356 300 93
0 554.8 435.497 300 93
0 554.8 435.651 300 93
0 554.8 435.784 300 93
0 554.8 435.91 300 93
0 554.8 436.051 300 93
0 554.8 436.182 300 93
0 554.8 436.303 300 93
0 554.8 436.439 300 93
0 554.8 436.574 300 93
0 554.8 436.705 300 93
0 554.8 436.829 300 93
0 554.8 436.964 300 93
0 554.8 437.133 300 93
0 554.8 437.354 300 93
0 554.8 437.466 300 93
0 554.8 437.603 300 93
0 554.8 437.75 300 93
0 554.8 437.89 300 93
0 554.8 438.02 300 93
0 554.8 438.113 300 93
0 554.8 438.232 300 93
0 554.8 438.364 300 93
0 554.8 438.517 300 93
0 554.8 438.644 300 93
0 554.8 438.787 300 93
0 554.8 439.01 300 93
0 554.8 439.14 300 93
0 554.8 439.314 300 93
0 554.8 439.457 300 93
0 554.8 439.569 300 93
0 554.8 439.727 300 93
0 554.8 439.865 300 93
0 554.8 440.099 300 93
0 554.8 440.236 300 93
0 554.8 440.365 300 93
0 554.8 440.499 300 93
0 554.8 440.66 300 93
0 554.8 440.772 300 93
0 554.8 440.892 300 93
0 554.8 441.013 300 93
0 554.8 441.331 300 93
0 554.8 441.506 300 93
0 554.8 441.661 300 93
0 554.8 441.778 300 93
0 554.8 441.909 300 93
0 554.8 442.049 300 93
0 554.8 442.184 300 93
0 554.8 442.323 300 93
0 554.8 442.449 300 93
0 554.8 442.629 300 93
0 554.8 442.774 300 93
0 554.8 442.96 300 93
0 554.8 443.158 300 93
0 554.8 443.28 300 93
0 554.8 443.411 300 93
0 554.8 443.544 300 93
0 554.8 443.73 300 93
0 554.8 443.862 300 93
0 554.8 443.965 300 93
0 554.8 444.098 300 93
0 554.8 444.19 300 93
0 554.8 444.337 300 93
0 554.8 444.464 300 93
0 554.8 444.575 300 93
0 554.8 444.713 300 93
0 554.8 444.864 300 93
0 554.8 444.995 300 93
0 554.8 445.081 300 93
0 554.8 445.22 300 93
0 554.8 445.366 300 93
0 554.8 445.51 300 93
0 554.8 445.645 300 93
0 554.8 445.796 300 93
0 554.8 446.034 300 93
0 554.8 446.174 300 93
0 554.8 446.367 300 93
0 554.8 446.505 300 93
0 554.8 446.644 300 93
0 554.8 446.775 300 93
0 554.8 446.966 300 93
0 554.8 447.097 300 93
0 554.8 447.248 300 93
0 554.8 447.338 300 93
0 554.8 447.517 300 93
0 554.8 447.68 300 93
0 554.8 447.828 300 93
0 554.8 447.963 300 93
0 554.8 448.082 300 93
0 554.8 448.258 300 93
0 554.8 448.397 300 93
0 554.8 448.537 300 93
0 554.8 448.721 300 93
0 554.8 448.938 300 93
0 554.8 449.031 300 93
0 554.8 449.173 300 93
0 554.8 449.296 300 93
0 554.8 449.405 300 93
0 554.8 449.596 300 93
0 554.8 449.753 300 93
0 554.8 449.905 300 93
0 554.8 450.043 300 93
0 554.8 450.211 300 93
0 554.8 450.383 300 93
0 554.8 450.512 300 93
0 554.8 450.604 300 93
0 554.8 450.832 300 93
0 554.8 451.012 300 93
0 554.8 451.146 300 93
0 554.8 451.298 300 93
0 554.8 451.462 300 93
0 554.8 451.638 300 93
0 554.8 451.776 300 93
0 554.8 451.922 300 93
0 554.8 452.073 300 93
0 554.8 452.268 300 93
0 554.8 452.504 300 93
0 554.8 452.629 300 93
0 554.8 452.755 300 93
0 554.8 452.875 300 93
0 554.8 453.014 300 93
0 554.8 453.142 300 93
0 554.8 453.223 300 93
0 554.8 453.404 300 93
0 554.8 453.542 300 93
0 554.8 453.663 300 93
0 554.8 453.797 300 93
0 554.8 453.947 300 93
0 554.8 454.122 300 93
0 554.8 454.293 300 93
0 554.8 454.433 300 93
0 554.8 454.593 300 93
0 554.8 454.686 300 93
0 554.8 454.803 300 93
0 554.8 454.923 300 93
0 554.8 455.086 300 93
0 554.8 455.218 300 93
0 554.8 455.392 300 93
0 554.8 455.531 300 93
0 554.8 455.661 300 93
0 554.8 455.836 300 93
0 554.8 455.984 300 93
0 554.8 456.123 300 93
0 554.8 456.252 300 93
0 554.8 456.379 300 93
0 554.8 456.521 300 93
0 554.8 456.663 300 93
0 554.8 456.778 300 93
0 554.8 456.904 300 93
0 554.8 457.08 300 93
0 554.8 457.247 300 93
0 554.8 457.41 300 93
0 554.8 457.604 300 93
0 554.8 457.746 300 93
0 554.8 457.887 300 93
0 554.8 458.028 300 93
0 554.8 458.164 300 93
0 554.8 458.33 300 93
0 554.8 458.462 300 93
0 554.8 458.595 300 93
0 554.8 458.767 300 93
0 554.8 458.901 300 93
0 554.8 459.035 300 93
0 554.8 459.175 300 93
0 554.8 459.341 300 93
0 554.8 459.442 300 93
0 554.8 459.626 300 93
0 554.8 459.765 300 93
0 554.8 459.889 300 93
0 554.8 460.017 300 93
0 554.8 460.206 300 93
0 554.8 460.346 300 93
0 554.8 460.442 300 93
0 554.8 460.566 300 93
0 554.8 460.697 300 93
0 554.8 460.789 300 93
0 554.8 460.962 300 93
0 554.8 461.134 300 93
0 554.8 461.278 300 93
0 554.8 461.506 300 93
0 554.8 461.662 300 93
0 554.8 461.857 300 93
0 554.8 462.005 300 93
0 554.8 462.095 300 93
0 554.8 462.226 300 93
0 554.8 462.434 300 93
0 554.8 462.569 300 93
0 554.8 462.659 300 93
0 554.8 462.804 300 93
0 554.8 462.94 300 93
0 554.8 463.066 300 93
0 554.8 463.234 300 93
0 554.8 463.337 300 93
0 554.8 463.509 300 93
0 554.8 463.667 300 93
0 554.8 463.796 300 93
0 554.8 463.946 300 93
0 554.8 464.193 300 93
0 554.8 464.465 300 93
0 554.8 464.617 300 93
0 554.8 464.761 300 93
0 554.8 464.906 300 93
0 554.8 465.043 300 93
0 554.8 465.195 300 93
0 554.8 465.346 300 93
0 554.8 465.49 300 93
0 554.8 465.627 300 93
0 554.8 465.77 300 93
0 554.8 465.91 300 93
0 554.8 466.067 300 93
0 554.8 466.25 300 93
0 554.8 466.369 300 93
0 554.8 466.603 300 93
0 554.8 466.78 300 93
0 554.8 466.916 300 93
0 554.8 467.054 300 93
0 554.8 467.204 300 93
0 554.8 467.35 300 93
0 554.8 467.532 300 93
0 554.8 467.751 300 93
0 554.8 467.885 300 93
0 554.8 468.008 300 93
0 554.8 468.151 300 93
0 554.8 468.283 300 93
0 554.8 468.436 300 93
0 554.8 468.565 300 93
0 554.8 468.694 300 93
0 554.8 468.835 300 93
0 554.8 468.978 300 93
0 554.8 469.115 300 93
0 554.8 469.206 300 93
0 554.8 469.332 300 93
0 554.8 469.474 300 93
0 554.8 469.599 300 93
0 554.8 469.781 300 93
0 554.8 470.051 300 93
0 554.8 470.192 300 93
0 554.8 470.334 300 93
0 554.8 470.482 300 93
0 554.8 470.61 300 93
0 554.8 470.75 300 93
0 554.8 470.897 300 93
0 554.8 471.024 300 93
0 554.8 471.163 300 93
0 554.8 471.296 300 93
0 554.8 471.416 300 93
0 554.8 471.547 300 93
0 554.8 471.699 300 93
0 554.8 471.881 300 93
0 554.8 472.054 300 93
0 554.8 472.152 300 93
0 554.8 472.297 300 93
0 554.8 472.569 300 93
0 554.8 472.7 300 93
0 554.8 472.84 300 93
0 554.8 472.988 300 93
0 554.8 473.138 300 93
0 554.8 473.284 300 93
0 554.8 473.464 300 93
0 554.8 473.595 300 93
0 554.8 473.844 300 93
0 554.8 474.043 300 93
0 554.8 474.138 300 93
0 554.8 474.282 300 93
0 554.8 474.403 300 93
0 554.8 474.542 300 93
0 554.8 474.689 300 93
0 554.8 474.845 300 93
0 554.8 474.984 300 93
0 554.8 475.119 300 93
0 554.8 475.261 300 93
0 554.8 475.395 300 93
0 554.8 475.651 300 93
0 554.8 475.799 300 93
0 554.8 475.952 300 93
0 554.8 476.087 300 93
0 554.8 476.278 300 93
0 554.8 476.417 300 93
0 554.8 476.597 300 93
0 554.8 476.719 300 93
0 554.8 476.862 300 93
0 554.8 476.985 300 93
0 554.8 477.131 300 93
0 554.8 477.276 300 93
0 554.8 477.405 300 93
0 554.8 477.543 300 93
0 554.8 477.693 300 93
0 554.8 477.81 300 93
0 554.8 477.915 300 93
0 554.8 478.085 300 93
0 554.8 478.274 300 93
0 554.8 478.421 300 93
0 554.8 478.565 300 93
0 554.8 478.7 300 93
0 554.8 478.97 300 93
0 554.8 479.151 300 93
0 554.8 479.305 300 93
0 554.8 479.437 300 93
0 554.8 479.62 300 93
0 554.8 479.758 300 93
0 554.8 479.905 300 93
0 554.8 480.035 300 93
0 554.8 480.168 300 93
0 554.8 480.317 300 93
0 554.8 480.446 300 93
0 554.8 480.559 300 93
0 554.8 480.651 300 93
0 554.8 480.767 300 93
0 554.8 480.901 300 93
0 554.8 481.016 300 93
0 554.8 481.147 300 93
0 554.8 481.333 300 93
0 554.8 481.474 300 93
0 554.8 481.607 300 93
0 554.8 481.727 300 93
0 554.8 481.899 300 93
0 554.8 482.04 300 93
0 554.8 482.169 300 93
0 554.8 482.31 300 93
0 554.8 482.485 300 93
0 554.8 482.723 300 93
0 554.8 482.912 300 93
0 554.8 483.112 300 93
0 554.8 483.263 300 93
0 554.8 483.369 300 93
0 554.8 483.519 300 93
0 554.8 483.651 300 93
0 554.8 483.78 300 93
0 554.8 483.938 300 93
0 554.8 484.088 300 93
0 554.8 484.221 300 93
0 554.8 484.453 300 93
0 554.8 484.584 300 93
0 554.8 484.717 300 93
0 554.8 484.832 300 93
0 554.8 485.007 300 93
0 554.8 485.185 300 93
0 554.8 485.333 300 93
0 554.8 485.505 300 93
0 554.8 485.701 300 93
0 554.8 485.848 300 93
0 554.8 485.995 300 93
0 554.8 486.148 300 93
0 554.8 486.272 300 93
0 554.8 486.416 300 93
0 554.8 486.603 300 93
0 554.8 486.699 300 93
0 554.8 486.852 300 93
0 554.8 486.981 300 93
0 554.8 487.119 300 93
0 554.8 487.329 300 93
0 554.8 487.474 300 93
0 554.8 487.662 300 93
0 554.8 487.802 300 93
0 554.8 488.015 300 93
0 554.8 488.165 300 93
0 554.8 488.31 300 93
0 554.8 488.459 300 93
0 554.8 488.559 300 93
0 554.8 488.616 300 93
0 554.8 488.739 300 93
0 554.8 488.804 300 93
0 554.8 488.906 300 93
0 554.8 489.001 300 93
0 554.8 489.16 300 93
0 554.8 489.252 300 93
0 554.8 489.355 300 93
0 554.8 489.476 300 93
0 554.8 489.57 300 93
0 554.8 489.661 300 93
0 554.8 489.761 300 93
0 554.8 489.932 300 93
0 554.8 490.073 300 93
0 554.8 490.21 300 93
0 554.8 490.34 300 93
0 554.8 490.477 300 93
0 554.8 490.611 300 93
0 554.8 490.757 300 93
0 554.8 490.947 300 93
0 554.8 491.078 300 93
0 554.8 491.207 300 93
0 554.8 491.391 300 93
0 554.8 491.571 300 93
0 554.8 491.652 300 93
0 554.8 491.942 300 93
0 554.8 492.089 300 93
0 554.8 492.294 300 93
0 554.8 492.434 300 93
0 554.8 492.612 300 93
0 554.8 492.713 300 93
0 554.8 492.801 300 93
0 554.8 492.897 300 93
0 554.8 492.992 300 93
0 554.8 493.091 300 93
0 554.8 493.187 300 93
0 554.8 493.343 300 93
0 554.8 493.452 300 93
0 554.8 493.537 300 93
0 554.8 493.646 300 93
0 554.8 493.725 300 93
0 554.8 493.892 300 93
0 554.8 493.975 300 93
0 554.8 494.095 300 93
0 554.8 494.215 300 93
0 554.8 494.348 300 93
0 554.8 494.503 300 93
0 554.8 494.653 300 93
0 554.8 494.955 300 93
0 554.8 495.096 300 93
0 554.8 495.238 300 93
0 554.8 495.423 300 93
0 554.8 495.567 300 93
0 554.8 495.708 300 93
0 554.8 495.845 300 93
0 554.8 495.941 300 93
0 554.8 496.183 300 93
0 554.8 496.301 300 93
0 554.8 496.423 300 93
0 554.8 496.575 300 93
0 554.8 496.699 300 93
0 554.8 496.84 300 93
0 554.8 496.974 300 93
0 554.8 497.099 300 93
0 554.8 497.218 300 93
0 554.8 497.353 300 93
0 554.8 497.509 300 93
0 554.8 497.686 300 93
0 554.8 497.83 300 93
0 554.8 497.975 300 93
0 554.8 498.13 300 93
0 554.8 498.26 300 93
0 554.8 498.388 300 93
0 554.8 498.555 300 93
0 554.8 498.696 300 93
0 554.8 498.83 300 93
0 554.8 498.976 300 93
0 554.8 499.101 300 93
0 554.8 499.241 300 93
0 554.8 499.384 300 93
0 554.8 499.517 300 93
0 554.8 499.711 300 93
0 554.8 499.877 300 93
0 554.8 500.017 300 93
0 554.8 500.142 300 93
0 554.8 500.313 300 93
0 554.8 500.46 300 93
0 554.8 500.615 300 93
0 554.8 500.787 300 93
0 554.8 500.977 300 93
0 554.8 501.115 300 93
0 554.8 501.356 300 93
0 554.8 501.506 300 93
0 554.8 501.64 300 93
0 554.8 501.842 300 93
0 554.8 502.025 300 93
0 554.8 502.168 300 93
0 554.8 502.364 300 93
0 554.8 502.502 300 93
0 554.8 502.658 300 93
0 554.8 502.819 300 93
0 554.8 502.913 300 93
0 554.8 503.036 300 93
0 554.8 503.236 300 93
0 554.8 503.368 300 93
0 554.8 503.517 300 93
0 554.8 503.713 300 93
0 554.8 503.822 300 93
0 554.8 503.97 300 93
0 554.8 504.118 300 93
0 554.8 504.262 300 93
0 554.8 504.389 300 93
0 554.8 504.519 300 93
0 554.8 504.623 300 93
0 554.8 504.809 300 93
0 554.8 504.982 300 93
0 554.8 505.126 300 93
0 554.8 505.253 300 93
0 554.8 505.38 300 93
0 554.8 505.562 300 93
0 554.8 505.709 300 93
0 554.8 505.856 300 93
0 554.8 506.002 300 93
0 554.8 506.147 300 93
0 554.8 506.264 300 93
0 554.8 506.385 300 93
0 554.8 506.601 300 93
0 554.8 506.719 300 93
0 554.8 506.857 300 93
0 554.8 507.137 300 93
0 554.8 507.311 300 93
0 554.8 507.453 300 93
0 554.8 507.633 300 93
0 554.8 507.809 300 93
0 554.8 507.943 300 93
0 554.8 508.064 300 93
0 554.8 508.233 300 93
0 554.8 508.357 300 93
0 554.8 508.493 300 93
0 554.8 508.687 300 93
0 554.8 508.838 300 93
0 554.8 508.983 300 93
0 554.8 509.13 300 93
0 554.8 509.266 300 93
0 554.8 509.523 300 93
0 554.8 509.69 300 93
0 554.8 509.824 300 93
0 554.8 509.952 300 93
0 554.8 510.133 300 93
0 554.8 510.296 300 93
0 554.8 510.419 300 93
0 554.8 510.55 300 93
0 554.8 510.685 300 93
0 554.8 510.823 300 93
0 554.8 510.976 300 93
0 554.8 511.096 300 93
0 554.8 511.281 300 93
0 554.8 511.457 300 93
0 554.8 511.595 300 93
0 554.8 511.965 300 93
0 554.8 512.103 300 93
0 554.8 512.256 300 93
0 554.8 512.408 300 93
0 554.8 512.498 300 93
0 554.8 512.649 300 93
0 554.8 512.803 300 93
0 554.8 512.952 300 93
0 554.8 513.246 300 93
0 554.8 513.405 300 93
0 554.8 513.578 300 93
0 554.8 513.716 300 93
0 554.8 513.958 300 93
0 554.8 514.098 300 93
0 554.8 514.305 300 93
0 554.8 514.457 300 93
0 554.8 514.625 300 93
0 554.8 514.885 300 93
0 554.8 515.023 300 93
0 554.8 515.199 300 93
0 554.8 515.406 300 93
0 554.8 515.559 300 93
0 554.8 515.692 300 93
0 554.8 515.852 300 93
0 554.8 515.999 300 93
0 554.8 516.156 300 93
0 554.8 516.325 300 93
0 554.8 516.465 300 93
0 554.8 516.623 300 93
0 554.8 516.769 300 93
0 554.8 517.014 300 93
0 554.8 517.257 300 93
0 554.8 517.409 300 93
0 554.8 517.555 300 93
0 554.8 517.701 300 93
0 554.8 517.911 300 93
0 554.8 518.043 300 93
0 554.8 518.231 300 93
0 554.8 518.375 300 93
0 554.8 518.558 300 93
0 554.8 518.837 300 93
0 554.8 518.99 300 93
0 554.8 519.137 300 93
0 554.8 519.279 300 93
0 554.8 519.432 300 93
0 554.8 519.725 300 93
0 554.8 519.869 300 93
0 554.8 520.018 300 93
0 554.8 520.17 300 93
0 554.8 520.309 300 93
0 554.8 520.445 300 93
0 554.8 520.58 300 93
0 554.8 520.717 300 93
0 554.8 520.972 300 93
0 554.8 521.133 300 93
0 554.8 521.281 300 93
0 554.8 521.428 300 93
0 554.8 521.611 300 93
0 554.8 521.789 300 93
0 554.8 521.943 300 93
0 554.8 522.078 300 93
0 554.8 522.27 300 93
0 554.8 522.405 300 93
0 554.8 522.543 300 93
0 554.8 522.695 300 93
0 554.8 522.832 300 93
0 554.8 523.028 300 93
0 554.8 523.219 300 93
0 554.8 523.362 300 93
0 554.8 523.522 300 93
0 554.8 523.708 300 93
0 554.8 523.85 300 93
0 554.8 523.99 300 93
0 554.8 524.185 300 93
0 554.8 524.28 300 93
0 554.8 524.413 300 93
0 554.8 524.685 300 93
0 554.8 524.864 300 93
0 554.8 524.993 300 93
0 554.8 525.177 300 93
0 554.8 525.352 300 93
0 554.8 525.483 300 93
0 554.8 525.636 300 93
0 554.8 525.756 300 93
0 554.8 525.954 300 93
0 554.8 526.095 300 93
0 554.8 526.237 300 93
0 554.8 526.429 300 93
0 554.8 526.586 300 93
0 554.8 526.797 300 93
0 554.8 526.928 300 93
0 554.8 527.072 300 93
0 554.8 527.222 300 93
0 554.8 527.417 300 93
0 554.8 527.565 300 93
0 554.8 527.695 300 93
0 554.8 527.832 300 93
0 554.8 527.977 300 93
0 554.8 528.109 300 93
0 554.8 528.248 300 93
0 554.8 528.367 300 93
0 554.8 528.515 300 93
0 554.8 528.729 300 93
0 554.8 528.916 300 93
0 554.8 529.065 300 93
0 554.8 529.241 300 93
0 554.8 529.379 300 93
0 554.8 529.514 300 93
0 554.8 529.645 300 93
0 554.8 529.775 300 93
0 554.8 529.887 300 93
0 554.8 530.037 300 93
0 554.8 530.241 300 93
0 554.8 530.371 300 93
0 554.8 530.531 300 93
0 554.8 530.787 300 93
0 554.8 530.953 300 93
0 554.8 531.144 300 93
0 554.8 531.327 300 93
0 554.8 531.468 300 93
0 554.8 531.613 300 93
0 554.8 531.775 300 93
0 554.8 531.918 300 93
0 554.8 532.079 300 93
0 554.8 532.329 300 93
0 554.8 532.457 300 93
0 554.8 532.567 300 93
0 554.8 532.699 300 93
0 554.8 532.839 300 93
0 554.8 532.979 300 93
0 554.8 533.109 300 93
0 554.8 533.188 300 93
0 554.8 533.31 300 93
0 554.8 533.44 300 93
0 554.8 533.561 300 93
0 554.8 533.687 300 93
0 554.8 533.811 300 93
0 554.8 533.945 300 93
0 554.8 534.093 300 93
0 554.8 534.241 300 93
0 554.8 534.392 300 93
0 554.8 534.519 300 93
0 554.8 534.665 300 93
0 554.8 534.865 300 93
0 554.8 535.002 300 93
0 554.8 535.229 300 93
0 554.8 535.42 300 93
0 554.8 535.561 300 93
0 554.8 535.805 300 93
0 554.8 535.938 300 93
0 554.8 536.126 300 93
0 554.8 536.272 300 93
0 554.8 536.376 300 93
0 554.8 536.51 300 93
0 554.8 536.743 300 93
0 554.8 536.931 300 93
0 554.8 537.093 300 93
0 554.8 537.226 300 93
0 554.8 537.362 300 93
0 554.8 537.497 300 93
0 554.8 537.614 300 93
0 554.8 537.753 300 93
0 554.8 537.894 300 93
0 554.8 538.021 300 93
0 554.8 538.154 300 93
0 554.8 538.289 300 93
0 554.8 538.511 300 93
0 554.8 538.656 300 93
0 554.8 538.801 300 93
0 554.8 538.955 300 93
0 554.8 539.098 300 93
0 554.8 539.276 300 93
0 554.8 539.408 300 93
0 554.8 539.541 300 93
0 554.8 539.689 300 93
0 554.8 539.876 300 93
0 554.8 540.035 300 93
0 554.8 540.316 300 93
0 554.8 540.456 300 93
0 554.8 540.585 300 93
0 554.8 540.71 300 93
0 554.8 540.843 300 93
0 554.8 541.028 300 93
0 554.8 541.181 300 93
0 554.8 541.32 300 93
0 554.8 541.46 300 93
0 554.8 541.63 300 93
0 554.8 541.772 300 93
0 554.8 541.912 300 93
0 554.8 542.078 300 93
0 554.8 542.21 300 93
0 554.8 542.374 300 93
0 554.8 542.57 300 93
0 554.8 542.822 300 93
0 554.8 543.086 300 93
0 554.8 543.257 300 93
0 554.8 543.38 300 93
0 554.8 543.492 300 93
0 554.8 543.619 300 93
0 554.8 543.736 300 93
0 554.8 543.862 300 93
0 554.8 543.985 300 93
0 554.8 544.113 300 93
0 554.8 544.234 300 93
0 554.8 544.353 300 93
0 554.8 544.592 300 93
0 554.8 544.729 300 93
0 554.8 544.947 300 93
0 554.8 545.125 300 93
0 554.8 545.26 300 93
0 554.8 545.414 300 93
0 554.8 545.546 300 93
0 554.8 545.725 300 93
0 554.8 545.851 300 93
0 554.8 545.983 300 93
0 554.8 546.138 300 93
0 554.8 546.333 300 93
0 554.8 546.536 300 93
0 554.8 546.712 300 93
0 554.8 546.874 300 93
0 554.8 547.04 300 93
0 554.8 547.237 300 93
0 554.8 547.402 300 93
0 554.8 547.537 300 93
0 554.8 547.652 300 93
0 554.8 547.837 300 93
0 554.8 547.981 300 93
0 554.8 548.102 300 93
0 554.8 548.227 300 93
0 554.8 548.357 300 93
0 554.8 548.482 300 93
0 554.8 548.618 300 93
0 554.8 548.694 300 93
0 554.8 548.862 300 93
0 554.8 549.03 300 93
0 554.8 549.217 300 93
0 554.8 549.363 300 93
0 554.8 549.496 300 93
0 554.8 549.635 300 93
0 554.8 549.833 300 93
0 554.8 550.038 300 93
0 554.8 550.211 300 93
0 554.8 550.357 300 93
0 554.8 550.494 300 93
0 554.8 550.662 300 93
0 554.8 550.881 300 93
0 554.8 551.024 300 93
0 554.8 551.16 300 93
0 554.8 551.297 300 93
0 554.8 551.421 300 93
0 554.8 551.569 300 93
0 554.8 551.685 300 93
0 554.8 551.802 300 93
0 554.8 551.999 300 93
0 554.8 552.157 300 93
0 554.8 552.28 300 93
0 554.8 552.415 300 93
0 554.8 552.59 300 93
0 554.8 552.797 300 93
0 554.8 553.002 300 93
0 554.8 553.136 300 93
0 554.8 553.307 300 93
0 554.8 553.521 300 93
0 554.8 553.706 300 93
0 554.8 553.861 300 93
0 554.8 554.043 300 93
0 554.8 554.183 300 93
0 554.8 554.316 300 93
0 554.8 554.474 300 93
0 554.8 554.659 300 93
0 554.8 554.82 300 93
0 554.8 554.973 300 93
0 554.8 555.128 300 93
0 554.8 555.271 300 93
0 554.8 555.411 300 93
0 554.8 555.552 300 93
0 554.8 555.668 300 93
0 554.8 555.783 300 93
0 554.8 555.866 300 93
0 554.8 555.925 300 93
0 554.8 556.016 300 93
0 554.8 556.097 300 93
0 554.8 556.241 300 93
0 554.8 556.4 300 93
0 554.8 556.505 300 93
0 554.8 556.594 300 93
0 554.8 556.734 300 93
0 554.8 556.914 300 93
0 554.8 557.043 300 93
0 554.8 557.154 300 93
0 554.8 557.276 300 93
0 554.8 557.432 300 93
0 554.8 557.64 300 93
0 554.8 557.892 300 93
0 554.8 558.071 300 93
0 554.8 558.155 300 93
0 554.8 558.272 300 93
0 554.8 558.506 300 93
0 554.8 558.656 300 93
0 554.8 558.823 300 93
0 554.8 558.947 300 93
0 554.8 559.075 300 93
0 554.8 559.229 300 93
0 554.8 559.313 300 93
0 554.8 559.479 300 93
0 554.8 559.581 300 93
0 554.8 559.689 300 93
0 554.8 559.844 300 93
0 554.8 559.974 300 93
0 554.8 560.116 300 93
0 554.8 560.251 300 93
0 554.8 560.331 300 93
0 554.8 560.457 300 93
0 554.8 560.588 300 93
0 554.8 560.675 300 93
0 554.8 560.887 300 93
0 554.8 561.086 300 93
0 554.8 561.311 300 93
0 554.8 561.447 300 93
0 554.8 561.598 300 93
0 554.8 561.738 300 93
0 554.8 561.879 300 93
0 554.8 562.01 300 93
0 554.8 562.142 300 93
0 554.8 562.314 300 93
0 554.8 562.449 300 93
0 554.8 562.585 300 93
0 554.8 562.72 300 93
0 554.8 562.943 300 93
0 554.8 563.093 300 93
0 554.8 563.3 300 93
0 554.8 563.446 300 93
0 554.8 563.587 300 93
0 554.8 563.722 300 93
0 554.8 563.842 300 93
0 554.8 563.984 300 93
0 554.8 564.164 300 93
0 554.8 564.276 300 93
0 554.8 564.358 300 93
0 554.8 564.499 300 93
0 554.8 564.638 300 93
0 554.8 564.781 300 93
0 554.8 564.916 300 93
0 554.8 565.049 300 93
0 554.8 565.19 300 93
0 554.8 565.321 300 93
0 554.8 565.454 300 93
0 554.8 565.553 300 93
0 554.8 565.69 300 93
0 554.8 565.78 300 93
0 554.8 565.989 300 93
0 554.8 566.127 300 93
0 554.8 566.254 300 93
0 554.8 566.389 300 93
0 554.8 566.572 300 93
0 554.8 566.703 300 93
0 554.8 566.893 300 93
0 554.8 567.128 300 93
0 554.8 567.273 300 93
0 554.8 567.383 300 93
0 554.8 567.52 300 93
0 554.8 567.651 300 93
0 554.8 567.794 300 93
0 554.8 567.93 300 93
0 554.8 568.104 300 93
0 554.8 568.234 300 93
0 554.8 568.373 300 93
0 554.8 568.49 300 93
0 554.8 568.719 300 93
0 554.8 568.876 300 93
0 554.8 569.004 300 93
0 554.8 569.148 300 93
0 554.8 569.278 300 93
0 554.8 569.417 300 93
0 554.8 569.551 300 93
0 554.8 569.691 300 93
0 554.8 569.812 300 93
0 554.8 569.992 300 93
0 554.8 570.125 300 93
0 554.8 570.267 300 93
0 554.8 570.418 300 93
0 554.8 570.564 300 93
0 554.8 570.741 300 93
0 554.8 570.912 300 93
0 554.8 571.106 300 93
0 554.8 571.244 300 93
0 554.8 571.419 300 93
0 554.8 571.559 300 93
0 554.8 571.687 300 93
0 554.8 571.863 300 93
0 554.8 571.99 300 93
0 554.8 572.144 300 93
0 554.8 572.281 300 93
0 554.8 572.46 300 93
0 554.8 572.647 300 93
0 554.8 572.836 300 93
0 554.8 573.07 300 93
0 554.8 573.282 300 93
0 554.8 573.524 300 93
0 554.8 573.686 300 93
0 554.8 573.863 300 93
0 554.8 574.022 300 93
0 554.8 574.182 300 93
0 554.8 574.346 300 93
0 554.8 574.519 300 93
0 554.8 574.784 300 93
0 554.8 574.966 300 93
0 554.8 575.169 300 93
0 554.8 575.514 300 93
0 554.8 575.686 300 93
0 554.8 575.913 300 93
0 554.8 576.141 300 93
0 554.8 576.3 300 93
0 554.8 576.46 300 93
0 554.8 576.614 300 93
0 554.8 576.756 300 93
0 554.8 576.894 300 93
0 554.8 577.017 300 93
0 554.8 577.274 300 93
0 554.8 577.431 300 93
0 554.8 577.678 300 93
0 554.8 577.825 300 93
0 554.8 577.99 300 93
0 554.8 578.2 300 93
0 554.8 578.319 300 93
0 554.8 578.469 300 93
0 554.8 578.642 300 93
0 554.8 578.999 300 93
0 554.8 579.169 300 93
0 554.8 579.43 300 93
0 554.8 579.588 300 93
0 554.8 579.772 300 93
0 554.8 579.902 300 93
0 554.8 580.039 300 93
0 554.8 580.166 300 93
0 554.8 580.286 300 93
0 554.8 580.422 300 93
0 554.8 580.561 300 93
0 554.8 580.787 300 93
0 554.8 580.876 300 93
0 554.8 581.027 300 93
0 554.8 581.251 300 93
0 554.8 581.362 300 93
0 554.8 581.502 300 93
0 554.8 581.647 300 93
0 554.8 581.783 300 93
0 554.8 581.937 300 93
0 554.8 582.071 300 93
0 554.8 582.208 300 93
0 554.8 582.344 300 93
0 554.8 582.493 300 93
0 554.8 582.625 300 93
0 554.8 582.769 300 93
0 554.8 582.996 300 93
0 554.8 583.13 300 93
0 554.8 583.357 300 93
0 554.8 583.486 300 93
0 554.8 583.639 300 93
0 554.8 583.768 300 93
0 554.8 583.913 300 93
0 554.8 584.078 300 93
0 554.8 584.271 300 93
0 554.8 584.436 300 93
0 554.8 584.611 300 93
0 554.8 584.835 300 93
0 554.8 585.002 300 93
0 554.8 585.144 300 93
0 554.8 585.312 300 93
0 554.8 585.452 300 93
0 554.8 585.584 300 93
0 554.8 585.76 300 93
0 554.8 585.883 300 93
0 554.8 586.025 300 93
0 554.8 586.157 300 93
0 554.8 586.384 300 93
0 554.8 586.52 300 93
0 554.8 586.647 300 93
0 554.8 586.837 300 93
0 554.8 586.972 300 93
0 554.8 587.146 300 93
0 554.8 587.298 300 93
0 554.8 587.45 300 93
0 554.8 587.594 300 93
0 554.8 587.731 300 93
0 554.8 587.89 300 93
0 554.8 588.031 300 93
0 554.8 588.16 300 93
0 554.8 588.304 300 93
0 554.8 588.437 300 93
0 554.8 588.64 300 93
0 554.8 589.001 300 93
0 554.8 589.189 300 93
0 554.8 589.324 300 93
0 554.8 589.467 300 93
0 554.8 589.587 300 93
0 554.8 589.724 300 93
0 554.8 589.851 300 93
0 554.8 589.961 300 93
0 554.8 590.101 300 93
0 554.8 590.198 300 93
0 554.8 590.328 300 93
0 554.8 590.465 300 93
0 554.8 590.599 300 93
0 554.8 590.739 300 93
0 554.8 590.88 300 93
0 554.8 591.022 300 93
0 554.8 591.212 300 93
0 554.8 591.353 300 93
0 554.8 591.489 300 93
0 554.8 591.592 300 93
0 554.8 591.721 300 93
0 554.8 591.863 300 93
0 554.8 592.001 300 93
0 554.8 592.151 300 93
0 554.8 592.296 300 93
0 554.8 592.426 300 93
0 554.8 592.565 300 93
0 554.8 592.708 300 93
0 554.8 592.854 300 93
0 554.8 592.991 300 93
0 554.8 593.17 300 93
0 554.8 593.312 300 93
0 554.8 593.444 300 93
0 554.8 593.631 300 93
0 554.8 593.769 300 93
0 554.8 593.876 300 93
0 554.8 594.03 300 93
0 554.8 594.182 300 93
0 554.8 594.341 300 93
0 554.8 594.556 300 93
0 554.8 594.777 300 93
0 554.8 594.952 300 93
0 554.8 595.25 300 93
0 554.8 595.399 300 93
0 554.8 595.49 300 93
0 554.8 595.628 300 93
0 554.8 595.775 300 93
0 554.8 595.916 300 93
0 554.8 596.149 300 93
0 554.8 596.284 300 93
0 554.8 596.42 300 93
0 554.8 596.641 300 93
0 554.8 596.758 300 93
0 554.8 596.894 300 93
0 554.8 597.062 300 93
0 554.8 597.19 300 93
0 554.8 597.331 300 93
0 554.8 597.482 300 93
0 554.8 597.632 300 93
0 554.8 597.86 300 93
0 554.8 598.042 300 93
0 554.8 598.216 300 93
0 554.8 598.35 300 93
0 554.8 598.531 300 93
0 554.8 598.669 300 93
0 554.8 598.826 300 93
0 554.8 599.002 300 93
0 554.8 599.131 300 93
0 554.8 599.276 300 93
0 554.8 599.404 300 93
0 554.8 599.551 300 93
0 554.8 599.68 300 93
0 554.8 599.823 300 93
0 554.8 599.964 300 93
0 554.8 600.087 300 93
0 554.8 600.271 300 93
0 554.8 600.407 300 93
0 554.8 600.542 300 93
0 554.8 600.644 300 93
0 554.8 600.845 300 93
0 554.8 601.037 300 93
0 554.8 601.17 300 93
0 554.8 601.317 300 93
0 554.8 601.447 300 93
0 554.8 601.608 300 93
0 554.8 601.742 300 93
0 554.8 601.895 300 93
0 554.8 602.037 300 93
0 554.8 602.182 300 93
0 554.8 602.272 300 93
0 554.8 602.417 300 93
0 554.8 602.552 300 93
0 554.8 602.694 300 93
0 554.8 602.919 300 93
0 554.8 603.049 300 93
0 554.8 603.265 300 93
0 554.8 603.391 300 93
0 554.8 603.518 300 93
0 554.8 603.653 300 93
0 554.8 603.739 300 93
0 554.8 603.917 300 93
0 554.8 604.151 300 93
0 554.8 604.378 300 93
0 554.8 604.578 300 93
0 554.8 604.735 300 93
0 554.8 604.888 300 93
0 554.8 605.039 300 93
0 554.8 605.187 300 93
0 554.8 605.343 300 93
0 554.8 605.479 300 93
0 554.8 605.718 300 93
0 554.8 605.924 300 93
0 554.8 606.062 300 93
0 554.8 606.211 300 93
0 554.8 606.295 300 93
0 554.8 606.438 300 93
0 554.8 606.554 300 93
0 554.8 606.689 300 93
0 554.8 606.861 300 93
0 554.8 607.009 300 93
0 554.8 607.213 300 93
0 554.8 607.307 300 93
0 554.8 607.498 300 93
0 554.8 607.631 300 93
0 554.8 607.758 300 93
0 554.8 607.941 300 93
0 554.8 608.068 300 93
0 554.8 608.17 300 93
0 554.8 608.306 300 93
0 554.8 608.454 300 93
0 554.8 608.586 300 93
0 554.8 608.771 300 93
0 554.8 608.972 300 93
0 554.8 609.153 300 93
0 554.8 609.307 300 93
0 554.8 609.46 300 93
0 554.8 609.585 300 93
0 554.8 609.817 300 93
0 554.8 609.967 300 93
0 554.8 610.099 300 93
0 554.8 610.286 300 93
0 554.8 610.417 300 93
0 554.8 610.544 300 93
0 554.8 610.667 300 93
0 554.8 610.796 300 93
0 554.8 610.98 300 93
0 554.8 611.08 300 93
0 554.8 611.221 300 93
0 554.8 611.417 300 93
0 554.8 611.549 300 93
0 554.8 611.703 300 93
0 554.8 611.854 300 93
0 554.8 611.996 300 93
0 554.8 612.126 300 93
0 554.8 612.248 300 93
0 554.8 612.388 300 93
0 554.8 612.58 300 93
0 554.8 612.685 300 93
0 554.8 612.824 300 93
0 554.8 612.92 300 93
0 554.8 613.012 300 93
0 554.8 613.126 300 93
0 554.8 613.263 300 93
0 554.8 613.434 300 93
0 554.8 613.57 300 93
0 554.8 613.705 300 93
0 554.8 613.855 300 93
0 554.8 613.975 300 93
0 554.8 614.111 300 93
0 554.8 614.267 300 93
0 554.8 614.43 300 93
0 554.8 614.528 300 93
0 554.8 614.724 300 93
0 554.8 614.93 300 93
0 554.8 615.003 300 93
0 554.8 615.139 300 93
0 554.8 615.278 300 93
0 554.8 615.488 300 93
0 554.8 615.613 300 93
0 554.8 615.765 300 93
0 554.8 615.893 300 93
0 554.8 616.032 300 93
0 554.8 616.25 300 93
0 554.8 616.439 300 93
0 554.8 616.629 300 93
0 554.8 616.765 300 93
0 554.8 616.893 300 93
0 554.8 617.023 300 93
0 554.8 617.154 300 93
0 554.8 617.302 300 93
0 554.8 617.439 300 93
0 554.8 617.575 300 93
0 554.8 617.758 300 93
0 554.8 617.979 300 93
0 554.8 618.077 300 93
0 554.8 618.281 300 93
0 554.8 618.423 300 93
0 554.8 618.566 300 93
0 554.8 618.751 300 93
0 554.8 618.886 300 93
0 554.8 619.043 300 93
0 554.8 619.145 300 93
0 554.8 619.283 300 93
0 554.8 619.411 300 93
0 554.8 619.657 300 93
0 554.8 619.795 300 93
0 554.8 619.914 300 93
0 554.8 620.057 300 93
0 554.8 620.195 300 93
0 554.8 620.324 300 93
0 554.8 620.477 300 93
0 554.8 620.616 300 93
0 554.8 620.738 300 93
0 554.8 620.871 300 93
0 554.8 621.001 300 93
0 554.8 621.131 300 93
0 554.8 621.269 300 93
0 554.8 621.435 300 93
0 554.8 621.584 300 93
0 554.8 621.773 300 93
0 554.8 621.904 300 93
0 554.8 621.984 300 93
0 554.8 622.126 300 93
0 554.8 622.273 300 93
0 554.8 622.411 300 93
0 554.8 622.597 300 93
0 554.8 622.691 300 93
0 554.8 622.826 300 93
0 554.8 622.979 300 93
0 554.8 623.11 300 93
0 554.8 623.328 300 93
0 554.8 623.46 300 93
0 554.8 623.597 300 93
0 554.8 623.741 300 93
0 554.8 623.882 300 93
0 554.8 624.026 300 93
0 554.8 624.218 300 93
0 554.8 624.344 300 93
0 554.8 624.482 300 93
0 554.8 624.626 300 93
0 554.8 624.745 300 93
0 554.8 624.884 300 93
0 554.8 625.082 300 93
0 554.8 625.218 300 93
0 554.8 625.355 300 93
0 554.8 625.495 300 93
0 554.8 625.688 300 93
0 554.8 625.824 300 93
0 554.8 626.047 300 93
0 554.8 626.239 300 93
0 554.8 626.427 300 93
0 554.8 626.565 300 93
0 554.8 626.694 300 93
0 554.8 626.869 300 93
0 554.8 627.01 300 93
0 554.8 627.134 300 93
0 554.8 627.261 300 93
0 554.8 627.49 300 93
0 554.8 627.624 300 93
0 554.8 627.796 300 93
0 554.8 627.928 300 93
0 554.8 628.075 300 93
0 554.8 628.289 300 93
0 554.8 628.474 300 93
0 554.8 628.625 300 93
0 554.8 628.809 300 93
0 554.8 628.953 300 93
0 554.8 629.089 300 93
0 554.8 629.222 300 93
0 554.8 629.345 300 93
0 554.8 629.484 300 93
0 554.8 629.673 300 93
0 554.8 629.805 300 93
0 554.8 629.957 300 93
0 554.8 630.188 300 93
0 554.8 630.372 300 93
0 554.8 630.585 300 93
0 554.8 630.796 300 93
0 554.8 630.937 300 93
0 554.8 631.074 300 93
0 554.8 631.199 300 93
0 554.8 631.278 300 93
0 554.8 631.403 300 93
0 554.8 631.579 300 93
0 554.8 631.718 300 93
0 554.8 631.86 300 93
0 554.8 632.054 300 93
0 554.8 632.236 300 93
0 554.8 632.369 300 93
0 554.8 632.496 300 93
0 554.8 632.709 300 93
0 554.8 632.957 300 93
0 554.8 633.086 300 93
0 554.8 633.22 300 93
0 554.8 633.389 300 93
0 554.8 633.537 300 93
0 554.8 633.669 300 93
0 554.8 633.792 300 93
0 554.8 634.02 300 93
0 554.8 634.166 300 93
0 554.8 634.304 300 93
0 554.8 634.444 300 93
0 554.8 634.577 300 93
0 554.8 634.717 300 93
0 554.8 634.825 300 93
0 554.8 635.072 300 93
0 554.8 635.218 300 93
0 554.8 635.353 300 93
0 554.8 635.485 300 93
0 554.8 635.616 300 93
0 554.8 635.818 300 93
0 554.8 635.968 300 93
0 554.8 636.092 300 93
0 554.8 636.335 300 93
0 554.8 636.527 300 93
0 554.8 636.656 300 93
0 554.8 636.808 300 93
0 554.8 636.894 300 93
0 554.8 637.037 300 93
0 554.8 637.183 300 93
0 554.8 637.286 300 93
0 554.8 637.437 300 93
0 554.8 637.567 300 93
0 554.8 637.697 300 93
0 554.8 637.849 300 93
0 554.8 638.03 300 93
0 554.8 638.168 300 93
0 554.8 638.299 300 93
0 554.8 638.436 300 93
0 554.8 638.577 300 93
0 554.8 638.712 300 93
0 554.8 638.803 300 93
0 554.8 638.901 300 93
0 554.8 639.121 300 93
0 554.8 639.275 300 93
0 554.8 639.426 300 93
0 554.8 639.626 300 93
0 554.8 639.853 300 93
0 554.8 639.996 300 93
0 554.8 640.133 300 93
0 554.8 640.291 300 93
0 554.8 640.558 300 93
0 554.8 640.701 300 93
0 554.8 640.834 300 93
0 554.8 640.973 300 93
0 554.8 641.221 300 93
0 554.8 641.373 300 93
0 554.8 641.566 300 93
0 554.8 641.707 300 93
0 554.8 641.876 300 93
0 554.8 642.019 300 93
0 554.8 642.197 300 93
0 554.8 642.346 300 93
0 554.8 642.479 300 93
0 554.8 642.612 300 93
0 554.8 642.871 300 93
0 554.8 643.012 300 93
0 554.8 643.145 300 93
0 554.8 643.385 300 93
0 554.8 643.559 300 93
0 554.8 643.694 300 93
0 554.8 643.834 300 93
0 554.8 643.956 300 93
0 554.8 644.101 300 93
0 554.8 644.243 300 93
0 554.8 644.417 300 93
0 554.8 644.625 300 93
0 554.8 644.856 300 93
0 554.8 645.026 300 93
0 554.8 645.177 300 93
0 554.8 645.352 300 93
0 554.8 645.493 300 93
0 554.8 645.626 300 93
0 554.8 645.74 300 93
0 554.8 645.827 300 93
0 554.8 646.006 300 93
0 554.8 646.126 300 93
0 554.8 646.294 300 93
0 554.8 646.427 300 93
0 554.8 646.568 300 93
0 554.8 646.744 300 93
0 554.8 646.889 300 93
0 554.8 647.008 300 93
0 554.8 647.191 300 93
0 554.8 647.323 300 93
0 554.8 647.456 300 93
0 554.8 647.583 300 93
0 554.8 647.788 300 93
0 554.8 647.944 300 93
0 554.8 648.091 300 93
0 554.8 648.222 300 93
0 554.8 648.407 300 93
0 554.8 648.559 300 93
0 554.8 648.808 300 93
0 554.8 649.022 300 93
0 554.8 649.147 300 93
0 554.8 649.319 300 93
0 554.8 649.481 300 93
0 554.8 649.609 300 93
0 554.8 649.743 300 93
0 554.8 649.914 300 93
0 554.8 650.243 300 93
0 554.8 650.365 300 93
0 554.8 650.492 300 93
0 554.8 650.599 300 93
0 554.8 650.84 300 93
0 554.8 650.986 300 93
0 554.8 651.094 300 93
0 554.8 651.242 300 93
0 554.8 651.298 300 93
0 554.8 651.453 300 93
0 554.8 651.559 300 93
0 554.8 651.685 300 93
0 554.8 651.825 300 93
0 554.8 651.962 300 93
0 554.8 652.157 300 93
0 554.8 652.294 300 93
0 554.8 652.433 300 93
0 554.8 652.666 300 93
0 554.8 652.803 300 93
0 554.8 652.92 300 93
0 554.8 653.066 300 93
0 554.8 653.247 300 93
0 554.8 653.42 300 93
0 554.8 653.575 300 93
0 554.8 653.725 300 93
0 554.8 653.87 300 93
0 554.8 654.003 300 93
0 554.8 654.098 300 93
0 554.8 654.28 300 93
0 554.8 654.406 300 93
0 554.8 654.606 300 93
0 554.8 654.736 300 93
0 554.8 654.886 300 93
0 554.8 655.034 300 93
0 554.8 655.221 300 93
0 554.8 655.366 300 93
0 554.8 655.538 300 93
0 554.8 655.693 300 93
0 554.8 655.831 300 93
0 554.8 655.967 300 93
0 554.8 656.065 300 93
0 554.8 656.3 300 93
0 554.8 656.451 300 93
0 554.8 656.586 300 93
0 554.8 656.724 300 93
0 554.8 656.952 300 93
0 554.8 657.092 300 93
0 554.8 657.218 300 93
0 554.8 657.387 300 93
0 554.8 657.519 300 93
0 554.8 657.691 300 93
0 554.8 657.836 300 93
0 554.8 657.974 300 93
0 554.8 658.169 300 93
0 554.8 658.495 300 93
0 554.8 658.635 300 93
0 554.8 658.801 300 93
0 554.8 658.968 300 93
0 554.8 659.159 300 93
0 554.8 659.306 300 93
0 554.8 659.573 300 93
0 554.8 659.742 300 93
0 554.8 659.881 300 93
0 554.8 659.995 300 93
0 554.8 660.136 300 93
0 554.8 660.322 300 93
0 554.8 660.462 300 93
0 554.8 660.6 300 93
0 554.8 660.75 300 93
0 554.8 660.901 300 93
0 554.8 661.062 300 93
0 554.8 661.216 300 93
0 554.8 661.342 300 93
0 554.8 661.479 300 93
0 554.8 661.666 300 93
0 554.8 661.832 300 93
0 554.8 662.036 300 93
0 554.8 662.203 300 93
0 554.8 662.393 300 93
0 554.8 662.53 300 93
0 554.8 662.706 300 93
0 554.8 662.877 300 93
0 554.8 662.968 300 93
0 554.8 663.169 300 93
0 554.8 663.326 300 93
0 554.8 663.43 300 93
0 554.8 663.572 300 93
0 554.8 663.715 300 93
0 554.8 663.853 300 93
0 554.8 664.013 300 93
0 554.8 664.157 300 93
0 554.8 664.295 300 93
0 554.8 664.387 300 93
0 554.8 664.505 300 93
0 554.8 664.598 300 93
0 554.8 664.749 300 93
0 554.8 664.851 300 93
0 554.8 664.942 300 93
0 554.8 665.066 300 93
0 554.8 665.23 300 93
0 554.8 665.318 300 93
0 554.8 665.405 300 93
0 554.8 665.479 300 93
0 554.8 665.631 300 93
0 554.8 665.77 300 93
0 554.8 666.009 300 93
0 554.8 666.153 300 93
0 554.8 666.334 300 93
0 554.8 666.538 300 93
0 554.8 666.68 300 93
0 554.8 666.812 300 93
0 554.8 666.996 300 93
0 554.8 667.113 300 93
0 554.8 667.275 300 93
0 554.8 667.432 300 93
0 554.8 667.517 300 93
0 554.8 667.661 300 93
0 554.8 667.803 300 93
0 554.8 667.93 300 93
0 554.8 668.091 300 93
0 554.8 668.241 300 93
0 554.8 668.37 300 93
0 554.8 668.509 300 93
0 554.8 668.653 300 93
0 554.8 668.815 300 93
0 554.8 668.958 300 93
0 554.8 669.094 300 93
0 554.8 669.225 300 93
0 554.8 669.378 300 93
0 554.8 669.523 300 93
0 554.8 669.657 300 93
0 554.8 669.787 300 93
0 554.8 669.921 300 93
0 554.8 670.091 300 93
0 554.8 670.225 300 93
0 554.8 670.468 300 93
0 554.8 670.595 300 93
0 554.8 670.769 300 93
0 554.8 670.91 300 93
0 554.8 671.043 300 93
0 554.8 671.209 300 93
0 554.8 671.425 300 93
0 554.8 671.573 300 93
0 554.8 671.709 300 93
0 554.8 671.884 300 93
0 554.8 672.022 300 93
0 554.8 672.172 300 93
0 554.8 672.437 300 93
0 554.8 672.571 300 93
0 554.8 672.709 300 93
0 554.8 672.853 300 93
0 554.8 672.988 300 93
0 554.8 673.177 300 93
0 554.8 673.355 300 93
0 554.8 673.507 300 93
0 554.8 673.648 300 93
0 554.8 673.771 300 93
0 554.8 673.915 300 93
0 554.8 674.067 300 93
0 554.8 674.21 300 93
0 554.8 674.409 300 93
0 554.8 674.59 300 93
0 554.8 674.684 300 93
0 554.8 674.837 300 93
0 554.8 674.968 300 93
0 554.8 675.118 300 93
0 554.8 675.316 300 93
0 554.8 675.471 300 93
0 554.8 675.618 300 93
0 554.8 675.801 300 93
0 554.8 675.96 300 93
0 554.8 676.156 300 93
0 554.8 676.302 300 93
0 554.8 676.445 300 93
0 554.8 676.578 300 93
0 554.8 676.716 300 93
0 554.8 676.835 300 93
0 554.8 677.127 300 93
0 554.8 677.261 300 93
0 554.8 677.392 300 93
0 554.8 677.538 300 93
0 554.8 677.685 300 93
0 554.8 677.819 300 93
0 554.8 678.005 300 93
0 554.8 678.133 300 93
0 554.8 678.286 300 93
0 554.8 678.447 300 93
0 554.8 678.597 300 93
0 554.8 678.729 300 93
0 554.8 678.914 300 93
0 554.8 679.106 300 93
0 554.8 679.325 300 93
0 554.8 679.485 300 93
0 554.8 679.647 300 93
0 554.8 679.791 300 93
0 554.8 679.95 300 93
0 554.8 680.109 300 93
0 554.8 680.251 300 93
0 554.8 680.445 300 93
0 554.8 680.572 300 93
0 554.8 680.708 300 93
0 554.8 680.832 300 93
0 554.8 680.965 300 93
0 554.8 681.202 300 93
0 554.8 681.372 300 93
0 554.8 681.503 300 93
0 554.8 681.656 300 93
0 554.8 681.888 300 93
0 554.8 682.069 300 93
0 554.8 682.295 300 93
0 554.8 682.435 300 93
0 554.8 682.585 300 93
0 554.8 682.721 300 93
0 554.8 682.873 300 93
0 554.8 683.016 300 93
0 554.8 683.155 300 93
0 554.8 683.261 300 93
0 554.8 683.393 300 93
0 554.8 683.546 300 93
0 554.8 683.688 300 93
0 554.8 683.831 300 93
0 554.8 684.016 300 93
0 554.8 684.189 300 93
0 554.8 684.437 300 93
0 554.8 684.605 300 93
0 554.8 684.735 300 93
0 554.8 684.907 300 93
0 554.8 685.032 300 93
0 554.8 685.17 300 93
0 554.8 685.274 300 93
0 554.8 685.419 300 93
0 554.8 685.558 300 93
0 554.8 685.829 300 93
0 554.8 685.988 300 93
0 554.8 686.222 300 93
0 554.8 686.361 300 93
0 554.8 686.502 300 93
0 554.8 686.897 300 93
0 554.8 687.03 300 93
0 554.8 687.191 300 93
0 554.8 687.334 300 93
0 554.8 687.482 300 93
0 554.8 687.588 300 93
0 554.8 687.741 300 93
0 554.8 687.883 300 93
0 554.8 688.027 300 93
0 554.8 688.209 300 93
0 554.8 688.358 300 93
0 554.8 688.463 300 93
0 554.8 688.706 300 93
0 554.8 688.852 300 93
0 554.8 689.015 300 93
0 554.8 689.254 300 93
0 554.8 689.457 300 93
0 554.8 689.576 300 93
0 554.8 689.709 300 93
0 554.8 689.85 300 93
0 554.8 690.115 300 93
0 554.8 690.31 300 93
0 554.8 690.511 300 93
0 554.8 690.639 300 93
0 554.8 690.855 300 93
0 554.8 690.991 300 93
0 554.8 691.143 300 93
0 554.8 691.324 300 93
0 554.8 691.47 300 93
0 554.8 691.631 300 93
0 554.8 691.833 300 93
0 554.8 691.969 300 93
0 554.8 692.112 300 93
0 554.8 692.251 300 93
0 554.8 692.39 300 93
0 554.8 692.61 300 93
0 554.8 692.736 300 93
0 554.8 692.922 300 93
0 554.8 693.013 300 93
0 554.8 693.193 300 93
0 554.8 693.317 300 93
0 554.8 693.452 300 93
0 554.8 693.654 300 93
0 554.8 693.768 300 93
0 554.8 693.924 300 93
0 554.8 694.141 300 93
0 554.8 694.29 300 93
0 554.8 694.407 300 93
0 554.8 694.546 300 93
0 554.8 694.772 300 93
0 554.8 694.905 300 93
0 554.8 695.085 300 93
0 554.8 695.317 300 93
0 554.8 695.447 300 93
0 554.8 695.674 300 93
0 554.8 695.817 300 93
0 554.8 695.96 300 93
0 554.8 696.116 300 93
0 554.8 696.413 300 93
0 554.8 696.53 300 93
0 554.8 696.687 300 93
0 554.8 696.808 300 93
0 554.8 696.941 300 93
0 554.8 697.073 300 93
0 554.8 697.208 300 93
0 554.8 697.386 300 93
0 554.8 697.53 300 93
0 554.8 697.663 300 93
0 554.8 697.794 300 93
0 554.8 697.992 300 93
0 554.8 698.136 300 93
0 554.8 698.362 300 93
0 554.8 698.492 300 93
0 554.8 698.632 300 93
0 554.8 698.836 300 93
0 554.8 698.982 300 93
0 554.8 699.115 300 93
0 554.8 699.235 300 93
0 554.8 699.401 300 93
0 554.8 699.493 300 93
0 554.8 699.615 300 93
0 554.8 699.745 300 93
0 554.8 699.869 300 93
0 554.8 700.066 300 93
0 554.8 700.26 300 93
0 554.8 700.383 300 93
0 554.8 700.5 300 93
0 554.8 700.715 300 93
0 554.8 700.867 300 93
0 554.8 700.999 300 93
0 554.8 701.145 300 93
0 554.8 701.295 300 93
0 554.8 701.574 300 93
0 554.8 701.737 300 93
0 554.8 701.912 300 93
0 554.8 702.094 300 93
0 554.8 702.235 300 93
0 554.8 702.419 300 93
0 554.8 702.618 300 93
0 554.8 702.818 300 93
0 554.8 702.955 300 93
0 554.8 703.099 300 93
0 554.8 703.241 300 93
0 554.8 703.372 300 93
0 554.8 703.511 300 93
0 554.8 703.635 300 93
0 554.8 703.814 300 93
0 554.8 703.96 300 93
0 554.8 704.093 300 93
0 554.8 704.196 300 93
0 554.8 704.333 300 93
0 554.8 704.519 300 93
0 554.8 704.671 300 93
0 554.8 704.819 300 93
0 554.8 704.976 300 93
0 554.8 705.116 300 93
0 554.8 705.242 300 93
0 554.8 705.378 300 93
0 554.8 705.511 300 93
0 554.8 705.628 300 93
0 554.8 705.768 300 93
0 554.8 705.903 300 93
0 554.8 706.079 300 93
0 554.8 706.246 300 93
0 554.8 706.395 300 93
0 554.8 706.557 300 93
0 554.8 706.781 300 93
0 554.8 706.908 300 93
0 554.8 707.033 300 93
0 554.8 707.165 300 93
0 554.8 707.354 300 93
0 554.8 707.562 300 93
0 554.8 707.794 300 93
0 554.8 707.88 300 93
0 554.8 707.971 300 93
0 554.8 708.075 300 93
0 554.8 708.164 300 93
0 554.8 708.291 300 93
0 554.8 708.385 300 93
0 554.8 708.478 300 93
0 554.8 708.569 300 93
0 554.8 708.693 300 93
0 554.8 708.856 300 93
0 554.8 708.949 300 93
0 554.8 709.07 300 93
0 554.8 709.164 300 93
0 554.8 709.276 300 93
0 554.8 709.345 300 93
0 554.8 709.464 300 93
0 554.8 709.587 300 93
0 554.8 709.681 300 93
0 554.8 709.801 300 93
0 554.8 709.921 300 93
0 554.8 710.003 300 93
0 554.8 710.102 300 93
0 554.8 710.253 300 93
0 554.8 710.346 300 93
0 554.8 710.443 300 93
0 554.8 710.533 300 93
0 554.8 710.625 300 93
0 554.8 710.721 300 93
0 554.8 710.815 300 93
0 554.8 710.948 300 93
0 554.8 711.169 300 93
0 554.8 711.289 300 93
0 554.8 711.416 300 93
0 554.8 711.623 300 93
0 554.8 711.756 300 93
0 554.8 711.888 300 93
0 554.8 712.024 300 93
0 554.8 712.316 300 93
0 554.8 712.444 300 93
0 554.8 712.621 300 93
0 554.8 712.73 300 93
0 554.8 712.93 300 93
0 554.8 713.083 300 93
0 554.8 713.276 300 93
0 554.8 713.463 300 93
0 554.8 713.628 300 93
0 554.8 713.787 300 93
0 554.8 713.912 300 93
0 554.8 714.061 300 93
0 554.8 714.208 300 93
0 554.8 714.374 300 93
0 554.8 714.466 300 93
0 554.8 714.611 300 93
0 554.8 714.755 300 93
0 554.8 714.908 300 93
0 554.8 715.145 300 93
0 554.8 715.283 300 93
0 554.8 715.469 300 93
0 554.8 715.585 300 93
0 554.8 715.719 300 93
0 554.8 715.851 300 93
0 554.8 715.996 300 93
0 554.8 716.137 300 93
0 554.8 716.256 300 93
0 554.8 716.484 300 93
0 554.8 716.634 300 93
0 554.8 716.794 300 93
0 554.8 717.002 300 93
0 554.8 717.214 300 93
0 554.8 717.409 300 93
0 554.8 717.54 300 93
0 554.8 717.671 300 93
0 554.8 717.877 300 93
0 554.8 718.014 300 93
0 554.8 718.205 300 93
0 554.8 718.379 300 93
0 554.8 718.5 300 93
0 554.8 718.643 300 93
0 554.8 718.732 300 93
0 554.8 718.831 300 93
0 554.8 719.028 300 93
0 554.8 719.198 300 93
0 554.8 719.292 300 93
0 554.8 719.444 300 93
0 554.8 719.604 300 93
0 554.8 719.755 300 93
0 554.8 719.874 300 93
0 554.8 720.02 300 93
0 554.8 720.173 300 93
0 554.8 720.369 300 93
0 554.8 720.524 300 93
0 554.8 720.943 300 93
0 554.8 721.071 300 93
0 554.8 721.208 300 93
0 554.8 721.374 300 93
0 554.8 721.513 300 93
0 554.8 721.653 300 93
0 554.8 721.812 300 93
0 554.8 721.916 300 93
0 554.8 722.075 300 93
0 554.8 722.213 300 93
0 554.8 722.361 300 93
0 554.8 722.519 300 93
0 554.8 722.684 300 93
0 554.8 722.91 300 93
0 554.8 723.147 300 93
0 554.8 723.294 300 93
0 554.8 723.551 300 93
0 554.8 723.687 300 93
0 554.8 723.922 300 93
0 554.8 724.054 300 93
0 554.8 724.219 300 93
0 554.8 724.37 300 93
0 554.8 724.469 300 93
0 554.8 724.601 300 93
0 554.8 724.755 300 93
0 554.8 724.9 300 93
0 554.8 725.035 300 93
0 554.8 725.209 300 93
0 554.8 725.413 300 93
0 554.8 725.645 300 93
0 554.8 725.792 300 93
0 554.8 725.999 300 93
0 554.8 726.144 300 93
0 554.8 726.284 300 93
0 554.8 726.417 300 93
0 554.8 726.561 300 93
0 554.8 726.712 300 93
0 554.8 726.943 300 93
0 554.8 727.163 300 93
0 554.8 727.358 300 93
0 554.8 727.5 300 93
0 554.8 727.674 300 93
0 554.8 727.885 300 93
0 554.8 728.038 300 93
0 554.8 728.171 300 93
0 554.8 728.348 300 93
0 554.8 728.709 300 93
0 554.8 728.84 300 93
0 554.8 728.983 300 93
0 554.8 729.162 300 93
0 554.8 729.302 300 93
0 554.8 729.44 300 93
0 554.8 729.579 300 93
0 554.8 729.758 300 93
0 554.8 729.928 300 93
0 554.8 730.06 300 93
0 554.8 730.243 300 93
0 554.8 730.375 300 93
0 554.8 730.511 300 93
0 554.8 730.669 300 93
0 554.8 730.801 300 93
0 554.8 730.932 300 93
0 554.8 731.085 300 93
0 554.8 731.254 300 93
0 554.8 731.385 300 93
0 554.8 731.478 300 93
0 554.8 731.625 300 93
0 554.8 731.756 300 93
0 554.8 731.924 300 93
0 554.8 732.063 300 93
0 554.8 732.202 300 93
0 554.8 732.33 300 93
0 554.8 732.459 300 93
0 554.8 732.598 300 93
0 554.8 732.739 300 93
0 554.8 732.882 300 93
0 554.8 733.052 300 93
0 554.8 733.22 300 93
0 554.8 733.365 300 93
0 554.8 733.602 300 93
0 554.8 733.722 300 93
0 554.8 733.859 300 93
0 554.8 734.03 300 93
0 554.8 734.151 300 93
0 554.8 734.288 300 93
0 554.8 734.417 300 93
0 554.8 734.625 300 93
0 554.8 734.748 300 93
0 554.8 734.838 300 93
0 554.8 735.002 300 93
0 554.8 735.144 300 93
0 554.8 735.282 300 93
0 554.8 735.419 300 93
0 554.8 735.549 300 93
0 554.8 735.678 300 93
0 554.8 735.769 300 93
0 554.8 735.9 300 93
0 554.8 736.043 300 93
0 554.8 736.201 300 93
0 554.8 736.345 300 93
0 554.8 736.507 300 93
0 554.8 736.753 300 93
0 554.8 736.877 300 93
0 554.8 737.103 300 93
0 554.8 737.281 300 93
0 554.8 737.458 300 93
0 554.8 737.592 300 93
0 554.8 737.738 300 93
0 554.8 737.879 300 93
0 554.8 738.014 300 93
0 554.8 738.165 300 93
0 554.8 738.328 300 93
0 554.8 738.462 300 93
0 554.8 738.611 300 93
0 554.8 738.739 300 93
0 554.8 738.89 300 93
0 554.8 739.023 300 93
0 554.8 739.151 300 93
0 554.8 739.3 300 93
0 554.8 739.442 300 93
0 554.8 739.688 300 93
0 554.8 739.878 300 93
0 554.8 740.011 300 93
0 554.8 740.203 300 93
0 554.8 740.385 300 93
0 554.8 740.515 300 93
0 554.8 740.658 300 93
0 554.8 740.865 300 93
0 554.8 741.046 300 93
0 554.8 741.283 300 93
0 554.8 741.463 300 93
0 554.8 741.689 300 93
0 554.8 741.915 300 93
0 554.8 742.042 300 93
0 554.8 742.215 300 93
0 554.8 742.386 300 93
0 554.8 742.549 300 93
0 554.8 742.681 300 93
0 554.8 742.816 300 93
0 554.8 742.956 300 93
0 554.8 743.085 300 93
0 554.8 743.209 300 93
0 554.8 743.4 300 93
0 554.8 743.571 300 93
0 554.8 743.761 300 93
0 554.8 743.905 300 93
0 554.8 744.054 300 93
0 554.8 744.218 300 93
0 554.8 744.334 300 93
0 554.8 744.472 300 93
0 554.8 744.62 300 93
0 554.8 744.806 300 93
0 554.8 744.893 300 93
0 554.8 745.014 300 93
0 554.8 745.153 300 93
0 554.8 745.264 300 93
0 554.8 745.392 300 93
0 554.8 745.528 300 93
0 554.8 745.646 300 93
0 554.8 745.797 300 93
0 554.8 745.923 300 93
0 554.8 746.079 300 93
0 554.8 746.218 300 93
0 554.8 746.355 300 93
0 554.8 746.482 300 93
0 554.8 746.659 300 93
0 554.8 746.778 300 93
0 554.8 746.899 300 93
0 554.8 747.009 300 93
0 554.8 747.13 300 93
0 554.8 747.256 300 93
0 554.8 747.387 300 93
0 554.8 747.521 300 93
0 554.8 747.677 300 93
0 554.8 747.813 300 93
0 554.8 747.938 300 93
0 554.8 748.069 300 93
0 554.8 748.164 300 93
0 554.8 748.295 300 93
0 554.8 748.44 300 93
0 554.8 748.575 300 93
0 554.8 748.716 300 93
0 554.8 748.849 300 93
0 554.8 749.101 300 93
0 554.8 749.233 300 93
0 554.8 749.405 300 93
0 554.8 749.592 300 93
0 554.8 749.725 300 93
0 554.8 749.908 300 93
0 554.8 750.035 300 93
0 554.8 750.249 300 93
0 554.8 750.446 300 93
0 554.8 750.593 300 93
0 554.8 750.713 300 93
0 554.8 750.845 300 93
0 554.8 751.005 300 93
0 554.8 751.188 300 93
0 554.8 751.301 300 93
0 554.8 751.384 300 93
0 554.8 751.523 300 93
0 554.8 751.654 300 93
0 554.8 751.78 300 93
0 554.8 751.915 300 93
0 554.8 752.122 300 93
0 554.8 752.21 300 93
0 554.8 752.353 300 93
0 554.8 752.557 300 93
0 554.8 752.737 300 93
0 554.8 752.904 300 93
0 554.8 753.037 300 93
0 554.8 753.177 300 93
0 554.8 753.312 300 93
0 554.8 753.44 300 93
0 554.8 753.554 300 93
0 554.8 753.679 300 93
0 554.8 753.809 300 93
0 554.8 753.939 300 93
0 554.8 754.06 300 93
0 554.8 754.164 300 93
0 554.8 754.293 300 93
0 554.8 754.413 300 93
0 554.8 754.546 300 93
0 554.8 754.68 300 93
0 554.8 754.795 300 93
0 554.8 754.917 300 93
0 554.8 755.064 300 93
0 554.8 755.209 300 93
0 554.8 755.334 300 93
0 554.8 755.544 300 93
0 554.8 755.686 300 93
0 554.8 755.81 300 93
0 554.8 755.955 300 93
0 554.8 756.154 300 93
0 554.8 756.334 300 93
0 554.8 756.425 300 93
0 554.8 756.715 300 93
0 554.8 756.849 300 93
0 554.8 756.965 300 93
0 554.8 757.078 300 93
0 554.8 757.256 300 93
0 554.8 757.392 300 93
0 554.8 757.536 300 93
0 554.8 757.726 300 93
0 554.8 757.859 300 93
0 554.8 757.994 300 93
0 554.8 758.126 300 93
0 554.8 758.341 300 93
0 554.8 758.472 300 93
0 554.8 758.655 300 93
0 554.8 758.828 300 93
0 554.8 758.958 300 93
0 554.8 759.221 300 93
0 554.8 759.36 300 93
0 554.8 759.486 300 93
0 554.8 759.619 300 93
0 554.8 759.819 300 93
0 554.8 759.959 300 93
0 554.8 760.18 300 93
0 554.8 760.309 300 93
0 554.8 760.484 300 93
0 554.8 760.655 300 93
0 554.8 760.832 300 93
0 554.8 761.049 300 93
0 554.8 761.188 300 93
0 554.8 761.31 300 93
0 554.8 761.458 300 93
0 554.8 761.597 300 93
0 554.8 761.79 300 93
0 554.8 761.908 300 93
0 554.8 761.997 300 93
0 554.8 762.165 300 93
0 554.8 762.336 300 93
0 554.8 762.503 300 93
0 554.8 762.626 300 93
0 554.8 762.756 300 93
0 554.8 762.98 300 93
0 554.8 763.099 300 93
0 554.8 763.285 300 93
0 554.8 763.419 300 93
0 554.8 763.563 300 93
0 554.8 763.705 300 93
0 554.8 763.842 300 93
0 554.8 763.967 300 93
0 554.8 764.102 300 93
0 554.8 764.282 300 93
0 554.8 764.41 300 93
0 554.8 764.54 300 93
0 554.8 764.661 300 93
0 554.8 764.831 300 93
0 554.8 764.974 300 93
0 554.8 765.156 300 93
0 554.8 765.288 300 93
0 554.8 765.419 300 93
0 554.8 765.549 300 93
0 554.8 765.665 300 93
0 554.8 765.779 300 93
0 554.8 765.914 300 93
0 554.8 766.033 300 93
0 554.8 766.179 300 93
0 554.8 766.31 300 93
0 554.8 766.471 300 93
0 554.8 766.604 300 93
0 554.8 766.736 300 93
0 554.8 766.82 300 93
0 554.8 766.946 300 93
0 554.8 767.113 300 93
0 554.8 767.278 300 93
0 554.8 767.412 300 93
0 554.8 767.522 300 93
0 554.8 767.65 300 93
0 554.8 767.791 300 93
0 554.8 767.964 300 93
0 554.8 768.09 300 93
0 554.8 768.228 300 93
0 554.8 768.359 300 93
0 554.8 768.495 300 93
0 554.8 768.701 300 93
0 554.8 768.871 300 93
0 554.8 768.991 300 93
0 554.8 769.125 300 93
0 554.8 769.246 300 93
0 554.8 769.361 300 93
0 554.8 769.489 300 93
0 554.8 769.62 300 93
0 554.8 769.755 300 93
0 554.8 769.881 300 93
0 554.8 770.01 300 93
0 554.8 770.166 300 93
0 554.8 770.31 300 93
0 554.8 770.452 300 93
0 554.8 770.589 300 93
0 554.8 770.748 300 93
0 554.8 771.005 300 93
0 554.8 771.201 300 93
0 554.8 771.354 300 93
0 554.8 771.494 300 93
0 554.8 771.67 300 93
0 554.8 771.804 300 93
0 554.8 771.897 300 93
0 554.8 771.983 300 93
0 554.8 772.067 300 93
0 554.8 772.164 300 93
0 554.8 772.251 300 93
0 554.8 772.318 300 93
0 554.8 772.413 300 93
0 554.8 772.501 300 93
0 554.8 772.597 300 93
0 554.8 772.685 300 93
0 554.8 772.886 300 93
0 554.8 773.069 300 93
0 554.8 773.284 300 93
0 554.8 773.479 300 93
0 554.8 773.611 300 93
0 554.8 773.738 300 93
0 554.8 773.969 300 93
0 554.8 774.133 300 93
0 554.8 774.268 300 93
0 554.8 774.407 300 93
0 554.8 774.537 300 93
0 554.8 774.706 300 93
0 554.8 774.93 300 93
0 554.8 775.056 300 93
0 554.8 775.24 300 93
0 554.8 775.422 300 93
0 554.8 775.502 300 93
0 554.8 775.672 300 93
0 554.8 775.787 300 93
0 554.8 775.906 300 93
0 554.8 776.043 300 93
0 554.8 776.19 300 93
0 554.8 776.341 300 93
0 554.8 776.507 300 93
0 554.8 776.657 300 93
0 554.8 776.785 300 93
0 554.8 776.956 300 93
0 554.8 777.042 300 93
0 554.8 777.155 300 93
0 554.8 777.302 300 93
0 554.8 777.464 300 93
0 554.8 777.589 300 93
0 554.8 777.717 300 93
0 554.8 777.842 300 93
0 554.8 778.002 300 93
0 554.8 778.127 300 93
0 554.8 778.264 300 93
0 554.8 778.385 300 93
0 554.8 778.566 300 93
0 554.8 778.744 300 93
0 554.8 778.901 300 93
0 554.8 778.989 300 93
0 554.8 779.105 300 93
0 554.8 779.237 300 93
0 554.8 779.369 300 93
0 554.8 779.533 300 93
0 554.8 779.718 300 93
0 554.8 779.856 300 93
0 554.8 780.045 300 93
0 554.8 780.132 300 93
0 554.8 780.257 300 93
0 554.8 780.36 300 93
0 554.8 780.503 300 93
0 554.8 780.644 300 93
0 554.8 780.767 300 93
0 554.8 780.896 300 93
0 554.8 781.07 300 93
0 554.8 781.289 300 93
0 554.8 781.433 300 93
0 554.8 781.575 300 93
0 554.8 781.831 300 93
0 554.8 781.974 300 93
0 554.8 782.106 300 93
0 554.8 782.251 300 93
0 554.8 782.398 300 93
0 554.8 782.538 300 93
0 554.8 782.672 300 93
0 554.8 782.834 300 93
0 554.8 782.968 300 93
0 554.8 783.199 300 93
0 554.8 783.335 300 93
0 554.8 783.496 300 93
0 554.8 783.646 300 93
0 554.8 783.835 300 93
0 554.8 783.972 300 93
0 554.8 784.101 300 93
0 554.8 784.242 300 93
0 554.8 784.352 300 93
0 554.8 784.538 300 93
0 554.8 784.66 300 93
0 554.8 784.803 300 93
0 554.8 784.949 300 93
0 554.8 785.099 300 93
0 554.8 785.235 300 93
0 554.8 785.318 300 93
0 554.8 785.448 300 93
0 554.8 785.634 300 93
0 554.8 785.754 300 93
0 554.8 785.852 300 93
0 554.8 786.007 300 93
0 554.8 786.14 300 93
0 554.8 786.297 300 93
0 554.8 786.388 300 93
0 554.8 786.494 300 93
0 554.8 786.651 300 93
0 554.8 786.738 300 93
0 554.8 786.799 300 93
0 554.8 786.895 300 93
0 554.8 786.985 300 93
0 554.8 787.079 300 93
0 554.8 787.173 300 93
0 554.8 787.292 300 93
0 554.8 787.374 300 93
0 554.8 787.507 300 93
0 554.8 787.645 300 93
0 554.8 787.746 300 93
0 554.8 787.874 300 93
0 554.8 787.969 300 93
0 554.8 788.074 300 93
0 554.8 788.199 300 93
0 554.8 788.322 300 93
0 554.8 788.481 300 93
0 554.8 788.606 300 93
0 554.8 788.78 300 93
0 554.8 789 300 93
0 554.8 789.173 300 93
0 554.8 789.297 300 93
0 554.8 789.431 300 93
0 554.8 789.552 300 93
0 554.8 789.643 300 93
0 554.8 789.779 300 93
0 554.8 789.91 300 93
0 554.8 790.071 300 93
0 554.8 790.22 300 93
0 554.8 790.46 300 93
0 554.8 790.581 300 93
0 554.8 790.66 300 93
0 554.8 790.881 300 93
0 554.8 791.076 300 93
0 554.8 791.21 300 93
0 554.8 791.349 300 93
0 554.8 791.525 300 93
0 554.8 791.712 300 93
0 554.8 791.834 300 93
0 554.8 791.985 300 93
0 554.8 792.114 300 93
0 554.8 792.282 300 93
0 554.8 792.467 300 93
0 554.8 792.606 300 93
0 554.8 792.718 300 93
0 554.8 792.921 300 93
0 554.8 793.108 300 93
0 554.8 793.22 300 93
0 554.8 793.342 300 93
0 554.8 793.459 300 93
0 554.8 793.593 300 93
0 554.8 793.73 300 93
0 554.8 793.899 300 93
0 554.8 794.107 300 93
0 554.8 794.258 300 93
0 554.8 794.452 300 93
0 554.8 794.707 300 93
0 554.8 794.881 300 93
0 554.8 795.079 300 93
0 554.8 795.21 300 93
0 554.8 795.335 300 93
0 554.8 795.453 300 93
0 554.8 795.625 300 93
0 554.8 795.758 300 93
0 554.8 795.988 300 93
0 554.8 796.232 300 93
0 554.8 796.491 300 93
0 554.8 796.726 300 93
0 554.8 796.966 300 93
0 554.8 797.14 300 93
0 554.8 797.26 300 93
0 554.8 797.386 300 93
0 554.8 797.534 300 93
0 554.8 797.659 300 93
0 554.8 797.886 300 93
0 554.8 798.026 300 93
0 554.8 798.16 300 93
0 554.8 798.283 300 93
0 554.8 798.401 300 93
0 554.8 798.539 300 93
0 554.8 798.722 300 93
0 554.8 798.865 300 93
0 554.8 799.015 300 93
0 554.8 799.182 300 93
0 554.8 799.276 300 93
0 554.8 799.423 300 93
0 554.8 799.589 300 93
0 554.8 799.67 300 93
0 554.8 799.818 300 93
