0 762 0.018321 300 0
0 745.2 0.031587 5
0 666.8 0.038253 5
0 661.2 0.062374 20
0 644.4 0.068747 20
0 644.4 0.155022 300 89
0 644.4 0.241331 300 89
0 644.4 0.32171 300 89
0 644.4 0.405033 300 89
0 616.4 0.417326 89
0 616.4 0.490251 300 89
0 616.4 0.630123 300 89
0 616.4 0.71159 300 89
0 616.4 0.786098 300 89
0 616.4 0.864479 300 89
0 616.4 0.93412 300 92
0 616.4 1.05938 300 92
0 616.4 1.16379 300 92
0 616.4 1.2472 300 92
0 616.4 1.3212 300 92
0 577.2 1.33293 92
0 571.6 1.33673 92
0 571.6 1.39995 300 92
0 571.6 1.47684 300 92
0 571.6 1.56342 300 92
0 571.6 1.65152 300 92
0 571.6 1.74198 300 92
0 571.6 1.82079 300 92
0 571.6 1.89553 300 92
0 571.6 2.04627 300 92
0 571.6 2.13781 300 92
0 571.6 2.22787 300 92
0 571.6 2.28544 300 92
0 571.6 2.35816 300 92
0 571.6 2.47608 300 92
0 571.6 2.65651 300 92
0 571.6 2.73692 300 92
0 571.6 2.83324 300 92
0 571.6 2.93933 300 92
0 571.6 2.99522 300 92
0 571.6 3.07061 300 92
0 571.6 3.18177 300 92
0 571.6 3.26668 300 92
0 571.6 3.32474 300 92
0 571.6 3.39793 300 92
0 571.6 3.48214 300 92
0 571.6 3.55255 300 92
0 571.6 3.63933 300 92
0 571.6 3.76835 300 92
0 571.6 3.85294 300 92
0 571.6 3.9331 300 92
0 571.6 4.0418 300 92
0 571.6 4.12943 300 92
0 571.6 4.20796 300 92
0 571.6 4.2776 300 92
0 571.6 4.36841 300 92
0 571.6 4.45742 300 92
0 571.6 4.5407 300 92
0 571.6 4.62979 300 92
0 571.6 4.73598 300 92
0 571.6 4.83219 300 92
0 571.6 4.89156 300 92
0 571.6 4.98163 300 92
0 571.6 5.07033 300 92
0 571.6 5.23282 300 92
0 571.6 5.32518 300 92
0 571.6 5.40816 300 92
0 571.6 5.4935 300 92
0 571.6 5.5753 300 92
0 571.6 5.69548 300 92
0 571.6 5.84289 300 92
0 571.6 5.95234 300 92
0 571.6 6.01429 300 92
0 571.6 6.14533 300 92
0 571.6 6.23812 300 92
0 571.6 6.31674 300 92
0 571.6 6.43513 300 92
0 571.6 6.5244 300 92
0 571.6 6.62503 300 92
0 571.6 6.74878 300 92
0 571.6 6.89328 300 92
0 571.6 7.02857 300 92
0 571.6 7.16722 300 92
0 571.6 7.37357 300 92
0 571.6 7.50186 300 92
0 571.6 7.65796 300 92
0 571.6 7.81456 300 92
0 571.6 7.98501 300 92
0 571.6 8.15477 300 92
0 571.6 8.32011 300 92
0 571.6 8.45879 300 92
0 571.6 8.76334 300 92
0 571.6 8.89822 300 92
0 571.6 9.10593 300 92
0 571.6 9.24877 300 92
0 571.6 9.37977 300 92
0 571.6 9.52457 300 92
0 571.6 9.7509 300 92
0 571.6 9.88298 300 92
0 571.6 9.96687 300 92
0 571.6 10.2517 300 92
0 571.6 10.3855 300 92
0 571.6 10.5677 300 92
0 571.6 10.7059 300 92
0 571.6 10.8405 300 92
0 571.6 10.9761 300 92
0 571.6 11.1215 300 92
0 571.6 11.3078 300 92
0 571.6 11.4342 300 92
0 571.6 11.6603 300 92
0 571.6 11.9007 300 92
0 571.6 12.0268 300 92
0 571.6 12.2737 300 92
0 571.6 12.4589 300 92
0 571.6 12.597 300 92
0 571.6 12.7718 300 92
0 571.6 12.8951 300 92
0 571.6 13.0903 300 92
0 571.6 13.2715 300 92
0 571.6 13.5521 300 92
0 571.6 13.686 300 92
0 571.6 13.8266 300 92
0 571.6 13.9863 300 92
0 571.6 14.1978 300 92
0 571.6 14.3715 300 92
0 571.6 14.5686 300 92
0 571.6 14.7073 300 92
0 571.6 14.867 300 92
0 571.6 15.1148 300 92
0 571.6 15.262 300 92
0 571.6 15.3924 300 92
0 571.6 15.5493 300 92
0 571.6 15.6808 300 92
0 571.6 15.8224 300 92
0 571.6 15.9693 300 92
0 571.6 16.1897 300 92
0 571.6 16.3729 300 92
0 571.6 16.5243 300 92
0 571.6 16.6598 300 92
0 571.6 16.8005 300 92
0 571.6 16.8978 300 92
0 571.6 17.035 300 92
0 571.6 17.1891 300 92
0 571.6 17.3188 300 92
0 571.6 17.4691 300 92
0 571.6 17.6111 300 92
0 571.6 17.7145 300 92
0 571.6 17.9469 300 92
0 571.6 18.0667 300 92
0 571.6 18.2018 300 92
0 571.6 18.4891 300 92
0 571.6 18.6687 300 92
0 571.6 18.8607 300 92
0 571.6 19.0042 300 92
0 571.6 19.1368 300 92
0 571.6 19.2716 300 92
0 571.6 19.5633 300 92
0 571.6 19.7787 300 92
0 571.6 19.8991 300 92
0 571.6 20.0331 300 92
0 571.6 20.166 300 92
0 571.6 20.2768 300 92
0 571.6 20.405 300 92
0 571.6 20.5506 300 92
0 571.6 20.6962 300 92
0 571.6 21.0949 300 92
0 571.6 21.2515 300 92
0 571.6 21.417 300 92
0 571.6 21.5589 300 92
0 571.6 21.7098 300 92
0 571.6 21.8984 300 92
0 571.6 22.056 300 92
0 571.6 22.2489 300 92
0 571.6 22.3851 300 92
0 571.6 22.5728 300 92
0 571.6 22.7263 300 92
0 571.6 22.8574 300 92
0 571.6 23.0088 300 92
0 571.6 23.1802 300 92
0 571.6 23.3297 300 92
0 571.6 23.4746 300 92
0 571.6 23.6186 300 92
0 571.6 23.7631 300 92
0 571.6 23.8897 300 92
0 571.6 24.0209 300 92
0 571.6 24.1686 300 92
0 571.6 24.3065 300 92
0 571.6 24.4251 300 92
0 571.6 24.5503 300 92
0 571.6 24.701 300 92
0 571.6 24.844 300 92
0 571.6 24.9627 300 92
0 571.6 25.1075 300 92
0 571.6 25.2299 300 92
0 571.6 25.3626 300 92
0 571.6 25.5007 300 92
0 571.6 25.637 300 92
0 571.6 25.8399 300 92
0 571.6 26.0766 300 92
0 571.6 26.2897 300 92
0 571.6 26.4782 300 92
0 571.6 26.6066 300 92
0 571.6 26.7402 300 92
0 571.6 26.8897 300 92
0 571.6 27.0389 300 92
0 571.6 27.1743 300 92
0 571.6 27.3291 300 92
0 571.6 27.5066 300 92
0 571.6 27.7935 300 92
0 571.6 27.9378 300 92
0 571.6 28.07 300 92
0 571.6 28.2071 300 92
0 571.6 28.3473 300 92
0 571.6 28.4874 300 92
0 571.6 28.6712 300 92
0 571.6 28.8171 300 92
0 571.6 28.9764 300 92
0 571.6 29.1423 300 92
0 571.6 29.2959 300 92
0 571.6 29.419 300 92
0 571.6 29.7396 300 92
0 571.6 29.8736 300 92
0 571.6 30.0186 300 92
0 571.6 30.1574 300 92
0 571.6 30.2964 300 92
0 571.6 30.4302 300 92
0 571.6 30.5752 300 92
0 571.6 30.7185 300 92
0 571.6 30.8773 300 92
0 571.6 31.0161 300 92
0 571.6 31.1654 300 92
0 571.6 31.349 300 92
0 571.6 31.5529 300 92
0 571.6 31.6988 300 92
0 571.6 31.8329 300 92
0 571.6 31.9689 300 92
0 571.6 32.1282 300 92
0 571.6 32.2753 300 92
0 571.6 32.5195 300 92
0 571.6 32.749 300 92
0 571.6 32.8764 300 92
0 571.6 33.0207 300 92
0 571.6 33.2096 300 92
0 571.6 33.3522 300 92
0 571.6 33.5106 300 92
0 571.6 33.6842 300 92
0 571.6 33.8331 300 92
0 571.6 34.0353 300 92
0 571.6 34.174 300 92
0 571.6 34.3587 300 92
0 571.6 34.4918 300 92
0 571.6 34.6269 300 92
0 571.6 34.7475 300 92
0 571.6 34.8849 300 92
0 571.6 35.0715 300 92
0 571.6 35.2109 300 92
0 571.6 35.4145 300 92
0 571.6 35.5978 300 92
0 571.6 35.7461 300 92
0 571.6 36.0118 300 92
0 571.6 36.1698 300 92
0 571.6 36.2936 300 92
0 571.6 36.4217 300 92
0 571.6 36.5921 300 92
0 571.6 36.7373 300 92
0 571.6 36.9526 300 92
0 571.6 37.2158 300 92
0 571.6 37.3055 300 92
0 571.6 37.4373 300 92
0 571.6 37.6357 300 92
0 571.6 37.8125 300 92
0 571.6 37.9529 300 92
0 571.6 38.1995 300 92
0 571.6 38.326 300 92
0 571.6 38.4811 300 92
0 571.6 38.6212 300 92
0 571.6 38.7579 300 92
0 571.6 38.9856 300 92
0 571.6 39.1318 300 92
0 571.6 39.2525 300 92
0 571.6 39.4321 300 92
0 571.6 39.5775 300 92
0 571.6 39.7589 300 92
0 571.6 39.885 300 92
0 571.6 40.0102 300 92
0 571.6 40.0945 300 92
0 571.6 40.2041 300 92
0 571.6 40.3654 300 92
0 571.6 40.4816 300 92
0 571.6 40.6008 300 92
0 571.6 40.6882 300 92
0 571.6 40.8385 300 92
0 571.6 40.9672 300 92
0 571.6 41.1024 300 92
0 571.6 41.2126 300 92
0 571.6 41.3834 300 92
0 571.6 41.5615 300 92
0 571.6 41.8194 300 92
0 571.6 41.9534 300 92
0 571.6 42.0246 300 92
0 571.6 42.2159 300 92
0 571.6 42.3781 300 92
0 571.6 42.5082 300 92
0 571.6 42.5964 300 92
0 571.6 42.7543 300 92
0 571.6 42.8721 300 92
0 571.6 43.0363 300 92
0 571.6 43.1522 300 92
0 571.6 43.2892 300 92
0 571.6 43.4286 300 92
0 571.6 43.6107 300 92
0 571.6 43.7961 300 92
0 571.6 43.9163 300 92
0 571.6 44.1301 300 92
0 571.6 44.301 300 92
0 571.6 44.3842 300 92
0 571.6 44.5478 300 92
0 571.6 44.7215 300 92
0 571.6 44.8895 300 92
0 571.6 45.0229 300 92
0 571.6 45.2315 300 92
0 571.6 45.3748 300 92
0 571.6 45.513 300 92
0 571.6 45.691 300 92
0 571.6 45.7888 300 92
0 571.6 45.9739 300 92
0 571.6 46.1635 300 92
0 571.6 46.4587 300 92
0 571.6 46.5929 300 92
0 571.6 46.744 300 92
0 571.6 46.8921 300 92
0 571.6 47.0203 300 92
0 571.6 47.1643 300 92
0 571.6 47.3026 300 92
0 571.6 47.5162 300 92
0 571.6 47.6253 300 92
0 571.6 47.7144 300 92
0 571.6 47.8318 300 92
0 571.6 47.9513 300 92
0 571.6 48.1026 300 92
0 571.6 48.2257 300 92
0 571.6 48.3594 300 92
0 571.6 48.5919 300 92
0 571.6 48.709 300 92
0 571.6 48.7953 300 92
0 571.6 48.9186 300 92
0 571.6 49.0316 300 92
0 571.6 49.129 300 92
0 571.6 49.2582 300 92
0 571.6 49.3567 300 92
0 571.6 49.4818 300 92
0 571.6 49.6117 300 92
0 571.6 49.7294 300 92
0 571.6 49.8821 300 92
0 571.6 49.9901 300 92
0 571.6 50.1445 300 92
0 571.6 50.2714 300 92
0 571.6 50.3852 300 92
0 571.6 50.4708 300 92
0 571.6 50.6044 300 92
0 571.6 50.7201 300 92
0 571.6 50.7854 300 92
0 571.6 50.8848 300 92
0 571.6 51.003 300 92
0 571.6 51.1236 300 92
0 571.6 51.2369 300 92
0 571.6 51.3647 300 92
0 571.6 51.4967 300 92
0 571.6 51.6161 300 92
0 571.6 51.8597 300 92
0 571.6 51.9851 300 92
0 571.6 52.1368 300 92
0 571.6 52.2865 300 92
0 571.6 52.4256 300 92
0 571.6 52.5493 300 92
0 571.6 52.6745 300 92
0 571.6 52.7875 300 92
0 571.6 52.8991 300 92
0 571.6 53.0179 300 92
0 571.6 53.1453 300 92
0 571.6 53.267 300 92
0 571.6 53.397 300 92
0 571.6 53.5134 300 92
0 571.6 53.644 300 92
0 571.6 53.8382 300 92
0 571.6 53.9989 300 92
0 571.6 54.1147 300 92
0 571.6 54.2334 300 92
0 571.6 54.3543 300 92
0 571.6 54.4676 300 92
0 571.6 54.5817 300 92
0 571.6 54.7386 300 92
0 571.6 55.0883 300 92
0 571.6 55.1943 300 92
0 571.6 55.3179 300 92
0 571.6 55.4377 300 92
0 571.6 55.552 300 92
0 571.6 55.6839 300 92
0 571.6 55.8136 300 92
0 571.6 55.9339 300 92
0 571.6 56.0598 300 92
0 571.6 56.1846 300 92
0 571.6 56.3461 300 92
0 571.6 56.5006 300 92
0 571.6 56.6227 300 92
0 571.6 56.7434 300 92
0 571.6 56.866 300 92
0 571.6 57.0356 300 92
0 571.6 57.1637 300 92
0 571.6 57.2792 300 92
0 571.6 57.3992 300 92
0 571.6 57.5219 300 92
0 571.6 57.6396 300 92
0 571.6 57.7795 300 92
0 571.6 57.9372 300 92
0 571.6 58.0567 300 92
0 571.6 58.234 300 92
0 571.6 58.4078 300 92
0 571.6 58.5361 300 92
0 571.6 58.6532 300 92
0 571.6 58.7794 300 92
0 571.6 58.925 300 92
0 571.6 59.0382 300 92
0 571.6 59.2703 300 92
0 571.6 59.4092 300 92
0 571.6 59.5048 300 92
0 571.6 59.6522 300 92
0 571.6 59.8143 300 92
0 571.6 60.0225 300 92
0 571.6 60.153 300 92
0 571.6 60.2735 300 92
0 571.6 60.5017 300 92
0 571.6 60.6505 300 92
0 571.6 60.8065 300 92
0 571.6 60.9164 300 92
0 571.6 61.1011 300 92
0 571.6 61.1879 300 92
0 571.6 61.3105 300 92
0 571.6 61.4366 300 92
0 571.6 61.6066 300 92
0 571.6 61.7276 300 92
0 571.6 61.8827 300 92
0 571.6 62.0225 300 92
0 571.6 62.163 300 92
0 571.6 62.3046 300 92
0 571.6 62.4664 300 92
0 571.6 62.6018 300 92
0 571.6 62.722 300 92
0 571.6 62.8529 300 92
0 571.6 63.0636 300 92
0 571.6 63.2004 300 92
0 571.6 63.3106 300 92
0 571.6 63.4238 300 92
0 571.6 63.5344 300 92
0 571.6 63.6573 300 92
0 571.6 63.7734 300 92
0 571.6 63.8841 300 92
0 571.6 63.9978 300 92
0 571.6 64.124 300 92
0 571.6 64.3393 300 92
0 571.6 64.4607 300 92
0 571.6 64.588 300 92
0 571.6 64.758 300 92
0 571.6 64.9143 300 92
0 571.6 65.039 300 92
0 571.6 65.1528 300 92
0 571.6 65.2702 300 92
0 571.6 65.3925 300 92
0 571.6 65.6014 300 92
0 571.6 65.7211 300 92
0 571.6 65.8422 300 92
0 571.6 65.9877 300 92
0 571.6 66.0657 300 92
0 571.6 66.1807 300 92
0 571.6 66.3077 300 92
0 571.6 66.4369 300 92
0 571.6 66.5671 300 92
0 571.6 66.7549 300 92
0 571.6 66.8877 300 92
0 571.6 67.0139 300 92
0 571.6 67.1512 300 92
0 571.6 67.2787 300 92
0 571.6 67.4086 300 92
0 571.6 67.5362 300 92
0 571.6 67.6514 300 92
0 571.6 67.7948 300 92
0 571.6 67.896 300 92
0 571.6 68.0289 300 92
0 571.6 68.1467 300 92
0 571.6 68.2777 300 92
0 571.6 68.4026 300 92
0 571.6 68.5281 300 92
0 571.6 68.7251 300 92
0 571.6 68.8365 300 92
0 571.6 68.9617 300 92
0 571.6 69.0899 300 92
0 571.6 69.2196 300 92
0 571.6 69.3553 300 92
0 571.6 69.5241 300 92
0 571.6 69.6418 300 92
0 571.6 70.03 300 92
0 571.6 70.1622 300 92
0 571.6 70.2611 300 92
0 571.6 70.3764 300 92
0 571.6 70.4862 300 92
0 571.6 70.6188 300 92
0 571.6 70.7914 300 92
0 571.6 70.917 300 92
0 571.6 71.0335 300 92
0 571.6 71.2181 300 92
0 571.6 71.3381 300 92
0 571.6 71.5167 300 92
0 571.6 71.6383 300 92
0 571.6 71.7704 300 92
0 571.6 71.8967 300 92
0 571.6 72.0147 300 92
0 571.6 72.1783 300 92
0 571.6 72.312 300 92
0 571.6 72.4705 300 92
0 571.6 72.5973 300 92
0 571.6 72.7777 300 92
0 571.6 72.9459 300 92
0 571.6 73.0277 300 92
0 571.6 73.1379 300 92
0 571.6 73.2511 300 92
0 571.6 73.4051 300 92
0 571.6 73.6492 300 92
0 571.6 73.7704 300 92
0 571.6 73.8955 300 92
0 571.6 73.986 300 92
0 571.6 74.0958 300 92
0 571.6 74.2071 300 92
0 571.6 74.3297 300 92
0 571.6 74.4386 300 92
0 571.6 74.6374 300 92
0 571.6 74.756 300 92
0 571.6 74.8827 300 92
0 571.6 75.0079 300 92
0 571.6 75.2193 300 92
0 571.6 75.3515 300 92
0 571.6 75.476 300 92
0 571.6 75.6004 300 92
0 571.6 75.7193 300 92
0 571.6 75.8519 300 92
0 571.6 75.9646 300 92
0 571.6 76.0799 300 92
0 571.6 76.2369 300 92
0 571.6 76.3566 300 92
0 571.6 76.5481 300 92
0 571.6 76.6826 300 92
0 571.6 76.8051 300 92
0 571.6 76.9198 300 92
0 571.6 77.0743 300 92
0 571.6 77.2082 300 92
0 571.6 77.3721 300 92
0 571.6 77.5172 300 92
0 571.6 77.6447 300 92
0 571.6 77.7744 300 92
0 571.6 77.8982 300 92
0 571.6 78.0596 300 92
0 571.6 78.2705 300 92
0 571.6 78.4022 300 92
0 571.6 78.5524 300 92
0 571.6 78.6835 300 92
0 571.6 78.7966 300 92
0 571.6 78.8777 300 92
0 571.6 78.9981 300 92
0 571.6 79.2543 300 92
0 571.6 79.3822 300 92
0 571.6 79.5121 300 92
0 571.6 79.634 300 92
0 571.6 79.8595 300 92
0 571.6 79.9904 300 92
0 571.6 80.2751 300 92
0 571.6 80.384 300 92
0 571.6 80.4753 300 92
0 571.6 80.5861 300 92
0 571.6 80.8107 300 92
0 571.6 80.9459 300 92
0 571.6 81.0741 300 92
0 571.6 81.3001 300 92
0 571.6 81.4869 300 92
0 571.6 81.6063 300 92
0 571.6 81.7288 300 92
0 571.6 81.844 300 92
0 571.6 82.0219 300 92
0 571.6 82.1603 300 92
0 571.6 82.3584 300 92
0 571.6 82.5209 300 92
0 571.6 82.6329 300 92
0 571.6 82.7581 300 92
0 571.6 82.8758 300 92
0 571.6 83.0429 300 92
0 571.6 83.1718 300 92
0 571.6 83.2917 300 92
0 571.6 83.4616 300 92
0 571.6 83.6188 300 92
0 571.6 83.7425 300 92
0 571.6 83.892 300 92
0 571.6 84.0175 300 92
0 571.6 84.1336 300 92
0 571.6 84.2927 300 92
0 571.6 84.4092 300 92
0 571.6 84.5875 300 92
0 571.6 84.7185 300 92
0 571.6 84.8258 300 92
0 571.6 84.9487 300 92
0 571.6 85.0669 300 92
0 571.6 85.1948 300 92
0 571.6 85.3483 300 92
0 571.6 85.5253 300 92
0 571.6 85.6379 300 92
0 571.6 85.7848 300 92
0 571.6 85.9711 300 92
0 571.6 86.0938 300 92
0 571.6 86.2045 300 92
0 571.6 86.3275 300 92
0 571.6 86.4226 300 92
0 571.6 86.6317 300 92
0 571.6 86.776 300 92
0 571.6 86.8865 300 92
0 571.6 87.0015 300 92
0 571.6 87.1155 300 92
0 571.6 87.293 300 92
0 571.6 87.4372 300 92
0 571.6 87.5529 300 92
0 571.6 87.6809 300 92
0 571.6 87.7987 300 92
0 571.6 87.9009 300 92
0 571.6 88.0328 300 92
0 571.6 88.1522 300 92
0 571.6 88.2779 300 92
0 571.6 88.4122 300 92
0 571.6 88.5194 300 92
0 571.6 88.6468 300 92
0 571.6 88.7744 300 92
0 571.6 88.896 300 92
0 571.6 89.1012 300 92
0 571.6 89.222 300 92
0 571.6 89.3487 300 92
0 571.6 89.4752 300 92
0 571.6 89.6009 300 92
0 571.6 89.7737 300 92
0 571.6 89.8923 300 92
0 571.6 90.0127 300 92
0 571.6 90.1591 300 92
0 571.6 90.2731 300 92
0 571.6 90.4087 300 92
0 571.6 90.5656 300 92
0 571.6 90.6896 300 92
0 571.6 90.8963 300 92
0 571.6 91.0219 300 92
0 571.6 91.1566 300 92
0 571.6 91.3031 300 92
0 571.6 91.4274 300 92
0 571.6 91.5057 300 92
0 571.6 91.6214 300 92
0 571.6 91.7202 300 92
0 571.6 91.848 300 92
0 571.6 91.9566 300 92
0 571.6 92.1121 300 92
0 571.6 92.2965 300 92
0 571.6 92.3983 300 92
0 571.6 92.5232 300 92
0 571.6 92.6374 300 92
0 571.6 92.8105 300 92
0 571.6 92.9329 300 92
0 571.6 93.0547 300 92
0 571.6 93.1292 300 92
0 571.6 93.2164 300 92
0 571.6 93.4165 300 92
0 571.6 93.5412 300 92
0 571.6 93.7105 300 92
0 554.8 93.7747 92
0 554.8 93.8935 300 92
0 554.8 94.0191 300 92
0 554.8 94.13 300 92
0 554.8 94.2488 300 92
0 554.8 94.3673 300 92
0 554.8 94.4871 300 92
0 554.8 94.6383 300 92
0 554.8 94.7409 300 92
0 554.8 94.8459 300 92
0 554.8 94.966 300 92
0 554.8 95.1058 300 92
0 554.8 95.3169 300 92
0 554.8 95.4384 300 92
0 554.8 95.6253 300 92
0 554.8 95.9362 300 92
0 554.8 96.0637 300 92
0 554.8 96.1703 300 92
0 554.8 96.3442 300 92
0 554.8 96.4598 300 92
0 554.8 96.6293 300 92
0 554.8 96.734 300 92
0 554.8 96.8677 300 92
0 554.8 96.9892 300 92
0 554.8 97.1905 300 92
0 554.8 97.3204 300 92
0 554.8 97.4663 300 92
0 554.8 97.6454 300 92
0 554.8 97.8077 300 92
0 554.8 97.9267 300 92
0 554.8 98.0406 300 92
0 554.8 98.1742 300 92
0 554.8 98.3239 300 92
0 554.8 98.4437 300 92
0 554.8 98.5642 300 92
0 554.8 98.682 300 92
0 554.8 98.8027 300 92
0 554.8 98.9197 300 92
0 554.8 98.9997 300 92
0 554.8 99.1254 300 92
0 554.8 99.267 300 92
0 554.8 99.4275 300 92
0 554.8 99.6055 300 92
0 554.8 99.7331 300 92
0 554.8 99.8423 300 92
0 554.8 99.9612 300 92
0 554.8 100.086 300 92
0 554.8 100.209 300 92
0 554.8 100.378 300 92
0 554.8 100.523 300 92
0 554.8 100.643 300 92
0 554.8 100.764 300 92
0 554.8 100.883 300 92
0 554.8 101.003 300 92
0 554.8 101.153 300 92
0 554.8 101.276 300 92
0 554.8 101.475 300 92
0 554.8 101.586 300 92
0 554.8 101.786 300 92
0 554.8 101.872 300 92
0 554.8 102.076 300 92
0 554.8 102.194 300 92
0 554.8 102.311 300 92
0 554.8 102.421 300 92
0 554.8 102.57 300 92
0 554.8 102.656 300 92
0 554.8 102.878 300 92
0 554.8 102.991 300 92
0 554.8 103.1 300 92
0 554.8 103.234 300 92
0 554.8 103.419 300 92
0 554.8 103.547 300 92
0 554.8 103.689 300 92
0 554.8 103.808 300 92
0 554.8 103.914 300 92
0 554.8 104.073 300 92
0 554.8 104.209 300 92
0 554.8 104.441 300 92
0 554.8 104.596 300 92
0 554.8 104.718 300 92
0 554.8 104.828 300 92
0 554.8 104.939 300 92
0 554.8 105.062 300 92
0 554.8 105.194 300 92
0 554.8 105.304 300 92
0 554.8 105.428 300 92
0 554.8 105.564 300 92
0 554.8 105.679 300 92
0 554.8 105.877 300 92
0 554.8 105.989 300 92
0 554.8 106.11 300 92
0 554.8 106.282 300 92
0 554.8 106.389 300 92
0 554.8 106.498 300 92
0 554.8 106.617 300 92
0 554.8 106.863 300 92
0 554.8 106.948 300 92
0 554.8 107.067 300 92
0 554.8 107.237 300 92
0 554.8 107.39 300 92
0 554.8 107.508 300 92
0 554.8 107.624 300 92
0 554.8 107.763 300 92
0 554.8 107.881 300 92
0 554.8 108.016 300 92
0 554.8 108.156 300 92
0 554.8 108.272 300 92
0 554.8 108.434 300 92
0 554.8 108.55 300 92
0 554.8 108.735 300 92
0 554.8 108.855 300 92
0 554.8 108.98 300 92
0 554.8 109.108 300 92
0 554.8 109.239 300 92
0 554.8 109.397 300 92
0 554.8 109.542 300 92
0 554.8 109.647 300 92
0 554.8 109.778 300 92
0 554.8 110.011 300 92
0 554.8 110.173 300 92
0 554.8 110.414 300 92
0 554.8 110.544 300 92
0 554.8 110.694 300 92
0 554.8 110.804 300 92
0 554.8 110.931 300 92
0 554.8 111.047 300 92
0 554.8 111.155 300 92
0 554.8 111.265 300 92
0 554.8 111.39 300 92
0 554.8 111.519 300 92
0 554.8 111.636 300 92
0 554.8 111.758 300 92
0 554.8 111.973 300 92
0 554.8 112.102 300 92
0 554.8 112.212 300 92
0 554.8 112.344 300 92
0 554.8 112.464 300 92
0 554.8 112.588 300 92
0 554.8 112.702 300 92
0 554.8 112.895 300 92
0 554.8 113.066 300 92
0 554.8 113.191 300 92
0 554.8 113.353 300 92
0 554.8 113.472 300 92
0 554.8 113.597 300 92
0 554.8 113.756 300 92
0 554.8 113.885 300 92
0 554.8 114.059 300 92
0 554.8 114.189 300 92
0 554.8 114.318 300 92
0 554.8 114.441 300 92
0 554.8 114.563 300 92
0 554.8 114.733 300 92
0 554.8 114.853 300 92
0 554.8 115.003 300 92
0 554.8 115.131 300 92
0 554.8 115.279 300 92
0 554.8 115.394 300 92
0 554.8 115.509 300 92
0 554.8 115.696 300 92
0 554.8 115.854 300 92
0 554.8 116.005 300 92
0 554.8 116.119 300 92
0 554.8 116.275 300 92
0 554.8 116.372 300 92
0 554.8 116.497 300 92
0 554.8 116.627 300 92
0 554.8 116.845 300 92
0 554.8 116.967 300 92
0 554.8 117.102 300 92
0 554.8 117.18 300 92
0 554.8 117.254 300 92
0 554.8 117.362 300 92
0 554.8 117.475 300 92
0 554.8 117.592 300 92
0 554.8 117.724 300 92
0 554.8 117.842 300 92
0 554.8 117.952 300 92
0 554.8 118.075 300 92
0 554.8 118.194 300 92
0 554.8 118.337 300 92
0 554.8 118.414 300 92
0 554.8 118.533 300 92
0 554.8 118.62 300 92
0 554.8 118.741 300 92
0 554.8 118.854 300 92
0 554.8 118.975 300 92
0 554.8 119.108 300 92
0 554.8 119.244 300 92
0 554.8 119.387 300 92
0 554.8 119.537 300 92
0 554.8 119.658 300 92
0 554.8 119.83 300 92
0 554.8 119.95 300 92
0 554.8 120.117 300 92
0 554.8 120.258 300 92
0 554.8 120.462 300 92
0 554.8 120.598 300 92
0 554.8 120.758 300 92
0 554.8 120.885 300 92
0 554.8 121.082 300 92
0 554.8 121.206 300 92
0 554.8 121.327 300 92
0 554.8 121.445 300 92
0 554.8 121.675 300 92
0 554.8 121.791 300 92
0 554.8 121.908 300 92
0 554.8 122.067 300 92
0 554.8 122.188 300 92
0 554.8 122.305 300 92
0 554.8 122.459 300 92
0 554.8 122.578 300 92
0 554.8 122.736 300 92
0 554.8 122.877 300 92
0 554.8 122.961 300 92
0 554.8 123.119 300 92
0 554.8 123.255 300 92
0 554.8 123.368 300 92
0 554.8 123.488 300 92
0 554.8 123.603 300 92
0 554.8 123.781 300 92
0 554.8 123.907 300 92
0 554.8 124.067 300 92
0 554.8 124.188 300 92
0 554.8 124.351 300 92
0 554.8 124.463 300 92
0 554.8 124.597 300 92
0 554.8 124.724 300 92
0 554.8 124.863 300 92
0 554.8 125.004 300 92
0 554.8 125.139 300 92
0 554.8 125.257 300 92
0 554.8 125.385 300 92
0 554.8 125.501 300 92
0 554.8 125.573 300 92
0 554.8 125.698 300 92
0 554.8 125.821 300 92
0 554.8 125.95 300 92
0 554.8 126.079 300 92
0 554.8 126.217 300 92
0 554.8 126.339 300 92
0 554.8 126.456 300 92
0 554.8 126.579 300 92
0 554.8 126.692 300 92
0 554.8 126.819 300 92
0 554.8 126.928 300 92
0 554.8 127.11 300 92
0 554.8 127.227 300 92
0 554.8 127.39 300 92
0 554.8 127.636 300 92
0 554.8 127.756 300 92
0 554.8 127.906 300 92
0 554.8 128.022 300 92
0 554.8 128.228 300 92
0 554.8 128.386 300 92
0 554.8 128.503 300 92
0 554.8 128.592 300 92
0 554.8 128.715 300 92
0 554.8 128.913 300 92
0 554.8 129.065 300 92
0 554.8 129.253 300 92
0 554.8 129.422 300 92
0 554.8 129.604 300 92
0 554.8 129.757 300 92
0 554.8 129.935 300 92
0 554.8 130.051 300 92
0 554.8 130.193 300 92
0 554.8 130.33 300 92
0 554.8 130.452 300 92
0 554.8 130.586 300 92
0 554.8 130.719 300 92
0 554.8 130.844 300 92
0 554.8 130.965 300 92
0 554.8 131.188 300 92
0 554.8 131.363 300 92
0 554.8 131.474 300 92
0 554.8 131.609 300 92
0 554.8 131.738 300 92
0 554.8 131.852 300 92
0 554.8 131.968 300 92
0 554.8 132.1 300 92
0 554.8 132.223 300 92
0 554.8 132.354 300 92
0 554.8 132.48 300 92
0 554.8 132.602 300 92
0 554.8 132.758 300 92
0 554.8 132.872 300 92
0 554.8 133.004 300 92
0 554.8 133.089 300 92
0 554.8 133.262 300 92
0 554.8 133.431 300 92
0 554.8 133.544 300 92
0 554.8 133.692 300 92
0 554.8 133.81 300 92
0 554.8 133.889 300 92
0 554.8 134.001 300 92
0 554.8 134.194 300 92
0 554.8 134.349 300 92
0 554.8 134.477 300 92
0 554.8 134.67 300 92
0 554.8 134.834 300 92
0 554.8 134.946 300 92
0 554.8 135.076 300 92
0 554.8 135.202 300 92
0 554.8 135.274 300 92
0 554.8 135.397 300 92
0 554.8 135.518 300 92
0 554.8 135.625 300 92
0 554.8 135.712 300 92
0 554.8 135.837 300 92
0 554.8 135.958 300 92
0 554.8 136.089 300 92
0 554.8 136.218 300 92
0 554.8 136.379 300 92
0 554.8 136.5 300 92
0 554.8 136.609 300 92
0 554.8 136.726 300 92
0 554.8 136.85 300 92
0 554.8 136.988 300 92
0 554.8 137.119 300 92
0 554.8 137.241 300 92
0 554.8 137.379 300 92
0 554.8 137.507 300 92
0 554.8 137.672 300 92
0 554.8 137.835 300 92
0 554.8 137.957 300 92
0 554.8 138.082 300 92
0 554.8 138.23 300 92
0 554.8 138.388 300 92
0 554.8 138.524 300 92
0 554.8 138.652 300 92
0 554.8 138.786 300 92
0 554.8 138.867 300 92
0 554.8 138.979 300 92
0 554.8 139.091 300 92
0 554.8 139.225 300 92
0 554.8 139.307 300 92
0 554.8 139.39 300 92
0 554.8 139.464 300 92
0 554.8 139.593 300 92
0 554.8 139.665 300 92
0 554.8 139.815 300 92
0 554.8 140.008 300 92
0 554.8 140.134 300 92
0 554.8 140.266 300 92
0 554.8 140.488 300 92
0 554.8 140.628 300 92
0 554.8 140.756 300 92
0 554.8 140.884 300 92
0 554.8 141.014 300 92
0 554.8 141.227 300 92
0 554.8 141.299 300 92
0 554.8 141.422 300 92
0 554.8 141.548 300 92
0 554.8 141.683 300 92
0 554.8 141.852 300 92
0 554.8 142.007 300 92
0 554.8 142.154 300 92
0 554.8 142.278 300 92
0 554.8 142.383 300 92
0 554.8 142.507 300 92
0 554.8 142.699 300 92
0 554.8 142.828 300 92
0 554.8 142.962 300 92
0 554.8 143.084 300 92
0 554.8 143.2 300 92
0 554.8 143.51 300 92
0 554.8 143.638 300 92
0 554.8 143.8 300 92
0 554.8 143.922 300 92
0 554.8 144.048 300 92
0 554.8 144.16 300 92
0 554.8 144.281 300 92
0 554.8 144.414 300 92
0 554.8 144.535 300 92
0 554.8 144.655 300 92
0 554.8 144.739 300 92
0 554.8 144.86 300 92
0 554.8 144.974 300 92
0 554.8 145.1 300 92
0 554.8 145.218 300 92
0 554.8 145.338 300 92
0 554.8 145.455 300 92
0 554.8 145.571 300 92
0 554.8 145.81 300 92
0 554.8 145.984 300 92
0 554.8 146.102 300 92
0 554.8 146.208 300 92
0 554.8 146.37 300 92
0 554.8 146.551 300 92
0 554.8 146.682 300 92
0 554.8 146.813 300 92
0 554.8 146.96 300 92
0 554.8 147.09 300 92
0 554.8 147.255 300 92
0 554.8 147.369 300 92
0 554.8 147.513 300 92
0 554.8 147.635 300 92
0 554.8 147.75 300 92
0 554.8 147.863 300 92
0 554.8 148.016 300 92
0 554.8 148.104 300 92
0 554.8 148.188 300 92
0 554.8 148.28 300 92
0 554.8 148.445 300 92
0 554.8 148.593 300 92
0 554.8 148.701 300 92
0 554.8 148.82 300 92
0 554.8 148.958 300 92
0 554.8 149.082 300 92
0 554.8 149.201 300 92
0 554.8 149.328 300 92
0 554.8 149.455 300 92
0 554.8 149.571 300 92
0 554.8 149.691 300 92
0 554.8 149.771 300 92
0 554.8 149.905 300 92
0 554.8 150.018 300 92
0 554.8 150.141 300 92
0 554.8 150.285 300 92
0 554.8 150.525 300 92
0 554.8 150.643 300 92
0 554.8 150.764 300 92
0 554.8 150.875 300 92
0 554.8 151.044 300 92
0 554.8 151.165 300 92
0 554.8 151.283 300 92
0 554.8 151.407 300 92
0 554.8 151.539 300 92
0 554.8 151.732 300 92
0 554.8 151.845 300 92
0 554.8 151.934 300 92
0 554.8 152.007 300 92
0 554.8 152.124 300 92
0 554.8 152.194 300 92
0 554.8 152.324 300 92
0 554.8 152.459 300 92
0 554.8 152.59 300 92
0 554.8 152.721 300 92
0 554.8 152.852 300 92
0 554.8 153.137 300 92
0 554.8 153.264 300 92
0 554.8 153.339 300 92
0 554.8 153.496 300 92
0 554.8 153.623 300 92
0 554.8 153.822 300 92
0 554.8 153.982 300 92
0 554.8 154.111 300 92
0 554.8 154.242 300 92
0 554.8 154.434 300 92
0 554.8 154.6 300 92
0 554.8 154.726 300 92
0 554.8 154.84 300 92
0 554.8 154.963 300 92
0 554.8 155.057 300 92
0 554.8 155.197 300 92
0 554.8 155.333 300 92
0 554.8 155.455 300 92
0 554.8 155.592 300 92
0 554.8 155.716 300 92
0 554.8 155.843 300 92
0 554.8 156.068 300 92
0 554.8 156.186 300 92
0 554.8 156.313 300 92
0 554.8 156.439 300 92
0 554.8 156.572 300 92
0 554.8 156.768 300 92
0 554.8 156.899 300 92
0 554.8 157.041 300 92
0 554.8 157.172 300 92
0 554.8 157.31 300 92
0 554.8 157.465 300 92
0 554.8 157.588 300 92
0 554.8 157.759 300 92
0 554.8 157.953 300 92
0 554.8 158.076 300 92
0 554.8 158.245 300 92
0 554.8 158.382 300 92
0 554.8 158.52 300 92
0 554.8 158.695 300 92
0 554.8 158.816 300 92
0 554.8 158.997 300 92
0 554.8 159.117 300 92
0 554.8 159.28 300 92
0 554.8 159.401 300 92
0 554.8 159.589 300 92
0 554.8 159.665 300 92
0 554.8 159.786 300 92
0 554.8 159.906 300 92
0 554.8 160.028 300 92
0 554.8 160.145 300 92
0 554.8 160.265 300 92
0 554.8 160.388 300 92
0 554.8 160.522 300 92
0 554.8 160.641 300 92
0 554.8 160.814 300 92
0 554.8 160.944 300 92
0 554.8 161.058 300 92
0 554.8 161.216 300 92
0 554.8 161.345 300 92
0 554.8 161.48 300 92
0 554.8 161.609 300 92
0 554.8 161.728 300 92
0 554.8 161.857 300 92
0 554.8 162.021 300 92
0 554.8 162.245 300 92
0 554.8 162.464 300 92
0 554.8 162.648 300 92
0 554.8 162.788 300 92
0 554.8 162.917 300 92
0 554.8 163.047 300 92
0 554.8 163.172 300 92
0 554.8 163.312 300 92
0 554.8 163.427 300 92
0 554.8 163.549 300 92
0 554.8 163.681 300 92
0 554.8 163.876 300 92
0 554.8 163.992 300 92
0 554.8 164.122 300 92
0 554.8 164.34 300 92
0 554.8 164.465 300 92
0 554.8 164.59 300 92
0 554.8 164.8 300 92
0 554.8 164.975 300 92
0 554.8 165.088 300 92
0 554.8 165.209 300 92
0 554.8 165.342 300 92
0 554.8 165.502 300 92
0 554.8 165.658 300 92
0 554.8 165.774 300 92
0 554.8 165.985 300 92
0 554.8 166.152 300 92
0 554.8 166.286 300 92
0 554.8 166.446 300 92
0 554.8 166.567 300 92
0 554.8 166.746 300 92
0 554.8 166.884 300 92
0 554.8 167.018 300 92
0 554.8 167.32 300 92
0 554.8 167.49 300 92
0 554.8 167.655 300 92
0 554.8 167.772 300 92
0 554.8 167.892 300 92
0 554.8 168.007 300 92
0 554.8 168.136 300 92
0 554.8 168.253 300 92
0 554.8 168.373 300 92
0 554.8 168.506 300 92
0 554.8 168.64 300 92
0 554.8 168.741 300 92
0 554.8 168.872 300 92
0 554.8 169.067 300 92
0 554.8 169.168 300 92
0 554.8 169.287 300 92
0 554.8 169.504 300 92
0 554.8 169.683 300 92
0 554.8 169.803 300 92
0 554.8 169.939 300 92
0 554.8 170.06 300 92
0 554.8 170.197 300 92
0 554.8 170.287 300 92
0 554.8 170.413 300 92
0 554.8 170.541 300 92
0 554.8 170.749 300 92
0 554.8 170.876 300 92
0 554.8 170.99 300 92
0 554.8 171.223 300 92
0 554.8 171.351 300 92
0 554.8 171.48 300 92
0 554.8 171.583 300 92
0 554.8 171.753 300 92
0 554.8 171.865 300 92
0 554.8 171.98 300 92
0 554.8 172.114 300 92
0 554.8 172.285 300 92
0 554.8 172.378 300 92
0 554.8 172.499 300 92
0 554.8 172.616 300 92
0 554.8 172.78 300 92
0 554.8 172.901 300 92
0 554.8 173.057 300 92
0 554.8 173.205 300 92
0 554.8 173.379 300 92
0 554.8 173.504 300 92
0 554.8 173.641 300 92
0 554.8 173.809 300 92
0 554.8 173.925 300 92
0 554.8 174.067 300 92
0 554.8 174.273 300 92
0 554.8 174.461 300 92
0 554.8 174.591 300 92
0 554.8 174.685 300 92
0 554.8 174.867 300 92
0 554.8 175.008 300 92
0 554.8 175.174 300 92
0 554.8 175.341 300 92
0 554.8 175.463 300 92
0 554.8 175.708 300 92
0 554.8 175.799 300 92
0 554.8 175.995 300 92
0 554.8 176.122 300 92
0 554.8 176.237 300 92
0 554.8 176.37 300 92
0 554.8 176.512 300 92
0 554.8 176.652 300 92
0 554.8 176.787 300 92
0 554.8 176.904 300 92
0 554.8 177.025 300 92
0 554.8 177.159 300 92
0 554.8 177.268 300 92
0 554.8 177.439 300 92
0 554.8 177.599 300 92
0 554.8 177.735 300 92
0 554.8 177.854 300 92
0 554.8 178.021 300 92
0 554.8 178.148 300 92
0 554.8 178.231 300 92
0 554.8 178.349 300 92
0 554.8 178.5 300 92
0 554.8 178.617 300 92
0 554.8 178.739 300 92
0 554.8 178.869 300 92
0 554.8 178.985 300 92
0 554.8 179.146 300 92
0 554.8 179.258 300 92
0 554.8 179.397 300 92
0 554.8 179.575 300 92
0 554.8 179.748 300 92
0 554.8 179.87 300 92
0 554.8 179.987 300 92
0 554.8 180.154 300 92
0 554.8 180.253 300 92
0 554.8 180.373 300 92
0 554.8 180.553 300 92
0 554.8 180.679 300 92
0 554.8 180.797 300 92
0 554.8 180.922 300 92
0 554.8 181.005 300 92
0 554.8 181.209 300 92
0 554.8 181.319 300 92
0 554.8 181.436 300 92
0 554.8 181.568 300 92
0 549.2 181.583 92
0 549.2 181.684 300 92
0 549.2 181.811 300 92
0 549.2 181.92 300 92
0 549.2 182.05 300 92
0 549.2 182.209 300 92
0 549.2 182.345 300 92
0 549.2 182.474 300 92
0 549.2 182.641 300 92
0 549.2 182.771 300 92
0 549.2 182.902 300 92
0 549.2 183.031 300 92
0 549.2 183.128 300 92
0 549.2 183.242 300 92
0 549.2 183.418 300 92
0 549.2 183.538 300 92
0 549.2 183.677 300 92
0 549.2 183.808 300 92
0 549.2 183.984 300 92
0 549.2 184.165 300 92
0 549.2 184.318 300 92
0 549.2 184.457 300 92
0 549.2 184.58 300 92
0 549.2 184.698 300 92
0 549.2 184.836 300 92
0 549.2 184.966 300 92
0 549.2 185.129 300 92
0 549.2 185.323 300 92
0 549.2 185.441 300 92
0 549.2 185.569 300 92
0 549.2 185.741 300 92
0 549.2 185.862 300 92
0 549.2 185.991 300 92
0 549.2 186.16 300 92
0 549.2 186.285 300 92
0 549.2 186.429 300 92
0 549.2 186.6 300 92
0 549.2 186.724 300 92
0 549.2 186.877 300 92
0 549.2 187.091 300 92
0 549.2 187.217 300 92
0 549.2 187.332 300 92
0 549.2 187.451 300 92
0 549.2 187.564 300 92
0 549.2 187.777 300 92
0 549.2 188.037 300 92
0 549.2 188.157 300 92
0 549.2 188.301 300 92
0 549.2 188.382 300 92
0 549.2 188.553 300 92
0 549.2 188.683 300 92
0 549.2 188.808 300 92
0 549.2 188.938 300 92
0 549.2 189.051 300 92
0 549.2 189.178 300 92
0 549.2 189.305 300 92
0 549.2 189.433 300 92
0 549.2 189.549 300 92
0 549.2 189.725 300 92
0 549.2 189.854 300 92
0 549.2 189.984 300 92
0 549.2 190.117 300 92
0 549.2 190.262 300 92
0 549.2 190.444 300 92
0 549.2 190.523 300 92
0 549.2 190.742 300 92
0 549.2 190.867 300 92
0 549.2 190.98 300 92
0 549.2 191.113 300 92
0 549.2 191.242 300 92
0 549.2 191.366 300 92
0 549.2 191.481 300 92
0 549.2 191.615 300 92
0 549.2 191.746 300 92
0 549.2 191.871 300 92
0 549.2 191.95 300 92
0 549.2 192.072 300 92
0 549.2 192.249 300 92
0 549.2 192.468 300 92
0 549.2 192.584 300 92
0 549.2 192.755 300 92
0 549.2 192.885 300 92
0 549.2 193.007 300 92
0 549.2 193.176 300 92
0 549.2 193.304 300 92
0 549.2 193.469 300 92
0 549.2 193.596 300 92
0 549.2 193.72 300 92
0 549.2 193.837 300 92
0 549.2 193.996 300 92
0 549.2 194.198 300 92
0 549.2 194.325 300 92
0 549.2 194.535 300 92
0 549.2 194.677 300 92
0 549.2 194.827 300 92
0 549.2 194.957 300 92
0 549.2 195.164 300 92
0 549.2 195.318 300 92
0 549.2 195.43 300 92
0 549.2 195.544 300 92
0 549.2 195.68 300 92
0 549.2 195.767 300 92
0 549.2 195.877 300 92
0 549.2 195.998 300 92
0 549.2 196.136 300 92
0 549.2 196.347 300 92
0 549.2 196.477 300 92
0 549.2 196.655 300 92
0 549.2 196.734 300 92
0 549.2 196.86 300 92
0 549.2 197.001 300 92
0 549.2 197.118 300 92
0 549.2 197.251 300 92
0 549.2 197.419 300 92
0 549.2 197.56 300 92
0 549.2 197.766 300 92
0 549.2 197.911 300 92
0 549.2 198.04 300 92
0 549.2 198.209 300 92
0 549.2 198.327 300 92
0 549.2 198.449 300 92
0 549.2 198.571 300 92
0 549.2 198.705 300 92
0 549.2 198.845 300 92
0 549.2 199.053 300 92
0 549.2 199.212 300 92
0 549.2 199.336 300 92
0 549.2 199.456 300 92
0 549.2 199.569 300 92
0 549.2 199.692 300 92
0 549.2 199.825 300 92
0 549.2 200.029 300 92
0 549.2 200.202 300 92
0 549.2 200.482 300 92
0 549.2 200.616 300 92
0 549.2 200.748 300 92
0 549.2 200.887 300 92
0 549.2 201.061 300 92
0 549.2 201.187 300 92
0 549.2 201.317 300 92
0 549.2 201.441 300 92
0 549.2 201.561 300 92
0 549.2 201.688 300 92
0 549.2 201.806 300 92
0 549.2 201.935 300 92
0 549.2 202.072 300 92
0 549.2 202.206 300 92
0 549.2 202.332 300 92
0 549.2 202.455 300 92
0 549.2 202.576 300 92
0 549.2 202.713 300 92
0 549.2 202.844 300 92
0 549.2 203.004 300 92
0 549.2 203.131 300 92
0 549.2 203.259 300 92
0 549.2 203.385 300 92
0 549.2 203.513 300 92
0 549.2 203.684 300 92
0 549.2 203.798 300 92
0 549.2 203.919 300 92
0 549.2 203.995 300 92
0 549.2 204.123 300 92
0 549.2 204.265 300 92
0 549.2 204.359 300 92
0 549.2 204.505 300 92
0 549.2 204.633 300 92
0 549.2 204.753 300 92
0 549.2 204.884 300 92
0 549.2 205.063 300 92
0 549.2 205.237 300 92
0 549.2 205.377 300 92
0 549.2 205.543 300 92
0 549.2 205.668 300 92
0 549.2 205.801 300 92
0 549.2 205.92 300 92
0 549.2 206.07 300 92
0 549.2 206.243 300 92
0 549.2 206.413 300 92
0 549.2 206.542 300 92
0 549.2 206.718 300 92
0 549.2 206.795 300 92
0 549.2 206.931 300 92
0 549.2 207.108 300 92
0 549.2 207.321 300 92
0 549.2 207.44 300 92
0 549.2 207.638 300 92
0 549.2 207.766 300 92
0 549.2 207.889 300 92
0 549.2 208.015 300 92
0 549.2 208.126 300 92
0 549.2 208.245 300 92
0 549.2 208.379 300 92
0 549.2 208.461 300 92
0 549.2 208.597 300 92
0 549.2 208.743 300 92
0 549.2 208.874 300 92
0 549.2 209.007 300 92
0 549.2 209.131 300 92
0 549.2 209.273 300 92
0 549.2 209.438 300 92
0 549.2 209.586 300 92
0 549.2 209.721 300 92
0 549.2 209.843 300 92
0 549.2 210.1 300 92
0 549.2 210.282 300 92
0 549.2 210.425 300 92
0 549.2 210.557 300 92
0 549.2 210.703 300 92
0 549.2 210.82 300 92
0 549.2 210.994 300 92
0 549.2 211.174 300 92
0 549.2 211.298 300 92
0 549.2 211.428 300 92
0 549.2 211.567 300 92
0 549.2 211.651 300 92
0 549.2 211.784 300 92
0 549.2 211.899 300 92
0 549.2 211.995 300 92
0 549.2 212.132 300 92
0 549.2 212.26 300 92
0 549.2 212.39 300 92
0 549.2 212.559 300 92
0 549.2 212.718 300 92
0 549.2 212.856 300 92
0 549.2 212.996 300 92
0 549.2 213.137 300 92
0 549.2 213.305 300 92
0 549.2 213.427 300 92
0 549.2 213.558 300 92
0 549.2 213.686 300 92
0 549.2 213.894 300 92
0 549.2 214.128 300 92
0 549.2 214.302 300 92
0 549.2 214.474 300 92
0 549.2 214.601 300 92
0 549.2 214.739 300 92
0 549.2 214.862 300 92
0 549.2 214.983 300 92
0 549.2 215.077 300 92
0 549.2 215.196 300 92
0 549.2 215.356 300 92
0 549.2 215.495 300 92
0 549.2 215.725 300 92
0 549.2 216.04 300 92
0 549.2 216.222 300 92
0 549.2 216.392 300 92
0 549.2 216.523 300 92
0 549.2 216.658 300 92
0 549.2 216.833 300 92
0 549.2 216.949 300 92
0 549.2 217.098 300 92
0 549.2 217.266 300 92
0 549.2 217.432 300 92
0 549.2 217.555 300 92
0 549.2 217.688 300 92
0 549.2 217.887 300 92
0 549.2 218.102 300 92
0 549.2 218.335 300 92
0 549.2 218.466 300 92
0 549.2 218.592 300 92
0 549.2 218.723 300 92
0 549.2 218.907 300 92
0 549.2 219.028 300 92
0 549.2 219.148 300 92
0 549.2 219.223 300 92
0 549.2 219.351 300 92
0 549.2 219.488 300 92
0 549.2 219.611 300 92
0 549.2 219.749 300 92
0 549.2 219.829 300 92
0 549.2 219.967 300 92
0 549.2 220.082 300 92
0 549.2 220.196 300 92
0 549.2 220.318 300 92
0 549.2 220.444 300 92
0 549.2 220.627 300 92
0 549.2 220.751 300 92
0 549.2 220.882 300 92
0 549.2 221.008 300 92
0 549.2 221.144 300 92
0 549.2 221.289 300 92
0 549.2 221.425 300 92
0 549.2 221.588 300 92
0 549.2 221.665 300 92
0 549.2 221.78 300 92
0 549.2 222.011 300 92
0 549.2 222.092 300 92
0 549.2 222.216 300 92
0 549.2 222.395 300 92
0 549.2 222.5 300 92
0 549.2 222.631 300 92
0 549.2 222.791 300 92
0 549.2 222.91 300 92
0 549.2 223.113 300 92
0 549.2 223.228 300 92
0 549.2 223.393 300 92
0 549.2 223.518 300 92
0 549.2 223.673 300 92
0 549.2 223.809 300 92
0 549.2 223.923 300 92
0 549.2 224.111 300 92
0 549.2 224.386 300 92
0 549.2 224.538 300 92
0 549.2 224.697 300 92
0 549.2 224.825 300 92
0 549.2 224.95 300 92
0 549.2 225.072 300 92
0 549.2 225.245 300 92
0 549.2 225.411 300 92
0 549.2 225.538 300 92
0 549.2 225.666 300 92
0 549.2 225.838 300 92
0 549.2 225.974 300 92
0 549.2 226.098 300 92
0 549.2 226.266 300 92
0 549.2 226.406 300 92
0 549.2 226.537 300 92
0 549.2 226.663 300 92
0 549.2 226.784 300 92
0 549.2 226.922 300 92
0 549.2 227.068 300 92
0 549.2 227.202 300 92
0 549.2 227.305 300 92
0 549.2 227.457 300 92
0 549.2 227.582 300 92
0 549.2 227.656 300 92
0 549.2 227.849 300 92
0 549.2 227.991 300 92
0 549.2 228.125 300 92
0 549.2 228.291 300 92
0 549.2 228.464 300 92
0 549.2 228.597 300 92
0 549.2 228.739 300 92
0 549.2 228.873 300 92
0 549.2 229.038 300 92
0 549.2 229.177 300 92
0 549.2 229.409 300 92
0 549.2 229.538 300 92
0 549.2 229.712 300 92
0 549.2 229.838 300 92
0 549.2 230.012 300 92
0 549.2 230.142 300 92
0 549.2 230.271 300 92
0 549.2 230.575 300 92
0 549.2 230.746 300 92
0 549.2 230.872 300 92
0 549.2 230.99 300 92
0 549.2 231.106 300 92
0 549.2 231.238 300 92
0 549.2 231.363 300 92
0 549.2 231.479 300 92
0 549.2 231.608 300 92
0 549.2 231.801 300 92
0 549.2 231.956 300 92
0 549.2 232.101 300 92
0 549.2 232.225 300 92
0 549.2 232.359 300 92
0 549.2 232.468 300 92
0 549.2 232.594 300 92
0 549.2 232.715 300 92
0 549.2 232.842 300 92
0 549.2 232.974 300 92
0 549.2 233.101 300 92
0 549.2 233.277 300 92
0 549.2 233.398 300 92
0 549.2 233.491 300 92
0 549.2 233.616 300 92
0 549.2 233.743 300 92
0 549.2 233.883 300 92
0 549.2 234.09 300 92
0 549.2 234.207 300 92
0 549.2 234.375 300 92
0 549.2 234.532 300 92
0 549.2 234.699 300 92
0 549.2 234.828 300 92
0 549.2 234.952 300 92
0 549.2 235.113 300 92
0 549.2 235.242 300 92
0 549.2 235.365 300 92
0 549.2 235.501 300 92
0 549.2 235.636 300 92
0 549.2 235.803 300 92
0 549.2 235.927 300 92
0 549.2 236.058 300 92
0 549.2 236.191 300 92
0 549.2 236.335 300 92
0 549.2 236.5 300 92
0 549.2 236.623 300 92
0 549.2 236.789 300 92
0 549.2 236.949 300 92
0 549.2 237.114 300 92
0 549.2 237.284 300 92
0 549.2 237.411 300 92
0 549.2 237.543 300 92
0 549.2 237.663 300 92
0 549.2 237.766 300 92
0 549.2 237.898 300 92
0 549.2 238.112 300 92
0 549.2 238.211 300 92
0 549.2 238.345 300 92
0 549.2 238.409 300 92
0 549.2 238.539 300 92
0 549.2 238.624 300 92
0 549.2 238.747 300 92
0 549.2 238.838 300 92
0 549.2 238.934 300 92
0 549.2 239.091 300 92
0 549.2 239.227 300 92
0 549.2 239.32 300 92
0 549.2 239.435 300 92
0 549.2 239.595 300 92
0 549.2 239.692 300 92
0 549.2 239.781 300 92
0 549.2 239.87 300 92
0 549.2 239.966 300 92
0 549.2 240.082 300 92
0 549.2 240.281 300 92
0 549.2 240.375 300 92
0 549.2 240.471 300 92
0 549.2 240.554 300 92
0 549.2 240.653 300 92
0 549.2 240.737 300 92
0 549.2 240.832 300 92
0 549.2 240.926 300 92
0 549.2 241.024 300 92
0 549.2 241.105 300 92
0 549.2 241.226 300 92
0 549.2 241.316 300 92
0 549.2 241.4 300 92
0 549.2 241.49 300 92
0 549.2 241.582 300 92
0 549.2 241.674 300 92
0 549.2 241.789 300 92
0 549.2 241.938 300 92
0 549.2 242.077 300 92
0 549.2 242.166 300 92
0 549.2 242.253 300 92
0 549.2 242.345 300 92
0 549.2 242.47 300 92
0 549.2 242.561 300 92
0 549.2 242.651 300 92
0 549.2 242.732 300 92
0 549.2 242.82 300 92
0 549.2 242.911 300 92
0 549.2 242.981 300 92
0 549.2 243.059 300 92
0 549.2 243.211 300 92
0 549.2 243.294 300 92
0 549.2 243.401 300 92
0 549.2 243.55 300 92
0 549.2 243.645 300 92
0 549.2 243.767 300 92
0 549.2 243.866 300 92
0 549.2 243.967 300 92
0 549.2 244.055 300 92
0 549.2 244.145 300 92
0 549.2 244.247 300 92
0 549.2 244.337 300 92
0 549.2 244.46 300 92
0 549.2 244.602 300 92
0 549.2 244.789 300 92
0 549.2 244.933 300 92
0 549.2 245.108 300 92
0 549.2 245.287 300 92
0 549.2 245.463 300 92
0 549.2 245.639 300 92
0 549.2 245.8 300 92
0 549.2 245.957 300 92
0 549.2 246.095 300 92
0 549.2 246.216 300 92
0 549.2 246.308 300 92
0 549.2 246.436 300 92
0 549.2 246.61 300 92
0 549.2 246.746 300 92
0 549.2 246.886 300 92
0 549.2 247.003 300 92
0 549.2 247.112 300 92
0 549.2 247.235 300 92
0 549.2 247.354 300 92
0 549.2 247.484 300 92
0 549.2 247.63 300 92
0 549.2 247.775 300 92
0 549.2 247.91 300 92
0 549.2 248.075 300 92
0 549.2 248.219 300 92
0 549.2 248.466 300 92
0 549.2 248.599 300 92
0 549.2 248.74 300 92
0 549.2 248.882 300 92
0 549.2 249.013 300 92
0 549.2 249.143 300 92
0 549.2 249.32 300 92
0 549.2 249.552 300 92
0 549.2 249.703 300 92
0 549.2 249.821 300 92
0 549.2 249.945 300 92
0 549.2 250.068 300 92
0 549.2 250.245 300 92
0 549.2 250.335 300 92
0 549.2 250.474 300 92
0 549.2 250.614 300 92
0 549.2 250.755 300 92
0 549.2 250.891 300 92
0 549.2 251.061 300 92
0 549.2 251.322 300 92
0 549.2 251.451 300 92
0 549.2 251.578 300 92
0 549.2 251.713 300 92
0 549.2 251.893 300 92
0 549.2 252.031 300 92
0 549.2 252.232 300 92
0 549.2 252.372 300 92
0 549.2 252.514 300 92
0 549.2 252.712 300 92
0 549.2 252.856 300 92
0 549.2 252.969 300 92
0 549.2 253.108 300 92
0 549.2 253.233 300 92
0 549.2 253.336 300 92
0 549.2 253.601 300 92
0 549.2 253.757 300 92
0 549.2 253.85 300 92
0 549.2 253.985 300 92
0 549.2 254.119 300 92
0 549.2 254.241 300 92
0 549.2 254.357 300 92
0 549.2 254.589 300 92
0 549.2 254.716 300 92
0 549.2 254.842 300 92
0 549.2 255.035 300 92
0 549.2 255.267 300 92
0 549.2 255.36 300 92
0 549.2 255.534 300 92
0 549.2 255.636 300 92
0 549.2 255.773 300 92
0 549.2 255.939 300 92
0 549.2 256.076 300 92
0 549.2 256.18 300 92
0 549.2 256.311 300 92
0 549.2 256.426 300 92
0 549.2 256.587 300 92
0 549.2 256.722 300 92
0 549.2 256.883 300 92
0 549.2 257.181 300 92
0 549.2 257.299 300 92
0 549.2 257.416 300 92
0 549.2 257.534 300 92
0 549.2 257.705 300 92
0 549.2 257.869 300 92
0 549.2 258.039 300 92
0 549.2 258.169 300 92
0 549.2 258.398 300 92
0 549.2 258.549 300 92
0 549.2 258.772 300 92
0 549.2 258.911 300 92
0 549.2 259.143 300 92
0 549.2 259.271 300 92
0 549.2 259.447 300 92
0 549.2 259.56 300 92
0 549.2 259.69 300 92
0 549.2 259.833 300 92
0 549.2 260.037 300 92
0 549.2 260.174 300 92
0 549.2 260.292 300 92
0 549.2 260.436 300 92
0 549.2 260.569 300 92
0 549.2 260.708 300 92
0 549.2 260.844 300 92
0 549.2 260.987 300 92
0 549.2 261.21 300 92
0 549.2 261.361 300 92
0 549.2 261.492 300 92
0 549.2 261.619 300 92
0 549.2 261.716 300 92
0 549.2 261.901 300 92
0 549.2 262.081 300 92
0 549.2 262.163 300 92
0 549.2 262.263 300 92
0 549.2 262.457 300 92
0 549.2 262.585 300 92
0 549.2 262.719 300 92
0 549.2 262.821 300 92
0 549.2 262.965 300 92
0 549.2 263.077 300 92
0 549.2 263.218 300 92
0 549.2 263.439 300 92
0 549.2 263.582 300 92
0 549.2 263.768 300 92
0 549.2 263.904 300 92
0 549.2 264.04 300 92
0 549.2 264.159 300 92
0 549.2 264.289 300 92
0 549.2 264.481 300 92
0 549.2 264.664 300 92
0 549.2 264.805 300 92
0 549.2 264.932 300 92
0 549.2 265.068 300 92
0 549.2 265.219 300 92
0 549.2 265.391 300 92
0 549.2 265.53 300 92
0 549.2 265.662 300 92
0 549.2 265.843 300 92
0 549.2 265.975 300 92
0 549.2 266.132 300 92
0 549.2 266.293 300 92
0 549.2 266.553 300 92
0 549.2 266.739 300 92
0 549.2 266.829 300 92
0 549.2 266.978 300 92
0 549.2 267.103 300 92
0 549.2 267.23 300 92
0 549.2 267.455 300 92
0 549.2 267.679 300 92
0 549.2 267.809 300 92
0 549.2 267.942 300 92
0 549.2 268.116 300 92
0 549.2 268.214 300 92
0 549.2 268.314 300 92
0 549.2 268.405 300 92
0 549.2 268.466 300 92
0 549.2 268.558 300 92
0 549.2 268.677 300 92
0 549.2 268.768 300 92
0 549.2 268.86 300 92
0 549.2 268.952 300 92
0 549.2 269.048 300 92
0 549.2 269.143 300 92
0 549.2 269.227 300 92
0 549.2 269.318 300 92
0 549.2 269.402 300 92
0 549.2 269.466 300 92
0 549.2 269.697 300 92
0 549.2 269.836 300 92
0 549.2 269.972 300 92
0 549.2 270.196 300 92
0 549.2 270.377 300 92
0 549.2 270.517 300 92
0 549.2 270.651 300 92
0 549.2 270.785 300 92
0 549.2 270.964 300 92
0 549.2 271.11 300 92
0 549.2 271.251 300 92
0 549.2 271.373 300 92
0 549.2 271.513 300 92
0 549.2 271.605 300 92
0 549.2 271.755 300 92
0 549.2 271.904 300 92
0 549.2 272.047 300 92
0 549.2 272.324 300 92
0 549.2 272.455 300 92
0 549.2 272.587 300 92
0 549.2 272.773 300 92
0 549.2 272.967 300 92
0 549.2 273.162 300 92
0 549.2 273.335 300 92
0 549.2 273.522 300 92
0 549.2 273.695 300 92
0 549.2 273.821 300 92
0 549.2 273.949 300 92
0 549.2 274.126 300 92
0 549.2 274.249 300 92
0 549.2 274.427 300 92
0 549.2 274.743 300 92
0 549.2 274.886 300 92
0 549.2 275.016 300 92
0 549.2 275.15 300 92
0 549.2 275.368 300 92
0 549.2 275.527 300 92
0 549.2 275.664 300 92
0 549.2 275.852 300 92
0 549.2 275.995 300 92
0 549.2 276.132 300 92
0 549.2 276.217 300 92
0 549.2 276.398 300 92
0 549.2 276.623 300 92
0 549.2 276.762 300 92
0 549.2 276.896 300 92
0 549.2 277.084 300 92
0 549.2 277.225 300 92
0 549.2 277.374 300 92
0 549.2 277.508 300 92
0 549.2 277.639 300 92
0 549.2 277.82 300 92
0 549.2 277.96 300 92
0 549.2 278.086 300 92
0 549.2 278.28 300 92
0 549.2 278.424 300 92
0 549.2 278.563 300 92
0 549.2 278.753 300 92
0 549.2 278.889 300 92
0 549.2 279.062 300 92
0 549.2 279.209 300 92
0 549.2 279.362 300 92
0 549.2 279.5 300 92
0 549.2 279.642 300 92
0 549.2 279.825 300 92
0 549.2 279.919 300 92
0 549.2 280.035 300 92
0 549.2 280.184 300 92
0 549.2 280.299 300 92
0 549.2 280.432 300 92
0 549.2 280.645 300 92
0 549.2 280.771 300 92
0 549.2 280.906 300 92
0 549.2 281.054 300 92
0 549.2 281.186 300 92
0 549.2 281.369 300 92
0 549.2 281.546 300 92
0 549.2 281.721 300 92
0 549.2 281.887 300 92
0 549.2 282.012 300 92
0 549.2 282.159 300 92
0 549.2 282.298 300 92
0 549.2 282.48 300 92
0 549.2 282.721 300 92
0 549.2 282.837 300 92
0 549.2 282.977 300 92
0 549.2 283.145 300 92
0 549.2 283.276 300 92
0 549.2 283.453 300 92
0 549.2 283.587 300 92
0 549.2 283.729 300 92
0 549.2 283.862 300 92
0 549.2 284 300 92
0 549.2 284.183 300 92
0 549.2 284.3 300 92
0 549.2 284.629 300 92
0 549.2 284.751 300 92
0 549.2 284.881 300 92
0 549.2 285.014 300 92
0 549.2 285.148 300 92
0 549.2 285.282 300 92
0 549.2 285.361 300 92
0 549.2 285.535 300 92
0 549.2 285.684 300 92
0 549.2 285.814 300 92
0 549.2 285.945 300 92
0 549.2 286.078 300 92
0 549.2 286.211 300 92
0 549.2 286.38 300 92
0 549.2 286.511 300 92
0 549.2 286.674 300 92
0 549.2 286.797 300 92
0 549.2 287.022 300 92
0 549.2 287.201 300 92
0 549.2 287.314 300 92
0 549.2 287.476 300 92
0 549.2 287.565 300 92
0 549.2 287.702 300 92
0 549.2 287.84 300 92
0 549.2 287.975 300 92
0 549.2 288.114 300 92
0 549.2 288.256 300 92
0 549.2 288.455 300 92
0 549.2 288.667 300 92
0 549.2 288.79 300 92
0 549.2 289.036 300 92
0 549.2 289.236 300 92
0 549.2 289.332 300 92
0 549.2 289.469 300 92
0 549.2 289.652 300 92
0 549.2 289.784 300 92
0 549.2 289.932 300 92
0 549.2 290.125 300 92
0 549.2 290.262 300 92
0 549.2 290.4 300 92
0 549.2 290.521 300 92
0 549.2 290.699 300 92
0 549.2 290.921 300 92
0 549.2 291.114 300 92
0 549.2 291.301 300 92
0 549.2 291.441 300 92
0 549.2 291.571 300 92
0 549.2 291.769 300 92
0 549.2 291.886 300 92
0 549.2 292.022 300 92
0 549.2 292.168 300 92
0 549.2 292.404 300 92
0 549.2 292.544 300 92
0 549.2 292.759 300 92
0 549.2 292.887 300 92
0 549.2 293.061 300 92
0 549.2 293.269 300 92
0 549.2 293.551 300 92
0 549.2 293.692 300 92
0 549.2 293.965 300 92
0 549.2 294.073 300 92
0 549.2 294.306 300 92
0 549.2 294.432 300 92
0 549.2 294.57 300 92
0 549.2 294.747 300 92
0 549.2 294.933 300 92
0 549.2 295.067 300 92
0 549.2 295.156 300 92
0 549.2 295.295 300 92
0 549.2 295.481 300 92
0 549.2 295.634 300 92
0 549.2 295.766 300 92
0 549.2 295.9 300 92
0 549.2 296.037 300 92
0 549.2 296.148 300 92
0 549.2 296.272 300 92
0 549.2 296.479 300 92
0 549.2 296.597 300 92
0 549.2 296.808 300 92
0 549.2 296.932 300 92
0 549.2 297.06 300 92
0 549.2 297.177 300 92
0 549.2 297.312 300 92
0 549.2 297.451 300 92
0 549.2 297.582 300 92
0 549.2 297.707 300 92
0 549.2 297.95 300 92
0 549.2 298.093 300 92
0 549.2 298.273 300 92
0 549.2 298.485 300 92
0 549.2 298.749 300 92
0 549.2 298.905 300 92
0 549.2 299.046 300 92
0 549.2 299.21 300 92
0 549.2 299.34 300 92
0 549.2 299.437 300 92
0 549.2 299.582 300 92
0 549.2 299.728 300 92
0 549.2 299.86 300 92
0 549.2 300.016 300 92
0 549.2 300.149 300 92
0 549.2 300.298 300 92
0 549.2 300.49 300 92
0 549.2 300.66 300 92
0 549.2 300.801 300 92
0 549.2 300.971 300 92
0 549.2 301.115 300 92
0 549.2 301.311 300 92
0 549.2 301.431 300 92
0 549.2 301.576 300 92
0 549.2 301.719 300 92
0 549.2 301.845 300 92
0 549.2 301.976 300 92
0 549.2 302.149 300 92
0 549.2 302.222 300 92
0 549.2 302.334 300 92
0 549.2 302.592 300 92
0 549.2 302.73 300 92
0 549.2 302.862 300 92
0 549.2 302.999 300 92
0 549.2 303.137 300 92
0 549.2 303.306 300 92
0 549.2 303.416 300 92
0 549.2 303.555 300 92
0 549.2 303.689 300 92
0 549.2 303.96 300 92
0 549.2 304.087 300 92
0 549.2 304.235 300 92
0 549.2 304.368 300 92
0 549.2 304.49 300 92
0 549.2 304.628 300 92
0 549.2 304.756 300 92
0 549.2 304.891 300 92
0 549.2 305.028 300 92
0 549.2 305.142 300 92
0 549.2 305.281 300 92
0 549.2 305.412 300 92
0 549.2 305.556 300 92
0 549.2 305.665 300 92
0 549.2 305.802 300 92
0 549.2 305.931 300 92
0 549.2 306.056 300 92
0 549.2 306.286 300 92
0 549.2 306.474 300 92
0 549.2 306.591 300 92
0 549.2 306.71 300 92
0 549.2 306.838 300 92
0 549.2 306.969 300 92
0 549.2 307.178 300 92
0 549.2 307.312 300 92
0 549.2 307.444 300 92
0 549.2 307.581 300 92
0 549.2 307.705 300 92
0 549.2 307.829 300 92
0 549.2 307.949 300 92
0 549.2 308.117 300 92
0 549.2 308.306 300 92
0 549.2 308.516 300 92
0 549.2 308.656 300 92
0 549.2 308.821 300 92
0 549.2 309.007 300 92
0 549.2 309.146 300 92
0 549.2 309.281 300 92
0 549.2 309.419 300 92
0 549.2 309.538 300 92
0 549.2 309.674 300 92
0 549.2 309.793 300 92
0 549.2 309.917 300 92
0 549.2 310.064 300 92
0 549.2 310.184 300 92
0 549.2 310.311 300 92
0 549.2 310.455 300 92
0 549.2 310.592 300 92
0 549.2 310.722 300 92
0 549.2 310.865 300 92
0 549.2 311.034 300 92
0 549.2 311.241 300 92
0 549.2 311.368 300 92
0 549.2 311.484 300 92
0 549.2 311.653 300 92
0 549.2 311.779 300 92
0 549.2 311.916 300 92
0 549.2 312.014 300 92
0 549.2 312.142 300 92
0 549.2 312.225 300 92
0 549.2 312.328 300 92
0 549.2 312.451 300 92
0 549.2 312.587 300 92
0 549.2 312.724 300 92
0 549.2 312.843 300 92
0 549.2 312.977 300 92
0 549.2 313.09 300 92
0 549.2 313.216 300 92
0 549.2 313.355 300 92
0 549.2 313.484 300 92
0 549.2 313.618 300 92
0 549.2 313.753 300 92
0 549.2 313.972 300 92
0 549.2 314.096 300 92
0 549.2 314.3 300 92
0 549.2 314.418 300 92
0 549.2 314.699 300 92
0 549.2 314.834 300 92
0 549.2 314.948 300 92
0 549.2 315.078 300 92
0 549.2 315.203 300 92
0 549.2 315.318 300 92
0 549.2 315.483 300 92
0 549.2 315.607 300 92
0 549.2 315.737 300 92
0 549.2 315.952 300 92
0 549.2 316.125 300 92
0 549.2 316.261 300 92
0 549.2 316.46 300 92
0 549.2 316.599 300 92
0 549.2 316.771 300 92
0 549.2 316.893 300 92
0 549.2 317.078 300 92
0 549.2 317.252 300 92
0 549.2 317.457 300 92
0 549.2 317.588 300 92
0 549.2 317.749 300 92
0 549.2 317.872 300 92
0 549.2 317.961 300 92
0 549.2 318.144 300 92
0 549.2 318.23 300 92
0 549.2 318.32 300 92
0 549.2 318.446 300 92
0 549.2 318.578 300 92
0 549.2 318.659 300 92
0 549.2 318.788 300 92
0 549.2 318.919 300 92
0 549.2 319.038 300 92
0 549.2 319.219 300 92
0 549.2 319.334 300 92
0 549.2 319.449 300 92
0 549.2 319.57 300 92
0 549.2 319.667 300 92
0 549.2 319.793 300 92
0 549.2 319.932 300 92
0 549.2 320.081 300 92
0 549.2 320.208 300 92
0 549.2 320.318 300 92
0 549.2 320.423 300 92
0 549.2 320.56 300 92
0 549.2 320.689 300 92
0 549.2 320.816 300 92
0 549.2 320.986 300 92
0 549.2 321.112 300 92
0 549.2 321.231 300 92
0 549.2 321.331 300 92
0 549.2 321.409 300 92
0 549.2 321.722 300 92
0 549.2 321.808 300 92
0 549.2 321.947 300 92
0 549.2 322.211 300 92
0 549.2 322.316 300 92
0 549.2 322.444 300 92
0 549.2 322.573 300 92
0 549.2 322.69 300 92
0 549.2 322.775 300 92
0 549.2 322.935 300 92
0 549.2 323.139 300 92
0 549.2 323.311 300 92
0 549.2 323.433 300 92
0 549.2 323.559 300 92
0 549.2 323.693 300 92
0 549.2 323.811 300 92
0 549.2 324.018 300 92
0 549.2 324.161 300 92
0 549.2 324.4 300 92
0 549.2 324.609 300 92
0 549.2 324.699 300 92
0 549.2 324.807 300 92
0 549.2 324.931 300 92
0 549.2 325.101 300 92
0 549.2 325.242 300 92
0 549.2 325.381 300 92
0 549.2 325.524 300 92
0 549.2 325.648 300 92
0 549.2 325.782 300 92
0 549.2 325.983 300 92
0 549.2 326.115 300 92
0 549.2 326.241 300 92
0 549.2 326.373 300 92
0 549.2 326.505 300 92
0 549.2 326.664 300 92
0 549.2 326.792 300 92
0 549.2 326.944 300 92
0 549.2 327.074 300 92
0 549.2 327.158 300 92
0 549.2 327.3 300 92
0 549.2 327.433 300 92
0 549.2 327.574 300 92
0 549.2 327.784 300 92
0 549.2 327.928 300 92
0 549.2 328.043 300 92
0 549.2 328.189 300 92
0 549.2 328.381 300 92
0 549.2 328.536 300 92
0 549.2 328.652 300 92
0 549.2 328.783 300 92
0 549.2 328.947 300 92
0 549.2 329.068 300 92
0 549.2 329.228 300 92
0 549.2 329.373 300 92
0 549.2 329.658 300 92
0 549.2 329.789 300 92
0 549.2 329.926 300 92
0 549.2 330.091 300 92
0 549.2 330.264 300 92
0 549.2 330.392 300 92
0 549.2 330.544 300 92
0 549.2 330.628 300 92
0 549.2 330.754 300 92
0 549.2 330.893 300 92
0 549.2 331.038 300 92
0 549.2 331.193 300 92
0 549.2 331.331 300 92
0 549.2 331.542 300 92
0 549.2 331.666 300 92
0 549.2 331.801 300 92
0 549.2 331.992 300 92
0 549.2 332.125 300 92
0 549.2 332.256 300 92
0 549.2 332.437 300 92
0 549.2 332.651 300 92
0 549.2 332.787 300 92
0 549.2 332.952 300 92
0 549.2 333.073 300 92
0 549.2 333.198 300 92
0 549.2 333.324 300 92
0 549.2 333.487 300 92
0 549.2 333.611 300 92
0 549.2 333.746 300 92
0 549.2 333.875 300 92
0 549.2 334.013 300 92
0 549.2 334.146 300 92
0 549.2 334.278 300 92
0 549.2 334.406 300 92
0 549.2 334.531 300 92
0 549.2 334.657 300 92
0 549.2 334.789 300 92
0 549.2 334.937 300 92
0 549.2 335.073 300 92
0 549.2 335.28 300 92
0 549.2 335.479 300 92
0 549.2 335.673 300 92
0 549.2 335.785 300 92
0 549.2 335.91 300 92
0 549.2 336.087 300 92
0 549.2 336.256 300 92
0 549.2 336.392 300 92
0 549.2 336.529 300 92
0 549.2 336.66 300 92
0 549.2 336.836 300 92
0 549.2 337.019 300 92
0 549.2 337.198 300 92
0 549.2 337.357 300 92
0 549.2 337.475 300 92
0 549.2 337.641 300 92
0 549.2 337.784 300 92
0 549.2 337.954 300 92
0 549.2 338.115 300 92
0 549.2 338.249 300 92
0 549.2 338.409 300 92
0 549.2 338.542 300 92
0 549.2 338.665 300 92
0 549.2 338.806 300 92
0 549.2 339.011 300 92
0 549.2 339.24 300 92
0 549.2 339.373 300 92
0 549.2 339.545 300 92
0 549.2 339.712 300 92
0 549.2 339.86 300 92
0 549.2 340.001 300 92
0 549.2 340.11 300 92
0 549.2 340.235 300 92
0 549.2 340.375 300 92
0 549.2 340.516 300 92
0 549.2 340.636 300 92
0 549.2 340.766 300 92
0 549.2 340.878 300 92
0 549.2 340.988 300 92
0 549.2 341.165 300 92
0 549.2 341.252 300 92
0 549.2 341.382 300 92
0 549.2 341.538 300 92
0 549.2 341.664 300 92
0 549.2 341.842 300 92
0 549.2 341.99 300 92
0 549.2 342.165 300 92
0 549.2 342.362 300 92
0 549.2 342.493 300 92
0 549.2 342.711 300 92
0 549.2 342.845 300 92
0 549.2 343.12 300 92
0 549.2 343.249 300 92
0 549.2 343.424 300 92
0 549.2 343.549 300 92
0 549.2 343.682 300 92
0 549.2 343.903 300 92
0 549.2 344.126 300 92
0 549.2 344.265 300 92
0 549.2 344.394 300 92
0 549.2 344.528 300 92
0 549.2 344.658 300 92
0 549.2 344.868 300 92
0 549.2 345.035 300 92
0 549.2 345.162 300 92
0 549.2 345.31 300 92
0 549.2 345.455 300 92
0 549.2 345.575 300 92
0 549.2 345.699 300 92
0 549.2 345.82 300 92
0 549.2 345.901 300 92
0 549.2 346.063 300 92
0 549.2 346.185 300 92
0 549.2 346.303 300 92
0 549.2 346.443 300 92
0 549.2 346.57 300 92
0 549.2 346.694 300 92
0 549.2 346.825 300 92
0 549.2 346.918 300 92
0 549.2 347.04 300 92
0 549.2 347.163 300 92
0 549.2 347.289 300 92
0 549.2 347.449 300 92
0 549.2 347.605 300 92
0 549.2 347.78 300 92
0 549.2 348.003 300 92
0 549.2 348.129 300 92
0 549.2 348.382 300 92
0 549.2 348.49 300 92
0 549.2 348.801 300 92
0 549.2 348.939 300 92
0 549.2 349.114 300 92
0 549.2 349.243 300 92
0 549.2 349.38 300 92
0 549.2 349.547 300 92
0 549.2 349.691 300 92
0 549.2 349.818 300 92
0 549.2 349.957 300 92
0 549.2 350.099 300 92
0 549.2 350.221 300 92
0 549.2 350.346 300 92
0 549.2 350.514 300 92
0 549.2 350.643 300 92
0 549.2 350.827 300 92
0 549.2 350.97 300 92
0 549.2 351.096 300 92
0 549.2 351.207 300 92
0 549.2 351.32 300 92
0 549.2 351.458 300 92
0 549.2 351.6 300 92
0 549.2 351.714 300 92
0 549.2 351.854 300 92
0 549.2 351.978 300 92
0 549.2 352.114 300 92
0 549.2 352.243 300 92
0 549.2 352.38 300 92
0 549.2 352.541 300 92
0 549.2 352.727 300 92
0 549.2 352.933 300 92
0 549.2 353.06 300 92
0 549.2 353.195 300 92
0 549.2 353.315 300 92
0 549.2 353.466 300 92
0 549.2 353.652 300 92
0 549.2 353.82 300 92
0 549.2 353.956 300 92
0 549.2 354.085 300 92
0 549.2 354.21 300 92
0 549.2 354.386 300 92
0 549.2 354.52 300 92
0 549.2 354.667 300 92
0 549.2 354.883 300 92
0 549.2 355.015 300 92
0 549.2 355.165 300 92
0 549.2 355.395 300 92
0 549.2 355.512 300 92
0 549.2 355.648 300 92
0 549.2 355.779 300 92
0 549.2 355.91 300 92
0 549.2 356.039 300 92
0 549.2 356.165 300 92
0 549.2 356.382 300 92
0 549.2 356.558 300 92
0 549.2 356.739 300 92
0 549.2 356.915 300 92
0 549.2 357.049 300 92
0 549.2 357.177 300 92
0 549.2 357.394 300 92
0 549.2 357.53 300 92
0 549.2 357.671 300 92
0 549.2 357.787 300 92
0 549.2 357.921 300 92
0 549.2 358.008 300 92
0 549.2 358.137 300 92
0 549.2 358.306 300 92
0 549.2 358.391 300 92
0 549.2 358.569 300 92
0 549.2 358.726 300 92
0 549.2 358.9 300 92
0 549.2 359.061 300 92
0 549.2 359.195 300 92
0 549.2 359.281 300 92
0 549.2 359.434 300 92
0 549.2 359.537 300 92
0 549.2 359.662 300 92
0 549.2 359.792 300 92
0 549.2 359.91 300 92
0 549.2 360.035 300 92
0 549.2 360.117 300 92
0 549.2 360.249 300 92
0 549.2 360.356 300 92
0 549.2 360.523 300 92
0 549.2 360.644 300 92
0 549.2 360.786 300 92
0 549.2 360.913 300 92
0 549.2 361.057 300 92
0 549.2 361.242 300 92
0 549.2 361.472 300 92
0 549.2 361.604 300 92
0 549.2 361.701 300 92
0 549.2 361.827 300 92
0 549.2 361.979 300 92
0 549.2 362.064 300 92
0 549.2 362.274 300 92
0 549.2 362.414 300 92
0 549.2 362.557 300 92
0 549.2 362.68 300 92
0 549.2 362.82 300 92
0 549.2 362.949 300 92
0 549.2 363.038 300 92
0 549.2 363.164 300 92
0 549.2 363.289 300 92
0 549.2 363.418 300 92
0 549.2 363.546 300 92
0 549.2 363.76 300 92
0 549.2 363.936 300 92
0 549.2 364.048 300 92
0 549.2 364.183 300 92
0 549.2 364.266 300 92
0 549.2 364.397 300 92
0 549.2 364.527 300 92
0 549.2 364.653 300 92
0 549.2 364.781 300 92
0 549.2 364.907 300 92
0 549.2 365.112 300 92
0 549.2 365.229 300 92
0 549.2 365.343 300 92
0 549.2 365.472 300 92
0 549.2 365.638 300 92
0 549.2 365.771 300 92
0 549.2 365.917 300 92
0 549.2 366.048 300 92
0 549.2 366.194 300 92
0 549.2 366.338 300 92
0 549.2 366.466 300 92
0 549.2 366.595 300 92
0 549.2 366.738 300 92
0 549.2 366.91 300 92
0 549.2 366.994 300 92
0 549.2 367.126 300 92
0 549.2 367.375 300 92
0 549.2 367.508 300 92
0 549.2 367.637 300 92
0 549.2 367.851 300 92
0 549.2 367.975 300 92
0 549.2 368.154 300 92
0 549.2 368.284 300 92
0 549.2 368.471 300 92
0 549.2 368.666 300 92
0 549.2 368.887 300 92
0 549.2 369.014 300 92
0 549.2 369.131 300 92
0 549.2 369.299 300 92
0 549.2 369.435 300 92
0 549.2 369.575 300 92
0 549.2 369.766 300 92
0 549.2 369.898 300 92
0 549.2 370.062 300 92
0 549.2 370.237 300 92
0 549.2 370.449 300 92
0 549.2 370.576 300 92
0 549.2 370.754 300 92
0 549.2 370.882 300 92
0 549.2 371.018 300 92
0 549.2 371.152 300 92
0 549.2 371.28 300 92
0 549.2 371.42 300 92
0 549.2 371.559 300 92
0 549.2 371.687 300 92
0 549.2 371.829 300 92
0 549.2 371.948 300 92
0 549.2 372.042 300 92
0 549.2 372.171 300 92
0 549.2 372.309 300 92
0 549.2 372.463 300 92
0 549.2 372.603 300 92
0 549.2 372.782 300 92
0 549.2 372.907 300 92
0 549.2 373.022 300 92
0 549.2 373.142 300 92
0 549.2 373.233 300 92
0 549.2 373.364 300 92
0 549.2 373.497 300 92
0 549.2 373.685 300 92
0 549.2 373.815 300 92
0 549.2 373.993 300 92
0 549.2 374.254 300 92
0 549.2 374.386 300 92
0 549.2 374.511 300 92
0 549.2 374.654 300 92
0 549.2 374.838 300 92
0 549.2 374.965 300 92
0 549.2 375.134 300 92
0 549.2 375.266 300 92
0 549.2 375.448 300 92
0 549.2 375.578 300 92
0 549.2 375.736 300 92
0 549.2 375.863 300 92
0 549.2 376.027 300 92
0 549.2 376.161 300 92
0 549.2 376.292 300 92
0 549.2 376.426 300 92
0 549.2 376.555 300 92
0 549.2 376.638 300 92
0 549.2 376.788 300 92
0 549.2 376.911 300 92
0 549.2 377.073 300 92
0 549.2 377.201 300 92
0 549.2 377.352 300 92
0 549.2 377.531 300 92
0 549.2 377.624 300 92
0 549.2 377.782 300 92
0 549.2 377.949 300 92
0 549.2 378.048 300 92
0 549.2 378.236 300 92
0 549.2 378.375 300 92
0 549.2 378.505 300 92
0 549.2 378.636 300 92
0 549.2 378.847 300 92
0 549.2 378.962 300 92
0 549.2 379.186 300 92
0 549.2 379.323 300 92
0 549.2 379.418 300 92
0 549.2 379.561 300 92
0 549.2 379.687 300 92
0 549.2 379.819 300 92
0 549.2 380.05 300 92
0 549.2 380.144 300 92
0 549.2 380.273 300 92
0 549.2 380.417 300 92
0 549.2 380.573 300 92
0 549.2 380.709 300 92
0 549.2 380.925 300 92
0 549.2 381.072 300 92
0 549.2 381.269 300 92
0 549.2 381.392 300 92
0 549.2 381.482 300 92
0 549.2 381.689 300 92
0 549.2 381.858 300 92
0 549.2 381.947 300 92
0 549.2 382.084 300 92
0 549.2 382.218 300 92
0 549.2 382.346 300 92
0 549.2 382.497 300 92
0 549.2 382.661 300 92
0 549.2 382.803 300 92
0 549.2 382.928 300 92
0 549.2 383.067 300 92
0 549.2 383.209 300 92
0 549.2 383.421 300 92
0 549.2 383.56 300 92
0 549.2 383.745 300 92
0 549.2 383.905 300 92
0 549.2 384.085 300 92
0 549.2 384.263 300 92
0 549.2 384.413 300 92
0 549.2 384.501 300 92
0 549.2 384.679 300 92
0 549.2 384.849 300 92
0 549.2 384.973 300 92
0 549.2 385.132 300 92
0 549.2 385.276 300 92
0 549.2 385.405 300 92
0 549.2 385.537 300 92
0 549.2 385.688 300 92
0 549.2 385.812 300 92
0 549.2 385.95 300 92
0 549.2 386.084 300 92
0 549.2 386.219 300 92
0 549.2 386.356 300 92
0 549.2 386.499 300 92
0 549.2 386.626 300 92
0 549.2 386.714 300 92
0 549.2 386.874 300 92
0 549.2 386.997 300 92
0 549.2 387.116 300 92
0 549.2 387.251 300 92
0 549.2 387.344 300 92
0 549.2 387.473 300 92
0 549.2 387.682 300 92
0 549.2 387.812 300 92
0 549.2 387.953 300 92
0 549.2 388.082 300 92
0 549.2 388.182 300 92
0 549.2 388.308 300 92
0 549.2 388.429 300 92
0 549.2 388.619 300 92
0 549.2 388.768 300 92
0 549.2 388.975 300 92
0 549.2 389.165 300 92
0 549.2 389.309 300 92
0 549.2 389.518 300 92
0 549.2 389.635 300 92
0 549.2 389.808 300 92
0 549.2 389.956 300 92
0 549.2 390.1 300 92
0 549.2 390.246 300 92
0 549.2 390.343 300 92
0 549.2 390.475 300 92
0 549.2 390.6 300 92
0 549.2 390.747 300 92
0 549.2 390.876 300 92
0 549.2 391.012 300 92
0 549.2 391.155 300 92
0 549.2 391.37 300 92
0 549.2 391.643 300 92
0 549.2 391.777 300 92
0 549.2 391.9 300 92
0 549.2 392.013 300 92
0 549.2 392.134 300 92
0 549.2 392.275 300 92
0 549.2 392.394 300 92
0 549.2 392.524 300 92
0 549.2 392.658 300 92
0 549.2 392.786 300 92
0 549.2 392.985 300 92
0 549.2 393.119 300 92
0 549.2 393.251 300 92
0 549.2 393.386 300 92
0 549.2 393.531 300 92
0 549.2 393.619 300 92
0 549.2 393.789 300 92
0 549.2 393.928 300 92
0 549.2 394.054 300 92
0 549.2 394.188 300 92
0 549.2 394.328 300 92
0 549.2 394.48 300 92
0 549.2 394.591 300 92
0 549.2 394.761 300 92
0 549.2 394.898 300 92
0 549.2 395.039 300 92
0 549.2 395.211 300 92
0 549.2 395.363 300 92
0 549.2 395.493 300 92
0 549.2 395.626 300 92
0 549.2 395.766 300 92
0 549.2 395.9 300 92
0 549.2 396.039 300 92
0 549.2 396.159 300 92
0 549.2 396.299 300 92
0 549.2 396.392 300 92
0 549.2 396.534 300 92
0 549.2 396.664 300 92
0 549.2 396.85 300 92
0 549.2 396.978 300 92
0 549.2 397.111 300 92
0 549.2 397.244 300 92
0 549.2 397.372 300 92
0 549.2 397.506 300 92
0 549.2 397.692 300 92
0 549.2 397.821 300 92
0 549.2 397.964 300 92
0 549.2 398.095 300 92
0 549.2 398.178 300 92
0 549.2 398.311 300 92
0 549.2 398.45 300 92
0 549.2 398.588 300 92
0 549.2 398.78 300 92
0 549.2 398.925 300 92
0 549.2 399.047 300 92
0 549.2 399.177 300 92
0 549.2 399.312 300 92
0 549.2 399.437 300 92
0 549.2 399.575 300 92
0 549.2 399.701 300 92
0 549.2 399.825 300 92
0 549.2 399.968 300 92
0 549.2 400.152 300 92
0 549.2 400.314 300 92
0 549.2 400.451 300 92
0 549.2 400.62 300 92
0 549.2 400.748 300 92
0 549.2 400.96 300 92
0 549.2 401.099 300 92
0 549.2 401.223 300 92
0 549.2 401.373 300 92
0 549.2 401.56 300 92
0 549.2 401.72 300 92
0 549.2 401.897 300 92
0 549.2 402.051 300 92
0 549.2 402.145 300 92
0 549.2 402.341 300 92
0 549.2 402.579 300 92
0 549.2 402.715 300 92
0 549.2 402.839 300 92
0 549.2 403.009 300 92
0 549.2 403.139 300 92
0 549.2 403.333 300 92
0 549.2 403.463 300 92
0 549.2 403.555 300 93
0 549.2 403.658 300 93
0 549.2 403.748 300 93
0 549.2 403.911 300 93
0 549.2 404.013 300 93
0 549.2 404.124 300 93
0 549.2 404.215 300 93
0 549.2 404.412 300 93
0 549.2 404.557 300 93
0 549.2 404.71 300 93
0 549.2 404.858 300 93
0 549.2 404.979 300 93
0 549.2 405.198 300 93
0 549.2 405.285 300 93
0 549.2 405.462 300 93
0 549.2 405.593 300 93
0 549.2 405.724 300 93
0 549.2 405.957 300 93
0 549.2 406.091 300 93
0 549.2 406.32 300 93
0 549.2 406.47 300 93
0 549.2 406.649 300 93
0 549.2 406.782 300 93
0 549.2 406.948 300 93
0 549.2 407.077 300 93
0 549.2 407.203 300 93
0 549.2 407.334 300 93
0 549.2 407.558 300 93
0 549.2 407.691 300 93
0 549.2 407.849 300 93
0 549.2 408.009 300 93
0 549.2 408.127 300 93
0 549.2 408.269 300 93
0 549.2 408.405 300 93
0 549.2 408.537 300 93
0 549.2 408.633 300 93
0 549.2 408.82 300 93
0 549.2 409.031 300 93
0 549.2 409.28 300 93
0 549.2 409.456 300 93
0 549.2 409.674 300 93
0 549.2 409.86 300 93
0 549.2 409.993 300 93
0 549.2 410.168 300 93
0 549.2 410.334 300 93
0 549.2 410.455 300 93
0 549.2 410.638 300 93
0 549.2 410.804 300 93
0 549.2 410.94 300 93
0 549.2 411.11 300 93
0 549.2 411.25 300 93
0 549.2 411.4 300 93
0 549.2 411.582 300 93
0 549.2 411.73 300 93
0 549.2 411.882 300 93
0 549.2 412.027 300 93
0 549.2 412.161 300 93
0 549.2 412.282 300 93
0 549.2 412.383 300 93
0 549.2 412.522 300 93
0 549.2 412.659 300 93
0 549.2 412.844 300 93
0 549.2 412.971 300 93
0 549.2 413.11 300 93
0 549.2 413.239 300 93
0 549.2 413.392 300 93
0 549.2 413.544 300 93
0 549.2 413.673 300 93
0 549.2 413.823 300 93
0 549.2 413.954 300 93
0 549.2 414.131 300 93
0 549.2 414.272 300 93
0 549.2 414.43 300 93
0 549.2 414.564 300 93
0 549.2 414.689 300 93
0 549.2 414.834 300 93
0 549.2 414.99 300 93
0 549.2 415.11 300 93
0 549.2 415.238 300 93
0 549.2 415.405 300 93
0 549.2 415.532 300 93
0 549.2 415.659 300 93
0 549.2 415.84 300 93
0 549.2 415.972 300 93
0 549.2 416.106 300 93
0 549.2 416.233 300 93
0 549.2 416.381 300 93
0 549.2 416.701 300 93
0 549.2 416.851 300 93
0 549.2 417.006 300 93
0 549.2 417.129 300 93
0 549.2 417.271 300 93
0 549.2 417.481 300 93
0 549.2 417.609 300 93
0 549.2 417.748 300 93
0 549.2 417.879 300 93
0 549.2 418.018 300 93
0 549.2 418.143 300 93
0 549.2 418.281 300 93
0 549.2 418.419 300 93
0 549.2 418.563 300 93
0 549.2 418.706 300 93
0 549.2 418.846 300 93
0 549.2 418.987 300 93
0 549.2 419.129 300 93
0 549.2 419.355 300 93
0 549.2 419.584 300 93
0 549.2 419.736 300 93
0 549.2 419.877 300 93
0 549.2 420.005 300 93
0 549.2 420.154 300 93
0 549.2 420.287 300 93
0 549.2 420.487 300 93
0 549.2 420.65 300 93
0 549.2 420.844 300 93
0 549.2 420.969 300 93
0 549.2 421.195 300 93
0 549.2 421.331 300 93
0 549.2 421.479 300 93
0 549.2 421.614 300 93
0 549.2 421.755 300 93
0 549.2 421.932 300 93
0 549.2 422.082 300 93
0 549.2 422.214 300 93
0 549.2 422.364 300 93
0 549.2 422.54 300 93
0 549.2 422.665 300 93
0 549.2 422.802 300 93
0 549.2 422.95 300 93
0 549.2 423.102 300 93
0 549.2 423.246 300 93
0 549.2 423.389 300 93
0 549.2 423.645 300 93
0 549.2 423.837 300 93
0 549.2 423.965 300 93
0 549.2 424.168 300 93
0 549.2 424.402 300 93
0 549.2 424.537 300 93
0 549.2 424.633 300 93
0 549.2 424.804 300 93
0 549.2 424.95 300 93
0 549.2 425.098 300 93
0 549.2 425.237 300 93
0 549.2 425.391 300 93
0 549.2 425.523 300 93
0 549.2 425.786 300 93
0 549.2 425.949 300 93
0 549.2 426.106 300 93
0 549.2 426.248 300 93
0 549.2 426.378 300 93
0 549.2 426.638 300 93
0 549.2 426.781 300 93
0 549.2 426.929 300 93
0 549.2 427.066 300 93
0 549.2 427.158 300 93
0 549.2 427.296 300 93
0 549.2 427.443 300 93
0 549.2 427.592 300 93
0 549.2 427.732 300 93
0 549.2 427.868 300 93
0 549.2 428.045 300 93
0 549.2 428.184 300 93
0 549.2 428.345 300 93
0 549.2 428.495 300 93
0 549.2 428.696 300 93
0 549.2 428.837 300 93
0 549.2 428.979 300 93
0 549.2 429.178 300 93
0 549.2 429.346 300 93
0 549.2 429.489 300 93
0 549.2 429.62 300 93
0 549.2 429.76 300 93
0 549.2 429.895 300 93
0 549.2 430.022 300 93
0 549.2 430.161 300 93
0 549.2 430.319 300 93
0 549.2 430.455 300 93
0 549.2 430.587 300 93
0 549.2 430.734 300 93
0 549.2 430.931 300 93
0 549.2 431.068 300 93
0 549.2 431.206 300 93
0 549.2 431.384 300 93
0 549.2 431.523 300 93
0 549.2 431.675 300 93
0 549.2 431.821 300 93
0 549.2 431.967 300 93
0 549.2 432.185 300 93
0 549.2 432.31 300 93
0 549.2 432.398 300 93
0 549.2 432.534 300 93
0 549.2 432.734 300 93
0 549.2 432.926 300 93
0 549.2 433.065 300 93
0 549.2 433.235 300 93
0 549.2 433.365 300 93
0 549.2 433.557 300 93
0 549.2 433.657 300 93
0 549.2 433.812 300 93
0 549.2 433.953 300 93
0 549.2 434.096 300 93
0 549.2 434.217 300 93
0 549.2 434.35 300 93
0 549.2 434.485 300 93
0 549.2 434.624 300 93
0 549.2 434.774 300 93
0 549.2 434.897 300 93
0 549.2 435.086 300 93
0 549.2 435.229 300 93
0 549.2 435.374 300 93
0 549.2 435.467 300 93
0 549.2 435.573 300 93
0 549.2 435.712 300 93
0 549.2 435.858 300 93
0 549.2 435.996 300 93
0 549.2 436.133 300 93
0 549.2 436.278 300 93
0 549.2 436.452 300 93
0 549.2 436.631 300 93
0 549.2 436.779 300 93
0 549.2 436.945 300 93
0 549.2 437.118 300 93
0 549.2 437.257 300 93
0 549.2 437.382 300 93
0 549.2 437.51 300 93
0 549.2 437.758 300 93
0 549.2 437.897 300 93
0 549.2 438.048 300 93
0 549.2 438.179 300 93
0 549.2 438.294 300 93
0 549.2 438.462 300 93
0 549.2 438.585 300 93
0 549.2 438.804 300 93
0 549.2 438.938 300 93
0 549.2 439.074 300 93
0 549.2 439.215 300 93
0 549.2 439.306 300 93
0 549.2 439.444 300 93
0 549.2 439.58 300 93
0 549.2 439.712 300 93
0 549.2 439.937 300 93
0 549.2 440.088 300 93
0 549.2 440.227 300 93
0 549.2 440.341 300 93
0 549.2 440.531 300 93
0 549.2 440.653 300 93
0 549.2 440.793 300 93
0 549.2 440.975 300 93
0 549.2 441.112 300 93
0 549.2 441.231 300 93
0 549.2 441.377 300 93
0 549.2 441.536 300 93
0 549.2 441.666 300 93
0 549.2 441.854 300 93
0 549.2 442.001 300 93
0 549.2 442.245 300 93
0 549.2 442.372 300 93
0 549.2 442.549 300 93
0 549.2 442.69 300 93
0 549.2 442.825 300 93
0 549.2 443.055 300 93
0 549.2 443.21 300 93
0 549.2 443.4 300 93
0 549.2 443.554 300 93
0 549.2 443.684 300 93
0 549.2 443.928 300 93
0 549.2 444.058 300 93
0 549.2 444.209 300 93
0 549.2 444.355 300 93
0 549.2 444.493 300 93
0 549.2 444.642 300 93
0 549.2 444.769 300 93
0 549.2 444.894 300 93
0 549.2 445.218 300 93
0 549.2 445.362 300 93
0 549.2 445.516 300 93
0 549.2 445.651 300 93
0 549.2 445.825 300 93
0 549.2 445.952 300 93
0 549.2 446.092 300 93
0 549.2 446.233 300 93
0 549.2 446.326 300 93
0 549.2 446.414 300 93
0 549.2 446.584 300 93
0 549.2 446.7 300 93
0 549.2 446.841 300 93
0 549.2 446.967 300 93
0 549.2 447.143 300 93
0 549.2 447.271 300 93
0 549.2 447.391 300 93
0 549.2 447.537 300 93
0 549.2 447.662 300 93
0 549.2 447.79 300 93
0 549.2 447.92 300 93
0 549.2 448.057 300 93
0 549.2 448.238 300 93
0 549.2 448.383 300 93
0 549.2 448.735 300 93
0 549.2 448.881 300 93
0 549.2 448.987 300 93
0 549.2 449.087 300 93
0 549.2 449.264 300 93
0 549.2 449.453 300 93
0 549.2 449.592 300 93
0 549.2 449.771 300 93
0 549.2 449.895 300 93
0 549.2 450.037 300 93
0 549.2 450.195 300 93
0 549.2 450.422 300 93
0 549.2 450.57 300 93
0 549.2 450.77 300 93
0 549.2 450.923 300 93
0 549.2 451.07 300 93
0 549.2 451.173 300 93
0 549.2 451.26 300 93
0 549.2 451.36 300 93
0 549.2 451.446 300 93
0 549.2 451.553 300 93
0 549.2 451.695 300 93
0 549.2 451.892 300 93
0 549.2 452.035 300 93
0 549.2 452.16 300 93
0 549.2 452.34 300 93
0 549.2 452.487 300 93
0 549.2 452.672 300 93
0 549.2 452.886 300 93
0 549.2 453.01 300 93
0 549.2 453.248 300 93
0 549.2 453.348 300 93
0 549.2 453.491 300 93
0 549.2 453.685 300 93
0 549.2 453.847 300 93
0 549.2 454.006 300 93
0 549.2 454.214 300 93
0 549.2 454.392 300 93
0 549.2 454.526 300 93
0 549.2 454.681 300 93
0 549.2 454.873 300 93
0 549.2 455.024 300 93
0 549.2 455.167 300 93
0 549.2 455.353 300 93
0 549.2 455.602 300 93
0 549.2 455.746 300 93
0 549.2 455.918 300 93
0 549.2 456.049 300 93
0 549.2 456.194 300 93
0 549.2 456.391 300 93
0 549.2 456.516 300 93
0 549.2 456.651 300 93
0 549.2 456.781 300 93
0 549.2 457.016 300 93
0 549.2 457.111 300 93
0 549.2 457.405 300 93
0 549.2 457.54 300 93
0 549.2 457.769 300 93
0 549.2 457.91 300 93
0 549.2 458.049 300 93
0 549.2 458.181 300 93
0 549.2 458.364 300 93
0 549.2 458.504 300 93
0 549.2 458.642 300 93
0 549.2 458.821 300 93
0 549.2 458.957 300 93
0 549.2 459.111 300 93
0 549.2 459.287 300 93
0 549.2 459.409 300 93
0 549.2 459.567 300 93
0 549.2 459.768 300 93
0 549.2 459.906 300 93
0 549.2 460.032 300 93
0 549.2 460.171 300 93
0 549.2 460.368 300 93
0 549.2 460.551 300 93
0 549.2 460.702 300 93
0 549.2 460.87 300 93
0 549.2 460.983 300 93
0 549.2 461.194 300 93
0 549.2 461.38 300 93
0 549.2 461.509 300 93
0 549.2 461.666 300 93
0 549.2 461.757 300 93
0 549.2 461.921 300 93
0 549.2 462.095 300 93
0 549.2 462.272 300 93
0 549.2 462.42 300 93
0 549.2 462.615 300 93
0 549.2 462.823 300 93
0 549.2 462.98 300 93
0 549.2 463.116 300 93
0 549.2 463.321 300 93
0 549.2 463.416 300 93
0 549.2 463.554 300 93
0 549.2 463.709 300 93
0 549.2 463.847 300 93
0 549.2 463.988 300 93
0 549.2 464.117 300 93
0 549.2 464.259 300 93
0 549.2 464.388 300 93
0 549.2 464.643 300 93
0 549.2 464.769 300 93
0 549.2 464.916 300 93
0 549.2 465.11 300 93
0 549.2 465.246 300 93
0 549.2 465.372 300 93
0 549.2 465.514 300 93
0 549.2 465.635 300 93
0 549.2 465.733 300 93
0 549.2 465.88 300 93
0 549.2 466.018 300 93
0 549.2 466.141 300 93
0 549.2 466.284 300 93
0 549.2 466.426 300 93
0 549.2 466.589 300 93
0 549.2 466.712 300 93
0 549.2 466.87 300 93
0 549.2 467.048 300 93
0 549.2 467.232 300 93
0 549.2 467.42 300 93
0 549.2 467.549 300 93
0 549.2 467.681 300 93
0 549.2 467.826 300 93
0 549.2 467.956 300 93
0 549.2 468.098 300 93
0 549.2 468.186 300 93
0 549.2 468.37 300 93
0 549.2 468.516 300 93
0 549.2 468.753 300 93
0 549.2 468.847 300 93
0 549.2 469.005 300 93
0 549.2 469.175 300 93
0 549.2 469.315 300 93
0 549.2 469.544 300 93
0 549.2 469.683 300 93
0 549.2 469.829 300 93
0 549.2 470.04 300 93
0 549.2 470.222 300 93
0 549.2 470.359 300 93
0 549.2 470.539 300 93
0 549.2 470.726 300 93
0 549.2 470.865 300 93
0 549.2 470.967 300 93
0 549.2 471.115 300 93
0 549.2 471.34 300 93
0 549.2 471.462 300 93
0 549.2 471.599 300 93
0 549.2 471.738 300 93
0 549.2 471.919 300 93
0 549.2 472.05 300 93
0 549.2 472.184 300 93
0 549.2 472.323 300 93
0 549.2 472.551 300 93
0 549.2 472.712 300 93
0 549.2 472.863 300 93
0 549.2 473.046 300 93
0 549.2 473.195 300 93
0 549.2 473.344 300 93
0 549.2 473.481 300 93
0 549.2 473.634 300 93
0 549.2 473.845 300 93
0 549.2 473.994 300 93
0 549.2 474.14 300 93
0 549.2 474.285 300 93
0 549.2 474.371 300 93
0 549.2 474.497 300 93
0 549.2 474.625 300 93
0 549.2 474.761 300 93
0 549.2 474.894 300 93
0 549.2 475.048 300 93
0 549.2 475.224 300 93
0 549.2 475.366 300 93
0 549.2 475.515 300 93
0 549.2 475.745 300 93
0 549.2 475.931 300 93
0 549.2 476.054 300 93
0 549.2 476.199 300 93
0 549.2 476.39 300 93
0 549.2 476.518 300 93
0 549.2 476.647 300 93
0 549.2 476.786 300 93
0 549.2 476.934 300 93
0 549.2 477.122 300 93
0 549.2 477.263 300 93
0 549.2 477.344 300 93
0 549.2 477.49 300 93
0 549.2 477.63 300 93
0 549.2 477.776 300 93
0 549.2 477.913 300 93
0 549.2 478.03 300 93
0 549.2 478.213 300 93
0 549.2 478.34 300 93
0 549.2 478.527 300 93
0 549.2 478.673 300 93
0 549.2 478.81 300 93
0 549.2 478.934 300 93
0 549.2 479.078 300 93
0 549.2 479.22 300 93
0 549.2 479.372 300 93
0 549.2 479.554 300 93
0 549.2 479.743 300 93
0 549.2 479.882 300 93
0 549.2 480.07 300 93
0 549.2 480.216 300 93
0 549.2 480.336 300 93
0 549.2 480.556 300 93
0 549.2 480.698 300 93
0 549.2 480.945 300 93
0 549.2 481.075 300 93
0 549.2 481.3 300 93
0 549.2 481.42 300 93
0 549.2 481.686 300 93
0 549.2 481.81 300 93
0 549.2 481.951 300 93
0 549.2 482.083 300 93
0 549.2 482.179 300 93
0 549.2 482.27 300 93
0 549.2 482.398 300 93
0 549.2 482.531 300 93
0 549.2 482.659 300 93
0 549.2 482.814 300 93
0 549.2 482.972 300 93
0 549.2 483.132 300 93
0 549.2 483.31 300 93
0 549.2 483.438 300 93
0 549.2 483.621 300 93
0 549.2 483.79 300 93
0 549.2 484.034 300 93
0 549.2 484.114 300 93
0 549.2 484.334 300 93
0 549.2 484.414 300 93
0 549.2 484.567 300 93
0 549.2 484.707 300 93
0 549.2 484.94 300 93
0 549.2 485.083 300 93
0 549.2 485.217 300 93
0 549.2 485.344 300 93
0 549.2 485.493 300 93
0 549.2 485.634 300 93
0 549.2 485.804 300 93
0 549.2 485.964 300 93
0 549.2 486.118 300 93
0 549.2 486.279 300 93
0 549.2 486.437 300 93
0 549.2 486.581 300 93
0 549.2 486.792 300 93
0 549.2 486.973 300 93
0 549.2 487.106 300 93
0 549.2 487.426 300 93
0 549.2 487.571 300 93
0 549.2 487.709 300 93
0 549.2 487.838 300 93
0 549.2 487.988 300 93
0 549.2 488.132 300 93
0 549.2 488.276 300 93
0 549.2 488.493 300 93
0 549.2 488.657 300 93
0 549.2 488.827 300 93
0 549.2 488.983 300 93
0 549.2 489.122 300 93
0 549.2 489.354 300 93
0 549.2 489.482 300 93
0 549.2 489.623 300 93
0 549.2 489.757 300 93
0 549.2 489.888 300 93
0 549.2 490.032 300 93
0 549.2 490.172 300 93
0 549.2 490.316 300 93
0 549.2 490.508 300 93
0 549.2 490.712 300 93
0 549.2 490.871 300 93
0 549.2 491.066 300 93
0 549.2 491.205 300 93
0 549.2 491.359 300 93
0 549.2 491.49 300 93
0 549.2 491.639 300 93
0 549.2 491.768 300 93
0 549.2 491.908 300 93
0 549.2 492.054 300 93
0 549.2 492.247 300 93
0 549.2 492.375 300 93
0 549.2 492.503 300 93
0 549.2 492.718 300 93
0 549.2 492.865 300 93
0 549.2 493.012 300 93
0 549.2 493.147 300 93
0 549.2 493.316 300 93
0 549.2 493.446 300 93
0 549.2 493.59 300 93
0 549.2 493.716 300 93
0 549.2 493.883 300 93
0 549.2 494.009 300 93
0 549.2 494.236 300 93
0 549.2 494.372 300 93
0 549.2 494.597 300 93
0 549.2 494.755 300 93
0 549.2 494.841 300 93
0 549.2 494.976 300 93
0 549.2 495.239 300 93
0 549.2 495.371 300 93
0 549.2 495.549 300 93
0 549.2 495.691 300 93
0 549.2 495.867 300 93
0 549.2 496.101 300 93
0 549.2 496.258 300 93
0 549.2 496.388 300 93
0 549.2 496.525 300 93
0 549.2 496.685 300 93
0 549.2 496.821 300 93
0 549.2 496.95 300 93
0 549.2 497.161 300 93
0 549.2 497.339 300 93
0 549.2 497.49 300 93
0 549.2 497.62 300 93
0 549.2 497.78 300 93
0 549.2 497.964 300 93
0 549.2 498.045 300 93
0 549.2 498.183 300 93
0 549.2 498.316 300 93
0 549.2 498.49 300 93
0 549.2 498.589 300 93
0 549.2 498.715 300 93
0 549.2 498.837 300 93
0 549.2 498.977 300 93
0 549.2 499.123 300 93
0 549.2 499.256 300 93
0 549.2 499.366 300 93
0 549.2 499.635 300 93
0 549.2 499.734 300 93
0 549.2 499.865 300 93
0 549.2 499.996 300 93
0 549.2 500.132 300 93
0 549.2 500.272 300 93
0 549.2 500.465 300 93
0 549.2 500.608 300 93
0 549.2 500.759 300 93
0 549.2 500.882 300 93
0 549.2 501.038 300 93
0 549.2 501.164 300 93
0 549.2 501.293 300 93
0 549.2 501.513 300 93
0 549.2 501.741 300 93
0 549.2 501.868 300 93
0 549.2 502.054 300 93
0 549.2 502.182 300 93
0 549.2 502.313 300 93
0 549.2 502.495 300 93
0 549.2 502.623 300 93
0 549.2 502.75 300 93
0 549.2 502.872 300 93
0 549.2 503.053 300 93
0 549.2 503.231 300 93
0 549.2 503.416 300 93
0 549.2 503.547 300 93
0 549.2 503.709 300 93
0 549.2 503.856 300 93
0 549.2 503.988 300 93
0 549.2 504.11 300 93
0 549.2 504.336 300 93
0 549.2 504.424 300 93
0 549.2 504.562 300 93
0 549.2 504.694 300 93
0 549.2 504.826 300 93
0 549.2 505.01 300 93
0 549.2 505.138 300 93
0 549.2 505.269 300 93
0 549.2 505.396 300 93
0 549.2 505.577 300 93
0 549.2 505.704 300 93
0 549.2 505.855 300 93
0 549.2 505.993 300 93
0 549.2 506.146 300 93
0 549.2 506.327 300 93
0 549.2 506.542 300 93
0 549.2 506.672 300 93
0 549.2 506.817 300 93
0 549.2 506.934 300 93
0 549.2 507.058 300 93
0 549.2 507.156 300 93
0 549.2 507.294 300 93
0 549.2 507.421 300 93
0 549.2 507.638 300 93
0 549.2 507.797 300 93
0 549.2 508.021 300 93
0 549.2 508.166 300 93
0 549.2 508.336 300 93
0 549.2 508.475 300 93
0 549.2 508.597 300 93
0 549.2 508.781 300 93
0 549.2 508.925 300 93
0 549.2 509.069 300 93
0 549.2 509.207 300 93
0 549.2 509.376 300 93
0 549.2 509.51 300 93
0 549.2 509.647 300 93
0 549.2 509.789 300 93
0 549.2 509.921 300 93
0 549.2 510.084 300 93
0 549.2 510.23 300 93
0 549.2 510.38 300 93
0 549.2 510.551 300 93
0 549.2 510.689 300 93
0 549.2 510.816 300 93
0 549.2 510.99 300 93
0 549.2 511.214 300 93
0 549.2 511.356 300 93
0 549.2 511.428 300 93
0 549.2 511.576 300 93
0 549.2 511.696 300 93
0 549.2 511.88 300 93
0 549.2 512.017 300 93
0 549.2 512.146 300 93
0 549.2 512.267 300 93
0 549.2 512.4 300 93
0 549.2 512.547 300 93
0 549.2 512.697 300 93
0 549.2 512.834 300 93
0 549.2 513.056 300 93
0 549.2 513.219 300 93
0 549.2 513.349 300 93
0 549.2 513.495 300 93
0 549.2 513.64 300 93
0 549.2 513.866 300 93
0 549.2 514.007 300 93
0 549.2 514.148 300 93
0 549.2 514.276 300 93
0 549.2 514.507 300 93
0 549.2 514.649 300 93
0 549.2 514.827 300 93
0 549.2 514.965 300 93
0 549.2 515.07 300 93
0 549.2 515.21 300 93
0 549.2 515.363 300 93
0 549.2 515.501 300 93
0 549.2 515.695 300 93
0 549.2 515.839 300 93
0 549.2 515.969 300 93
0 549.2 516.145 300 93
0 549.2 516.268 300 93
0 549.2 516.406 300 93
0 549.2 516.611 300 93
0 549.2 516.757 300 93
0 549.2 516.886 300 93
0 549.2 517.02 300 93
0 549.2 517.158 300 93
0 549.2 517.302 300 93
0 549.2 517.481 300 93
0 549.2 517.605 300 93
0 549.2 517.748 300 93
0 549.2 517.961 300 93
0 549.2 518.102 300 93
0 549.2 518.244 300 93
0 549.2 518.449 300 93
0 549.2 518.567 300 93
0 549.2 518.76 300 93
0 549.2 518.992 300 93
0 549.2 519.134 300 93
0 549.2 519.34 300 93
0 549.2 519.467 300 93
0 549.2 519.612 300 93
0 549.2 519.751 300 93
0 549.2 519.875 300 93
0 549.2 519.998 300 93
0 549.2 520.123 300 93
0 549.2 520.329 300 93
0 549.2 520.458 300 93
0 549.2 520.649 300 93
0 549.2 520.825 300 93
0 549.2 520.957 300 93
0 549.2 521.069 300 93
0 549.2 521.2 300 93
0 549.2 521.338 300 93
0 549.2 521.633 300 93
0 549.2 521.771 300 93
0 549.2 521.902 300 93
0 549.2 522.047 300 93
0 549.2 522.212 300 93
0 549.2 522.396 300 93
0 549.2 522.545 300 93
0 549.2 522.689 300 93
0 549.2 522.853 300 93
0 549.2 522.975 300 93
0 549.2 523.096 300 93
0 549.2 523.338 300 93
0 549.2 523.52 300 93
0 549.2 523.645 300 93
0 549.2 523.815 300 93
0 549.2 524.037 300 93
0 549.2 524.159 300 93
0 549.2 524.297 300 93
0 549.2 524.437 300 93
0 549.2 524.582 300 93
0 549.2 524.708 300 93
0 549.2 524.9 300 93
0 549.2 525.045 300 93
0 549.2 525.169 300 93
0 549.2 525.302 300 93
0 549.2 525.415 300 93
0 549.2 525.562 300 93
0 549.2 525.701 300 93
0 549.2 525.833 300 93
0 549.2 525.957 300 93
0 549.2 526.147 300 93
0 549.2 526.275 300 93
0 549.2 526.434 300 93
0 549.2 526.684 300 93
0 549.2 526.818 300 93
0 549.2 526.945 300 93
0 549.2 527.084 300 93
0 549.2 527.22 300 93
0 549.2 527.347 300 93
0 549.2 527.534 300 93
0 549.2 527.668 300 93
0 549.2 527.799 300 93
0 549.2 527.899 300 93
0 549.2 528.094 300 93
0 549.2 528.317 300 93
0 549.2 528.544 300 93
0 549.2 528.675 300 93
0 549.2 528.796 300 93
0 549.2 528.877 300 93
0 549.2 528.971 300 93
0 549.2 529.117 300 93
0 549.2 529.237 300 93
0 549.2 529.387 300 93
0 549.2 529.508 300 93
0 549.2 529.652 300 93
0 549.2 529.778 300 93
0 549.2 529.88 300 93
0 549.2 530.022 300 93
0 549.2 530.172 300 93
0 549.2 530.329 300 93
0 549.2 530.442 300 93
0 549.2 530.586 300 93
0 549.2 530.808 300 93
0 549.2 530.923 300 93
0 549.2 531.064 300 93
0 549.2 531.205 300 93
0 549.2 531.371 300 93
0 549.2 531.494 300 93
0 549.2 531.627 300 93
0 549.2 531.756 300 93
0 549.2 531.938 300 93
0 549.2 532.06 300 93
0 549.2 532.239 300 93
0 549.2 532.367 300 93
0 549.2 532.493 300 93
0 549.2 532.668 300 93
0 549.2 532.857 300 93
0 549.2 532.933 300 93
0 549.2 533.16 300 93
0 549.2 533.345 300 93
0 549.2 533.471 300 93
0 549.2 533.601 300 93
0 549.2 533.731 300 93
0 549.2 533.865 300 93
0 549.2 534.004 300 93
0 549.2 534.197 300 93
0 549.2 534.351 300 93
0 549.2 534.526 300 93
0 549.2 534.687 300 93
0 549.2 534.856 300 93
0 549.2 535.071 300 93
0 549.2 535.205 300 93
0 549.2 535.351 300 93
0 549.2 535.668 300 93
0 549.2 535.843 300 93
0 549.2 535.976 300 93
0 549.2 536.114 300 93
0 549.2 536.248 300 93
0 549.2 536.455 300 93
0 549.2 536.579 300 93
0 549.2 536.708 300 93
0 549.2 536.838 300 93
0 549.2 536.975 300 93
0 549.2 537.067 300 93
0 549.2 537.195 300 93
0 549.2 537.329 300 93
0 549.2 537.47 300 93
0 549.2 537.619 300 93
0 549.2 537.754 300 93
0 549.2 537.972 300 93
0 549.2 538.144 300 93
0 549.2 538.275 300 93
0 549.2 538.421 300 93
0 549.2 538.615 300 93
0 549.2 538.744 300 93
0 549.2 538.936 300 93
0 549.2 539.067 300 93
0 549.2 539.198 300 93
0 549.2 539.328 300 93
0 549.2 539.461 300 93
0 549.2 539.652 300 93
0 549.2 539.777 300 93
0 549.2 539.921 300 93
0 549.2 540.061 300 93
0 549.2 540.227 300 93
0 549.2 540.366 300 93
0 549.2 540.571 300 93
0 549.2 540.706 300 93
0 549.2 540.914 300 93
0 549.2 541.084 300 93
0 549.2 541.252 300 93
0 549.2 541.375 300 93
0 549.2 541.501 300 93
0 549.2 541.609 300 93
0 549.2 541.812 300 93
0 549.2 541.939 300 93
0 549.2 542.069 300 93
0 549.2 542.253 300 93
0 549.2 542.439 300 93
0 549.2 542.575 300 93
0 549.2 542.711 300 93
0 549.2 542.85 300 93
0 549.2 542.99 300 93
0 549.2 543.125 300 93
0 549.2 543.263 300 93
0 549.2 543.413 300 93
0 549.2 543.617 300 93
0 549.2 543.798 300 93
0 549.2 543.942 300 93
0 549.2 544.071 300 93
0 549.2 544.296 300 93
0 549.2 544.47 300 93
0 549.2 544.609 300 93
0 549.2 544.748 300 93
0 549.2 544.887 300 93
0 549.2 545.016 300 93
0 549.2 545.144 300 93
0 549.2 545.289 300 93
0 549.2 545.435 300 93
0 549.2 545.623 300 93
0 549.2 545.753 300 93
0 549.2 545.884 300 93
0 549.2 546.022 300 93
0 549.2 546.167 300 93
0 549.2 546.295 300 93
0 549.2 546.473 300 93
0 549.2 546.637 300 93
0 549.2 546.827 300 93
0 549.2 547.052 300 93
0 549.2 547.18 300 93
0 549.2 547.307 300 93
0 549.2 547.461 300 93
0 549.2 547.558 300 93
0 549.2 547.69 300 93
0 549.2 547.83 300 93
0 549.2 547.955 300 93
0 549.2 548.093 300 93
0 549.2 548.32 300 93
0 549.2 548.454 300 93
0 549.2 548.586 300 93
0 549.2 548.715 300 93
0 549.2 548.854 300 93
0 549.2 549.002 300 93
0 549.2 549.143 300 93
0 549.2 549.265 300 93
0 549.2 549.432 300 93
0 549.2 549.562 300 93
0 549.2 549.703 300 93
0 549.2 549.831 300 93
0 549.2 550.093 300 93
0 549.2 550.211 300 93
0 549.2 550.398 300 93
0 549.2 550.535 300 93
0 549.2 550.71 300 93
0 549.2 550.827 300 93
0 549.2 550.994 300 93
0 549.2 551.14 300 93
0 549.2 551.263 300 93
0 549.2 551.401 300 93
0 549.2 551.547 300 93
0 549.2 551.721 300 93
0 549.2 551.839 300 93
0 549.2 551.97 300 93
0 549.2 552.152 300 93
0 549.2 552.28 300 93
0 549.2 552.421 300 93
0 549.2 552.544 300 93
0 549.2 552.692 300 93
0 549.2 552.877 300 93
0 549.2 553.098 300 93
0 549.2 553.261 300 93
0 549.2 553.34 300 93
0 549.2 553.483 300 93
0 549.2 553.632 300 93
0 549.2 553.766 300 93
0 549.2 554.077 300 93
0 549.2 554.368 300 93
0 549.2 554.495 300 93
0 549.2 554.679 300 93
0 549.2 554.875 300 93
0 549.2 555.019 300 93
0 549.2 555.151 300 93
0 549.2 555.305 300 93
0 549.2 555.51 300 93
0 549.2 555.625 300 93
0 549.2 555.755 300 93
0 549.2 555.901 300 93
0 549.2 556.017 300 93
0 549.2 556.156 300 93
0 549.2 556.333 300 93
0 549.2 556.467 300 93
0 549.2 556.649 300 93
0 549.2 556.823 300 93
0 549.2 556.952 300 93
0 549.2 557.103 300 93
0 549.2 557.322 300 93
0 549.2 557.499 300 93
0 549.2 557.597 300 93
0 549.2 557.877 300 93
0 549.2 558.065 300 93
0 549.2 558.21 300 93
0 549.2 558.354 300 93
0 549.2 558.491 300 93
0 549.2 558.633 300 93
0 549.2 558.781 300 93
0 549.2 558.921 300 93
0 549.2 559.048 300 93
0 549.2 559.176 300 93
0 549.2 559.292 300 93
0 549.2 559.407 300 93
0 549.2 559.603 300 93
0 549.2 559.736 300 93
0 549.2 559.877 300 93
0 549.2 560.011 300 93
0 549.2 560.242 300 93
0 549.2 560.378 300 93
0 549.2 560.511 300 93
0 549.2 560.639 300 93
0 549.2 560.796 300 93
0 549.2 561.015 300 93
0 549.2 561.224 300 93
0 549.2 561.372 300 93
0 549.2 561.515 300 93
0 549.2 561.787 300 93
0 549.2 561.888 300 93
0 549.2 562.053 300 93
0 549.2 562.27 300 93
0 549.2 562.403 300 93
0 549.2 562.535 300 93
0 549.2 562.671 300 93
0 549.2 562.987 300 93
0 549.2 563.111 300 93
0 549.2 563.263 300 93
0 549.2 563.408 300 93
0 549.2 563.552 300 93
0 549.2 563.669 300 93
0 549.2 563.803 300 93
0 549.2 563.931 300 93
0 549.2 564.1 300 93
0 549.2 564.231 300 93
0 549.2 564.36 300 93
0 549.2 564.673 300 93
0 549.2 564.935 300 93
0 549.2 565.077 300 93
0 549.2 565.19 300 93
0 549.2 565.315 300 93
0 549.2 565.427 300 93
0 549.2 565.522 300 93
0 549.2 565.662 300 93
0 549.2 565.808 300 93
0 549.2 565.982 300 93
0 549.2 566.111 300 93
0 549.2 566.29 300 93
0 549.2 566.481 300 93
0 549.2 566.608 300 93
0 549.2 566.795 300 93
0 549.2 566.942 300 93
0 549.2 567.058 300 93
0 549.2 567.194 300 93
0 549.2 567.315 300 93
0 549.2 567.458 300 93
0 549.2 567.603 300 93
0 549.2 567.73 300 93
0 549.2 567.877 300 93
0 549.2 568.007 300 93
0 549.2 568.19 300 93
0 549.2 568.367 300 93
0 549.2 568.532 300 93
0 549.2 568.675 300 93
0 549.2 568.902 300 93
0 549.2 569.042 300 93
0 549.2 569.172 300 93
0 549.2 569.306 300 93
0 549.2 569.45 300 93
0 549.2 569.581 300 93
0 549.2 569.714 300 93
0 549.2 570.025 300 93
0 549.2 570.125 300 93
0 549.2 570.263 300 93
0 549.2 570.523 300 93
0 549.2 570.697 300 93
0 549.2 570.835 300 93
0 549.2 570.983 300 93
0 549.2 571.111 300 93
0 549.2 571.337 300 93
0 549.2 571.509 300 93
0 549.2 571.666 300 93
0 549.2 571.804 300 93
0 549.2 571.935 300 93
0 549.2 572.108 300 93
0 549.2 572.222 300 93
0 549.2 572.368 300 93
0 549.2 572.586 300 93
0 549.2 572.723 300 93
0 549.2 572.867 300 93
0 549.2 572.999 300 93
0 549.2 573.134 300 93
0 549.2 573.26 300 93
0 549.2 573.404 300 93
0 549.2 573.514 300 93
0 549.2 573.588 300 93
0 549.2 573.68 300 93
0 549.2 573.77 300 93
0 549.2 573.864 300 93
0 549.2 573.95 300 93
0 549.2 574.071 300 93
0 549.2 574.192 300 93
0 549.2 574.362 300 93
0 549.2 574.546 300 93
0 549.2 574.708 300 93
0 549.2 574.883 300 93
0 549.2 575.093 300 93
0 549.2 575.22 300 93
0 549.2 575.349 300 93
0 549.2 575.505 300 93
0 549.2 575.605 300 93
0 549.2 575.757 300 93
0 549.2 575.848 300 93
0 549.2 575.938 300 93
0 549.2 576.018 300 93
0 549.2 576.154 300 93
0 549.2 576.239 300 93
0 549.2 576.333 300 93
0 549.2 576.409 300 93
0 549.2 576.504 300 93
0 549.2 576.622 300 93
0 549.2 576.704 300 93
0 549.2 576.787 300 93
0 549.2 576.873 300 93
0 549.2 576.968 300 93
0 549.2 577.06 300 93
0 549.2 577.153 300 93
0 549.2 577.242 300 93
0 549.2 577.358 300 93
0 549.2 577.496 300 93
0 549.2 577.636 300 93
0 549.2 577.782 300 93
0 549.2 577.937 300 93
0 549.2 578.075 300 93
0 549.2 578.22 300 93
0 549.2 578.402 300 93
0 549.2 578.57 300 93
0 549.2 578.699 300 93
0 549.2 578.863 300 93
0 549.2 578.99 300 93
0 549.2 579.128 300 93
0 549.2 579.256 300 93
0 549.2 579.384 300 93
0 549.2 579.552 300 93
0 549.2 579.733 300 93
0 549.2 579.862 300 93
0 549.2 579.989 300 93
0 549.2 580.177 300 93
0 549.2 580.312 300 93
0 549.2 580.451 300 93
0 549.2 580.561 300 93
0 549.2 580.684 300 93
0 549.2 580.841 300 93
0 549.2 580.98 300 93
0 549.2 581.187 300 93
0 549.2 581.325 300 93
0 549.2 581.552 300 93
0 549.2 581.773 300 93
0 549.2 581.908 300 93
0 549.2 582.027 300 93
0 549.2 582.145 300 93
0 549.2 582.276 300 93
0 549.2 582.408 300 93
0 549.2 582.531 300 93
0 549.2 582.66 300 93
0 549.2 582.749 300 93
0 549.2 582.912 300 93
0 549.2 583.069 300 93
0 549.2 583.192 300 93
0 549.2 583.322 300 93
0 549.2 583.44 300 93
0 549.2 583.567 300 93
0 549.2 583.682 300 93
0 549.2 583.82 300 93
0 549.2 583.955 300 93
0 549.2 584.063 300 93
0 549.2 584.228 300 93
0 549.2 584.422 300 93
0 549.2 584.551 300 93
0 549.2 584.688 300 93
0 549.2 584.825 300 93
0 549.2 584.991 300 93
0 549.2 585.121 300 93
0 549.2 585.234 300 93
0 549.2 585.363 300 93
0 549.2 585.471 300 93
0 549.2 585.607 300 93
0 549.2 585.748 300 93
0 549.2 585.867 300 93
0 549.2 585.982 300 93
0 549.2 586.145 300 93
0 549.2 586.267 300 93
0 549.2 586.391 300 93
0 549.2 586.6 300 93
0 549.2 586.723 300 93
0 549.2 586.811 300 93
0 549.2 586.944 300 93
0 549.2 587.067 300 93
0 549.2 587.189 300 93
0 549.2 587.293 300 93
0 549.2 587.42 300 93
0 549.2 587.609 300 93
0 549.2 587.733 300 93
0 549.2 587.854 300 93
0 549.2 587.987 300 93
0 549.2 588.181 300 93
0 549.2 588.349 300 93
0 549.2 588.478 300 93
0 549.2 588.595 300 93
0 549.2 588.808 300 93
0 549.2 588.938 300 93
0 549.2 589.068 300 93
0 549.2 589.184 300 93
0 549.2 589.309 300 93
0 549.2 589.442 300 93
0 549.2 589.566 300 93
0 549.2 589.708 300 93
0 549.2 589.843 300 93
0 549.2 589.971 300 93
0 549.2 590.101 300 93
0 549.2 590.274 300 93
0 549.2 590.402 300 93
0 549.2 590.552 300 93
0 549.2 590.681 300 93
0 549.2 590.817 300 93
0 549.2 590.979 300 93
0 549.2 591.1 300 93
0 549.2 591.225 300 93
0 549.2 591.409 300 93
0 549.2 591.533 300 93
0 549.2 591.77 300 93
0 549.2 591.915 300 93
0 549.2 592.075 300 93
0 549.2 592.241 300 93
0 549.2 592.382 300 93
0 549.2 592.662 300 93
0 549.2 592.8 300 93
0 549.2 592.936 300 93
0 549.2 593.065 300 93
0 549.2 593.197 300 93
0 549.2 593.331 300 93
0 549.2 593.588 300 93
0 549.2 593.732 300 93
0 549.2 593.884 300 93
0 549.2 594.017 300 93
0 549.2 594.163 300 93
0 549.2 594.378 300 93
0 549.2 594.518 300 93
0 549.2 594.637 300 93
0 549.2 594.751 300 93
0 549.2 594.919 300 93
0 549.2 595.048 300 93
0 549.2 595.297 300 93
0 549.2 595.494 300 93
0 549.2 595.644 300 93
0 549.2 595.736 300 93
0 549.2 595.864 300 93
0 549.2 596.041 300 93
0 549.2 596.186 300 93
0 549.2 596.313 300 93
0 549.2 596.483 300 93
0 549.2 596.626 300 93
0 549.2 596.822 300 93
0 549.2 596.916 300 93
0 549.2 597.042 300 93
0 549.2 597.173 300 93
0 549.2 597.308 300 93
0 549.2 597.432 300 93
0 549.2 597.697 300 93
0 549.2 597.824 300 93
0 549.2 597.948 300 93
0 549.2 598.073 300 93
0 549.2 598.208 300 93
0 549.2 598.351 300 93
0 549.2 598.562 300 93
0 549.2 598.712 300 93
0 549.2 598.829 300 93
0 549.2 598.953 300 93
0 549.2 599.051 300 93
0 549.2 599.182 300 93
0 549.2 599.31 300 93
0 549.2 599.42 300 93
0 549.2 599.543 300 93
0 549.2 599.701 300 93
0 549.2 599.824 300 93
0 549.2 599.956 300 93
0 549.2 600.13 300 93
0 549.2 600.268 300 93
0 549.2 600.41 300 93
0 549.2 600.634 300 93
0 549.2 600.772 300 93
0 549.2 600.902 300 93
0 549.2 601.054 300 93
0 549.2 601.2 300 93
0 549.2 601.294 300 93
0 549.2 601.435 300 93
0 549.2 601.63 300 93
0 549.2 601.772 300 93
0 549.2 601.97 300 93
0 549.2 602.073 300 93
0 549.2 602.209 300 93
0 549.2 602.355 300 93
0 549.2 602.493 300 93
0 549.2 602.626 300 93
0 549.2 602.765 300 93
0 549.2 602.898 300 93
0 549.2 603.08 300 93
0 549.2 603.215 300 93
0 549.2 603.371 300 93
0 549.2 603.551 300 93
0 549.2 603.672 300 93
0 549.2 603.803 300 93
0 549.2 603.94 300 93
0 549.2 604.066 300 93
0 549.2 604.204 300 93
0 549.2 604.345 300 93
0 549.2 604.48 300 93
0 549.2 604.619 300 93
0 549.2 604.707 300 93
0 549.2 604.832 300 93
0 549.2 604.914 300 93
0 549.2 605.051 300 93
0 549.2 605.195 300 93
0 549.2 605.312 300 93
0 549.2 605.45 300 93
0 549.2 605.59 300 93
0 549.2 605.739 300 93
0 549.2 605.878 300 93
0 549.2 606.007 300 93
0 549.2 606.13 300 93
0 549.2 606.246 300 93
0 549.2 606.424 300 93
0 549.2 606.583 300 93
0 549.2 606.716 300 93
0 549.2 606.854 300 93
0 549.2 607.036 300 93
0 549.2 607.214 300 93
0 549.2 607.33 300 93
0 549.2 607.535 300 93
0 549.2 607.655 300 93
0 549.2 607.775 300 93
0 549.2 607.934 300 93
0 549.2 608.128 300 93
0 549.2 608.263 300 93
0 549.2 608.393 300 93
0 549.2 608.564 300 93
0 549.2 608.695 300 93
0 549.2 608.884 300 93
0 549.2 609.021 300 93
0 549.2 609.213 300 93
0 549.2 609.341 300 93
0 549.2 609.48 300 93
0 549.2 609.624 300 93
0 549.2 609.752 300 93
0 549.2 609.887 300 93
0 549.2 610.015 300 93
0 549.2 610.124 300 93
0 549.2 610.305 300 93
0 549.2 610.498 300 93
0 549.2 610.744 300 93
0 549.2 610.856 300 93
0 549.2 611.108 300 93
0 549.2 611.241 300 93
0 549.2 611.357 300 93
0 549.2 611.501 300 93
0 549.2 611.641 300 93
0 549.2 611.741 300 93
0 549.2 611.873 300 93
0 549.2 612.021 300 93
0 549.2 612.162 300 93
0 549.2 612.309 300 93
0 549.2 612.451 300 93
0 549.2 612.627 300 93
0 549.2 612.754 300 93
0 549.2 612.886 300 93
0 549.2 612.975 300 93
0 549.2 613.108 300 93
0 549.2 613.244 300 93
0 549.2 613.37 300 93
0 549.2 613.498 300 93
0 549.2 613.619 300 93
0 549.2 613.756 300 93
0 549.2 613.89 300 93
0 549.2 614.025 300 93
0 549.2 614.17 300 93
0 549.2 614.278 300 93
0 549.2 614.41 300 93
0 549.2 614.569 300 93
0 549.2 614.714 300 93
0 549.2 614.857 300 93
0 549.2 614.987 300 93
0 549.2 615.114 300 93
0 549.2 615.261 300 93
0 549.2 615.384 300 93
0 549.2 615.507 300 93
0 549.2 615.628 300 93
0 549.2 615.768 300 93
0 549.2 615.899 300 93
0 549.2 616.033 300 93
0 549.2 616.176 300 93
0 549.2 616.315 300 93
0 549.2 616.55 300 93
0 549.2 616.689 300 93
0 549.2 616.812 300 93
0 549.2 616.955 300 93
0 549.2 617.181 300 93
0 549.2 617.355 300 93
0 549.2 617.498 300 93
0 549.2 617.637 300 93
0 549.2 617.722 300 93
0 549.2 617.809 300 93
0 549.2 617.958 300 93
0 549.2 618.247 300 93
0 549.2 618.413 300 93
0 549.2 618.598 300 93
0 549.2 618.735 300 93
0 549.2 618.86 300 93
0 549.2 618.986 300 93
0 549.2 619.164 300 93
0 549.2 619.313 300 93
0 549.2 619.439 300 93
0 549.2 619.56 300 93
0 549.2 619.721 300 93
0 549.2 619.898 300 93
0 549.2 619.995 300 93
0 549.2 620.12 300 93
0 549.2 620.256 300 93
0 549.2 620.487 300 93
0 549.2 620.624 300 93
0 549.2 620.763 300 93
0 549.2 620.928 300 93
0 549.2 621.055 300 93
0 549.2 621.199 300 93
0 549.2 621.366 300 93
0 549.2 621.53 300 93
0 549.2 621.657 300 93
0 549.2 621.783 300 93
0 549.2 621.908 300 93
0 549.2 622.123 300 93
0 549.2 622.306 300 93
0 549.2 622.446 300 93
0 549.2 622.611 300 93
0 549.2 622.943 300 93
0 549.2 623.077 300 93
0 549.2 623.222 300 93
0 549.2 623.354 300 93
0 549.2 623.475 300 93
0 549.2 623.641 300 93
0 549.2 623.783 300 93
0 549.2 623.966 300 93
0 549.2 624.114 300 93
0 549.2 624.281 300 93
0 549.2 624.417 300 93
0 549.2 624.569 300 93
0 549.2 624.709 300 93
0 549.2 624.855 300 93
0 549.2 625.01 300 93
0 549.2 625.147 300 93
0 549.2 625.316 300 93
0 549.2 625.488 300 93
0 549.2 625.621 300 93
0 549.2 625.785 300 93
0 549.2 625.988 300 93
0 549.2 626.155 300 93
0 549.2 626.377 300 93
0 549.2 626.515 300 93
0 549.2 626.635 300 93
0 549.2 626.848 300 93
0 549.2 626.927 300 93
0 549.2 627.066 300 93
0 549.2 627.219 300 93
0 549.2 627.35 300 93
0 549.2 627.608 300 93
0 549.2 627.804 300 93
0 549.2 627.935 300 93
0 549.2 628.158 300 93
0 549.2 628.303 300 93
0 549.2 628.431 300 93
0 549.2 628.607 300 93
0 549.2 628.818 300 93
0 549.2 628.952 300 93
0 549.2 629.077 300 93
0 549.2 629.221 300 93
0 549.2 629.361 300 93
0 549.2 629.495 300 93
0 549.2 629.691 300 93
0 549.2 629.865 300 93
0 549.2 630.024 300 93
0 549.2 630.162 300 93
0 549.2 630.33 300 93
0 549.2 630.607 300 93
0 549.2 630.775 300 93
0 549.2 630.95 300 93
0 549.2 631.098 300 93
0 549.2 631.276 300 93
0 549.2 631.41 300 93
0 549.2 631.531 300 93
0 549.2 631.654 300 93
0 549.2 631.809 300 93
0 549.2 631.903 300 93
0 549.2 632.039 300 93
0 549.2 632.168 300 93
0 549.2 632.282 300 93
0 549.2 632.422 300 93
0 549.2 632.642 300 93
0 549.2 632.988 300 93
0 549.2 633.126 300 93
0 549.2 633.297 300 93
0 549.2 633.47 300 93
0 549.2 633.61 300 93
0 549.2 633.772 300 93
0 549.2 633.918 300 93
0 549.2 634.009 300 93
0 549.2 634.134 300 93
0 549.2 634.23 300 93
0 549.2 634.363 300 93
0 549.2 634.494 300 93
0 549.2 634.636 300 93
0 549.2 634.78 300 93
0 549.2 634.923 300 93
0 549.2 635.084 300 93
0 549.2 635.219 300 93
0 549.2 635.399 300 93
0 549.2 635.653 300 93
0 549.2 635.774 300 93
0 549.2 635.965 300 93
0 549.2 636.112 300 93
0 549.2 636.281 300 93
0 549.2 636.418 300 93
0 549.2 636.553 300 93
0 549.2 636.743 300 93
0 549.2 636.892 300 93
0 549.2 637.047 300 93
0 549.2 637.196 300 93
0 549.2 637.34 300 93
0 549.2 637.488 300 93
0 549.2 637.687 300 93
0 549.2 637.839 300 93
0 549.2 637.981 300 93
0 549.2 638.126 300 93
0 549.2 638.297 300 93
0 549.2 638.445 300 93
0 549.2 638.581 300 93
0 549.2 638.79 300 93
0 549.2 638.977 300 93
0 549.2 639.121 300 93
0 549.2 639.275 300 93
0 549.2 639.446 300 93
0 549.2 639.586 300 93
0 549.2 639.744 300 93
0 549.2 639.883 300 93
0 549.2 640.02 300 93
0 549.2 640.195 300 93
0 549.2 640.341 300 93
0 549.2 640.467 300 93
0 549.2 640.606 300 93
0 549.2 640.771 300 93
0 549.2 640.921 300 93
0 549.2 641.14 300 93
0 549.2 641.268 300 93
0 549.2 641.404 300 93
0 549.2 641.655 300 93
0 549.2 641.808 300 93
0 549.2 641.967 300 93
0 549.2 642.161 300 93
0 549.2 642.286 300 93
0 549.2 642.439 300 93
0 549.2 642.58 300 93
0 549.2 642.753 300 93
0 549.2 642.943 300 93
0 549.2 643.09 300 93
0 549.2 643.326 300 93
0 549.2 643.473 300 93
0 549.2 643.745 300 93
0 549.2 643.905 300 93
0 549.2 644.044 300 93
0 549.2 644.183 300 93
0 549.2 644.351 300 93
0 549.2 644.583 300 93
0 549.2 644.76 300 93
0 549.2 644.903 300 93
0 549.2 645.04 300 93
0 549.2 645.166 300 93
0 549.2 645.288 300 93
0 549.2 645.433 300 93
0 549.2 645.563 300 93
0 549.2 645.711 300 93
0 549.2 645.852 300 93
0 549.2 646.004 300 93
0 549.2 646.126 300 93
0 549.2 646.352 300 93
0 549.2 646.623 300 93
0 549.2 646.794 300 93
0 549.2 646.941 300 93
0 549.2 647.09 300 93
0 549.2 647.277 300 93
0 549.2 647.405 300 93
0 549.2 647.547 300 93
0 549.2 647.63 300 93
0 549.2 647.767 300 93
0 549.2 647.886 300 93
0 549.2 648.03 300 93
0 549.2 648.167 300 93
0 549.2 648.296 300 93
0 549.2 648.435 300 93
0 549.2 648.629 300 93
0 549.2 648.81 300 93
0 549.2 648.92 300 93
0 549.2 649.057 300 93
0 549.2 649.219 300 93
0 549.2 649.4 300 93
0 549.2 649.543 300 93
0 549.2 649.639 300 93
0 549.2 649.784 300 93
0 549.2 649.921 300 93
0 549.2 650.071 300 93
0 549.2 650.199 300 93
0 549.2 650.345 300 93
0 549.2 650.481 300 93
0 549.2 650.602 300 93
0 549.2 650.733 300 93
0 549.2 650.874 300 93
0 549.2 651 300 93
0 549.2 651.147 300 93
0 549.2 651.309 300 93
0 549.2 651.448 300 93
0 549.2 651.596 300 93
0 549.2 651.733 300 93
0 549.2 651.877 300 93
0 549.2 652.302 300 93
0 549.2 652.467 300 93
0 549.2 652.572 300 93
0 549.2 652.749 300 93
0 549.2 652.913 300 93
0 549.2 653.081 300 93
0 549.2 653.28 300 93
0 549.2 653.434 300 93
0 549.2 653.624 300 93
0 549.2 653.853 300 93
0 549.2 653.994 300 93
0 549.2 654.129 300 93
0 549.2 654.298 300 93
0 549.2 654.48 300 93
0 549.2 654.621 300 93
0 549.2 654.75 300 93
0 549.2 654.932 300 93
0 549.2 655.05 300 93
0 549.2 655.276 300 93
0 549.2 655.415 300 93
0 549.2 655.559 300 93
0 549.2 655.701 300 93
0 549.2 655.84 300 93
0 549.2 656.104 300 93
0 549.2 656.24 300 93
0 549.2 656.487 300 93
0 549.2 656.588 300 93
0 549.2 656.736 300 93
0 549.2 656.864 300 93
0 549.2 657.008 300 93
0 549.2 657.152 300 93
0 549.2 657.365 300 93
0 549.2 657.567 300 93
0 549.2 657.768 300 93
0 549.2 657.942 300 93
0 549.2 658.093 300 93
0 549.2 658.292 300 93
0 549.2 658.434 300 93
0 549.2 658.576 300 93
0 549.2 658.698 300 93
0 549.2 658.834 300 93
0 549.2 658.968 300 93
0 549.2 659.087 300 93
0 549.2 659.219 300 93
0 549.2 659.362 300 93
0 549.2 659.506 300 93
0 549.2 659.61 300 93
0 549.2 659.818 300 93
0 549.2 659.985 300 93
0 549.2 660.138 300 93
0 549.2 660.269 300 93
0 549.2 660.395 300 93
0 549.2 660.578 300 93
0 549.2 660.711 300 93
0 549.2 660.855 300 93
0 549.2 660.976 300 93
0 549.2 661.067 300 93
0 549.2 661.206 300 93
0 549.2 661.343 300 93
0 549.2 661.478 300 93
0 549.2 661.621 300 93
0 549.2 661.775 300 93
0 549.2 661.949 300 93
0 549.2 662.068 300 93
0 549.2 662.261 300 93
0 549.2 662.436 300 93
0 549.2 662.581 300 93
0 549.2 662.715 300 93
0 549.2 662.92 300 93
0 549.2 663.091 300 93
0 549.2 663.273 300 93
0 549.2 663.468 300 93
0 549.2 663.608 300 93
0 549.2 663.742 300 93
0 549.2 663.896 300 93
0 549.2 664.055 300 93
0 549.2 664.194 300 93
0 549.2 664.504 300 93
0 549.2 664.681 300 93
0 549.2 664.823 300 93
0 549.2 665.026 300 93
0 549.2 665.155 300 93
0 549.2 665.282 300 93
0 549.2 665.417 300 93
0 549.2 665.534 300 93
0 549.2 665.689 300 93
0 549.2 665.886 300 93
0 549.2 666.024 300 93
0 549.2 666.156 300 93
0 549.2 666.293 300 93
0 549.2 666.425 300 93
0 549.2 666.594 300 93
0 549.2 666.736 300 93
0 549.2 666.908 300 93
0 549.2 667.024 300 93
0 549.2 667.151 300 93
0 549.2 667.304 300 93
0 549.2 667.414 300 93
0 549.2 667.604 300 93
0 549.2 667.686 300 93
0 549.2 667.835 300 93
0 549.2 667.966 300 93
0 549.2 668.112 300 93
0 549.2 668.339 300 93
0 549.2 668.491 300 93
0 549.2 668.734 300 93
0 549.2 668.955 300 93
0 549.2 669.093 300 93
0 549.2 669.369 300 93
0 549.2 669.564 300 93
0 549.2 669.744 300 93
0 549.2 669.903 300 93
0 549.2 670.049 300 93
0 549.2 670.194 300 93
0 549.2 670.344 300 93
0 549.2 670.478 300 93
0 549.2 670.644 300 93
0 549.2 670.798 300 93
0 549.2 670.937 300 93
0 549.2 671.074 300 93
0 549.2 671.223 300 93
0 549.2 671.407 300 93
0 549.2 671.555 300 93
0 549.2 671.723 300 93
0 549.2 671.903 300 93
0 549.2 672.056 300 93
0 549.2 672.205 300 93
0 549.2 672.375 300 93
0 549.2 672.6 300 93
0 549.2 672.735 300 93
0 549.2 672.91 300 93
0 549.2 673.075 300 93
0 549.2 673.351 300 93
0 549.2 673.524 300 93
0 549.2 673.672 300 93
0 549.2 673.804 300 93
0 549.2 673.939 300 93
0 549.2 674.116 300 93
0 549.2 674.265 300 93
0 549.2 674.417 300 93
0 549.2 674.609 300 93
0 549.2 674.882 300 93
0 549.2 675.013 300 93
0 549.2 675.155 300 93
0 549.2 675.252 300 93
0 549.2 675.405 300 93
0 549.2 675.636 300 93
0 549.2 675.784 300 93
0 549.2 675.929 300 93
0 549.2 676.021 300 93
0 549.2 676.115 300 93
0 549.2 676.24 300 93
0 549.2 676.409 300 93
0 549.2 676.767 300 93
0 549.2 676.924 300 93
0 549.2 677.117 300 93
0 549.2 677.294 300 93
0 549.2 677.446 300 93
0 549.2 677.62 300 93
0 549.2 677.79 300 93
0 549.2 678.002 300 93
0 549.2 678.328 300 93
0 549.2 678.509 300 93
0 549.2 679.107 300 93
0 549.2 679.396 300 93
0 549.2 679.59 300 93
0 549.2 679.763 300 93
0 549.2 679.949 300 93
0 549.2 680.152 300 93
0 549.2 680.335 300 93
0 549.2 680.612 300 93
0 549.2 680.822 300 93
0 549.2 681.048 300 93
0 549.2 681.226 300 93
0 549.2 681.526 300 93
0 549.2 681.75 300 93
0 549.2 681.934 300 93
0 549.2 682.122 300 93
0 549.2 682.36 300 93
0 549.2 682.543 300 93
0 549.2 682.861 300 93
0 549.2 683.069 300 93
0 549.2 683.304 300 93
0 549.2 683.587 300 93
0 549.2 683.8 300 93
0 549.2 684.015 300 93
0 549.2 684.184 300 93
0 549.2 684.389 300 93
0 549.2 684.565 300 93
0 549.2 684.676 300 93
0 549.2 685.005 300 93
0 549.2 685.177 300 93
0 549.2 685.354 300 93
0 549.2 685.624 300 93
0 549.2 685.819 300 93
0 549.2 686.009 300 93
0 549.2 686.178 300 93
0 549.2 686.347 300 93
0 549.2 686.608 300 93
0 549.2 686.799 300 93
0 549.2 686.989 300 93
0 549.2 687.164 300 93
0 549.2 687.339 300 93
0 549.2 687.583 300 93
0 549.2 687.754 300 93
0 549.2 687.911 300 93
0 549.2 688.096 300 93
0 549.2 688.402 300 93
0 549.2 688.577 300 93
0 549.2 688.757 300 93
0 549.2 689.014 300 93
0 549.2 689.253 300 93
0 549.2 689.431 300 93
0 549.2 689.648 300 93
0 549.2 689.817 300 93
0 549.2 690.028 300 93
0 549.2 690.186 300 93
0 549.2 690.352 300 93
0 549.2 690.605 300 93
0 549.2 690.776 300 93
0 549.2 690.947 300 93
0 549.2 691.119 300 93
0 549.2 691.471 300 93
0 549.2 691.794 300 93
0 549.2 691.962 300 93
0 549.2 692.133 300 93
0 549.2 692.373 300 93
0 549.2 692.549 300 93
0 549.2 692.713 300 93
0 549.2 692.822 300 93
0 549.2 692.996 300 93
0 549.2 693.252 300 93
0 549.2 693.415 300 93
0 549.2 693.525 300 93
0 549.2 693.752 300 93
0 549.2 693.929 300 93
0 549.2 694.075 300 93
0 549.2 694.256 300 93
0 549.2 694.401 300 93
0 549.2 694.544 300 93
0 549.2 694.645 300 93
0 549.2 694.798 300 93
0 549.2 694.934 300 93
0 549.2 695.05 300 93
0 549.2 695.175 300 93
0 549.2 695.409 300 93
0 549.2 695.585 300 93
0 549.2 695.725 300 93
0 549.2 695.889 300 93
0 549.2 696.148 300 93
0 549.2 696.368 300 93
0 549.2 696.589 300 93
0 549.2 696.741 300 93
0 549.2 696.907 300 93
0 549.2 697.097 300 93
0 549.2 697.25 300 93
0 549.2 697.403 300 93
0 549.2 697.519 300 93
0 549.2 697.641 300 93
0 549.2 697.778 300 93
0 549.2 697.93 300 93
0 549.2 698.091 300 93
0 549.2 698.228 300 93
0 549.2 698.365 300 93
0 549.2 698.559 300 93
0 549.2 698.687 300 93
0 549.2 698.817 300 93
0 549.2 698.946 300 93
0 549.2 699.137 300 93
0 549.2 699.297 300 93
0 549.2 699.392 300 93
0 549.2 699.496 300 93
0 549.2 699.606 300 93
0 549.2 699.701 300 93
0 549.2 699.78 300 93
0 549.2 699.891 300 93
0 549.2 699.995 300 93
0 549.2 700.112 300 93
0 549.2 700.197 300 93
0 549.2 700.37 300 93
0 549.2 700.489 300 93
0 549.2 700.584 300 93
0 549.2 700.688 300 93
0 549.2 700.937 300 93
0 549.2 701.116 300 93
0 549.2 701.259 300 93
0 549.2 701.452 300 93
0 549.2 701.58 300 93
0 549.2 701.701 300 93
0 549.2 701.826 300 93
0 549.2 701.979 300 93
0 549.2 702.123 300 93
0 549.2 702.218 300 93
0 549.2 702.315 300 93
0 549.2 702.413 300 93
0 549.2 702.596 300 93
0 549.2 702.681 300 93
0 549.2 702.769 300 93
0 549.2 702.884 300 93
0 549.2 702.971 300 93
0 549.2 703.083 300 93
0 549.2 703.167 300 93
0 549.2 703.281 300 93
0 549.2 703.426 300 93
0 549.2 703.659 300 93
0 549.2 703.765 300 93
0 549.2 703.924 300 93
0 549.2 704.007 300 93
0 549.2 704.112 300 93
0 549.2 704.2 300 93
0 549.2 704.294 300 93
0 549.2 704.406 300 93
0 549.2 704.526 300 93
0 549.2 704.618 300 93
0 549.2 704.754 300 93
0 549.2 704.813 300 93
0 549.2 704.958 300 93
0 549.2 705.072 300 93
0 549.2 705.233 300 93
0 549.2 705.317 300 93
0 549.2 705.473 300 93
0 549.2 705.624 300 93
0 549.2 705.719 300 93
0 549.2 705.81 300 93
0 549.2 705.903 300 93
0 549.2 705.988 300 93
0 549.2 706.075 300 93
0 549.2 706.175 300 93
0 549.2 706.28 300 93
0 549.2 706.366 300 93
0 549.2 706.482 300 93
0 549.2 706.607 300 93
0 549.2 706.719 300 93
0 549.2 706.807 300 93
0 549.2 707.046 300 93
0 549.2 707.188 300 93
0 549.2 707.285 300 93
0 549.2 707.413 300 93
0 549.2 707.573 300 93
0 549.2 707.682 300 93
0 549.2 707.81 300 93
0 549.2 708.027 300 93
0 549.2 708.155 300 93
0 549.2 708.308 300 93
0 549.2 708.436 300 93
0 549.2 708.575 300 93
0 549.2 708.813 300 93
0 549.2 708.904 300 93
0 549.2 709.031 300 93
0 549.2 709.19 300 93
0 549.2 709.399 300 93
0 549.2 709.579 300 93
0 549.2 709.723 300 93
0 549.2 709.846 300 93
0 549.2 709.973 300 93
0 549.2 710.182 300 93
0 549.2 710.32 300 93
0 549.2 710.453 300 93
0 549.2 710.62 300 93
0 549.2 710.782 300 93
0 549.2 710.995 300 93
0 549.2 711.159 300 93
0 549.2 711.342 300 93
0 549.2 711.552 300 93
0 549.2 711.816 300 93
0 549.2 711.988 300 93
0 549.2 712.168 300 93
0 549.2 712.33 300 93
0 549.2 712.506 300 93
0 549.2 712.668 300 93
0 549.2 712.82 300 93
0 549.2 712.962 300 93
0 549.2 713.165 300 93
0 549.2 713.385 300 93
0 549.2 713.535 300 93
0 549.2 713.837 300 93
0 549.2 713.991 300 93
0 549.2 714.144 300 93
0 549.2 714.29 300 93
0 549.2 714.432 300 93
0 549.2 714.62 300 93
0 549.2 714.755 300 93
0 549.2 714.835 300 93
0 549.2 714.977 300 93
0 549.2 715.159 300 93
0 549.2 715.29 300 93
0 549.2 715.495 300 93
0 549.2 715.635 300 93
0 549.2 715.777 300 93
0 549.2 715.921 300 93
0 549.2 716.049 300 93
0 549.2 716.277 300 93
0 549.2 716.365 300 93
0 549.2 716.552 300 93
0 549.2 716.712 300 93
0 549.2 716.817 300 93
0 549.2 717.046 300 93
0 549.2 717.285 300 93
0 549.2 717.417 300 93
0 549.2 717.562 300 93
0 549.2 717.712 300 93
0 549.2 718.016 300 93
0 549.2 718.133 300 93
0 549.2 718.271 300 93
0 549.2 718.409 300 93
0 549.2 718.595 300 93
0 549.2 718.736 300 93
0 549.2 718.86 300 93
0 549.2 719.046 300 93
0 549.2 719.21 300 93
0 549.2 719.453 300 93
0 549.2 719.667 300 93
0 549.2 719.845 300 93
0 549.2 720.001 300 93
0 549.2 720.168 300 93
0 549.2 720.301 300 93
0 549.2 720.449 300 93
0 549.2 720.534 300 93
0 549.2 720.676 300 93
0 549.2 720.808 300 93
0 549.2 721.021 300 93
0 549.2 721.187 300 93
0 549.2 721.332 300 93
0 549.2 721.478 300 93
0 549.2 721.632 300 93
0 549.2 721.803 300 93
0 549.2 721.939 300 93
0 549.2 722.056 300 93
0 549.2 722.212 300 93
0 549.2 722.349 300 93
0 549.2 722.497 300 93
0 549.2 722.635 300 93
0 549.2 722.783 300 93
0 549.2 722.884 300 93
0 549.2 722.988 300 93
0 549.2 723.102 300 93
0 549.2 723.199 300 93
0 549.2 723.298 300 93
0 549.2 723.4 300 93
0 549.2 723.471 300 93
0 549.2 723.562 300 93
0 549.2 723.644 300 93
0 549.2 723.749 300 93
0 549.2 723.831 300 93
0 549.2 723.921 300 93
0 549.2 724.012 300 93
0 549.2 724.132 300 93
0 549.2 724.252 300 93
0 549.2 724.353 300 93
0 549.2 724.511 300 93
0 549.2 724.665 300 93
0 549.2 724.758 300 93
0 549.2 724.858 300 93
0 549.2 725.131 300 93
0 549.2 725.29 300 93
0 549.2 725.425 300 93
0 549.2 725.624 300 93
0 549.2 725.772 300 93
0 549.2 725.906 300 93
0 549.2 726.046 300 93
0 549.2 726.171 300 93
0 549.2 726.358 300 93
0 549.2 726.538 300 93
0 549.2 726.663 300 93
0 549.2 726.81 300 93
0 549.2 726.96 300 93
0 549.2 727.092 300 93
0 549.2 727.285 300 93
0 549.2 727.416 300 93
0 549.2 727.575 300 93
0 549.2 727.698 300 93
0 549.2 727.835 300 93
0 549.2 727.971 300 93
0 549.2 728.171 300 93
0 549.2 728.304 300 93
0 549.2 728.491 300 93
0 549.2 728.696 300 93
0 549.2 728.832 300 93
0 549.2 728.996 300 93
0 549.2 729.095 300 93
0 549.2 729.278 300 93
0 549.2 729.419 300 93
0 549.2 729.611 300 93
0 549.2 729.748 300 93
0 549.2 729.889 300 93
0 549.2 730.028 300 93
0 549.2 730.154 300 93
0 549.2 730.275 300 93
0 549.2 730.359 300 93
0 549.2 730.477 300 93
0 549.2 730.64 300 93
0 549.2 730.776 300 93
0 549.2 731.009 300 93
0 549.2 731.166 300 93
0 549.2 731.293 300 93
0 549.2 731.436 300 93
0 549.2 731.602 300 93
0 549.2 731.731 300 93
0 549.2 731.885 300 93
0 549.2 732.026 300 93
0 549.2 732.158 300 93
0 549.2 732.33 300 93
0 549.2 732.457 300 93
0 549.2 732.602 300 93
0 549.2 732.742 300 93
0 549.2 732.941 300 93
0 549.2 733.091 300 93
0 549.2 733.235 300 93
0 549.2 733.377 300 93
0 549.2 733.607 300 93
0 549.2 733.753 300 93
0 549.2 733.842 300 93
0 549.2 733.938 300 93
0 549.2 734.034 300 93
0 549.2 734.169 300 93
0 549.2 734.291 300 93
0 549.2 734.465 300 93
0 549.2 734.586 300 93
0 549.2 734.713 300 93
0 549.2 734.888 300 93
0 549.2 735.023 300 93
0 549.2 735.185 300 93
0 549.2 735.313 300 93
0 549.2 735.511 300 93
0 549.2 735.637 300 93
0 549.2 735.791 300 93
0 549.2 735.946 300 93
0 549.2 736.076 300 93
0 549.2 736.207 300 93
0 549.2 736.327 300 93
0 549.2 736.459 300 93
0 549.2 736.618 300 93
0 549.2 736.699 300 93
0 549.2 736.838 300 93
0 549.2 736.97 300 93
0 549.2 737.102 300 93
0 549.2 737.246 300 93
0 549.2 737.415 300 93
0 549.2 737.602 300 93
0 549.2 737.832 300 93
0 549.2 737.978 300 93
0 549.2 738.208 300 93
0 549.2 738.404 300 93
0 549.2 738.528 300 93
0 549.2 738.636 300 93
0 549.2 738.738 300 93
0 549.2 738.9 300 93
0 549.2 739 300 93
0 549.2 739.087 300 93
0 549.2 739.222 300 93
0 549.2 739.319 300 93
0 549.2 739.426 300 93
0 549.2 739.52 300 93
0 549.2 739.625 300 93
0 549.2 739.708 300 93
0 549.2 739.792 300 93
0 549.2 739.878 300 93
0 549.2 739.971 300 93
0 549.2 740.093 300 93
0 549.2 740.219 300 93
0 549.2 740.308 300 93
0 549.2 740.403 300 93
0 549.2 740.5 300 93
0 549.2 740.591 300 93
0 549.2 740.721 300 93
0 549.2 740.782 300 93
0 549.2 740.869 300 93
0 549.2 740.987 300 93
0 549.2 741.075 300 93
0 549.2 741.206 300 93
0 549.2 741.358 300 93
0 549.2 741.444 300 93
0 549.2 741.538 300 93
0 549.2 741.69 300 93
0 549.2 741.781 300 93
0 549.2 741.863 300 93
0 549.2 741.96 300 93
0 549.2 742.05 300 93
0 549.2 742.117 300 93
0 549.2 742.225 300 93
0 549.2 742.328 300 93
0 549.2 742.453 300 93
0 549.2 742.61 300 93
0 549.2 742.698 300 93
0 549.2 742.764 300 93
0 549.2 742.844 300 93
0 549.2 742.943 300 93
0 549.2 743.026 300 93
0 549.2 743.118 300 93
0 549.2 743.206 300 93
0 549.2 743.297 300 93
0 549.2 743.448 300 93
0 549.2 743.576 300 93
0 549.2 743.664 300 93
0 549.2 743.754 300 93
0 549.2 743.881 300 93
0 549.2 743.977 300 93
0 549.2 744.118 300 93
0 549.2 744.216 300 93
0 549.2 744.31 300 93
0 549.2 744.397 300 93
0 549.2 744.529 300 93
0 549.2 744.63 300 93
0 549.2 744.726 300 93
0 549.2 744.814 300 93
0 549.2 744.944 300 93
0 549.2 745.032 300 93
0 549.2 745.112 300 93
0 549.2 745.197 300 93
0 549.2 745.357 300 93
0 549.2 745.464 300 93
0 549.2 745.559 300 93
0 549.2 745.62 300 93
0 549.2 745.711 300 93
0 549.2 745.84 300 93
0 549.2 745.947 300 93
0 549.2 746.05 300 93
0 549.2 746.139 300 93
0 549.2 746.268 300 93
0 549.2 746.401 300 93
0 549.2 746.496 300 93
0 549.2 746.558 300 93
0 549.2 746.654 300 93
0 549.2 746.754 300 93
0 549.2 746.861 300 93
0 549.2 746.958 300 93
0 549.2 747.048 300 93
0 549.2 747.172 300 93
0 549.2 747.232 300 93
0 549.2 747.366 300 93
0 549.2 747.519 300 93
0 549.2 747.619 300 93
0 549.2 747.71 300 93
0 549.2 747.8 300 93
0 549.2 747.951 300 93
0 549.2 748.063 300 93
0 549.2 748.207 300 93
0 549.2 748.356 300 93
0 549.2 748.496 300 93
0 549.2 748.636 300 93
0 549.2 748.802 300 93
0 549.2 748.935 300 93
0 549.2 749.075 300 93
0 549.2 749.215 300 93
0 549.2 749.335 300 93
0 549.2 749.424 300 93
0 549.2 749.504 300 93
0 549.2 749.734 300 93
0 549.2 749.867 300 93
0 549.2 750.036 300 93
0 549.2 750.187 300 93
0 549.2 750.331 300 93
0 549.2 750.47 300 93
0 549.2 750.589 300 93
0 549.2 750.737 300 93
0 549.2 750.881 300 93
0 549.2 751.104 300 93
0 549.2 751.244 300 93
0 549.2 751.453 300 93
0 549.2 751.581 300 93
0 549.2 751.672 300 93
0 549.2 751.825 300 93
0 549.2 751.998 300 93
0 549.2 752.136 300 93
0 549.2 752.271 300 93
0 549.2 752.364 300 93
0 549.2 752.494 300 93
0 549.2 752.613 300 93
0 549.2 752.75 300 93
0 549.2 752.883 300 93
0 549.2 753.093 300 93
0 549.2 753.318 300 93
0 549.2 753.452 300 93
0 549.2 753.565 300 93
0 549.2 753.696 300 93
0 549.2 753.826 300 93
0 549.2 753.969 300 93
0 549.2 754.168 300 93
0 549.2 754.348 300 93
0 549.2 754.496 300 93
0 549.2 754.678 300 93
0 549.2 754.902 300 93
0 549.2 755.003 300 93
0 549.2 755.127 300 93
0 549.2 755.254 300 93
0 549.2 755.401 300 93
0 549.2 755.531 300 93
0 549.2 755.705 300 93
0 549.2 755.874 300 93
0 549.2 756.015 300 93
0 549.2 756.139 300 93
0 549.2 756.236 300 93
0 549.2 756.407 300 93
0 549.2 756.633 300 93
0 549.2 756.796 300 93
0 549.2 756.958 300 93
0 549.2 757.093 300 93
0 549.2 757.237 300 93
0 549.2 757.375 300 93
0 549.2 757.512 300 93
0 549.2 757.651 300 93
0 549.2 757.833 300 93
0 549.2 757.983 300 93
0 549.2 758.126 300 93
0 549.2 758.295 300 93
0 549.2 758.451 300 93
0 549.2 758.537 300 93
0 549.2 758.727 300 93
0 549.2 758.974 300 93
0 549.2 759.2 300 93
0 549.2 759.433 300 93
0 549.2 759.583 300 93
0 549.2 759.736 300 93
0 549.2 759.886 300 93
0 549.2 760.155 300 93
0 549.2 760.395 300 93
0 549.2 760.519 300 93
0 549.2 760.702 300 93
0 549.2 760.883 300 93
0 549.2 761.054 300 93
0 549.2 761.175 300 93
0 549.2 761.301 300 93
0 549.2 761.434 300 93
0 549.2 761.559 300 93
0 549.2 761.712 300 93
0 549.2 761.839 300 93
0 549.2 761.976 300 93
0 549.2 762.115 300 93
0 549.2 762.311 300 93
0 549.2 762.453 300 93
0 549.2 762.609 300 93
0 549.2 762.739 300 93
0 549.2 762.886 300 93
0 549.2 763.127 300 93
0 549.2 763.229 300 93
0 549.2 763.37 300 93
0 549.2 763.514 300 93
0 549.2 763.654 300 93
0 549.2 763.834 300 93
0 549.2 763.973 300 93
0 549.2 764.099 300 93
0 549.2 764.256 300 93
0 549.2 764.452 300 93
0 549.2 764.599 300 93
0 549.2 764.805 300 93
0 549.2 765.085 300 93
0 549.2 765.238 300 93
0 549.2 765.415 300 93
0 549.2 765.562 300 93
0 549.2 765.705 300 93
0 549.2 765.87 300 93
0 549.2 766.018 300 93
0 549.2 766.199 300 93
0 549.2 766.334 300 93
0 549.2 766.507 300 93
0 549.2 766.64 300 93
0 549.2 766.766 300 93
0 549.2 766.912 300 93
0 549.2 767.058 300 93
0 549.2 767.202 300 93
0 549.2 767.321 300 93
0 549.2 767.46 300 93
0 549.2 767.562 300 93
0 549.2 767.749 300 93
0 549.2 767.9 300 93
0 549.2 768.041 300 93
0 549.2 768.181 300 93
0 549.2 768.416 300 93
0 549.2 768.61 300 93
0 549.2 768.726 300 93
0 549.2 768.9 300 93
0 549.2 769.108 300 93
0 549.2 769.244 300 93
0 549.2 769.382 300 93
0 549.2 769.543 300 93
0 549.2 769.681 300 93
0 549.2 769.911 300 93
0 549.2 770.051 300 93
0 549.2 770.191 300 93
0 549.2 770.367 300 93
0 549.2 770.498 300 93
0 549.2 770.686 300 93
0 549.2 770.861 300 93
0 549.2 771.082 300 93
0 549.2 771.227 300 93
0 549.2 771.373 300 93
0 549.2 771.514 300 93
0 549.2 771.652 300 93
0 549.2 771.816 300 93
0 549.2 771.942 300 93
0 549.2 772.092 300 93
0 549.2 772.225 300 93
0 549.2 772.372 300 93
0 549.2 772.466 300 93
0 549.2 772.597 300 93
0 549.2 772.743 300 93
0 549.2 772.898 300 93
0 549.2 773.04 300 93
0 549.2 773.2 300 93
0 549.2 773.343 300 93
0 549.2 773.481 300 93
0 549.2 773.623 300 93
0 549.2 773.906 300 93
0 549.2 774.052 300 93
0 549.2 774.177 300 93
0 549.2 774.461 300 93
0 549.2 774.6 300 93
0 549.2 774.735 300 93
0 549.2 774.868 300 93
0 549.2 775.104 300 93
0 549.2 775.333 300 93
0 549.2 775.481 300 93
0 549.2 775.677 300 93
0 549.2 775.814 300 93
0 549.2 775.96 300 93
0 549.2 776.204 300 93
0 549.2 776.347 300 93
0 549.2 776.473 300 93
0 549.2 776.612 300 93
0 549.2 776.801 300 93
0 549.2 776.937 300 93
0 549.2 777.179 300 93
0 549.2 777.308 300 93
0 549.2 777.452 300 93
0 549.2 777.577 300 93
0 549.2 777.702 300 93
0 549.2 777.837 300 93
0 549.2 777.982 300 93
0 549.2 778.15 300 93
0 549.2 778.339 300 93
0 549.2 778.581 300 93
0 549.2 778.731 300 93
0 549.2 778.954 300 93
0 549.2 779.132 300 93
0 549.2 779.293 300 93
0 549.2 779.437 300 93
0 549.2 779.579 300 93
0 549.2 779.7 300 93
0 549.2 779.842 300 93
0 549.2 779.99 300 93
0 549.2 780.17 300 93
0 549.2 780.297 300 93
0 549.2 780.428 300 93
0 549.2 780.563 300 93
0 549.2 780.676 300 93
0 549.2 780.803 300 93
0 549.2 780.925 300 93
0 549.2 781.066 300 93
0 549.2 781.201 300 93
0 549.2 781.354 300 93
0 549.2 781.483 300 93
0 549.2 781.658 300 93
0 549.2 781.785 300 93
0 549.2 781.91 300 93
0 549.2 782.083 300 93
0 549.2 782.214 300 93
0 549.2 782.349 300 93
0 549.2 782.557 300 93
0 549.2 782.701 300 93
0 549.2 782.907 300 93
0 549.2 783.025 300 93
0 549.2 783.146 300 93
0 549.2 783.276 300 93
0 549.2 783.413 300 93
0 549.2 783.546 300 93
0 549.2 783.917 300 93
0 549.2 784.053 300 93
0 549.2 784.239 300 93
0 549.2 784.374 300 93
0 549.2 784.514 300 93
0 549.2 784.671 300 93
0 549.2 784.844 300 93
0 549.2 784.984 300 93
0 549.2 785.121 300 93
0 549.2 785.328 300 93
0 549.2 785.464 300 93
0 549.2 785.615 300 93
0 549.2 785.755 300 93
0 549.2 786.004 300 93
0 549.2 786.12 300 93
0 549.2 786.271 300 93
0 549.2 786.424 300 93
0 549.2 786.597 300 93
0 549.2 786.728 300 93
0 549.2 786.857 300 93
0 549.2 786.983 300 93
0 549.2 787.118 300 93
0 549.2 787.259 300 93
0 549.2 787.401 300 93
0 549.2 787.532 300 93
0 549.2 787.666 300 93
0 549.2 787.816 300 93
0 549.2 787.954 300 93
0 549.2 788.101 300 93
0 549.2 788.249 300 93
0 549.2 788.43 300 93
0 549.2 788.567 300 93
0 549.2 788.695 300 93
0 549.2 788.819 300 93
0 549.2 788.956 300 93
0 549.2 789.097 300 93
0 549.2 789.235 300 93
0 549.2 789.439 300 93
0 549.2 789.564 300 93
0 549.2 789.706 300 93
0 549.2 789.835 300 93
0 549.2 789.97 300 93
0 549.2 790.104 300 93
0 549.2 790.227 300 93
0 549.2 790.371 300 93
0 549.2 790.677 300 93
0 549.2 790.8 300 93
0 549.2 790.983 300 93
0 549.2 791.16 300 93
0 549.2 791.28 300 93
0 549.2 791.395 300 93
0 549.2 791.607 300 93
0 549.2 791.712 300 93
0 549.2 791.856 300 93
0 549.2 792.015 300 93
0 549.2 792.252 300 93
0 549.2 792.382 300 93
0 549.2 792.524 300 93
0 549.2 792.647 300 93
0 549.2 792.79 300 93
0 549.2 792.957 300 93
0 549.2 793.186 300 93
0 549.2 793.327 300 93
0 549.2 793.454 300 93
0 549.2 793.586 300 93
0 549.2 793.75 300 93
0 549.2 793.884 300 93
0 549.2 794.011 300 93
0 549.2 794.139 300 93
0 549.2 794.27 300 93
0 549.2 794.368 300 93
0 549.2 794.463 300 93
0 549.2 794.553 300 93
0 549.2 794.702 300 93
0 549.2 794.79 300 93
0 549.2 794.936 300 93
0 549.2 795.032 300 93
0 549.2 795.115 300 93
0 549.2 795.256 300 93
0 549.2 795.431 300 93
0 549.2 795.62 300 93
0 549.2 795.757 300 93
0 549.2 795.893 300 93
0 549.2 796.028 300 93
0 549.2 796.232 300 93
0 549.2 796.459 300 93
0 549.2 796.591 300 93
0 549.2 796.734 300 93
0 549.2 796.884 300 93
0 549.2 797.042 300 93
0 549.2 797.191 300 93
0 549.2 797.406 300 93
0 549.2 797.541 300 93
0 549.2 797.71 300 93
0 549.2 797.874 300 93
0 549.2 798.01 300 93
0 549.2 798.145 300 93
0 549.2 798.361 300 93
0 549.2 798.485 300 93
0 549.2 798.639 300 93
0 549.2 798.782 300 93
0 549.2 798.921 300 93
0 549.2 799.06 300 93
0 549.2 799.204 300 93
0 549.2 799.344 300 93
0 549.2 799.484 300 93
0 549.2 799.645 300 93
0 549.2 799.856 300 93
0 549.2 799.998 300 93
