0 773.2 0.015907 300 0
0 767.6 0.01982 0
0 666.8 0.024146 2
0 650 0.034763 8
0 650 0.10099 300 80
0 650 0.187709 300 80
0 650 0.270154 300 80
0 650 0.359635 300 80
0 650 0.458824 300 80
0 650 0.535527 300 83
0 650 0.666273 300 83
0 650 0.752421 300 83
0 650 0.868847 300 85
0 650 0.950509 300 85
0 650 1.01394 300 85
0 650 1.09397 300 85
0 627.6 1.10419 85
0 627.6 1.17936 300 89
0 627.6 1.26506 300 89
0 627.6 1.40219 300 89
0 627.6 1.48784 300 89
0 627.6 1.56976 300 89
0 582.8 1.59333 89
0 577.2 1.59968 89
0 577.2 1.65198 300 89
0 577.2 1.72795 300 89
0 577.2 1.8337 300 89
0 577.2 1.90963 300 89
0 577.2 1.98977 300 89
0 577.2 2.12117 300 89
0 577.2 2.22079 300 89
0 577.2 2.30363 300 89
0 577.2 2.37843 300 89
0 577.2 2.44974 300 89
0 577.2 2.53057 300 89
0 577.2 2.61274 300 89
0 577.2 2.69312 300 89
0 577.2 2.76969 300 89
0 577.2 2.82019 300 89
0 577.2 2.92456 300 89
0 577.2 3.00995 300 89
0 577.2 3.08554 300 89
0 577.2 3.16019 300 89
0 577.2 3.32755 300 89
0 577.2 3.39916 300 89
0 577.2 3.47488 300 89
0 577.2 3.55899 300 89
0 577.2 3.62839 300 89
0 577.2 3.71411 300 89
0 577.2 3.78664 300 89
0 577.2 3.86983 300 89
0 577.2 3.94777 300 89
0 577.2 4.05538 300 89
0 577.2 4.1321 300 89
0 577.2 4.21081 300 90
0 577.2 4.28682 300 90
0 577.2 4.37504 300 90
0 577.2 4.42619 300 90
0 577.2 4.50883 300 90
0 577.2 4.56285 300 90
0 577.2 4.67256 300 90
0 577.2 4.74996 300 90
0 577.2 4.86655 300 90
0 577.2 5.0398 300 90
0 577.2 5.11559 300 90
0 577.2 5.19888 300 90
0 577.2 5.28374 300 90
0 577.2 5.38383 300 90
0 577.2 5.46551 300 90
0 577.2 5.546 300 90
0 577.2 5.59741 300 90
0 577.2 5.68579 300 90
0 577.2 5.82264 300 90
0 577.2 5.88083 300 90
0 577.2 5.9791 300 90
0 577.2 6.05183 300 90
0 577.2 6.14438 300 90
0 577.2 6.26742 300 90
0 577.2 6.3497 300 90
0 577.2 6.46967 300 90
0 577.2 6.56383 300 90
0 577.2 6.67363 300 90
0 577.2 6.81961 300 90
0 577.2 6.97638 300 90
0 577.2 7.16008 300 90
0 577.2 7.29265 300 90
0 577.2 7.48493 300 90
0 577.2 7.60639 300 90
0 577.2 7.73322 300 90
0 577.2 7.8728 300 90
0 577.2 8.01898 300 90
0 577.2 8.27279 300 90
0 577.2 8.42768 300 90
0 577.2 8.6207 300 90
0 577.2 8.80094 300 90
0 577.2 8.9375 300 90
0 577.2 9.06635 300 90
0 577.2 9.25194 300 90
0 577.2 9.3791 300 90
0 577.2 9.53652 300 90
0 577.2 9.6714 300 90
0 577.2 9.87319 300 90
0 577.2 9.98789 300 90
0 577.2 10.1266 300 90
0 577.2 10.2802 300 90
0 577.2 10.4485 300 90
0 577.2 10.5896 300 90
0 577.2 10.7491 300 90
0 577.2 10.9057 300 90
0 577.2 11.0919 300 90
0 577.2 11.3145 300 90
0 577.2 11.4117 300 90
0 577.2 11.5585 300 90
0 577.2 11.7096 300 90
0 577.2 11.8541 300 90
0 577.2 12.07 300 90
0 577.2 12.2141 300 90
0 577.2 12.3361 300 90
0 577.2 12.4773 300 90
0 577.2 12.6782 300 90
0 577.2 12.876 300 90
0 577.2 13.0259 300 90
0 577.2 13.1726 300 90
0 577.2 13.3332 300 90
0 577.2 13.4826 300 90
0 577.2 13.6175 300 90
0 577.2 13.7796 300 90
0 577.2 13.9412 300 90
0 577.2 14.0695 300 90
0 577.2 14.2943 300 90
0 577.2 14.4447 300 90
0 577.2 14.6083 300 90
0 577.2 14.809 300 90
0 577.2 14.9718 300 90
0 577.2 15.2035 300 90
0 577.2 15.3459 300 90
0 577.2 15.5504 300 90
0 577.2 15.693 300 90
0 577.2 15.8484 300 90
0 577.2 16.0411 300 90
0 577.2 16.2457 300 90
0 577.2 16.3978 300 90
0 577.2 16.5464 300 90
0 577.2 16.7046 300 90
0 577.2 16.8663 300 90
0 577.2 17.0091 300 90
0 577.2 17.1558 300 90
0 577.2 17.4217 300 90
0 577.2 17.5603 300 90
0 577.2 17.7135 300 90
0 577.2 17.8665 300 90
0 577.2 18.0219 300 90
0 577.2 18.1609 300 90
0 577.2 18.3158 300 90
0 577.2 18.4682 300 90
0 577.2 18.6211 300 90
0 577.2 18.7494 300 90
0 577.2 18.9324 300 90
0 577.2 19.0896 300 90
0 577.2 19.1538 300 90
0 577.2 19.2786 300 90
0 577.2 19.4223 300 90
0 577.2 19.534 300 90
0 577.2 19.6347 300 90
0 577.2 19.774 300 90
0 577.2 19.9351 300 90
0 577.2 20.0416 300 90
0 577.2 20.1368 300 90
0 577.2 20.2487 300 90
0 577.2 20.3476 300 90
0 577.2 20.4469 300 90
0 577.2 20.5421 300 90
0 577.2 20.6404 300 90
0 577.2 20.7237 300 90
0 577.2 20.8394 300 90
0 577.2 20.9468 300 90
0 577.2 21.0444 300 90
0 577.2 21.1161 300 90
0 577.2 21.1885 300 90
0 577.2 21.296 300 90
0 577.2 21.4059 300 90
0 577.2 21.4776 300 90
0 577.2 21.5652 300 90
0 577.2 21.6412 300 90
0 577.2 21.7459 300 90
0 577.2 21.9082 300 90
0 577.2 22.0177 300 90
0 577.2 22.1268 300 90
0 577.2 22.231 300 90
0 577.2 22.3198 300 90
0 577.2 22.4177 300 90
0 577.2 22.6871 300 90
0 577.2 22.8982 300 90
0 577.2 23.0193 300 90
0 577.2 23.1442 300 90
0 577.2 23.2803 300 90
0 577.2 23.4471 300 90
0 577.2 23.6246 300 90
0 577.2 23.7516 300 90
0 577.2 23.8949 300 90
0 577.2 24.0537 300 90
0 577.2 24.2974 300 90
0 577.2 24.4441 300 90
0 577.2 24.5951 300 90
0 577.2 24.7221 300 90
0 577.2 24.9028 300 90
0 577.2 25.0518 300 90
0 577.2 25.2215 300 90
0 577.2 25.4124 300 90
0 577.2 25.562 300 90
0 577.2 25.7051 300 90
0 577.2 25.9365 300 90
0 577.2 26.0885 300 90
0 577.2 26.2397 300 90
0 577.2 26.3783 300 90
0 577.2 26.5176 300 90
0 577.2 26.6738 300 90
0 577.2 26.8204 300 90
0 577.2 26.9719 300 90
0 577.2 27.0981 300 90
0 577.2 27.3444 300 90
0 577.2 27.4909 300 90
0 577.2 27.7049 300 90
0 577.2 27.888 300 90
0 577.2 28.0514 300 90
0 577.2 28.1958 300 90
0 577.2 28.3664 300 90
0 577.2 28.5025 300 90
0 577.2 28.6593 300 90
0 577.2 28.8555 300 90
0 577.2 29.0097 300 90
0 577.2 29.1609 300 90
0 577.2 29.263 300 90
0 577.2 29.4134 300 90
0 577.2 29.6553 300 90
0 577.2 29.8324 300 90
0 577.2 29.9871 300 90
0 577.2 30.1371 300 90
0 577.2 30.4366 300 90
0 577.2 30.6756 300 90
0 577.2 30.8789 300 90
0 577.2 31.0204 300 90
0 577.2 31.1767 300 90
0 577.2 31.3192 300 90
0 577.2 31.4609 300 90
0 577.2 31.5985 300 90
0 577.2 31.8024 300 90
0 577.2 31.9553 300 90
0 577.2 32.1192 300 90
0 577.2 32.258 300 90
0 577.2 32.4453 300 90
0 577.2 32.5908 300 90
0 577.2 32.7374 300 90
0 577.2 32.9894 300 90
0 577.2 33.1332 300 90
0 577.2 33.2752 300 90
0 577.2 33.5257 300 90
0 577.2 33.7564 300 90
0 577.2 33.9136 300 90
0 577.2 34.0629 300 90
0 577.2 34.2068 300 90
0 577.2 34.4453 300 90
0 577.2 34.671 300 90
0 577.2 34.7644 300 90
0 577.2 34.9187 300 90
0 577.2 35.0823 300 90
0 577.2 35.1787 300 90
0 577.2 35.411 300 90
0 577.2 35.5578 300 90
0 577.2 35.6938 300 90
0 577.2 35.8034 300 90
0 577.2 35.9944 300 90
0 577.2 36.1513 300 90
0 577.2 36.2714 300 90
0 577.2 36.3779 300 90
0 577.2 36.5157 300 90
0 577.2 36.6738 300 90
0 577.2 36.8244 300 90
0 577.2 36.9435 300 90
0 577.2 37.1933 300 90
0 577.2 37.3403 300 90
0 577.2 37.4909 300 90
0 577.2 37.6437 300 90
0 577.2 37.8381 300 90
0 577.2 37.9699 300 90
0 577.2 38.1289 300 90
0 577.2 38.3164 300 90
0 577.2 38.4514 300 90
0 577.2 38.5964 300 90
0 577.2 38.7476 300 90
0 577.2 38.8906 300 90
0 577.2 39.0329 300 90
0 577.2 39.1739 300 90
0 577.2 39.3603 300 90
0 577.2 39.501 300 90
0 577.2 39.6243 300 90
0 577.2 39.8554 300 90
0 577.2 39.9852 300 90
0 577.2 40.1397 300 90
0 577.2 40.2705 300 90
0 577.2 40.4162 300 90
0 577.2 40.5576 300 90
0 577.2 40.6944 300 90
0 577.2 40.841 300 90
0 577.2 40.9671 300 90
0 577.2 41.1027 300 90
0 577.2 41.2434 300 90
0 577.2 41.3657 300 90
0 577.2 41.4957 300 90
0 577.2 41.6218 300 90
0 577.2 41.7193 300 90
0 577.2 41.8504 300 90
0 577.2 41.9718 300 90
0 577.2 42.0866 300 90
0 577.2 42.1571 300 90
0 577.2 42.2919 300 90
0 577.2 42.422 300 90
0 577.2 42.5596 300 90
0 577.2 42.6879 300 90
0 577.2 42.8625 300 90
0 577.2 43.0107 300 90
0 577.2 43.094 300 90
0 577.2 43.2312 300 90
0 577.2 43.332 300 90
0 577.2 43.4506 300 90
0 577.2 43.6447 300 90
0 577.2 43.7826 300 90
0 577.2 43.9628 300 90
0 577.2 44.1977 300 90
0 577.2 44.3395 300 90
0 577.2 44.5367 300 90
0 577.2 44.7025 300 90
0 577.2 44.8935 300 90
0 577.2 45.0242 300 90
0 577.2 45.1412 300 90
0 577.2 45.3302 300 90
0 577.2 45.4555 300 90
0 577.2 45.5774 300 90
0 577.2 45.7512 300 90
0 577.2 45.8764 300 90
0 577.2 46.012 300 90
0 577.2 46.1404 300 90
0 577.2 46.2785 300 90
0 577.2 46.4168 300 90
0 577.2 46.7229 300 90
0 577.2 46.8468 300 90
0 577.2 46.9873 300 90
0 577.2 47.1158 300 90
0 577.2 47.2614 300 90
0 577.2 47.5311 300 90
0 577.2 47.6591 300 90
0 577.2 47.8212 300 90
0 566 47.8428 90
0 566 47.9608 300 90
0 566 48.1001 300 90
0 566 48.2292 300 90
0 566 48.3683 300 90
0 566 48.5002 300 90
0 566 48.6114 300 90
0 566 48.7864 300 90
0 566 48.9178 300 90
0 566 49.1175 300 90
0 566 49.2957 300 90
0 566 49.4203 300 90
0 566 49.5485 300 90
0 566 49.6384 300 90
0 566 49.7081 300 90
0 566 49.8396 300 90
0 566 49.9584 300 90
0 566 50.0702 300 90
0 566 50.2053 300 90
0 566 50.3466 300 90
0 566 50.4808 300 90
0 566 50.6145 300 90
0 566 50.7784 300 90
0 566 50.8942 300 90
0 566 51.0784 300 90
0 566 51.3266 300 90
0 566 51.4631 300 90
0 566 51.5929 300 90
0 566 51.7727 300 90
0 566 51.9083 300 90
0 566 52.0892 300 90
0 566 52.2109 300 90
0 566 52.3192 300 90
0 566 52.4365 300 90
0 566 52.6051 300 90
0 566 52.8335 300 90
0 566 52.9631 300 90
0 566 53.1056 300 90
0 566 53.2757 300 90
0 566 53.4001 300 90
0 566 53.5526 300 90
0 566 53.6777 300 90
0 566 53.8089 300 90
0 566 53.9313 300 90
0 566 54.1064 300 90
0 566 54.2296 300 90
0 566 54.3558 300 90
0 566 54.4766 300 90
0 566 54.6043 300 90
0 566 54.7291 300 90
0 566 54.824 300 90
0 566 54.942 300 90
0 566 55.0638 300 90
0 566 55.1961 300 90
0 566 55.3362 300 90
0 566 55.4556 300 90
0 566 55.6307 300 90
0 566 55.7755 300 90
0 566 55.868 300 90
0 566 55.9913 300 90
0 566 56.1421 300 90
0 566 56.2761 300 90
0 566 56.5151 300 90
0 566 56.6745 300 90
0 566 56.7986 300 90
0 566 56.9222 300 90
0 566 57.0678 300 90
0 566 57.1971 300 90
0 566 57.3191 300 90
0 566 57.4414 300 90
0 566 57.5762 300 90
0 566 57.7512 300 90
0 566 57.9178 300 90
0 566 58.0502 300 90
0 566 58.1929 300 90
0 566 58.3226 300 90
0 566 58.5018 300 90
0 566 58.6775 300 90
0 566 58.8241 300 90
0 566 58.9818 300 90
0 566 59.1084 300 90
0 566 59.2828 300 90
0 566 59.4133 300 90
0 566 59.5415 300 90
0 566 59.7822 300 90
0 566 60.0436 300 90
0 566 60.1666 300 90
0 566 60.2733 300 90
0 566 60.4263 300 90
0 566 60.6356 300 90
0 566 60.7731 300 90
0 566 60.9772 300 90
0 566 61.0527 300 90
0 566 61.1524 300 90
0 566 61.2896 300 90
0 566 61.5261 300 90
0 566 61.6345 300 90
0 566 61.7532 300 90
0 566 61.8912 300 90
0 566 62.0389 300 90
0 566 62.1296 300 90
0 566 62.2965 300 90
0 566 62.4697 300 90
0 566 62.5988 300 90
0 566 62.6806 300 90
0 549.2 62.7064 90
0 549.2 62.7996 300 90
0 549.2 62.9289 300 90
0 549.2 63.0178 300 90
0 549.2 63.1482 300 90
0 549.2 63.2748 300 90
0 549.2 63.4775 300 90
0 549.2 63.649 300 90
0 549.2 63.7398 300 90
0 549.2 63.9147 300 90
0 549.2 64.0079 300 90
0 549.2 64.2046 300 90
0 549.2 64.3219 300 90
0 549.2 64.4402 300 90
0 549.2 64.5546 300 90
0 549.2 64.7185 300 90
0 549.2 64.799 300 90
0 549.2 64.9173 300 90
0 549.2 65.0406 300 90
0 549.2 65.1564 300 90
0 549.2 65.328 300 90
0 549.2 65.4919 300 90
0 549.2 65.6079 300 90
0 549.2 65.7287 300 90
0 549.2 65.8623 300 90
0 549.2 65.9941 300 90
0 549.2 66.1074 300 90
0 549.2 66.2466 300 90
0 549.2 66.4225 300 90
0 549.2 66.5546 300 90
0 549.2 66.6983 300 90
0 549.2 66.7751 300 90
0 549.2 66.9669 300 90
0 549.2 67.0912 300 90
0 549.2 67.2114 300 90
0 549.2 67.3345 300 90
0 549.2 67.4624 300 90
0 549.2 67.5838 300 90
0 549.2 67.7003 300 90
0 549.2 67.8548 300 90
0 549.2 68.0094 300 90
0 549.2 68.1159 300 90
0 549.2 68.2751 300 90
0 549.2 68.3981 300 90
0 549.2 68.5257 300 90
0 549.2 68.6678 300 90
0 549.2 68.8021 300 90
0 549.2 68.9207 300 90
0 549.2 69.0849 300 90
0 549.2 69.2042 300 90
0 549.2 69.2969 300 90
0 549.2 69.4407 300 90
0 549.2 69.6431 300 90
0 549.2 69.7593 300 90
0 549.2 70.0284 300 90
0 549.2 70.1469 300 90
0 549.2 70.3144 300 90
0 549.2 70.4309 300 90
0 549.2 70.6022 300 90
0 549.2 70.7244 300 90
0 549.2 70.8469 300 90
0 549.2 71.0319 300 90
0 549.2 71.1211 300 90
0 549.2 71.2886 300 90
0 549.2 71.4003 300 90
0 549.2 71.5427 300 90
0 549.2 71.7045 300 90
0 549.2 71.914 300 90
0 549.2 72.0965 300 90
0 549.2 72.3023 300 90
0 549.2 72.3883 300 90
0 549.2 72.5121 300 90
0 549.2 72.5995 300 90
0 549.2 72.7264 300 90
0 549.2 72.8464 300 90
0 549.2 72.9764 300 90
0 549.2 73.1094 300 90
0 549.2 73.1945 300 90
0 549.2 73.3514 300 90
0 549.2 73.4883 300 90
0 549.2 73.6239 300 90
0 549.2 73.7166 300 90
0 549.2 73.8704 300 90
0 549.2 74.0005 300 90
0 549.2 74.123 300 90
0 549.2 74.3215 300 90
0 549.2 74.5021 300 90
0 549.2 74.6429 300 90
0 549.2 74.7715 300 90
0 549.2 74.9157 300 90
0 549.2 75.0261 300 90
0 549.2 75.1371 300 90
0 549.2 75.3163 300 90
0 549.2 75.4496 300 90
0 549.2 75.577 300 90
0 549.2 75.6927 300 90
0 549.2 75.9116 300 90
0 549.2 76.0262 300 90
0 549.2 76.2471 300 90
0 549.2 76.471 300 90
0 549.2 76.5971 300 90
0 549.2 76.7541 300 90
0 549.2 76.9608 300 90
0 549.2 77.1374 300 90
0 549.2 77.2695 300 90
0 549.2 77.4329 300 90
0 549.2 77.5439 300 90
0 549.2 77.6779 300 90
0 549.2 77.7939 300 90
0 549.2 77.9113 300 90
0 549.2 77.999 300 90
0 549.2 78.1234 300 90
0 549.2 78.2763 300 90
0 549.2 78.4684 300 90
0 549.2 78.5922 300 90
0 549.2 78.7244 300 90
0 549.2 78.8839 300 90
0 549.2 79.0079 300 90
0 549.2 79.2168 300 90
0 549.2 79.3927 300 90
0 549.2 79.531 300 90
0 549.2 79.6558 300 90
0 549.2 79.7808 300 90
0 549.2 79.9502 300 90
0 549.2 80.0692 300 90
0 549.2 80.2521 300 90
0 549.2 80.3794 300 90
0 549.2 80.4836 300 90
0 549.2 80.6306 300 90
0 549.2 80.7623 300 90
0 549.2 80.8806 300 90
0 549.2 80.9935 300 90
0 549.2 81.2204 300 90
0 549.2 81.3669 300 90
0 549.2 81.4908 300 90
0 549.2 81.6989 300 90
0 549.2 81.8304 300 90
0 549.2 81.916 300 90
0 549.2 82.0538 300 90
0 549.2 82.1942 300 90
0 549.2 82.3723 300 90
0 549.2 82.6078 300 90
0 549.2 82.7626 300 90
0 549.2 82.9038 300 90
0 549.2 83.0452 300 90
0 549.2 83.1985 300 90
0 549.2 83.3281 300 90
0 549.2 83.4546 300 90
0 549.2 83.5789 300 90
0 549.2 83.7954 300 90
0 549.2 83.9326 300 90
0 549.2 84.0548 300 90
0 549.2 84.1716 300 90
0 549.2 84.3052 300 90
0 549.2 84.4371 300 90
0 549.2 84.5629 300 90
0 549.2 84.7475 300 90
0 549.2 84.9513 300 90
0 549.2 85.1592 300 90
0 549.2 85.2834 300 90
0 549.2 85.4102 300 90
0 549.2 85.5298 300 90
0 549.2 85.6121 300 90
0 549.2 85.6953 300 90
0 549.2 85.7899 300 90
0 549.2 85.8666 300 90
0 549.2 85.9574 300 90
0 549.2 86.0307 300 90
0 549.2 86.1058 300 90
0 549.2 86.216 300 90
0 549.2 86.2998 300 90
0 549.2 86.4289 300 90
0 549.2 86.481 300 90
0 549.2 86.5868 300 90
0 549.2 86.6676 300 90
0 549.2 86.7545 300 90
0 549.2 86.8666 300 90
0 549.2 86.9505 300 90
0 549.2 87.0337 300 90
0 549.2 87.1231 300 90
0 549.2 87.2312 300 90
0 549.2 87.3944 300 90
0 549.2 87.5026 300 90
0 549.2 87.5944 300 90
0 549.2 87.6906 300 90
0 549.2 87.8301 300 90
0 549.2 88.0184 300 90
0 549.2 88.2608 300 90
0 549.2 88.3791 300 90
0 549.2 88.4697 300 90
0 549.2 88.5275 300 90
0 549.2 88.6886 300 90
0 549.2 88.8168 300 90
0 549.2 88.9239 300 90
0 549.2 89.0219 300 90
0 549.2 89.1515 300 90
0 549.2 89.3441 300 90
0 549.2 89.4633 300 90
0 549.2 89.5824 300 90
0 549.2 89.7104 300 90
0 549.2 89.8473 300 90
0 549.2 89.9865 300 90
0 549.2 90.1602 300 90
0 549.2 90.2829 300 90
0 549.2 90.4569 300 90
0 549.2 90.5835 300 90
0 549.2 90.6962 300 90
0 549.2 90.8719 300 90
0 549.2 91.0558 300 90
0 549.2 91.2002 300 90
0 549.2 91.3476 300 90
0 549.2 91.5115 300 90
0 549.2 91.6511 300 90
0 549.2 91.7939 300 90
0 549.2 91.8856 300 90
0 549.2 92.0077 300 90
0 549.2 92.2025 300 90
0 549.2 92.3379 300 90
0 549.2 92.4506 300 90
0 549.2 92.6106 300 90
0 549.2 92.7813 300 90
0 549.2 92.9088 300 90
0 549.2 93.0456 300 90
0 549.2 93.1691 300 90
0 549.2 93.3058 300 90
0 549.2 93.5925 300 90
0 549.2 93.7573 300 90
0 549.2 93.9551 300 90
0 549.2 94.1743 300 90
0 549.2 94.3257 300 90
0 549.2 94.4901 300 90
0 549.2 94.6277 300 90
0 549.2 94.8541 300 90
0 549.2 95.014 300 90
0 549.2 95.108 300 90
0 549.2 95.2328 300 90
0 549.2 95.3541 300 90
0 549.2 95.5453 300 90
0 549.2 95.6952 300 90
0 549.2 95.8309 300 90
0 549.2 96.0034 300 90
0 549.2 96.1961 300 90
0 549.2 96.2839 300 90
0 549.2 96.4381 300 90
0 549.2 96.5844 300 90
0 549.2 96.7233 300 90
0 549.2 96.8797 300 90
0 549.2 97.007 300 90
0 549.2 97.2949 300 90
0 549.2 97.4098 300 90
0 549.2 97.5736 300 90
0 549.2 97.7353 300 90
0 549.2 97.8513 300 90
0 549.2 97.983 300 90
0 549.2 98.0711 300 90
0 549.2 98.1947 300 90
0 549.2 98.3983 300 90
0 549.2 98.542 300 90
0 549.2 98.7312 300 90
0 549.2 98.9317 300 90
0 549.2 99.0798 300 90
0 549.2 99.2144 300 90
0 549.2 99.4017 300 90
0 549.2 99.6154 300 90
0 549.2 99.8235 300 90
0 549.2 100.009 300 90
0 549.2 100.089 300 90
0 549.2 100.207 300 90
0 549.2 100.332 300 90
0 549.2 100.471 300 90
0 549.2 100.63 300 90
0 549.2 100.793 300 90
0 549.2 100.922 300 90
0 549.2 101.098 300 90
0 549.2 101.269 300 90
0 549.2 101.451 300 90
0 549.2 101.608 300 90
0 549.2 101.759 300 90
0 549.2 101.929 300 90
0 549.2 102.058 300 90
0 549.2 102.188 300 90
0 549.2 102.324 300 90
0 549.2 102.409 300 90
0 549.2 102.537 300 90
0 549.2 102.751 300 90
0 549.2 102.883 300 90
0 549.2 103.021 300 90
0 549.2 103.247 300 90
0 549.2 103.366 300 90
0 549.2 103.444 300 90
0 549.2 103.565 300 90
0 549.2 103.714 300 90
0 549.2 103.851 300 90
0 549.2 103.963 300 90
0 549.2 104.077 300 90
0 549.2 104.201 300 90
0 549.2 104.335 300 90
0 549.2 104.475 300 90
0 549.2 104.609 300 90
0 549.2 104.737 300 90
0 549.2 104.896 300 90
0 549.2 105.034 300 90
0 549.2 105.146 300 90
0 549.2 105.313 300 90
0 549.2 105.431 300 90
0 549.2 105.588 300 90
0 549.2 105.706 300 90
0 549.2 105.873 300 90
0 549.2 106.012 300 90
0 549.2 106.135 300 90
0 549.2 106.255 300 90
0 549.2 106.349 300 90
0 549.2 106.492 300 90
0 549.2 106.635 300 90
0 549.2 106.791 300 90
0 549.2 106.927 300 90
0 549.2 107.115 300 90
0 549.2 107.284 300 90
0 549.2 107.357 300 90
0 549.2 107.473 300 90
0 549.2 107.597 300 90
0 549.2 107.726 300 90
0 549.2 107.82 300 90
0 549.2 107.977 300 90
0 549.2 108.145 300 90
0 549.2 108.277 300 90
0 549.2 108.421 300 90
0 549.2 108.592 300 90
0 549.2 108.764 300 90
0 549.2 108.919 300 90
0 549.2 109.055 300 90
0 549.2 109.191 300 90
0 549.2 109.322 300 90
0 549.2 109.411 300 90
0 549.2 109.534 300 90
0 549.2 109.66 300 90
0 549.2 109.813 300 90
0 549.2 109.973 300 90
0 549.2 110.076 300 90
0 549.2 110.162 300 90
0 549.2 110.245 300 90
0 549.2 110.339 300 90
0 549.2 110.419 300 90
0 549.2 110.504 300 90
0 549.2 110.592 300 90
0 549.2 110.74 300 90
0 549.2 110.818 300 90
0 549.2 110.953 300 90
0 549.2 111.089 300 90
0 549.2 111.24 300 90
0 549.2 111.377 300 90
0 549.2 111.557 300 90
0 549.2 111.645 300 90
0 549.2 111.769 300 90
0 549.2 111.946 300 90
0 549.2 112.087 300 90
0 549.2 112.242 300 90
0 549.2 112.375 300 90
0 549.2 112.522 300 90
0 549.2 112.663 300 90
0 549.2 112.832 300 90
0 549.2 112.955 300 90
0 549.2 113.074 300 90
0 549.2 113.207 300 90
0 549.2 113.336 300 90
0 549.2 113.451 300 90
0 549.2 113.573 300 90
0 549.2 113.753 300 90
0 549.2 113.877 300 90
0 549.2 113.978 300 90
0 549.2 114.107 300 90
0 549.2 114.254 300 90
0 549.2 114.387 300 90
0 549.2 114.511 300 90
0 549.2 114.638 300 90
0 549.2 114.783 300 90
0 549.2 114.918 300 90
0 549.2 115.049 300 90
0 549.2 115.131 300 90
0 549.2 115.243 300 90
0 549.2 115.399 300 90
0 549.2 115.6 300 90
0 549.2 115.714 300 90
0 549.2 115.838 300 90
0 549.2 115.947 300 90
0 549.2 116.068 300 90
0 549.2 116.182 300 90
0 549.2 116.312 300 90
0 549.2 116.447 300 90
0 549.2 116.569 300 90
0 549.2 116.695 300 90
0 549.2 116.786 300 90
0 549.2 116.916 300 90
0 549.2 117.046 300 90
0 549.2 117.172 300 90
0 549.2 117.277 300 90
0 549.2 117.398 300 90
0 549.2 117.536 300 90
0 549.2 117.679 300 90
0 549.2 117.831 300 90
0 549.2 117.946 300 90
0 549.2 118.075 300 90
0 549.2 118.257 300 90
0 549.2 118.388 300 90
0 549.2 118.5 300 90
0 549.2 118.634 300 90
0 549.2 118.763 300 90
0 549.2 118.919 300 90
0 549.2 119.048 300 90
0 549.2 119.139 300 90
0 549.2 119.252 300 90
0 549.2 119.429 300 90
0 549.2 119.643 300 90
0 549.2 119.764 300 90
0 549.2 119.907 300 90
0 549.2 119.958 300 90
0 549.2 120.081 300 90
0 549.2 120.143 300 90
0 549.2 120.238 300 90
0 549.2 120.323 300 90
0 549.2 120.427 300 90
0 549.2 120.514 300 90
0 549.2 120.618 300 90
0 549.2 120.783 300 90
0 549.2 120.874 300 90
0 549.2 120.998 300 90
0 549.2 121.168 300 90
0 549.2 121.296 300 90
0 549.2 121.38 300 90
0 549.2 121.518 300 90
0 549.2 121.639 300 90
0 549.2 121.818 300 90
0 549.2 121.937 300 90
0 549.2 122.07 300 90
0 549.2 122.201 300 90
0 549.2 122.294 300 90
0 549.2 122.459 300 90
0 549.2 122.645 300 90
0 549.2 122.774 300 90
0 549.2 122.924 300 90
0 549.2 123.109 300 90
0 549.2 123.236 300 91
0 549.2 123.399 300 91
0 549.2 123.572 300 91
0 549.2 123.762 300 91
0 549.2 123.891 300 91
0 549.2 124.008 300 91
0 549.2 124.161 300 91
0 549.2 124.336 300 91
0 549.2 124.545 300 91
0 549.2 124.688 300 91
0 549.2 124.822 300 91
0 549.2 124.955 300 91
0 549.2 125.133 300 91
0 549.2 125.302 300 91
0 549.2 125.437 300 91
0 549.2 125.567 300 91
0 549.2 125.682 300 91
0 549.2 125.832 300 91
0 549.2 125.955 300 91
0 549.2 126.114 300 91
0 549.2 126.242 300 91
0 549.2 126.344 300 91
0 549.2 126.475 300 91
0 549.2 126.601 300 91
0 549.2 126.782 300 91
0 549.2 126.928 300 91
0 549.2 127.066 300 91
0 549.2 127.23 300 91
0 549.2 127.388 300 91
0 549.2 127.518 300 91
0 549.2 127.638 300 91
0 549.2 127.759 300 91
0 549.2 127.843 300 91
0 549.2 127.963 300 91
0 549.2 128.067 300 91
0 549.2 128.184 300 91
0 549.2 128.324 300 91
0 549.2 128.442 300 91
0 549.2 128.553 300 91
0 549.2 128.67 300 91
0 549.2 128.776 300 91
0 549.2 128.908 300 91
0 549.2 129.031 300 91
0 549.2 129.166 300 91
0 549.2 129.369 300 91
0 549.2 129.525 300 91
0 549.2 129.655 300 91
0 549.2 129.764 300 91
0 549.2 129.877 300 91
0 549.2 129.997 300 91
0 549.2 130.13 300 91
0 549.2 130.264 300 91
0 549.2 130.438 300 91
0 549.2 130.553 300 91
0 549.2 130.681 300 91
0 549.2 130.835 300 91
0 549.2 130.965 300 91
0 549.2 131.161 300 91
0 549.2 131.415 300 91
0 549.2 131.518 300 91
0 549.2 131.644 300 91
0 549.2 131.759 300 91
0 549.2 131.939 300 91
0 549.2 132.102 300 91
0 549.2 132.297 300 91
0 549.2 132.451 300 91
0 549.2 132.63 300 91
0 549.2 132.814 300 91
0 549.2 133.024 300 91
0 549.2 133.165 300 91
0 549.2 133.296 300 91
0 549.2 133.443 300 91
0 549.2 133.564 300 91
0 549.2 133.688 300 91
0 549.2 133.798 300 91
0 549.2 133.967 300 91
0 549.2 134.139 300 91
0 549.2 134.263 300 91
0 549.2 134.406 300 91
0 549.2 134.567 300 91
0 549.2 134.69 300 91
0 549.2 134.829 300 91
0 549.2 135.026 300 91
0 549.2 135.108 300 91
0 549.2 135.268 300 91
0 549.2 135.403 300 91
0 549.2 135.525 300 91
0 549.2 135.652 300 91
0 549.2 135.768 300 91
0 549.2 135.941 300 91
0 549.2 136.082 300 91
0 549.2 136.255 300 91
0 549.2 136.434 300 91
0 549.2 136.602 300 91
0 549.2 136.746 300 91
0 549.2 136.856 300 91
0 549.2 136.994 300 91
0 549.2 137.132 300 91
0 549.2 137.266 300 91
0 549.2 137.392 300 91
0 549.2 137.51 300 91
0 549.2 137.712 300 91
0 549.2 137.836 300 91
0 549.2 137.998 300 91
0 549.2 138.212 300 91
0 549.2 138.345 300 91
0 549.2 138.521 300 91
0 549.2 138.687 300 91
0 549.2 138.91 300 91
0 549.2 139.072 300 91
0 549.2 139.289 300 91
0 549.2 139.454 300 91
0 549.2 139.598 300 91
0 549.2 139.782 300 91
0 549.2 139.975 300 91
0 549.2 140.152 300 91
0 549.2 140.233 300 91
0 549.2 140.378 300 91
0 549.2 140.502 300 91
0 549.2 140.619 300 91
0 549.2 140.739 300 91
0 549.2 140.903 300 91
0 549.2 141.025 300 91
0 549.2 141.236 300 91
0 549.2 141.394 300 91
0 549.2 141.597 300 91
0 549.2 141.728 300 91
0 549.2 141.899 300 91
0 549.2 142.042 300 91
0 549.2 142.212 300 91
0 549.2 142.35 300 91
0 549.2 142.472 300 91
0 549.2 142.592 300 91
0 549.2 142.721 300 91
0 549.2 142.793 300 91
0 549.2 142.905 300 91
0 549.2 143.047 300 91
0 549.2 143.127 300 91
0 549.2 143.35 300 91
0 549.2 143.487 300 91
0 549.2 143.694 300 91
0 549.2 143.862 300 91
0 549.2 144.055 300 91
0 549.2 144.18 300 91
0 549.2 144.311 300 91
0 549.2 144.438 300 91
0 549.2 144.567 300 91
0 549.2 144.699 300 91
0 549.2 144.839 300 91
0 549.2 145.029 300 91
0 549.2 145.245 300 91
0 549.2 145.444 300 91
0 549.2 145.611 300 91
0 549.2 145.745 300 91
0 549.2 145.849 300 91
0 549.2 145.992 300 91
0 549.2 146.072 300 91
0 549.2 146.193 300 91
0 549.2 146.31 300 91
0 549.2 146.438 300 91
0 549.2 146.553 300 91
0 549.2 146.788 300 91
0 549.2 146.926 300 91
0 549.2 147.078 300 91
0 549.2 147.274 300 91
0 549.2 147.524 300 91
0 549.2 147.67 300 91
0 549.2 147.747 300 91
0 549.2 147.907 300 91
0 549.2 148.031 300 91
0 549.2 148.195 300 91
0 549.2 148.314 300 91
0 549.2 148.433 300 91
0 549.2 148.6 300 91
0 549.2 148.71 300 91
0 549.2 148.827 300 91
0 549.2 148.969 300 91
0 549.2 149.103 300 91
0 549.2 149.251 300 91
0 549.2 149.403 300 91
0 549.2 149.519 300 91
0 549.2 149.669 300 91
0 549.2 149.794 300 91
0 549.2 149.929 300 91
0 549.2 150.054 300 91
0 549.2 150.135 300 91
0 549.2 150.267 300 91
0 549.2 150.399 300 91
0 549.2 150.524 300 91
0 549.2 150.64 300 91
0 549.2 150.748 300 91
0 549.2 150.826 300 91
0 549.2 150.964 300 91
0 549.2 151.081 300 91
0 549.2 151.24 300 91
0 549.2 151.395 300 91
0 549.2 151.592 300 91
0 549.2 151.725 300 91
0 549.2 151.941 300 91
0 549.2 152.077 300 91
0 549.2 152.2 300 91
0 549.2 152.367 300 91
0 549.2 152.428 300 91
0 549.2 152.535 300 91
0 549.2 152.665 300 91
0 549.2 152.822 300 91
0 549.2 152.966 300 91
0 549.2 153.115 300 91
0 549.2 153.27 300 91
0 549.2 153.422 300 91
0 549.2 153.548 300 91
0 549.2 153.671 300 91
0 549.2 153.834 300 91
0 549.2 153.945 300 91
0 549.2 154.065 300 91
0 549.2 154.212 300 91
0 549.2 154.359 300 91
0 549.2 154.492 300 91
0 549.2 154.638 300 91
0 549.2 154.754 300 91
0 549.2 154.882 300 91
0 549.2 154.973 300 91
0 549.2 155.135 300 91
0 549.2 155.272 300 91
0 549.2 155.379 300 91
0 549.2 155.492 300 91
0 549.2 155.622 300 91
0 549.2 155.735 300 91
0 549.2 155.857 300 91
0 549.2 156.001 300 91
0 549.2 156.13 300 91
0 549.2 156.329 300 91
0 549.2 156.456 300 91
0 549.2 156.611 300 91
0 549.2 156.892 300 91
0 549.2 157.07 300 91
0 549.2 157.207 300 91
0 549.2 157.331 300 91
0 549.2 157.454 300 91
0 549.2 157.539 300 91
0 549.2 157.727 300 91
0 549.2 157.852 300 91
0 549.2 158.024 300 91
0 549.2 158.156 300 91
0 549.2 158.238 300 91
0 549.2 158.48 300 91
0 549.2 158.611 300 91
0 549.2 158.739 300 91
0 549.2 158.892 300 91
0 549.2 159.053 300 91
0 549.2 159.282 300 91
0 549.2 159.42 300 91
0 549.2 159.552 300 91
0 549.2 159.743 300 91
0 549.2 159.845 300 91
0 549.2 159.964 300 91
0 549.2 160.1 300 91
0 549.2 160.188 300 91
0 549.2 160.339 300 91
0 549.2 160.459 300 91
0 549.2 160.579 300 91
0 549.2 160.719 300 91
0 549.2 160.871 300 91
0 549.2 160.987 300 91
0 549.2 161.118 300 91
0 549.2 161.253 300 91
0 549.2 161.4 300 91
0 549.2 161.612 300 91
0 549.2 161.82 300 91
0 549.2 161.949 300 91
0 549.2 162.121 300 91
0 549.2 162.334 300 91
0 549.2 162.464 300 91
0 549.2 162.66 300 91
0 549.2 162.883 300 91
0 549.2 163.015 300 91
0 549.2 163.19 300 91
0 549.2 163.342 300 91
0 549.2 163.481 300 91
0 549.2 163.587 300 91
0 549.2 163.72 300 91
0 549.2 163.849 300 91
0 549.2 163.982 300 91
0 549.2 164.144 300 91
0 549.2 164.278 300 91
0 549.2 164.483 300 91
0 549.2 164.655 300 91
0 549.2 164.779 300 91
0 549.2 164.91 300 91
0 549.2 165.036 300 91
0 549.2 165.157 300 91
0 549.2 165.307 300 91
0 549.2 165.443 300 91
0 549.2 165.57 300 91
0 549.2 165.728 300 91
0 549.2 165.86 300 91
0 549.2 165.982 300 91
0 549.2 166.107 300 91
0 549.2 166.216 300 91
0 549.2 166.388 300 91
0 549.2 166.525 300 91
0 549.2 166.679 300 91
0 549.2 166.837 300 91
0 549.2 166.969 300 91
0 549.2 167.089 300 91
0 549.2 167.216 300 91
0 549.2 167.417 300 91
0 549.2 167.572 300 91
0 549.2 167.811 300 91
0 549.2 167.885 300 91
0 549.2 168.002 300 91
0 549.2 168.121 300 91
0 549.2 168.249 300 91
0 549.2 168.414 300 91
0 549.2 168.537 300 91
0 549.2 168.645 300 91
0 549.2 168.754 300 91
0 549.2 168.846 300 91
0 549.2 168.962 300 91
0 549.2 169.116 300 91
0 549.2 169.272 300 91
0 549.2 169.424 300 91
0 549.2 169.613 300 91
0 549.2 169.722 300 91
0 549.2 169.849 300 91
0 549.2 169.964 300 91
0 549.2 170.085 300 91
0 549.2 170.198 300 91
0 549.2 170.343 300 91
0 549.2 170.519 300 91
0 549.2 170.68 300 91
0 549.2 170.786 300 91
0 549.2 170.957 300 91
0 549.2 171.088 300 91
0 549.2 171.228 300 91
0 549.2 171.447 300 91
0 549.2 171.592 300 91
0 549.2 171.723 300 91
0 549.2 171.81 300 91
0 549.2 171.928 300 91
0 549.2 172.1 300 91
0 549.2 172.246 300 91
0 549.2 172.435 300 91
0 549.2 172.595 300 91
0 549.2 172.727 300 91
0 549.2 172.929 300 91
0 549.2 173.108 300 91
0 549.2 173.242 300 91
0 549.2 173.435 300 91
0 549.2 173.566 300 91
0 549.2 173.688 300 91
0 549.2 173.897 300 91
0 549.2 174.059 300 91
0 549.2 174.312 300 91
0 549.2 174.489 300 91
0 549.2 174.576 300 91
0 549.2 174.723 300 91
0 549.2 174.849 300 91
0 549.2 175.01 300 91
0 549.2 175.201 300 91
0 549.2 175.312 300 91
0 549.2 175.435 300 91
0 549.2 175.553 300 91
0 549.2 175.637 300 91
0 549.2 175.824 300 91
0 549.2 175.944 300 91
0 549.2 176.087 300 91
0 549.2 176.197 300 91
0 549.2 176.32 300 91
0 549.2 176.4 300 91
0 549.2 176.513 300 91
0 549.2 176.642 300 91
0 549.2 176.732 300 91
0 549.2 176.882 300 91
0 549.2 177.031 300 91
0 549.2 177.16 300 91
0 549.2 177.284 300 91
0 549.2 177.411 300 91
0 549.2 177.541 300 91
0 549.2 177.692 300 91
0 549.2 177.826 300 91
0 549.2 177.971 300 91
0 549.2 178.146 300 91
0 549.2 178.274 300 91
0 549.2 178.494 300 91
0 549.2 178.628 300 91
0 549.2 178.81 300 91
0 549.2 178.94 300 91
0 549.2 179.061 300 91
0 549.2 179.184 300 91
0 549.2 179.3 300 91
0 549.2 179.471 300 91
0 549.2 179.607 300 91
0 549.2 179.77 300 91
0 549.2 179.943 300 91
0 549.2 180.115 300 91
0 549.2 180.476 300 91
0 549.2 180.612 300 91
0 549.2 180.739 300 91
0 549.2 180.863 300 91
0 549.2 180.986 300 91
0 549.2 181.204 300 91
0 549.2 181.336 300 91
0 549.2 181.458 300 91
0 549.2 181.622 300 91
0 549.2 181.706 300 91
0 549.2 181.831 300 91
0 549.2 181.971 300 91
0 549.2 182.144 300 91
0 549.2 182.29 300 91
0 549.2 182.429 300 91
0 549.2 182.652 300 91
0 549.2 182.774 300 91
0 549.2 182.895 300 91
0 549.2 183.017 300 91
0 549.2 183.145 300 91
0 549.2 183.279 300 91
0 549.2 183.416 300 91
0 549.2 183.616 300 91
0 549.2 183.745 300 91
0 549.2 183.836 300 91
0 549.2 184.006 300 91
0 549.2 184.141 300 91
0 549.2 184.27 300 91
0 549.2 184.435 300 91
0 549.2 184.671 300 91
0 549.2 184.808 300 91
0 549.2 184.944 300 91
0 549.2 185.162 300 91
0 549.2 185.288 300 91
0 549.2 185.466 300 91
0 549.2 185.598 300 91
0 549.2 185.686 300 91
0 549.2 185.852 300 91
0 549.2 185.981 300 91
0 549.2 186.092 300 91
0 549.2 186.194 300 91
0 549.2 186.314 300 91
0 549.2 186.518 300 91
0 549.2 186.656 300 91
0 549.2 186.868 300 91
0 549.2 187.007 300 91
0 549.2 187.146 300 91
0 549.2 187.276 300 91
0 549.2 187.419 300 91
0 549.2 187.555 300 91
0 549.2 187.688 300 91
0 549.2 187.872 300 91
0 549.2 188.085 300 91
0 549.2 188.221 300 91
0 549.2 188.362 300 91
0 549.2 188.509 300 91
0 549.2 188.655 300 91
0 549.2 188.861 300 91
0 549.2 188.946 300 91
0 549.2 189.128 300 91
0 549.2 189.259 300 91
0 549.2 189.407 300 91
0 549.2 189.497 300 91
0 549.2 189.632 300 91
0 549.2 189.838 300 91
0 549.2 189.962 300 91
0 549.2 190.087 300 91
0 549.2 190.227 300 91
0 549.2 190.496 300 91
0 549.2 190.642 300 91
0 549.2 190.766 300 91
0 549.2 190.946 300 91
0 549.2 191.066 300 91
0 549.2 191.309 300 91
0 549.2 191.451 300 91
0 549.2 191.598 300 91
0 549.2 191.749 300 91
0 549.2 191.879 300 91
0 549.2 192.056 300 91
0 549.2 192.189 300 91
0 549.2 192.344 300 91
0 549.2 192.52 300 91
0 549.2 192.743 300 91
0 549.2 192.944 300 91
0 549.2 193.031 300 91
0 549.2 193.181 300 91
0 549.2 193.331 300 91
0 549.2 193.474 300 91
0 549.2 193.655 300 91
0 549.2 193.842 300 91
0 549.2 193.969 300 91
0 549.2 194.093 300 91
0 549.2 194.215 300 91
0 549.2 194.352 300 91
0 549.2 194.484 300 91
0 549.2 194.615 300 91
0 549.2 194.755 300 91
0 549.2 194.893 300 91
0 549.2 195.068 300 91
0 549.2 195.2 300 91
0 549.2 195.337 300 91
0 549.2 195.467 300 91
0 549.2 195.573 300 91
0 549.2 195.761 300 91
0 549.2 195.892 300 91
0 549.2 196.012 300 91
0 549.2 196.183 300 91
0 549.2 196.326 300 91
0 549.2 196.464 300 91
0 549.2 196.655 300 91
0 549.2 196.922 300 91
0 549.2 197.092 300 91
0 549.2 197.184 300 91
0 549.2 197.344 300 91
0 549.2 197.47 300 91
0 549.2 197.581 300 91
0 549.2 197.706 300 91
0 549.2 197.842 300 91
0 549.2 197.96 300 91
0 549.2 198.171 300 91
0 549.2 198.395 300 91
0 549.2 198.56 300 91
0 549.2 198.688 300 91
0 549.2 198.872 300 91
0 549.2 199.076 300 91
0 549.2 199.258 300 91
0 549.2 199.413 300 91
0 549.2 199.547 300 91
0 549.2 199.666 300 91
0 549.2 199.927 300 91
0 549.2 200.093 300 91
0 549.2 200.275 300 91
0 549.2 200.4 300 91
0 549.2 200.495 300 91
0 549.2 200.7 300 91
0 549.2 200.829 300 91
0 549.2 200.991 300 91
0 549.2 201.222 300 91
0 549.2 201.377 300 91
0 549.2 201.586 300 91
0 549.2 201.799 300 91
0 549.2 201.903 300 91
0 549.2 202.006 300 91
0 549.2 202.134 300 91
0 549.2 202.265 300 91
0 549.2 202.453 300 91
0 549.2 202.579 300 91
0 549.2 202.706 300 91
0 549.2 202.865 300 91
0 549.2 203.033 300 91
0 549.2 203.157 300 91
0 549.2 203.306 300 91
0 549.2 203.477 300 91
0 549.2 203.671 300 91
0 549.2 203.875 300 91
0 549.2 204.031 300 91
0 549.2 204.199 300 91
0 549.2 204.324 300 91
0 549.2 204.619 300 91
0 549.2 204.755 300 91
0 549.2 204.89 300 91
0 549.2 205.026 300 91
0 549.2 205.23 300 91
0 549.2 205.403 300 91
0 549.2 205.527 300 91
0 549.2 205.614 300 91
0 549.2 205.706 300 91
0 549.2 205.822 300 91
0 549.2 206.034 300 91
0 549.2 206.167 300 91
0 549.2 206.308 300 91
0 549.2 206.546 300 91
0 549.2 206.697 300 91
0 549.2 206.813 300 91
0 549.2 206.9 300 91
0 549.2 206.988 300 91
0 549.2 207.166 300 91
0 549.2 207.361 300 91
0 549.2 207.604 300 91
0 549.2 207.89 300 91
0 549.2 208.092 300 91
0 549.2 208.275 300 91
0 549.2 208.484 300 91
0 549.2 208.657 300 91
0 549.2 208.874 300 91
0 549.2 209.087 300 91
0 549.2 209.268 300 91
0 549.2 209.433 300 91
0 549.2 209.609 300 91
0 549.2 209.793 300 91
0 549.2 209.962 300 91
0 549.2 210.142 300 91
0 549.2 210.312 300 91
0 549.2 210.562 300 91
0 549.2 210.775 300 91
0 549.2 210.956 300 91
0 549.2 211.155 300 91
0 549.2 211.347 300 91
0 549.2 211.691 300 91
0 549.2 211.852 300 91
0 549.2 212.064 300 91
0 549.2 212.334 300 91
0 549.2 212.47 300 91
0 549.2 212.655 300 91
0 549.2 212.782 300 91
0 549.2 212.974 300 91
0 549.2 213.145 300 91
0 549.2 213.323 300 91
0 549.2 213.508 300 91
0 549.2 213.756 300 91
0 549.2 213.941 300 91
0 549.2 214.116 300 91
0 549.2 214.332 300 91
0 549.2 214.508 300 91
0 549.2 214.714 300 91
0 549.2 214.928 300 91
0 549.2 215.137 300 91
0 549.2 215.32 300 91
0 549.2 215.477 300 91
0 549.2 215.641 300 91
0 549.2 215.811 300 91
0 549.2 215.957 300 91
0 549.2 216.246 300 91
0 549.2 216.372 300 91
0 549.2 216.546 300 91
0 549.2 216.715 300 91
0 549.2 216.947 300 91
0 549.2 217.207 300 91
0 549.2 217.379 300 91
0 549.2 217.476 300 91
0 549.2 217.654 300 91
0 549.2 217.823 300 91
0 549.2 217.997 300 91
0 549.2 218.217 300 91
0 549.2 218.396 300 91
0 549.2 218.583 300 91
0 549.2 218.737 300 91
0 549.2 218.928 300 91
0 549.2 219.081 300 91
0 549.2 219.258 300 91
0 549.2 219.494 300 91
0 549.2 219.667 300 91
0 549.2 219.851 300 91
0 549.2 220.014 300 91
0 549.2 220.182 300 91
0 549.2 220.358 300 91
0 549.2 220.514 300 91
0 549.2 220.782 300 91
0 549.2 220.967 300 91
0 549.2 221.081 300 91
0 549.2 221.237 300 91
0 549.2 221.401 300 91
0 549.2 221.669 300 91
0 549.2 221.852 300 91
0 549.2 222.017 300 91
0 549.2 222.195 300 91
0 549.2 222.363 300 91
0 549.2 222.584 300 91
0 549.2 222.677 300 91
0 549.2 222.756 300 91
0 549.2 222.854 300 91
0 549.2 222.97 300 91
0 549.2 223.056 300 91
0 549.2 223.183 300 91
0 549.2 223.288 300 91
0 549.2 223.402 300 91
0 549.2 223.527 300 91
0 549.2 223.709 300 91
0 549.2 223.827 300 91
0 549.2 223.943 300 91
0 549.2 224.021 300 91
0 549.2 224.176 300 91
0 549.2 224.297 300 91
0 549.2 224.559 300 91
0 549.2 224.682 300 91
0 549.2 224.768 300 91
0 549.2 224.94 300 91
0 549.2 225.088 300 91
0 549.2 225.203 300 91
0 549.2 225.346 300 91
0 549.2 225.487 300 91
0 549.2 225.689 300 91
0 549.2 225.868 300 91
0 549.2 225.994 300 91
0 549.2 226.124 300 91
0 549.2 226.269 300 91
0 549.2 226.434 300 91
0 549.2 226.562 300 91
0 549.2 226.702 300 91
0 549.2 226.855 300 91
0 549.2 227.064 300 91
0 549.2 227.191 300 91
0 549.2 227.376 300 91
0 549.2 227.525 300 91
0 549.2 227.655 300 91
0 549.2 227.771 300 91
0 549.2 227.945 300 91
0 549.2 228.07 300 91
0 549.2 228.24 300 91
0 549.2 228.369 300 91
0 549.2 228.492 300 91
0 549.2 228.661 300 91
0 549.2 228.869 300 91
0 549.2 229.01 300 91
0 549.2 229.163 300 91
0 549.2 229.39 300 91
0 549.2 229.539 300 91
0 549.2 229.662 300 91
0 549.2 229.814 300 91
0 549.2 229.954 300 91
0 549.2 230.075 300 91
0 549.2 230.207 300 91
0 549.2 230.404 300 91
0 549.2 230.536 300 91
0 549.2 230.679 300 91
0 549.2 230.824 300 91
0 549.2 231.028 300 91
0 549.2 231.203 300 91
0 549.2 231.34 300 91
0 549.2 231.48 300 91
0 549.2 231.635 300 91
0 549.2 231.862 300 91
0 549.2 231.973 300 91
0 549.2 232.117 300 91
0 549.2 232.297 300 91
0 549.2 232.375 300 91
0 549.2 232.507 300 91
0 549.2 232.638 300 91
0 549.2 232.754 300 91
0 549.2 232.877 300 91
0 549.2 232.997 300 91
0 549.2 233.201 300 91
0 549.2 233.347 300 91
0 549.2 233.562 300 91
0 549.2 233.708 300 91
0 549.2 233.849 300 91
0 549.2 233.953 300 91
0 549.2 234.15 300 91
0 549.2 234.28 300 91
0 549.2 234.484 300 91
0 549.2 234.616 300 91
0 549.2 234.739 300 91
0 549.2 234.884 300 91
0 549.2 235.011 300 91
0 549.2 235.103 300 91
0 549.2 235.233 300 91
0 549.2 235.346 300 91
0 549.2 235.475 300 91
0 549.2 235.607 300 91
0 549.2 235.73 300 91
0 549.2 235.982 300 91
0 549.2 236.102 300 91
0 549.2 236.323 300 91
0 549.2 236.474 300 91
0 549.2 236.608 300 91
0 549.2 236.738 300 91
0 549.2 236.859 300 91
0 549.2 237.001 300 91
0 549.2 237.132 300 91
0 549.2 237.272 300 91
0 549.2 237.438 300 91
0 549.2 237.588 300 91
0 549.2 237.755 300 91
0 549.2 237.909 300 91
0 549.2 238.117 300 91
0 549.2 238.298 300 91
0 549.2 238.448 300 91
0 549.2 238.764 300 91
0 549.2 238.911 300 91
0 549.2 239.089 300 91
0 549.2 239.269 300 91
0 549.2 239.487 300 91
0 549.2 239.618 300 91
0 549.2 239.853 300 91
0 549.2 239.987 300 91
0 549.2 240.107 300 91
0 549.2 240.319 300 91
0 549.2 240.5 300 91
0 549.2 240.653 300 91
0 549.2 240.817 300 91
0 549.2 241.034 300 91
0 549.2 241.172 300 91
0 549.2 241.367 300 91
0 549.2 241.554 300 91
0 549.2 241.77 300 91
0 549.2 241.938 300 91
0 549.2 242.152 300 91
0 549.2 242.282 300 91
0 549.2 242.447 300 91
0 549.2 242.631 300 91
0 549.2 242.838 300 91
0 549.2 242.976 300 91
0 549.2 243.114 300 91
0 549.2 243.294 300 91
0 549.2 243.483 300 91
0 549.2 243.723 300 91
0 549.2 243.861 300 91
0 549.2 243.99 300 91
0 549.2 244.138 300 91
0 549.2 244.297 300 91
0 549.2 244.482 300 91
0 549.2 244.605 300 91
0 549.2 244.743 300 91
0 549.2 244.921 300 91
0 549.2 245.093 300 91
0 549.2 245.241 300 91
0 549.2 245.42 300 91
0 549.2 245.585 300 91
0 549.2 245.756 300 91
0 549.2 245.949 300 91
0 549.2 246.102 300 91
0 549.2 246.253 300 91
0 549.2 246.494 300 91
0 549.2 246.668 300 91
0 549.2 246.803 300 91
0 549.2 246.941 300 91
0 549.2 247.088 300 91
0 549.2 247.279 300 91
0 549.2 247.448 300 91
0 549.2 247.608 300 91
0 549.2 247.757 300 91
0 549.2 247.896 300 91
0 549.2 248.162 300 91
0 549.2 248.368 300 91
0 549.2 248.579 300 91
0 549.2 248.748 300 91
0 549.2 248.886 300 91
0 549.2 248.999 300 91
0 549.2 249.284 300 91
0 549.2 249.477 300 91
0 549.2 249.692 300 91
0 549.2 249.906 300 91
0 549.2 250.112 300 91
0 549.2 250.363 300 91
0 549.2 250.542 300 91
0 549.2 250.798 300 91
0 549.2 250.998 300 91
0 549.2 251.202 300 91
0 549.2 251.395 300 91
0 549.2 251.608 300 91
0 549.2 251.922 300 91
0 549.2 252.232 300 91
0 549.2 252.437 300 91
0 549.2 252.659 300 91
0 549.2 252.877 300 91
0 549.2 253.051 300 91
0 549.2 253.34 300 91
0 549.2 253.535 300 91
0 549.2 253.898 300 91
0 549.2 254.135 300 91
0 549.2 254.423 300 91
0 549.2 254.612 300 91
0 549.2 254.782 300 91
0 549.2 254.979 300 91
0 549.2 255.181 300 91
0 549.2 255.517 300 91
0 549.2 255.836 300 91
0 549.2 255.968 300 91
0 549.2 256.215 300 91
0 549.2 256.429 300 91
0 549.2 256.642 300 91
0 549.2 256.811 300 91
0 549.2 257.003 300 91
0 549.2 257.245 300 91
0 549.2 257.466 300 91
0 549.2 257.664 300 91
0 549.2 257.96 300 91
0 549.2 258.255 300 91
0 549.2 258.42 300 91
0 549.2 258.597 300 91
0 549.2 258.795 300 91
0 549.2 259.115 300 91
0 549.2 259.334 300 91
0 549.2 259.529 300 91
0 549.2 259.724 300 91
0 549.2 260.01 300 91
0 549.2 260.275 300 91
0 549.2 260.444 300 91
0 549.2 260.642 300 91
0 549.2 260.838 300 91
0 549.2 261.11 300 91
0 549.2 261.256 300 91
0 549.2 261.448 300 91
0 549.2 261.648 300 91
0 549.2 261.837 300 91
0 549.2 262.116 300 91
0 549.2 262.32 300 91
0 549.2 262.513 300 91
0 549.2 262.815 300 91
0 549.2 263.008 300 91
0 549.2 263.183 300 91
0 549.2 263.386 300 91
0 549.2 263.594 300 91
0 549.2 263.795 300 91
0 549.2 264.018 300 91
0 549.2 264.256 300 91
0 549.2 264.442 300 91
0 549.2 264.619 300 91
0 549.2 264.795 300 91
0 549.2 265.033 300 91
0 549.2 265.3 300 91
0 549.2 265.48 300 91
0 549.2 265.695 300 91
0 549.2 265.863 300 91
0 549.2 266.026 300 91
0 549.2 266.344 300 91
0 549.2 266.546 300 91
0 549.2 266.706 300 91
0 549.2 266.822 300 91
0 549.2 267.004 300 91
0 549.2 267.13 300 91
0 549.2 267.296 300 91
0 549.2 267.467 300 91
0 549.2 267.704 300 91
0 549.2 267.842 300 91
0 549.2 268.032 300 91
0 549.2 268.205 300 91
0 549.2 268.379 300 91
0 549.2 268.596 300 91
0 549.2 268.795 300 91
0 549.2 269.076 300 91
0 549.2 269.191 300 91
0 549.2 269.373 300 91
0 549.2 269.598 300 91
0 549.2 269.779 300 91
0 549.2 269.976 300 91
0 549.2 270.208 300 91
0 549.2 270.325 300 91
0 549.2 270.573 300 91
0 549.2 270.747 300 91
0 549.2 271.042 300 91
0 549.2 271.268 300 91
0 549.2 271.448 300 91
0 549.2 271.626 300 91
0 549.2 271.792 300 91
0 549.2 271.978 300 91
0 549.2 272.085 300 91
0 549.2 272.279 300 91
0 549.2 272.508 300 91
0 549.2 272.619 300 91
0 549.2 272.801 300 91
0 549.2 273.055 300 91
0 549.2 273.207 300 91
0 549.2 273.377 300 91
0 549.2 273.546 300 91
0 549.2 273.763 300 91
0 549.2 273.902 300 91
0 549.2 274.065 300 91
0 549.2 274.236 300 91
0 549.2 274.507 300 91
0 549.2 274.704 300 91
0 549.2 274.892 300 91
0 549.2 275.06 300 91
0 549.2 275.258 300 91
0 549.2 275.448 300 91
0 549.2 275.672 300 91
0 549.2 275.842 300 91
0 549.2 276.143 300 91
0 549.2 276.297 300 91
0 549.2 276.477 300 91
0 549.2 276.692 300 91
0 549.2 276.961 300 91
0 549.2 277.171 300 91
0 549.2 277.315 300 91
0 549.2 277.45 300 91
0 549.2 277.609 300 91
0 549.2 277.783 300 91
0 549.2 277.914 300 91
0 549.2 278.034 300 91
0 549.2 278.125 300 91
0 549.2 278.228 300 91
0 549.2 278.364 300 91
0 549.2 278.5 300 91
0 549.2 278.688 300 91
0 549.2 278.884 300 91
0 549.2 279.079 300 91
0 549.2 279.277 300 91
0 549.2 279.408 300 91
0 549.2 279.626 300 91
0 549.2 279.763 300 91
0 549.2 279.893 300 91
0 549.2 280.046 300 91
0 549.2 280.176 300 91
0 549.2 280.302 300 91
0 549.2 280.462 300 91
0 549.2 280.665 300 91
0 549.2 280.799 300 91
0 549.2 281.019 300 91
0 549.2 281.163 300 91
0 549.2 281.327 300 91
0 549.2 281.453 300 91
0 549.2 281.583 300 91
0 549.2 281.731 300 91
0 549.2 281.867 300 91
0 549.2 282.031 300 91
0 549.2 282.163 300 91
0 549.2 282.287 300 91
0 549.2 282.413 300 91
0 549.2 282.546 300 91
0 549.2 282.678 300 91
0 549.2 282.877 300 91
0 549.2 283.113 300 91
0 549.2 283.242 300 91
0 549.2 283.387 300 91
0 549.2 283.516 300 91
0 549.2 283.644 300 91
0 549.2 283.785 300 91
0 549.2 283.924 300 91
0 549.2 284.076 300 91
0 549.2 284.206 300 91
0 549.2 284.38 300 91
0 549.2 284.506 300 91
0 549.2 284.64 300 91
0 549.2 284.787 300 91
0 549.2 284.927 300 91
0 549.2 285.119 300 91
0 549.2 285.31 300 91
0 549.2 285.498 300 91
0 549.2 285.588 300 91
0 549.2 285.79 300 91
0 549.2 285.906 300 91
0 549.2 286.078 300 91
0 549.2 286.198 300 91
0 549.2 286.295 300 91
0 549.2 286.44 300 91
0 549.2 286.573 300 91
0 549.2 286.717 300 91
0 549.2 286.882 300 91
0 549.2 287.07 300 91
0 549.2 287.193 300 91
0 549.2 287.336 300 91
0 549.2 287.527 300 91
0 549.2 287.647 300 91
0 549.2 287.803 300 91
0 549.2 288.021 300 91
0 549.2 288.248 300 91
0 549.2 288.374 300 91
0 549.2 288.46 300 91
0 549.2 288.58 300 91
0 549.2 288.672 300 91
0 549.2 288.973 300 91
0 549.2 289.074 300 91
0 549.2 289.203 300 91
0 549.2 289.381 300 91
0 549.2 289.542 300 91
0 549.2 289.722 300 91
0 549.2 289.855 300 91
0 549.2 289.994 300 91
0 549.2 290.166 300 91
0 549.2 290.299 300 91
0 549.2 290.426 300 91
0 549.2 290.571 300 91
0 549.2 290.751 300 91
0 549.2 290.896 300 91
0 549.2 291.041 300 91
0 549.2 291.262 300 91
0 549.2 291.356 300 91
0 549.2 291.578 300 91
0 549.2 291.705 300 91
0 549.2 291.836 300 91
0 549.2 291.98 300 91
0 549.2 292.172 300 91
0 549.2 292.308 300 91
0 549.2 292.501 300 91
0 549.2 292.643 300 91
0 549.2 292.742 300 91
0 549.2 292.939 300 91
0 549.2 293.217 300 91
0 549.2 293.364 300 91
0 549.2 293.509 300 91
0 549.2 293.747 300 91
0 549.2 293.855 300 91
0 549.2 294.086 300 91
0 549.2 294.305 300 91
0 549.2 294.526 300 91
0 549.2 294.667 300 91
0 549.2 294.823 300 91
0 549.2 295.054 300 91
0 549.2 295.263 300 91
0 549.2 295.403 300 91
0 549.2 295.564 300 91
0 549.2 295.799 300 91
0 549.2 295.977 300 91
0 549.2 296.224 300 91
0 549.2 296.354 300 91
0 549.2 296.544 300 91
0 549.2 296.781 300 91
0 549.2 296.921 300 91
0 549.2 297.051 300 91
0 549.2 297.21 300 91
0 549.2 297.385 300 91
0 549.2 297.516 300 91
0 549.2 297.688 300 91
0 549.2 297.854 300 91
0 549.2 297.996 300 91
0 549.2 298.135 300 91
0 549.2 298.264 300 91
0 549.2 298.398 300 91
0 549.2 298.498 300 91
0 549.2 298.639 300 91
0 549.2 298.781 300 91
0 549.2 298.967 300 91
0 549.2 299.116 300 91
0 549.2 299.261 300 91
0 549.2 299.431 300 91
0 549.2 299.686 300 91
0 549.2 299.822 300 91
0 549.2 300.024 300 91
0 549.2 300.24 300 91
0 549.2 300.386 300 91
0 549.2 300.525 300 91
0 549.2 300.76 300 91
0 549.2 300.921 300 91
0 549.2 301.118 300 91
0 549.2 301.255 300 91
0 549.2 301.422 300 91
0 549.2 301.57 300 91
0 549.2 301.708 300 91
0 549.2 301.886 300 91
0 549.2 302.06 300 91
0 549.2 302.187 300 91
0 549.2 302.392 300 91
0 549.2 302.53 300 91
0 549.2 302.668 300 91
0 549.2 302.906 300 91
0 549.2 303.134 300 91
0 549.2 303.268 300 91
0 549.2 303.417 300 91
0 549.2 303.563 300 91
0 549.2 303.7 300 91
0 549.2 303.828 300 91
0 549.2 303.978 300 91
0 549.2 304.127 300 91
0 549.2 304.269 300 91
0 549.2 304.428 300 91
0 549.2 304.614 300 91
0 549.2 304.815 300 91
0 549.2 304.906 300 91
0 549.2 305.024 300 91
0 549.2 305.085 300 91
0 549.2 305.179 300 91
0 549.2 305.32 300 91
0 549.2 305.473 300 91
0 549.2 305.588 300 91
0 549.2 305.752 300 91
0 549.2 305.822 300 91
0 549.2 305.896 300 91
0 549.2 305.983 300 91
0 549.2 306.081 300 91
0 549.2 306.183 300 91
0 549.2 306.265 300 91
0 549.2 306.367 300 91
0 549.2 306.458 300 91
0 549.2 306.555 300 91
0 549.2 306.652 300 91
0 549.2 306.747 300 91
0 549.2 306.839 300 91
0 549.2 306.932 300 91
0 549.2 307.052 300 91
0 549.2 307.166 300 91
0 549.2 307.326 300 91
0 549.2 307.431 300 91
0 549.2 307.554 300 91
0 549.2 307.66 300 91
0 549.2 307.8 300 91
0 549.2 307.931 300 91
0 549.2 308.106 300 91
0 549.2 308.319 300 91
0 549.2 308.433 300 91
0 549.2 308.571 300 91
0 549.2 308.705 300 91
0 549.2 308.861 300 91
0 549.2 308.964 300 91
0 549.2 309.042 300 91
0 549.2 309.131 300 91
0 549.2 309.22 300 91
0 549.2 309.334 300 91
0 549.2 309.415 300 91
0 549.2 309.513 300 91
0 549.2 309.657 300 91
0 549.2 309.782 300 91
0 549.2 309.873 300 91
0 549.2 309.979 300 91
0 549.2 310.077 300 91
0 549.2 310.165 300 91
0 549.2 310.264 300 91
0 549.2 310.359 300 91
0 549.2 310.495 300 91
0 549.2 310.651 300 91
0 549.2 310.772 300 91
0 549.2 310.932 300 91
0 549.2 311.021 300 91
0 549.2 311.175 300 91
0 549.2 311.313 300 91
0 549.2 311.436 300 91
0 549.2 311.59 300 91
0 549.2 311.774 300 91
0 549.2 311.91 300 91
0 549.2 312.061 300 91
0 549.2 312.247 300 91
0 549.2 312.447 300 91
0 549.2 312.561 300 91
0 549.2 312.74 300 91
0 549.2 312.967 300 91
0 549.2 313.108 300 91
0 549.2 313.254 300 91
0 549.2 313.463 300 91
0 549.2 313.636 300 91
0 549.2 313.768 300 91
0 549.2 313.895 300 91
0 549.2 314.015 300 91
0 549.2 314.285 300 91
0 549.2 314.438 300 91
0 549.2 314.668 300 91
0 549.2 314.813 300 91
0 549.2 315.003 300 91
0 549.2 315.166 300 91
0 549.2 315.332 300 91
0 549.2 315.492 300 91
0 549.2 315.705 300 91
0 549.2 315.867 300 91
0 549.2 316.028 300 91
0 549.2 316.188 300 91
0 549.2 316.353 300 91
0 549.2 316.484 300 91
0 549.2 316.625 300 91
0 549.2 316.808 300 91
0 549.2 316.93 300 91
0 549.2 317.133 300 91
0 549.2 317.301 300 91
0 549.2 317.433 300 91
0 549.2 317.559 300 91
0 549.2 317.683 300 91
0 549.2 317.819 300 91
0 549.2 317.958 300 91
0 549.2 318.097 300 91
0 549.2 318.235 300 91
0 549.2 318.371 300 91
0 549.2 318.463 300 91
0 549.2 318.598 300 91
0 549.2 318.823 300 91
0 549.2 318.982 300 91
0 549.2 319.134 300 91
0 549.2 319.241 300 91
0 549.2 319.392 300 91
0 549.2 319.603 300 91
0 549.2 319.737 300 91
0 549.2 319.958 300 91
0 549.2 320.091 300 91
0 549.2 320.245 300 91
0 549.2 320.376 300 91
0 549.2 320.517 300 91
0 549.2 320.658 300 91
0 549.2 320.836 300 91
0 549.2 320.975 300 91
0 549.2 321.136 300 91
0 549.2 321.279 300 91
0 549.2 321.492 300 91
0 549.2 321.654 300 91
0 549.2 321.803 300 91
0 549.2 321.979 300 91
0 549.2 322.242 300 91
0 549.2 322.422 300 91
0 549.2 322.593 300 91
0 549.2 322.725 300 91
0 549.2 322.841 300 91
0 549.2 322.955 300 91
0 549.2 323.016 300 91
0 549.2 323.105 300 91
0 549.2 323.233 300 91
0 549.2 323.345 300 91
0 549.2 323.437 300 91
0 549.2 323.532 300 91
0 549.2 323.628 300 91
0 549.2 323.724 300 91
0 549.2 323.854 300 91
0 549.2 323.955 300 91
0 549.2 324.094 300 91
0 549.2 324.215 300 91
0 549.2 324.343 300 91
0 549.2 324.489 300 91
0 549.2 324.658 300 91
0 549.2 324.81 300 91
0 549.2 324.954 300 91
0 549.2 325.101 300 91
0 549.2 325.245 300 91
0 549.2 325.462 300 91
0 549.2 325.655 300 91
0 549.2 325.806 300 91
0 549.2 325.907 300 91
0 549.2 326.053 300 91
0 549.2 326.18 300 91
0 549.2 326.381 300 91
0 549.2 326.566 300 91
0 549.2 326.699 300 91
0 549.2 326.824 300 91
0 549.2 327 300 91
0 549.2 327.175 300 91
0 549.2 327.295 300 91
0 549.2 327.47 300 91
0 549.2 327.57 300 91
0 549.2 327.705 300 91
0 549.2 327.817 300 91
0 549.2 327.955 300 91
0 549.2 328.097 300 91
0 549.2 328.232 300 91
0 549.2 328.347 300 91
0 549.2 328.495 300 91
0 549.2 328.692 300 91
0 549.2 328.874 300 91
0 549.2 329.087 300 91
0 549.2 329.228 300 91
0 549.2 329.313 300 91
0 549.2 329.453 300 91
0 549.2 329.579 300 91
0 549.2 329.764 300 91
0 549.2 329.921 300 91
0 549.2 330.161 300 91
0 549.2 330.478 300 91
0 549.2 330.625 300 91
0 549.2 330.76 300 91
0 549.2 330.94 300 91
0 549.2 331.079 300 91
0 549.2 331.199 300 91
0 549.2 331.339 300 91
0 549.2 331.539 300 91
0 549.2 331.67 300 91
0 549.2 331.809 300 91
0 549.2 331.954 300 91
0 549.2 332.064 300 91
0 549.2 332.215 300 91
0 549.2 332.396 300 91
0 549.2 332.536 300 91
0 549.2 332.632 300 91
0 549.2 332.765 300 91
0 549.2 332.945 300 91
0 549.2 333.09 300 91
0 549.2 333.261 300 91
0 549.2 333.437 300 91
0 549.2 333.575 300 91
0 549.2 333.722 300 91
0 549.2 333.861 300 91
0 549.2 333.972 300 91
0 549.2 334.056 300 91
0 549.2 334.206 300 91
0 549.2 334.338 300 91
0 549.2 334.452 300 91
0 549.2 334.59 300 91
0 549.2 334.714 300 91
0 549.2 334.81 300 91
0 549.2 334.932 300 91
0 549.2 335.081 300 91
0 549.2 335.257 300 91
0 549.2 335.441 300 91
0 549.2 335.612 300 91
0 549.2 335.758 300 91
0 549.2 335.951 300 91
0 549.2 336.091 300 91
0 549.2 336.235 300 91
0 549.2 336.392 300 91
0 549.2 336.542 300 91
0 549.2 336.677 300 91
0 549.2 336.829 300 91
0 549.2 336.976 300 91
0 549.2 337.119 300 91
0 549.2 337.265 300 91
0 549.2 337.502 300 91
0 549.2 337.646 300 91
0 549.2 337.795 300 91
0 549.2 337.943 300 91
0 549.2 338.085 300 91
0 549.2 338.222 300 91
0 549.2 338.354 300 91
0 549.2 338.487 300 91
0 549.2 338.669 300 91
0 549.2 338.82 300 91
0 549.2 339.068 300 91
0 549.2 339.211 300 91
0 549.2 339.439 300 91
0 549.2 339.57 300 91
0 549.2 339.757 300 91
0 549.2 339.914 300 91
0 549.2 340.051 300 91
0 549.2 340.201 300 91
0 549.2 340.372 300 91
0 549.2 340.59 300 91
0 549.2 340.738 300 91
0 549.2 340.882 300 91
0 549.2 341.025 300 91
0 549.2 341.172 300 91
0 549.2 341.314 300 91
0 549.2 341.494 300 91
0 549.2 341.686 300 91
0 549.2 341.82 300 91
0 549.2 341.973 300 91
0 549.2 342.084 300 91
0 549.2 342.182 300 91
0 549.2 342.308 300 91
0 549.2 342.412 300 91
0 549.2 342.494 300 91
0 549.2 342.586 300 91
0 549.2 342.685 300 91
0 549.2 342.82 300 91
0 549.2 342.951 300 91
0 549.2 343.081 300 91
0 549.2 343.22 300 91
0 549.2 343.346 300 91
0 549.2 343.466 300 91
0 549.2 343.596 300 91
0 549.2 343.818 300 91
0 549.2 344 300 91
0 549.2 344.148 300 91
0 549.2 344.271 300 91
0 549.2 344.407 300 91
0 549.2 344.525 300 91
0 549.2 344.7 300 91
0 549.2 344.792 300 91
0 549.2 344.929 300 91
0 549.2 345.076 300 91
0 549.2 345.209 300 91
0 549.2 345.291 300 91
0 549.2 345.418 300 91
0 549.2 345.564 300 91
0 549.2 345.706 300 91
0 549.2 345.815 300 91
0 549.2 345.966 300 91
0 549.2 346.124 300 91
0 549.2 346.244 300 91
0 549.2 346.404 300 91
0 549.2 346.6 300 91
0 549.2 346.761 300 91
0 549.2 346.887 300 91
0 549.2 347.02 300 91
0 549.2 347.195 300 91
0 549.2 347.32 300 91
0 549.2 347.452 300 91
0 549.2 347.624 300 91
0 549.2 347.756 300 91
0 549.2 347.897 300 91
0 549.2 348.054 300 91
0 549.2 348.3 300 91
0 549.2 348.453 300 91
0 549.2 348.579 300 91
0 549.2 348.717 300 91
0 549.2 348.86 300 91
0 549.2 348.984 300 91
0 549.2 349.169 300 91
0 549.2 349.381 300 91
0 549.2 349.515 300 91
0 549.2 349.684 300 91
0 549.2 349.832 300 91
0 549.2 349.984 300 91
0 549.2 350.133 300 91
0 549.2 350.377 300 91
0 549.2 350.503 300 91
0 549.2 350.627 300 91
0 549.2 350.749 300 91
0 549.2 350.878 300 91
0 549.2 351.105 300 91
0 549.2 351.27 300 91
0 549.2 351.397 300 91
0 549.2 351.561 300 91
0 549.2 351.799 300 91
0 549.2 351.98 300 91
0 549.2 352.153 300 91
0 549.2 352.306 300 91
0 549.2 352.447 300 91
0 549.2 352.613 300 91
0 549.2 352.756 300 91
0 549.2 352.895 300 91
0 549.2 353.035 300 91
0 549.2 353.201 300 91
0 549.2 353.345 300 91
0 549.2 353.575 300 91
0 549.2 353.701 300 91
0 549.2 353.851 300 91
0 549.2 353.989 300 91
0 549.2 354.114 300 91
0 549.2 354.349 300 91
0 549.2 354.517 300 91
0 549.2 354.699 300 91
0 549.2 354.823 300 91
0 549.2 354.946 300 91
0 549.2 355.109 300 91
0 549.2 355.259 300 91
0 549.2 355.405 300 91
0 549.2 355.561 300 91
0 549.2 355.749 300 91
0 549.2 355.943 300 91
0 549.2 356.072 300 91
0 549.2 356.215 300 91
0 549.2 356.361 300 91
0 549.2 356.547 300 91
0 549.2 356.876 300 91
0 549.2 357.024 300 91
0 549.2 357.169 300 91
0 549.2 357.312 300 91
0 549.2 357.452 300 91
0 549.2 357.596 300 91
0 549.2 357.719 300 91
0 549.2 357.857 300 91
0 549.2 358.028 300 91
0 549.2 358.17 300 91
0 549.2 358.293 300 91
0 549.2 358.429 300 91
0 549.2 358.552 300 91
0 549.2 358.695 300 91
0 549.2 358.876 300 91
0 549.2 359.023 300 91
0 549.2 359.124 300 91
0 549.2 359.29 300 91
0 549.2 359.434 300 91
0 549.2 359.53 300 91
0 549.2 359.676 300 91
0 549.2 359.819 300 91
0 549.2 359.941 300 91
0 549.2 360.081 300 91
0 549.2 360.21 300 91
0 549.2 360.343 300 91
0 549.2 360.491 300 91
0 549.2 360.735 300 91
0 549.2 360.862 300 91
0 549.2 360.988 300 91
0 549.2 361.141 300 91
0 549.2 361.28 300 91
0 549.2 361.422 300 91
0 549.2 361.512 300 91
0 549.2 361.649 300 91
0 549.2 361.745 300 91
0 549.2 361.961 300 91
0 549.2 362.113 300 91
0 549.2 362.302 300 91
0 549.2 362.472 300 91
0 549.2 362.611 300 91
0 549.2 362.777 300 91
0 549.2 362.859 300 91
0 549.2 362.994 300 91
0 549.2 363.196 300 91
0 549.2 363.355 300 91
0 549.2 363.482 300 91
0 549.2 363.624 300 91
0 549.2 363.765 300 92
0 549.2 364.043 300 92
0 549.2 364.182 300 92
0 549.2 364.352 300 92
0 549.2 364.494 300 92
0 549.2 364.678 300 92
0 549.2 364.865 300 92
0 549.2 364.988 300 92
0 549.2 365.121 300 92
0 549.2 365.358 300 92
0 549.2 365.514 300 92
0 549.2 365.653 300 92
0 549.2 365.857 300 92
0 549.2 365.936 300 92
0 549.2 366.051 300 92
0 549.2 366.214 300 92
0 549.2 366.353 300 92
0 549.2 366.457 300 92
0 549.2 366.57 300 92
0 549.2 366.71 300 92
0 549.2 366.868 300 92
0 549.2 366.984 300 92
0 549.2 367.108 300 92
0 549.2 367.287 300 92
0 549.2 367.42 300 92
0 549.2 367.558 300 92
0 549.2 367.679 300 92
0 549.2 367.878 300 92
0 549.2 368.03 300 92
0 549.2 368.17 300 92
0 549.2 368.34 300 92
0 549.2 368.462 300 92
0 549.2 368.558 300 92
0 549.2 368.733 300 92
0 549.2 368.962 300 92
0 549.2 369.111 300 92
0 549.2 369.233 300 92
0 549.2 369.382 300 92
0 549.2 369.523 300 92
0 549.2 369.636 300 92
0 549.2 369.759 300 92
0 549.2 369.886 300 92
0 549.2 370.012 300 92
0 549.2 370.152 300 92
0 549.2 370.271 300 92
0 549.2 370.394 300 92
0 549.2 370.517 300 92
0 549.2 370.658 300 92
0 549.2 370.88 300 92
0 549.2 371.024 300 92
0 549.2 371.163 300 92
0 549.2 371.286 300 92
0 549.2 371.419 300 92
0 549.2 371.548 300 92
0 549.2 371.686 300 92
0 549.2 371.835 300 92
0 549.2 371.973 300 92
0 549.2 372.107 300 92
0 549.2 372.236 300 92
0 549.2 372.373 300 92
0 549.2 372.508 300 92
0 549.2 372.652 300 92
0 549.2 372.739 300 92
0 549.2 372.833 300 92
0 549.2 372.924 300 92
0 549.2 372.993 300 92
0 549.2 373.23 300 92
0 549.2 373.355 300 92
0 549.2 373.481 300 92
0 549.2 373.697 300 92
0 549.2 373.835 300 92
0 549.2 373.973 300 92
0 549.2 374.108 300 92
0 549.2 374.243 300 92
0 549.2 374.382 300 92
0 549.2 374.523 300 92
0 549.2 374.664 300 92
0 549.2 374.83 300 92
0 549.2 374.974 300 92
0 549.2 375.117 300 92
0 549.2 375.271 300 92
0 549.2 375.413 300 92
0 549.2 375.612 300 92
0 549.2 375.748 300 92
0 549.2 375.897 300 92
0 549.2 376.034 300 92
0 549.2 376.168 300 92
0 549.2 376.294 300 92
0 549.2 376.421 300 92
0 549.2 376.581 300 92
0 549.2 376.769 300 92
0 549.2 376.907 300 92
0 549.2 377.014 300 92
0 549.2 377.139 300 92
0 549.2 377.369 300 92
0 549.2 377.528 300 92
0 549.2 377.662 300 92
0 549.2 377.802 300 92
0 549.2 377.985 300 92
0 549.2 378.113 300 92
0 549.2 378.251 300 92
0 549.2 378.371 300 92
0 549.2 378.497 300 92
0 549.2 378.712 300 92
0 549.2 378.858 300 92
0 549.2 379 300 92
0 549.2 379.181 300 92
0 549.2 379.374 300 92
0 549.2 379.515 300 92
0 549.2 379.611 300 92
0 549.2 379.75 300 92
0 549.2 379.882 300 92
0 549.2 380.002 300 92
0 549.2 380.15 300 92
0 549.2 380.34 300 92
0 549.2 380.466 300 92
0 549.2 380.611 300 92
0 549.2 380.741 300 92
0 549.2 380.922 300 92
0 549.2 381.061 300 92
0 549.2 381.166 300 92
0 549.2 381.347 300 92
0 549.2 381.566 300 92
0 549.2 381.696 300 92
0 549.2 381.814 300 92
0 549.2 381.955 300 92
0 549.2 382.177 300 92
0 549.2 382.306 300 92
0 549.2 382.45 300 92
0 549.2 382.622 300 92
0 549.2 382.769 300 92
0 549.2 382.859 300 92
0 549.2 383.156 300 92
0 549.2 383.289 300 92
0 549.2 383.402 300 92
0 549.2 383.572 300 92
0 549.2 383.703 300 92
0 549.2 383.833 300 92
0 549.2 383.967 300 92
0 549.2 384.059 300 92
0 549.2 384.222 300 92
0 549.2 384.384 300 92
0 549.2 384.526 300 92
0 549.2 384.674 300 92
0 549.2 384.785 300 92
0 549.2 384.927 300 92
0 549.2 385.059 300 92
0 549.2 385.254 300 92
0 549.2 385.401 300 92
0 549.2 385.535 300 92
0 549.2 385.646 300 92
0 549.2 385.79 300 92
0 549.2 385.962 300 92
0 549.2 386.109 300 92
0 549.2 386.193 300 92
0 549.2 386.385 300 92
0 549.2 386.534 300 92
0 549.2 386.649 300 92
0 549.2 386.799 300 92
0 549.2 386.933 300 92
0 549.2 387.094 300 92
0 549.2 387.218 300 92
0 549.2 387.372 300 92
0 549.2 387.518 300 92
0 549.2 387.653 300 92
0 549.2 387.777 300 92
0 549.2 387.887 300 92
0 549.2 388.024 300 92
0 549.2 388.124 300 92
0 549.2 388.276 300 92
0 549.2 388.446 300 92
0 549.2 388.536 300 92
0 549.2 388.655 300 92
0 549.2 388.786 300 92
0 549.2 388.925 300 92
0 549.2 389.075 300 92
0 549.2 389.268 300 92
0 549.2 389.402 300 92
0 549.2 389.524 300 92
0 549.2 389.657 300 92
0 549.2 389.896 300 92
0 549.2 390.131 300 92
0 549.2 390.221 300 92
0 549.2 390.331 300 92
0 549.2 390.424 300 92
0 549.2 390.527 300 92
0 549.2 390.686 300 92
0 549.2 390.781 300 92
0 549.2 390.902 300 92
0 549.2 390.993 300 92
0 549.2 391.095 300 92
0 549.2 391.194 300 92
0 549.2 391.283 300 92
0 549.2 391.385 300 92
0 549.2 391.474 300 92
0 549.2 391.574 300 92
0 549.2 391.682 300 92
0 549.2 391.845 300 92
0 549.2 391.995 300 92
0 549.2 392.214 300 92
0 549.2 392.349 300 92
0 549.2 392.52 300 92
0 549.2 392.621 300 92
0 549.2 392.711 300 92
0 549.2 392.802 300 92
0 549.2 392.87 300 92
0 549.2 392.992 300 92
0 549.2 393.157 300 92
0 549.2 393.466 300 92
0 549.2 393.561 300 92
0 549.2 393.782 300 92
0 549.2 393.952 300 92
0 549.2 394.134 300 92
0 549.2 394.245 300 92
0 549.2 394.334 300 92
0 549.2 394.522 300 92
0 549.2 394.711 300 92
0 549.2 394.968 300 92
0 549.2 395.099 300 92
0 549.2 395.231 300 92
0 549.2 395.354 300 92
0 549.2 395.492 300 92
0 549.2 395.629 300 92
0 549.2 395.841 300 92
0 549.2 395.94 300 92
0 549.2 396.126 300 92
0 549.2 396.257 300 92
0 549.2 396.384 300 92
0 549.2 396.623 300 92
0 549.2 396.767 300 92
0 549.2 396.908 300 92
0 549.2 397.042 300 92
0 549.2 397.178 300 92
0 549.2 397.287 300 92
0 549.2 397.431 300 92
0 549.2 397.667 300 92
0 549.2 397.79 300 92
0 549.2 397.935 300 92
0 549.2 398.041 300 92
0 549.2 398.143 300 92
0 549.2 398.216 300 92
0 549.2 398.319 300 92
0 549.2 398.48 300 92
0 549.2 398.577 300 92
0 549.2 398.672 300 92
0 549.2 398.874 300 92
0 549.2 399.014 300 92
0 549.2 399.214 300 92
0 549.2 399.313 300 92
0 549.2 399.421 300 92
0 549.2 399.544 300 92
0 549.2 399.71 300 92
0 549.2 399.87 300 92
0 549.2 400.028 300 92
0 549.2 400.265 300 92
0 549.2 400.391 300 92
0 549.2 400.486 300 92
0 549.2 400.583 300 92
0 549.2 400.691 300 92
0 549.2 400.778 300 92
0 549.2 400.939 300 92
0 549.2 401.086 300 92
0 549.2 401.18 300 92
0 549.2 401.274 300 92
0 549.2 401.463 300 92
0 549.2 401.573 300 92
0 549.2 401.716 300 92
0 549.2 401.84 300 92
0 549.2 402.018 300 92
0 549.2 402.15 300 92
0 549.2 402.337 300 92
0 549.2 402.437 300 92
0 549.2 402.576 300 92
0 549.2 402.776 300 92
0 549.2 402.906 300 92
0 549.2 403.117 300 92
0 549.2 403.307 300 92
0 549.2 403.516 300 92
0 549.2 403.638 300 92
0 549.2 403.771 300 92
0 549.2 403.927 300 92
0 549.2 404.149 300 92
0 549.2 404.341 300 92
0 549.2 404.485 300 92
0 549.2 404.599 300 92
0 549.2 404.732 300 92
0 549.2 404.973 300 92
0 549.2 405.119 300 92
0 549.2 405.255 300 92
0 549.2 405.577 300 92
0 549.2 405.699 300 92
0 549.2 405.79 300 92
0 549.2 405.852 300 92
0 549.2 405.997 300 92
0 549.2 406.123 300 92
0 549.2 406.228 300 92
0 549.2 406.291 300 92
0 549.2 406.381 300 92
0 549.2 406.691 300 92
0 549.2 406.86 300 92
0 549.2 407.006 300 92
0 549.2 407.227 300 92
0 549.2 407.397 300 92
0 549.2 407.588 300 92
0 549.2 407.751 300 92
0 549.2 407.958 300 92
0 549.2 408.11 300 92
0 549.2 408.228 300 92
0 549.2 408.372 300 92
0 549.2 408.515 300 92
0 549.2 408.663 300 92
0 549.2 408.872 300 92
0 549.2 409.042 300 92
0 549.2 409.289 300 92
0 549.2 409.385 300 92
0 549.2 409.512 300 92
0 549.2 409.663 300 92
0 549.2 409.795 300 92
0 549.2 409.981 300 92
0 549.2 410.252 300 92
0 549.2 410.393 300 92
0 549.2 410.619 300 92
0 549.2 410.744 300 92
0 549.2 410.917 300 92
0 549.2 411.058 300 92
0 549.2 411.178 300 92
0 549.2 411.395 300 92
0 549.2 411.526 300 92
0 549.2 411.716 300 92
0 549.2 411.903 300 92
0 549.2 412.032 300 92
0 549.2 412.204 300 92
0 549.2 412.342 300 92
0 549.2 412.488 300 92
0 549.2 412.727 300 92
0 549.2 412.876 300 92
0 549.2 413.053 300 92
0 549.2 413.203 300 92
0 549.2 413.398 300 92
0 549.2 413.553 300 92
0 549.2 413.692 300 92
0 549.2 413.919 300 92
0 549.2 414.04 300 92
0 549.2 414.234 300 92
0 549.2 414.36 300 92
0 549.2 414.523 300 92
0 549.2 414.673 300 92
0 549.2 414.815 300 92
0 549.2 415.005 300 92
0 549.2 415.142 300 92
0 549.2 415.29 300 92
0 549.2 415.482 300 92
0 549.2 415.7 300 92
0 549.2 415.843 300 92
0 549.2 415.97 300 92
0 549.2 416.125 300 92
0 549.2 416.267 300 92
0 549.2 416.442 300 92
0 549.2 416.648 300 92
0 549.2 416.782 300 92
0 549.2 416.869 300 92
0 549.2 417.048 300 92
0 549.2 417.187 300 92
0 549.2 417.396 300 92
0 549.2 417.657 300 92
0 549.2 417.847 300 92
0 549.2 417.978 300 92
0 549.2 418.137 300 92
0 549.2 418.319 300 92
0 549.2 418.449 300 92
0 549.2 418.654 300 92
0 549.2 418.774 300 92
0 549.2 418.938 300 92
0 549.2 419.059 300 92
0 549.2 419.184 300 92
0 549.2 419.32 300 92
0 549.2 419.489 300 92
0 549.2 419.672 300 92
0 549.2 419.816 300 92
0 549.2 419.961 300 92
0 549.2 420.232 300 92
0 549.2 420.417 300 92
0 549.2 420.539 300 92
0 549.2 420.669 300 92
0 549.2 420.808 300 92
0 549.2 420.966 300 92
0 549.2 421.097 300 92
0 549.2 421.242 300 92
0 549.2 421.373 300 92
0 549.2 421.554 300 92
0 549.2 421.677 300 92
0 549.2 421.83 300 92
0 549.2 421.961 300 92
0 549.2 422.076 300 92
0 549.2 422.205 300 92
0 549.2 422.342 300 92
0 549.2 422.524 300 92
0 549.2 422.673 300 92
0 549.2 422.819 300 92
0 549.2 422.956 300 92
0 549.2 423.091 300 92
0 549.2 423.231 300 92
0 549.2 423.397 300 92
0 549.2 423.525 300 92
0 549.2 423.705 300 92
0 549.2 423.83 300 92
0 549.2 424.036 300 92
0 549.2 424.165 300 92
0 549.2 424.287 300 92
0 549.2 424.493 300 92
0 549.2 424.641 300 92
0 549.2 424.757 300 92
0 549.2 424.889 300 92
0 549.2 425.028 300 92
0 549.2 425.184 300 92
0 549.2 425.306 300 92
0 549.2 425.519 300 92
0 549.2 425.672 300 92
0 549.2 425.836 300 92
0 549.2 425.962 300 92
0 549.2 426.266 300 92
0 549.2 426.427 300 92
0 549.2 426.58 300 92
0 549.2 426.727 300 92
0 549.2 426.853 300 92
0 549.2 426.997 300 92
0 549.2 427.276 300 92
0 549.2 427.371 300 92
0 549.2 427.506 300 92
0 549.2 427.649 300 92
0 549.2 427.852 300 92
0 549.2 427.989 300 92
0 549.2 428.115 300 92
0 549.2 428.31 300 92
0 549.2 428.491 300 92
0 549.2 428.611 300 92
0 549.2 428.792 300 92
0 549.2 429.024 300 92
0 549.2 429.201 300 92
0 549.2 429.334 300 92
0 549.2 429.487 300 92
0 549.2 429.715 300 92
0 549.2 429.837 300 92
0 549.2 429.968 300 92
0 549.2 430.208 300 92
0 549.2 430.339 300 92
0 549.2 430.495 300 92
0 549.2 430.638 300 92
0 549.2 430.732 300 92
0 549.2 430.884 300 92
0 549.2 431.04 300 92
0 549.2 431.137 300 92
0 549.2 431.298 300 92
0 549.2 431.443 300 92
0 549.2 431.568 300 92
0 549.2 431.71 300 92
0 549.2 431.799 300 92
0 549.2 431.954 300 92
0 549.2 432.085 300 92
0 549.2 432.317 300 92
0 549.2 432.465 300 92
0 549.2 432.611 300 92
0 549.2 432.77 300 92
0 549.2 432.967 300 92
0 549.2 433.063 300 92
0 549.2 433.204 300 92
0 549.2 433.348 300 92
0 549.2 433.483 300 92
0 549.2 433.64 300 92
0 549.2 433.833 300 92
0 549.2 433.987 300 92
0 549.2 434.149 300 92
0 549.2 434.3 300 92
0 549.2 434.457 300 92
0 549.2 434.599 300 92
0 549.2 434.743 300 92
0 549.2 434.937 300 92
0 549.2 435.073 300 92
0 549.2 435.207 300 92
0 549.2 435.362 300 92
0 549.2 435.506 300 92
0 549.2 435.641 300 92
0 549.2 435.773 300 92
0 549.2 435.919 300 92
0 549.2 436.093 300 92
0 549.2 436.234 300 92
0 549.2 436.514 300 92
0 549.2 436.688 300 92
0 549.2 436.875 300 92
0 549.2 437.01 300 92
0 549.2 437.179 300 92
0 549.2 437.297 300 92
0 549.2 437.462 300 92
0 549.2 437.587 300 92
0 549.2 437.732 300 92
0 549.2 437.872 300 92
0 549.2 438.052 300 92
0 549.2 438.32 300 92
0 549.2 438.472 300 92
0 549.2 438.606 300 92
0 549.2 438.788 300 92
0 549.2 438.906 300 92
0 549.2 439.109 300 92
0 549.2 439.326 300 92
0 549.2 439.457 300 92
0 549.2 439.625 300 92
0 549.2 439.757 300 92
0 549.2 439.883 300 92
0 549.2 440.018 300 92
0 549.2 440.162 300 92
0 549.2 440.32 300 92
0 549.2 440.454 300 92
0 549.2 440.61 300 92
0 549.2 440.791 300 92
0 549.2 440.948 300 92
0 549.2 441.093 300 92
0 549.2 441.283 300 92
0 549.2 441.487 300 92
0 549.2 441.637 300 92
0 549.2 441.767 300 92
0 549.2 441.902 300 92
0 549.2 442.112 300 92
0 549.2 442.224 300 92
0 549.2 442.342 300 92
0 549.2 442.546 300 92
0 549.2 442.7 300 92
0 549.2 442.926 300 92
0 549.2 443.159 300 92
0 549.2 443.249 300 92
0 549.2 443.381 300 92
0 549.2 443.524 300 92
0 549.2 443.678 300 92
0 549.2 443.877 300 92
0 549.2 444.014 300 92
0 549.2 444.158 300 92
0 549.2 444.287 300 92
0 549.2 444.435 300 92
0 549.2 444.574 300 92
0 549.2 444.681 300 92
0 549.2 444.887 300 92
0 549.2 445.019 300 92
0 549.2 445.164 300 92
0 549.2 445.342 300 92
0 549.2 445.526 300 92
0 549.2 445.659 300 92
0 549.2 445.788 300 92
0 549.2 445.962 300 92
0 549.2 446.092 300 92
0 549.2 446.267 300 92
0 549.2 446.524 300 92
0 549.2 446.714 300 92
0 549.2 446.852 300 92
0 549.2 447.133 300 92
0 549.2 447.304 300 92
0 549.2 447.45 300 92
0 549.2 447.594 300 92
0 549.2 447.747 300 92
0 549.2 447.904 300 92
0 549.2 448.061 300 92
0 549.2 448.22 300 92
0 549.2 448.427 300 92
0 549.2 448.556 300 92
0 549.2 448.702 300 92
0 549.2 448.885 300 92
0 549.2 449.032 300 92
0 549.2 449.174 300 92
0 549.2 449.364 300 92
0 549.2 449.554 300 92
0 549.2 449.712 300 92
0 549.2 449.887 300 92
0 549.2 450.061 300 92
0 549.2 450.227 300 92
0 549.2 450.387 300 92
0 549.2 450.555 300 92
0 549.2 450.733 300 92
0 549.2 450.919 300 92
0 549.2 451.12 300 92
0 549.2 451.288 300 92
0 549.2 451.643 300 92
0 549.2 451.816 300 92
0 549.2 451.986 300 92
0 549.2 452.108 300 92
0 549.2 452.221 300 92
0 549.2 452.395 300 92
0 549.2 452.574 300 92
0 549.2 452.726 300 92
0 549.2 452.936 300 92
0 549.2 453.098 300 92
0 549.2 453.303 300 92
0 549.2 453.544 300 92
0 549.2 453.781 300 92
0 549.2 453.87 300 92
0 549.2 454.043 300 92
0 549.2 454.18 300 92
0 549.2 454.423 300 92
0 549.2 454.565 300 92
0 549.2 454.713 300 92
0 549.2 454.902 300 92
0 549.2 455.002 300 92
0 549.2 455.167 300 92
0 549.2 455.297 300 92
0 549.2 455.492 300 92
0 549.2 455.637 300 92
0 549.2 455.754 300 92
0 549.2 455.893 300 92
0 549.2 456.06 300 92
0 549.2 456.192 300 92
0 549.2 456.317 300 92
0 549.2 456.511 300 92
0 549.2 456.647 300 92
0 549.2 456.876 300 92
0 549.2 457.018 300 92
0 549.2 457.19 300 92
0 549.2 457.461 300 92
0 549.2 457.615 300 92
0 549.2 457.831 300 92
0 549.2 457.977 300 92
0 549.2 458.18 300 92
0 549.2 458.318 300 92
0 549.2 458.493 300 92
0 549.2 458.76 300 92
0 549.2 458.903 300 92
0 549.2 459.035 300 92
0 549.2 459.337 300 92
0 549.2 459.436 300 92
0 549.2 459.571 300 92
0 549.2 459.72 300 92
0 549.2 459.925 300 92
0 549.2 460.076 300 92
0 549.2 460.214 300 92
0 549.2 460.413 300 92
0 549.2 460.563 300 92
0 549.2 460.718 300 92
0 549.2 460.9 300 92
0 549.2 461.037 300 92
0 549.2 461.151 300 92
0 549.2 461.295 300 92
0 549.2 461.419 300 92
0 549.2 461.577 300 92
0 549.2 461.747 300 92
0 549.2 462.015 300 92
0 549.2 462.193 300 92
0 549.2 462.471 300 92
0 549.2 462.601 300 92
0 549.2 462.753 300 92
0 549.2 462.922 300 92
0 549.2 463.082 300 92
0 549.2 463.223 300 92
0 549.2 463.373 300 92
0 549.2 463.518 300 92
0 549.2 463.638 300 92
0 549.2 463.898 300 92
0 549.2 464.03 300 92
0 549.2 464.203 300 92
0 549.2 464.423 300 92
0 549.2 464.56 300 92
0 549.2 464.782 300 92
0 549.2 464.921 300 92
0 549.2 465.121 300 92
0 549.2 465.263 300 92
0 549.2 465.445 300 92
0 549.2 465.582 300 92
0 549.2 465.718 300 92
0 549.2 465.915 300 92
0 549.2 466.058 300 92
0 549.2 466.202 300 92
0 549.2 466.376 300 92
0 549.2 466.526 300 92
0 549.2 466.724 300 92
0 549.2 466.893 300 92
0 549.2 467.089 300 92
0 549.2 467.235 300 92
0 549.2 467.374 300 92
0 549.2 467.613 300 92
0 549.2 467.762 300 92
0 549.2 467.897 300 92
0 549.2 468.074 300 92
0 549.2 468.225 300 92
0 549.2 468.38 300 92
0 549.2 468.526 300 92
0 549.2 468.66 300 92
0 549.2 468.806 300 92
0 549.2 468.943 300 92
0 549.2 469.167 300 92
0 549.2 469.302 300 92
0 549.2 469.424 300 92
0 549.2 469.514 300 92
0 549.2 469.654 300 92
0 549.2 469.839 300 92
0 549.2 469.984 300 92
0 549.2 470.115 300 92
0 549.2 470.299 300 92
0 549.2 470.426 300 92
0 549.2 470.578 300 92
0 549.2 470.702 300 92
0 549.2 470.86 300 92
0 549.2 470.984 300 92
0 549.2 471.177 300 92
0 549.2 471.315 300 92
0 549.2 471.473 300 92
0 549.2 471.604 300 92
0 549.2 471.737 300 92
0 549.2 471.908 300 92
0 549.2 472.108 300 92
0 549.2 472.25 300 92
0 549.2 472.373 300 92
0 549.2 472.666 300 92
0 549.2 472.8 300 92
0 549.2 472.932 300 92
0 549.2 473.075 300 92
0 549.2 473.227 300 92
0 549.2 473.374 300 92
0 549.2 473.554 300 92
0 549.2 473.744 300 92
0 549.2 473.834 300 92
0 549.2 473.971 300 92
0 549.2 474.123 300 92
0 549.2 474.282 300 92
0 549.2 474.431 300 92
0 549.2 474.597 300 92
0 549.2 474.737 300 92
0 549.2 474.916 300 92
0 549.2 475.093 300 92
0 549.2 475.333 300 92
0 549.2 475.47 300 92
0 549.2 475.606 300 92
0 549.2 475.732 300 92
0 549.2 475.865 300 92
0 549.2 475.995 300 92
0 549.2 476.199 300 92
0 549.2 476.357 300 92
0 549.2 476.592 300 92
0 549.2 476.836 300 92
0 549.2 477.019 300 92
0 549.2 477.2 300 92
0 549.2 477.349 300 92
0 549.2 477.483 300 92
0 549.2 477.627 300 92
0 549.2 477.779 300 92
0 549.2 477.921 300 92
0 549.2 478.136 300 92
0 549.2 478.291 300 92
0 549.2 478.465 300 92
0 549.2 478.606 300 92
0 549.2 478.866 300 92
0 549.2 479.049 300 92
0 549.2 479.243 300 92
0 549.2 479.391 300 92
0 549.2 479.542 300 92
0 549.2 479.675 300 92
0 549.2 479.807 300 92
0 549.2 479.945 300 92
0 549.2 480.071 300 92
0 549.2 480.226 300 92
0 549.2 480.42 300 92
0 549.2 480.564 300 92
0 549.2 480.698 300 92
0 549.2 480.845 300 92
0 549.2 481.057 300 92
0 549.2 481.211 300 92
0 549.2 481.351 300 92
0 549.2 481.494 300 92
0 549.2 481.79 300 92
0 549.2 482.043 300 92
0 549.2 482.188 300 92
0 549.2 482.49 300 92
0 549.2 482.645 300 92
0 549.2 482.777 300 92
0 549.2 482.932 300 92
0 549.2 483.14 300 92
0 549.2 483.305 300 92
0 549.2 483.45 300 92
0 549.2 483.614 300 92
0 549.2 483.71 300 92
0 549.2 483.845 300 92
0 549.2 484.103 300 92
0 549.2 484.271 300 92
0 549.2 484.462 300 92
0 549.2 484.633 300 92
0 549.2 484.808 300 92
0 549.2 484.982 300 92
0 549.2 485.145 300 92
0 549.2 485.291 300 92
0 549.2 485.459 300 92
0 549.2 485.671 300 92
0 549.2 485.844 300 92
0 549.2 486.005 300 92
0 549.2 486.167 300 92
0 549.2 486.329 300 92
0 549.2 486.746 300 92
0 549.2 486.87 300 92
0 549.2 487.034 300 92
0 549.2 487.262 300 92
0 549.2 487.419 300 92
0 549.2 487.569 300 92
0 549.2 487.673 300 92
0 549.2 487.934 300 92
0 549.2 488.136 300 92
0 549.2 488.362 300 92
0 549.2 488.499 300 92
0 549.2 488.642 300 92
0 549.2 488.797 300 92
0 549.2 488.935 300 92
0 549.2 489.087 300 92
0 549.2 489.388 300 92
0 549.2 489.563 300 92
0 549.2 489.707 300 92
0 549.2 489.856 300 92
0 549.2 490.008 300 92
0 549.2 490.177 300 92
0 549.2 490.325 300 92
0 549.2 490.487 300 92
0 549.2 490.652 300 92
0 549.2 490.827 300 92
0 549.2 490.971 300 92
0 549.2 491.134 300 92
0 549.2 491.283 300 92
0 549.2 491.553 300 92
0 549.2 491.749 300 92
0 549.2 491.892 300 92
0 549.2 492.107 300 92
0 549.2 492.262 300 92
0 549.2 492.416 300 92
0 549.2 492.556 300 92
0 549.2 492.777 300 92
0 549.2 492.932 300 92
0 549.2 493.065 300 92
0 549.2 493.18 300 92
0 549.2 493.341 300 92
0 549.2 493.483 300 92
0 549.2 493.583 300 92
0 549.2 493.794 300 92
0 549.2 494.024 300 92
0 549.2 494.173 300 92
0 549.2 494.37 300 92
0 549.2 494.521 300 92
0 549.2 494.624 300 92
0 549.2 494.76 300 92
0 549.2 494.863 300 92
0 549.2 495.028 300 92
0 549.2 495.125 300 92
0 549.2 495.183 300 92
0 549.2 495.278 300 92
0 549.2 495.403 300 92
0 549.2 495.505 300 92
0 549.2 495.599 300 92
0 549.2 495.691 300 92
0 549.2 495.854 300 92
0 549.2 495.981 300 92
0 549.2 496.065 300 92
0 549.2 496.164 300 92
0 549.2 496.33 300 92
0 549.2 496.423 300 92
0 549.2 496.545 300 92
0 549.2 496.636 300 92
0 549.2 496.786 300 92
0 549.2 496.932 300 92
0 549.2 497.088 300 92
0 549.2 497.237 300 92
0 549.2 497.383 300 92
0 549.2 497.53 300 92
0 549.2 497.667 300 92
0 549.2 497.809 300 92
0 549.2 497.979 300 92
0 549.2 498.171 300 92
0 549.2 498.319 300 92
0 549.2 498.465 300 92
0 549.2 498.571 300 92
0 549.2 498.832 300 92
0 549.2 498.989 300 92
0 549.2 499.168 300 92
0 549.2 499.319 300 92
0 549.2 499.478 300 92
0 549.2 499.619 300 92
0 549.2 499.755 300 92
0 549.2 499.906 300 92
0 549.2 500.052 300 92
0 549.2 500.246 300 92
0 549.2 500.431 300 92
0 549.2 500.572 300 92
0 549.2 500.749 300 92
0 549.2 500.88 300 92
0 549.2 501.082 300 92
0 549.2 501.219 300 92
0 549.2 501.364 300 92
0 549.2 501.518 300 92
0 549.2 501.675 300 92
0 549.2 501.823 300 92
0 549.2 501.984 300 92
0 549.2 502.14 300 92
0 549.2 502.292 300 92
0 549.2 502.46 300 92
0 549.2 502.615 300 92
0 549.2 502.817 300 92
0 549.2 502.982 300 92
0 549.2 503.141 300 92
0 549.2 503.295 300 92
0 549.2 503.434 300 92
0 549.2 503.742 300 92
0 549.2 503.877 300 92
0 549.2 504.012 300 92
0 549.2 504.196 300 92
0 549.2 504.344 300 92
0 549.2 504.532 300 92
0 549.2 504.679 300 92
0 549.2 504.879 300 92
0 549.2 504.992 300 92
0 549.2 505.141 300 92
0 549.2 505.376 300 92
0 549.2 505.53 300 92
0 549.2 505.679 300 92
0 549.2 505.933 300 92
0 549.2 506.086 300 92
0 549.2 506.26 300 92
0 549.2 506.402 300 92
0 549.2 506.565 300 92
0 549.2 506.801 300 92
0 549.2 506.967 300 92
0 549.2 507.156 300 92
0 549.2 507.364 300 92
0 549.2 507.536 300 92
0 549.2 507.684 300 92
0 549.2 507.835 300 92
0 549.2 507.996 300 92
0 549.2 508.182 300 92
0 549.2 508.332 300 92
0 549.2 508.487 300 92
0 549.2 508.655 300 92
0 549.2 508.866 300 92
0 549.2 509.009 300 92
0 549.2 509.162 300 92
0 549.2 509.333 300 92
0 549.2 509.482 300 92
0 549.2 509.629 300 92
0 549.2 509.722 300 92
0 549.2 509.88 300 92
0 549.2 510.03 300 92
0 549.2 510.268 300 92
0 549.2 510.475 300 92
0 549.2 510.761 300 92
0 549.2 510.921 300 92
0 549.2 511.059 300 92
0 549.2 511.212 300 92
0 549.2 511.353 300 92
0 549.2 511.5 300 92
0 549.2 511.646 300 92
0 549.2 511.807 300 92
0 549.2 511.951 300 92
0 549.2 512.137 300 92
0 549.2 512.296 300 92
0 549.2 512.394 300 92
0 549.2 512.624 300 92
0 549.2 512.859 300 92
0 549.2 513.003 300 92
0 549.2 513.13 300 92
0 549.2 513.283 300 92
0 549.2 513.445 300 92
0 549.2 513.653 300 92
0 549.2 513.756 300 92
0 549.2 513.9 300 92
0 549.2 514.095 300 92
0 549.2 514.236 300 92
0 549.2 514.376 300 92
0 549.2 514.562 300 92
0 549.2 514.695 300 92
0 549.2 514.913 300 92
0 549.2 515.156 300 92
0 549.2 515.301 300 92
0 549.2 515.438 300 92
0 549.2 515.572 300 92
0 549.2 515.768 300 92
0 549.2 515.899 300 92
0 549.2 516.041 300 92
0 549.2 516.208 300 92
0 549.2 516.356 300 92
0 549.2 516.52 300 92
0 549.2 516.69 300 92
0 549.2 516.967 300 92
0 549.2 517.146 300 92
0 549.2 517.293 300 92
0 549.2 517.547 300 92
0 549.2 517.689 300 92
0 549.2 517.826 300 92
0 549.2 517.976 300 92
0 549.2 518.076 300 92
0 549.2 518.234 300 92
0 549.2 518.418 300 92
0 549.2 518.569 300 92
0 549.2 518.729 300 92
0 549.2 518.893 300 92
0 549.2 519.04 300 92
0 549.2 519.192 300 92
0 549.2 519.39 300 92
0 549.2 519.533 300 92
0 549.2 519.682 300 92
0 549.2 519.796 300 92
0 549.2 520.042 300 92
0 549.2 520.127 300 92
0 549.2 520.274 300 92
0 549.2 520.375 300 92
0 549.2 520.602 300 92
0 549.2 520.759 300 92
0 549.2 521.133 300 92
0 549.2 521.32 300 92
0 549.2 521.491 300 92
0 549.2 521.644 300 92
0 549.2 521.841 300 92
0 549.2 521.978 300 92
0 549.2 522.099 300 92
0 549.2 522.254 300 92
0 549.2 522.397 300 92
0 549.2 522.526 300 92
0 549.2 522.657 300 92
0 549.2 522.912 300 92
0 549.2 522.991 300 92
0 549.2 523.116 300 92
0 549.2 523.186 300 92
0 549.2 523.286 300 92
0 549.2 523.387 300 92
0 549.2 523.478 300 92
0 549.2 523.577 300 92
0 549.2 523.67 300 92
0 549.2 523.773 300 92
0 549.2 523.86 300 92
0 549.2 523.942 300 92
0 549.2 524.096 300 92
0 549.2 524.24 300 92
0 549.2 524.375 300 92
0 549.2 524.568 300 92
0 549.2 524.724 300 92
0 549.2 524.875 300 92
0 549.2 525.111 300 92
0 549.2 525.281 300 92
0 549.2 525.466 300 92
0 549.2 525.595 300 92
0 549.2 525.748 300 92
0 549.2 525.894 300 92
0 549.2 526.036 300 92
0 549.2 526.161 300 92
0 549.2 526.321 300 92
0 549.2 526.414 300 92
0 549.2 526.63 300 92
0 549.2 526.774 300 92
0 549.2 526.985 300 92
0 549.2 527.241 300 92
0 549.2 527.456 300 92
0 549.2 527.654 300 92
0 549.2 527.897 300 92
0 549.2 528.126 300 92
0 549.2 528.263 300 92
0 549.2 528.397 300 92
0 549.2 528.58 300 92
0 549.2 528.711 300 92
0 549.2 528.944 300 92
0 549.2 529.085 300 92
0 549.2 529.224 300 92
0 549.2 529.356 300 92
0 549.2 529.569 300 92
0 549.2 529.714 300 92
0 549.2 529.864 300 92
0 549.2 530.048 300 92
0 549.2 530.174 300 92
0 549.2 530.357 300 92
0 549.2 530.5 300 92
0 549.2 530.64 300 92
0 549.2 530.783 300 92
0 549.2 530.931 300 92
0 549.2 531.111 300 92
0 549.2 531.368 300 92
0 549.2 531.465 300 92
0 549.2 531.629 300 92
0 549.2 531.707 300 92
0 549.2 531.844 300 92
0 549.2 531.979 300 92
0 549.2 532.158 300 92
0 549.2 532.306 300 92
0 549.2 532.441 300 92
0 549.2 532.571 300 92
0 549.2 532.683 300 92
0 549.2 532.879 300 92
0 549.2 533.027 300 92
0 549.2 533.175 300 92
0 549.2 533.271 300 92
0 549.2 533.38 300 92
0 549.2 533.516 300 92
0 549.2 533.657 300 92
0 549.2 533.783 300 92
0 549.2 533.908 300 92
0 549.2 534.088 300 92
0 549.2 534.234 300 92
0 549.2 534.376 300 92
0 549.2 534.518 300 92
0 549.2 534.667 300 92
0 549.2 534.807 300 92
0 549.2 535.009 300 92
0 549.2 535.155 300 92
0 549.2 535.337 300 92
0 549.2 535.468 300 92
0 549.2 535.69 300 92
0 549.2 535.879 300 92
0 549.2 536.023 300 92
0 549.2 536.148 300 92
0 549.2 536.335 300 92
0 549.2 536.487 300 92
0 549.2 536.654 300 92
0 549.2 536.809 300 92
0 549.2 536.901 300 92
0 549.2 537.062 300 92
0 549.2 537.158 300 92
0 549.2 537.34 300 92
0 549.2 537.481 300 92
0 549.2 537.667 300 92
0 549.2 537.793 300 92
0 549.2 538.056 300 92
0 549.2 538.19 300 92
0 549.2 538.327 300 92
0 549.2 538.551 300 92
0 549.2 538.693 300 92
0 549.2 538.815 300 92
0 549.2 538.998 300 92
0 549.2 539.126 300 92
0 549.2 539.318 300 92
0 549.2 539.411 300 92
0 549.2 539.551 300 92
0 549.2 539.744 300 92
0 549.2 539.859 300 92
0 549.2 540.106 300 92
0 549.2 540.226 300 92
0 549.2 540.39 300 92
0 549.2 540.568 300 92
0 549.2 540.714 300 92
0 549.2 540.898 300 92
0 549.2 541.049 300 92
0 549.2 541.187 300 92
0 549.2 541.374 300 92
0 549.2 541.53 300 92
0 549.2 541.668 300 92
0 549.2 541.809 300 92
0 549.2 541.94 300 92
0 549.2 542.069 300 92
0 549.2 542.269 300 92
0 549.2 542.403 300 92
0 549.2 542.523 300 92
0 549.2 542.646 300 92
0 549.2 542.779 300 92
0 549.2 542.936 300 92
0 549.2 543.075 300 92
0 549.2 543.231 300 92
0 549.2 543.354 300 92
0 549.2 543.48 300 92
0 549.2 543.73 300 92
0 549.2 543.841 300 92
0 549.2 543.93 300 92
0 549.2 544.057 300 92
0 549.2 544.19 300 92
0 549.2 544.393 300 92
0 549.2 544.532 300 92
0 549.2 544.722 300 92
0 549.2 544.86 300 92
0 549.2 544.987 300 92
0 549.2 545.086 300 92
0 549.2 545.282 300 92
0 549.2 545.429 300 92
0 549.2 545.577 300 92
0 549.2 545.71 300 92
0 549.2 545.861 300 92
0 549.2 545.977 300 92
0 549.2 546.124 300 92
0 549.2 546.22 300 92
0 549.2 546.305 300 92
0 549.2 546.401 300 92
0 549.2 546.487 300 92
0 549.2 546.61 300 92
0 549.2 546.671 300 92
0 549.2 546.766 300 92
0 549.2 546.853 300 92
0 549.2 546.946 300 92
0 549.2 547.029 300 92
0 549.2 547.13 300 92
0 549.2 547.219 300 92
0 549.2 547.306 300 92
0 549.2 547.405 300 92
0 549.2 547.52 300 92
0 549.2 547.658 300 92
0 549.2 547.791 300 92
0 549.2 547.938 300 92
0 549.2 548.104 300 92
0 549.2 548.246 300 92
0 549.2 548.384 300 92
0 549.2 548.518 300 92
0 549.2 548.675 300 92
0 549.2 548.852 300 92
0 549.2 549.029 300 92
0 549.2 549.281 300 92
0 549.2 549.404 300 92
0 549.2 549.624 300 92
0 549.2 549.803 300 92
0 549.2 549.925 300 92
0 549.2 550.062 300 92
0 549.2 550.244 300 92
0 549.2 550.384 300 92
0 549.2 550.507 300 92
0 549.2 550.637 300 92
0 549.2 550.768 300 92
0 549.2 550.914 300 92
0 549.2 551.098 300 92
0 549.2 551.231 300 92
0 549.2 551.466 300 92
0 549.2 551.605 300 92
0 549.2 551.685 300 92
0 549.2 551.821 300 92
0 549.2 551.947 300 92
0 549.2 552.126 300 92
0 549.2 552.287 300 92
0 549.2 552.473 300 92
0 549.2 552.673 300 92
0 549.2 552.807 300 92
0 549.2 552.926 300 92
0 549.2 553.134 300 92
0 549.2 553.341 300 92
0 549.2 553.582 300 92
0 549.2 553.717 300 92
0 549.2 553.912 300 92
0 549.2 554.104 300 92
0 549.2 554.315 300 92
0 549.2 554.459 300 92
0 549.2 554.564 300 92
0 549.2 554.703 300 92
0 549.2 554.932 300 92
0 549.2 555.065 300 92
0 549.2 555.186 300 92
0 549.2 555.366 300 92
0 549.2 555.576 300 92
0 549.2 555.703 300 92
0 549.2 555.836 300 92
0 549.2 555.977 300 92
0 549.2 556.105 300 92
0 549.2 556.276 300 92
0 549.2 556.399 300 92
0 549.2 556.545 300 92
0 549.2 556.71 300 92
0 549.2 556.863 300 92
0 549.2 557.01 300 92
0 549.2 557.151 300 92
0 549.2 557.286 300 92
0 549.2 557.422 300 92
0 549.2 557.656 300 92
0 549.2 557.807 300 92
0 549.2 557.905 300 92
0 549.2 558.035 300 92
0 549.2 558.192 300 92
0 549.2 558.313 300 92
0 549.2 558.406 300 92
0 549.2 558.495 300 92
0 549.2 558.585 300 92
0 549.2 558.682 300 92
0 549.2 558.776 300 92
0 549.2 558.867 300 92
0 549.2 558.98 300 92
0 549.2 559.04 300 92
0 549.2 559.139 300 92
0 549.2 559.224 300 92
0 549.2 559.396 300 92
0 549.2 559.495 300 92
0 549.2 559.607 300 92
0 549.2 559.762 300 92
0 549.2 559.94 300 92
0 549.2 560.095 300 92
0 549.2 560.305 300 92
0 549.2 560.459 300 92
0 549.2 560.601 300 92
0 549.2 560.804 300 92
0 549.2 560.944 300 92
0 549.2 561.085 300 92
0 549.2 561.23 300 92
0 549.2 561.376 300 92
0 549.2 561.517 300 92
0 549.2 561.677 300 92
0 549.2 561.805 300 92
0 549.2 561.994 300 92
0 549.2 562.142 300 92
0 549.2 562.283 300 92
0 549.2 562.421 300 92
0 549.2 562.566 300 92
0 549.2 562.787 300 92
0 549.2 562.922 300 92
0 549.2 563.102 300 92
0 549.2 563.278 300 92
0 549.2 563.481 300 92
0 549.2 563.692 300 92
0 549.2 563.826 300 92
0 549.2 563.986 300 92
0 549.2 564.13 300 92
0 549.2 564.256 300 92
0 549.2 564.388 300 92
0 549.2 564.564 300 92
0 549.2 564.753 300 92
0 549.2 564.904 300 92
0 549.2 565.044 300 92
0 549.2 565.226 300 92
0 549.2 565.321 300 92
0 549.2 565.478 300 92
0 549.2 565.618 300 92
0 549.2 565.779 300 92
0 549.2 565.961 300 92
0 549.2 566.103 300 92
0 549.2 566.204 300 92
0 549.2 566.323 300 92
0 549.2 566.428 300 92
0 549.2 566.537 300 92
0 549.2 566.638 300 92
0 549.2 566.696 300 92
0 549.2 566.784 300 92
0 549.2 566.889 300 92
0 549.2 566.981 300 92
0 549.2 567.075 300 92
0 549.2 567.198 300 92
0 549.2 567.352 300 92
0 549.2 567.55 300 92
0 549.2 567.692 300 92
0 549.2 567.843 300 92
0 549.2 568.039 300 92
0 549.2 568.187 300 92
0 549.2 568.402 300 92
0 549.2 568.553 300 92
0 549.2 568.827 300 92
0 549.2 568.983 300 92
0 549.2 569.135 300 92
0 549.2 569.305 300 92
0 549.2 569.509 300 92
0 549.2 569.681 300 92
0 549.2 569.851 300 92
0 549.2 569.983 300 92
0 549.2 570.116 300 92
0 549.2 570.25 300 92
0 549.2 570.405 300 92
0 549.2 570.53 300 92
0 549.2 570.658 300 92
0 549.2 570.792 300 92
0 549.2 570.879 300 92
0 549.2 571.026 300 92
0 549.2 571.242 300 92
0 549.2 571.37 300 92
0 549.2 571.51 300 92
0 549.2 571.658 300 92
0 549.2 571.846 300 92
0 549.2 572.099 300 92
0 549.2 572.232 300 92
0 549.2 572.383 300 92
0 549.2 572.575 300 92
0 549.2 572.73 300 92
0 549.2 572.868 300 92
0 549.2 573.131 300 92
0 549.2 573.225 300 92
0 549.2 573.374 300 92
0 549.2 573.528 300 92
0 549.2 573.68 300 92
0 549.2 573.791 300 92
0 549.2 573.92 300 92
0 549.2 574.07 300 92
0 549.2 574.18 300 92
0 549.2 574.346 300 92
0 549.2 574.529 300 92
0 549.2 574.715 300 92
0 549.2 574.874 300 92
0 549.2 575.012 300 92
0 549.2 575.146 300 92
0 549.2 575.292 300 92
0 549.2 575.429 300 92
0 549.2 575.579 300 92
0 549.2 575.707 300 92
0 549.2 575.854 300 92
0 549.2 575.976 300 92
0 549.2 576.121 300 92
0 549.2 576.214 300 92
0 549.2 576.399 300 92
0 549.2 576.537 300 92
0 549.2 576.657 300 92
0 549.2 576.812 300 92
0 549.2 577.039 300 92
0 549.2 577.203 300 92
0 549.2 577.395 300 92
0 549.2 577.532 300 92
0 549.2 577.818 300 92
0 549.2 577.975 300 92
0 549.2 578.103 300 92
0 549.2 578.253 300 92
0 549.2 578.389 300 92
0 549.2 578.484 300 92
0 549.2 578.628 300 92
0 549.2 578.8 300 92
0 549.2 578.947 300 92
0 549.2 579.073 300 92
0 549.2 579.204 300 92
0 549.2 579.415 300 92
0 549.2 579.589 300 92
0 549.2 579.802 300 92
0 549.2 579.909 300 92
0 549.2 579.962 300 92
0 549.2 580.053 300 92
0 549.2 580.154 300 92
0 549.2 580.279 300 92
0 549.2 580.389 300 92
0 549.2 580.451 300 92
0 549.2 580.545 300 92
0 549.2 580.615 300 92
0 549.2 580.71 300 92
0 549.2 580.806 300 92
0 549.2 580.906 300 92
0 549.2 581.064 300 92
0 549.2 581.186 300 92
0 549.2 581.275 300 92
0 549.2 581.363 300 92
0 549.2 581.487 300 92
0 549.2 581.573 300 92
0 549.2 581.698 300 92
0 549.2 581.792 300 92
0 549.2 581.941 300 92
0 549.2 582.022 300 92
0 549.2 582.105 300 92
0 549.2 582.201 300 92
0 549.2 582.321 300 92
0 549.2 582.443 300 92
0 549.2 582.571 300 92
0 549.2 582.649 300 92
0 549.2 582.794 300 92
0 549.2 582.935 300 92
0 549.2 583.058 300 92
0 549.2 583.245 300 92
0 549.2 583.334 300 92
0 549.2 583.42 300 92
0 549.2 583.513 300 92
0 549.2 583.63 300 92
0 549.2 583.771 300 92
0 549.2 583.857 300 92
0 549.2 583.986 300 92
0 549.2 584.082 300 92
0 549.2 584.165 300 92
0 549.2 584.251 300 92
0 549.2 584.385 300 92
0 549.2 584.477 300 92
0 549.2 584.571 300 92
0 549.2 584.63 300 92
0 549.2 584.724 300 92
0 549.2 584.807 300 92
0 549.2 584.901 300 92
0 549.2 584.99 300 92
0 549.2 585.073 300 92
0 549.2 585.171 300 92
0 549.2 585.26 300 92
0 549.2 585.392 300 92
0 549.2 585.48 300 92
0 549.2 585.607 300 92
0 549.2 585.756 300 92
0 549.2 585.866 300 92
0 549.2 585.982 300 92
0 549.2 586.135 300 92
0 549.2 586.334 300 92
0 549.2 586.66 300 92
0 549.2 586.905 300 92
0 549.2 587.034 300 92
0 549.2 587.161 300 92
0 549.2 587.299 300 92
0 549.2 587.468 300 92
0 549.2 587.679 300 92
0 549.2 587.827 300 92
0 549.2 588.016 300 92
0 549.2 588.157 300 92
0 549.2 588.295 300 92
0 549.2 588.525 300 92
0 549.2 588.689 300 92
0 549.2 588.811 300 92
0 549.2 589.01 300 92
0 549.2 589.478 300 92
0 549.2 589.699 300 92
0 549.2 589.865 300 92
0 549.2 590.009 300 92
0 549.2 590.141 300 92
0 549.2 590.278 300 92
0 549.2 590.466 300 92
0 549.2 590.615 300 92
0 549.2 590.755 300 92
0 549.2 590.986 300 92
0 549.2 591.212 300 92
0 549.2 591.361 300 92
0 549.2 591.493 300 92
0 549.2 591.638 300 92
0 549.2 591.72 300 92
0 549.2 591.863 300 92
0 549.2 592.06 300 92
0 549.2 592.314 300 92
0 549.2 592.516 300 92
0 549.2 592.743 300 92
0 549.2 592.968 300 92
0 549.2 593.106 300 92
0 549.2 593.29 300 92
0 549.2 593.482 300 92
0 549.2 593.609 300 92
0 549.2 593.746 300 92
0 549.2 593.875 300 92
0 549.2 594.005 300 92
0 549.2 594.136 300 92
0 549.2 594.326 300 92
0 549.2 594.455 300 92
0 549.2 594.631 300 92
0 549.2 594.889 300 92
0 549.2 595.008 300 92
0 549.2 595.26 300 92
0 549.2 595.392 300 92
0 549.2 595.573 300 92
0 549.2 595.768 300 92
0 549.2 595.918 300 92
0 549.2 596.04 300 92
0 549.2 596.169 300 92
0 549.2 596.293 300 92
0 549.2 596.38 300 92
0 549.2 596.527 300 92
0 549.2 596.62 300 92
0 549.2 596.715 300 92
0 549.2 596.81 300 92
0 549.2 596.914 300 92
0 549.2 596.999 300 92
0 549.2 597.126 300 92
0 549.2 597.222 300 92
0 549.2 597.352 300 92
0 549.2 597.437 300 92
0 549.2 597.562 300 92
0 549.2 597.652 300 92
0 549.2 597.721 300 92
0 549.2 597.824 300 92
0 549.2 597.964 300 92
0 549.2 598.022 300 92
0 549.2 598.122 300 92
0 549.2 598.222 300 92
0 549.2 598.32 300 92
0 549.2 598.424 300 92
0 549.2 598.526 300 92
0 549.2 598.617 300 92
0 549.2 598.706 300 92
0 549.2 598.794 300 92
0 549.2 598.882 300 92
0 549.2 598.976 300 92
0 549.2 599.118 300 92
0 549.2 599.203 300 92
0 549.2 599.293 300 92
0 549.2 599.381 300 92
0 549.2 599.469 300 92
0 549.2 599.565 300 92
0 549.2 599.718 300 92
0 549.2 599.852 300 92
0 549.2 599.956 300 92
0 549.2 600.07 300 92
0 549.2 600.17 300 92
0 549.2 600.267 300 92
0 549.2 600.363 300 92
0 549.2 600.516 300 92
0 549.2 600.688 300 92
0 549.2 600.792 300 92
0 549.2 600.936 300 92
0 549.2 601.113 300 92
0 549.2 601.293 300 92
0 549.2 601.415 300 92
0 549.2 601.562 300 92
0 549.2 601.656 300 92
0 549.2 601.783 300 92
0 549.2 601.847 300 92
0 549.2 601.909 300 92
0 549.2 602.035 300 92
0 549.2 602.131 300 92
0 549.2 602.271 300 92
0 549.2 602.364 300 92
0 549.2 602.459 300 92
0 549.2 602.567 300 92
0 549.2 602.75 300 92
0 549.2 602.899 300 92
0 549.2 603.06 300 92
0 549.2 603.196 300 92
0 549.2 603.336 300 92
0 549.2 603.488 300 92
0 549.2 603.639 300 92
0 549.2 603.755 300 92
0 549.2 603.923 300 92
0 549.2 604.046 300 92
0 549.2 604.186 300 92
0 549.2 604.325 300 92
0 549.2 604.456 300 92
0 549.2 604.607 300 92
0 549.2 604.718 300 92
0 549.2 604.881 300 92
0 549.2 605.05 300 92
0 549.2 605.217 300 92
0 549.2 605.344 300 92
0 549.2 605.488 300 92
0 549.2 605.733 300 92
0 549.2 605.876 300 92
0 549.2 606.11 300 92
0 549.2 606.269 300 92
0 549.2 606.454 300 92
0 549.2 606.686 300 92
0 549.2 606.823 300 92
0 549.2 606.957 300 92
0 549.2 607.113 300 92
0 549.2 607.267 300 92
0 549.2 607.423 300 92
0 549.2 607.57 300 92
0 549.2 607.721 300 92
0 549.2 607.881 300 92
0 549.2 608.009 300 92
0 549.2 608.107 300 92
0 549.2 608.249 300 92
0 549.2 608.395 300 92
0 549.2 608.595 300 92
0 549.2 608.725 300 92
0 549.2 608.865 300 92
0 549.2 609.009 300 92
0 549.2 609.149 300 92
0 549.2 609.297 300 92
0 549.2 609.49 300 92
0 549.2 609.628 300 92
0 549.2 609.77 300 92
0 549.2 609.917 300 92
0 549.2 610.128 300 92
0 549.2 610.281 300 92
0 549.2 610.437 300 92
0 549.2 610.593 300 92
0 549.2 610.737 300 92
0 549.2 610.875 300 92
0 549.2 611.016 300 92
0 549.2 611.168 300 92
0 549.2 611.379 300 92
0 549.2 611.485 300 92
0 549.2 611.587 300 92
0 549.2 611.765 300 92
0 549.2 611.909 300 92
0 549.2 612.016 300 92
0 549.2 612.171 300 92
0 549.2 612.321 300 92
0 549.2 612.477 300 92
0 549.2 612.574 300 92
0 549.2 612.708 300 92
0 549.2 612.797 300 92
0 549.2 612.922 300 92
0 549.2 613.117 300 92
0 549.2 613.275 300 92
0 549.2 613.461 300 92
0 549.2 613.661 300 92
0 549.2 613.823 300 92
0 549.2 613.974 300 92
0 549.2 614.118 300 92
0 549.2 614.267 300 92
0 549.2 614.424 300 92
0 549.2 614.571 300 92
0 549.2 614.746 300 92
0 549.2 614.896 300 92
0 549.2 615.08 300 92
0 549.2 615.216 300 92
0 549.2 615.354 300 92
0 549.2 615.487 300 92
0 549.2 615.651 300 92
0 549.2 615.8 300 92
0 549.2 615.931 300 92
0 549.2 616.095 300 92
0 549.2 616.242 300 92
0 549.2 616.414 300 92
0 549.2 616.6 300 92
0 549.2 616.694 300 92
0 549.2 616.837 300 92
0 549.2 616.991 300 92
0 549.2 617.129 300 92
0 549.2 617.224 300 92
0 549.2 617.377 300 92
0 549.2 617.514 300 92
0 549.2 617.706 300 92
0 549.2 617.812 300 92
0 549.2 617.969 300 92
0 549.2 618.182 300 92
0 549.2 618.338 300 92
0 549.2 618.491 300 92
0 549.2 618.64 300 92
0 549.2 618.765 300 92
0 549.2 618.905 300 92
0 549.2 619.027 300 92
0 549.2 619.227 300 92
0 549.2 619.399 300 92
0 549.2 619.598 300 92
0 549.2 619.798 300 92
0 549.2 619.953 300 92
0 549.2 620.209 300 92
0 549.2 620.405 300 92
0 549.2 620.646 300 92
0 549.2 620.846 300 92
0 549.2 621.009 300 92
0 549.2 621.147 300 92
0 549.2 621.388 300 92
0 549.2 621.536 300 92
0 549.2 621.747 300 92
0 549.2 621.899 300 92
0 549.2 622.099 300 92
0 549.2 622.24 300 92
0 549.2 622.338 300 92
0 549.2 622.535 300 92
0 549.2 622.689 300 92
0 549.2 622.828 300 92
0 549.2 622.969 300 92
0 549.2 623.117 300 92
0 549.2 623.261 300 92
0 549.2 623.465 300 92
0 549.2 623.734 300 92
0 549.2 623.89 300 92
0 549.2 624.03 300 92
0 549.2 624.18 300 92
0 549.2 624.348 300 92
0 549.2 624.5 300 92
0 549.2 624.602 300 92
0 549.2 624.755 300 92
0 549.2 624.889 300 92
0 549.2 625.027 300 92
0 549.2 625.173 300 92
0 549.2 625.323 300 92
0 549.2 625.419 300 92
0 549.2 625.614 300 92
0 549.2 625.713 300 92
0 549.2 625.853 300 92
0 549.2 625.993 300 92
0 549.2 626.141 300 92
0 549.2 626.298 300 92
0 549.2 626.455 300 92
0 549.2 626.611 300 92
0 549.2 626.709 300 92
0 549.2 626.804 300 92
0 549.2 626.941 300 92
0 549.2 627.085 300 92
0 549.2 627.213 300 92
0 549.2 627.366 300 92
0 549.2 627.591 300 92
0 549.2 627.731 300 92
0 549.2 627.861 300 92
0 549.2 628.061 300 92
0 549.2 628.316 300 92
0 549.2 628.622 300 92
0 549.2 628.86 300 92
0 549.2 629.031 300 92
0 549.2 629.183 300 92
0 549.2 629.393 300 92
0 549.2 629.615 300 92
0 549.2 629.76 300 92
0 549.2 629.855 300 92
0 549.2 629.99 300 92
0 549.2 630.135 300 92
0 549.2 630.316 300 92
0 549.2 630.458 300 92
0 549.2 630.588 300 92
0 549.2 630.797 300 92
0 549.2 630.926 300 92
0 549.2 631.099 300 92
0 549.2 631.234 300 92
0 549.2 631.402 300 92
0 549.2 631.57 300 92
0 549.2 631.764 300 92
0 549.2 631.97 300 92
0 549.2 632.149 300 92
0 549.2 632.394 300 92
0 549.2 632.581 300 92
0 549.2 632.811 300 92
0 549.2 632.973 300 92
0 549.2 633.126 300 92
0 549.2 633.248 300 92
0 549.2 633.418 300 92
0 549.2 633.617 300 92
0 549.2 633.871 300 92
0 549.2 634.07 300 92
0 549.2 634.278 300 92
0 549.2 634.527 300 92
0 549.2 634.734 300 92
0 549.2 634.926 300 92
0 549.2 635.096 300 92
0 549.2 635.33 300 92
0 549.2 635.579 300 92
0 549.2 635.819 300 92
0 549.2 636.065 300 92
0 549.2 636.283 300 92
0 549.2 636.49 300 92
0 549.2 636.795 300 92
0 549.2 636.984 300 92
0 549.2 637.193 300 92
0 549.2 637.401 300 92
0 549.2 637.585 300 92
0 549.2 637.786 300 92
0 549.2 637.978 300 92
0 549.2 638.267 300 92
0 549.2 638.391 300 92
0 549.2 638.589 300 92
0 549.2 638.765 300 92
0 549.2 639.019 300 92
0 549.2 639.271 300 92
0 549.2 639.434 300 92
0 549.2 639.604 300 92
0 549.2 639.768 300 92
0 549.2 640.089 300 92
0 549.2 640.279 300 92
0 549.2 640.502 300 92
0 549.2 640.709 300 92
0 549.2 640.979 300 92
0 549.2 641.174 300 92
0 549.2 641.42 300 92
0 549.2 641.609 300 92
0 549.2 641.883 300 92
0 549.2 642.133 300 92
0 549.2 642.322 300 92
0 549.2 642.545 300 92
0 549.2 642.727 300 92
0 549.2 642.909 300 92
0 549.2 643.123 300 92
0 549.2 643.298 300 92
0 549.2 643.5 300 92
0 549.2 643.797 300 92
0 549.2 643.995 300 92
0 549.2 644.179 300 92
0 549.2 644.399 300 92
0 549.2 644.605 300 92
0 549.2 644.785 300 92
0 549.2 644.952 300 92
0 549.2 645.126 300 92
0 549.2 645.302 300 92
0 549.2 645.513 300 92
0 549.2 645.686 300 92
0 549.2 645.954 300 92
0 549.2 646.114 300 92
0 549.2 646.283 300 92
0 549.2 646.446 300 92
0 549.2 646.692 300 92
0 549.2 646.867 300 92
0 549.2 647.153 300 92
0 549.2 647.319 300 92
0 549.2 647.584 300 92
0 549.2 647.775 300 92
0 549.2 648.009 300 92
0 549.2 648.29 300 92
0 549.2 648.406 300 92
0 549.2 648.631 300 92
0 549.2 648.839 300 92
0 549.2 649.12 300 92
0 549.2 649.32 300 92
0 549.2 649.495 300 92
0 549.2 649.671 300 92
0 549.2 649.834 300 92
0 549.2 649.978 300 92
0 549.2 650.143 300 92
0 549.2 650.31 300 92
0 549.2 650.507 300 92
0 549.2 650.622 300 92
0 549.2 650.874 300 92
0 549.2 651.047 300 92
0 549.2 651.394 300 92
0 549.2 651.52 300 92
0 549.2 651.723 300 92
0 549.2 651.894 300 92
0 549.2 652.074 300 92
0 549.2 652.158 300 92
0 549.2 652.253 300 92
0 549.2 652.422 300 92
0 549.2 652.611 300 92
0 549.2 652.807 300 92
0 549.2 653.001 300 92
0 549.2 653.239 300 92
0 549.2 653.41 300 92
0 549.2 653.621 300 92
0 549.2 653.786 300 92
0 549.2 653.957 300 92
0 549.2 654.131 300 92
0 549.2 654.382 300 92
0 549.2 654.564 300 92
0 549.2 654.726 300 92
0 549.2 654.876 300 92
0 549.2 655.056 300 92
0 549.2 655.2 300 92
0 549.2 655.385 300 92
0 549.2 655.636 300 92
0 549.2 655.81 300 92
0 549.2 655.985 300 92
0 549.2 656.186 300 92
0 549.2 656.428 300 92
0 549.2 656.603 300 92
0 549.2 656.72 300 92
0 549.2 656.971 300 92
0 549.2 657.095 300 92
0 549.2 657.232 300 92
0 549.2 657.375 300 92
0 549.2 657.518 300 92
0 549.2 657.675 300 92
0 549.2 657.809 300 92
0 549.2 658.018 300 92
0 549.2 658.15 300 92
0 549.2 658.281 300 92
0 549.2 658.424 300 92
0 549.2 658.566 300 92
0 549.2 658.75 300 92
0 549.2 658.853 300 92
0 549.2 659.01 300 92
0 549.2 659.154 300 92
0 549.2 659.305 300 92
0 549.2 659.437 300 92
0 549.2 659.574 300 92
0 549.2 659.796 300 92
0 549.2 659.937 300 92
0 549.2 660.1 300 92
0 549.2 660.239 300 92
0 549.2 660.449 300 92
0 549.2 660.625 300 92
0 549.2 660.778 300 92
0 549.2 660.917 300 92
0 549.2 661.055 300 92
0 549.2 661.191 300 92
0 549.2 661.382 300 92
0 549.2 661.481 300 92
0 549.2 661.621 300 92
0 549.2 661.749 300 92
0 549.2 661.852 300 92
0 549.2 662.016 300 92
0 549.2 662.229 300 92
0 549.2 662.381 300 92
0 549.2 662.519 300 92
0 549.2 662.671 300 92
0 549.2 662.812 300 92
0 549.2 663.017 300 92
0 549.2 663.186 300 92
0 549.2 663.348 300 92
0 549.2 663.49 300 92
0 549.2 663.571 300 92
0 549.2 663.72 300 92
0 549.2 663.901 300 92
0 549.2 664.038 300 92
0 549.2 664.176 300 92
0 549.2 664.306 300 92
0 549.2 664.437 300 92
0 549.2 664.615 300 92
0 549.2 664.753 300 92
0 549.2 664.883 300 92
0 549.2 665.086 300 92
0 549.2 665.218 300 92
0 549.2 665.351 300 92
0 549.2 665.495 300 92
0 549.2 665.647 300 92
0 549.2 665.743 300 92
0 549.2 665.897 300 92
0 549.2 666.051 300 92
0 549.2 666.198 300 92
0 549.2 666.339 300 92
0 549.2 666.47 300 92
0 549.2 666.644 300 92
0 549.2 666.778 300 92
0 549.2 666.907 300 92
0 549.2 666.995 300 92
0 549.2 667.134 300 92
0 549.2 667.264 300 92
0 549.2 667.395 300 92
0 549.2 667.54 300 92
0 549.2 667.669 300 92
0 549.2 667.78 300 92
0 549.2 667.914 300 92
0 549.2 668.056 300 92
0 549.2 668.187 300 92
0 549.2 668.309 300 92
0 549.2 668.472 300 92
0 549.2 668.596 300 92
0 549.2 668.728 300 92
0 549.2 668.846 300 92
0 549.2 668.94 300 92
0 549.2 669.108 300 92
0 549.2 669.259 300 92
0 549.2 669.394 300 92
0 549.2 669.541 300 92
0 549.2 669.686 300 92
0 549.2 669.814 300 92
0 549.2 669.972 300 92
0 549.2 670.112 300 92
0 549.2 670.211 300 92
0 549.2 670.423 300 92
0 549.2 670.587 300 92
0 549.2 670.737 300 92
0 549.2 670.877 300 92
0 549.2 671.013 300 92
0 549.2 671.15 300 92
0 549.2 671.314 300 92
0 549.2 671.456 300 92
0 549.2 671.628 300 92
0 549.2 671.754 300 92
0 549.2 671.874 300 92
0 549.2 672.009 300 92
0 549.2 672.286 300 92
0 549.2 672.463 300 92
0 549.2 672.591 300 92
0 549.2 672.862 300 92
0 549.2 673.004 300 92
0 549.2 673.144 300 92
0 549.2 673.286 300 92
0 549.2 673.417 300 92
0 549.2 673.58 300 92
0 549.2 673.741 300 92
0 549.2 673.883 300 92
0 549.2 674.026 300 92
0 549.2 674.131 300 92
0 549.2 674.226 300 92
0 549.2 674.348 300 92
0 549.2 674.588 300 92
0 549.2 674.752 300 92
0 549.2 674.898 300 92
0 549.2 675.048 300 92
0 549.2 675.198 300 92
0 549.2 675.34 300 92
0 549.2 675.521 300 92
0 549.2 675.752 300 92
0 549.2 675.94 300 92
0 549.2 676.038 300 92
0 549.2 676.267 300 92
0 549.2 676.391 300 92
0 549.2 676.541 300 92
0 549.2 676.701 300 92
0 549.2 676.893 300 92
0 549.2 677.019 300 92
0 549.2 677.16 300 92
0 549.2 677.286 300 92
0 549.2 677.453 300 92
0 549.2 677.589 300 92
0 549.2 677.772 300 92
0 549.2 677.89 300 92
0 549.2 678.077 300 92
0 549.2 678.208 300 92
0 549.2 678.332 300 92
0 549.2 678.462 300 92
0 549.2 678.622 300 92
0 549.2 678.812 300 92
0 549.2 678.934 300 92
0 549.2 679.098 300 92
0 549.2 679.239 300 92
0 549.2 679.38 300 92
0 549.2 679.506 300 92
0 549.2 679.647 300 92
0 549.2 679.792 300 92
0 549.2 679.943 300 92
0 549.2 680.133 300 92
0 549.2 680.355 300 92
0 549.2 680.47 300 92
0 549.2 680.695 300 92
0 549.2 680.827 300 92
0 549.2 680.948 300 92
0 549.2 681.07 300 92
0 549.2 681.192 300 92
0 549.2 681.317 300 92
0 549.2 681.539 300 92
0 549.2 681.718 300 92
0 549.2 681.859 300 92
0 549.2 682.013 300 92
0 549.2 682.162 300 92
0 549.2 682.294 300 92
0 549.2 682.451 300 92
0 549.2 682.545 300 92
0 549.2 682.673 300 92
0 549.2 682.852 300 92
0 549.2 682.995 300 92
0 549.2 683.132 300 92
0 549.2 683.269 300 92
0 549.2 683.391 300 92
0 549.2 683.53 300 92
0 549.2 683.651 300 92
0 549.2 683.783 300 92
0 549.2 683.942 300 92
0 549.2 684.126 300 92
0 549.2 684.265 300 92
0 549.2 684.394 300 92
0 549.2 684.541 300 92
0 549.2 684.674 300 92
0 549.2 684.851 300 92
0 549.2 684.974 300 92
0 549.2 685.11 300 92
0 549.2 685.245 300 92
0 549.2 685.374 300 92
0 549.2 685.509 300 92
0 549.2 685.655 300 92
0 549.2 685.798 300 92
0 549.2 685.928 300 92
0 549.2 686.069 300 92
0 549.2 686.214 300 92
0 549.2 686.361 300 92
0 549.2 686.549 300 92
0 549.2 686.69 300 92
0 549.2 686.822 300 92
0 549.2 686.969 300 92
0 549.2 687.108 300 92
0 549.2 687.26 300 92
0 549.2 687.404 300 92
0 549.2 687.522 300 92
0 549.2 687.67 300 92
0 549.2 687.801 300 92
0 549.2 687.924 300 92
0 549.2 688.105 300 92
0 549.2 688.249 300 92
0 549.2 688.39 300 92
0 549.2 688.59 300 92
0 549.2 688.817 300 92
0 549.2 688.95 300 92
0 549.2 689.092 300 92
0 549.2 689.241 300 92
0 549.2 689.378 300 92
0 549.2 689.52 300 92
0 549.2 689.657 300 92
0 549.2 689.807 300 92
0 549.2 690.126 300 92
0 549.2 690.298 300 92
0 549.2 690.421 300 92
0 549.2 690.567 300 92
0 549.2 690.825 300 92
0 549.2 690.959 300 92
0 549.2 691.211 300 92
0 549.2 691.355 300 92
0 549.2 691.49 300 92
0 549.2 691.627 300 92
0 549.2 691.764 300 92
0 549.2 691.948 300 92
0 549.2 692.095 300 92
0 549.2 692.264 300 92
0 549.2 692.489 300 92
0 549.2 692.585 300 92
0 549.2 692.714 300 92
0 549.2 692.84 300 92
0 549.2 692.973 300 92
0 549.2 693.115 300 92
0 549.2 693.312 300 92
0 549.2 693.49 300 92
0 549.2 693.668 300 92
0 549.2 693.809 300 92
0 549.2 693.931 300 92
0 549.2 694.109 300 92
0 549.2 694.294 300 92
0 549.2 694.409 300 92
0 549.2 694.548 300 92
0 549.2 694.694 300 92
0 549.2 694.84 300 92
0 549.2 695.03 300 92
0 549.2 695.16 300 92
0 549.2 695.395 300 92
0 549.2 695.538 300 92
0 549.2 695.699 300 92
0 549.2 695.912 300 92
0 549.2 696.047 300 92
0 549.2 696.251 300 92
0 549.2 696.382 300 92
0 549.2 696.521 300 92
0 549.2 696.662 300 92
0 549.2 696.803 300 92
0 549.2 696.935 300 92
0 549.2 697.182 300 92
0 549.2 697.36 300 92
0 549.2 697.509 300 92
0 549.2 697.651 300 92
0 549.2 697.784 300 92
0 549.2 697.944 300 92
0 549.2 698.108 300 92
0 549.2 698.221 300 92
0 549.2 698.358 300 92
0 549.2 698.552 300 92
0 549.2 698.693 300 92
0 549.2 698.778 300 92
0 549.2 698.979 300 93
0 549.2 699.155 300 93
0 549.2 699.301 300 93
0 549.2 699.442 300 93
0 549.2 699.564 300 93
0 549.2 699.697 300 93
0 549.2 699.85 300 93
0 549.2 700.036 300 93
0 549.2 700.166 300 93
0 549.2 700.363 300 93
0 549.2 700.506 300 93
0 549.2 700.654 300 93
0 549.2 700.83 300 93
0 549.2 700.997 300 93
0 549.2 701.245 300 93
0 549.2 701.423 300 93
0 549.2 701.569 300 93
0 549.2 701.802 300 93
0 549.2 701.929 300 93
0 549.2 702.061 300 93
0 549.2 702.2 300 93
0 549.2 702.405 300 93
0 549.2 702.54 300 93
0 549.2 702.698 300 93
0 549.2 702.944 300 93
0 549.2 703.074 300 93
0 549.2 703.316 300 93
0 549.2 703.52 300 93
0 549.2 703.642 300 93
0 549.2 703.833 300 93
0 549.2 703.997 300 93
0 549.2 704.128 300 93
0 549.2 704.263 300 93
0 549.2 704.385 300 93
0 549.2 704.602 300 93
0 549.2 704.735 300 93
0 549.2 704.875 300 93
0 549.2 705.012 300 93
0 549.2 705.117 300 93
0 549.2 705.256 300 93
0 549.2 705.407 300 93
0 549.2 705.532 300 93
0 549.2 705.74 300 93
0 549.2 705.905 300 93
0 549.2 706.062 300 93
0 549.2 706.2 300 93
0 549.2 706.353 300 93
0 549.2 706.538 300 93
0 549.2 706.68 300 93
0 549.2 706.831 300 93
0 549.2 706.973 300 93
0 549.2 707.113 300 93
0 549.2 707.256 300 93
0 549.2 707.488 300 93
0 549.2 707.606 300 93
0 549.2 707.744 300 93
0 549.2 707.88 300 93
0 549.2 708.027 300 93
0 549.2 708.164 300 93
0 549.2 708.362 300 93
0 549.2 708.545 300 93
0 549.2 708.717 300 93
0 549.2 708.947 300 93
0 549.2 709.127 300 93
0 549.2 709.281 300 93
0 549.2 709.41 300 93
0 549.2 709.525 300 93
0 549.2 709.668 300 93
0 549.2 709.858 300 93
0 549.2 709.976 300 93
0 549.2 710.22 300 93
0 549.2 710.381 300 93
0 549.2 710.516 300 93
0 549.2 710.655 300 93
0 549.2 710.764 300 93
0 549.2 710.969 300 93
0 549.2 711.129 300 93
0 549.2 711.227 300 93
0 549.2 711.376 300 93
0 549.2 711.58 300 93
0 549.2 711.722 300 93
0 549.2 711.878 300 93
0 549.2 712.03 300 93
0 549.2 712.173 300 93
0 549.2 712.287 300 93
0 549.2 712.378 300 93
0 549.2 712.517 300 93
0 549.2 712.658 300 93
0 549.2 712.82 300 93
0 549.2 712.9 300 93
0 549.2 712.99 300 93
0 549.2 713.086 300 93
0 549.2 713.18 300 93
0 549.2 713.281 300 93
0 549.2 713.342 300 93
0 549.2 713.44 300 93
0 549.2 713.599 300 93
0 549.2 713.703 300 93
0 549.2 713.801 300 93
0 549.2 713.942 300 93
0 549.2 714.047 300 93
0 549.2 714.144 300 93
0 549.2 714.235 300 93
0 549.2 714.34 300 93
0 549.2 714.427 300 93
0 549.2 714.548 300 93
0 549.2 714.68 300 93
0 549.2 714.778 300 93
0 549.2 714.876 300 93
0 549.2 714.99 300 93
0 549.2 715.192 300 93
0 549.2 715.287 300 93
0 549.2 715.382 300 93
0 549.2 715.483 300 93
0 549.2 715.545 300 93
0 549.2 715.635 300 93
0 549.2 715.727 300 93
0 549.2 715.824 300 93
0 549.2 715.942 300 93
0 549.2 716.077 300 93
0 549.2 716.224 300 93
0 549.2 716.37 300 93
0 549.2 716.522 300 93
0 549.2 716.758 300 93
0 549.2 716.902 300 93
0 549.2 717.078 300 93
0 549.2 717.222 300 93
0 549.2 717.359 300 93
0 549.2 717.544 300 93
0 549.2 717.694 300 93
0 549.2 717.836 300 93
0 549.2 717.986 300 93
0 549.2 718.224 300 93
0 549.2 718.379 300 93
0 549.2 718.517 300 93
0 549.2 718.645 300 93
0 549.2 718.832 300 93
0 549.2 718.967 300 93
0 549.2 719.165 300 93
0 549.2 719.3 300 93
0 549.2 719.439 300 93
0 549.2 719.562 300 93
0 549.2 719.757 300 93
0 549.2 719.925 300 93
0 549.2 720.069 300 93
0 549.2 720.193 300 93
0 549.2 720.351 300 93
0 549.2 720.527 300 93
0 549.2 720.729 300 93
0 549.2 720.839 300 93
0 549.2 720.94 300 93
0 549.2 721.097 300 93
0 549.2 721.247 300 93
0 549.2 721.402 300 93
0 549.2 721.551 300 93
0 549.2 721.751 300 93
0 549.2 721.901 300 93
0 549.2 722.037 300 93
0 549.2 722.226 300 93
0 549.2 722.381 300 93
0 549.2 722.543 300 93
0 549.2 722.657 300 93
0 549.2 723.027 300 93
0 549.2 723.191 300 93
0 549.2 723.335 300 93
0 549.2 723.491 300 93
0 549.2 723.645 300 93
0 549.2 723.84 300 93
0 549.2 724.001 300 93
0 549.2 724.299 300 93
0 549.2 724.471 300 93
0 549.2 724.609 300 93
0 549.2 724.738 300 93
0 549.2 724.883 300 93
0 549.2 725.075 300 93
0 549.2 725.269 300 93
0 549.2 725.451 300 93
0 549.2 725.626 300 93
0 549.2 725.784 300 93
0 549.2 725.886 300 93
0 549.2 726.054 300 93
0 549.2 726.205 300 93
0 549.2 726.354 300 93
0 549.2 726.48 300 93
0 549.2 726.626 300 93
0 549.2 726.846 300 93
0 549.2 727.002 300 93
0 549.2 727.137 300 93
0 549.2 727.281 300 93
0 549.2 727.441 300 93
0 549.2 727.575 300 93
0 549.2 727.752 300 93
0 549.2 727.889 300 93
0 549.2 728.033 300 93
0 549.2 728.189 300 93
0 549.2 728.318 300 93
0 549.2 728.453 300 93
0 549.2 728.549 300 93
0 549.2 728.673 300 93
0 549.2 728.819 300 93
0 549.2 728.957 300 93
0 549.2 729.11 300 93
0 549.2 729.253 300 93
0 549.2 729.386 300 93
0 549.2 729.533 300 93
0 549.2 729.78 300 93
0 549.2 729.971 300 93
0 549.2 730.116 300 93
0 549.2 730.264 300 93
0 549.2 730.405 300 93
0 549.2 730.545 300 93
0 549.2 730.689 300 93
0 549.2 730.872 300 93
0 549.2 731.017 300 93
0 549.2 731.261 300 93
0 549.2 731.403 300 93
0 549.2 731.597 300 93
0 549.2 731.764 300 93
0 549.2 731.942 300 93
0 549.2 732.091 300 93
0 549.2 732.236 300 93
0 549.2 732.385 300 93
0 549.2 732.468 300 93
0 549.2 732.603 300 93
0 549.2 732.726 300 93
0 549.2 732.924 300 93
0 549.2 733.055 300 93
0 549.2 733.193 300 93
0 549.2 733.345 300 93
0 549.2 733.511 300 93
0 549.2 733.606 300 93
0 549.2 733.704 300 93
0 549.2 733.871 300 93
0 549.2 733.97 300 93
0 549.2 734.108 300 93
0 549.2 734.248 300 93
0 549.2 734.54 300 93
0 549.2 734.698 300 93
0 549.2 734.85 300 93
0 549.2 734.982 300 93
0 549.2 735.111 300 93
0 549.2 735.253 300 93
0 549.2 735.378 300 93
0 549.2 735.549 300 93
0 549.2 735.712 300 93
0 549.2 735.837 300 93
0 549.2 735.986 300 93
0 549.2 736.127 300 93
0 549.2 736.246 300 93
0 549.2 736.37 300 93
0 549.2 736.598 300 93
0 549.2 736.727 300 93
0 549.2 736.867 300 93
0 549.2 737.126 300 93
0 549.2 737.256 300 93
0 549.2 737.472 300 93
0 549.2 737.618 300 93
0 549.2 737.771 300 93
0 549.2 737.978 300 93
0 549.2 738.116 300 93
0 549.2 738.305 300 93
0 549.2 738.441 300 93
0 549.2 738.577 300 93
0 549.2 738.715 300 93
0 549.2 738.85 300 93
0 549.2 738.998 300 93
0 549.2 739.144 300 93
0 549.2 739.281 300 93
0 549.2 739.429 300 93
0 549.2 739.57 300 93
0 549.2 739.7 300 93
0 549.2 739.866 300 93
0 549.2 740.075 300 93
0 549.2 740.221 300 93
0 549.2 740.402 300 93
0 549.2 740.507 300 93
0 549.2 740.64 300 93
0 549.2 740.959 300 93
0 549.2 741.14 300 93
0 549.2 741.281 300 93
0 549.2 741.415 300 93
0 549.2 741.551 300 93
0 549.2 741.686 300 93
0 549.2 741.83 300 93
0 549.2 741.956 300 93
0 549.2 742.113 300 93
0 549.2 742.254 300 93
0 549.2 742.365 300 93
0 549.2 742.543 300 93
0 549.2 742.706 300 93
0 549.2 742.838 300 93
0 549.2 743.001 300 93
0 549.2 743.131 300 93
0 549.2 743.257 300 93
0 549.2 743.378 300 93
0 549.2 743.501 300 93
0 549.2 743.589 300 93
0 549.2 743.683 300 93
0 549.2 743.78 300 93
0 549.2 743.863 300 93
0 549.2 743.957 300 93
0 549.2 744.076 300 93
0 549.2 744.23 300 93
0 549.2 744.43 300 93
0 549.2 744.649 300 93
0 549.2 744.851 300 93
0 549.2 744.994 300 93
0 549.2 745.154 300 93
0 549.2 745.309 300 93
0 549.2 745.453 300 93
0 549.2 745.601 300 93
0 549.2 745.804 300 93
0 549.2 745.972 300 93
0 549.2 746.104 300 93
0 549.2 746.239 300 93
0 549.2 746.348 300 93
0 549.2 746.57 300 93
0 549.2 746.773 300 93
0 549.2 746.914 300 93
0 549.2 747.061 300 93
0 549.2 747.201 300 93
0 549.2 747.339 300 93
0 549.2 747.468 300 93
0 549.2 747.618 300 93
0 549.2 747.769 300 93
0 549.2 747.914 300 93
0 549.2 748.119 300 93
0 549.2 748.253 300 93
0 549.2 748.391 300 93
0 549.2 748.521 300 93
0 549.2 748.672 300 93
0 549.2 748.812 300 93
0 549.2 749.026 300 93
0 549.2 749.174 300 93
0 549.2 749.355 300 93
0 549.2 749.525 300 93
0 549.2 749.675 300 93
0 549.2 749.827 300 93
0 549.2 750.032 300 93
0 549.2 750.202 300 93
0 549.2 750.457 300 93
0 549.2 750.678 300 93
0 549.2 750.844 300 93
0 549.2 750.984 300 93
0 549.2 751.193 300 93
0 549.2 751.343 300 93
0 549.2 751.486 300 93
0 549.2 751.667 300 93
0 549.2 751.82 300 93
0 549.2 751.99 300 93
0 549.2 752.13 300 93
0 549.2 752.276 300 93
0 549.2 752.464 300 93
0 549.2 752.605 300 93
0 549.2 752.748 300 93
0 549.2 752.875 300 93
0 549.2 753.005 300 93
0 549.2 753.158 300 93
0 549.2 753.323 300 93
0 549.2 753.507 300 93
0 549.2 753.641 300 93
0 549.2 753.831 300 93
0 549.2 753.987 300 93
0 549.2 754.207 300 93
0 549.2 754.36 300 93
0 549.2 754.744 300 93
0 549.2 754.862 300 93
0 549.2 755.004 300 93
0 549.2 755.18 300 93
0 549.2 755.316 300 93
0 549.2 755.452 300 93
0 549.2 755.604 300 93
0 549.2 755.718 300 93
0 549.2 755.857 300 93
0 549.2 755.973 300 93
0 549.2 756.099 300 93
0 549.2 756.228 300 93
0 549.2 756.316 300 93
0 549.2 756.432 300 93
0 549.2 756.568 300 93
0 549.2 756.745 300 93
0 549.2 756.878 300 93
0 549.2 757.018 300 93
0 549.2 757.177 300 93
0 549.2 757.356 300 93
0 549.2 757.577 300 93
0 549.2 757.736 300 93
0 549.2 757.967 300 93
0 549.2 758.168 300 93
0 549.2 758.314 300 93
0 549.2 758.54 300 93
0 549.2 758.699 300 93
0 549.2 758.843 300 93
0 549.2 758.994 300 93
0 549.2 759.138 300 93
0 549.2 759.283 300 93
0 549.2 759.466 300 93
0 549.2 759.654 300 93
0 549.2 759.857 300 93
0 549.2 759.985 300 93
0 549.2 760.11 300 93
0 549.2 760.267 300 93
0 549.2 760.404 300 93
0 549.2 760.623 300 93
0 549.2 760.802 300 93
0 549.2 760.932 300 93
0 549.2 761.085 300 93
0 549.2 761.28 300 93
0 549.2 761.477 300 93
0 549.2 761.687 300 93
0 549.2 761.842 300 93
0 549.2 761.995 300 93
0 549.2 762.151 300 93
0 549.2 762.345 300 93
0 549.2 762.502 300 93
0 549.2 762.646 300 93
0 549.2 762.793 300 93
0 549.2 762.937 300 93
0 549.2 763.081 300 93
0 549.2 763.33 300 93
0 549.2 763.522 300 93
0 549.2 763.711 300 93
0 549.2 763.856 300 93
0 549.2 764.089 300 93
0 549.2 764.229 300 93
0 549.2 764.317 300 93
0 549.2 764.457 300 93
0 549.2 764.607 300 93
0 549.2 764.824 300 93
0 549.2 764.923 300 93
0 549.2 765.049 300 93
0 549.2 765.141 300 93
0 549.2 765.261 300 93
0 549.2 765.528 300 93
0 549.2 765.657 300 93
0 549.2 765.819 300 93
0 549.2 765.947 300 93
0 549.2 766.127 300 93
0 549.2 766.254 300 93
0 549.2 766.404 300 93
0 549.2 766.531 300 93
0 549.2 766.731 300 93
0 549.2 766.93 300 93
0 549.2 767.091 300 93
0 549.2 767.216 300 93
0 549.2 767.357 300 93
0 549.2 767.492 300 93
0 549.2 767.61 300 93
0 549.2 767.751 300 93
0 549.2 767.835 300 93
0 549.2 767.993 300 93
0 549.2 768.121 300 93
0 549.2 768.244 300 93
0 549.2 768.374 300 93
0 549.2 768.503 300 93
0 549.2 768.65 300 93
0 549.2 768.802 300 93
0 549.2 768.957 300 93
0 549.2 769.093 300 93
0 549.2 769.214 300 93
0 549.2 769.36 300 93
0 549.2 769.502 300 93
0 549.2 769.65 300 93
0 549.2 769.782 300 93
0 549.2 769.923 300 93
0 549.2 770.044 300 93
0 549.2 770.177 300 93
0 549.2 770.311 300 93
0 549.2 770.534 300 93
0 549.2 770.675 300 93
0 549.2 770.93 300 93
0 549.2 771.044 300 93
0 549.2 771.257 300 93
0 549.2 771.351 300 93
0 549.2 771.484 300 93
0 549.2 771.573 300 93
0 549.2 771.691 300 93
0 549.2 771.907 300 93
0 549.2 772.03 300 93
0 549.2 772.227 300 93
0 549.2 772.362 300 93
0 549.2 772.483 300 93
0 549.2 772.645 300 93
0 549.2 772.78 300 93
0 549.2 772.924 300 93
0 549.2 773.078 300 93
0 549.2 773.298 300 93
0 549.2 773.461 300 93
0 549.2 773.727 300 93
0 549.2 773.856 300 93
0 549.2 774.031 300 93
0 549.2 774.2 300 93
0 549.2 774.376 300 93
0 549.2 774.561 300 93
0 549.2 774.72 300 93
0 549.2 774.842 300 93
0 549.2 774.962 300 93
0 549.2 775.093 300 93
0 549.2 775.292 300 93
0 549.2 775.438 300 93
0 549.2 775.599 300 93
0 549.2 775.739 300 93
0 549.2 775.884 300 93
0 549.2 776.046 300 93
0 549.2 776.174 300 93
0 549.2 776.401 300 93
0 549.2 776.544 300 93
0 549.2 776.635 300 93
0 549.2 776.767 300 93
0 549.2 776.892 300 93
0 549.2 776.974 300 93
0 549.2 777.074 300 93
0 549.2 777.267 300 93
0 549.2 777.394 300 93
0 549.2 777.49 300 93
0 549.2 777.617 300 93
0 549.2 777.769 300 93
0 549.2 777.874 300 93
0 549.2 778.012 300 93
0 549.2 778.134 300 93
0 549.2 778.25 300 93
0 549.2 778.443 300 93
0 549.2 778.585 300 93
0 549.2 778.693 300 93
0 549.2 778.946 300 93
0 549.2 779.077 300 93
0 549.2 779.153 300 93
0 549.2 779.331 300 93
0 549.2 779.446 300 93
0 549.2 779.536 300 93
0 549.2 779.653 300 93
0 549.2 779.825 300 93
0 549.2 779.944 300 93
0 549.2 780.069 300 93
0 549.2 780.245 300 93
0 549.2 780.337 300 93
0 549.2 780.562 300 93
0 549.2 780.691 300 93
0 549.2 780.816 300 93
0 549.2 781.001 300 93
0 549.2 781.113 300 93
0 549.2 781.238 300 93
0 549.2 781.38 300 93
0 549.2 781.529 300 93
0 549.2 781.683 300 93
0 549.2 781.859 300 93
0 549.2 782.001 300 93
0 549.2 782.127 300 93
0 549.2 782.271 300 93
0 549.2 782.359 300 93
0 549.2 782.482 300 93
0 549.2 782.645 300 93
0 549.2 782.763 300 93
0 549.2 782.968 300 93
0 549.2 783.104 300 93
0 549.2 783.223 300 93
0 549.2 783.358 300 93
0 549.2 783.507 300 93
0 549.2 783.653 300 93
0 549.2 783.782 300 93
0 549.2 783.912 300 93
0 549.2 784.052 300 93
0 549.2 784.18 300 93
0 549.2 784.261 300 93
0 549.2 784.384 300 93
0 549.2 784.597 300 93
0 549.2 784.73 300 93
0 549.2 784.904 300 93
0 549.2 785.045 300 93
0 549.2 785.126 300 93
0 549.2 785.248 300 93
0 549.2 785.416 300 93
0 549.2 785.553 300 93
0 549.2 785.724 300 93
0 549.2 785.881 300 93
0 549.2 786.004 300 93
0 549.2 786.162 300 93
0 549.2 786.267 300 93
0 549.2 786.49 300 93
0 549.2 786.613 300 93
0 549.2 786.739 300 93
0 549.2 786.867 300 93
0 549.2 787.134 300 93
0 549.2 787.235 300 93
0 549.2 787.387 300 93
0 549.2 787.504 300 93
0 549.2 787.63 300 93
0 549.2 787.757 300 93
0 549.2 787.873 300 93
0 549.2 788.109 300 93
0 549.2 788.238 300 93
0 549.2 788.361 300 93
0 549.2 788.521 300 93
0 549.2 788.631 300 93
0 549.2 788.771 300 93
0 549.2 788.945 300 93
0 549.2 789.034 300 93
0 549.2 789.294 300 93
0 549.2 789.431 300 93
0 549.2 789.579 300 93
0 549.2 789.73 300 93
0 549.2 789.857 300 93
0 549.2 790.03 300 93
0 549.2 790.177 300 93
0 549.2 790.311 300 93
0 549.2 790.459 300 93
0 549.2 790.582 300 93
0 549.2 790.74 300 93
0 549.2 790.865 300 93
0 549.2 791.062 300 93
0 549.2 791.218 300 93
0 549.2 791.34 300 93
0 549.2 791.485 300 93
0 549.2 791.719 300 93
0 549.2 791.857 300 93
0 549.2 791.987 300 93
0 549.2 792.175 300 93
0 549.2 792.31 300 93
0 549.2 792.445 300 93
0 549.2 792.565 300 93
0 549.2 792.687 300 93
0 549.2 792.821 300 93
0 549.2 792.953 300 93
0 549.2 793.074 300 93
0 549.2 793.189 300 93
0 549.2 793.397 300 93
0 549.2 793.534 300 93
0 549.2 793.71 300 93
0 549.2 793.884 300 93
0 549.2 794.006 300 93
0 549.2 794.17 300 93
0 549.2 794.307 300 93
0 549.2 794.514 300 93
0 549.2 794.639 300 93
0 549.2 794.756 300 93
0 549.2 794.924 300 93
0 549.2 795.045 300 93
0 549.2 795.19 300 93
0 549.2 795.316 300 93
0 549.2 795.492 300 93
0 549.2 795.648 300 93
0 549.2 795.884 300 93
0 549.2 796.009 300 93
0 549.2 796.184 300 93
0 549.2 796.333 300 93
0 549.2 796.528 300 93
0 549.2 796.641 300 93
0 549.2 796.754 300 93
0 549.2 796.901 300 93
0 549.2 797.03 300 93
0 549.2 797.154 300 93
0 549.2 797.273 300 93
0 549.2 797.401 300 93
0 549.2 797.529 300 93
0 549.2 797.618 300 93
0 549.2 797.703 300 93
0 549.2 797.788 300 93
0 549.2 797.877 300 93
0 549.2 797.965 300 93
0 549.2 798.058 300 93
0 549.2 798.138 300 93
0 549.2 798.231 300 93
0 549.2 798.35 300 93
0 549.2 798.459 300 93
0 549.2 798.571 300 93
0 549.2 798.673 300 93
0 549.2 798.775 300 93
0 549.2 798.889 300 93
0 549.2 798.981 300 93
0 549.2 799.087 300 93
0 549.2 799.175 300 93
0 549.2 799.273 300 93
0 549.2 799.378 300 93
0 549.2 799.481 300 93
0 549.2 799.605 300 93
0 549.2 799.699 300 93
0 549.2 799.848 300 93
0 549.2 799.966 300 93
