0 762 0.015688 300 0
0 666.8 0.019646 0
0 644.4 0.025465 3
0 627.6 0.027872 3
0 627.6 0.103503 300 87
0 627.6 0.188227 300 87
0 627.6 0.269342 300 87
0 627.6 0.378253 300 87
0 582.8 0.422527 87
0 582.8 0.489741 300 87
0 582.8 0.626225 300 87
0 582.8 0.700868 300 87
0 582.8 0.786208 300 87
0 582.8 0.87003 300 87
0 582.8 0.955846 300 87
0 582.8 1.03022 300 87
0 582.8 1.11203 300 87
0 582.8 1.18707 300 87
0 582.8 1.26272 300 87
0 582.8 1.34587 300 87
0 582.8 1.42542 300 87
0 582.8 1.53225 300 87
0 582.8 1.60618 300 87
0 582.8 1.72618 300 87
0 582.8 1.84205 300 87
0 582.8 1.96949 300 87
0 582.8 2.05237 300 88
0 582.8 2.13066 300 88
0 582.8 2.19901 300 88
0 582.8 2.28806 300 88
0 582.8 2.36848 300 88
0 582.8 2.49962 300 88
0 582.8 2.5724 300 88
0 582.8 2.67452 300 88
0 582.8 2.78656 300 88
0 582.8 2.87315 300 88
0 582.8 2.95783 300 88
0 582.8 3.0557 300 88
0 582.8 3.1771 300 88
0 577.2 3.19912 88
0 577.2 3.26519 300 88
0 577.2 3.32023 300 88
0 577.2 3.41027 300 88
0 577.2 3.48646 300 88
0 577.2 3.5701 300 88
0 577.2 3.65058 300 88
0 577.2 3.75662 300 88
0 577.2 3.83563 300 88
0 577.2 3.91073 300 88
0 577.2 4.02073 300 88
0 577.2 4.096 300 88
0 577.2 4.18627 300 88
0 577.2 4.27276 300 88
0 577.2 4.3393 300 88
0 577.2 4.55226 300 89
0 577.2 4.66593 300 89
0 577.2 4.75194 300 89
0 577.2 4.83804 300 89
0 577.2 4.92486 300 89
0 577.2 5.02029 300 89
0 577.2 5.13426 300 89
0 577.2 5.21645 300 89
0 577.2 5.32446 300 89
0 577.2 5.40144 300 89
0 577.2 5.48541 300 89
0 577.2 5.5815 300 89
0 577.2 5.66591 300 89
0 577.2 5.74047 300 90
0 577.2 5.81963 300 90
0 577.2 5.90768 300 90
0 577.2 6.02949 300 90
0 577.2 6.13355 300 90
0 577.2 6.22777 300 90
0 577.2 6.30192 300 90
0 577.2 6.39161 300 90
0 577.2 6.47555 300 90
0 577.2 6.56636 300 90
0 577.2 6.66229 300 90
0 577.2 6.76828 300 90
0 577.2 6.87464 300 90
0 577.2 7.034 300 90
0 577.2 7.22178 300 90
0 577.2 7.33923 300 90
0 577.2 7.50787 300 90
0 577.2 7.62694 300 90
0 577.2 7.75033 300 90
0 577.2 7.96195 300 90
0 577.2 8.10891 300 90
0 577.2 8.23548 300 90
0 577.2 8.35266 300 90
0 577.2 8.49157 300 90
0 577.2 8.59487 300 90
0 577.2 8.69903 300 90
0 577.2 8.85233 300 90
0 577.2 8.96735 300 90
0 577.2 9.1404 300 90
0 577.2 9.37463 300 90
0 577.2 9.66851 300 90
0 577.2 9.85406 300 90
0 577.2 10.0313 300 90
0 577.2 10.2406 300 90
0 577.2 10.5448 300 90
0 577.2 10.8163 300 90
0 577.2 11.1326 300 90
0 577.2 11.4139 300 90
0 577.2 11.5484 300 90
0 577.2 11.78 300 90
0 577.2 11.9716 300 90
0 577.2 12.0979 300 90
0 577.2 12.2874 300 90
0 577.2 12.5211 300 90
0 577.2 12.713 300 90
0 577.2 13.017 300 90
0 577.2 13.3027 300 90
0 577.2 13.5798 300 90
0 577.2 13.7741 300 90
0 577.2 13.9906 300 90
0 577.2 14.2112 300 90
0 577.2 14.4197 300 90
0 577.2 14.6885 300 90
0 577.2 14.9195 300 90
0 577.2 15.0324 300 90
0 577.2 15.3173 300 90
0 577.2 15.5886 300 90
0 577.2 15.8532 300 90
0 577.2 16.0686 300 90
0 577.2 16.2694 300 90
0 577.2 16.4679 300 90
0 577.2 16.6891 300 90
0 577.2 16.8701 300 90
0 577.2 17.0735 300 90
0 577.2 17.4001 300 90
0 577.2 17.7234 300 90
0 577.2 17.9777 300 90
0 577.2 18.1791 300 90
0 577.2 18.3602 300 90
0 577.2 18.6317 300 90
0 577.2 18.8359 300 90
0 577.2 19.1053 300 90
0 577.2 19.3056 300 90
0 577.2 19.5026 300 90
0 577.2 19.7523 300 90
0 577.2 19.9635 300 90
0 577.2 20.1361 300 90
0 577.2 20.4201 300 90
0 577.2 20.6691 300 90
0 577.2 20.8424 300 90
0 577.2 21.039 300 90
0 577.2 21.2238 300 90
0 577.2 21.4181 300 90
0 577.2 21.522 300 90
0 577.2 21.6927 300 91
0 577.2 21.867 300 91
0 577.2 22.09 300 91
0 577.2 22.277 300 91
0 577.2 22.5784 300 91
0 577.2 22.6881 300 91
0 577.2 22.8588 300 91
0 577.2 23.1007 300 91
0 577.2 23.2786 300 91
0 577.2 23.4423 300 91
0 577.2 23.6187 300 91
0 577.2 23.8048 300 91
0 577.2 24.0174 300 91
0 577.2 24.2013 300 91
0 577.2 24.3693 300 91
0 577.2 24.6056 300 91
0 577.2 24.8885 300 91
0 577.2 25.1386 300 91
0 577.2 25.3274 300 91
0 577.2 25.5085 300 91
0 577.2 25.6724 300 91
0 577.2 25.8083 300 91
0 577.2 25.9683 300 91
0 577.2 26.1869 300 91
0 577.2 26.3764 300 91
0 577.2 26.5419 300 91
0 577.2 26.72 300 91
0 577.2 26.8966 300 91
0 577.2 27.1038 300 91
0 577.2 27.2719 300 91
0 577.2 27.4389 300 91
0 577.2 27.5965 300 91
0 577.2 27.755 300 91
0 577.2 28.0269 300 91
0 577.2 28.1388 300 91
0 577.2 28.2886 300 91
0 577.2 28.4628 300 91
0 577.2 28.632 300 91
0 577.2 28.8746 300 91
0 577.2 29.0345 300 91
0 577.2 29.2031 300 91
0 577.2 29.3571 300 91
0 577.2 29.5217 300 91
0 577.2 29.6815 300 91
0 577.2 29.8579 300 91
0 577.2 30.0286 300 91
0 577.2 30.1962 300 91
0 577.2 30.3504 300 91
0 577.2 30.5002 300 91
0 577.2 30.6614 300 91
0 577.2 30.8206 300 91
0 577.2 31.008 300 91
0 577.2 31.1644 300 91
0 577.2 31.3636 300 91
0 577.2 31.503 300 91
0 577.2 31.7103 300 91
0 577.2 32.1521 300 91
0 577.2 32.3095 300 91
0 577.2 32.4527 300 91
0 577.2 32.5937 300 91
0 577.2 32.7111 300 91
0 577.2 32.8666 300 91
0 577.2 33.0117 300 91
0 577.2 33.1557 300 91
0 577.2 33.31 300 91
0 577.2 33.4642 300 91
0 577.2 33.6362 300 91
0 577.2 33.7791 300 91
0 577.2 33.964 300 91
0 577.2 34.1181 300 91
0 577.2 34.2875 300 91
0 577.2 34.4323 300 91
0 577.2 34.5952 300 91
0 577.2 34.8571 300 91
0 577.2 34.9672 300 91
0 577.2 35.1605 300 91
0 577.2 35.3104 300 91
0 577.2 35.4464 300 91
0 577.2 35.6158 300 91
0 577.2 35.8693 300 91
0 577.2 36.0156 300 91
0 577.2 36.2062 300 91
0 577.2 36.3515 300 91
0 577.2 36.497 300 91
0 577.2 36.7164 300 91
0 577.2 36.8535 300 91
0 577.2 37.0196 300 91
0 577.2 37.1567 300 91
0 577.2 37.3938 300 91
0 577.2 37.5358 300 91
0 577.2 37.673 300 91
0 577.2 37.8283 300 91
0 577.2 38.02 300 91
0 577.2 38.1782 300 91
0 577.2 38.3672 300 91
0 577.2 38.5064 300 91
0 577.2 38.7276 300 91
0 577.2 38.866 300 91
0 577.2 39.0082 300 91
0 577.2 39.1575 300 91
0 577.2 39.2868 300 91
0 577.2 39.4497 300 91
0 577.2 39.6096 300 91
0 577.2 39.7887 300 91
0 577.2 40.0393 300 91
0 577.2 40.1826 300 91
0 577.2 40.4319 300 91
0 577.2 40.5803 300 91
0 577.2 40.6932 300 91
0 577.2 40.9433 300 91
0 577.2 41.0815 300 91
0 577.2 41.2429 300 91
0 577.2 41.3863 300 91
0 577.2 41.5307 300 91
0 577.2 41.7657 300 91
0 577.2 41.9197 300 91
0 577.2 42.0749 300 91
0 577.2 42.2205 300 91
0 577.2 42.3228 300 91
0 577.2 42.4099 300 91
0 577.2 42.5481 300 91
0 577.2 42.6941 300 91
0 577.2 42.823 300 91
0 577.2 42.9671 300 91
0 577.2 43.0959 300 91
0 577.2 43.23 300 91
0 577.2 43.3208 300 91
0 577.2 43.4545 300 91
0 577.2 43.5964 300 91
0 577.2 43.7533 300 91
0 577.2 43.91 300 91
0 577.2 44.0543 300 91
0 577.2 44.2835 300 91
0 577.2 44.4839 300 91
0 577.2 44.6077 300 91
0 577.2 44.7931 300 91
0 577.2 44.9281 300 91
0 577.2 45.1061 300 91
0 577.2 45.3003 300 91
0 577.2 45.4734 300 91
0 577.2 45.6038 300 91
0 577.2 45.7307 300 91
0 577.2 45.8636 300 91
0 577.2 45.9967 300 91
0 577.2 46.145 300 91
0 577.2 46.2715 300 91
0 577.2 46.4048 300 91
0 577.2 46.4884 300 91
0 577.2 46.6196 300 91
0 577.2 46.765 300 91
0 577.2 46.9092 300 91
0 577.2 47.0333 300 91
0 577.2 47.1726 300 91
0 577.2 47.2975 300 91
0 577.2 47.4174 300 91
0 577.2 47.5531 300 91
0 577.2 47.7193 300 91
0 577.2 47.8516 300 91
0 577.2 47.9934 300 91
0 577.2 48.1228 300 91
0 577.2 48.2534 300 91
0 577.2 48.3944 300 91
0 577.2 48.5358 300 91
0 577.2 48.6523 300 91
0 577.2 48.7855 300 91
0 577.2 49.0099 300 91
0 577.2 49.1444 300 91
0 577.2 49.2527 300 91
0 577.2 49.4613 300 91
0 577.2 49.576 300 91
0 577.2 49.7022 300 91
0 577.2 49.9535 300 91
0 577.2 50.1188 300 91
0 577.2 50.2485 300 91
0 577.2 50.3736 300 91
0 577.2 50.4626 300 91
0 577.2 50.5964 300 91
0 577.2 50.7301 300 91
0 577.2 50.8482 300 91
0 577.2 50.9776 300 91
0 577.2 51.1007 300 91
0 577.2 51.2422 300 91
0 577.2 51.4182 300 91
0 577.2 51.62 300 91
0 577.2 51.759 300 91
0 577.2 51.9345 300 91
0 577.2 52.0526 300 91
0 577.2 52.2324 300 91
0 577.2 52.4687 300 91
0 577.2 52.6475 300 91
0 577.2 53.4544 300 91
0 577.2 53.9275 300 91
0 577.2 54.1599 300 91
0 577.2 54.3825 300 91
0 577.2 54.4685 300 91
0 577.2 54.607 300 91
0 577.2 54.7588 300 91
0 577.2 55.0162 300 91
0 577.2 55.0944 300 91
0 577.2 55.342 300 91
0 577.2 55.5498 300 91
0 577.2 55.6973 300 91
0 577.2 55.8684 300 91
0 577.2 56.0123 300 91
0 577.2 56.1377 300 91
0 577.2 56.3124 300 91
0 577.2 56.4524 300 91
0 577.2 56.6256 300 91
0 577.2 56.7993 300 91
0 577.2 56.8858 300 91
0 577.2 57.0209 300 91
0 577.2 57.186 300 91
0 577.2 57.3003 300 91
0 577.2 57.4319 300 91
0 577.2 57.6229 300 91
0 577.2 57.8048 300 91
0 577.2 57.8889 300 91
0 577.2 57.9896 300 91
0 577.2 58.0478 300 91
0 577.2 58.1621 300 91
0 577.2 58.2522 300 91
0 577.2 58.3889 300 91
0 577.2 58.5684 300 91
0 577.2 58.6811 300 91
0 577.2 58.8114 300 91
0 577.2 58.9247 300 91
0 577.2 59.1105 300 91
0 577.2 59.2398 300 91
0 577.2 59.3586 300 91
0 577.2 59.4882 300 91
0 571.6 59.5311 91
0 571.6 59.6205 300 91
0 571.6 59.7546 300 91
0 571.6 59.8894 300 91
0 571.6 60.0173 300 91
0 571.6 60.1621 300 91
0 571.6 60.31 300 91
0 571.6 60.4501 300 91
0 571.6 60.5712 300 91
0 571.6 60.69 300 91
0 571.6 60.9796 300 91
0 571.6 61.1033 300 91
0 571.6 61.2962 300 91
0 571.6 61.5298 300 91
0 571.6 61.6567 300 91
0 571.6 61.7797 300 91
0 571.6 61.9278 300 91
0 571.6 62.0908 300 91
0 571.6 62.257 300 91
0 571.6 62.3815 300 91
0 571.6 62.6161 300 91
0 571.6 62.7732 300 91
0 571.6 62.9502 300 91
0 571.6 63.0752 300 91
0 571.6 63.1963 300 91
0 571.6 63.323 300 91
0 571.6 63.4366 300 91
0 571.6 63.5543 300 91
0 571.6 63.6859 300 91
0 571.6 63.8053 300 91
0 571.6 63.8868 300 91
0 571.6 64.1482 300 91
0 571.6 64.3898 300 91
0 571.6 64.5322 300 91
0 571.6 64.672 300 91
0 571.6 64.7883 300 91
0 571.6 64.9625 300 91
0 571.6 65.1348 300 91
0 571.6 65.2761 300 91
0 571.6 65.4263 300 91
0 571.6 65.6767 300 91
0 571.6 65.8552 300 91
0 571.6 65.979 300 91
0 571.6 66.1936 300 91
0 571.6 66.3475 300 91
0 571.6 66.4626 300 91
0 571.6 66.6206 300 91
0 571.6 66.8885 300 91
0 571.6 66.9835 300 91
0 571.6 67.1642 300 91
0 571.6 67.3088 300 91
0 571.6 67.407 300 91
0 571.6 67.5424 300 91
0 571.6 67.6777 300 91
0 571.6 67.8366 300 91
0 571.6 67.9748 300 91
0 571.6 68.2865 300 91
0 571.6 68.4433 300 91
0 571.6 68.5303 300 91
0 571.6 68.6153 300 91
0 571.6 68.6942 300 91
0 571.6 68.8368 300 91
0 571.6 68.9394 300 91
0 571.6 69.0214 300 91
0 571.6 69.1071 300 91
0 571.6 69.219 300 91
0 571.6 69.3628 300 91
0 571.6 69.4779 300 91
0 571.6 69.5974 300 91
0 571.6 69.6537 300 91
0 571.6 69.7432 300 91
0 571.6 69.8523 300 91
0 571.6 69.9869 300 91
0 571.6 70.14 300 91
0 571.6 70.2687 300 91
0 571.6 70.4903 300 91
0 571.6 70.6241 300 91
0 571.6 70.7677 300 91
0 571.6 70.8864 300 91
0 571.6 71.0272 300 91
0 571.6 71.156 300 91
0 571.6 71.3358 300 91
0 571.6 71.5778 300 91
0 571.6 71.7092 300 91
0 571.6 71.8438 300 91
0 571.6 72.0151 300 91
0 571.6 72.2214 300 91
0 571.6 72.3427 300 91
0 571.6 72.4597 300 91
0 571.6 72.5864 300 91
0 571.6 72.6722 300 91
0 571.6 72.8034 300 91
0 571.6 72.9408 300 91
0 571.6 73.0634 300 91
0 571.6 73.1607 300 91
0 571.6 73.2516 300 91
0 571.6 73.3898 300 91
0 571.6 73.4765 300 91
0 571.6 73.5665 300 91
0 571.6 73.6618 300 91
0 571.6 73.7506 300 91
0 571.6 73.8342 300 91
0 571.6 73.9215 300 91
0 571.6 74.2716 300 91
0 571.6 74.5318 300 91
0 571.6 74.7382 300 91
0 571.6 74.866 300 91
0 571.6 75.0447 300 91
0 571.6 75.1792 300 91
0 571.6 75.3756 300 91
0 571.6 75.4994 300 91
0 571.6 75.727 300 91
0 571.6 75.8891 300 91
0 571.6 76.0443 300 91
0 571.6 76.1925 300 91
0 571.6 76.3333 300 91
0 571.6 76.5149 300 91
0 571.6 76.7033 300 91
0 571.6 76.8995 300 91
0 571.6 77.0511 300 91
0 571.6 77.1735 300 91
0 571.6 77.3842 300 91
0 571.6 77.6017 300 91
0 571.6 77.7409 300 91
0 571.6 77.8793 300 91
0 571.6 78.0691 300 91
0 571.6 78.1946 300 91
0 571.6 78.3368 300 91
0 571.6 78.5951 300 91
0 571.6 78.7699 300 91
0 571.6 79.0678 300 91
0 571.6 79.3522 300 91
0 571.6 79.5866 300 91
0 571.6 79.7433 300 91
0 571.6 79.8393 300 91
0 571.6 79.9388 300 91
0 571.6 80.0649 300 91
0 571.6 80.1805 300 91
0 571.6 80.2722 300 91
0 571.6 80.3673 300 91
0 571.6 80.5055 300 91
0 571.6 80.6113 300 91
0 571.6 80.7384 300 91
0 571.6 80.8311 300 91
0 571.6 80.9227 300 91
0 571.6 81.0086 300 91
0 571.6 81.1169 300 91
0 571.6 81.2194 300 91
0 571.6 81.304 300 91
0 571.6 81.4895 300 91
0 571.6 81.5795 300 91
0 571.6 81.6989 300 91
0 571.6 81.7864 300 91
0 571.6 81.8401 300 91
0 571.6 81.9695 300 91
0 571.6 82.0629 300 91
0 571.6 82.1806 300 91
0 571.6 82.2781 300 91
0 571.6 82.3677 300 91
0 571.6 82.4784 300 91
0 571.6 82.5719 300 91
0 571.6 82.6851 300 91
0 571.6 82.785 300 91
0 571.6 82.8703 300 91
0 571.6 82.9614 300 91
0 571.6 83.0957 300 91
0 571.6 83.1758 300 92
0 571.6 83.2644 300 92
0 571.6 83.3571 300 92
0 571.6 83.4897 300 92
0 571.6 83.6131 300 92
0 571.6 83.7704 300 92
0 571.6 83.884 300 92
0 571.6 84.013 300 92
0 571.6 84.4211 300 92
0 571.6 84.7002 300 92
0 571.6 84.9723 300 92
0 571.6 85.1152 300 92
0 571.6 85.2971 300 92
0 571.6 85.3821 300 92
0 571.6 85.5058 300 92
0 571.6 85.6375 300 92
0 571.6 85.7788 300 92
0 571.6 86.1188 300 92
0 571.6 86.6701 300 92
0 571.6 86.9768 300 92
0 571.6 87.1578 300 92
0 571.6 87.371 300 92
0 571.6 87.5141 300 92
0 571.6 87.6664 300 92
0 571.6 87.8707 300 92
0 571.6 88.0663 300 92
0 571.6 88.1627 300 92
0 571.6 88.3216 300 92
0 571.6 88.5145 300 92
0 571.6 88.6796 300 92
0 571.6 88.9769 300 92
0 571.6 89.1339 300 92
0 571.6 89.2538 300 92
0 571.6 89.4729 300 92
0 571.6 89.5969 300 92
0 571.6 89.8106 300 92
0 571.6 89.9609 300 92
0 571.6 90.1897 300 92
0 571.6 90.3243 300 92
0 571.6 90.6621 300 92
0 571.6 90.8339 300 92
0 571.6 91.0425 300 92
0 571.6 91.1998 300 92
0 571.6 91.3608 300 92
0 571.6 91.449 300 92
0 571.6 91.6213 300 92
0 571.6 91.7638 300 92
0 571.6 91.9809 300 92
0 571.6 92.3718 300 92
0 571.6 92.7405 300 92
0 571.6 93.0418 300 92
0 571.6 93.1797 300 92
0 571.6 93.314 300 92
0 571.6 93.4825 300 92
0 571.6 93.6126 300 92
0 571.6 93.7713 300 92
0 571.6 94.0971 300 92
0 571.6 94.5068 300 92
0 571.6 94.7135 300 92
0 571.6 95.0922 300 92
0 571.6 95.1776 300 92
0 571.6 95.2702 300 92
0 571.6 95.4255 300 92
0 571.6 95.5782 300 92
0 571.6 95.7058 300 92
0 571.6 95.8479 300 92
0 571.6 96.0179 300 92
0 571.6 96.1087 300 92
0 571.6 96.2561 300 92
0 571.6 96.3961 300 92
0 571.6 96.5828 300 92
0 571.6 96.7213 300 92
0 571.6 96.8347 300 92
0 571.6 96.9834 300 92
0 571.6 97.1275 300 92
0 571.6 97.2698 300 92
0 571.6 97.4133 300 92
0 571.6 97.558 300 92
0 571.6 97.6868 300 92
0 571.6 97.817 300 92
0 571.6 97.9928 300 92
0 571.6 98.1354 300 92
0 571.6 98.285 300 92
0 571.6 98.4272 300 92
0 571.6 98.5731 300 92
0 571.6 98.7125 300 92
0 571.6 98.8548 300 92
0 571.6 98.9836 300 92
0 571.6 99.1708 300 92
0 571.6 99.3071 300 92
0 571.6 99.408 300 92
0 571.6 99.6182 300 92
0 571.6 99.7693 300 92
0 571.6 99.9229 300 92
0 571.6 100.131 300 92
0 571.6 100.279 300 92
0 571.6 100.372 300 92
0 571.6 100.505 300 92
0 571.6 100.752 300 92
0 571.6 100.961 300 92
0 571.6 101.128 300 92
0 571.6 101.328 300 92
0 571.6 101.482 300 92
0 571.6 101.633 300 92
0 571.6 101.81 300 92
0 571.6 102.051 300 92
0 571.6 102.187 300 92
0 571.6 102.29 300 92
0 571.6 102.446 300 92
0 571.6 102.592 300 92
0 571.6 102.72 300 92
0 571.6 102.851 300 92
0 571.6 102.985 300 92
0 571.6 103.232 300 92
0 571.6 103.369 300 92
0 571.6 103.563 300 92
0 571.6 103.709 300 92
0 571.6 103.868 300 92
0 571.6 103.96 300 92
0 571.6 104.052 300 92
0 571.6 104.171 300 92
0 571.6 104.252 300 92
0 571.6 104.35 300 92
0 571.6 104.476 300 92
0 571.6 104.58 300 92
0 571.6 104.674 300 92
0 571.6 104.759 300 92
0 571.6 104.852 300 92
0 571.6 104.957 300 92
0 571.6 105.09 300 92
0 571.6 105.186 300 92
0 571.6 105.265 300 92
0 571.6 105.398 300 92
0 571.6 105.516 300 92
0 571.6 105.639 300 92
0 571.6 105.78 300 92
0 571.6 105.97 300 92
0 571.6 106.154 300 92
0 571.6 106.294 300 92
0 571.6 106.48 300 92
0 571.6 106.612 300 92
0 571.6 106.756 300 92
0 571.6 106.898 300 92
0 571.6 107.043 300 92
0 571.6 107.16 300 92
0 571.6 107.289 300 92
0 571.6 107.414 300 92
0 571.6 107.537 300 92
0 571.6 107.628 300 92
0 571.6 107.76 300 92
0 571.6 108.022 300 92
0 571.6 108.153 300 92
0 571.6 108.342 300 92
0 571.6 108.494 300 92
0 571.6 108.628 300 92
0 571.6 108.787 300 92
0 571.6 108.95 300 92
0 571.6 109.131 300 92
0 571.6 109.294 300 92
0 571.6 109.413 300 92
0 571.6 109.545 300 92
0 571.6 109.793 300 92
0 571.6 109.909 300 92
0 571.6 110.157 300 92
0 571.6 110.295 300 92
0 571.6 110.426 300 92
0 571.6 110.56 300 92
0 571.6 110.698 300 92
0 571.6 110.827 300 92
0 571.6 111.064 300 92
0 571.6 111.201 300 92
0 571.6 111.39 300 92
0 571.6 111.664 300 92
0 571.6 111.83 300 92
0 571.6 111.967 300 92
0 571.6 112.104 300 92
0 571.6 112.204 300 92
0 571.6 112.405 300 92
0 571.6 112.524 300 92
0 571.6 112.684 300 92
0 571.6 112.832 300 92
0 571.6 113.088 300 92
0 571.6 113.228 300 92
0 571.6 113.358 300 92
0 571.6 113.519 300 92
0 571.6 113.621 300 92
0 571.6 113.779 300 92
0 571.6 113.954 300 92
0 571.6 114.07 300 92
0 571.6 114.157 300 92
0 571.6 114.279 300 92
0 571.6 114.422 300 92
0 571.6 114.541 300 92
0 571.6 114.666 300 92
0 571.6 114.782 300 92
0 571.6 115.021 300 92
0 571.6 115.142 300 92
0 571.6 115.238 300 92
0 571.6 115.374 300 92
0 571.6 115.52 300 92
0 571.6 115.644 300 92
0 571.6 115.781 300 92
0 571.6 116.075 300 92
0 571.6 116.205 300 92
0 571.6 116.349 300 92
0 571.6 116.49 300 92
0 571.6 116.601 300 92
0 571.6 116.763 300 92
0 571.6 116.892 300 92
0 571.6 117.082 300 92
0 571.6 117.247 300 92
0 571.6 117.409 300 92
0 571.6 117.556 300 92
0 571.6 117.715 300 92
0 571.6 117.862 300 92
0 571.6 118.008 300 92
0 571.6 118.142 300 92
0 571.6 118.28 300 92
0 571.6 118.404 300 92
0 571.6 118.524 300 92
0 571.6 118.644 300 92
0 571.6 118.811 300 92
0 571.6 118.937 300 92
0 571.6 119.18 300 92
0 571.6 119.296 300 92
0 571.6 119.418 300 92
0 571.6 119.579 300 92
0 571.6 119.706 300 92
0 571.6 119.821 300 92
0 571.6 119.912 300 92
0 571.6 119.996 300 92
0 571.6 120.089 300 92
0 571.6 120.167 300 92
0 571.6 120.257 300 92
0 571.6 120.344 300 92
0 571.6 120.434 300 92
0 571.6 120.529 300 92
0 571.6 120.622 300 92
0 571.6 120.762 300 92
0 571.6 120.971 300 92
0 571.6 121.109 300 92
0 571.6 121.28 300 92
0 571.6 121.405 300 92
0 571.6 121.55 300 92
0 571.6 121.686 300 92
0 571.6 121.852 300 92
0 571.6 121.944 300 92
0 571.6 122.086 300 92
0 571.6 122.217 300 92
0 571.6 122.351 300 92
0 571.6 122.471 300 92
0 571.6 122.552 300 92
0 571.6 122.672 300 92
0 571.6 122.767 300 92
0 571.6 122.859 300 92
0 571.6 122.939 300 92
0 571.6 123.041 300 92
0 571.6 123.169 300 92
0 571.6 123.34 300 92
0 571.6 123.452 300 92
0 571.6 123.649 300 92
0 571.6 123.83 300 92
0 571.6 123.974 300 92
0 571.6 124.12 300 92
0 571.6 124.363 300 92
0 571.6 124.494 300 92
0 571.6 124.64 300 92
0 571.6 124.889 300 92
0 571.6 125.066 300 92
0 571.6 125.251 300 92
0 571.6 125.404 300 92
0 571.6 125.528 300 92
0 571.6 125.657 300 92
0 571.6 125.817 300 92
0 571.6 125.957 300 92
0 571.6 126.065 300 92
0 571.6 126.132 300 92
0 571.6 126.186 300 92
0 571.6 126.269 300 92
0 571.6 126.351 300 92
0 571.6 126.458 300 92
0 571.6 126.554 300 92
0 571.6 126.642 300 92
0 571.6 126.724 300 92
0 571.6 126.814 300 92
0 571.6 126.906 300 92
0 571.6 126.985 300 92
0 571.6 127.071 300 92
0 571.6 127.13 300 92
0 571.6 127.225 300 92
0 571.6 127.349 300 92
0 571.6 127.48 300 92
0 571.6 127.571 300 92
0 571.6 127.652 300 92
0 571.6 127.739 300 92
0 571.6 127.86 300 92
0 571.6 127.974 300 92
0 571.6 128.067 300 92
0 571.6 128.153 300 92
0 571.6 128.242 300 92
0 571.6 128.407 300 92
0 571.6 128.487 300 92
0 571.6 128.598 300 92
0 571.6 128.679 300 92
0 571.6 128.774 300 92
0 571.6 128.864 300 92
0 571.6 128.963 300 92
0 571.6 129.061 300 92
0 571.6 129.195 300 92
0 571.6 129.293 300 92
0 571.6 129.385 300 92
0 571.6 129.443 300 92
0 571.6 129.562 300 92
0 571.6 129.782 300 92
0 571.6 129.914 300 92
0 571.6 130.032 300 92
0 571.6 130.13 300 92
0 571.6 130.216 300 92
0 571.6 130.318 300 92
0 571.6 130.403 300 92
0 571.6 130.488 300 92
0 571.6 130.573 300 92
0 571.6 130.654 300 92
0 571.6 130.812 300 92
0 571.6 130.94 300 92
0 571.6 131.171 300 92
0 571.6 131.334 300 92
0 571.6 131.475 300 92
0 571.6 131.61 300 92
0 571.6 131.751 300 92
0 571.6 131.884 300 92
0 571.6 132.056 300 92
0 571.6 132.14 300 92
0 571.6 132.229 300 92
0 571.6 132.282 300 92
0 571.6 132.362 300 92
0 571.6 132.453 300 92
0 571.6 132.543 300 92
0 571.6 132.632 300 92
0 571.6 132.725 300 92
0 571.6 132.821 300 92
0 571.6 132.987 300 92
0 571.6 133.146 300 92
0 571.6 133.271 300 92
0 571.6 133.411 300 92
0 571.6 133.639 300 92
0 571.6 133.768 300 92
0 571.6 133.938 300 92
0 571.6 134.071 300 92
0 571.6 134.21 300 92
0 571.6 134.292 300 92
0 571.6 134.395 300 92
0 571.6 134.498 300 92
0 571.6 134.588 300 92
0 571.6 134.68 300 92
0 571.6 134.761 300 92
0 571.6 134.933 300 92
0 571.6 135.088 300 92
0 571.6 135.273 300 92
0 571.6 135.414 300 92
0 571.6 135.587 300 92
0 571.6 135.72 300 92
0 571.6 135.895 300 92
0 571.6 136.038 300 92
0 571.6 136.189 300 92
0 571.6 136.35 300 92
0 571.6 136.489 300 92
0 571.6 136.598 300 92
0 571.6 136.731 300 92
0 571.6 136.875 300 92
0 571.6 137.056 300 92
0 571.6 137.209 300 92
0 571.6 137.483 300 92
0 571.6 137.676 300 92
0 571.6 137.823 300 92
0 571.6 138.006 300 92
0 571.6 138.221 300 92
0 571.6 138.405 300 92
0 571.6 138.565 300 92
0 571.6 138.751 300 92
0 571.6 138.932 300 92
0 571.6 139.117 300 92
0 571.6 139.203 300 92
0 571.6 139.347 300 92
0 571.6 139.489 300 92
0 571.6 139.67 300 92
0 571.6 139.811 300 92
0 571.6 139.93 300 92
0 571.6 140.12 300 92
0 571.6 140.322 300 92
0 571.6 140.478 300 92
0 571.6 140.619 300 92
0 571.6 140.784 300 92
0 571.6 140.918 300 92
0 571.6 141.059 300 92
0 571.6 141.203 300 92
0 571.6 141.342 300 92
0 571.6 141.47 300 92
0 571.6 141.604 300 92
0 571.6 141.74 300 92
0 571.6 141.874 300 92
0 571.6 141.998 300 92
0 571.6 142.152 300 92
0 571.6 142.333 300 92
0 571.6 142.42 300 92
0 571.6 142.624 300 92
0 571.6 142.77 300 92
0 571.6 142.969 300 92
0 571.6 143.144 300 92
0 571.6 143.312 300 92
0 571.6 143.536 300 92
0 571.6 143.657 300 92
0 571.6 143.785 300 92
0 571.6 143.923 300 92
0 571.6 144.055 300 92
0 571.6 144.33 300 92
0 571.6 144.466 300 92
0 571.6 144.659 300 92
0 571.6 144.902 300 92
0 571.6 145.042 300 92
0 571.6 145.18 300 92
0 571.6 145.321 300 92
0 571.6 145.412 300 92
0 571.6 145.536 300 92
0 571.6 145.689 300 92
0 571.6 145.823 300 92
0 571.6 145.98 300 92
0 571.6 146.095 300 92
0 571.6 146.24 300 92
0 571.6 146.397 300 92
0 571.6 146.561 300 92
0 571.6 146.722 300 92
0 571.6 146.856 300 92
0 571.6 147.092 300 92
0 571.6 147.344 300 92
0 571.6 147.57 300 92
0 571.6 147.833 300 92
0 571.6 148.229 300 92
0 571.6 148.471 300 92
0 571.6 148.669 300 92
0 571.6 148.834 300 92
0 571.6 149.026 300 92
0 571.6 149.221 300 92
0 571.6 149.401 300 92
0 571.6 149.588 300 92
0 571.6 149.767 300 92
0 571.6 149.974 300 92
0 571.6 150.144 300 92
0 571.6 150.333 300 92
0 571.6 150.445 300 92
0 571.6 150.632 300 92
0 571.6 150.877 300 92
0 571.6 151.045 300 92
0 571.6 151.213 300 92
0 571.6 151.371 300 92
0 571.6 151.653 300 92
0 571.6 151.792 300 92
0 571.6 151.903 300 92
0 571.6 152.129 300 92
0 571.6 152.256 300 92
0 571.6 152.395 300 92
0 571.6 152.549 300 92
0 571.6 152.675 300 92
0 571.6 152.819 300 92
0 571.6 152.965 300 92
0 571.6 153.087 300 92
0 571.6 153.209 300 92
0 571.6 153.347 300 92
0 571.6 153.505 300 92
0 571.6 153.708 300 92
0 571.6 154.062 300 92
0 571.6 154.216 300 92
0 571.6 154.384 300 92
0 571.6 154.531 300 92
0 571.6 154.665 300 92
0 571.6 154.82 300 92
0 571.6 154.959 300 92
0 571.6 155.148 300 92
0 571.6 155.284 300 92
0 571.6 155.419 300 92
0 571.6 155.54 300 92
0 571.6 155.71 300 92
0 571.6 155.895 300 92
0 571.6 156.013 300 92
0 571.6 156.216 300 92
0 571.6 156.375 300 92
0 571.6 156.553 300 92
0 571.6 156.654 300 92
0 571.6 156.8 300 92
0 571.6 156.979 300 92
0 571.6 157.102 300 92
0 571.6 157.233 300 92
0 571.6 157.368 300 92
0 571.6 157.503 300 92
0 571.6 157.642 300 92
0 571.6 157.78 300 92
0 571.6 158.003 300 92
0 571.6 158.143 300 92
0 571.6 158.294 300 92
0 571.6 158.482 300 92
0 571.6 158.68 300 92
0 571.6 158.812 300 92
0 571.6 158.97 300 92
0 549.2 159.049 92
0 549.2 159.166 300 92
0 549.2 159.299 300 92
0 549.2 159.496 300 92
0 549.2 159.635 300 92
0 549.2 159.773 300 92
0 549.2 159.904 300 92
0 549.2 160.045 300 92
0 549.2 160.162 300 92
0 549.2 160.298 300 92
0 549.2 160.421 300 92
0 549.2 160.553 300 92
0 549.2 160.678 300 92
0 549.2 160.87 300 92
0 549.2 160.992 300 92
0 549.2 161.112 300 92
0 549.2 161.307 300 92
0 549.2 161.43 300 92
0 549.2 161.559 300 92
0 549.2 161.727 300 92
0 549.2 161.966 300 92
0 549.2 162.104 300 92
0 549.2 162.265 300 92
0 549.2 162.388 300 92
0 549.2 162.48 300 92
0 549.2 162.579 300 92
0 549.2 162.695 300 92
0 549.2 162.781 300 92
0 549.2 162.961 300 92
0 549.2 163.053 300 92
0 549.2 163.23 300 92
0 549.2 163.35 300 92
0 549.2 163.467 300 92
0 549.2 163.558 300 92
0 549.2 163.651 300 92
0 549.2 163.781 300 92
0 549.2 163.872 300 92
0 549.2 163.957 300 92
0 549.2 164.061 300 92
0 549.2 164.15 300 92
0 549.2 164.238 300 92
0 549.2 164.336 300 92
0 549.2 164.422 300 92
0 549.2 164.526 300 92
0 549.2 164.635 300 92
0 549.2 164.739 300 92
0 549.2 164.814 300 92
0 549.2 164.895 300 92
0 549.2 165.012 300 92
0 549.2 165.14 300 92
0 549.2 165.26 300 92
0 549.2 165.395 300 92
0 549.2 165.573 300 92
0 549.2 165.711 300 92
0 549.2 165.918 300 92
0 549.2 166.049 300 92
0 549.2 166.173 300 92
0 549.2 166.313 300 92
0 549.2 166.454 300 92
0 549.2 166.575 300 92
0 549.2 166.706 300 92
0 549.2 166.862 300 92
0 549.2 166.99 300 92
0 549.2 167.119 300 92
0 549.2 167.276 300 92
0 549.2 167.422 300 92
0 549.2 167.549 300 92
0 549.2 167.676 300 92
0 549.2 167.801 300 92
0 549.2 167.971 300 92
0 549.2 168.103 300 92
0 549.2 168.222 300 92
0 549.2 168.316 300 92
0 549.2 168.464 300 92
0 549.2 168.615 300 92
0 549.2 168.758 300 92
0 549.2 168.953 300 92
0 549.2 169.076 300 92
0 549.2 169.256 300 92
0 549.2 169.387 300 92
0 549.2 169.608 300 92
0 549.2 169.836 300 92
0 549.2 169.985 300 92
0 549.2 170.138 300 92
0 549.2 170.275 300 92
0 549.2 170.398 300 92
0 549.2 170.509 300 92
0 549.2 170.628 300 92
0 549.2 170.719 300 92
0 549.2 170.933 300 92
0 549.2 171.048 300 92
0 549.2 171.181 300 92
0 549.2 171.329 300 92
0 549.2 171.457 300 92
0 549.2 171.606 300 92
0 549.2 171.743 300 92
0 549.2 171.859 300 92
0 549.2 171.999 300 92
0 549.2 172.133 300 92
0 549.2 172.251 300 92
0 549.2 172.421 300 92
0 549.2 172.553 300 92
0 549.2 172.699 300 92
0 549.2 172.888 300 92
0 549.2 173.074 300 92
0 549.2 173.201 300 92
0 549.2 173.364 300 92
0 549.2 173.486 300 92
0 549.2 173.681 300 92
0 549.2 173.807 300 92
0 549.2 173.982 300 92
0 549.2 174.149 300 92
0 549.2 174.294 300 92
0 549.2 174.481 300 92
0 549.2 174.612 300 92
0 549.2 174.754 300 92
0 549.2 174.922 300 92
0 549.2 175.063 300 92
0 549.2 175.152 300 92
0 549.2 175.241 300 92
0 549.2 175.337 300 92
0 549.2 175.428 300 92
0 549.2 175.543 300 92
0 549.2 175.619 300 92
0 549.2 175.7 300 92
0 549.2 175.787 300 92
0 549.2 175.875 300 92
0 549.2 175.98 300 92
0 549.2 176.1 300 92
0 549.2 176.223 300 92
0 549.2 176.311 300 92
0 549.2 176.401 300 92
0 549.2 176.566 300 92
0 549.2 176.658 300 92
0 549.2 176.754 300 92
0 549.2 176.843 300 92
0 549.2 176.93 300 92
0 549.2 177.023 300 92
0 549.2 177.117 300 92
0 549.2 177.207 300 92
0 549.2 177.361 300 92
0 549.2 177.535 300 92
0 549.2 177.624 300 92
0 549.2 177.771 300 92
0 549.2 177.886 300 92
0 549.2 177.978 300 92
0 549.2 178.072 300 92
0 549.2 178.184 300 92
0 549.2 178.264 300 92
0 549.2 178.379 300 92
0 549.2 178.497 300 92
0 549.2 178.635 300 92
0 549.2 178.727 300 92
0 549.2 178.819 300 92
0 549.2 179.106 300 92
0 549.2 179.233 300 92
0 549.2 179.363 300 92
0 549.2 179.494 300 92
0 549.2 179.63 300 92
0 549.2 179.765 300 92
0 549.2 179.983 300 92
0 549.2 180.108 300 92
0 549.2 180.249 300 92
0 549.2 180.437 300 92
0 549.2 180.583 300 92
0 549.2 180.672 300 92
0 549.2 180.828 300 92
0 549.2 180.955 300 92
0 549.2 181.139 300 92
0 549.2 181.315 300 92
0 549.2 181.443 300 92
0 549.2 181.582 300 92
0 549.2 181.663 300 92
0 549.2 181.75 300 92
0 549.2 181.876 300 92
0 549.2 182.077 300 92
0 549.2 182.216 300 92
0 549.2 182.343 300 92
0 549.2 182.501 300 92
0 549.2 182.668 300 92
0 549.2 182.801 300 92
0 549.2 183.027 300 92
0 549.2 183.155 300 92
0 549.2 183.421 300 92
0 549.2 183.544 300 92
0 549.2 183.751 300 92
0 549.2 183.966 300 92
0 549.2 184.186 300 92
0 549.2 184.322 300 92
0 549.2 184.554 300 92
0 549.2 184.685 300 92
0 549.2 184.887 300 92
0 549.2 185.023 300 92
0 549.2 185.151 300 92
0 549.2 185.284 300 92
0 549.2 185.424 300 92
0 549.2 185.565 300 92
0 549.2 185.73 300 92
0 549.2 185.891 300 92
0 549.2 186.03 300 92
0 549.2 186.158 300 92
0 549.2 186.295 300 92
0 549.2 186.418 300 92
0 549.2 186.561 300 92
0 549.2 186.797 300 92
0 549.2 186.919 300 92
0 549.2 187.045 300 92
0 549.2 187.157 300 92
0 549.2 187.434 300 92
0 549.2 187.555 300 92
0 549.2 187.662 300 92
0 549.2 187.832 300 92
0 549.2 187.963 300 92
0 549.2 188.096 300 92
0 549.2 188.167 300 92
0 549.2 188.364 300 92
0 549.2 188.505 300 92
0 549.2 188.626 300 92
0 549.2 188.907 300 92
0 549.2 189.089 300 92
0 549.2 189.221 300 92
0 549.2 189.354 300 92
0 549.2 189.611 300 92
0 549.2 189.745 300 92
0 549.2 189.878 300 92
0 549.2 190.017 300 92
0 549.2 190.149 300 92
0 549.2 190.287 300 92
0 549.2 190.417 300 92
0 549.2 190.541 300 92
0 549.2 190.664 300 92
0 549.2 190.841 300 92
0 549.2 190.961 300 92
0 549.2 191.121 300 92
0 549.2 191.242 300 92
0 549.2 191.376 300 92
0 549.2 191.502 300 92
0 549.2 191.63 300 92
0 549.2 191.796 300 92
0 549.2 191.973 300 92
0 549.2 192.163 300 92
0 549.2 192.385 300 92
0 549.2 192.5 300 92
0 549.2 192.633 300 92
0 549.2 192.749 300 92
0 549.2 192.934 300 92
0 549.2 193.066 300 92
0 549.2 193.218 300 92
0 549.2 193.342 300 92
0 549.2 193.506 300 92
0 549.2 193.64 300 92
0 549.2 193.735 300 92
0 549.2 193.874 300 92
0 549.2 193.992 300 92
0 549.2 194.115 300 92
0 549.2 194.254 300 92
0 549.2 194.453 300 92
0 549.2 194.566 300 92
0 549.2 194.695 300 92
0 549.2 194.856 300 92
0 549.2 194.937 300 92
0 549.2 195.091 300 92
0 549.2 195.317 300 92
0 549.2 195.51 300 92
0 549.2 195.629 300 92
0 549.2 195.769 300 92
0 549.2 195.892 300 92
0 549.2 196.021 300 92
0 549.2 196.151 300 92
0 549.2 196.278 300 92
0 549.2 196.401 300 92
0 549.2 196.527 300 92
0 549.2 196.645 300 92
0 549.2 196.762 300 92
0 549.2 196.862 300 92
0 549.2 197.001 300 92
0 549.2 197.152 300 92
0 549.2 197.289 300 92
0 549.2 197.42 300 92
0 549.2 197.554 300 92
0 549.2 197.765 300 92
0 549.2 197.894 300 92
0 549.2 198.02 300 92
0 549.2 198.256 300 92
0 549.2 198.429 300 92
0 549.2 198.51 300 92
0 549.2 198.632 300 92
0 549.2 198.821 300 92
0 549.2 198.958 300 92
0 549.2 199.219 300 92
0 549.2 199.366 300 92
0 549.2 199.563 300 92
0 549.2 199.68 300 92
0 549.2 199.812 300 92
0 549.2 199.938 300 92
0 549.2 200.061 300 92
0 549.2 200.2 300 92
0 549.2 200.498 300 92
0 549.2 200.718 300 92
0 549.2 200.866 300 92
0 549.2 201.006 300 92
0 549.2 201.145 300 92
0 549.2 201.277 300 92
0 549.2 201.37 300 92
0 549.2 201.533 300 92
0 549.2 201.701 300 92
0 549.2 201.831 300 92
0 549.2 202.017 300 92
0 549.2 202.139 300 92
0 549.2 202.339 300 92
0 549.2 202.557 300 92
0 549.2 202.693 300 92
0 549.2 202.877 300 92
0 549.2 203.021 300 92
0 549.2 203.139 300 92
0 549.2 203.277 300 92
0 549.2 203.452 300 92
0 549.2 203.62 300 92
0 549.2 203.801 300 92
0 549.2 203.949 300 92
0 549.2 204.091 300 92
0 549.2 204.215 300 92
0 549.2 204.338 300 92
0 549.2 204.495 300 92
0 549.2 204.622 300 92
0 549.2 204.708 300 92
0 549.2 204.882 300 92
0 549.2 205.02 300 92
0 549.2 205.147 300 92
0 549.2 205.286 300 92
0 549.2 205.409 300 92
0 549.2 205.605 300 92
0 549.2 205.784 300 92
0 549.2 205.962 300 92
0 549.2 206.087 300 92
0 549.2 206.216 300 92
0 549.2 206.332 300 92
0 549.2 206.46 300 92
0 549.2 206.583 300 92
0 549.2 206.713 300 92
0 549.2 206.849 300 92
0 549.2 207.081 300 92
0 549.2 207.221 300 92
0 549.2 207.347 300 92
0 549.2 207.467 300 92
0 549.2 207.654 300 92
0 549.2 207.819 300 92
0 549.2 207.953 300 92
0 549.2 208.087 300 92
0 549.2 208.213 300 92
0 549.2 208.387 300 92
0 549.2 208.589 300 92
0 549.2 208.711 300 92
0 549.2 208.85 300 92
0 549.2 208.971 300 92
0 549.2 209.099 300 92
0 549.2 209.239 300 92
0 549.2 209.369 300 92
0 549.2 209.54 300 92
0 549.2 209.661 300 92
0 549.2 209.79 300 92
0 549.2 209.923 300 92
0 549.2 210.057 300 92
0 549.2 210.306 300 92
0 549.2 210.517 300 92
0 549.2 210.753 300 92
0 549.2 210.932 300 92
0 549.2 211.063 300 92
0 549.2 211.182 300 92
0 549.2 211.361 300 92
0 549.2 211.446 300 92
0 549.2 211.537 300 92
0 549.2 211.71 300 92
0 549.2 211.835 300 92
0 549.2 211.915 300 92
0 549.2 212.092 300 92
0 549.2 212.318 300 92
0 549.2 212.492 300 92
0 549.2 212.715 300 92
0 549.2 212.859 300 92
0 549.2 212.99 300 92
0 549.2 213.124 300 92
0 549.2 213.246 300 92
0 549.2 213.407 300 92
0 549.2 213.52 300 92
0 549.2 213.648 300 92
0 549.2 213.818 300 92
0 549.2 213.993 300 92
0 549.2 214.164 300 92
0 549.2 214.244 300 92
0 549.2 214.38 300 92
0 549.2 214.563 300 92
0 549.2 214.71 300 92
0 549.2 214.874 300 92
0 549.2 214.978 300 92
0 549.2 215.11 300 92
0 549.2 215.363 300 92
0 549.2 215.497 300 92
0 549.2 215.627 300 92
0 549.2 215.759 300 92
0 549.2 215.921 300 92
0 549.2 216.081 300 92
0 549.2 216.213 300 92
0 549.2 216.386 300 92
0 549.2 216.532 300 92
0 549.2 216.671 300 92
0 549.2 216.78 300 92
0 549.2 216.91 300 92
0 549.2 217.04 300 92
0 549.2 217.163 300 92
0 549.2 217.357 300 92
0 549.2 217.527 300 92
0 549.2 217.616 300 92
0 549.2 217.734 300 92
0 549.2 217.851 300 92
0 549.2 217.974 300 92
0 549.2 218.173 300 92
0 549.2 218.288 300 92
0 549.2 218.402 300 92
0 549.2 218.52 300 92
0 549.2 218.683 300 92
0 549.2 218.803 300 92
0 549.2 218.94 300 92
0 549.2 219.066 300 92
0 549.2 219.206 300 92
0 549.2 219.342 300 92
0 549.2 219.479 300 92
0 549.2 219.606 300 92
0 549.2 219.743 300 92
0 549.2 219.932 300 92
0 549.2 220.075 300 92
0 549.2 220.202 300 92
0 549.2 220.327 300 92
0 549.2 220.446 300 92
0 549.2 220.621 300 92
0 549.2 220.704 300 92
0 549.2 220.865 300 92
0 549.2 221 300 92
0 549.2 221.089 300 92
0 549.2 221.215 300 92
0 549.2 221.331 300 92
0 549.2 221.445 300 92
0 549.2 221.567 300 92
0 549.2 221.698 300 92
0 549.2 221.817 300 92
0 549.2 221.934 300 92
0 549.2 222.062 300 92
0 549.2 222.235 300 92
0 549.2 222.373 300 92
0 549.2 222.498 300 92
0 549.2 222.636 300 92
0 549.2 222.758 300 92
0 549.2 222.879 300 92
0 549.2 222.985 300 92
0 549.2 223.155 300 92
0 549.2 223.28 300 92
0 549.2 223.383 300 92
0 549.2 223.547 300 92
0 549.2 223.72 300 92
0 549.2 223.839 300 92
0 549.2 223.962 300 92
0 549.2 224.088 300 92
0 549.2 224.221 300 92
0 549.2 224.304 300 92
0 549.2 224.429 300 92
0 549.2 224.534 300 92
0 549.2 224.646 300 92
0 549.2 224.791 300 92
0 549.2 224.918 300 92
0 549.2 225.087 300 92
0 549.2 225.223 300 92
0 549.2 225.342 300 92
0 549.2 225.514 300 92
0 549.2 225.661 300 92
0 549.2 225.772 300 92
0 549.2 225.896 300 92
0 549.2 226.023 300 92
0 549.2 226.138 300 92
0 549.2 226.248 300 92
0 549.2 226.377 300 92
0 549.2 226.507 300 92
0 549.2 226.694 300 92
0 549.2 226.822 300 92
0 549.2 226.94 300 92
0 549.2 227.076 300 92
0 549.2 227.197 300 92
0 549.2 227.401 300 92
0 549.2 227.53 300 92
0 549.2 227.651 300 92
0 549.2 227.782 300 92
0 549.2 227.989 300 92
0 549.2 228.157 300 92
0 549.2 228.259 300 92
0 549.2 228.385 300 92
0 549.2 228.561 300 92
0 549.2 228.669 300 92
0 549.2 228.788 300 92
0 549.2 228.96 300 92
0 549.2 229.044 300 92
0 549.2 229.169 300 92
0 549.2 229.294 300 92
0 549.2 229.411 300 92
0 549.2 229.53 300 92
0 549.2 229.652 300 92
0 549.2 229.901 300 92
0 549.2 230.028 300 92
0 549.2 230.243 300 92
0 549.2 230.321 300 92
0 549.2 230.445 300 92
0 549.2 230.586 300 92
0 549.2 230.708 300 92
0 549.2 230.819 300 92
0 549.2 230.952 300 92
0 549.2 231.076 300 92
0 549.2 231.277 300 92
0 549.2 231.443 300 92
0 549.2 231.569 300 92
0 549.2 231.764 300 92
0 549.2 231.854 300 92
0 549.2 231.951 300 92
0 549.2 232.065 300 92
0 549.2 232.216 300 92
0 549.2 232.335 300 92
0 549.2 232.459 300 92
0 549.2 232.575 300 92
0 549.2 232.715 300 92
0 549.2 232.836 300 92
0 549.2 233.041 300 92
0 549.2 233.183 300 92
0 549.2 233.271 300 92
0 549.2 233.399 300 92
0 549.2 233.524 300 92
0 549.2 233.695 300 92
0 549.2 233.832 300 92
0 549.2 233.947 300 92
0 549.2 234.081 300 92
0 549.2 234.201 300 92
0 549.2 234.287 300 92
0 549.2 234.475 300 92
0 549.2 234.61 300 92
0 549.2 234.73 300 92
0 549.2 234.85 300 92
0 549.2 234.975 300 92
0 549.2 235.08 300 92
0 549.2 235.208 300 92
0 549.2 235.329 300 92
0 549.2 235.533 300 92
0 549.2 235.67 300 92
0 549.2 235.796 300 92
0 549.2 236.014 300 92
0 549.2 236.131 300 92
0 549.2 236.306 300 92
0 549.2 236.432 300 92
0 549.2 236.549 300 92
0 549.2 236.686 300 92
0 549.2 236.818 300 92
0 549.2 236.941 300 92
0 549.2 237.07 300 92
0 549.2 237.197 300 92
0 549.2 237.392 300 92
0 549.2 237.524 300 92
0 549.2 237.699 300 92
0 549.2 237.815 300 92
0 549.2 237.947 300 92
0 549.2 238.061 300 92
0 549.2 238.214 300 92
0 549.2 238.391 300 92
0 549.2 238.554 300 92
0 549.2 238.675 300 92
0 549.2 238.79 300 92
0 549.2 238.957 300 92
0 549.2 239.079 300 92
0 549.2 239.204 300 92
0 549.2 239.379 300 92
0 549.2 239.495 300 92
0 549.2 239.629 300 92
0 549.2 239.8 300 92
0 549.2 240.006 300 92
0 549.2 240.15 300 92
0 549.2 240.277 300 92
0 549.2 240.422 300 92
0 549.2 240.562 300 92
0 549.2 240.707 300 92
0 549.2 240.878 300 92
0 549.2 241 300 92
0 549.2 241.14 300 92
0 549.2 241.287 300 92
0 549.2 241.461 300 92
0 549.2 241.591 300 92
0 549.2 241.819 300 92
0 549.2 241.946 300 92
0 549.2 242.117 300 92
0 549.2 242.262 300 92
0 549.2 242.379 300 92
0 549.2 242.472 300 92
0 549.2 242.596 300 92
0 549.2 242.763 300 92
0 549.2 242.893 300 92
0 549.2 243.011 300 92
0 549.2 243.136 300 92
0 549.2 243.233 300 92
0 549.2 243.357 300 92
0 549.2 243.509 300 92
0 549.2 243.596 300 92
0 549.2 243.738 300 92
0 549.2 243.898 300 92
0 549.2 244.021 300 92
0 549.2 244.151 300 92
0 549.2 244.283 300 92
0 549.2 244.428 300 92
0 549.2 244.551 300 92
0 549.2 244.685 300 92
0 549.2 244.814 300 92
0 549.2 244.94 300 92
0 549.2 245.114 300 92
0 549.2 245.297 300 92
0 549.2 245.438 300 92
0 549.2 245.577 300 92
0 549.2 245.708 300 92
0 549.2 245.879 300 92
0 549.2 246.003 300 92
0 549.2 246.17 300 92
0 549.2 246.313 300 92
0 549.2 246.538 300 92
0 549.2 246.663 300 92
0 549.2 246.804 300 92
0 549.2 246.976 300 92
0 549.2 247.193 300 92
0 549.2 247.347 300 92
0 549.2 247.581 300 92
0 549.2 247.713 300 92
0 549.2 247.841 300 92
0 549.2 247.967 300 92
0 549.2 248.095 300 92
0 549.2 248.229 300 92
0 549.2 248.354 300 92
0 549.2 248.481 300 92
0 549.2 248.575 300 92
0 549.2 248.715 300 92
0 549.2 248.848 300 92
0 549.2 248.999 300 92
0 549.2 249.247 300 92
0 549.2 249.398 300 92
0 549.2 249.525 300 92
0 549.2 249.65 300 92
0 549.2 249.752 300 92
0 549.2 249.872 300 92
0 549.2 249.968 300 92
0 549.2 250.076 300 92
0 549.2 250.23 300 92
0 549.2 250.343 300 92
0 549.2 250.52 300 92
0 549.2 250.653 300 92
0 549.2 250.747 300 92
0 549.2 250.922 300 92
0 549.2 251.018 300 92
0 549.2 251.114 300 92
0 549.2 251.213 300 92
0 549.2 251.298 300 92
0 549.2 251.414 300 92
0 549.2 251.55 300 92
0 549.2 251.644 300 92
0 549.2 251.743 300 92
0 549.2 251.901 300 92
0 549.2 251.96 300 92
0 549.2 252.104 300 92
0 549.2 252.25 300 92
0 549.2 252.344 300 92
0 549.2 252.451 300 92
0 549.2 252.529 300 92
0 549.2 252.637 300 92
0 549.2 252.72 300 92
0 549.2 252.806 300 92
0 549.2 252.899 300 92
0 549.2 252.996 300 92
0 549.2 253.09 300 92
0 549.2 253.172 300 92
0 549.2 253.284 300 92
0 549.2 253.43 300 92
0 549.2 253.519 300 92
0 549.2 253.613 300 92
0 549.2 253.733 300 92
0 549.2 253.808 300 92
0 549.2 253.9 300 92
0 549.2 253.984 300 92
0 549.2 254.075 300 92
0 549.2 254.172 300 92
0 549.2 254.287 300 92
0 549.2 254.414 300 92
0 549.2 254.498 300 92
0 549.2 254.588 300 92
0 549.2 254.678 300 92
0 549.2 254.735 300 92
0 549.2 254.833 300 92
0 549.2 254.929 300 92
0 549.2 255.021 300 92
0 549.2 255.106 300 92
0 549.2 255.192 300 92
0 549.2 255.285 300 92
0 549.2 255.451 300 92
0 549.2 255.513 300 92
0 549.2 255.639 300 92
0 549.2 255.697 300 92
0 549.2 255.814 300 92
0 549.2 255.909 300 92
0 549.2 255.981 300 92
0 549.2 256.072 300 92
0 549.2 256.174 300 92
0 549.2 256.255 300 92
0 549.2 256.352 300 92
0 549.2 256.487 300 92
0 549.2 256.569 300 92
0 549.2 256.694 300 92
0 549.2 256.789 300 92
0 549.2 256.853 300 92
0 549.2 256.941 300 92
0 549.2 257.057 300 92
0 549.2 257.159 300 92
0 549.2 257.278 300 92
0 549.2 257.39 300 92
0 549.2 257.479 300 92
0 549.2 257.562 300 92
0 549.2 257.684 300 92
0 549.2 257.767 300 92
0 549.2 257.925 300 92
0 549.2 258.03 300 92
0 549.2 258.166 300 92
0 549.2 258.299 300 92
0 549.2 258.431 300 92
0 549.2 258.539 300 92
0 549.2 258.676 300 92
0 549.2 258.849 300 92
0 549.2 259.068 300 92
0 549.2 259.195 300 92
0 549.2 259.333 300 92
0 549.2 259.463 300 92
0 549.2 259.587 300 92
0 549.2 259.717 300 92
0 549.2 259.857 300 92
0 549.2 259.993 300 92
0 549.2 260.145 300 92
0 549.2 260.317 300 92
0 549.2 260.446 300 92
0 549.2 260.59 300 92
0 549.2 260.669 300 92
0 549.2 260.789 300 92
0 549.2 260.922 300 92
0 549.2 261.059 300 92
0 549.2 261.313 300 92
0 549.2 261.491 300 92
0 549.2 261.649 300 92
0 549.2 261.863 300 92
0 549.2 261.983 300 92
0 549.2 262.105 300 92
0 549.2 262.226 300 92
0 549.2 262.358 300 92
0 549.2 262.533 300 92
0 549.2 262.752 300 92
0 549.2 262.878 300 92
0 549.2 263.112 300 92
0 549.2 263.301 300 92
0 549.2 263.457 300 92
0 549.2 263.675 300 92
0 549.2 263.841 300 92
0 549.2 263.972 300 92
0 549.2 264.105 300 92
0 549.2 264.232 300 92
0 549.2 264.438 300 92
0 549.2 264.569 300 92
0 549.2 264.7 300 92
0 549.2 264.823 300 92
0 549.2 264.97 300 92
0 549.2 265.109 300 92
0 549.2 265.245 300 92
0 549.2 265.435 300 92
0 549.2 265.564 300 92
0 549.2 265.684 300 92
0 549.2 265.896 300 92
0 549.2 266.039 300 92
0 549.2 266.205 300 92
0 549.2 266.348 300 92
0 549.2 266.515 300 92
0 549.2 266.698 300 92
0 549.2 266.823 300 92
0 549.2 267.025 300 92
0 549.2 267.17 300 92
0 549.2 267.306 300 92
0 549.2 267.436 300 92
0 549.2 267.578 300 92
0 549.2 267.709 300 92
0 549.2 267.841 300 92
0 549.2 267.957 300 92
0 549.2 268.086 300 92
0 549.2 268.225 300 92
0 549.2 268.362 300 92
0 549.2 268.561 300 92
0 549.2 268.695 300 92
0 549.2 268.826 300 92
0 549.2 268.958 300 92
0 549.2 269.102 300 92
0 549.2 269.187 300 92
0 549.2 269.354 300 92
0 549.2 269.49 300 92
0 549.2 269.62 300 92
0 549.2 269.747 300 92
0 549.2 269.865 300 92
0 549.2 269.991 300 92
0 549.2 270.166 300 92
0 549.2 270.328 300 92
0 549.2 270.491 300 92
0 549.2 270.61 300 92
0 549.2 270.812 300 92
0 549.2 270.981 300 92
0 549.2 271.076 300 92
0 549.2 271.206 300 92
0 549.2 271.419 300 92
0 549.2 271.632 300 92
0 549.2 271.791 300 92
0 549.2 271.966 300 92
0 549.2 272.148 300 92
0 549.2 272.357 300 92
0 549.2 272.649 300 92
0 549.2 272.788 300 92
0 549.2 272.952 300 92
0 549.2 273.216 300 92
0 549.2 273.39 300 92
0 549.2 273.587 300 92
0 549.2 273.769 300 92
0 549.2 273.914 300 92
0 549.2 274.074 300 92
0 549.2 274.275 300 92
0 549.2 274.407 300 92
0 549.2 274.544 300 92
0 549.2 274.674 300 92
0 549.2 274.803 300 92
0 549.2 274.945 300 92
0 549.2 275.176 300 92
0 549.2 275.349 300 92
0 549.2 275.584 300 92
0 549.2 275.726 300 92
0 549.2 275.875 300 92
0 549.2 275.972 300 92
0 549.2 276.128 300 92
0 549.2 276.275 300 92
0 549.2 276.486 300 92
0 549.2 276.634 300 92
0 549.2 276.858 300 92
0 549.2 277.094 300 92
0 549.2 277.36 300 92
0 549.2 277.506 300 92
0 549.2 277.638 300 92
0 549.2 277.762 300 92
0 549.2 277.938 300 92
0 549.2 278.13 300 92
0 549.2 278.299 300 92
0 549.2 278.44 300 92
0 549.2 278.68 300 92
0 549.2 278.906 300 92
0 549.2 279.038 300 92
0 549.2 279.222 300 92
0 549.2 279.324 300 92
0 549.2 279.46 300 92
0 549.2 279.608 300 92
0 549.2 279.766 300 92
0 549.2 279.884 300 92
0 549.2 280.024 300 92
0 549.2 280.173 300 92
0 549.2 280.315 300 92
0 549.2 280.443 300 92
0 549.2 280.57 300 92
0 549.2 280.709 300 92
0 549.2 280.863 300 92
0 549.2 281.082 300 92
0 549.2 281.223 300 92
0 549.2 281.364 300 92
0 549.2 281.493 300 92
0 549.2 281.637 300 92
0 549.2 281.818 300 92
0 549.2 282.032 300 92
0 549.2 282.122 300 92
0 549.2 282.346 300 92
0 549.2 282.488 300 92
0 549.2 282.615 300 92
0 549.2 282.765 300 92
0 549.2 282.888 300 92
0 549.2 282.974 300 92
0 549.2 283.097 300 92
0 549.2 283.226 300 92
0 549.2 283.367 300 92
0 549.2 283.601 300 92
0 549.2 283.701 300 92
0 549.2 283.914 300 92
0 549.2 284.037 300 92
0 549.2 284.167 300 92
0 549.2 284.359 300 92
0 549.2 284.466 300 92
0 549.2 284.724 300 92
0 549.2 284.901 300 92
0 549.2 285.058 300 92
0 549.2 285.251 300 92
0 549.2 285.437 300 92
0 549.2 285.588 300 92
0 549.2 285.722 300 92
0 549.2 285.816 300 92
0 549.2 285.946 300 92
0 549.2 286.09 300 92
0 549.2 286.253 300 92
0 549.2 286.381 300 92
0 549.2 286.518 300 92
0 549.2 286.707 300 92
0 549.2 286.86 300 92
0 549.2 287.097 300 92
0 549.2 287.281 300 92
0 549.2 287.423 300 92
0 549.2 287.561 300 92
0 549.2 287.749 300 92
0 549.2 288.026 300 92
0 549.2 288.154 300 92
0 549.2 288.301 300 92
0 549.2 288.438 300 92
0 549.2 288.577 300 92
0 549.2 288.74 300 92
0 549.2 288.885 300 92
0 549.2 289.024 300 92
0 549.2 289.162 300 92
0 549.2 289.292 300 92
0 549.2 289.476 300 92
0 549.2 289.671 300 92
0 549.2 289.837 300 92
0 549.2 290.036 300 92
0 549.2 290.261 300 92
0 549.2 290.42 300 92
0 549.2 290.58 300 92
0 549.2 290.749 300 92
0 549.2 290.911 300 92
0 549.2 291.05 300 92
0 549.2 291.196 300 92
0 549.2 291.36 300 92
0 549.2 291.498 300 92
0 549.2 291.693 300 92
0 549.2 291.833 300 92
0 549.2 292.018 300 92
0 549.2 292.159 300 92
0 549.2 292.262 300 92
0 549.2 292.485 300 92
0 549.2 292.612 300 92
0 549.2 292.75 300 92
0 549.2 292.88 300 92
0 549.2 293.004 300 92
0 549.2 293.132 300 92
0 549.2 293.283 300 92
0 549.2 293.412 300 92
0 549.2 293.544 300 92
0 549.2 293.702 300 92
0 549.2 293.834 300 92
0 549.2 293.968 300 92
0 549.2 294.121 300 92
0 549.2 294.28 300 92
0 549.2 294.43 300 92
0 549.2 294.558 300 92
0 549.2 294.695 300 92
0 549.2 294.819 300 92
0 549.2 294.955 300 92
0 549.2 295.087 300 92
0 549.2 295.3 300 92
0 549.2 295.461 300 92
0 549.2 295.656 300 92
0 549.2 295.86 300 92
0 549.2 296.065 300 92
0 549.2 296.196 300 92
0 549.2 296.334 300 92
0 549.2 296.568 300 92
0 549.2 296.723 300 92
0 549.2 296.914 300 92
0 549.2 297.051 300 92
0 549.2 297.263 300 92
0 549.2 297.398 300 92
0 549.2 297.549 300 92
0 549.2 297.747 300 92
0 549.2 297.908 300 92
0 549.2 298.052 300 92
0 549.2 298.197 300 92
0 549.2 298.341 300 92
0 549.2 298.481 300 92
0 549.2 298.665 300 92
0 549.2 298.81 300 92
0 549.2 299.027 300 92
0 549.2 299.194 300 92
0 549.2 299.322 300 92
0 549.2 299.513 300 92
0 549.2 299.656 300 92
0 549.2 299.781 300 92
0 549.2 299.91 300 92
0 549.2 300.063 300 92
0 549.2 300.195 300 92
0 549.2 300.332 300 92
0 549.2 300.513 300 92
0 549.2 300.671 300 92
0 549.2 300.82 300 92
0 549.2 301.049 300 92
0 549.2 301.242 300 92
0 549.2 301.382 300 92
0 549.2 301.521 300 92
0 549.2 301.727 300 92
0 549.2 301.826 300 92
0 549.2 301.966 300 92
0 549.2 302.094 300 92
0 549.2 302.228 300 92
0 549.2 302.376 300 92
0 549.2 302.529 300 92
0 549.2 302.675 300 92
0 549.2 302.817 300 92
0 549.2 302.966 300 92
0 549.2 303.105 300 92
0 549.2 303.255 300 92
0 549.2 303.354 300 92
0 549.2 303.453 300 92
0 549.2 303.583 300 92
0 549.2 303.743 300 92
0 549.2 303.863 300 92
0 549.2 304.158 300 92
0 549.2 304.437 300 92
0 549.2 304.54 300 92
0 549.2 304.726 300 92
0 549.2 304.856 300 92
0 549.2 304.986 300 92
0 549.2 305.143 300 92
0 549.2 305.268 300 92
0 549.2 305.404 300 92
0 549.2 305.627 300 92
0 549.2 305.756 300 92
0 549.2 305.95 300 92
0 549.2 306.105 300 92
0 549.2 306.267 300 92
0 549.2 306.437 300 92
0 549.2 306.575 300 92
0 549.2 306.713 300 92
0 549.2 306.846 300 92
0 549.2 306.987 300 92
0 549.2 307.187 300 92
0 549.2 307.292 300 92
0 549.2 307.475 300 92
0 549.2 307.63 300 92
0 549.2 307.757 300 92
0 549.2 307.896 300 92
0 549.2 308.036 300 92
0 549.2 308.167 300 92
0 549.2 308.353 300 92
0 549.2 308.485 300 92
0 549.2 308.681 300 92
0 549.2 308.806 300 92
0 549.2 308.938 300 92
0 549.2 309.143 300 92
0 549.2 309.297 300 92
0 549.2 309.422 300 92
0 549.2 309.618 300 92
0 549.2 309.806 300 92
0 549.2 309.983 300 92
0 549.2 310.155 300 92
0 549.2 310.295 300 92
0 549.2 310.438 300 92
0 549.2 310.625 300 92
0 549.2 310.766 300 92
0 549.2 310.908 300 92
0 549.2 311.031 300 92
0 549.2 311.217 300 92
0 549.2 311.466 300 92
0 549.2 311.589 300 92
0 549.2 311.731 300 92
0 549.2 311.896 300 92
0 549.2 312.077 300 92
0 549.2 312.262 300 92
0 549.2 312.47 300 92
0 549.2 312.624 300 92
0 549.2 312.761 300 92
0 549.2 312.869 300 92
0 549.2 313.03 300 92
0 549.2 313.157 300 92
0 549.2 313.302 300 92
0 549.2 313.408 300 92
0 549.2 313.559 300 92
0 549.2 313.697 300 92
0 549.2 314.016 300 92
0 549.2 314.106 300 92
0 549.2 314.24 300 92
0 549.2 314.366 300 92
0 549.2 314.514 300 92
0 549.2 314.646 300 92
0 549.2 314.778 300 92
0 549.2 314.904 300 92
0 549.2 315.074 300 92
0 549.2 315.207 300 92
0 549.2 315.362 300 92
0 549.2 315.501 300 92
0 549.2 315.64 300 92
0 549.2 315.942 300 92
0 549.2 316.181 300 92
0 549.2 316.387 300 92
0 549.2 316.535 300 92
0 549.2 316.676 300 92
0 549.2 316.795 300 92
0 549.2 316.929 300 92
0 549.2 317.115 300 92
0 549.2 317.249 300 92
0 549.2 317.377 300 92
0 549.2 317.508 300 92
0 549.2 317.646 300 92
0 549.2 317.787 300 92
0 549.2 317.966 300 92
0 549.2 318.202 300 92
0 549.2 318.354 300 92
0 549.2 318.501 300 92
0 549.2 318.642 300 92
0 549.2 318.767 300 92
0 549.2 318.902 300 92
0 549.2 319.03 300 92
0 549.2 319.173 300 92
0 549.2 319.298 300 92
0 549.2 319.423 300 92
0 549.2 319.567 300 92
0 549.2 319.749 300 92
0 549.2 319.88 300 92
0 549.2 320.027 300 92
0 549.2 320.262 300 92
0 549.2 320.457 300 92
0 549.2 320.656 300 92
0 549.2 320.893 300 92
0 549.2 320.993 300 92
0 549.2 321.134 300 92
0 549.2 321.291 300 92
0 549.2 321.412 300 92
0 549.2 321.543 300 92
0 549.2 321.731 300 92
0 549.2 321.908 300 92
0 549.2 322.037 300 92
0 549.2 322.353 300 92
0 549.2 322.486 300 92
0 549.2 322.641 300 92
0 549.2 322.838 300 92
0 549.2 322.966 300 92
0 549.2 323.142 300 92
0 549.2 323.34 300 92
0 549.2 323.567 300 92
0 549.2 323.701 300 92
0 549.2 323.842 300 92
0 549.2 324.045 300 92
0 549.2 324.165 300 92
0 549.2 324.282 300 92
0 549.2 324.496 300 92
0 549.2 324.722 300 92
0 549.2 324.863 300 92
0 549.2 325.018 300 92
0 549.2 325.172 300 92
0 549.2 325.371 300 92
0 549.2 325.589 300 92
0 549.2 325.832 300 92
0 549.2 326.055 300 92
0 549.2 326.228 300 92
0 549.2 326.373 300 92
0 549.2 326.517 300 92
0 549.2 326.627 300 92
0 549.2 326.773 300 92
0 549.2 326.92 300 92
0 549.2 327.051 300 92
0 549.2 327.198 300 92
0 549.2 327.328 300 92
0 549.2 327.405 300 92
0 549.2 327.593 300 92
0 549.2 327.795 300 92
0 549.2 327.918 300 92
0 549.2 328.004 300 92
0 549.2 328.267 300 92
0 549.2 328.348 300 92
0 549.2 328.524 300 92
0 549.2 328.661 300 92
0 549.2 328.806 300 92
0 549.2 328.925 300 92
0 549.2 329.017 300 92
0 549.2 329.149 300 92
0 549.2 329.28 300 92
0 549.2 329.371 300 92
0 549.2 329.52 300 92
0 549.2 329.657 300 92
0 549.2 329.838 300 92
0 549.2 329.962 300 92
0 549.2 330.095 300 92
0 549.2 330.217 300 92
0 549.2 330.401 300 92
0 549.2 330.577 300 92
0 549.2 330.67 300 92
0 549.2 330.756 300 92
0 549.2 330.938 300 92
0 549.2 331.144 300 92
0 549.2 331.289 300 92
0 549.2 331.395 300 92
0 549.2 331.527 300 92
0 549.2 331.648 300 92
0 549.2 331.78 300 92
0 549.2 331.93 300 92
0 549.2 332.089 300 92
0 549.2 332.221 300 92
0 549.2 332.362 300 92
0 549.2 332.502 300 92
0 549.2 332.667 300 92
0 549.2 332.771 300 92
0 549.2 332.897 300 92
0 549.2 333.015 300 92
0 549.2 333.141 300 92
0 549.2 333.351 300 92
0 549.2 333.51 300 92
0 549.2 333.595 300 92
0 549.2 333.72 300 92
0 549.2 333.855 300 92
0 549.2 334.018 300 92
0 549.2 334.193 300 92
0 549.2 334.396 300 92
0 549.2 334.562 300 92
0 549.2 334.692 300 92
0 549.2 334.886 300 92
0 549.2 335.024 300 92
0 549.2 335.239 300 92
0 549.2 335.411 300 92
0 549.2 335.622 300 92
0 549.2 335.79 300 92
0 549.2 335.95 300 92
0 549.2 336.09 300 92
0 549.2 336.217 300 92
0 549.2 336.357 300 92
0 549.2 336.476 300 92
0 549.2 336.626 300 92
0 549.2 336.742 300 92
0 549.2 336.942 300 92
0 549.2 337.073 300 92
0 549.2 337.327 300 92
0 549.2 337.549 300 92
0 549.2 337.642 300 92
0 549.2 337.785 300 92
0 549.2 337.985 300 92
0 549.2 338.114 300 92
0 549.2 338.279 300 92
0 549.2 338.459 300 92
0 549.2 338.598 300 92
0 549.2 338.776 300 92
0 549.2 338.9 300 92
0 549.2 339.007 300 92
0 549.2 339.13 300 92
0 549.2 339.27 300 92
0 549.2 339.423 300 92
0 549.2 339.543 300 92
0 549.2 339.687 300 92
0 549.2 339.842 300 92
0 549.2 339.983 300 92
0 549.2 340.144 300 92
0 549.2 340.316 300 92
0 549.2 340.455 300 92
0 549.2 340.638 300 92
0 549.2 340.755 300 92
0 549.2 340.893 300 92
0 549.2 341.021 300 92
0 549.2 341.157 300 92
0 549.2 341.288 300 92
0 549.2 341.426 300 92
0 549.2 341.622 300 92
0 549.2 341.787 300 92
0 549.2 341.91 300 92
0 549.2 342.027 300 92
0 549.2 342.2 300 92
0 549.2 342.348 300 92
0 549.2 342.499 300 92
0 549.2 342.725 300 92
0 549.2 342.847 300 92
0 549.2 343.074 300 92
0 549.2 343.294 300 92
0 549.2 343.53 300 92
0 549.2 343.658 300 92
0 549.2 343.806 300 92
0 549.2 343.939 300 92
0 549.2 344.045 300 92
0 549.2 344.177 300 92
0 549.2 344.303 300 92
0 549.2 344.43 300 92
0 549.2 344.561 300 92
0 549.2 344.675 300 92
0 549.2 344.9 300 92
0 549.2 345.055 300 92
0 549.2 345.182 300 92
0 549.2 345.362 300 92
0 549.2 345.496 300 92
0 549.2 345.617 300 92
0 549.2 345.744 300 92
0 549.2 345.917 300 92
0 549.2 346.041 300 92
0 549.2 346.231 300 92
0 549.2 346.35 300 92
0 549.2 346.476 300 92
0 549.2 346.61 300 92
0 549.2 346.75 300 92
0 549.2 346.875 300 92
0 549.2 347.04 300 92
0 549.2 347.175 300 92
0 549.2 347.291 300 92
0 549.2 347.418 300 92
0 549.2 347.59 300 92
0 549.2 347.679 300 92
0 549.2 347.922 300 92
0 549.2 348.055 300 92
0 549.2 348.188 300 92
0 549.2 348.369 300 92
0 549.2 348.53 300 92
0 549.2 348.664 300 92
0 549.2 348.813 300 92
0 549.2 348.954 300 92
0 549.2 349.078 300 92
0 549.2 349.221 300 92
0 549.2 349.411 300 92
0 549.2 349.557 300 92
0 549.2 349.74 300 92
0 549.2 349.921 300 92
0 549.2 350.07 300 92
0 549.2 350.202 300 92
0 549.2 350.345 300 92
0 549.2 350.495 300 92
0 549.2 350.701 300 92
0 549.2 350.831 300 92
0 549.2 350.97 300 92
0 549.2 351.095 300 92
0 549.2 351.231 300 92
0 549.2 351.363 300 92
0 549.2 351.446 300 92
0 549.2 351.569 300 92
0 549.2 351.699 300 92
0 549.2 351.824 300 92
0 549.2 352.035 300 92
0 549.2 352.223 300 92
0 549.2 352.365 300 92
0 549.2 352.5 300 92
0 549.2 352.68 300 92
0 549.2 352.812 300 92
0 549.2 352.928 300 92
0 549.2 353.088 300 92
0 549.2 353.225 300 92
0 549.2 353.507 300 92
0 549.2 353.632 300 92
0 549.2 353.77 300 92
0 549.2 353.951 300 92
0 549.2 354.078 300 92
0 549.2 354.201 300 92
0 549.2 354.332 300 92
0 549.2 354.454 300 92
0 549.2 354.589 300 92
0 549.2 354.718 300 92
0 549.2 354.844 300 92
0 549.2 354.962 300 92
0 549.2 355.088 300 92
0 549.2 355.283 300 92
0 549.2 355.417 300 92
0 549.2 355.558 300 92
0 549.2 355.736 300 92
0 549.2 355.874 300 92
0 549.2 356.004 300 92
0 549.2 356.133 300 92
0 549.2 356.34 300 92
0 549.2 356.429 300 92
0 549.2 356.64 300 92
0 549.2 356.783 300 92
0 549.2 357.035 300 92
0 549.2 357.197 300 92
0 549.2 357.331 300 92
0 549.2 357.497 300 92
0 549.2 357.573 300 92
0 549.2 357.794 300 92
0 549.2 357.924 300 92
0 549.2 358.041 300 92
0 549.2 358.175 300 92
0 549.2 358.37 300 92
0 549.2 358.581 300 92
0 549.2 358.731 300 92
0 549.2 358.858 300 92
0 549.2 359 300 92
0 549.2 359.108 300 92
0 549.2 359.3 300 92
0 549.2 359.434 300 92
0 549.2 359.582 300 92
0 549.2 359.701 300 92
0 549.2 359.835 300 92
0 549.2 359.97 300 92
0 549.2 360.102 300 92
0 549.2 360.265 300 92
0 549.2 360.372 300 92
0 549.2 360.593 300 92
0 549.2 360.736 300 92
0 549.2 360.873 300 92
0 549.2 361.015 300 92
0 549.2 361.154 300 92
0 549.2 361.289 300 92
0 549.2 361.462 300 92
0 549.2 361.558 300 92
0 549.2 361.681 300 92
0 549.2 361.801 300 92
0 549.2 361.941 300 92
0 549.2 362.066 300 92
0 549.2 362.215 300 92
0 549.2 362.347 300 92
0 549.2 362.52 300 92
0 549.2 362.647 300 92
0 549.2 362.735 300 92
0 549.2 362.907 300 92
0 549.2 363.042 300 92
0 549.2 363.168 300 92
0 549.2 363.357 300 92
0 549.2 363.494 300 92
0 549.2 363.619 300 92
0 549.2 363.774 300 92
0 549.2 363.925 300 92
0 549.2 364.058 300 92
0 549.2 364.246 300 92
0 549.2 364.342 300 92
0 549.2 364.498 300 92
0 549.2 364.63 300 92
0 549.2 364.772 300 92
0 549.2 364.9 300 92
0 549.2 365.044 300 92
0 549.2 365.167 300 92
0 549.2 365.353 300 92
0 549.2 365.476 300 92
0 549.2 365.601 300 92
0 549.2 365.827 300 92
0 549.2 365.96 300 92
0 549.2 366.1 300 92
0 549.2 366.236 300 92
0 549.2 366.481 300 92
0 549.2 366.697 300 92
0 549.2 366.827 300 92
0 549.2 367.005 300 92
0 549.2 367.133 300 92
0 549.2 367.274 300 92
0 549.2 367.402 300 92
0 549.2 367.58 300 92
0 549.2 367.753 300 92
0 549.2 367.895 300 92
0 549.2 368.031 300 92
0 549.2 368.144 300 92
0 549.2 368.265 300 92
0 549.2 368.456 300 92
0 549.2 368.591 300 92
0 549.2 368.745 300 92
0 549.2 368.932 300 92
0 549.2 369.07 300 92
0 549.2 369.2 300 92
0 549.2 369.456 300 92
0 549.2 369.632 300 92
0 549.2 369.769 300 92
0 549.2 369.913 300 92
0 549.2 370.044 300 92
0 549.2 370.339 300 92
0 549.2 370.482 300 92
0 549.2 370.619 300 92
0 549.2 370.748 300 92
0 549.2 371.013 300 92
0 549.2 371.173 300 92
0 549.2 371.271 300 92
0 549.2 371.402 300 92
0 549.2 371.546 300 92
0 549.2 371.697 300 92
0 549.2 371.839 300 92
0 549.2 371.973 300 92
0 549.2 372.109 300 92
0 549.2 372.234 300 92
0 549.2 372.38 300 92
0 549.2 372.516 300 92
0 549.2 372.635 300 92
0 549.2 372.763 300 92
0 549.2 372.884 300 92
0 549.2 373.014 300 92
0 549.2 373.236 300 92
0 549.2 373.383 300 92
0 549.2 373.512 300 92
0 549.2 373.649 300 92
0 549.2 373.775 300 92
0 549.2 373.925 300 92
0 549.2 374.072 300 92
0 549.2 374.238 300 92
0 549.2 374.394 300 92
0 549.2 374.536 300 92
0 549.2 374.687 300 92
0 549.2 374.818 300 92
0 549.2 374.929 300 92
0 549.2 375.028 300 92
0 549.2 375.216 300 92
0 549.2 375.343 300 92
0 549.2 375.47 300 92
0 549.2 375.62 300 92
0 549.2 375.757 300 92
0 549.2 375.903 300 92
0 549.2 376.038 300 92
0 549.2 376.183 300 92
0 549.2 376.312 300 92
0 549.2 376.534 300 92
0 549.2 376.709 300 92
0 549.2 376.835 300 92
0 549.2 376.974 300 92
0 549.2 377.164 300 92
0 549.2 377.271 300 92
0 549.2 377.46 300 92
0 549.2 377.646 300 92
0 549.2 377.794 300 92
0 549.2 377.928 300 92
0 549.2 378.077 300 92
0 549.2 378.226 300 92
0 549.2 378.425 300 92
0 549.2 378.608 300 92
0 549.2 378.768 300 92
0 549.2 378.928 300 92
0 549.2 379.083 300 92
0 549.2 379.214 300 92
0 549.2 379.347 300 92
0 549.2 379.472 300 92
0 549.2 379.613 300 92
0 549.2 379.745 300 92
0 549.2 379.897 300 92
0 549.2 380.041 300 92
0 549.2 380.176 300 92
0 549.2 380.41 300 92
0 549.2 380.606 300 92
0 549.2 380.728 300 92
0 549.2 381 300 92
0 549.2 381.231 300 92
0 549.2 381.487 300 92
0 549.2 381.634 300 92
0 549.2 381.771 300 92
0 549.2 381.926 300 92
0 549.2 382.059 300 92
0 549.2 382.189 300 92
0 549.2 382.299 300 92
0 549.2 382.441 300 92
0 549.2 382.582 300 92
0 549.2 382.762 300 92
0 549.2 382.903 300 92
0 549.2 383.042 300 92
0 549.2 383.179 300 92
0 549.2 383.27 300 92
0 549.2 383.389 300 92
0 549.2 383.674 300 92
0 549.2 383.882 300 92
0 549.2 383.974 300 92
0 549.2 384.2 300 92
0 549.2 384.396 300 92
0 549.2 384.53 300 92
0 549.2 384.668 300 92
0 549.2 384.809 300 92
0 549.2 384.933 300 92
0 549.2 385.117 300 92
0 549.2 385.247 300 92
0 549.2 385.348 300 92
0 549.2 385.433 300 92
0 549.2 385.641 300 92
0 549.2 385.782 300 92
0 549.2 385.906 300 92
0 549.2 385.986 300 92
0 549.2 386.171 300 92
0 549.2 386.299 300 92
0 549.2 386.43 300 92
0 549.2 386.622 300 92
0 549.2 386.785 300 92
0 549.2 386.969 300 92
0 549.2 387.158 300 92
0 549.2 387.373 300 92
0 549.2 387.504 300 92
0 549.2 387.658 300 92
0 549.2 387.78 300 92
0 549.2 387.923 300 92
0 549.2 388.102 300 92
0 549.2 388.287 300 92
0 549.2 388.426 300 92
0 549.2 388.562 300 92
0 549.2 388.712 300 92
0 549.2 388.892 300 92
0 549.2 389.113 300 92
0 549.2 389.25 300 92
0 549.2 389.377 300 92
0 549.2 389.516 300 92
0 549.2 389.658 300 92
0 549.2 389.781 300 92
0 549.2 389.969 300 92
0 549.2 390.1 300 92
0 549.2 390.26 300 92
0 549.2 390.402 300 92
0 549.2 390.539 300 92
0 549.2 390.669 300 92
0 549.2 390.816 300 92
0 549.2 390.954 300 92
0 549.2 391.186 300 92
0 549.2 391.336 300 92
0 549.2 391.46 300 92
0 549.2 391.629 300 92
0 549.2 391.752 300 92
0 549.2 391.965 300 92
0 549.2 392.095 300 92
0 549.2 392.239 300 92
0 549.2 392.448 300 92
0 549.2 392.582 300 92
0 549.2 392.776 300 92
0 549.2 392.924 300 92
0 549.2 393.068 300 92
0 549.2 393.261 300 92
0 549.2 393.405 300 92
0 549.2 393.618 300 92
0 549.2 393.777 300 92
0 549.2 393.92 300 92
0 549.2 394.067 300 92
0 549.2 394.16 300 92
0 549.2 394.253 300 92
0 549.2 394.391 300 92
0 549.2 394.513 300 92
0 549.2 394.647 300 92
0 549.2 394.836 300 92
0 549.2 395.073 300 92
0 549.2 395.212 300 92
0 549.2 395.332 300 92
0 549.2 395.468 300 92
0 549.2 395.739 300 92
0 549.2 395.908 300 92
0 549.2 396.046 300 92
0 549.2 396.196 300 92
0 549.2 396.327 300 92
0 549.2 396.459 300 92
0 549.2 396.602 300 92
0 549.2 396.765 300 92
0 549.2 396.894 300 92
0 549.2 397.019 300 92
0 549.2 397.163 300 92
0 549.2 397.33 300 92
0 549.2 397.469 300 92
0 549.2 397.601 300 92
0 549.2 397.722 300 92
0 549.2 397.844 300 92
0 549.2 398.015 300 92
0 549.2 398.162 300 92
0 549.2 398.298 300 92
0 549.2 398.458 300 92
0 549.2 398.58 300 92
0 549.2 398.709 300 92
0 549.2 398.849 300 92
0 549.2 398.984 300 92
0 549.2 399.121 300 92
0 549.2 399.245 300 92
0 549.2 399.366 300 92
0 549.2 399.512 300 92
0 549.2 399.647 300 92
0 549.2 399.79 300 92
0 549.2 399.912 300 92
0 549.2 400.045 300 92
0 549.2 400.143 300 92
0 549.2 400.282 300 92
0 549.2 400.42 300 92
0 549.2 400.565 300 92
0 549.2 400.669 300 92
0 549.2 400.834 300 92
0 549.2 400.958 300 92
0 549.2 401.08 300 92
0 549.2 401.222 300 92
0 549.2 401.387 300 92
0 549.2 401.501 300 92
0 549.2 401.645 300 92
0 549.2 401.88 300 92
0 549.2 402.004 300 92
0 549.2 402.157 300 92
0 549.2 402.309 300 92
0 549.2 402.456 300 92
0 549.2 402.592 300 92
0 549.2 402.733 300 92
0 549.2 402.861 300 92
0 549.2 402.979 300 92
0 549.2 403.121 300 92
0 549.2 403.247 300 92
0 549.2 403.382 300 92
0 549.2 403.512 300 92
0 549.2 403.629 300 92
0 549.2 403.761 300 92
0 549.2 403.896 300 92
0 549.2 404.027 300 92
0 549.2 404.159 300 92
0 549.2 404.289 300 92
0 549.2 404.441 300 92
0 549.2 404.534 300 92
0 549.2 404.68 300 92
0 549.2 404.868 300 92
0 549.2 405.034 300 92
0 549.2 405.231 300 92
0 549.2 405.371 300 92
0 549.2 405.504 300 92
0 549.2 405.637 300 92
0 549.2 405.863 300 92
0 549.2 406.054 300 92
0 549.2 406.202 300 92
0 549.2 406.334 300 92
0 549.2 406.619 300 92
0 549.2 406.778 300 92
0 549.2 406.955 300 92
0 549.2 407.093 300 92
0 549.2 407.256 300 92
0 549.2 407.428 300 92
0 549.2 407.654 300 92
0 549.2 407.77 300 92
0 549.2 407.921 300 92
0 549.2 408.072 300 92
0 549.2 408.16 300 92
0 549.2 408.305 300 92
0 549.2 408.444 300 92
0 549.2 408.585 300 92
0 549.2 408.723 300 92
0 549.2 408.886 300 92
0 549.2 409.021 300 92
0 549.2 409.131 300 92
0 549.2 409.263 300 92
0 549.2 409.447 300 92
0 549.2 409.579 300 92
0 549.2 409.709 300 92
0 549.2 409.837 300 92
0 549.2 409.977 300 92
0 549.2 410.164 300 92
0 549.2 410.347 300 92
0 549.2 410.485 300 92
0 549.2 410.633 300 92
0 549.2 410.767 300 92
0 549.2 410.857 300 92
0 549.2 410.998 300 92
0 549.2 411.166 300 92
0 549.2 411.346 300 92
0 549.2 411.475 300 92
0 549.2 411.611 300 92
0 549.2 411.866 300 92
0 549.2 411.997 300 92
0 549.2 412.178 300 92
0 549.2 412.298 300 92
0 549.2 412.42 300 92
0 549.2 412.535 300 92
0 549.2 412.66 300 92
0 549.2 412.798 300 92
0 549.2 412.934 300 92
0 549.2 413.217 300 92
0 549.2 413.315 300 92
0 549.2 413.459 300 92
0 549.2 413.581 300 92
0 549.2 413.707 300 92
0 549.2 413.843 300 92
0 549.2 413.978 300 92
0 549.2 414.135 300 92
0 549.2 414.275 300 92
0 549.2 414.408 300 92
0 549.2 414.537 300 92
0 549.2 414.719 300 92
0 549.2 414.845 300 92
0 549.2 414.969 300 92
0 549.2 415.1 300 92
0 549.2 415.236 300 92
0 549.2 415.391 300 92
0 549.2 415.532 300 92
0 549.2 415.674 300 92
0 549.2 415.87 300 92
0 549.2 416.011 300 92
0 549.2 416.185 300 92
0 549.2 416.31 300 92
0 549.2 416.439 300 92
0 549.2 416.574 300 92
0 549.2 416.705 300 92
0 549.2 416.842 300 92
0 549.2 417.011 300 92
0 549.2 417.14 300 92
0 549.2 417.389 300 92
0 549.2 417.554 300 92
0 549.2 417.698 300 92
0 549.2 417.826 300 92
0 549.2 417.997 300 92
0 549.2 418.135 300 92
0 549.2 418.283 300 92
0 549.2 418.419 300 92
0 549.2 418.543 300 92
0 549.2 418.684 300 92
0 549.2 418.786 300 92
0 549.2 418.993 300 92
0 549.2 419.134 300 92
0 549.2 419.256 300 92
0 549.2 419.388 300 92
0 549.2 419.507 300 92
0 549.2 419.644 300 92
0 549.2 419.774 300 92
0 549.2 419.915 300 92
0 549.2 420.062 300 92
0 549.2 420.282 300 92
0 549.2 420.43 300 92
0 549.2 420.575 300 92
0 549.2 420.716 300 92
0 549.2 420.844 300 92
0 549.2 421.012 300 92
0 549.2 421.25 300 92
0 549.2 421.397 300 92
0 549.2 421.527 300 92
0 549.2 421.676 300 92
0 549.2 421.816 300 92
0 549.2 421.96 300 92
0 549.2 422.09 300 92
0 549.2 422.226 300 92
0 549.2 422.331 300 92
0 549.2 422.517 300 92
0 549.2 422.637 300 92
0 549.2 422.819 300 92
0 549.2 422.976 300 92
0 549.2 423.083 300 92
0 549.2 423.28 300 92
0 549.2 423.493 300 92
0 549.2 423.659 300 92
0 549.2 423.778 300 92
0 549.2 423.959 300 92
0 549.2 424.172 300 92
0 549.2 424.376 300 92
0 549.2 424.516 300 92
0 549.2 424.634 300 92
0 549.2 424.758 300 92
0 549.2 424.941 300 92
0 549.2 425.122 300 92
0 549.2 425.301 300 92
0 549.2 425.428 300 92
0 549.2 425.556 300 92
0 549.2 425.751 300 92
0 549.2 425.901 300 92
0 549.2 426.085 300 92
0 549.2 426.248 300 92
0 549.2 426.379 300 92
0 549.2 426.53 300 92
0 549.2 426.695 300 92
0 549.2 426.912 300 92
0 549.2 427.052 300 92
0 549.2 427.281 300 92
0 549.2 427.453 300 92
0 549.2 427.587 300 92
0 549.2 427.884 300 92
0 549.2 427.983 300 92
0 549.2 428.109 300 92
0 549.2 428.317 300 92
0 549.2 428.464 300 92
0 549.2 428.637 300 92
0 549.2 428.806 300 92
0 549.2 428.919 300 92
0 549.2 429.054 300 92
0 549.2 429.186 300 92
0 549.2 429.36 300 92
0 549.2 429.541 300 92
0 549.2 429.712 300 92
0 549.2 429.886 300 92
0 549.2 430.041 300 92
0 549.2 430.267 300 92
0 549.2 430.403 300 92
0 549.2 430.582 300 92
0 549.2 430.761 300 92
0 549.2 430.863 300 92
0 549.2 431.084 300 92
0 549.2 431.203 300 92
0 549.2 431.417 300 92
0 549.2 431.528 300 92
0 549.2 431.667 300 92
0 549.2 431.8 300 92
0 549.2 431.956 300 92
0 549.2 432.096 300 92
0 549.2 432.479 300 92
0 549.2 432.614 300 92
0 549.2 432.766 300 92
0 549.2 432.972 300 92
0 549.2 433.107 300 92
0 549.2 433.286 300 92
0 549.2 433.453 300 92
0 549.2 433.604 300 92
0 549.2 433.723 300 92
0 549.2 433.847 300 92
0 549.2 433.971 300 92
0 549.2 434.093 300 92
0 549.2 434.221 300 92
0 549.2 434.403 300 92
0 549.2 434.527 300 92
0 549.2 434.726 300 92
0 549.2 434.956 300 92
0 549.2 435.14 300 92
0 549.2 435.321 300 92
0 549.2 435.485 300 92
0 549.2 435.615 300 92
0 549.2 435.744 300 92
0 549.2 435.896 300 92
0 549.2 436.024 300 92
0 549.2 436.176 300 92
0 549.2 436.289 300 92
0 549.2 436.386 300 92
0 549.2 436.511 300 92
0 549.2 436.658 300 92
0 549.2 436.83 300 92
0 549.2 437.024 300 92
0 549.2 437.242 300 92
0 549.2 437.4 300 92
0 549.2 437.539 300 92
0 549.2 437.63 300 92
0 549.2 437.777 300 92
0 549.2 437.868 300 92
0 549.2 437.957 300 92
0 549.2 438.079 300 92
0 549.2 438.18 300 92
0 549.2 438.263 300 92
0 549.2 438.348 300 92
0 549.2 438.441 300 92
0 549.2 438.58 300 92
0 549.2 438.713 300 92
0 549.2 438.804 300 92
0 549.2 438.918 300 92
0 549.2 438.981 300 92
0 549.2 439.069 300 92
0 549.2 439.29 300 92
0 549.2 439.43 300 92
0 549.2 439.545 300 92
0 549.2 439.672 300 92
0 549.2 439.807 300 92
0 549.2 440.105 300 92
0 549.2 440.216 300 92
0 549.2 440.342 300 92
0 549.2 440.502 300 92
0 549.2 440.621 300 92
0 549.2 440.747 300 92
0 549.2 440.881 300 92
0 549.2 440.996 300 92
0 549.2 441.124 300 92
0 549.2 441.305 300 92
0 549.2 441.483 300 92
0 549.2 441.6 300 92
0 549.2 441.828 300 92
0 549.2 441.96 300 92
0 549.2 442.088 300 92
0 549.2 442.211 300 92
0 549.2 442.34 300 92
0 549.2 442.487 300 92
0 549.2 442.622 300 92
0 549.2 442.815 300 92
0 549.2 442.966 300 92
0 549.2 443.093 300 92
0 549.2 443.247 300 92
0 549.2 443.373 300 92
0 549.2 443.517 300 92
0 549.2 443.639 300 92
0 549.2 443.724 300 92
0 549.2 443.858 300 92
0 549.2 444.023 300 92
0 549.2 444.254 300 92
0 549.2 444.408 300 92
0 549.2 444.53 300 92
0 549.2 444.711 300 92
0 549.2 444.903 300 92
0 549.2 445.138 300 92
0 549.2 445.348 300 92
0 549.2 445.485 300 92
0 549.2 445.63 300 92
0 549.2 445.84 300 92
0 549.2 445.972 300 92
0 549.2 446.066 300 92
0 549.2 446.275 300 92
0 549.2 446.419 300 92
0 549.2 446.628 300 92
0 549.2 446.757 300 92
0 549.2 446.905 300 92
0 549.2 447.036 300 92
0 549.2 447.251 300 92
0 549.2 447.384 300 92
0 549.2 447.504 300 92
0 549.2 447.624 300 92
0 549.2 447.762 300 92
0 549.2 447.993 300 92
0 549.2 448.078 300 92
0 549.2 448.207 300 92
0 549.2 448.348 300 92
0 549.2 448.516 300 92
0 549.2 448.642 300 92
0 549.2 448.778 300 92
0 549.2 448.875 300 92
0 549.2 448.999 300 92
0 549.2 449.091 300 92
0 549.2 449.181 300 92
0 549.2 449.385 300 92
0 549.2 449.476 300 92
0 549.2 449.605 300 92
0 549.2 449.756 300 92
0 549.2 449.897 300 92
0 549.2 450.024 300 92
0 549.2 450.15 300 92
0 549.2 450.307 300 92
0 549.2 450.436 300 92
0 549.2 450.599 300 94
0 549.2 450.725 300 94
0 549.2 450.895 300 94
0 549.2 451.055 300 94
0 549.2 451.325 300 94
0 549.2 451.461 300 94
0 549.2 451.607 300 94
0 549.2 451.732 300 94
0 549.2 451.86 300 94
0 549.2 452.039 300 94
0 549.2 452.203 300 94
0 549.2 452.455 300 94
0 549.2 452.586 300 94
0 549.2 452.719 300 94
0 549.2 452.865 300 94
0 549.2 453.014 300 94
0 549.2 453.107 300 94
0 549.2 453.234 300 94
0 549.2 453.452 300 94
0 549.2 453.589 300 94
0 549.2 453.73 300 94
0 549.2 453.899 300 94
0 549.2 454.037 300 94
0 549.2 454.264 300 94
0 549.2 454.403 300 94
0 549.2 454.675 300 94
0 549.2 454.81 300 94
0 549.2 454.908 300 94
0 549.2 455.083 300 94
0 549.2 455.209 300 94
0 549.2 455.358 300 94
0 549.2 455.547 300 94
0 549.2 455.671 300 94
0 549.2 455.85 300 94
0 549.2 455.988 300 94
0 549.2 456.132 300 94
0 549.2 456.319 300 94
0 549.2 456.453 300 94
0 549.2 456.626 300 94
0 549.2 456.82 300 94
0 549.2 456.953 300 94
0 549.2 457.149 300 94
0 549.2 457.279 300 94
0 549.2 457.408 300 94
0 549.2 457.549 300 94
0 549.2 457.877 300 94
0 549.2 457.963 300 94
0 549.2 458.154 300 94
0 549.2 458.416 300 94
0 549.2 458.55 300 94
0 549.2 458.649 300 94
0 549.2 458.782 300 94
0 549.2 458.949 300 94
0 549.2 459.07 300 94
0 549.2 459.198 300 94
0 549.2 459.313 300 94
0 549.2 459.432 300 94
0 549.2 459.592 300 94
0 549.2 459.736 300 94
0 549.2 459.881 300 94
0 549.2 460.009 300 94
0 549.2 460.109 300 94
0 549.2 460.301 300 94
0 549.2 460.443 300 94
0 549.2 460.538 300 94
0 549.2 460.671 300 94
0 549.2 460.818 300 94
0 549.2 460.996 300 94
0 549.2 461.147 300 94
0 549.2 461.341 300 94
0 549.2 461.547 300 94
0 549.2 461.78 300 94
0 549.2 461.931 300 94
0 549.2 462.091 300 94
0 549.2 462.284 300 94
0 549.2 462.421 300 94
0 549.2 462.551 300 94
0 549.2 462.789 300 94
0 549.2 462.98 300 94
0 549.2 463.065 300 94
0 549.2 463.27 300 94
0 549.2 463.396 300 94
0 549.2 463.535 300 94
0 549.2 463.703 300 94
0 549.2 463.828 300 94
0 549.2 463.962 300 94
0 549.2 464.084 300 94
0 549.2 464.272 300 94
0 549.2 464.413 300 94
0 549.2 464.544 300 94
0 549.2 464.681 300 94
0 549.2 464.825 300 94
0 549.2 464.962 300 94
0 549.2 465.137 300 94
0 549.2 465.277 300 94
0 549.2 465.422 300 94
0 549.2 465.639 300 94
0 549.2 465.78 300 94
0 549.2 465.923 300 94
0 549.2 466.064 300 94
0 549.2 466.208 300 94
0 549.2 466.33 300 94
0 549.2 466.616 300 94
0 549.2 466.787 300 94
0 549.2 466.922 300 94
0 549.2 467.012 300 94
0 549.2 467.155 300 94
0 549.2 467.254 300 94
0 549.2 467.374 300 94
0 549.2 467.683 300 94
0 549.2 467.842 300 94
0 549.2 467.973 300 94
0 549.2 468.101 300 94
0 549.2 468.22 300 94
0 549.2 468.382 300 94
0 549.2 468.514 300 94
0 549.2 468.686 300 94
0 549.2 468.821 300 94
0 549.2 468.98 300 94
0 549.2 469.115 300 94
0 549.2 469.305 300 94
0 549.2 469.426 300 94
0 549.2 469.644 300 94
0 549.2 469.778 300 94
0 549.2 469.94 300 94
0 549.2 470.083 300 94
0 549.2 470.212 300 94
0 549.2 470.347 300 94
0 549.2 470.472 300 94
0 549.2 470.612 300 94
0 549.2 470.746 300 94
0 549.2 470.871 300 94
0 549.2 471.008 300 94
0 549.2 471.213 300 94
0 549.2 471.385 300 94
0 549.2 471.516 300 94
0 549.2 471.645 300 94
0 549.2 471.777 300 94
0 549.2 471.908 300 94
0 549.2 472.023 300 94
0 549.2 472.156 300 94
0 549.2 472.286 300 94
0 549.2 472.406 300 94
0 549.2 472.528 300 94
0 549.2 472.666 300 94
0 549.2 472.79 300 94
0 549.2 472.916 300 94
0 549.2 473.107 300 94
0 549.2 473.37 300 94
0 549.2 473.511 300 94
0 549.2 473.635 300 94
0 549.2 473.874 300 94
0 549.2 473.999 300 94
0 549.2 474.128 300 94
0 549.2 474.239 300 94
0 549.2 474.37 300 94
0 549.2 474.548 300 94
0 549.2 474.683 300 94
0 549.2 474.809 300 94
0 549.2 474.944 300 94
0 549.2 475.074 300 94
0 549.2 475.296 300 94
0 549.2 475.433 300 94
0 549.2 475.534 300 94
0 549.2 475.617 300 94
0 549.2 475.753 300 94
0 549.2 475.919 300 94
0 549.2 476.112 300 94
0 549.2 476.271 300 94
0 549.2 476.452 300 94
0 549.2 476.605 300 94
0 549.2 476.739 300 94
0 549.2 476.868 300 94
0 549.2 477.057 300 94
0 549.2 477.189 300 94
0 549.2 477.315 300 94
0 549.2 477.44 300 94
0 549.2 477.617 300 94
0 549.2 477.793 300 94
0 549.2 477.935 300 94
0 549.2 478.069 300 94
0 549.2 478.209 300 94
0 549.2 478.341 300 94
0 549.2 478.442 300 94
0 549.2 478.616 300 94
0 549.2 478.748 300 94
0 549.2 478.847 300 94
0 549.2 478.987 300 94
0 549.2 479.173 300 94
0 549.2 479.31 300 94
0 549.2 479.439 300 94
0 549.2 479.579 300 94
0 549.2 479.698 300 94
0 549.2 479.832 300 94
0 549.2 479.968 300 94
0 549.2 480.109 300 94
0 549.2 480.24 300 94
0 549.2 480.322 300 94
0 549.2 480.581 300 94
0 549.2 480.757 300 94
0 549.2 480.939 300 94
0 549.2 481.176 300 94
0 549.2 481.314 300 94
0 549.2 481.447 300 94
0 549.2 481.602 300 94
0 549.2 481.726 300 94
0 549.2 481.859 300 94
0 549.2 481.989 300 94
0 549.2 482.136 300 94
0 549.2 482.245 300 94
0 549.2 482.478 300 94
0 549.2 482.606 300 94
0 549.2 482.739 300 94
0 549.2 482.889 300 94
0 549.2 482.993 300 94
0 549.2 483.13 300 94
0 549.2 483.294 300 94
0 549.2 483.429 300 94
0 549.2 483.688 300 94
0 549.2 483.811 300 94
0 549.2 483.932 300 94
0 549.2 484.178 300 94
0 549.2 484.36 300 94
0 549.2 484.494 300 94
0 549.2 484.674 300 94
0 549.2 484.8 300 94
0 549.2 484.931 300 94
0 549.2 485.021 300 94
0 549.2 485.194 300 94
0 549.2 485.347 300 94
0 549.2 485.472 300 94
0 549.2 485.608 300 94
0 549.2 485.771 300 94
0 549.2 485.897 300 94
0 549.2 486.024 300 94
0 549.2 486.157 300 94
0 549.2 486.339 300 94
0 549.2 486.429 300 94
0 549.2 486.546 300 94
0 549.2 486.727 300 94
0 549.2 486.858 300 94
0 549.2 486.985 300 94
0 549.2 487.145 300 94
0 549.2 487.311 300 94
0 549.2 487.516 300 94
0 549.2 487.613 300 94
0 549.2 487.732 300 94
0 549.2 487.881 300 94
0 549.2 487.972 300 94
0 549.2 488.155 300 94
0 549.2 488.367 300 94
0 549.2 488.518 300 94
0 549.2 488.703 300 94
0 549.2 488.844 300 94
0 549.2 488.929 300 94
0 549.2 489.14 300 94
0 549.2 489.28 300 94
0 549.2 489.443 300 94
0 549.2 489.611 300 94
0 549.2 489.796 300 94
0 549.2 489.975 300 94
0 549.2 490.153 300 94
0 549.2 490.289 300 94
0 549.2 490.44 300 94
0 549.2 490.605 300 94
0 549.2 490.787 300 94
0 549.2 490.968 300 94
0 549.2 491.051 300 94
0 549.2 491.265 300 94
0 549.2 491.393 300 94
0 549.2 491.525 300 94
0 549.2 491.699 300 94
0 549.2 491.818 300 94
0 549.2 492.004 300 94
0 549.2 492.12 300 94
0 549.2 492.262 300 94
0 549.2 492.388 300 94
0 549.2 492.527 300 94
0 549.2 492.688 300 94
0 549.2 492.823 300 94
0 549.2 493.021 300 94
0 549.2 493.207 300 94
0 549.2 493.389 300 94
0 549.2 493.505 300 94
0 549.2 493.65 300 94
0 549.2 493.775 300 94
0 549.2 493.946 300 94
0 549.2 494.122 300 94
0 549.2 494.258 300 94
0 549.2 494.433 300 94
0 549.2 494.57 300 94
0 549.2 494.737 300 94
0 549.2 494.858 300 94
0 549.2 495.02 300 94
0 549.2 495.189 300 94
0 549.2 495.323 300 94
0 549.2 495.465 300 94
0 549.2 495.638 300 94
0 549.2 495.783 300 94
0 549.2 496.034 300 94
0 549.2 496.171 300 94
0 549.2 496.32 300 94
0 549.2 496.467 300 94
0 549.2 496.589 300 94
0 549.2 496.72 300 94
0 549.2 496.866 300 94
0 549.2 496.993 300 94
0 549.2 497.121 300 94
0 549.2 497.275 300 94
0 549.2 497.41 300 94
0 549.2 497.62 300 94
0 549.2 497.75 300 94
0 549.2 497.927 300 94
0 549.2 498.065 300 94
0 549.2 498.241 300 94
0 549.2 498.458 300 94
0 549.2 498.581 300 94
0 549.2 498.711 300 94
0 549.2 498.836 300 94
0 549.2 498.984 300 94
0 549.2 499.191 300 94
0 549.2 499.32 300 94
0 549.2 499.456 300 94
0 549.2 499.576 300 94
0 549.2 499.686 300 94
0 549.2 499.814 300 94
0 549.2 499.965 300 94
0 549.2 500.136 300 94
0 549.2 500.264 300 94
0 549.2 500.387 300 94
0 549.2 500.574 300 94
0 549.2 500.71 300 94
0 549.2 500.928 300 94
0 549.2 501.102 300 94
0 549.2 501.238 300 94
0 549.2 501.369 300 94
0 549.2 501.505 300 94
0 549.2 501.636 300 94
0 549.2 501.775 300 94
0 549.2 501.938 300 94
0 549.2 502.068 300 94
0 549.2 502.193 300 94
0 549.2 502.341 300 94
0 549.2 502.461 300 94
0 549.2 502.609 300 94
0 549.2 502.733 300 94
0 549.2 502.867 300 94
0 549.2 503.044 300 94
0 549.2 503.221 300 94
0 549.2 503.335 300 94
0 549.2 503.504 300 94
0 549.2 503.754 300 94
0 549.2 503.884 300 94
0 549.2 504.018 300 94
0 549.2 504.143 300 94
0 549.2 504.288 300 94
0 549.2 504.469 300 94
0 549.2 504.608 300 94
0 549.2 504.791 300 94
0 549.2 504.924 300 94
0 549.2 505.045 300 94
0 549.2 505.213 300 94
0 549.2 505.394 300 94
0 549.2 505.533 300 94
0 549.2 505.654 300 94
0 549.2 505.834 300 94
0 549.2 505.973 300 94
0 549.2 506.157 300 94
0 549.2 506.285 300 94
0 549.2 506.465 300 94
0 549.2 506.625 300 94
0 549.2 506.764 300 94
0 549.2 506.953 300 94
0 549.2 507.088 300 94
0 549.2 507.213 300 94
0 549.2 507.336 300 94
0 549.2 507.503 300 94
0 549.2 507.764 300 94
0 549.2 507.895 300 94
0 549.2 508.037 300 94
0 549.2 508.179 300 94
0 549.2 508.354 300 94
0 549.2 508.533 300 94
0 549.2 508.676 300 94
0 549.2 508.803 300 94
0 549.2 508.884 300 94
0 549.2 509.059 300 94
0 549.2 509.2 300 94
0 549.2 509.29 300 94
0 549.2 509.46 300 94
0 549.2 509.692 300 94
0 549.2 509.821 300 94
0 549.2 509.957 300 94
0 549.2 510.097 300 94
0 549.2 510.239 300 94
0 549.2 510.375 300 94
0 549.2 510.516 300 94
0 549.2 510.65 300 94
0 549.2 510.789 300 94
0 549.2 510.958 300 94
0 549.2 511.119 300 94
0 549.2 511.273 300 94
0 549.2 511.443 300 94
0 549.2 511.562 300 94
0 549.2 511.699 300 94
0 549.2 511.869 300 94
0 549.2 512.067 300 94
0 549.2 512.212 300 94
0 549.2 512.328 300 94
0 549.2 512.483 300 94
0 549.2 512.611 300 94
0 549.2 512.744 300 94
0 549.2 513.034 300 94
0 549.2 513.191 300 94
0 549.2 513.368 300 94
0 549.2 513.494 300 94
0 549.2 513.675 300 94
0 549.2 513.805 300 94
0 549.2 513.914 300 94
0 549.2 514.097 300 94
0 549.2 514.232 300 94
0 549.2 514.403 300 94
0 549.2 514.611 300 94
0 549.2 514.751 300 94
0 549.2 514.883 300 94
0 549.2 515.176 300 94
0 549.2 515.338 300 94
0 549.2 515.653 300 94
0 549.2 515.767 300 94
0 549.2 515.969 300 94
0 549.2 516.096 300 94
0 549.2 516.27 300 94
0 549.2 516.354 300 94
0 549.2 516.438 300 94
0 549.2 516.671 300 94
0 549.2 516.794 300 94
0 549.2 516.93 300 94
0 549.2 517.06 300 94
0 549.2 517.193 300 94
0 549.2 517.355 300 94
0 549.2 517.51 300 94
0 549.2 517.651 300 94
0 549.2 517.761 300 94
0 549.2 517.907 300 94
0 549.2 518.098 300 94
0 549.2 518.301 300 94
0 549.2 518.471 300 94
0 549.2 518.651 300 94
0 549.2 518.846 300 94
0 549.2 518.979 300 94
0 549.2 519.149 300 94
0 549.2 519.329 300 94
0 549.2 519.437 300 94
0 549.2 519.583 300 94
0 549.2 519.722 300 94
0 549.2 519.869 300 94
0 549.2 519.983 300 94
0 549.2 520.203 300 94
0 549.2 520.348 300 94
0 549.2 520.469 300 94
0 549.2 520.61 300 94
0 549.2 520.734 300 94
0 549.2 520.885 300 94
0 549.2 521.057 300 94
0 549.2 521.184 300 94
0 549.2 521.344 300 94
0 549.2 521.476 300 94
0 549.2 521.597 300 94
0 549.2 521.759 300 94
0 549.2 521.939 300 94
0 549.2 522.099 300 94
0 549.2 522.221 300 94
0 549.2 522.414 300 94
0 549.2 522.663 300 94
0 549.2 522.744 300 94
0 549.2 522.888 300 94
0 549.2 523.011 300 94
0 549.2 523.215 300 94
0 549.2 523.339 300 94
0 549.2 523.466 300 94
0 549.2 523.602 300 94
0 549.2 523.818 300 94
0 549.2 523.948 300 94
0 549.2 524.077 300 94
0 549.2 524.202 300 94
0 549.2 524.342 300 94
0 549.2 524.475 300 94
0 549.2 524.562 300 94
0 549.2 524.771 300 94
0 549.2 524.895 300 94
0 549.2 525.022 300 94
0 549.2 525.184 300 94
0 549.2 525.347 300 94
0 549.2 525.473 300 94
0 549.2 525.597 300 94
0 549.2 525.725 300 94
0 549.2 525.851 300 94
0 549.2 525.936 300 94
0 549.2 526.113 300 94
0 549.2 526.236 300 94
0 549.2 526.403 300 94
0 549.2 526.546 300 94
0 549.2 526.67 300 94
0 549.2 526.794 300 94
0 549.2 526.944 300 94
0 549.2 527.085 300 94
0 549.2 527.231 300 94
0 549.2 527.376 300 94
0 549.2 527.545 300 94
0 549.2 527.75 300 94
0 549.2 527.875 300 94
0 549.2 527.974 300 94
0 549.2 528.16 300 94
0 549.2 528.308 300 94
0 549.2 528.445 300 94
0 549.2 528.625 300 94
0 549.2 528.812 300 94
0 549.2 528.944 300 94
0 549.2 529.12 300 94
0 549.2 529.272 300 94
0 549.2 529.468 300 94
0 549.2 529.603 300 94
0 549.2 529.783 300 94
0 549.2 529.93 300 94
0 549.2 530.075 300 94
0 549.2 530.249 300 94
0 549.2 530.39 300 94
0 549.2 530.535 300 94
0 549.2 530.659 300 94
0 549.2 530.787 300 94
0 549.2 530.919 300 94
0 549.2 531.098 300 94
0 549.2 531.245 300 94
0 549.2 531.378 300 94
0 549.2 531.544 300 94
0 549.2 531.688 300 94
0 549.2 531.871 300 94
0 549.2 531.995 300 94
0 549.2 532.213 300 94
0 549.2 532.355 300 94
0 549.2 532.538 300 94
0 549.2 532.68 300 94
0 549.2 532.868 300 94
0 549.2 533.032 300 94
0 549.2 533.165 300 94
0 549.2 533.288 300 94
0 549.2 533.492 300 94
0 549.2 533.625 300 94
0 549.2 533.788 300 94
0 549.2 533.92 300 94
0 549.2 534.05 300 94
0 549.2 534.208 300 94
0 549.2 534.328 300 94
0 549.2 534.458 300 94
0 549.2 534.658 300 94
0 549.2 534.782 300 94
0 549.2 534.931 300 94
0 549.2 535.08 300 94
0 549.2 535.309 300 94
0 549.2 535.426 300 94
0 549.2 535.559 300 94
0 549.2 535.779 300 94
0 549.2 535.904 300 94
0 549.2 536.042 300 94
0 549.2 536.172 300 94
0 549.2 536.322 300 94
0 549.2 536.498 300 94
0 549.2 536.629 300 94
0 549.2 536.81 300 94
0 549.2 536.95 300 94
0 549.2 537.103 300 94
0 549.2 537.228 300 94
0 549.2 537.312 300 94
0 549.2 537.445 300 94
0 549.2 537.566 300 94
0 549.2 537.75 300 94
0 549.2 537.889 300 94
0 549.2 538.075 300 94
0 549.2 538.222 300 94
0 549.2 538.358 300 94
0 549.2 538.446 300 94
0 549.2 538.579 300 94
0 549.2 538.701 300 94
0 549.2 538.829 300 94
0 549.2 538.968 300 94
0 549.2 539.225 300 94
0 549.2 539.36 300 94
0 549.2 539.543 300 94
0 549.2 539.688 300 94
0 549.2 539.806 300 94
0 549.2 539.941 300 94
0 549.2 540.08 300 94
0 549.2 540.213 300 94
0 549.2 540.421 300 94
0 549.2 540.636 300 94
0 549.2 540.768 300 94
0 549.2 540.933 300 94
0 549.2 541.048 300 94
0 549.2 541.194 300 94
0 549.2 541.328 300 94
0 549.2 541.471 300 94
0 549.2 541.692 300 94
0 549.2 541.866 300 94
0 549.2 541.995 300 94
0 549.2 542.135 300 94
0 549.2 542.316 300 94
0 549.2 542.439 300 94
0 549.2 542.567 300 94
0 549.2 542.779 300 94
0 549.2 542.911 300 94
0 549.2 543.056 300 94
0 549.2 543.287 300 94
0 549.2 543.422 300 94
0 549.2 543.564 300 94
0 549.2 543.694 300 94
0 549.2 543.845 300 94
0 549.2 543.992 300 94
0 549.2 544.113 300 94
0 549.2 544.25 300 94
0 549.2 544.382 300 94
0 549.2 544.574 300 94
0 549.2 544.704 300 94
0 549.2 544.833 300 94
0 549.2 544.955 300 94
0 549.2 545.132 300 94
0 549.2 545.267 300 94
0 549.2 545.399 300 94
0 549.2 545.534 300 94
0 549.2 545.696 300 94
0 549.2 545.824 300 94
0 549.2 545.974 300 94
0 549.2 546.116 300 94
0 549.2 546.265 300 94
0 549.2 546.368 300 94
0 549.2 546.489 300 94
0 549.2 546.621 300 94
0 549.2 546.709 300 94
0 549.2 546.851 300 94
0 549.2 547.072 300 94
0 549.2 547.199 300 94
0 549.2 547.332 300 94
0 549.2 547.457 300 94
0 549.2 547.629 300 94
0 549.2 547.77 300 94
0 549.2 547.868 300 94
0 549.2 548.058 300 94
0 549.2 548.188 300 94
0 549.2 548.322 300 94
0 549.2 548.496 300 94
0 549.2 548.63 300 94
0 549.2 548.766 300 94
0 549.2 548.907 300 94
0 549.2 549.117 300 94
0 549.2 549.287 300 94
0 549.2 549.466 300 94
0 549.2 549.609 300 94
0 549.2 549.881 300 94
0 549.2 550.01 300 94
0 549.2 550.227 300 94
0 549.2 550.407 300 94
0 549.2 550.528 300 94
0 549.2 550.667 300 94
0 549.2 550.754 300 94
0 549.2 550.942 300 94
0 549.2 551.073 300 94
0 549.2 551.208 300 94
0 549.2 551.352 300 94
0 549.2 551.484 300 94
0 549.2 551.612 300 94
0 549.2 551.775 300 94
0 549.2 551.936 300 94
0 549.2 552.06 300 94
0 549.2 552.188 300 94
0 549.2 552.371 300 94
0 549.2 552.569 300 94
0 549.2 552.719 300 94
0 549.2 552.893 300 94
0 549.2 553.034 300 94
0 549.2 553.225 300 94
0 549.2 553.347 300 94
0 549.2 553.48 300 94
0 549.2 553.62 300 94
0 549.2 553.781 300 94
0 549.2 553.916 300 94
0 549.2 554.049 300 94
0 549.2 554.191 300 94
0 549.2 554.268 300 94
0 549.2 554.41 300 94
0 549.2 554.54 300 94
0 549.2 554.692 300 94
0 549.2 554.829 300 94
0 549.2 554.961 300 94
0 549.2 555.085 300 94
0 549.2 555.225 300 94
0 549.2 555.35 300 94
0 549.2 555.483 300 94
0 549.2 555.655 300 94
0 549.2 555.79 300 94
0 549.2 555.925 300 94
0 549.2 556.211 300 94
0 549.2 556.336 300 94
0 549.2 556.509 300 94
0 549.2 556.648 300 94
0 549.2 556.738 300 94
0 549.2 556.98 300 94
0 549.2 557.117 300 94
0 549.2 557.234 300 94
0 549.2 557.396 300 94
0 549.2 557.518 300 94
0 549.2 557.652 300 94
0 549.2 557.79 300 94
0 549.2 557.927 300 94
0 549.2 558.125 300 94
0 549.2 558.254 300 94
0 549.2 558.374 300 94
0 549.2 558.461 300 94
0 549.2 558.597 300 94
0 549.2 558.716 300 94
0 549.2 558.881 300 94
0 549.2 559.023 300 94
0 549.2 559.154 300 94
0 549.2 559.425 300 94
0 549.2 559.624 300 94
0 549.2 559.838 300 94
0 549.2 559.974 300 94
0 549.2 560.1 300 94
0 549.2 560.246 300 94
0 549.2 560.376 300 94
0 549.2 560.495 300 94
0 549.2 560.662 300 94
0 549.2 560.786 300 94
0 549.2 560.913 300 94
0 549.2 561.114 300 94
0 549.2 561.246 300 94
0 549.2 561.326 300 94
0 549.2 561.399 300 94
0 549.2 561.513 300 94
0 549.2 561.635 300 94
0 549.2 561.751 300 94
0 549.2 561.9 300 94
0 549.2 561.987 300 94
0 549.2 562.106 300 94
0 549.2 562.238 300 94
0 549.2 562.368 300 94
0 549.2 562.517 300 94
0 549.2 562.628 300 94
0 549.2 562.747 300 94
0 549.2 562.955 300 94
0 549.2 563.159 300 94
0 549.2 563.3 300 94
0 549.2 563.425 300 94
0 549.2 563.567 300 94
0 549.2 563.683 300 94
0 549.2 563.806 300 94
0 549.2 563.922 300 94
0 549.2 564.078 300 94
0 549.2 564.3 300 94
0 549.2 564.391 300 94
0 549.2 564.475 300 94
0 549.2 564.552 300 94
0 549.2 564.675 300 94
0 549.2 564.755 300 94
0 549.2 564.908 300 94
0 549.2 565.035 300 94
0 549.2 565.162 300 94
0 549.2 565.288 300 94
0 549.2 565.425 300 94
0 549.2 565.547 300 94
0 549.2 565.679 300 94
0 549.2 565.815 300 94
0 549.2 565.944 300 94
0 549.2 566.133 300 94
0 549.2 566.353 300 94
0 549.2 566.52 300 94
0 549.2 566.614 300 94
0 549.2 566.739 300 94
0 549.2 566.876 300 94
0 549.2 567.296 300 94
0 549.2 567.499 300 94
0 549.2 567.638 300 94
0 549.2 567.765 300 94
0 549.2 567.902 300 94
0 549.2 568.117 300 94
0 549.2 568.329 300 94
0 549.2 568.492 300 94
0 549.2 568.66 300 94
0 549.2 568.783 300 94
0 549.2 568.954 300 94
0 549.2 569.078 300 94
0 549.2 569.2 300 94
0 549.2 569.328 300 94
0 549.2 569.46 300 94
0 549.2 569.619 300 94
0 549.2 569.746 300 94
0 549.2 569.929 300 94
0 549.2 570.062 300 94
0 549.2 570.188 300 94
0 549.2 570.322 300 94
0 549.2 570.457 300 94
0 549.2 570.586 300 94
0 549.2 570.75 300 94
0 549.2 570.894 300 94
0 549.2 571.021 300 94
0 549.2 571.163 300 94
0 549.2 571.37 300 94
0 549.2 571.494 300 94
0 549.2 571.635 300 94
0 549.2 571.772 300 94
0 549.2 571.9 300 94
0 549.2 572.083 300 94
0 549.2 572.204 300 94
0 549.2 572.377 300 94
0 549.2 572.508 300 94
0 549.2 572.678 300 94
0 549.2 572.808 300 94
0 549.2 572.94 300 94
0 549.2 573.064 300 94
0 549.2 573.228 300 94
0 549.2 573.358 300 94
0 549.2 573.493 300 94
0 549.2 573.577 300 94
0 549.2 573.706 300 94
0 549.2 573.896 300 94
0 549.2 574.056 300 94
0 549.2 574.184 300 94
0 549.2 574.407 300 94
0 549.2 574.632 300 94
0 549.2 574.77 300 94
0 549.2 574.965 300 94
0 549.2 575.09 300 94
0 549.2 575.255 300 94
0 549.2 575.473 300 94
0 549.2 575.619 300 94
0 549.2 575.753 300 94
0 549.2 575.875 300 94
0 549.2 576.053 300 94
0 549.2 576.262 300 94
0 549.2 576.386 300 94
0 549.2 576.532 300 94
0 549.2 576.664 300 94
0 549.2 576.87 300 94
0 549.2 577.031 300 94
0 549.2 577.193 300 94
0 549.2 577.357 300 94
0 549.2 577.497 300 94
0 549.2 577.633 300 94
0 549.2 577.767 300 94
0 549.2 577.897 300 94
0 549.2 578.074 300 94
0 549.2 578.256 300 94
0 549.2 578.379 300 94
0 549.2 578.512 300 94
0 549.2 578.646 300 94
0 549.2 578.742 300 94
0 549.2 578.915 300 94
0 549.2 579.072 300 94
0 549.2 579.208 300 94
0 549.2 579.464 300 94
0 549.2 579.598 300 94
0 549.2 579.794 300 94
0 549.2 579.923 300 94
0 549.2 580.051 300 94
0 549.2 580.309 300 94
0 549.2 580.475 300 94
0 549.2 580.594 300 94
0 549.2 580.765 300 94
0 549.2 580.843 300 94
0 549.2 580.963 300 94
0 549.2 581.115 300 94
0 549.2 581.233 300 94
0 549.2 581.357 300 94
0 549.2 581.533 300 94
0 549.2 581.664 300 94
0 549.2 581.759 300 94
0 549.2 581.874 300 94
0 549.2 582.001 300 94
0 549.2 582.186 300 94
0 549.2 582.359 300 94
0 549.2 582.494 300 94
0 549.2 582.618 300 94
0 549.2 582.814 300 94
0 549.2 582.948 300 94
0 549.2 583.078 300 94
0 549.2 583.208 300 94
0 549.2 583.341 300 94
0 549.2 583.539 300 94
0 549.2 583.644 300 94
0 549.2 583.806 300 94
0 549.2 583.93 300 94
0 549.2 584.114 300 94
0 549.2 584.26 300 94
0 549.2 584.385 300 94
0 549.2 584.518 300 94
0 549.2 584.632 300 94
0 549.2 584.757 300 94
0 549.2 584.905 300 94
0 549.2 585.034 300 94
0 549.2 585.166 300 94
0 549.2 585.438 300 94
0 549.2 585.57 300 94
0 549.2 585.682 300 94
0 549.2 585.813 300 94
0 549.2 585.944 300 94
0 549.2 586.073 300 94
0 549.2 586.197 300 94
0 549.2 586.328 300 94
0 549.2 586.45 300 94
0 549.2 586.593 300 94
0 549.2 586.735 300 94
0 549.2 586.874 300 94
0 549.2 587.024 300 94
0 549.2 587.168 300 94
0 549.2 587.293 300 94
0 549.2 587.438 300 94
0 549.2 587.597 300 94
0 549.2 587.719 300 94
0 549.2 587.85 300 94
0 549.2 587.986 300 94
0 549.2 588.104 300 94
0 549.2 588.236 300 94
0 549.2 588.371 300 94
0 549.2 588.459 300 94
0 549.2 588.59 300 94
0 549.2 588.761 300 94
0 549.2 588.931 300 94
0 549.2 589.051 300 94
0 549.2 589.186 300 94
0 549.2 589.302 300 94
0 549.2 589.42 300 94
0 549.2 589.55 300 94
0 549.2 589.678 300 94
0 549.2 589.804 300 94
0 549.2 589.982 300 94
0 549.2 590.2 300 94
0 549.2 590.365 300 94
0 549.2 590.518 300 94
0 549.2 590.666 300 94
0 549.2 590.791 300 94
0 549.2 590.929 300 94
0 549.2 591.115 300 94
0 549.2 591.252 300 94
0 549.2 591.389 300 94
0 549.2 591.508 300 94
0 549.2 591.661 300 94
0 549.2 591.836 300 94
0 549.2 591.972 300 94
0 549.2 592.092 300 94
0 549.2 592.222 300 94
0 549.2 592.388 300 94
0 549.2 592.53 300 94
0 549.2 592.62 300 94
0 549.2 592.812 300 94
0 549.2 592.938 300 94
0 549.2 593.075 300 94
0 549.2 593.21 300 94
0 549.2 593.341 300 94
0 549.2 593.461 300 94
0 549.2 593.581 300 94
0 549.2 593.704 300 94
0 549.2 593.882 300 94
0 549.2 593.998 300 94
0 549.2 594.123 300 94
0 549.2 594.248 300 94
0 549.2 594.394 300 94
0 549.2 594.609 300 94
0 549.2 594.747 300 94
0 549.2 594.867 300 94
0 549.2 595.001 300 94
0 549.2 595.137 300 94
0 549.2 595.303 300 94
0 549.2 595.429 300 94
0 549.2 595.529 300 94
0 549.2 595.653 300 94
0 549.2 595.854 300 94
0 549.2 595.982 300 94
0 549.2 596.152 300 94
0 549.2 596.438 300 94
0 549.2 596.584 300 94
0 549.2 596.712 300 94
0 549.2 596.847 300 94
0 549.2 596.968 300 94
0 549.2 597.088 300 94
0 549.2 597.241 300 94
0 549.2 597.374 300 94
0 549.2 597.567 300 94
0 549.2 597.734 300 94
0 549.2 597.969 300 94
0 549.2 598.063 300 94
0 549.2 598.194 300 94
0 549.2 598.373 300 94
0 549.2 598.537 300 94
0 549.2 598.687 300 94
0 549.2 598.866 300 94
0 549.2 598.995 300 94
0 549.2 599.124 300 94
0 549.2 599.217 300 94
0 549.2 599.394 300 94
0 549.2 599.55 300 94
0 549.2 599.728 300 94
0 549.2 599.919 300 94
0 549.2 600.062 300 94
0 549.2 600.244 300 94
0 549.2 600.5 300 94
0 549.2 600.675 300 94
0 549.2 600.882 300 94
0 549.2 601.009 300 94
0 549.2 601.141 300 94
0 549.2 601.291 300 94
0 549.2 601.434 300 94
0 549.2 601.57 300 94
0 549.2 601.744 300 94
0 549.2 601.883 300 94
0 549.2 602.019 300 94
0 549.2 602.169 300 94
0 549.2 602.311 300 94
0 549.2 602.456 300 94
0 549.2 602.576 300 94
0 549.2 602.72 300 94
0 549.2 602.852 300 94
0 549.2 603.045 300 94
0 549.2 603.252 300 94
0 549.2 603.393 300 94
0 549.2 603.537 300 94
0 549.2 603.71 300 94
0 549.2 603.854 300 94
0 549.2 604.004 300 94
0 549.2 604.121 300 94
0 549.2 604.301 300 94
0 549.2 604.426 300 94
0 549.2 604.552 300 94
0 549.2 604.718 300 94
0 549.2 604.897 300 94
0 549.2 605.04 300 94
0 549.2 605.182 300 94
0 549.2 605.315 300 94
0 549.2 605.436 300 94
0 549.2 605.667 300 94
0 549.2 605.758 300 94
0 549.2 605.946 300 94
0 549.2 606.034 300 94
0 549.2 606.164 300 94
0 549.2 606.354 300 94
0 549.2 606.502 300 94
0 549.2 606.647 300 94
0 549.2 606.78 300 94
0 549.2 607.019 300 94
0 549.2 607.163 300 94
0 549.2 607.337 300 94
0 549.2 607.477 300 94
0 549.2 607.636 300 94
0 549.2 607.778 300 94
0 549.2 607.911 300 94
0 549.2 608.049 300 94
0 549.2 608.183 300 94
0 549.2 608.326 300 94
0 549.2 608.441 300 94
0 549.2 608.58 300 94
0 549.2 608.707 300 94
0 549.2 608.902 300 94
0 549.2 609.022 300 94
0 549.2 609.173 300 94
0 549.2 609.323 300 94
0 549.2 609.521 300 94
0 549.2 609.648 300 94
0 549.2 609.788 300 94
0 549.2 609.966 300 94
0 549.2 610.093 300 94
0 549.2 610.308 300 94
0 549.2 610.395 300 94
0 549.2 610.571 300 94
0 549.2 610.776 300 94
0 549.2 610.897 300 94
0 549.2 611.037 300 94
0 549.2 611.233 300 94
0 549.2 611.413 300 94
0 549.2 611.513 300 94
0 549.2 611.65 300 94
0 549.2 611.841 300 94
0 549.2 611.975 300 94
0 549.2 612.114 300 94
0 549.2 612.326 300 94
0 549.2 612.451 300 94
0 549.2 612.613 300 94
0 549.2 612.836 300 94
0 549.2 612.937 300 94
0 549.2 613.067 300 94
0 549.2 613.201 300 94
0 549.2 613.376 300 94
0 549.2 613.526 300 94
0 549.2 613.692 300 94
0 549.2 613.836 300 94
0 549.2 614.027 300 94
0 549.2 614.208 300 94
0 549.2 614.348 300 94
0 549.2 614.519 300 94
0 549.2 614.662 300 94
0 549.2 614.79 300 94
0 549.2 614.931 300 94
0 549.2 615.069 300 94
0 549.2 615.211 300 94
0 549.2 615.338 300 94
0 549.2 615.489 300 94
0 549.2 615.629 300 94
0 549.2 615.736 300 94
0 549.2 615.868 300 94
0 549.2 616.036 300 94
0 549.2 616.28 300 94
0 549.2 616.405 300 94
0 549.2 616.545 300 94
0 549.2 616.681 300 94
0 549.2 616.823 300 94
0 549.2 616.946 300 94
0 549.2 617.111 300 94
0 549.2 617.293 300 94
0 549.2 617.426 300 94
0 549.2 617.509 300 94
0 549.2 617.641 300 94
0 549.2 617.771 300 94
0 549.2 618.02 300 94
0 549.2 618.229 300 94
0 549.2 618.363 300 94
0 549.2 618.496 300 94
0 549.2 618.649 300 94
0 549.2 618.779 300 94
0 549.2 618.912 300 94
0 549.2 619.048 300 94
0 549.2 619.149 300 94
0 549.2 619.284 300 94
0 549.2 619.41 300 94
0 549.2 619.587 300 94
0 549.2 619.723 300 94
0 549.2 619.939 300 94
0 549.2 620.095 300 94
0 549.2 620.222 300 94
0 549.2 620.361 300 94
0 549.2 620.583 300 94
0 549.2 620.706 300 94
0 549.2 620.889 300 94
0 549.2 621.024 300 94
0 549.2 621.208 300 94
0 549.2 621.354 300 94
0 549.2 621.49 300 94
0 549.2 621.632 300 94
0 549.2 621.809 300 94
0 549.2 621.952 300 94
0 549.2 622.084 300 94
0 549.2 622.222 300 94
0 549.2 622.387 300 94
0 549.2 622.525 300 94
0 549.2 622.655 300 94
0 549.2 622.802 300 94
0 549.2 622.973 300 94
0 549.2 623.117 300 94
0 549.2 623.33 300 94
0 549.2 623.42 300 94
0 549.2 623.531 300 94
0 549.2 623.613 300 94
0 549.2 623.725 300 94
0 549.2 623.852 300 94
0 549.2 623.946 300 94
0 549.2 624.041 300 94
0 549.2 624.126 300 94
0 549.2 624.245 300 94
0 549.2 624.349 300 94
0 549.2 624.436 300 94
0 549.2 624.534 300 94
0 549.2 624.623 300 94
0 549.2 624.722 300 94
0 549.2 624.808 300 94
0 549.2 624.9 300 94
0 549.2 624.995 300 94
0 549.2 625.124 300 94
0 549.2 625.208 300 94
0 549.2 625.271 300 94
0 549.2 625.417 300 94
0 549.2 625.507 300 94
0 549.2 625.581 300 94
0 549.2 625.729 300 94
0 549.2 625.842 300 94
0 549.2 626.027 300 94
0 549.2 626.148 300 94
0 549.2 626.42 300 94
0 549.2 626.629 300 94
0 549.2 626.794 300 94
0 549.2 626.952 300 94
0 549.2 627.082 300 94
0 549.2 627.253 300 94
0 549.2 627.391 300 94
0 549.2 627.543 300 94
0 549.2 627.637 300 94
0 549.2 627.773 300 94
0 549.2 627.946 300 94
0 549.2 628.101 300 94
0 549.2 628.274 300 94
0 549.2 628.389 300 94
0 549.2 628.569 300 94
0 549.2 628.808 300 94
0 549.2 628.938 300 94
0 549.2 629.053 300 94
0 549.2 629.182 300 94
0 549.2 629.315 300 94
0 549.2 629.453 300 94
0 549.2 629.586 300 94
0 549.2 629.726 300 94
0 549.2 629.869 300 94
0 549.2 630.117 300 94
0 549.2 630.247 300 94
0 549.2 630.45 300 94
0 549.2 630.593 300 94
0 549.2 630.73 300 94
0 549.2 630.881 300 94
0 549.2 631.087 300 94
0 549.2 631.296 300 94
0 549.2 631.429 300 94
0 549.2 631.546 300 94
0 549.2 631.692 300 94
0 549.2 631.876 300 94
0 549.2 632.105 300 94
0 549.2 632.231 300 94
0 549.2 632.402 300 94
0 549.2 632.526 300 94
0 549.2 632.662 300 94
0 549.2 632.801 300 94
0 549.2 633 300 94
0 549.2 633.195 300 94
0 549.2 633.342 300 94
0 549.2 633.561 300 94
0 549.2 633.673 300 94
0 549.2 633.808 300 94
0 549.2 633.966 300 94
0 549.2 634.104 300 94
0 549.2 634.22 300 94
0 549.2 634.352 300 94
0 549.2 634.491 300 94
0 549.2 634.63 300 94
0 549.2 634.768 300 94
0 549.2 634.907 300 94
0 549.2 635.031 300 94
0 549.2 635.18 300 94
0 549.2 635.302 300 94
0 549.2 635.443 300 94
0 549.2 635.587 300 94
0 549.2 635.743 300 94
0 549.2 635.862 300 94
0 549.2 635.996 300 94
0 549.2 636.141 300 94
0 549.2 636.284 300 94
0 549.2 636.432 300 94
0 549.2 636.66 300 94
0 549.2 636.801 300 94
0 549.2 637.073 300 94
0 549.2 637.217 300 94
0 549.2 637.376 300 94
0 549.2 637.521 300 94
0 549.2 637.663 300 94
0 549.2 637.86 300 94
0 549.2 637.995 300 94
0 549.2 638.137 300 94
0 549.2 638.259 300 94
0 549.2 638.391 300 94
0 549.2 638.528 300 94
0 549.2 638.652 300 94
0 549.2 638.8 300 94
0 549.2 639.16 300 94
0 549.2 639.286 300 94
0 549.2 639.467 300 94
0 549.2 639.572 300 94
0 549.2 639.786 300 94
0 549.2 639.921 300 94
0 549.2 640.066 300 94
0 549.2 640.246 300 94
0 549.2 640.422 300 94
0 549.2 640.607 300 94
0 549.2 640.734 300 94
0 549.2 640.861 300 94
0 549.2 641.05 300 94
0 549.2 641.18 300 94
0 549.2 641.398 300 94
0 549.2 641.532 300 94
0 549.2 641.672 300 94
0 549.2 641.863 300 94
0 549.2 641.984 300 94
0 549.2 642.194 300 94
0 549.2 642.32 300 94
0 549.2 642.447 300 94
0 549.2 642.584 300 94
0 549.2 642.725 300 94
0 549.2 642.858 300 94
0 549.2 642.988 300 94
0 549.2 643.079 300 94
0 549.2 643.214 300 94
0 549.2 643.289 300 94
0 549.2 643.415 300 94
0 549.2 643.552 300 94
0 549.2 643.701 300 94
0 549.2 643.829 300 94
0 549.2 643.973 300 94
0 549.2 644.151 300 94
0 549.2 644.303 300 94
0 549.2 644.439 300 94
0 549.2 644.611 300 94
0 549.2 644.757 300 94
0 549.2 644.933 300 94
0 549.2 645.101 300 94
0 549.2 645.227 300 94
0 549.2 645.38 300 94
0 549.2 645.48 300 94
0 549.2 645.611 300 94
0 549.2 645.742 300 94
0 549.2 645.908 300 94
0 549.2 646.043 300 94
0 549.2 646.141 300 94
0 549.2 646.265 300 94
0 549.2 646.36 300 94
0 549.2 646.492 300 94
0 549.2 646.578 300 94
0 549.2 646.665 300 94
0 549.2 646.768 300 94
0 549.2 646.865 300 94
0 549.2 646.956 300 94
0 549.2 647.055 300 94
0 549.2 647.148 300 94
0 549.2 647.238 300 94
0 549.2 647.323 300 94
0 549.2 647.41 300 94
0 549.2 647.504 300 94
0 549.2 647.63 300 94
0 549.2 647.766 300 94
0 549.2 648.001 300 94
0 549.2 648.123 300 94
0 549.2 648.25 300 94
0 549.2 648.39 300 94
0 549.2 648.594 300 94
0 549.2 648.732 300 94
0 549.2 648.853 300 94
0 549.2 648.99 300 94
0 549.2 649.117 300 94
0 549.2 649.289 300 94
0 549.2 649.409 300 94
0 549.2 649.574 300 94
0 549.2 649.719 300 94
0 549.2 649.854 300 94
0 549.2 650.05 300 94
0 549.2 650.256 300 94
0 549.2 650.504 300 94
0 549.2 650.707 300 94
0 549.2 650.872 300 94
0 549.2 650.996 300 94
0 549.2 651.117 300 94
0 549.2 651.294 300 94
0 549.2 651.45 300 94
0 549.2 651.661 300 94
0 549.2 651.808 300 94
0 549.2 651.988 300 94
0 549.2 652.121 300 94
0 549.2 652.245 300 94
0 549.2 652.372 300 94
0 549.2 652.465 300 94
0 549.2 652.573 300 94
0 549.2 652.733 300 94
0 549.2 652.865 300 94
0 549.2 653.037 300 94
0 549.2 653.173 300 94
0 549.2 653.382 300 94
0 549.2 653.518 300 94
0 549.2 653.646 300 94
0 549.2 653.808 300 94
0 549.2 653.923 300 94
0 549.2 654.108 300 94
0 549.2 654.236 300 94
0 549.2 654.383 300 94
0 549.2 654.529 300 94
0 549.2 654.711 300 94
0 549.2 654.838 300 94
0 549.2 654.971 300 94
0 549.2 655.111 300 94
0 549.2 655.236 300 94
0 549.2 655.36 300 94
0 549.2 655.579 300 94
0 549.2 655.735 300 94
0 549.2 655.855 300 94
0 549.2 656.018 300 94
0 549.2 656.095 300 94
0 549.2 656.268 300 94
0 549.2 656.431 300 94
0 549.2 656.556 300 94
0 549.2 656.726 300 94
0 549.2 656.868 300 94
0 549.2 656.981 300 94
0 549.2 657.113 300 94
0 549.2 657.253 300 94
0 549.2 657.375 300 94
0 549.2 657.598 300 94
0 549.2 657.714 300 94
0 549.2 657.973 300 94
0 549.2 658.08 300 94
0 549.2 658.189 300 94
0 549.2 658.391 300 94
0 549.2 658.527 300 94
0 549.2 658.653 300 94
0 549.2 658.778 300 94
0 549.2 658.904 300 94
0 549.2 659.023 300 94
0 549.2 659.159 300 94
0 549.2 659.289 300 94
0 549.2 659.423 300 94
0 549.2 659.522 300 94
0 549.2 659.6 300 94
0 549.2 659.693 300 94
0 549.2 659.82 300 94
0 549.2 659.873 300 94
0 549.2 659.97 300 94
0 549.2 660.098 300 94
0 549.2 660.186 300 94
0 549.2 660.275 300 94
0 549.2 660.396 300 94
0 549.2 660.502 300 94
0 549.2 660.58 300 94
0 549.2 660.666 300 94
0 549.2 660.742 300 94
0 549.2 660.885 300 94
0 549.2 660.982 300 94
0 549.2 661.07 300 94
0 549.2 661.167 300 94
0 549.2 661.354 300 94
0 549.2 661.443 300 94
0 549.2 661.53 300 94
0 549.2 661.626 300 94
0 549.2 661.755 300 94
0 549.2 661.841 300 94
0 549.2 661.935 300 94
0 549.2 661.999 300 94
0 549.2 662.095 300 94
0 549.2 662.184 300 94
0 549.2 662.271 300 94
0 549.2 662.356 300 94
0 549.2 662.448 300 94
0 549.2 662.552 300 94
0 549.2 662.637 300 94
0 549.2 662.725 300 94
0 549.2 662.889 300 94
0 549.2 662.977 300 94
0 549.2 663.063 300 94
0 549.2 663.141 300 94
0 549.2 663.229 300 94
0 549.2 663.338 300 94
0 549.2 663.423 300 94
0 549.2 663.546 300 94
0 549.2 663.633 300 94
0 549.2 663.78 300 94
0 549.2 663.874 300 94
0 549.2 663.935 300 94
0 549.2 664.034 300 94
0 549.2 664.123 300 94
0 549.2 664.216 300 94
0 549.2 664.301 300 94
0 549.2 664.385 300 94
0 549.2 664.518 300 94
0 549.2 664.665 300 94
0 549.2 664.805 300 94
0 549.2 664.921 300 94
0 549.2 665.041 300 94
0 549.2 665.24 300 94
0 549.2 665.373 300 94
0 549.2 665.499 300 94
0 549.2 665.63 300 94
0 549.2 665.76 300 94
0 549.2 665.881 300 94
0 549.2 665.973 300 94
0 549.2 666.137 300 94
0 549.2 666.219 300 94
0 549.2 666.363 300 94
0 549.2 666.501 300 94
0 549.2 666.62 300 94
0 549.2 666.765 300 94
0 549.2 666.895 300 94
0 549.2 667.026 300 94
0 549.2 667.217 300 94
0 549.2 667.36 300 94
0 549.2 667.541 300 94
0 549.2 667.687 300 94
0 549.2 667.834 300 94
0 549.2 667.981 300 94
0 549.2 668.109 300 94
0 549.2 668.286 300 94
0 549.2 668.405 300 94
0 549.2 668.54 300 94
0 549.2 668.725 300 94
0 549.2 668.869 300 94
0 549.2 669.081 300 94
0 549.2 669.291 300 94
0 549.2 669.467 300 94
0 549.2 669.605 300 94
0 549.2 669.726 300 94
0 549.2 669.867 300 94
0 549.2 669.95 300 94
0 549.2 670.198 300 94
0 549.2 670.359 300 94
0 549.2 670.522 300 94
0 549.2 670.747 300 94
0 549.2 670.882 300 94
0 549.2 670.978 300 94
0 549.2 671.114 300 94
0 549.2 671.318 300 94
0 549.2 671.451 300 94
0 549.2 671.596 300 94
0 549.2 671.69 300 94
0 549.2 671.86 300 94
0 549.2 672.003 300 94
0 549.2 672.127 300 94
0 549.2 672.255 300 94
0 549.2 672.396 300 94
0 549.2 672.515 300 94
0 549.2 672.719 300 94
0 549.2 672.884 300 94
0 549.2 673.129 300 94
0 549.2 673.296 300 94
0 549.2 673.432 300 94
0 549.2 673.567 300 94
0 549.2 673.722 300 94
0 549.2 673.883 300 94
0 549.2 674.057 300 94
0 549.2 674.183 300 94
0 549.2 674.321 300 94
0 549.2 674.405 300 94
0 549.2 674.513 300 94
0 549.2 674.654 300 94
0 549.2 674.779 300 94
0 549.2 674.944 300 94
0 549.2 675.073 300 94
0 549.2 675.198 300 94
0 549.2 675.408 300 94
0 549.2 675.553 300 94
0 549.2 675.683 300 94
0 549.2 675.822 300 94
0 549.2 676.012 300 94
0 549.2 676.158 300 94
0 549.2 676.354 300 94
0 549.2 676.518 300 94
0 549.2 676.648 300 94
0 549.2 676.815 300 94
0 549.2 676.958 300 94
0 549.2 677.152 300 94
0 549.2 677.289 300 94
0 549.2 677.466 300 94
0 549.2 677.697 300 94
0 549.2 677.87 300 94
0 549.2 678.007 300 94
0 549.2 678.169 300 94
0 549.2 678.482 300 94
0 549.2 678.664 300 94
0 549.2 678.834 300 94
0 549.2 678.921 300 94
0 549.2 679.09 300 94
0 549.2 679.261 300 94
0 549.2 679.484 300 94
0 549.2 679.719 300 94
0 549.2 679.849 300 94
0 549.2 679.977 300 94
0 549.2 680.104 300 94
0 549.2 680.228 300 94
0 549.2 680.444 300 94
0 549.2 680.578 300 94
0 549.2 680.756 300 94
0 549.2 680.891 300 94
0 549.2 681.019 300 94
0 549.2 681.168 300 94
0 549.2 681.318 300 94
0 549.2 681.457 300 94
0 549.2 681.592 300 94
0 549.2 681.73 300 94
0 549.2 681.863 300 94
0 549.2 682.013 300 94
0 549.2 682.135 300 94
0 549.2 682.303 300 94
0 549.2 682.438 300 94
0 549.2 682.565 300 94
0 549.2 682.685 300 94
0 549.2 682.859 300 94
0 549.2 682.991 300 94
0 549.2 683.139 300 94
0 549.2 683.269 300 94
0 549.2 683.455 300 94
0 549.2 683.59 300 94
0 549.2 683.764 300 94
0 549.2 683.931 300 94
0 549.2 684.076 300 94
0 549.2 684.278 300 94
0 549.2 684.422 300 94
0 549.2 684.572 300 94
0 549.2 684.723 300 94
0 549.2 684.834 300 94
0 549.2 684.991 300 94
0 549.2 685.122 300 94
0 549.2 685.326 300 94
0 549.2 685.46 300 94
0 549.2 685.586 300 94
0 549.2 685.716 300 94
0 549.2 685.862 300 94
0 549.2 685.996 300 94
0 549.2 686.131 300 94
0 549.2 686.331 300 94
0 549.2 686.477 300 94
0 549.2 686.611 300 94
0 549.2 686.734 300 94
0 549.2 686.963 300 94
0 549.2 687.098 300 94
0 549.2 687.264 300 94
0 549.2 687.394 300 94
0 549.2 687.519 300 94
0 549.2 687.702 300 94
0 549.2 687.919 300 94
0 549.2 688.168 300 94
0 549.2 688.301 300 94
0 549.2 688.509 300 94
0 549.2 688.636 300 94
0 549.2 688.834 300 94
0 549.2 689.032 300 94
0 549.2 689.237 300 94
0 549.2 689.424 300 94
0 549.2 689.549 300 94
0 549.2 689.719 300 94
0 549.2 689.848 300 94
0 549.2 689.991 300 94
0 549.2 690.083 300 94
0 549.2 690.174 300 94
0 549.2 690.26 300 94
0 549.2 690.346 300 94
0 549.2 690.432 300 94
0 549.2 690.525 300 94
0 549.2 690.618 300 94
0 549.2 690.713 300 94
0 549.2 690.822 300 94
0 549.2 690.916 300 94
0 549.2 691.026 300 94
0 549.2 691.111 300 94
0 549.2 691.268 300 94
0 549.2 691.361 300 94
0 549.2 691.459 300 94
0 549.2 691.571 300 94
0 549.2 691.681 300 94
0 549.2 691.772 300 94
0 549.2 691.86 300 94
0 549.2 691.984 300 94
0 549.2 692.074 300 94
0 549.2 692.174 300 94
0 549.2 692.299 300 94
0 549.2 692.402 300 94
0 549.2 692.527 300 94
0 549.2 692.63 300 94
0 549.2 692.761 300 94
0 549.2 692.963 300 94
0 549.2 693.107 300 94
0 549.2 693.233 300 94
0 549.2 693.463 300 94
0 549.2 693.743 300 94
0 549.2 693.866 300 94
0 549.2 694.007 300 94
0 549.2 694.134 300 94
0 549.2 694.274 300 94
0 549.2 694.415 300 94
0 549.2 694.539 300 94
0 549.2 694.681 300 94
0 549.2 694.801 300 94
0 549.2 694.938 300 94
0 549.2 695.085 300 94
0 549.2 695.214 300 94
0 549.2 695.326 300 94
0 549.2 695.449 300 94
0 549.2 695.584 300 94
0 549.2 695.756 300 94
0 549.2 695.935 300 94
0 549.2 696.075 300 94
0 549.2 696.33 300 94
0 549.2 696.459 300 94
0 549.2 696.626 300 94
0 549.2 696.802 300 94
0 549.2 696.922 300 94
0 549.2 697.062 300 94
0 549.2 697.237 300 94
0 549.2 697.36 300 94
0 549.2 697.493 300 94
0 549.2 697.624 300 94
0 549.2 697.758 300 94
0 549.2 697.882 300 94
0 549.2 698.056 300 94
0 549.2 698.181 300 94
0 549.2 698.316 300 94
0 549.2 698.436 300 94
0 549.2 698.524 300 94
0 549.2 698.695 300 94
0 549.2 698.826 300 94
0 549.2 698.941 300 94
0 549.2 699.124 300 94
0 549.2 699.297 300 94
0 549.2 699.541 300 94
0 549.2 699.71 300 94
0 549.2 699.854 300 94
0 549.2 700.072 300 94
0 549.2 700.208 300 94
0 549.2 700.35 300 94
0 549.2 700.509 300 94
0 549.2 700.653 300 94
0 549.2 700.765 300 94
0 549.2 700.99 300 94
0 549.2 701.096 300 94
0 549.2 701.232 300 94
0 549.2 701.365 300 94
0 549.2 701.54 300 94
0 549.2 701.668 300 94
0 549.2 701.835 300 94
0 549.2 701.994 300 94
0 549.2 702.173 300 94
0 549.2 702.297 300 94
0 549.2 702.447 300 94
0 549.2 702.533 300 94
0 549.2 702.655 300 94
0 549.2 702.791 300 94
0 549.2 702.985 300 94
0 549.2 703.15 300 94
0 549.2 703.324 300 94
0 549.2 703.457 300 94
0 549.2 703.647 300 94
0 549.2 703.814 300 94
0 549.2 703.94 300 94
0 549.2 704.071 300 94
0 549.2 704.201 300 94
0 549.2 704.362 300 94
0 549.2 704.525 300 94
0 549.2 704.659 300 94
0 549.2 704.852 300 94
0 549.2 705.037 300 94
0 549.2 705.208 300 94
0 549.2 705.374 300 94
0 549.2 705.548 300 94
0 549.2 705.727 300 94
0 549.2 705.87 300 94
0 549.2 706.008 300 94
0 549.2 706.137 300 94
0 549.2 706.276 300 94
0 549.2 706.402 300 94
0 549.2 706.521 300 94
0 549.2 706.651 300 94
0 549.2 706.766 300 94
0 549.2 706.95 300 94
0 549.2 707.092 300 94
0 549.2 707.297 300 94
0 549.2 707.425 300 94
0 549.2 707.548 300 94
0 549.2 707.669 300 94
0 549.2 707.796 300 94
0 549.2 707.965 300 94
0 549.2 708.098 300 94
0 549.2 708.238 300 94
0 549.2 708.375 300 94
0 549.2 708.515 300 94
0 549.2 708.6 300 94
0 549.2 708.79 300 94
0 549.2 709.069 300 94
0 549.2 709.209 300 94
0 549.2 709.462 300 94
0 549.2 709.617 300 94
0 549.2 709.747 300 94
0 549.2 709.88 300 94
0 549.2 710.004 300 94
0 549.2 710.159 300 94
0 549.2 710.302 300 94
0 549.2 710.478 300 94
0 549.2 710.61 300 94
0 549.2 710.718 300 94
0 549.2 710.842 300 94
0 549.2 711.012 300 94
0 549.2 711.13 300 94
0 549.2 711.239 300 94
0 549.2 711.421 300 94
0 549.2 711.59 300 94
0 549.2 711.743 300 94
0 549.2 711.888 300 94
0 549.2 712.026 300 94
0 549.2 712.182 300 94
0 549.2 712.403 300 94
0 549.2 712.551 300 94
0 549.2 712.715 300 94
0 549.2 712.89 300 94
0 549.2 713.02 300 94
0 549.2 713.183 300 94
0 549.2 713.315 300 94
0 549.2 713.543 300 94
0 549.2 713.641 300 94
0 549.2 713.74 300 94
0 549.2 713.844 300 94
0 549.2 714.069 300 94
0 549.2 714.279 300 94
0 549.2 714.432 300 94
0 549.2 714.574 300 94
0 549.2 714.721 300 94
0 549.2 714.862 300 94
0 549.2 715.086 300 94
0 549.2 715.233 300 94
0 549.2 715.414 300 94
0 549.2 715.56 300 94
0 549.2 715.745 300 94
0 549.2 715.97 300 94
0 549.2 716.06 300 94
0 549.2 716.188 300 94
0 549.2 716.311 300 94
0 549.2 716.457 300 94
0 549.2 716.631 300 94
0 549.2 716.754 300 94
0 549.2 716.884 300 94
0 549.2 717.035 300 94
0 549.2 717.186 300 94
0 549.2 717.35 300 94
0 549.2 717.496 300 94
0 549.2 717.641 300 94
0 549.2 717.774 300 94
0 549.2 717.98 300 94
0 549.2 718.112 300 94
0 549.2 718.256 300 94
0 549.2 718.396 300 94
0 549.2 718.565 300 94
0 549.2 718.697 300 94
0 549.2 718.853 300 94
0 549.2 718.968 300 94
0 549.2 719.122 300 94
0 549.2 719.244 300 94
0 549.2 719.378 300 94
0 549.2 719.527 300 94
0 549.2 719.653 300 94
0 549.2 719.92 300 94
0 549.2 720.095 300 94
0 549.2 720.221 300 94
0 549.2 720.394 300 94
0 549.2 720.53 300 94
0 549.2 720.659 300 94
0 549.2 720.755 300 94
0 549.2 720.965 300 94
0 549.2 721.143 300 94
0 549.2 721.281 300 94
0 549.2 721.425 300 94
0 549.2 721.583 300 94
0 549.2 721.723 300 94
0 549.2 721.815 300 94
0 549.2 722.039 300 94
0 549.2 722.175 300 94
0 549.2 722.383 300 94
0 549.2 722.508 300 94
0 549.2 722.711 300 94
0 549.2 722.851 300 94
0 549.2 722.937 300 94
0 549.2 723.093 300 94
0 549.2 723.239 300 94
0 549.2 723.384 300 94
0 549.2 723.533 300 94
0 549.2 723.683 300 94
0 549.2 723.838 300 94
0 549.2 724.018 300 94
0 549.2 724.19 300 94
0 549.2 724.384 300 94
0 549.2 724.535 300 94
0 549.2 724.862 300 94
0 549.2 724.999 300 94
0 549.2 725.134 300 94
0 549.2 725.259 300 94
0 549.2 725.387 300 94
0 549.2 725.623 300 94
0 549.2 725.767 300 94
0 549.2 725.901 300 94
0 549.2 726.053 300 94
0 549.2 726.201 300 94
0 549.2 726.323 300 94
0 549.2 726.459 300 94
0 549.2 726.591 300 94
0 549.2 726.738 300 94
0 549.2 726.926 300 94
0 549.2 727.107 300 94
0 549.2 727.244 300 94
0 549.2 727.379 300 94
0 549.2 727.506 300 94
0 549.2 727.641 300 94
0 549.2 727.851 300 94
0 549.2 727.951 300 94
0 549.2 728.167 300 94
0 549.2 728.349 300 94
0 549.2 728.497 300 94
0 549.2 728.778 300 94
0 549.2 728.918 300 94
0 549.2 729.058 300 94
0 549.2 729.191 300 94
0 549.2 729.29 300 94
0 549.2 729.419 300 94
0 549.2 729.547 300 94
0 549.2 729.691 300 94
0 549.2 729.871 300 94
0 549.2 730.014 300 94
0 549.2 730.145 300 94
0 549.2 730.37 300 94
0 549.2 730.518 300 94
0 549.2 730.702 300 94
0 549.2 730.951 300 94
0 549.2 731.143 300 94
0 549.2 731.23 300 94
0 549.2 731.424 300 94
0 549.2 731.649 300 94
0 549.2 731.739 300 94
0 549.2 731.922 300 94
0 549.2 732.111 300 94
0 549.2 732.25 300 94
0 549.2 732.335 300 94
0 549.2 732.586 300 94
0 549.2 732.767 300 94
0 549.2 732.866 300 94
0 549.2 732.968 300 94
0 549.2 733.103 300 94
0 549.2 733.237 300 94
0 549.2 733.382 300 94
0 549.2 733.541 300 94
0 549.2 733.665 300 94
0 549.2 733.804 300 94
0 549.2 734.024 300 94
0 549.2 734.173 300 94
0 549.2 734.353 300 94
0 549.2 734.498 300 94
0 549.2 734.69 300 94
0 549.2 734.882 300 94
0 549.2 735.071 300 94
0 549.2 735.197 300 94
0 549.2 735.365 300 94
0 549.2 735.649 300 94
0 549.2 735.78 300 94
0 549.2 735.91 300 94
0 549.2 736.279 300 94
0 549.2 736.431 300 94
0 549.2 736.574 300 94
0 549.2 736.75 300 94
0 549.2 736.893 300 94
0 549.2 737.038 300 94
0 549.2 737.213 300 94
0 549.2 737.331 300 94
0 549.2 737.497 300 94
0 549.2 737.785 300 94
0 549.2 737.988 300 94
0 549.2 738.169 300 94
0 549.2 738.346 300 94
0 549.2 738.436 300 94
0 549.2 738.576 300 94
0 549.2 738.749 300 94
0 549.2 738.888 300 94
0 549.2 739.03 300 94
0 549.2 739.165 300 94
0 549.2 739.289 300 94
0 549.2 739.409 300 94
0 549.2 739.536 300 94
0 549.2 739.67 300 94
0 549.2 739.796 300 94
0 549.2 739.932 300 94
0 549.2 740.062 300 94
0 549.2 740.293 300 94
0 549.2 740.42 300 94
0 549.2 740.557 300 94
0 549.2 740.701 300 94
0 549.2 740.895 300 94
0 549.2 741.07 300 94
0 549.2 741.208 300 94
0 549.2 741.344 300 94
0 549.2 741.538 300 94
0 549.2 741.683 300 94
0 549.2 741.821 300 94
0 549.2 741.946 300 94
0 549.2 742.028 300 94
0 549.2 742.266 300 94
0 549.2 742.446 300 94
0 549.2 742.589 300 94
0 549.2 742.726 300 94
0 549.2 742.859 300 94
0 549.2 743.057 300 94
0 549.2 743.235 300 94
0 549.2 743.427 300 94
0 549.2 743.609 300 94
0 549.2 743.747 300 94
0 549.2 743.941 300 94
0 549.2 744.073 300 94
0 549.2 744.205 300 94
0 549.2 744.426 300 94
0 549.2 744.553 300 94
0 549.2 744.752 300 94
0 549.2 744.896 300 94
0 549.2 745.018 300 94
0 549.2 745.103 300 94
0 549.2 745.226 300 94
0 549.2 745.402 300 94
0 549.2 745.493 300 94
0 549.2 745.638 300 94
0 549.2 745.76 300 94
0 549.2 745.981 300 94
0 549.2 746.122 300 94
0 549.2 746.317 300 94
0 549.2 746.506 300 94
0 549.2 746.823 300 94
0 549.2 746.973 300 94
0 549.2 747.087 300 94
0 549.2 747.225 300 94
0 549.2 747.388 300 94
0 549.2 747.518 300 94
0 549.2 747.669 300 94
0 549.2 747.84 300 94
0 549.2 748.026 300 94
0 549.2 748.126 300 94
0 549.2 748.273 300 94
0 549.2 748.521 300 94
0 549.2 748.666 300 94
0 549.2 748.743 300 94
0 549.2 748.964 300 94
0 549.2 749.148 300 94
0 549.2 749.379 300 94
0 549.2 749.526 300 94
0 549.2 749.652 300 94
0 549.2 749.815 300 94
0 549.2 749.961 300 94
0 549.2 750.049 300 94
0 549.2 750.188 300 94
0 549.2 750.386 300 94
0 549.2 750.592 300 94
0 549.2 750.717 300 94
0 549.2 750.857 300 94
0 549.2 750.996 300 94
0 549.2 751.186 300 94
0 549.2 751.319 300 94
0 549.2 751.462 300 94
0 549.2 751.643 300 94
0 549.2 751.818 300 94
0 549.2 752.02 300 94
0 549.2 752.101 300 94
0 549.2 752.216 300 94
0 549.2 752.361 300 94
0 549.2 752.577 300 94
0 549.2 752.71 300 94
0 549.2 752.912 300 94
0 549.2 753.086 300 94
0 549.2 753.22 300 94
0 549.2 753.326 300 94
0 549.2 753.499 300 94
0 549.2 753.663 300 94
0 549.2 753.805 300 94
0 549.2 754.025 300 94
0 549.2 754.209 300 94
0 549.2 754.445 300 94
0 549.2 754.673 300 94
0 549.2 754.807 300 94
0 549.2 754.951 300 94
0 549.2 755.092 300 94
0 549.2 755.23 300 94
0 549.2 755.411 300 94
0 549.2 755.602 300 94
0 549.2 755.772 300 94
0 549.2 755.907 300 94
0 549.2 756.086 300 94
0 549.2 756.204 300 94
0 549.2 756.333 300 94
0 549.2 756.448 300 94
0 549.2 756.576 300 94
0 549.2 756.703 300 94
0 549.2 756.838 300 94
0 549.2 757.042 300 94
0 549.2 757.22 300 94
0 549.2 757.347 300 94
0 549.2 757.488 300 94
0 549.2 757.661 300 94
0 549.2 757.828 300 94
0 549.2 757.98 300 94
0 549.2 758.118 300 94
0 549.2 758.244 300 94
0 549.2 758.374 300 94
0 549.2 758.516 300 94
0 549.2 758.66 300 94
0 549.2 758.795 300 94
0 549.2 758.937 300 94
0 549.2 759.063 300 94
0 549.2 759.193 300 94
0 549.2 759.395 300 94
0 549.2 759.533 300 94
0 549.2 759.622 300 94
0 549.2 759.784 300 94
0 549.2 759.965 300 94
0 549.2 760.157 300 94
0 549.2 760.331 300 94
0 549.2 760.453 300 94
0 549.2 760.588 300 94
0 549.2 760.788 300 94
0 549.2 760.913 300 94
0 549.2 761.02 300 94
0 549.2 761.134 300 94
0 549.2 761.257 300 94
0 549.2 761.381 300 94
0 549.2 761.563 300 94
0 549.2 761.745 300 94
0 549.2 761.983 300 94
0 549.2 762.124 300 94
0 549.2 762.251 300 94
0 549.2 762.393 300 94
0 549.2 762.522 300 94
0 549.2 762.678 300 94
0 549.2 762.966 300 94
0 549.2 763.048 300 94
0 549.2 763.196 300 94
0 549.2 763.343 300 94
0 549.2 763.496 300 94
0 549.2 763.635 300 94
0 549.2 763.761 300 94
0 549.2 763.899 300 94
0 549.2 764.015 300 94
0 549.2 764.15 300 94
0 549.2 764.246 300 94
0 549.2 764.424 300 94
0 549.2 764.621 300 94
0 549.2 764.781 300 94
0 549.2 765 300 94
0 549.2 765.131 300 94
0 549.2 765.273 300 94
0 549.2 765.42 300 94
0 549.2 765.633 300 94
0 549.2 765.752 300 94
0 549.2 765.913 300 94
0 549.2 766.047 300 94
0 549.2 766.183 300 94
0 549.2 766.33 300 94
0 549.2 766.493 300 94
0 549.2 766.654 300 94
0 549.2 766.796 300 94
0 549.2 766.916 300 94
0 549.2 767.062 300 94
0 549.2 767.337 300 94
0 549.2 767.428 300 94
0 549.2 767.589 300 94
0 549.2 767.713 300 94
0 549.2 767.85 300 94
0 549.2 767.996 300 94
0 549.2 768.157 300 94
0 549.2 768.318 300 94
0 549.2 768.477 300 94
0 549.2 768.668 300 94
0 549.2 768.788 300 94
0 549.2 768.904 300 94
0 549.2 769.107 300 94
0 549.2 769.242 300 94
0 549.2 769.379 300 94
0 549.2 769.594 300 94
0 549.2 769.751 300 94
0 549.2 769.891 300 94
0 549.2 770.033 300 94
0 549.2 770.144 300 94
0 549.2 770.289 300 94
0 549.2 770.436 300 94
0 549.2 770.588 300 94
0 549.2 770.772 300 94
0 549.2 770.921 300 94
0 549.2 771.059 300 94
0 549.2 771.191 300 94
0 549.2 771.346 300 94
0 549.2 771.545 300 94
0 549.2 771.683 300 94
0 549.2 771.939 300 94
0 549.2 772.236 300 94
0 549.2 772.373 300 94
0 549.2 772.511 300 94
0 549.2 772.716 300 94
0 549.2 772.955 300 94
0 549.2 773.085 300 94
0 549.2 773.242 300 94
0 549.2 773.394 300 94
0 549.2 773.525 300 94
0 549.2 773.661 300 94
0 549.2 773.811 300 94
0 549.2 773.954 300 94
0 549.2 774.073 300 94
0 549.2 774.306 300 94
0 549.2 774.439 300 94
0 549.2 774.586 300 94
0 549.2 774.737 300 94
0 549.2 774.916 300 94
0 549.2 775.052 300 94
0 549.2 775.148 300 94
0 549.2 775.34 300 94
0 549.2 775.483 300 94
0 549.2 775.653 300 94
0 549.2 775.782 300 94
0 549.2 775.958 300 94
0 549.2 776.114 300 94
0 549.2 776.252 300 94
0 549.2 776.386 300 94
0 549.2 776.559 300 94
0 549.2 776.683 300 94
0 549.2 776.858 300 94
0 549.2 777.045 300 94
0 549.2 777.217 300 94
0 549.2 777.344 300 94
0 549.2 777.52 300 94
0 549.2 777.621 300 94
0 549.2 777.759 300 94
0 549.2 778.009 300 94
0 549.2 778.196 300 94
0 549.2 778.322 300 94
0 549.2 778.455 300 94
0 549.2 778.588 300 94
0 549.2 778.696 300 94
0 549.2 778.902 300 94
0 549.2 779.065 300 94
0 549.2 779.236 300 94
0 549.2 779.37 300 94
0 549.2 779.464 300 94
0 549.2 779.638 300 94
0 549.2 779.774 300 94
0 549.2 779.969 300 94
0 549.2 780.089 300 94
0 549.2 780.248 300 94
0 549.2 780.414 300 94
0 549.2 780.549 300 94
0 549.2 780.7 300 94
0 549.2 780.853 300 94
0 549.2 780.942 300 94
0 549.2 781.102 300 94
0 549.2 781.306 300 94
0 549.2 781.432 300 94
0 549.2 781.583 300 94
0 549.2 781.774 300 94
0 549.2 781.958 300 94
0 549.2 782.126 300 94
0 549.2 782.358 300 94
0 549.2 782.489 300 94
0 549.2 782.661 300 94
0 549.2 782.854 300 94
0 549.2 783.06 300 94
0 549.2 783.209 300 94
0 549.2 783.314 300 94
0 549.2 783.46 300 94
0 549.2 783.605 300 94
0 549.2 783.76 300 94
0 549.2 783.928 300 94
0 549.2 784.071 300 94
0 549.2 784.213 300 94
0 549.2 784.399 300 94
0 549.2 784.548 300 94
0 549.2 784.705 300 94
0 549.2 784.881 300 94
0 549.2 785.196 300 94
0 549.2 785.398 300 94
0 549.2 785.573 300 94
0 549.2 785.748 300 94
0 549.2 785.912 300 94
0 549.2 786.097 300 94
0 549.2 786.213 300 94
0 549.2 786.327 300 94
0 549.2 786.456 300 94
0 549.2 786.599 300 94
0 549.2 786.734 300 94
0 549.2 786.851 300 94
0 549.2 787.003 300 94
0 549.2 787.122 300 94
0 549.2 787.257 300 94
0 549.2 787.451 300 94
0 549.2 787.563 300 94
0 549.2 787.75 300 94
0 549.2 787.896 300 94
0 549.2 788.042 300 94
0 549.2 788.183 300 94
0 549.2 788.312 300 94
0 549.2 788.453 300 94
0 549.2 788.686 300 94
0 549.2 788.874 300 94
0 549.2 789.103 300 94
0 549.2 789.237 300 94
0 549.2 789.387 300 94
0 549.2 789.523 300 94
0 549.2 789.66 300 94
0 549.2 789.807 300 94
0 549.2 789.965 300 94
0 549.2 790.167 300 94
0 549.2 790.307 300 94
0 549.2 790.451 300 94
0 549.2 790.581 300 94
0 549.2 790.717 300 94
0 549.2 790.858 300 94
0 549.2 791.084 300 94
0 549.2 791.235 300 94
0 549.2 791.387 300 94
0 549.2 791.528 300 94
0 549.2 791.7 300 94
0 549.2 792.091 300 94
0 549.2 792.22 300 94
0 549.2 792.369 300 94
0 549.2 792.514 300 94
0 549.2 792.713 300 94
0 549.2 792.859 300 94
0 549.2 793.001 300 94
0 549.2 793.179 300 94
0 549.2 793.364 300 94
0 549.2 793.467 300 94
0 549.2 793.657 300 94
0 549.2 793.752 300 94
0 549.2 793.884 300 94
0 549.2 794.062 300 94
0 549.2 794.209 300 94
0 549.2 794.345 300 94
0 549.2 794.506 300 94
0 549.2 794.656 300 94
0 549.2 794.806 300 94
0 549.2 794.937 300 94
0 549.2 795.071 300 94
0 549.2 795.201 300 94
0 549.2 795.341 300 94
0 549.2 795.481 300 94
0 549.2 795.721 300 94
0 549.2 795.931 300 94
0 549.2 796.078 300 94
0 549.2 796.35 300 94
0 549.2 796.552 300 94
0 549.2 796.812 300 94
0 549.2 797.002 300 94
0 549.2 797.141 300 94
0 549.2 797.282 300 94
0 549.2 797.41 300 94
0 549.2 797.618 300 94
0 549.2 797.747 300 94
0 549.2 797.873 300 94
0 549.2 798.018 300 94
0 549.2 798.262 300 94
0 549.2 798.394 300 94
0 549.2 798.483 300 94
0 549.2 798.681 300 94
0 549.2 798.819 300 94
0 549.2 798.948 300 94
0 549.2 799.088 300 94
0 549.2 799.229 300 94
0 549.2 799.372 300 94
0 549.2 799.577 300 94
0 549.2 799.852 300 94
0 549.2 800.01 300 94
