0 773.2 0.015884 300 0
0 666.8 0.019761 0
0 661.2 0.025317 3
0 661.2 0.1039 300 89
0 655.6 0.149781 89
0 655.6 0.207332 300 89
0 650 0.235965 89
0 650 0.301269 300 89
0 650 0.367734 300 89
0 650 0.473423 300 89
0 616.4 0.516242 89
0 616.4 0.598095 300 89
0 582.8 0.604701 89
0 582.8 0.676227 300 89
0 582.8 0.752767 300 89
0 582.8 0.823128 300 89
0 582.8 0.904631 300 89
0 582.8 1.06908 300 89
0 582.8 1.14449 300 89
0 582.8 1.2685 300 89
0 582.8 1.3797 300 89
0 582.8 1.46081 300 89
0 582.8 1.58973 300 89
0 582.8 1.66616 300 89
0 582.8 1.76937 300 89
0 582.8 1.84887 300 89
0 582.8 1.93485 300 89
0 582.8 2.01124 300 89
0 582.8 2.08218 300 89
0 582.8 2.19108 300 89
0 582.8 2.32289 300 89
0 582.8 2.40489 300 89
0 582.8 2.5055 300 89
0 582.8 2.68207 300 89
0 582.8 2.76483 300 89
0 582.8 2.82956 300 89
0 582.8 2.90657 300 89
0 582.8 3.00843 300 89
0 582.8 3.08452 300 89
0 582.8 3.16651 300 89
0 582.8 3.26626 300 89
0 582.8 3.34968 300 89
0 582.8 3.40912 300 89
0 582.8 3.48961 300 89
0 582.8 3.57538 300 89
0 582.8 3.65605 300 89
0 582.8 3.73873 300 89
0 582.8 3.82447 300 89
0 582.8 3.94364 300 89
0 582.8 4.06898 300 89
0 582.8 4.15371 300 89
0 582.8 4.20622 300 89
0 582.8 4.33181 300 89
0 582.8 4.41811 300 89
0 582.8 4.49802 300 89
0 582.8 4.6216 300 89
0 582.8 4.69372 300 89
0 582.8 4.75276 300 89
0 582.8 4.84006 300 89
0 582.8 4.95657 300 89
0 582.8 5.09952 300 89
0 582.8 5.20967 300 89
0 582.8 5.29787 300 89
0 582.8 5.37961 300 89
0 582.8 5.49537 300 89
0 582.8 5.60382 300 89
0 582.8 5.65873 300 89
0 582.8 5.74578 300 89
0 582.8 5.83348 300 89
0 582.8 5.95445 300 89
0 582.8 6.04057 300 89
0 582.8 6.12808 300 89
0 582.8 6.21749 300 89
0 582.8 6.32554 300 89
0 582.8 6.40944 300 89
0 582.8 6.5274 300 89
0 582.8 6.63942 300 89
0 582.8 6.73876 300 89
0 582.8 6.83545 300 89
0 582.8 6.91294 300 89
0 582.8 7.00366 300 89
0 582.8 7.12872 300 89
0 582.8 7.30639 300 89
0 582.8 7.54591 300 89
0 582.8 7.7008 300 89
0 582.8 7.84072 300 89
0 582.8 7.97116 300 89
0 582.8 8.11151 300 89
0 582.8 8.23777 300 89
0 582.8 8.36991 300 89
0 582.8 8.51353 300 89
0 582.8 8.61454 300 89
0 582.8 8.71528 300 89
0 582.8 8.81691 300 89
0 582.8 8.94186 300 89
0 582.8 9.06813 300 89
0 582.8 9.1721 300 89
0 582.8 9.25945 300 89
0 582.8 9.35141 300 89
0 582.8 9.45555 300 89
0 582.8 9.57457 300 89
0 582.8 9.67596 300 89
0 582.8 9.77585 300 89
0 582.8 9.89832 300 89
0 582.8 10.0137 300 89
0 582.8 10.082 300 89
0 582.8 10.182 300 89
0 582.8 10.2912 300 89
0 582.8 10.3937 300 89
0 582.8 10.4885 300 89
0 582.8 10.5894 300 89
0 582.8 10.6945 300 89
0 582.8 10.7984 300 89
0 582.8 10.9069 300 89
0 582.8 11.0874 300 89
0 582.8 11.2013 300 89
0 582.8 11.3692 300 89
0 582.8 11.4862 300 89
0 582.8 11.6383 300 89
0 582.8 11.7796 300 89
0 582.8 11.9271 300 89
0 582.8 12.081 300 89
0 582.8 12.2997 300 89
0 582.8 12.4431 300 89
0 582.8 12.6 300 89
0 582.8 12.7669 300 89
0 582.8 13.0224 300 89
0 582.8 13.2014 300 89
0 582.8 13.3546 300 89
0 582.8 13.5422 300 89
0 582.8 13.711 300 89
0 582.8 13.8585 300 89
0 582.8 14.01 300 89
0 582.8 14.164 300 89
0 582.8 14.408 300 89
0 582.8 14.5104 300 89
0 582.8 14.6035 300 89
0 582.8 14.7599 300 89
0 582.8 14.9376 300 89
0 582.8 15.1007 300 89
0 582.8 15.2614 300 89
0 582.8 15.417 300 89
0 582.8 15.5849 300 89
0 582.8 15.7408 300 89
0 582.8 15.8947 300 89
0 582.8 16.0283 300 89
0 582.8 16.1831 300 89
0 582.8 16.354 300 89
0 582.8 16.5118 300 89
0 582.8 16.7623 300 89
0 582.8 16.9196 300 89
0 582.8 17.085 300 89
0 582.8 17.2325 300 89
0 582.8 17.4807 300 89
0 582.8 17.6339 300 89
0 582.8 17.8166 300 89
0 582.8 18.0191 300 89
0 582.8 18.215 300 89
0 582.8 18.3745 300 89
0 582.8 18.5097 300 89
0 582.8 18.665 300 89
0 582.8 18.7965 300 89
0 582.8 18.9925 300 89
0 582.8 19.1567 300 89
0 582.8 19.3112 300 89
0 582.8 19.4675 300 89
0 582.8 19.6056 300 89
0 582.8 19.7619 300 89
0 582.8 19.8994 300 89
0 582.8 20.0477 300 89
0 582.8 20.2239 300 89
0 582.8 20.3731 300 89
0 582.8 20.5297 300 89
0 577.2 20.7064 89
0 577.2 20.7944 300 89
0 577.2 20.9505 300 89
0 577.2 21.1891 300 89
0 577.2 21.3446 300 89
0 577.2 21.5604 300 89
0 577.2 21.7119 300 89
0 577.2 21.8564 300 89
0 577.2 21.9746 300 89
0 577.2 22.1313 300 89
0 577.2 22.2768 300 89
0 577.2 22.4779 300 89
0 577.2 22.6275 300 89
0 577.2 22.7646 300 89
0 577.2 22.9215 300 89
0 577.2 23.0614 300 89
0 577.2 23.2507 300 89
0 577.2 23.4055 300 89
0 577.2 23.5706 300 89
0 577.2 23.7318 300 89
0 577.2 23.867 300 89
0 577.2 24.057 300 89
0 577.2 24.2107 300 89
0 577.2 24.3579 300 89
0 577.2 24.496 300 89
0 577.2 24.6937 300 89
0 577.2 24.8525 300 89
0 577.2 25.0777 300 89
0 577.2 25.217 300 89
0 577.2 25.3712 300 89
0 577.2 25.5701 300 89
0 571.6 25.6141 89
0 571.6 25.7292 300 89
0 571.6 25.8816 300 89
0 571.6 26.0079 300 89
0 571.6 26.1917 300 89
0 571.6 26.3612 300 89
0 571.6 26.5454 300 89
0 571.6 26.6975 300 89
0 571.6 26.8897 300 89
0 571.6 27.0363 300 89
0 571.6 27.1836 300 89
0 571.6 27.3815 300 89
0 571.6 27.6076 300 89
0 571.6 27.7703 300 89
0 571.6 27.9111 300 89
0 571.6 28.0592 300 89
0 571.6 28.2318 300 89
0 571.6 28.3971 300 89
0 571.6 28.545 300 89
0 571.6 28.695 300 89
0 571.6 28.8489 300 89
0 571.6 28.9954 300 89
0 571.6 29.1963 300 89
0 571.6 29.386 300 89
0 571.6 29.5663 300 89
0 571.6 29.7497 300 89
0 571.6 29.8976 300 89
0 571.6 29.9932 300 89
0 571.6 30.2053 300 89
0 571.6 30.3549 300 89
0 571.6 30.4951 300 89
0 571.6 30.7804 300 89
0 571.6 30.9199 300 89
0 571.6 31.0464 300 89
0 571.6 31.1937 300 89
0 571.6 31.4169 300 89
0 571.6 31.5613 300 89
0 571.6 31.7009 300 89
0 571.6 31.8593 300 89
0 571.6 32.003 300 89
0 571.6 32.1868 300 89
0 571.6 32.4048 300 89
0 571.6 32.5434 300 89
0 571.6 32.6756 300 89
0 571.6 32.8161 300 89
0 571.6 32.9387 300 89
0 571.6 33.1171 300 89
0 571.6 33.2601 300 89
0 571.6 33.3985 300 89
0 571.6 33.6062 300 89
0 571.6 33.7579 300 89
0 571.6 33.8932 300 89
0 571.6 34.0896 300 89
0 571.6 34.2116 300 89
0 571.6 34.5148 300 89
0 571.6 34.6582 300 89
0 571.6 34.9084 300 89
0 571.6 35.2025 300 89
0 571.6 35.3522 300 89
0 571.6 35.4897 300 89
0 571.6 35.6391 300 89
0 571.6 35.8062 300 89
0 571.6 35.9558 300 89
0 571.6 36.1677 300 89
0 571.6 36.3027 300 89
0 571.6 36.4394 300 89
0 571.6 36.6321 300 89
0 571.6 36.8477 300 89
0 571.6 37.0278 300 89
0 571.6 37.1164 300 89
0 571.6 37.2615 300 89
0 571.6 37.4158 300 89
0 571.6 37.6204 300 89
0 571.6 37.7855 300 89
0 571.6 37.9764 300 89
0 571.6 38.1126 300 89
0 571.6 38.2561 300 89
0 571.6 38.3582 300 89
0 571.6 38.5194 300 89
0 571.6 38.692 300 89
0 571.6 38.8299 300 89
0 571.6 39.0714 300 89
0 571.6 39.2417 300 89
0 571.6 39.406 300 89
0 571.6 39.5994 300 89
0 571.6 39.7317 300 89
0 571.6 39.873 300 89
0 571.6 39.9673 300 89
0 571.6 40.0608 300 89
0 571.6 40.1764 300 89
0 571.6 40.3058 300 89
0 571.6 40.4455 300 89
0 571.6 40.5722 300 89
0 571.6 40.7009 300 89
0 571.6 40.9034 300 89
0 571.6 41.029 300 89
0 571.6 41.2767 300 89
0 571.6 41.43 300 89
0 571.6 41.5675 300 89
0 571.6 41.7355 300 89
0 571.6 41.8808 300 89
0 571.6 42.0095 300 89
0 571.6 42.1599 300 89
0 571.6 42.2902 300 89
0 571.6 42.4411 300 89
0 571.6 42.573 300 89
0 571.6 42.7054 300 89
0 571.6 42.799 300 89
0 571.6 42.9213 300 89
0 571.6 43.1489 300 89
0 571.6 43.2926 300 89
0 571.6 43.4298 300 90
0 571.6 43.5676 300 90
0 571.6 43.6522 300 90
0 571.6 43.8392 300 90
0 571.6 43.9756 300 90
0 571.6 44.1661 300 90
0 571.6 44.399 300 90
0 571.6 44.5226 300 90
0 571.6 44.6558 300 90
0 571.6 44.828 300 90
0 571.6 44.9727 300 90
0 571.6 45.0774 300 90
0 571.6 45.2214 300 90
0 571.6 45.3593 300 90
0 571.6 45.4669 300 90
0 571.6 45.5935 300 90
0 571.6 45.7185 300 90
0 571.6 45.8506 300 90
0 571.6 45.9825 300 90
0 571.6 46.1188 300 90
0 571.6 46.2725 300 90
0 571.6 46.3871 300 90
0 571.6 46.5093 300 90
0 571.6 46.6423 300 90
0 571.6 46.735 300 90
0 571.6 46.864 300 90
0 571.6 47.0001 300 90
0 571.6 47.1861 300 90
0 571.6 47.3084 300 90
0 571.6 47.453 300 90
0 571.6 47.5778 300 90
0 571.6 47.7024 300 90
0 571.6 47.8932 300 90
0 571.6 48.0137 300 90
0 571.6 48.1935 300 90
0 571.6 48.3252 300 90
0 571.6 48.5802 300 90
0 571.6 48.6542 300 90
0 571.6 48.7852 300 90
0 571.6 48.9219 300 90
0 571.6 49.0954 300 90
0 571.6 49.2254 300 90
0 571.6 49.3805 300 90
0 571.6 49.5952 300 90
0 571.6 49.7241 300 90
0 571.6 49.8048 300 90
0 571.6 49.9155 300 90
0 571.6 50.0473 300 90
0 571.6 50.1717 300 90
0 571.6 50.3386 300 90
0 571.6 50.5369 300 90
0 571.6 50.672 300 90
0 571.6 50.794 300 90
0 571.6 50.9137 300 90
0 571.6 51.0893 300 90
0 571.6 51.2093 300 90
0 571.6 51.331 300 90
0 571.6 51.4651 300 90
0 571.6 51.5976 300 90
0 571.6 51.7008 300 90
0 571.6 51.8765 300 90
0 571.6 52.0033 300 91
0 571.6 52.1346 300 91
0 571.6 52.3209 300 91
0 571.6 52.4449 300 91
0 571.6 52.5955 300 91
0 571.6 52.769 300 91
0 571.6 52.9749 300 91
0 571.6 53.1584 300 91
0 571.6 53.2962 300 91
0 571.6 53.4343 300 91
0 571.6 53.5659 300 91
0 571.6 53.8017 300 91
0 571.6 53.9798 300 91
0 571.6 54.1017 300 91
0 571.6 54.401 300 91
0 571.6 54.5993 300 91
0 571.6 54.7668 300 91
0 571.6 54.878 300 91
0 571.6 55.0517 300 91
0 571.6 55.2384 300 91
0 571.6 55.3573 300 91
0 571.6 55.5092 300 91
0 571.6 55.6743 300 91
0 571.6 55.7918 300 91
0 571.6 55.8995 300 91
0 571.6 56.0066 300 91
0 571.6 56.1404 300 91
0 571.6 56.2761 300 91
0 571.6 56.4095 300 91
0 571.6 56.5854 300 91
0 571.6 56.673 300 91
0 571.6 56.8023 300 91
0 571.6 56.927 300 91
0 571.6 57.0477 300 91
0 571.6 57.1558 300 91
0 571.6 57.2846 300 91
0 571.6 57.4095 300 91
0 571.6 57.538 300 91
0 571.6 57.6751 300 91
0 571.6 57.8016 300 91
0 571.6 57.9067 300 91
0 571.6 58.1119 300 91
0 571.6 58.2257 300 91
0 571.6 58.3579 300 91
0 571.6 58.4892 300 91
0 571.6 58.6179 300 91
0 571.6 58.7491 300 91
0 571.6 58.8744 300 91
0 571.6 58.9594 300 91
0 571.6 59.0971 300 91
0 571.6 59.2295 300 91
0 571.6 59.3639 300 91
0 571.6 59.5306 300 91
0 571.6 59.6617 300 91
0 571.6 59.7787 300 91
0 571.6 59.9167 300 91
0 571.6 60.1163 300 91
0 571.6 60.2608 300 91
0 571.6 60.3863 300 91
0 571.6 60.5166 300 91
0 571.6 60.628 300 91
0 571.6 60.8337 300 91
0 571.6 61.0028 300 91
0 571.6 61.1258 300 91
0 571.6 61.2444 300 91
0 571.6 61.4118 300 91
0 571.6 61.5344 300 91
0 571.6 61.6947 300 91
0 571.6 61.7775 300 91
0 571.6 61.8619 300 91
0 571.6 61.9867 300 91
0 571.6 62.1509 300 91
0 571.6 62.2497 300 91
0 571.6 62.3617 300 91
0 571.6 62.4831 300 91
0 571.6 62.6546 300 91
0 571.6 62.7724 300 91
0 571.6 62.8896 300 91
0 571.6 63.0014 300 91
0 571.6 63.13 300 91
0 571.6 63.2544 300 91
0 571.6 63.4134 300 91
0 571.6 63.602 300 91
0 571.6 63.7352 300 91
0 571.6 63.8678 300 91
0 571.6 63.9992 300 91
0 571.6 64.1215 300 91
0 571.6 64.2528 300 91
0 571.6 64.4286 300 91
0 571.6 64.6477 300 91
0 571.6 64.7834 300 91
0 571.6 64.9443 300 91
0 571.6 65.0883 300 91
0 571.6 65.3625 300 91
0 571.6 65.5043 300 91
0 571.6 65.6048 300 91
0 571.6 65.8538 300 91
0 571.6 66.067 300 91
0 571.6 66.1992 300 91
0 571.6 66.4051 300 91
0 571.6 66.5315 300 91
0 571.6 66.6643 300 91
0 571.6 66.7884 300 91
0 571.6 67.0303 300 91
0 571.6 67.1606 300 91
0 571.6 67.2759 300 91
0 571.6 67.3853 300 91
0 571.6 67.5046 300 91
0 571.6 67.5746 300 91
0 571.6 67.6912 300 91
0 571.6 67.8226 300 91
0 571.6 68.0001 300 91
0 571.6 68.1145 300 91
0 571.6 68.2793 300 91
0 571.6 68.3979 300 91
0 571.6 68.5615 300 91
0 571.6 68.668 300 91
0 571.6 68.7765 300 91
0 571.6 68.8954 300 91
0 571.6 68.9823 300 91
0 571.6 69.1043 300 91
0 571.6 69.2245 300 91
0 571.6 69.3621 300 91
0 571.6 69.4868 300 91
0 571.6 69.6088 300 91
0 571.6 69.7714 300 91
0 571.6 69.8882 300 91
0 571.6 70.0053 300 91
0 571.6 70.1352 300 91
0 571.6 70.255 300 91
0 571.6 70.3477 300 91
0 571.6 70.4807 300 91
0 571.6 70.6062 300 91
0 571.6 70.7596 300 91
0 571.6 70.8876 300 91
0 571.6 71.0017 300 91
0 571.6 71.1301 300 91
0 571.6 71.2616 300 91
0 571.6 71.4729 300 91
0 571.6 71.5896 300 91
0 571.6 71.7208 300 91
0 571.6 71.8547 300 91
0 571.6 71.9721 300 91
0 571.6 72.1379 300 91
0 571.6 72.2458 300 91
0 571.6 72.3291 300 91
0 571.6 72.4687 300 91
0 571.6 72.6052 300 91
0 571.6 72.751 300 91
0 571.6 72.8671 300 91
0 571.6 72.9425 300 91
0 571.6 73.0567 300 91
0 571.6 73.1371 300 91
0 571.6 73.2622 300 91
0 571.6 73.4087 300 91
0 571.6 73.5371 300 91
0 571.6 73.6473 300 91
0 571.6 73.7574 300 91
0 571.6 73.9184 300 91
0 571.6 74.0574 300 91
0 571.6 74.1821 300 91
0 571.6 74.3665 300 91
0 571.6 74.5053 300 91
0 571.6 74.6245 300 91
0 571.6 74.7428 300 91
0 571.6 74.9028 300 91
0 571.6 75.0232 300 91
0 571.6 75.1498 300 91
0 571.6 75.2788 300 91
0 571.6 75.3992 300 91
0 571.6 75.5565 300 91
0 571.6 75.6773 300 91
0 571.6 75.8061 300 91
0 571.6 75.9222 300 91
0 571.6 76.1007 300 91
0 571.6 76.2664 300 91
0 571.6 76.4233 300 91
0 571.6 76.5655 300 91
0 571.6 76.699 300 91
0 571.6 76.7964 300 91
0 571.6 76.9186 300 91
0 571.6 77.0824 300 91
0 571.6 77.2394 300 91
0 571.6 77.3438 300 91
0 571.6 77.4717 300 91
0 571.6 77.5937 300 91
0 571.6 77.7208 300 91
0 571.6 77.8264 300 91
0 571.6 77.9386 300 91
0 571.6 78.0656 300 91
0 571.6 78.2468 300 91
0 571.6 78.3528 300 91
0 549.2 78.3896 91
0 549.2 78.4969 300 91
0 549.2 78.57 300 91
0 549.2 78.7428 300 91
0 549.2 78.8708 300 91
0 549.2 78.9971 300 91
0 549.2 79.1711 300 91
0 549.2 79.3762 300 91
0 549.2 79.5304 300 91
0 549.2 79.6178 300 91
0 549.2 79.7 300 91
0 549.2 79.8427 300 91
0 549.2 79.9658 300 91
0 549.2 80.0863 300 91
0 549.2 80.2313 300 91
0 549.2 80.354 300 91
0 549.2 80.5235 300 91
0 549.2 80.6963 300 91
0 549.2 80.8212 300 91
0 549.2 81.068 300 91
0 549.2 81.187 300 91
0 549.2 81.3185 300 91
0 549.2 81.4594 300 91
0 549.2 81.5774 300 91
0 549.2 81.6919 300 91
0 549.2 81.8635 300 91
0 549.2 81.9732 300 91
0 549.2 82.1214 300 91
0 549.2 82.3112 300 91
0 549.2 82.4279 300 91
0 549.2 82.5761 300 91
0 549.2 82.6622 300 91
0 549.2 82.7848 300 91
0 549.2 82.9157 300 91
0 549.2 83.0764 300 91
0 549.2 83.2033 300 91
0 549.2 83.3453 300 91
0 549.2 83.455 300 91
0 549.2 83.6622 300 91
0 549.2 83.7865 300 91
0 549.2 84.002 300 91
0 549.2 84.1387 300 91
0 549.2 84.2658 300 91
0 549.2 84.3954 300 91
0 549.2 84.5175 300 91
0 549.2 84.6337 300 91
0 549.2 84.7469 300 91
0 549.2 84.8593 300 91
0 549.2 85.0372 300 91
0 549.2 85.165 300 91
0 549.2 85.2884 300 91
0 549.2 85.4418 300 91
0 549.2 85.6456 300 91
0 549.2 85.7689 300 91
0 549.2 85.9356 300 91
0 549.2 86.1188 300 91
0 549.2 86.1958 300 91
0 549.2 86.3261 300 91
0 549.2 86.5261 300 91
0 549.2 86.6484 300 91
0 549.2 86.7788 300 91
0 549.2 86.9304 300 91
0 549.2 87.0379 300 91
0 549.2 87.2402 300 91
0 549.2 87.3598 300 91
0 549.2 87.5387 300 91
0 549.2 87.7071 300 91
0 549.2 87.9063 300 91
0 549.2 88.1097 300 91
0 549.2 88.2873 300 91
0 549.2 88.4052 300 91
0 549.2 88.6213 300 91
0 549.2 88.7116 300 91
0 549.2 88.8387 300 91
0 549.2 89.0031 300 91
0 549.2 89.134 300 91
0 549.2 89.4146 300 91
0 549.2 89.5323 300 91
0 549.2 89.6487 300 91
0 549.2 89.7617 300 91
0 549.2 89.8711 300 91
0 549.2 90.0299 300 91
0 549.2 90.2158 300 91
0 549.2 90.3824 300 91
0 549.2 90.4921 300 91
0 549.2 90.6125 300 91
0 549.2 90.733 300 91
0 549.2 90.8963 300 91
0 549.2 91.0085 300 91
0 549.2 91.1401 300 91
0 549.2 91.2778 300 91
0 549.2 91.4016 300 91
0 549.2 91.5154 300 91
0 549.2 91.6458 300 91
0 549.2 91.7789 300 91
0 549.2 91.8852 300 91
0 549.2 92.0026 300 91
0 549.2 92.1339 300 91
0 549.2 92.322 300 91
0 549.2 92.4042 300 91
0 549.2 92.546 300 91
0 549.2 92.6704 300 91
0 549.2 92.8519 300 91
0 549.2 92.9851 300 91
0 549.2 93.1465 300 91
0 549.2 93.2633 300 91
0 549.2 93.378 300 91
0 549.2 93.5019 300 91
0 549.2 93.622 300 91
0 549.2 93.811 300 91
0 549.2 94.09 300 91
0 549.2 94.2191 300 91
0 549.2 94.3177 300 91
0 549.2 94.4246 300 91
0 549.2 94.5421 300 91
0 549.2 94.7093 300 91
0 549.2 94.8037 300 91
0 549.2 94.9775 300 91
0 549.2 95.062 300 91
0 549.2 95.1954 300 91
0 549.2 95.3077 300 91
0 549.2 95.4427 300 91
0 549.2 95.6074 300 91
0 549.2 95.8363 300 91
0 549.2 96.0014 300 91
0 549.2 96.1818 300 91
0 549.2 96.3069 300 91
0 549.2 96.433 300 91
0 549.2 96.5546 300 91
0 549.2 96.8251 300 91
0 549.2 96.9386 300 91
0 549.2 97.0686 300 91
0 549.2 97.3765 300 91
0 549.2 97.4867 300 91
0 549.2 97.6093 300 91
0 549.2 97.7575 300 91
0 549.2 97.9674 300 91
0 549.2 98.1475 300 91
0 549.2 98.2758 300 91
0 549.2 98.433 300 91
0 549.2 98.5451 300 91
0 549.2 98.7178 300 91
0 549.2 98.8421 300 91
0 549.2 98.952 300 91
0 549.2 99.1147 300 91
0 549.2 99.2357 300 91
0 549.2 99.361 300 91
0 549.2 99.4987 300 91
0 549.2 99.6608 300 91
0 549.2 99.8044 300 91
0 549.2 99.968 300 91
0 549.2 100.088 300 91
0 549.2 100.223 300 91
0 549.2 100.351 300 91
0 549.2 100.474 300 91
0 549.2 100.6 300 91
0 549.2 100.72 300 91
0 549.2 100.846 300 91
0 549.2 100.979 300 91
0 549.2 101.13 300 91
0 549.2 101.237 300 91
0 549.2 101.359 300 91
0 549.2 101.443 300 91
0 549.2 101.567 300 91
0 549.2 101.736 300 91
0 549.2 101.895 300 91
0 549.2 102.027 300 91
0 549.2 102.156 300 91
0 549.2 102.288 300 91
0 549.2 102.419 300 91
0 549.2 102.555 300 91
0 549.2 102.685 300 91
0 549.2 102.823 300 91
0 549.2 103.038 300 91
0 549.2 103.158 300 91
0 549.2 103.345 300 91
0 549.2 103.466 300 91
0 549.2 103.662 300 91
0 549.2 103.782 300 92
0 549.2 103.91 300 92
0 549.2 104.047 300 92
0 549.2 104.199 300 92
0 549.2 104.386 300 92
0 549.2 104.566 300 92
0 549.2 104.691 300 92
0 549.2 104.83 300 92
0 549.2 104.964 300 92
0 549.2 105.099 300 92
0 549.2 105.273 300 92
0 549.2 105.479 300 92
0 549.2 105.778 300 92
0 549.2 105.898 300 92
0 549.2 106.059 300 92
0 549.2 106.167 300 92
0 549.2 106.285 300 92
0 549.2 106.419 300 92
0 549.2 106.667 300 92
0 549.2 106.791 300 92
0 549.2 106.885 300 92
0 549.2 107.027 300 92
0 549.2 107.188 300 92
0 549.2 107.307 300 92
0 549.2 107.437 300 92
0 549.2 107.611 300 92
0 549.2 107.788 300 92
0 549.2 107.951 300 92
0 549.2 108.079 300 92
0 549.2 108.2 300 92
0 549.2 108.319 300 92
0 549.2 108.448 300 92
0 549.2 108.576 300 92
0 549.2 108.683 300 92
0 549.2 108.808 300 92
0 549.2 108.925 300 92
0 549.2 109.052 300 92
0 549.2 109.197 300 92
0 549.2 109.342 300 92
0 549.2 109.495 300 92
0 549.2 109.579 300 92
0 549.2 109.713 300 92
0 549.2 109.853 300 92
0 549.2 109.959 300 92
0 549.2 110.219 300 92
0 549.2 110.346 300 92
0 549.2 110.49 300 92
0 549.2 110.617 300 92
0 549.2 110.779 300 92
0 549.2 110.901 300 92
0 549.2 111.013 300 92
0 549.2 111.221 300 92
0 549.2 111.354 300 92
0 549.2 111.493 300 92
0 549.2 111.624 300 92
0 549.2 111.766 300 92
0 549.2 111.885 300 92
0 549.2 112.02 300 92
0 549.2 112.1 300 92
0 549.2 112.244 300 92
0 549.2 112.41 300 92
0 549.2 112.538 300 92
0 549.2 112.732 300 92
0 549.2 112.87 300 92
0 549.2 113.049 300 92
0 549.2 113.178 300 92
0 549.2 113.374 300 92
0 549.2 113.51 300 92
0 549.2 113.638 300 92
0 549.2 113.777 300 92
0 549.2 113.91 300 92
0 549.2 114.033 300 92
0 549.2 114.215 300 92
0 549.2 114.329 300 92
0 549.2 114.47 300 92
0 549.2 114.648 300 92
0 549.2 114.777 300 92
0 549.2 114.912 300 92
0 549.2 115.064 300 92
0 549.2 115.195 300 92
0 549.2 115.393 300 92
0 549.2 115.479 300 92
0 549.2 115.644 300 92
0 549.2 115.805 300 92
0 549.2 115.926 300 92
0 549.2 116.107 300 92
0 549.2 116.236 300 92
0 549.2 116.324 300 92
0 549.2 116.46 300 92
0 549.2 116.672 300 92
0 549.2 116.796 300 92
0 549.2 116.914 300 92
0 549.2 117.043 300 92
0 549.2 117.171 300 92
0 549.2 117.249 300 92
0 549.2 117.372 300 92
0 549.2 117.499 300 92
0 549.2 117.611 300 92
0 549.2 117.68 300 92
0 549.2 117.877 300 92
0 549.2 118.084 300 92
0 549.2 118.203 300 92
0 549.2 118.318 300 92
0 549.2 118.497 300 92
0 549.2 118.635 300 92
0 549.2 118.76 300 92
0 549.2 118.921 300 92
0 549.2 119.148 300 92
0 549.2 119.204 300 92
0 549.2 119.338 300 92
0 549.2 119.45 300 92
0 549.2 119.548 300 92
0 549.2 119.639 300 92
0 549.2 119.729 300 92
0 549.2 119.807 300 92
0 549.2 119.965 300 92
0 549.2 120.056 300 92
0 549.2 120.144 300 92
0 549.2 120.281 300 92
0 549.2 120.359 300 92
0 549.2 120.443 300 92
0 549.2 120.525 300 92
0 549.2 120.606 300 92
0 549.2 120.686 300 92
0 549.2 120.763 300 92
0 549.2 120.907 300 92
0 549.2 121.018 300 92
0 549.2 121.092 300 92
0 549.2 121.182 300 92
0 549.2 121.313 300 92
0 549.2 121.397 300 92
0 549.2 121.479 300 92
0 549.2 121.561 300 92
0 549.2 121.646 300 92
0 549.2 121.738 300 92
0 549.2 121.817 300 92
0 549.2 121.906 300 92
0 549.2 121.99 300 92
0 549.2 122.045 300 92
0 549.2 122.125 300 92
0 549.2 122.222 300 92
0 549.2 122.352 300 92
0 549.2 122.56 300 92
0 549.2 122.69 300 92
0 549.2 122.965 300 92
0 549.2 123.086 300 92
0 549.2 123.228 300 92
0 549.2 123.483 300 92
0 549.2 123.605 300 92
0 549.2 123.732 300 92
0 549.2 123.858 300 92
0 549.2 123.971 300 92
0 549.2 124.089 300 92
0 549.2 124.213 300 92
0 549.2 124.372 300 92
0 549.2 124.519 300 92
0 549.2 124.715 300 92
0 549.2 124.874 300 92
0 549.2 125.069 300 92
0 549.2 125.194 300 92
0 549.2 125.316 300 92
0 549.2 125.429 300 92
0 549.2 125.537 300 92
0 549.2 125.705 300 92
0 549.2 125.837 300 92
0 549.2 126.013 300 92
0 549.2 126.134 300 92
0 549.2 126.358 300 92
0 549.2 126.526 300 92
0 549.2 126.649 300 92
0 549.2 126.795 300 92
0 549.2 126.933 300 92
0 549.2 127.087 300 92
0 549.2 127.218 300 92
0 549.2 127.326 300 92
0 549.2 127.461 300 92
0 549.2 127.584 300 92
0 549.2 127.714 300 92
0 549.2 127.844 300 92
0 549.2 127.966 300 92
0 549.2 128.093 300 92
0 549.2 128.312 300 92
0 549.2 128.478 300 92
0 549.2 128.603 300 92
0 549.2 128.731 300 92
0 549.2 128.936 300 92
0 549.2 129.066 300 92
0 549.2 129.197 300 92
0 549.2 129.374 300 92
0 549.2 129.505 300 92
0 549.2 129.664 300 92
0 549.2 129.78 300 92
0 549.2 129.984 300 92
0 549.2 130.104 300 92
0 549.2 130.22 300 92
0 549.2 130.327 300 92
0 549.2 130.455 300 92
0 549.2 130.557 300 92
0 549.2 130.684 300 92
0 549.2 130.845 300 92
0 549.2 130.986 300 92
0 549.2 131.102 300 92
0 549.2 131.22 300 92
0 549.2 131.404 300 92
0 549.2 131.541 300 92
0 549.2 131.663 300 92
0 549.2 131.848 300 92
0 549.2 131.941 300 92
0 549.2 132.148 300 92
0 549.2 132.291 300 92
0 549.2 132.468 300 92
0 549.2 132.617 300 92
0 549.2 132.7 300 92
0 549.2 132.831 300 92
0 549.2 132.991 300 92
0 549.2 133.124 300 92
0 549.2 133.316 300 92
0 549.2 133.459 300 92
0 549.2 133.67 300 92
0 549.2 133.861 300 92
0 549.2 133.985 300 92
0 549.2 134.117 300 92
0 549.2 134.256 300 92
0 549.2 134.411 300 92
0 549.2 134.583 300 92
0 549.2 134.775 300 92
0 549.2 134.913 300 92
0 549.2 135.044 300 92
0 549.2 135.164 300 92
0 549.2 135.293 300 92
0 549.2 135.433 300 92
0 549.2 135.552 300 92
0 549.2 135.684 300 92
0 549.2 135.809 300 92
0 549.2 135.952 300 92
0 549.2 136.08 300 92
0 549.2 136.212 300 92
0 549.2 136.353 300 92
0 549.2 136.491 300 92
0 549.2 136.618 300 92
0 549.2 136.708 300 92
0 549.2 136.824 300 92
0 549.2 136.934 300 92
0 549.2 137.074 300 92
0 549.2 137.221 300 92
0 549.2 137.358 300 92
0 549.2 137.516 300 92
0 549.2 137.647 300 92
0 549.2 137.831 300 92
0 549.2 138.052 300 92
0 549.2 138.247 300 92
0 549.2 138.462 300 92
0 549.2 138.637 300 92
0 549.2 138.768 300 92
0 549.2 138.896 300 92
0 549.2 139.015 300 92
0 549.2 139.143 300 92
0 549.2 139.314 300 92
0 549.2 139.451 300 92
0 549.2 139.576 300 92
0 549.2 139.717 300 92
0 549.2 139.835 300 92
0 549.2 139.956 300 92
0 549.2 140.241 300 92
0 549.2 140.379 300 92
0 549.2 140.512 300 92
0 549.2 140.637 300 92
0 549.2 140.755 300 92
0 549.2 140.924 300 92
0 549.2 141.088 300 92
0 549.2 141.396 300 92
0 549.2 141.515 300 92
0 549.2 141.694 300 92
0 549.2 141.82 300 92
0 549.2 141.945 300 92
0 549.2 142.062 300 92
0 549.2 142.18 300 92
0 549.2 142.352 300 92
0 549.2 142.478 300 92
0 549.2 142.614 300 92
0 549.2 142.769 300 92
0 549.2 142.906 300 92
0 549.2 143.069 300 92
0 549.2 143.189 300 92
0 549.2 143.318 300 92
0 549.2 143.456 300 92
0 549.2 143.581 300 92
0 549.2 143.718 300 92
0 549.2 143.847 300 92
0 549.2 144.019 300 92
0 549.2 144.233 300 92
0 549.2 144.405 300 92
0 549.2 144.567 300 92
0 549.2 144.744 300 92
0 549.2 144.943 300 92
0 549.2 145.078 300 92
0 549.2 145.164 300 92
0 549.2 145.344 300 92
0 549.2 145.493 300 92
0 549.2 145.627 300 92
0 549.2 145.756 300 92
0 549.2 145.922 300 92
0 549.2 146.049 300 92
0 549.2 146.251 300 92
0 549.2 146.395 300 92
0 549.2 146.573 300 92
0 549.2 146.71 300 92
0 549.2 146.873 300 92
0 549.2 146.952 300 92
0 549.2 147.062 300 92
0 549.2 147.147 300 92
0 549.2 147.281 300 92
0 549.2 147.409 300 92
0 549.2 147.55 300 92
0 549.2 147.671 300 92
0 549.2 147.796 300 92
0 549.2 148.006 300 92
0 549.2 148.176 300 92
0 549.2 148.259 300 92
0 549.2 148.414 300 92
0 549.2 148.631 300 92
0 549.2 148.757 300 92
0 549.2 148.947 300 92
0 549.2 149.066 300 92
0 549.2 149.199 300 92
0 549.2 149.37 300 92
0 549.2 149.497 300 92
0 549.2 149.632 300 92
0 549.2 149.792 300 92
0 549.2 149.91 300 92
0 549.2 150.042 300 92
0 549.2 150.159 300 92
0 549.2 150.275 300 92
0 549.2 150.403 300 92
0 549.2 150.509 300 92
0 549.2 150.64 300 92
0 549.2 150.747 300 92
0 549.2 150.867 300 92
0 549.2 151.075 300 92
0 549.2 151.196 300 92
0 549.2 151.386 300 92
0 549.2 151.516 300 92
0 549.2 151.64 300 92
0 549.2 151.758 300 92
0 549.2 151.889 300 92
0 549.2 152.032 300 92
0 549.2 152.154 300 92
0 549.2 152.286 300 92
0 549.2 152.404 300 92
0 549.2 152.531 300 92
0 549.2 152.655 300 92
0 549.2 152.851 300 92
0 549.2 152.975 300 92
0 549.2 153.091 300 92
0 549.2 153.205 300 92
0 549.2 153.351 300 92
0 549.2 153.503 300 92
0 549.2 153.637 300 92
0 549.2 153.882 300 92
0 549.2 154.023 300 92
0 549.2 154.102 300 92
0 549.2 154.232 300 92
0 549.2 154.381 300 92
0 549.2 154.633 300 92
0 549.2 154.763 300 92
0 549.2 154.969 300 92
0 549.2 155.18 300 92
0 549.2 155.304 300 92
0 549.2 155.427 300 92
0 549.2 155.55 300 92
0 549.2 155.664 300 92
0 549.2 155.795 300 92
0 549.2 155.956 300 92
0 549.2 156.073 300 92
0 549.2 156.204 300 92
0 549.2 156.344 300 92
0 549.2 156.484 300 92
0 549.2 156.612 300 92
0 549.2 156.799 300 92
0 549.2 156.961 300 92
0 549.2 157.089 300 92
0 549.2 157.275 300 92
0 549.2 157.396 300 92
0 549.2 157.528 300 92
0 549.2 157.64 300 92
0 549.2 157.873 300 92
0 549.2 158.015 300 92
0 549.2 158.146 300 92
0 549.2 158.278 300 92
0 549.2 158.412 300 92
0 549.2 158.541 300 92
0 549.2 158.684 300 92
0 549.2 158.803 300 92
0 549.2 158.932 300 92
0 549.2 159.118 300 92
0 549.2 159.257 300 92
0 549.2 159.392 300 92
0 549.2 159.529 300 92
0 549.2 159.657 300 92
0 549.2 159.791 300 92
0 549.2 159.973 300 92
0 549.2 160.182 300 92
0 549.2 160.32 300 92
0 549.2 160.579 300 92
0 549.2 160.708 300 92
0 549.2 160.844 300 92
0 549.2 160.974 300 92
0 549.2 161.092 300 92
0 549.2 161.26 300 92
0 549.2 161.343 300 92
0 549.2 161.465 300 92
0 549.2 161.595 300 92
0 549.2 161.736 300 92
0 549.2 161.912 300 92
0 549.2 162.023 300 92
0 549.2 162.162 300 92
0 549.2 162.295 300 92
0 549.2 162.44 300 92
0 549.2 162.563 300 92
0 549.2 162.702 300 92
0 549.2 162.809 300 92
0 549.2 162.982 300 92
0 549.2 163.147 300 92
0 549.2 163.287 300 92
0 549.2 163.434 300 92
0 549.2 163.55 300 92
0 549.2 163.679 300 92
0 549.2 163.799 300 92
0 549.2 163.975 300 92
0 549.2 164.198 300 92
0 549.2 164.372 300 92
0 549.2 164.537 300 92
0 549.2 164.643 300 92
0 549.2 164.819 300 92
0 549.2 164.947 300 92
0 549.2 165.11 300 92
0 549.2 165.239 300 92
0 549.2 165.468 300 92
0 549.2 165.609 300 92
0 549.2 165.742 300 92
0 549.2 165.874 300 92
0 549.2 166.001 300 92
0 549.2 166.175 300 92
0 549.2 166.451 300 92
0 549.2 166.621 300 92
0 549.2 166.746 300 92
0 549.2 166.884 300 92
0 549.2 167.022 300 92
0 549.2 167.224 300 92
0 549.2 167.373 300 92
0 549.2 167.489 300 92
0 549.2 167.601 300 92
0 549.2 167.722 300 92
0 549.2 167.852 300 92
0 549.2 168.024 300 92
0 549.2 168.172 300 92
0 549.2 168.35 300 92
0 549.2 168.558 300 92
0 549.2 168.678 300 92
0 549.2 168.818 300 92
0 549.2 168.949 300 92
0 549.2 169.143 300 92
0 549.2 169.314 300 92
0 549.2 169.456 300 92
0 549.2 169.616 300 92
0 549.2 169.734 300 92
0 549.2 169.903 300 92
0 549.2 170.051 300 92
0 549.2 170.244 300 92
0 549.2 170.461 300 92
0 549.2 170.637 300 92
0 549.2 170.768 300 92
0 549.2 170.9 300 92
0 549.2 171.063 300 92
0 549.2 171.199 300 92
0 549.2 171.315 300 92
0 549.2 171.455 300 92
0 549.2 171.585 300 92
0 549.2 171.759 300 92
0 549.2 171.885 300 92
0 549.2 172.061 300 92
0 549.2 172.199 300 92
0 549.2 172.363 300 92
0 549.2 172.533 300 92
0 549.2 172.66 300 92
0 549.2 172.773 300 92
0 549.2 172.904 300 92
0 549.2 173.038 300 92
0 549.2 173.162 300 92
0 549.2 173.297 300 92
0 549.2 173.438 300 92
0 549.2 173.57 300 92
0 549.2 173.716 300 92
0 549.2 173.843 300 92
0 549.2 173.965 300 92
0 549.2 174.106 300 92
0 549.2 174.215 300 92
0 549.2 174.349 300 92
0 549.2 174.445 300 92
0 549.2 174.578 300 92
0 549.2 174.689 300 92
0 549.2 174.819 300 92
0 549.2 174.958 300 92
0 549.2 175.095 300 92
0 549.2 175.21 300 92
0 549.2 175.35 300 92
0 549.2 175.519 300 92
0 549.2 175.686 300 92
0 549.2 175.881 300 92
0 549.2 176.044 300 92
0 549.2 176.178 300 92
0 549.2 176.307 300 92
0 549.2 176.385 300 92
0 549.2 176.508 300 92
0 549.2 176.696 300 92
0 549.2 176.815 300 92
0 549.2 176.99 300 92
0 549.2 177.113 300 92
0 549.2 177.322 300 92
0 549.2 177.437 300 92
0 549.2 177.574 300 92
0 549.2 177.675 300 92
0 549.2 177.798 300 92
0 549.2 177.937 300 92
0 549.2 178.122 300 92
0 549.2 178.251 300 92
0 549.2 178.422 300 92
0 549.2 178.536 300 92
0 549.2 178.67 300 92
0 549.2 178.792 300 92
0 549.2 178.917 300 92
0 549.2 179.041 300 92
0 549.2 179.167 300 92
0 549.2 179.295 300 92
0 549.2 179.434 300 92
0 549.2 179.574 300 92
0 549.2 179.751 300 92
0 549.2 179.894 300 92
0 549.2 180.19 300 92
0 549.2 180.329 300 92
0 549.2 180.46 300 92
0 549.2 180.565 300 92
0 549.2 180.695 300 92
0 549.2 180.897 300 92
0 549.2 181.017 300 92
0 549.2 181.146 300 92
0 549.2 181.275 300 92
0 549.2 181.402 300 92
0 549.2 181.524 300 92
0 549.2 181.667 300 92
0 549.2 181.808 300 92
0 549.2 181.943 300 92
0 549.2 182.118 300 92
0 549.2 182.248 300 92
0 549.2 182.419 300 92
0 549.2 182.631 300 92
0 549.2 182.831 300 92
0 549.2 182.955 300 92
0 549.2 183.096 300 92
0 549.2 183.237 300 92
0 549.2 183.327 300 92
0 549.2 183.512 300 92
0 549.2 183.654 300 92
0 549.2 183.83 300 92
0 549.2 184.003 300 92
0 549.2 184.223 300 92
0 549.2 184.359 300 92
0 549.2 184.478 300 92
0 549.2 184.609 300 92
0 549.2 184.84 300 92
0 549.2 184.972 300 92
0 549.2 185.134 300 92
0 549.2 185.268 300 92
0 549.2 185.503 300 92
0 549.2 185.702 300 92
0 549.2 185.827 300 92
0 549.2 185.977 300 92
0 549.2 186.112 300 92
0 549.2 186.195 300 92
0 549.2 186.379 300 92
0 549.2 186.518 300 92
0 549.2 186.639 300 92
0 549.2 186.767 300 92
0 549.2 186.952 300 92
0 549.2 187.074 300 92
0 549.2 187.201 300 92
0 549.2 187.342 300 92
0 549.2 187.476 300 92
0 549.2 187.749 300 92
0 549.2 187.879 300 92
0 549.2 188.14 300 92
0 549.2 188.253 300 92
0 549.2 188.387 300 92
0 549.2 188.516 300 92
0 549.2 188.65 300 92
0 549.2 188.808 300 92
0 549.2 188.982 300 92
0 549.2 189.133 300 92
0 549.2 189.268 300 92
0 549.2 189.401 300 92
0 549.2 189.57 300 92
0 549.2 189.725 300 92
0 549.2 189.854 300 92
0 549.2 190.012 300 92
0 549.2 190.158 300 92
0 549.2 190.284 300 92
0 549.2 190.456 300 92
0 549.2 190.539 300 92
0 549.2 190.664 300 92
0 549.2 190.794 300 92
0 549.2 190.988 300 92
0 549.2 191.126 300 92
0 549.2 191.255 300 92
0 549.2 191.385 300 92
0 549.2 191.524 300 92
0 549.2 191.7 300 92
0 549.2 191.834 300 92
0 549.2 191.96 300 92
0 549.2 192.139 300 92
0 549.2 192.256 300 92
0 549.2 192.386 300 92
0 549.2 192.524 300 92
0 549.2 192.649 300 92
0 549.2 192.764 300 92
0 549.2 192.943 300 92
0 549.2 193.084 300 92
0 549.2 193.228 300 92
0 549.2 193.396 300 92
0 549.2 193.521 300 92
0 549.2 193.702 300 92
0 549.2 193.832 300 92
0 549.2 193.963 300 92
0 549.2 194.182 300 92
0 549.2 194.293 300 92
0 549.2 194.43 300 92
0 549.2 194.575 300 92
0 549.2 194.696 300 92
0 549.2 194.825 300 92
0 549.2 194.949 300 92
0 549.2 195.086 300 92
0 549.2 195.223 300 92
0 549.2 195.447 300 92
0 549.2 195.595 300 92
0 549.2 195.732 300 92
0 549.2 195.863 300 92
0 549.2 196.001 300 92
0 549.2 196.239 300 92
0 549.2 196.424 300 92
0 549.2 196.564 300 92
0 549.2 196.783 300 92
0 549.2 196.9 300 92
0 549.2 197.077 300 92
0 549.2 197.225 300 92
0 549.2 197.461 300 92
0 549.2 197.616 300 92
0 549.2 197.745 300 92
0 549.2 197.871 300 92
0 549.2 198.007 300 92
0 549.2 198.178 300 92
0 549.2 198.302 300 92
0 549.2 198.397 300 92
0 549.2 198.534 300 92
0 549.2 198.674 300 92
0 549.2 198.809 300 92
0 549.2 198.988 300 92
0 549.2 199.202 300 92
0 549.2 199.346 300 92
0 549.2 199.474 300 92
0 549.2 199.604 300 92
0 549.2 199.794 300 92
0 549.2 200.012 300 92
0 549.2 200.155 300 92
0 549.2 200.268 300 92
0 549.2 200.397 300 92
0 549.2 200.538 300 92
0 549.2 200.662 300 92
0 549.2 200.774 300 92
0 549.2 200.902 300 92
0 549.2 201.068 300 92
0 549.2 201.146 300 92
0 549.2 201.264 300 92
0 549.2 201.383 300 92
0 549.2 201.52 300 92
0 549.2 201.651 300 92
0 549.2 201.786 300 92
0 549.2 201.927 300 92
0 549.2 202.053 300 92
0 549.2 202.175 300 92
0 549.2 202.303 300 92
0 549.2 202.519 300 92
0 549.2 202.64 300 92
0 549.2 202.731 300 92
0 549.2 202.963 300 92
0 549.2 203.079 300 92
0 549.2 203.216 300 92
0 549.2 203.351 300 92
0 549.2 203.553 300 92
0 549.2 203.676 300 92
0 549.2 203.804 300 92
0 549.2 203.937 300 92
0 549.2 204.083 300 92
0 549.2 204.23 300 92
0 549.2 204.357 300 92
0 549.2 204.572 300 92
0 549.2 204.686 300 92
0 549.2 204.81 300 92
0 549.2 204.93 300 92
0 549.2 205.131 300 92
0 549.2 205.248 300 92
0 549.2 205.447 300 92
0 549.2 205.585 300 92
0 549.2 205.721 300 92
0 549.2 205.884 300 92
0 549.2 206.004 300 92
0 549.2 206.176 300 92
0 549.2 206.295 300 92
0 549.2 206.42 300 92
0 549.2 206.552 300 92
0 549.2 206.737 300 92
0 549.2 206.91 300 92
0 549.2 207.033 300 92
0 549.2 207.16 300 92
0 549.2 207.364 300 92
0 549.2 207.553 300 92
0 549.2 207.687 300 92
0 549.2 207.828 300 92
0 549.2 207.946 300 92
0 549.2 208.071 300 92
0 549.2 208.196 300 92
0 549.2 208.401 300 92
0 549.2 208.53 300 92
0 549.2 208.656 300 92
0 549.2 208.782 300 92
0 549.2 208.914 300 92
0 549.2 209.04 300 92
0 549.2 209.162 300 92
0 549.2 209.296 300 92
0 549.2 209.482 300 92
0 549.2 209.618 300 92
0 549.2 209.741 300 92
0 549.2 209.877 300 92
0 549.2 210.005 300 92
0 549.2 210.125 300 92
0 549.2 210.303 300 92
0 549.2 210.425 300 92
0 549.2 210.613 300 92
0 549.2 210.753 300 92
0 549.2 210.875 300 92
0 549.2 211.007 300 92
0 549.2 211.182 300 92
0 549.2 211.309 300 92
0 549.2 211.444 300 92
0 549.2 211.569 300 92
0 549.2 211.694 300 92
0 549.2 211.792 300 92
0 549.2 211.957 300 92
0 549.2 212.091 300 92
0 549.2 212.272 300 92
0 549.2 212.392 300 92
0 549.2 212.52 300 92
0 549.2 212.647 300 92
0 549.2 212.774 300 92
0 549.2 212.996 300 92
0 549.2 213.115 300 92
0 549.2 213.335 300 92
0 549.2 213.453 300 92
0 549.2 213.613 300 92
0 549.2 213.742 300 92
0 549.2 213.887 300 92
0 549.2 214.015 300 92
0 549.2 214.132 300 92
0 549.2 214.263 300 92
0 549.2 214.404 300 92
0 549.2 214.529 300 92
0 549.2 214.648 300 92
0 549.2 214.772 300 92
0 549.2 214.916 300 92
0 549.2 215.03 300 92
0 549.2 215.227 300 92
0 549.2 215.347 300 92
0 549.2 215.558 300 92
0 549.2 215.667 300 92
0 549.2 215.791 300 92
0 549.2 215.929 300 92
0 549.2 216.055 300 92
0 549.2 216.18 300 92
0 549.2 216.316 300 92
0 549.2 216.457 300 92
0 549.2 216.661 300 92
0 549.2 216.768 300 92
0 549.2 216.998 300 92
0 549.2 217.111 300 92
0 549.2 217.286 300 92
0 549.2 217.467 300 92
0 549.2 217.587 300 92
0 549.2 217.719 300 92
0 549.2 217.955 300 92
0 549.2 218.076 300 92
0 549.2 218.208 300 92
0 549.2 218.399 300 92
0 549.2 218.541 300 92
0 549.2 218.666 300 92
0 549.2 218.794 300 92
0 549.2 218.954 300 92
0 549.2 219.037 300 92
0 549.2 219.196 300 92
0 549.2 219.328 300 92
0 549.2 219.58 300 92
0 549.2 219.719 300 92
0 549.2 219.912 300 92
0 549.2 220.041 300 92
0 549.2 220.154 300 92
0 549.2 220.283 300 92
0 549.2 220.444 300 92
0 549.2 220.562 300 92
0 549.2 220.694 300 92
0 549.2 220.857 300 92
0 549.2 221.029 300 92
0 549.2 221.155 300 92
0 549.2 221.273 300 92
0 549.2 221.439 300 92
0 549.2 221.573 300 92
0 549.2 221.74 300 92
0 549.2 221.886 300 92
0 549.2 222.063 300 92
0 549.2 222.222 300 92
0 549.2 222.337 300 92
0 549.2 222.437 300 92
0 549.2 222.566 300 92
0 549.2 222.703 300 92
0 549.2 222.885 300 92
0 549.2 223.008 300 92
0 549.2 223.179 300 92
0 549.2 223.297 300 92
0 549.2 223.448 300 92
0 549.2 223.54 300 92
0 549.2 223.649 300 92
0 549.2 223.778 300 92
0 549.2 223.99 300 92
0 549.2 224.115 300 92
0 549.2 224.208 300 92
0 549.2 224.349 300 92
0 549.2 224.469 300 92
0 549.2 224.6 300 92
0 549.2 224.709 300 92
0 549.2 224.87 300 92
0 549.2 225.009 300 92
0 549.2 225.141 300 92
0 549.2 225.216 300 92
0 549.2 225.341 300 92
0 549.2 225.461 300 92
0 549.2 225.63 300 92
0 549.2 225.767 300 92
0 549.2 225.97 300 92
0 549.2 226.103 300 92
0 549.2 226.269 300 92
0 549.2 226.41 300 92
0 549.2 226.529 300 92
0 549.2 226.646 300 92
0 549.2 226.763 300 92
0 549.2 226.882 300 92
0 549.2 227.124 300 92
0 549.2 227.263 300 92
0 549.2 227.384 300 92
0 549.2 227.494 300 92
0 549.2 227.619 300 92
0 549.2 227.75 300 92
0 549.2 227.886 300 92
0 549.2 228.003 300 92
0 549.2 228.129 300 92
0 549.2 228.217 300 92
0 549.2 228.344 300 92
0 549.2 228.549 300 92
0 549.2 228.759 300 92
0 549.2 228.928 300 92
0 549.2 229.058 300 92
0 549.2 229.19 300 92
0 549.2 229.323 300 92
0 549.2 229.445 300 92
0 549.2 229.586 300 92
0 549.2 229.704 300 92
0 549.2 229.828 300 92
0 549.2 230.028 300 92
0 549.2 230.15 300 92
0 549.2 230.284 300 92
0 549.2 230.417 300 92
0 549.2 230.589 300 92
0 549.2 230.792 300 92
0 549.2 230.925 300 92
0 549.2 231.065 300 92
0 549.2 231.193 300 92
0 549.2 231.323 300 92
0 549.2 231.44 300 92
0 549.2 231.582 300 92
0 549.2 231.711 300 92
0 549.2 231.837 300 92
0 549.2 231.994 300 92
0 549.2 232.17 300 92
0 549.2 232.325 300 92
0 549.2 232.459 300 92
0 549.2 232.587 300 92
0 549.2 232.703 300 92
0 549.2 232.885 300 92
0 549.2 233.028 300 92
0 549.2 233.178 300 92
0 549.2 233.336 300 92
0 549.2 233.555 300 92
0 549.2 233.734 300 92
0 549.2 233.819 300 92
0 549.2 233.996 300 92
0 549.2 234.121 300 92
0 549.2 234.235 300 92
0 549.2 234.368 300 92
0 549.2 234.5 300 92
0 549.2 234.62 300 92
0 549.2 234.731 300 92
0 549.2 234.82 300 92
0 549.2 234.94 300 92
0 549.2 235.048 300 92
0 549.2 235.2 300 92
0 549.2 235.315 300 92
0 549.2 235.464 300 92
0 549.2 235.556 300 92
0 549.2 235.658 300 92
0 549.2 235.773 300 92
0 549.2 235.901 300 92
0 549.2 236.211 300 92
0 549.2 236.342 300 92
0 549.2 236.475 300 92
0 549.2 236.598 300 92
0 549.2 236.731 300 92
0 549.2 236.865 300 92
0 549.2 237.054 300 92
0 549.2 237.175 300 92
0 549.2 237.384 300 92
0 549.2 237.571 300 92
0 549.2 237.689 300 92
0 549.2 237.841 300 92
0 549.2 237.962 300 92
0 549.2 238.173 300 92
0 549.2 238.31 300 92
0 549.2 238.43 300 92
0 549.2 238.55 300 92
0 549.2 238.729 300 92
0 549.2 238.91 300 92
0 549.2 239.05 300 92
0 549.2 239.21 300 92
0 549.2 239.359 300 92
0 549.2 239.479 300 92
0 549.2 239.607 300 92
0 549.2 239.747 300 92
0 549.2 239.88 300 92
0 549.2 240.03 300 92
0 549.2 240.159 300 92
0 549.2 240.307 300 92
0 549.2 240.441 300 92
0 549.2 240.577 300 92
0 549.2 240.747 300 92
0 549.2 240.864 300 92
0 549.2 241.011 300 92
0 549.2 241.151 300 92
0 549.2 241.334 300 92
0 549.2 241.508 300 92
0 549.2 241.64 300 92
0 549.2 241.829 300 92
0 549.2 241.97 300 92
0 549.2 242.079 300 92
0 549.2 242.203 300 92
0 549.2 242.385 300 92
0 549.2 242.51 300 92
0 549.2 242.717 300 92
0 549.2 242.834 300 92
0 549.2 242.928 300 92
0 549.2 243.081 300 92
0 549.2 243.214 300 92
0 549.2 243.375 300 92
0 549.2 243.552 300 92
0 549.2 243.693 300 92
0 549.2 243.887 300 92
0 549.2 244.036 300 92
0 549.2 244.178 300 92
0 549.2 244.385 300 92
0 549.2 244.476 300 92
0 549.2 244.68 300 92
0 549.2 244.83 300 92
0 549.2 245.035 300 92
0 549.2 245.198 300 92
0 549.2 245.331 300 92
0 549.2 245.49 300 92
0 549.2 245.638 300 92
0 549.2 245.825 300 92
0 549.2 245.954 300 92
0 549.2 246.08 300 92
0 549.2 246.213 300 92
0 549.2 246.342 300 92
0 549.2 246.485 300 92
0 549.2 246.611 300 92
0 549.2 246.754 300 92
0 549.2 246.951 300 92
0 549.2 247.091 300 92
0 549.2 247.275 300 92
0 549.2 247.414 300 92
0 549.2 247.501 300 92
0 549.2 247.675 300 92
0 549.2 247.809 300 92
0 549.2 247.994 300 92
0 549.2 248.169 300 92
0 549.2 248.304 300 92
0 549.2 248.53 300 92
0 549.2 248.664 300 92
0 549.2 248.896 300 92
0 549.2 249.043 300 92
0 549.2 249.178 300 92
0 549.2 249.276 300 92
0 549.2 249.502 300 92
0 549.2 249.643 300 92
0 549.2 249.772 300 92
0 549.2 249.942 300 92
0 549.2 250.075 300 92
0 549.2 250.22 300 92
0 549.2 250.414 300 92
0 549.2 250.609 300 92
0 549.2 250.703 300 92
0 549.2 250.888 300 92
0 549.2 251.081 300 92
0 549.2 251.266 300 92
0 549.2 251.42 300 92
0 549.2 251.55 300 92
0 549.2 251.737 300 92
0 549.2 251.89 300 92
0 549.2 252.121 300 92
0 549.2 252.256 300 92
0 549.2 252.389 300 92
0 549.2 252.557 300 92
0 549.2 252.804 300 92
0 549.2 252.907 300 92
0 549.2 253.089 300 92
0 549.2 253.231 300 92
0 549.2 253.354 300 92
0 549.2 253.519 300 92
0 549.2 253.715 300 92
0 549.2 253.916 300 92
0 549.2 254.048 300 92
0 549.2 254.236 300 92
0 549.2 254.379 300 92
0 549.2 254.51 300 92
0 549.2 254.669 300 92
0 549.2 254.814 300 92
0 549.2 255.02 300 92
0 549.2 255.144 300 92
0 549.2 255.281 300 92
0 549.2 255.424 300 92
0 549.2 255.544 300 92
0 549.2 255.667 300 92
0 549.2 255.805 300 92
0 549.2 255.93 300 92
0 549.2 256.06 300 92
0 549.2 256.194 300 92
0 549.2 256.402 300 92
0 549.2 256.568 300 92
0 549.2 256.8 300 92
0 549.2 256.931 300 92
0 549.2 257.094 300 92
0 549.2 257.21 300 92
0 549.2 257.401 300 92
0 549.2 257.537 300 92
0 549.2 257.709 300 92
0 549.2 257.849 300 92
0 549.2 257.984 300 92
0 549.2 258.131 300 92
0 549.2 258.277 300 92
0 549.2 258.445 300 92
0 549.2 258.692 300 92
0 549.2 258.84 300 92
0 549.2 258.978 300 92
0 549.2 259.133 300 92
0 549.2 259.266 300 92
0 549.2 259.421 300 92
0 549.2 259.546 300 92
0 549.2 259.676 300 92
0 549.2 259.866 300 92
0 549.2 259.999 300 92
0 549.2 260.141 300 92
0 549.2 260.299 300 92
0 549.2 260.435 300 92
0 549.2 260.585 300 92
0 549.2 260.73 300 92
0 549.2 260.857 300 92
0 549.2 260.999 300 92
0 549.2 261.272 300 92
0 549.2 261.394 300 92
0 549.2 261.525 300 92
0 549.2 261.65 300 92
0 549.2 261.78 300 92
0 549.2 261.954 300 92
0 549.2 262.1 300 92
0 549.2 262.278 300 92
0 549.2 262.44 300 92
0 549.2 262.573 300 92
0 549.2 262.718 300 92
0 549.2 262.862 300 92
0 549.2 263.052 300 92
0 549.2 263.222 300 92
0 549.2 263.378 300 92
0 549.2 263.499 300 92
0 549.2 263.629 300 92
0 549.2 263.753 300 92
0 549.2 263.893 300 92
0 549.2 263.983 300 92
0 549.2 264.136 300 92
0 549.2 264.245 300 92
0 549.2 264.467 300 92
0 549.2 264.623 300 92
0 549.2 264.724 300 92
0 549.2 264.861 300 92
0 549.2 265.077 300 92
0 549.2 265.305 300 92
0 549.2 265.446 300 92
0 549.2 265.695 300 92
0 549.2 265.898 300 92
0 549.2 266.073 300 92
0 549.2 266.208 300 92
0 549.2 266.338 300 92
0 549.2 266.459 300 92
0 549.2 266.583 300 92
0 549.2 266.726 300 92
0 549.2 266.876 300 92
0 549.2 267.047 300 92
0 549.2 267.193 300 92
0 549.2 267.335 300 92
0 549.2 267.472 300 92
0 549.2 267.651 300 92
0 549.2 267.787 300 92
0 549.2 267.93 300 92
0 549.2 268.188 300 92
0 549.2 268.322 300 92
0 549.2 268.502 300 92
0 549.2 268.657 300 92
0 549.2 268.801 300 92
0 549.2 268.932 300 92
0 549.2 269.065 300 92
0 549.2 269.23 300 92
0 549.2 269.353 300 92
0 549.2 269.478 300 92
0 549.2 269.595 300 92
0 549.2 269.771 300 92
0 549.2 269.928 300 92
0 549.2 270.074 300 92
0 549.2 270.222 300 92
0 549.2 270.383 300 92
0 549.2 270.541 300 92
0 549.2 270.668 300 92
0 549.2 270.818 300 92
0 549.2 270.956 300 92
0 549.2 271.111 300 92
0 549.2 271.257 300 92
0 549.2 271.407 300 92
0 549.2 271.525 300 92
0 549.2 271.672 300 92
0 549.2 271.862 300 92
0 549.2 271.958 300 92
0 549.2 272.218 300 92
0 549.2 272.373 300 92
0 549.2 272.563 300 92
0 549.2 272.697 300 92
0 549.2 272.834 300 92
0 549.2 272.958 300 92
0 549.2 273.102 300 92
0 549.2 273.232 300 92
0 549.2 273.351 300 92
0 549.2 273.495 300 92
0 549.2 273.637 300 92
0 549.2 273.784 300 92
0 549.2 273.931 300 92
0 549.2 274.08 300 92
0 549.2 274.303 300 92
0 549.2 274.438 300 92
0 549.2 274.529 300 92
0 549.2 274.678 300 92
0 549.2 274.815 300 92
0 549.2 274.974 300 92
0 549.2 275.099 300 92
0 549.2 275.249 300 92
0 549.2 275.378 300 92
0 549.2 275.551 300 92
0 549.2 275.628 300 92
0 549.2 275.782 300 92
0 549.2 275.94 300 92
0 549.2 276.068 300 92
0 549.2 276.21 300 92
0 549.2 276.533 300 92
0 549.2 276.786 300 92
0 549.2 277.038 300 92
0 549.2 277.29 300 92
0 549.2 277.517 300 92
0 549.2 277.699 300 92
0 549.2 277.904 300 92
0 549.2 278.121 300 92
0 549.2 278.338 300 92
0 549.2 278.527 300 92
0 549.2 278.708 300 92
0 549.2 278.926 300 92
0 549.2 279.199 300 92
0 549.2 279.42 300 92
0 549.2 279.763 300 92
0 549.2 279.957 300 92
0 549.2 280.119 300 92
0 549.2 280.444 300 92
0 549.2 280.659 300 92
0 549.2 280.845 300 92
0 549.2 280.953 300 92
0 549.2 281.169 300 92
0 549.2 281.394 300 92
0 549.2 281.507 300 92
0 549.2 281.71 300 92
0 549.2 282.074 300 92
0 549.2 282.312 300 92
0 549.2 282.486 300 92
0 549.2 282.696 300 92
0 549.2 282.955 300 92
0 549.2 283.177 300 92
0 549.2 283.474 300 92
0 549.2 283.793 300 92
0 549.2 283.977 300 92
0 549.2 284.236 300 92
0 549.2 284.575 300 92
0 549.2 284.751 300 92
0 549.2 284.869 300 92
0 549.2 284.996 300 92
0 549.2 285.194 300 92
0 549.2 285.364 300 92
0 549.2 285.551 300 92
0 549.2 285.8 300 92
0 549.2 286.149 300 92
0 549.2 286.337 300 92
0 549.2 286.525 300 92
0 549.2 286.722 300 92
0 549.2 286.915 300 92
0 549.2 287.099 300 92
0 549.2 287.267 300 92
0 549.2 287.449 300 92
0 549.2 287.622 300 92
0 549.2 287.855 300 92
0 549.2 288.029 300 92
0 549.2 288.321 300 92
0 549.2 288.494 300 92
0 549.2 288.64 300 92
0 549.2 288.825 300 92
0 549.2 288.993 300 92
0 549.2 289.224 300 92
0 549.2 289.408 300 92
0 549.2 289.6 300 92
0 549.2 289.846 300 92
0 549.2 290.052 300 92
0 549.2 290.205 300 92
0 549.2 290.39 300 92
0 549.2 290.574 300 92
0 549.2 290.766 300 92
0 549.2 290.943 300 92
0 549.2 291.105 300 92
0 549.2 291.298 300 92
0 549.2 291.498 300 92
0 549.2 291.737 300 92
0 549.2 292.029 300 92
0 549.2 292.203 300 92
0 549.2 292.38 300 92
0 549.2 292.488 300 92
0 549.2 292.726 300 92
0 549.2 292.886 300 92
0 549.2 293.146 300 92
0 549.2 293.317 300 92
0 549.2 293.497 300 92
0 549.2 293.668 300 92
0 549.2 293.98 300 92
0 549.2 294.16 300 92
0 549.2 294.326 300 92
0 549.2 294.53 300 92
0 549.2 294.684 300 92
0 549.2 294.871 300 92
0 549.2 295.023 300 92
0 549.2 295.52 300 92
0 549.2 295.706 300 92
0 549.2 295.899 300 92
0 549.2 296.071 300 92
0 549.2 296.263 300 92
0 549.2 296.44 300 92
0 549.2 296.609 300 92
0 549.2 296.788 300 92
0 549.2 297.01 300 92
0 549.2 297.191 300 92
0 549.2 297.422 300 92
0 549.2 297.774 300 92
0 549.2 298.032 300 92
0 549.2 298.209 300 92
0 549.2 298.334 300 92
0 549.2 298.58 300 92
0 549.2 298.753 300 92
0 549.2 298.983 300 92
0 549.2 299.216 300 92
0 549.2 299.423 300 92
0 549.2 299.656 300 92
0 549.2 299.994 300 92
0 549.2 300.192 300 92
0 549.2 300.409 300 92
0 549.2 300.568 300 92
0 549.2 300.75 300 92
0 549.2 300.913 300 92
0 549.2 301.099 300 92
0 549.2 301.275 300 92
0 549.2 301.429 300 92
0 549.2 301.622 300 92
0 549.2 301.788 300 92
0 549.2 301.949 300 92
0 549.2 302.23 300 92
0 549.2 302.419 300 92
0 549.2 302.642 300 92
0 549.2 302.809 300 92
0 549.2 302.963 300 92
0 549.2 303.176 300 92
0 549.2 303.352 300 92
0 549.2 303.532 300 92
0 549.2 303.702 300 92
0 549.2 303.87 300 92
0 549.2 304.252 300 92
0 549.2 304.473 300 92
0 549.2 304.632 300 92
0 549.2 304.79 300 92
0 549.2 304.953 300 92
0 549.2 305.096 300 92
0 549.2 305.318 300 92
0 549.2 305.469 300 92
0 549.2 305.616 300 92
0 549.2 305.735 300 92
0 549.2 305.833 300 92
0 549.2 305.955 300 92
0 549.2 306.117 300 92
0 549.2 306.259 300 92
0 549.2 306.489 300 92
0 549.2 306.671 300 92
0 549.2 306.771 300 92
0 549.2 306.925 300 92
0 549.2 307.184 300 92
0 549.2 307.313 300 92
0 549.2 307.441 300 92
0 549.2 307.611 300 92
0 549.2 307.739 300 92
0 549.2 307.918 300 92
0 549.2 308.101 300 92
0 549.2 308.227 300 92
0 549.2 308.36 300 92
0 549.2 308.473 300 92
0 549.2 308.623 300 92
0 549.2 308.734 300 92
0 549.2 308.853 300 92
0 549.2 308.976 300 92
0 549.2 309.149 300 92
0 549.2 309.304 300 92
0 549.2 309.51 300 92
0 549.2 309.757 300 92
0 549.2 309.924 300 92
0 549.2 310.077 300 92
0 549.2 310.246 300 92
0 549.2 310.338 300 92
0 549.2 310.516 300 92
0 549.2 310.652 300 92
0 549.2 310.83 300 92
0 549.2 310.965 300 92
0 549.2 311.095 300 92
0 549.2 311.228 300 92
0 549.2 311.352 300 92
0 549.2 311.483 300 92
0 549.2 311.655 300 92
0 549.2 311.841 300 92
0 549.2 311.973 300 92
0 549.2 312.114 300 92
0 549.2 312.301 300 92
0 549.2 312.579 300 92
0 549.2 312.822 300 92
0 549.2 313.117 300 92
0 549.2 313.295 300 92
0 549.2 313.491 300 92
0 549.2 313.617 300 92
0 549.2 313.786 300 92
0 549.2 313.923 300 92
0 549.2 314.145 300 92
0 549.2 314.269 300 92
0 549.2 314.41 300 92
0 549.2 314.551 300 92
0 549.2 314.737 300 92
0 549.2 314.891 300 92
0 549.2 315.023 300 92
0 549.2 315.179 300 92
0 549.2 315.272 300 92
0 549.2 315.406 300 92
0 549.2 315.579 300 92
0 549.2 315.713 300 92
0 549.2 315.829 300 92
0 549.2 316.089 300 92
0 549.2 316.363 300 92
0 549.2 316.685 300 92
0 549.2 316.852 300 92
0 549.2 316.991 300 92
0 549.2 317.136 300 92
0 549.2 317.311 300 92
0 549.2 317.431 300 92
0 549.2 317.563 300 92
0 549.2 317.741 300 92
0 549.2 317.918 300 92
0 549.2 318.059 300 92
0 549.2 318.216 300 92
0 549.2 318.328 300 92
0 549.2 318.515 300 92
0 549.2 318.596 300 92
0 549.2 318.717 300 92
0 549.2 318.892 300 92
0 549.2 319.052 300 92
0 549.2 319.175 300 92
0 549.2 319.319 300 92
0 549.2 319.477 300 92
0 549.2 319.626 300 92
0 549.2 319.805 300 92
0 549.2 319.901 300 92
0 549.2 320.082 300 92
0 549.2 320.287 300 92
0 549.2 320.463 300 92
0 549.2 320.637 300 92
0 549.2 320.762 300 92
0 549.2 320.89 300 92
0 549.2 321.005 300 92
0 549.2 321.141 300 92
0 549.2 321.329 300 92
0 549.2 321.515 300 92
0 549.2 321.684 300 92
0 549.2 321.815 300 92
0 549.2 321.939 300 92
0 549.2 322.07 300 92
0 549.2 322.204 300 92
0 549.2 322.345 300 92
0 549.2 322.535 300 92
0 549.2 322.714 300 92
0 549.2 322.878 300 92
0 549.2 323.024 300 92
0 549.2 323.238 300 92
0 549.2 323.384 300 92
0 549.2 323.54 300 92
0 549.2 323.699 300 92
0 549.2 323.867 300 92
0 549.2 324.014 300 92
0 549.2 324.142 300 92
0 549.2 324.247 300 92
0 549.2 324.346 300 92
0 549.2 324.432 300 92
0 549.2 324.525 300 92
0 549.2 324.611 300 92
0 549.2 324.704 300 92
0 549.2 324.788 300 92
0 549.2 324.914 300 92
0 549.2 325.007 300 92
0 549.2 325.128 300 92
0 549.2 325.232 300 92
0 549.2 325.312 300 92
0 549.2 325.404 300 92
0 549.2 325.489 300 92
0 549.2 325.596 300 92
0 549.2 325.706 300 92
0 549.2 325.795 300 92
0 549.2 325.891 300 92
0 549.2 325.989 300 92
0 549.2 326.08 300 92
0 549.2 326.178 300 92
0 549.2 326.266 300 92
0 549.2 326.357 300 92
0 549.2 326.445 300 92
0 549.2 326.524 300 92
0 549.2 326.583 300 92
0 549.2 326.674 300 92
0 549.2 326.762 300 92
0 549.2 326.882 300 92
0 549.2 326.937 300 92
0 549.2 327.06 300 92
0 549.2 327.178 300 92
0 549.2 327.254 300 92
0 549.2 327.335 300 92
0 549.2 327.464 300 92
0 549.2 327.546 300 92
0 549.2 327.666 300 92
0 549.2 327.759 300 92
0 549.2 327.847 300 92
0 549.2 327.948 300 92
0 549.2 328.065 300 92
0 549.2 328.155 300 92
0 549.2 328.303 300 92
0 549.2 328.461 300 92
0 549.2 328.597 300 92
0 549.2 328.73 300 92
0 549.2 328.846 300 92
0 549.2 329.023 300 92
0 549.2 329.164 300 92
0 549.2 329.315 300 92
0 549.2 329.43 300 92
0 549.2 329.559 300 92
0 549.2 329.704 300 92
0 549.2 329.85 300 92
0 549.2 329.98 300 92
0 549.2 330.111 300 92
0 549.2 330.233 300 92
0 549.2 330.365 300 92
0 549.2 330.547 300 92
0 549.2 330.689 300 92
0 549.2 330.835 300 92
0 549.2 330.985 300 92
0 549.2 331.172 300 92
0 549.2 331.303 300 92
0 549.2 331.432 300 92
0 549.2 331.586 300 92
0 549.2 331.717 300 92
0 549.2 331.856 300 92
0 549.2 332.002 300 92
0 549.2 332.143 300 92
0 549.2 332.315 300 92
0 549.2 332.429 300 92
0 549.2 332.567 300 92
0 549.2 332.691 300 92
0 549.2 332.824 300 92
0 549.2 332.984 300 92
0 549.2 333.121 300 92
0 549.2 333.298 300 92
0 549.2 333.442 300 92
0 549.2 333.539 300 92
0 549.2 333.747 300 92
0 549.2 333.963 300 92
0 549.2 334.147 300 92
0 549.2 334.272 300 92
0 549.2 334.405 300 92
0 549.2 334.522 300 92
0 549.2 334.654 300 92
0 549.2 334.858 300 92
0 549.2 334.972 300 92
0 549.2 335.087 300 92
0 549.2 335.214 300 92
0 549.2 335.347 300 92
0 549.2 335.5 300 92
0 549.2 335.621 300 92
0 549.2 335.766 300 92
0 549.2 335.908 300 92
0 549.2 336.031 300 92
0 549.2 336.22 300 92
0 549.2 336.381 300 92
0 549.2 336.559 300 92
0 549.2 336.697 300 92
0 549.2 336.828 300 92
0 549.2 336.96 300 92
0 549.2 337.078 300 92
0 549.2 337.302 300 92
0 549.2 337.572 300 92
0 549.2 337.823 300 92
0 549.2 337.922 300 92
0 549.2 338.066 300 92
0 549.2 338.203 300 92
0 549.2 338.416 300 92
0 549.2 338.64 300 92
0 549.2 338.778 300 92
0 549.2 338.926 300 92
0 549.2 339.059 300 92
0 549.2 339.176 300 92
0 549.2 339.38 300 92
0 549.2 339.521 300 92
0 549.2 339.675 300 92
0 549.2 339.903 300 92
0 549.2 340.067 300 92
0 549.2 340.207 300 92
0 549.2 340.345 300 92
0 549.2 340.479 300 92
0 549.2 340.742 300 92
0 549.2 340.879 300 92
0 549.2 341.008 300 92
0 549.2 341.185 300 92
0 549.2 341.326 300 92
0 549.2 341.438 300 92
0 549.2 341.561 300 92
0 549.2 341.696 300 92
0 549.2 341.834 300 92
0 549.2 341.986 300 92
0 549.2 342.072 300 92
0 549.2 342.161 300 92
0 549.2 342.257 300 92
0 549.2 342.413 300 92
0 549.2 342.51 300 92
0 549.2 342.593 300 92
0 549.2 342.687 300 92
0 549.2 342.772 300 92
0 549.2 342.86 300 92
0 549.2 343.02 300 92
0 549.2 343.111 300 92
0 549.2 343.227 300 92
0 549.2 343.313 300 92
0 549.2 343.428 300 92
0 549.2 343.516 300 92
0 549.2 343.628 300 92
0 549.2 343.718 300 92
0 549.2 343.804 300 92
0 549.2 343.891 300 92
0 549.2 343.983 300 92
0 549.2 344.138 300 92
0 549.2 344.291 300 92
0 549.2 344.386 300 92
0 549.2 344.477 300 92
0 549.2 344.576 300 92
0 549.2 344.697 300 92
0 549.2 344.782 300 92
0 549.2 344.913 300 92
0 549.2 345.013 300 92
0 549.2 345.113 300 92
0 549.2 345.205 300 92
0 549.2 345.319 300 92
0 549.2 345.405 300 92
0 549.2 345.498 300 92
0 549.2 345.611 300 92
0 549.2 345.725 300 92
0 549.2 345.839 300 92
0 549.2 345.956 300 92
0 549.2 346.037 300 92
0 549.2 346.126 300 92
0 549.2 346.283 300 92
0 549.2 346.391 300 92
0 549.2 346.572 300 92
0 549.2 346.705 300 92
0 549.2 346.896 300 92
0 549.2 347.113 300 92
0 549.2 347.229 300 92
0 549.2 347.358 300 92
0 549.2 347.533 300 92
0 549.2 347.66 300 92
0 549.2 347.797 300 92
0 549.2 347.965 300 92
0 549.2 348.133 300 92
0 549.2 348.266 300 92
0 549.2 348.412 300 92
0 549.2 348.551 300 92
0 549.2 348.698 300 92
0 549.2 348.946 300 92
0 549.2 349.087 300 92
0 549.2 349.231 300 92
0 549.2 349.352 300 92
0 549.2 349.478 300 92
0 549.2 349.623 300 92
0 549.2 349.876 300 92
0 549.2 350.017 300 92
0 549.2 350.12 300 92
0 549.2 350.251 300 92
0 549.2 350.397 300 92
0 549.2 350.57 300 92
0 549.2 350.709 300 92
0 549.2 350.881 300 92
0 549.2 351.013 300 92
0 549.2 351.148 300 92
0 549.2 351.28 300 92
0 549.2 351.418 300 92
0 549.2 351.553 300 92
0 549.2 351.674 300 92
0 549.2 351.842 300 92
0 549.2 352.021 300 92
0 549.2 352.164 300 92
0 549.2 352.296 300 92
0 549.2 352.436 300 92
0 549.2 352.617 300 92
0 549.2 352.796 300 92
0 549.2 352.939 300 92
0 549.2 353.071 300 92
0 549.2 353.154 300 92
0 549.2 353.27 300 92
0 549.2 353.4 300 92
0 549.2 353.635 300 92
0 549.2 353.779 300 92
0 549.2 353.903 300 92
0 549.2 354.024 300 92
0 549.2 354.132 300 92
0 549.2 354.261 300 92
0 549.2 354.501 300 92
0 549.2 354.59 300 92
0 549.2 354.744 300 92
0 549.2 354.886 300 92
0 549.2 355.015 300 92
0 549.2 355.145 300 92
0 549.2 355.274 300 92
0 549.2 355.405 300 92
0 549.2 355.508 300 92
0 549.2 355.636 300 92
0 549.2 355.753 300 92
0 549.2 355.918 300 92
0 549.2 356.06 300 92
0 549.2 356.186 300 92
0 549.2 356.309 300 92
0 549.2 356.443 300 92
0 549.2 356.623 300 92
0 549.2 356.796 300 92
0 549.2 356.924 300 92
0 549.2 357.075 300 92
0 549.2 357.248 300 92
0 549.2 357.412 300 92
0 549.2 357.543 300 92
0 549.2 357.762 300 92
0 549.2 357.886 300 92
0 549.2 358.115 300 92
0 549.2 358.23 300 92
0 549.2 358.359 300 92
0 549.2 358.482 300 92
0 549.2 358.612 300 92
0 549.2 358.745 300 92
0 549.2 358.874 300 92
0 549.2 358.996 300 92
0 549.2 359.155 300 92
0 549.2 359.276 300 92
0 549.2 359.402 300 92
0 549.2 359.534 300 92
0 549.2 359.679 300 92
0 549.2 359.844 300 92
0 549.2 359.991 300 92
0 549.2 360.16 300 92
0 549.2 360.305 300 92
0 549.2 360.428 300 92
0 549.2 360.56 300 92
0 549.2 361.003 300 92
0 549.2 361.142 300 92
0 549.2 361.266 300 92
0 549.2 361.398 300 92
0 549.2 361.602 300 92
0 549.2 361.728 300 92
0 549.2 361.868 300 92
0 549.2 362.033 300 92
0 549.2 362.172 300 92
0 549.2 362.305 300 92
0 549.2 362.434 300 92
0 549.2 362.615 300 92
0 549.2 362.75 300 92
0 549.2 362.989 300 92
0 549.2 363.117 300 92
0 549.2 363.246 300 92
0 549.2 363.388 300 92
0 549.2 363.517 300 92
0 549.2 363.653 300 92
0 549.2 363.785 300 92
0 549.2 363.953 300 92
0 549.2 364.07 300 92
0 549.2 364.186 300 92
0 549.2 364.296 300 92
0 549.2 364.416 300 92
0 549.2 364.542 300 92
0 549.2 364.675 300 92
0 549.2 364.812 300 92
0 549.2 364.949 300 92
0 549.2 365.082 300 92
0 549.2 365.205 300 92
0 549.2 365.341 300 92
0 549.2 365.481 300 92
0 549.2 365.609 300 92
0 549.2 365.73 300 92
0 549.2 365.862 300 92
0 549.2 365.976 300 92
0 549.2 366.11 300 92
0 549.2 366.261 300 92
0 549.2 366.451 300 92
0 549.2 366.57 300 92
0 549.2 366.689 300 92
0 549.2 366.812 300 92
0 549.2 367.001 300 92
0 549.2 367.17 300 92
0 549.2 367.297 300 92
0 549.2 367.414 300 92
0 549.2 367.532 300 92
0 549.2 367.62 300 92
0 549.2 367.751 300 92
0 549.2 367.879 300 92
0 549.2 368.035 300 92
0 549.2 368.158 300 92
0 549.2 368.316 300 92
0 549.2 368.454 300 92
0 549.2 368.588 300 92
0 549.2 368.811 300 92
0 549.2 368.946 300 92
0 549.2 369.064 300 92
0 549.2 369.188 300 92
0 549.2 369.324 300 92
0 549.2 369.527 300 92
0 549.2 369.655 300 92
0 549.2 369.797 300 92
0 549.2 369.982 300 92
0 549.2 370.132 300 92
0 549.2 370.363 300 92
0 549.2 370.494 300 92
0 549.2 370.62 300 92
0 549.2 370.788 300 92
0 549.2 370.924 300 92
0 549.2 371.048 300 92
0 549.2 371.178 300 92
0 549.2 371.291 300 92
0 549.2 371.399 300 92
0 549.2 371.527 300 92
0 549.2 371.663 300 92
0 549.2 371.845 300 92
0 549.2 371.983 300 92
0 549.2 372.107 300 92
0 549.2 372.329 300 92
0 549.2 372.459 300 92
0 549.2 372.647 300 92
0 549.2 372.876 300 92
0 549.2 373.015 300 92
0 549.2 373.182 300 92
0 549.2 373.35 300 92
0 549.2 373.482 300 92
0 549.2 373.617 300 92
0 549.2 373.754 300 92
0 549.2 373.932 300 92
0 549.2 374.105 300 92
0 549.2 374.242 300 92
0 549.2 374.477 300 92
0 549.2 374.749 300 92
0 549.2 374.88 300 92
0 549.2 375.005 300 92
0 549.2 375.187 300 92
0 549.2 375.318 300 92
0 549.2 375.541 300 92
0 549.2 375.713 300 92
0 549.2 375.843 300 92
0 549.2 375.991 300 92
0 549.2 376.122 300 92
0 549.2 376.3 300 92
0 549.2 376.477 300 92
0 549.2 376.669 300 92
0 549.2 376.781 300 92
0 549.2 376.942 300 92
0 549.2 377.062 300 92
0 549.2 377.218 300 92
0 549.2 377.332 300 92
0 549.2 377.476 300 92
0 549.2 377.617 300 92
0 549.2 377.739 300 92
0 549.2 377.899 300 92
0 549.2 377.99 300 92
0 549.2 378.193 300 92
0 549.2 378.322 300 92
0 549.2 378.459 300 92
0 549.2 378.581 300 92
0 549.2 378.717 300 92
0 549.2 378.897 300 92
0 549.2 379.035 300 92
0 549.2 379.165 300 92
0 549.2 379.293 300 92
0 549.2 379.46 300 92
0 549.2 379.658 300 92
0 549.2 379.789 300 92
0 549.2 379.927 300 92
0 549.2 380.052 300 92
0 549.2 380.185 300 92
0 549.2 380.33 300 92
0 549.2 380.488 300 92
0 549.2 380.673 300 92
0 549.2 380.805 300 92
0 549.2 381.027 300 92
0 549.2 381.157 300 92
0 549.2 381.33 300 92
0 549.2 381.439 300 92
0 549.2 381.537 300 92
0 549.2 381.627 300 92
0 549.2 381.774 300 92
0 549.2 381.903 300 92
0 549.2 382.11 300 92
0 549.2 382.229 300 92
0 549.2 382.364 300 92
0 549.2 382.512 300 92
0 549.2 382.694 300 92
0 549.2 382.826 300 92
0 549.2 382.962 300 92
0 549.2 383.148 300 92
0 549.2 383.292 300 92
0 549.2 383.461 300 92
0 549.2 383.598 300 92
0 549.2 383.723 300 92
0 549.2 383.864 300 92
0 549.2 384.095 300 92
0 549.2 384.221 300 92
0 549.2 384.345 300 92
0 549.2 384.508 300 92
0 549.2 384.683 300 92
0 549.2 384.821 300 92
0 549.2 384.963 300 92
0 549.2 385.198 300 92
0 549.2 385.327 300 92
0 549.2 385.459 300 92
0 549.2 385.597 300 92
0 549.2 385.763 300 92
0 549.2 385.903 300 92
0 549.2 386.044 300 92
0 549.2 386.22 300 92
0 549.2 386.352 300 92
0 549.2 386.553 300 92
0 549.2 386.679 300 92
0 549.2 386.824 300 92
0 549.2 386.957 300 92
0 549.2 387.089 300 92
0 549.2 387.225 300 92
0 549.2 387.373 300 92
0 549.2 387.631 300 92
0 549.2 387.769 300 92
0 549.2 387.909 300 92
0 549.2 388.229 300 92
0 549.2 388.355 300 92
0 549.2 388.612 300 92
0 549.2 388.75 300 92
0 549.2 388.986 300 92
0 549.2 389.117 300 92
0 549.2 389.308 300 92
0 549.2 389.471 300 92
0 549.2 389.673 300 92
0 549.2 389.854 300 92
0 549.2 389.979 300 92
0 549.2 390.104 300 92
0 549.2 390.28 300 92
0 549.2 390.417 300 92
0 549.2 390.517 300 92
0 549.2 390.696 300 92
0 549.2 390.835 300 92
0 549.2 390.972 300 92
0 549.2 391.061 300 92
0 549.2 391.194 300 92
0 549.2 391.39 300 92
0 549.2 391.598 300 92
0 549.2 391.821 300 92
0 549.2 391.917 300 92
0 549.2 392.094 300 92
0 549.2 392.225 300 92
0 549.2 392.375 300 92
0 549.2 392.51 300 92
0 549.2 392.655 300 92
0 549.2 392.784 300 92
0 549.2 392.921 300 92
0 549.2 393.046 300 92
0 549.2 393.203 300 92
0 549.2 393.328 300 92
0 549.2 393.468 300 92
0 549.2 393.61 300 92
0 549.2 393.734 300 92
0 549.2 393.844 300 92
0 549.2 393.98 300 92
0 549.2 394.134 300 92
0 549.2 394.274 300 92
0 549.2 394.405 300 92
0 549.2 394.532 300 92
0 549.2 394.686 300 92
0 549.2 394.768 300 92
0 549.2 394.945 300 92
0 549.2 395.133 300 92
0 549.2 395.262 300 92
0 549.2 395.405 300 92
0 549.2 395.537 300 92
0 549.2 395.706 300 92
0 549.2 395.838 300 92
0 549.2 396.026 300 92
0 549.2 396.158 300 92
0 549.2 396.312 300 92
0 549.2 396.444 300 92
0 549.2 396.594 300 92
0 549.2 396.79 300 92
0 549.2 396.928 300 92
0 549.2 397.146 300 92
0 549.2 397.284 300 92
0 549.2 397.427 300 92
0 549.2 397.614 300 92
0 549.2 397.749 300 92
0 549.2 397.874 300 92
0 549.2 398.017 300 92
0 549.2 398.274 300 92
0 549.2 398.409 300 92
0 549.2 398.545 300 92
0 549.2 398.692 300 92
0 549.2 398.898 300 92
0 549.2 399.026 300 92
0 549.2 399.152 300 92
0 549.2 399.319 300 92
0 549.2 399.414 300 92
0 549.2 399.552 300 92
0 549.2 399.724 300 92
0 549.2 399.85 300 92
0 549.2 399.991 300 92
0 549.2 400.111 300 92
0 549.2 400.33 300 92
0 549.2 400.42 300 92
0 549.2 400.55 300 92
0 549.2 400.711 300 92
0 549.2 400.841 300 92
0 549.2 400.975 300 92
0 549.2 401.125 300 92
0 549.2 401.251 300 92
0 549.2 401.385 300 92
0 549.2 401.491 300 92
0 549.2 401.608 300 92
0 549.2 401.748 300 92
0 549.2 401.882 300 92
0 549.2 402.066 300 92
0 549.2 402.213 300 92
0 549.2 402.346 300 92
0 549.2 402.505 300 92
0 549.2 402.711 300 92
0 549.2 402.834 300 92
0 549.2 402.968 300 92
0 549.2 403.1 300 92
0 549.2 403.22 300 92
0 549.2 403.36 300 92
0 549.2 403.542 300 92
0 549.2 403.682 300 92
0 549.2 403.827 300 92
0 549.2 403.989 300 92
0 549.2 404.12 300 92
0 549.2 404.258 300 92
0 549.2 404.375 300 92
0 549.2 404.516 300 92
0 549.2 404.682 300 92
0 549.2 404.821 300 92
0 549.2 405.063 300 92
0 549.2 405.187 300 92
0 549.2 405.301 300 92
0 549.2 405.436 300 92
0 549.2 405.621 300 92
0 549.2 405.752 300 92
0 549.2 405.888 300 92
0 549.2 406.078 300 92
0 549.2 406.22 300 92
0 549.2 406.34 300 92
0 549.2 406.474 300 92
0 549.2 406.621 300 92
0 549.2 406.759 300 92
0 549.2 406.936 300 92
0 549.2 407.054 300 92
0 549.2 407.185 300 92
0 549.2 407.33 300 92
0 549.2 407.47 300 92
0 549.2 407.603 300 92
0 549.2 407.758 300 92
0 549.2 407.959 300 92
0 549.2 408.111 300 92
0 549.2 408.248 300 92
0 549.2 408.401 300 92
0 549.2 408.664 300 92
0 549.2 408.853 300 92
0 549.2 408.985 300 92
0 549.2 409.161 300 92
0 549.2 409.247 300 92
0 549.2 409.352 300 92
0 549.2 409.554 300 92
0 549.2 409.714 300 92
0 549.2 409.916 300 92
0 549.2 410.066 300 92
0 549.2 410.205 300 92
0 549.2 410.34 300 92
0 549.2 410.468 300 92
0 549.2 410.55 300 92
0 549.2 410.704 300 92
0 549.2 410.856 300 92
0 549.2 410.984 300 92
0 549.2 411.112 300 92
0 549.2 411.262 300 92
0 549.2 411.389 300 92
0 549.2 411.532 300 92
0 549.2 411.683 300 92
0 549.2 411.858 300 92
0 549.2 411.986 300 92
0 549.2 412.127 300 92
0 549.2 412.207 300 92
0 549.2 412.348 300 92
0 549.2 412.481 300 92
0 549.2 412.725 300 92
0 549.2 412.852 300 92
0 549.2 412.99 300 92
0 549.2 413.142 300 92
0 549.2 413.274 300 92
0 549.2 413.458 300 92
0 549.2 413.607 300 92
0 549.2 413.695 300 92
0 549.2 413.841 300 92
0 549.2 413.98 300 92
0 549.2 414.122 300 92
0 549.2 414.215 300 92
0 549.2 414.352 300 92
0 549.2 414.493 300 92
0 549.2 414.726 300 92
0 549.2 414.818 300 92
0 549.2 414.959 300 92
0 549.2 415.094 300 92
0 549.2 415.232 300 92
0 549.2 415.355 300 92
0 549.2 415.522 300 92
0 549.2 415.65 300 92
0 549.2 415.789 300 92
0 549.2 416.03 300 92
0 549.2 416.141 300 92
0 549.2 416.412 300 92
0 549.2 416.534 300 92
0 549.2 416.674 300 92
0 549.2 416.844 300 92
0 549.2 416.983 300 92
0 549.2 417.127 300 92
0 549.2 417.267 300 92
0 549.2 417.42 300 92
0 549.2 417.551 300 92
0 549.2 417.692 300 92
0 549.2 417.871 300 92
0 549.2 418.018 300 92
0 549.2 418.14 300 92
0 549.2 418.32 300 92
0 549.2 418.475 300 92
0 549.2 418.633 300 92
0 549.2 418.764 300 92
0 549.2 418.904 300 92
0 549.2 419.006 300 92
0 549.2 419.135 300 92
0 549.2 419.272 300 92
0 549.2 419.417 300 92
0 549.2 419.565 300 92
0 549.2 419.699 300 92
0 549.2 419.834 300 92
0 549.2 419.956 300 92
0 549.2 420.08 300 92
0 549.2 420.285 300 92
0 549.2 420.418 300 92
0 549.2 420.552 300 92
0 549.2 420.655 300 92
0 549.2 420.795 300 92
0 549.2 420.885 300 92
0 549.2 421.015 300 92
0 549.2 421.34 300 92
0 549.2 421.517 300 92
0 549.2 421.704 300 92
0 549.2 421.843 300 92
0 549.2 421.961 300 92
0 549.2 422.084 300 92
0 549.2 422.19 300 92
0 549.2 422.421 300 92
0 549.2 422.703 300 92
0 549.2 422.853 300 92
0 549.2 423.078 300 92
0 549.2 423.259 300 92
0 549.2 423.4 300 92
0 549.2 423.531 300 92
0 549.2 423.677 300 92
0 549.2 423.763 300 92
0 549.2 423.903 300 92
0 549.2 424.042 300 92
0 549.2 424.158 300 92
0 549.2 424.288 300 92
0 549.2 424.421 300 92
0 549.2 424.585 300 92
0 549.2 424.697 300 92
0 549.2 424.79 300 92
0 549.2 424.884 300 92
0 549.2 424.975 300 92
0 549.2 425.097 300 92
0 549.2 425.204 300 92
0 549.2 425.361 300 92
0 549.2 425.489 300 92
0 549.2 425.587 300 92
0 549.2 425.672 300 92
0 549.2 425.741 300 92
0 549.2 425.819 300 92
0 549.2 425.967 300 92
0 549.2 426.048 300 92
0 549.2 426.15 300 92
0 549.2 426.335 300 92
0 549.2 426.458 300 92
0 549.2 426.542 300 92
0 549.2 426.641 300 92
0 549.2 426.723 300 92
0 549.2 426.821 300 92
0 549.2 426.942 300 92
0 549.2 427.037 300 92
0 549.2 427.14 300 92
0 549.2 427.239 300 92
0 549.2 427.36 300 92
0 549.2 427.441 300 92
0 549.2 427.532 300 92
0 549.2 427.623 300 92
0 549.2 427.717 300 92
0 549.2 427.79 300 92
0 549.2 427.877 300 92
0 549.2 427.968 300 92
0 549.2 428.058 300 92
0 549.2 428.139 300 92
0 549.2 428.235 300 92
0 549.2 428.332 300 92
0 549.2 428.436 300 92
0 549.2 428.565 300 92
0 549.2 428.622 300 92
0 549.2 428.738 300 92
0 549.2 428.83 300 92
0 549.2 428.976 300 92
0 549.2 429.069 300 92
0 549.2 429.169 300 92
0 549.2 429.267 300 92
0 549.2 429.359 300 92
0 549.2 429.543 300 92
0 549.2 429.707 300 92
0 549.2 429.83 300 92
0 549.2 429.94 300 92
0 549.2 430.038 300 92
0 549.2 430.135 300 92
0 549.2 430.281 300 92
0 549.2 430.394 300 92
0 549.2 430.628 300 92
0 549.2 430.779 300 92
0 549.2 430.91 300 92
0 549.2 431.144 300 92
0 549.2 431.301 300 92
0 549.2 431.389 300 92
0 549.2 431.519 300 92
0 549.2 431.648 300 92
0 549.2 431.799 300 92
0 549.2 431.944 300 92
0 549.2 432.149 300 92
0 549.2 432.37 300 92
0 549.2 432.517 300 92
0 549.2 432.732 300 92
0 549.2 432.883 300 92
0 549.2 433.158 300 92
0 549.2 433.304 300 92
0 549.2 433.436 300 92
0 549.2 433.575 300 92
0 549.2 433.775 300 92
0 549.2 433.965 300 92
0 549.2 434.048 300 92
0 549.2 434.179 300 92
0 549.2 434.309 300 92
0 549.2 434.428 300 92
0 549.2 434.542 300 92
0 549.2 434.663 300 92
0 549.2 434.749 300 92
0 549.2 434.88 300 92
0 549.2 435.086 300 92
0 549.2 435.258 300 92
0 549.2 435.45 300 92
0 549.2 435.587 300 92
0 549.2 435.801 300 92
0 549.2 436.139 300 92
0 549.2 436.359 300 92
0 549.2 436.488 300 92
0 549.2 436.626 300 92
0 549.2 436.761 300 92
0 549.2 436.893 300 92
0 549.2 437.016 300 92
0 549.2 437.144 300 92
0 549.2 437.302 300 92
0 549.2 437.41 300 92
0 549.2 437.557 300 92
0 549.2 437.697 300 92
0 549.2 437.835 300 92
0 549.2 437.952 300 92
0 549.2 438.135 300 92
0 549.2 438.265 300 92
0 549.2 438.398 300 92
0 549.2 438.527 300 92
0 549.2 438.666 300 92
0 549.2 438.803 300 92
0 549.2 438.924 300 92
0 549.2 439.069 300 92
0 549.2 439.214 300 92
0 549.2 439.371 300 92
0 549.2 439.521 300 92
0 549.2 439.685 300 92
0 549.2 439.77 300 92
0 549.2 439.983 300 92
0 549.2 440.141 300 92
0 549.2 440.305 300 92
0 549.2 440.509 300 92
0 549.2 440.78 300 92
0 549.2 440.914 300 92
0 549.2 441.223 300 92
0 549.2 441.447 300 92
0 549.2 441.676 300 92
0 549.2 441.877 300 92
0 549.2 441.993 300 92
0 549.2 442.138 300 92
0 549.2 442.254 300 92
0 549.2 442.393 300 92
0 549.2 442.648 300 92
0 549.2 442.782 300 92
0 549.2 442.904 300 92
0 549.2 443.031 300 92
0 549.2 443.149 300 92
0 549.2 443.286 300 92
0 549.2 443.396 300 92
0 549.2 443.639 300 92
0 549.2 443.863 300 92
0 549.2 444.043 300 92
0 549.2 444.171 300 92
0 549.2 444.285 300 92
0 549.2 444.467 300 92
0 549.2 444.659 300 92
0 549.2 444.776 300 92
0 549.2 444.902 300 92
0 549.2 445.06 300 92
0 549.2 445.185 300 92
0 549.2 445.312 300 92
0 549.2 445.427 300 92
0 549.2 445.546 300 92
0 549.2 445.668 300 92
0 549.2 445.948 300 92
0 549.2 446.194 300 92
0 549.2 446.406 300 92
0 549.2 446.53 300 92
0 549.2 446.687 300 92
0 549.2 446.83 300 92
0 549.2 446.994 300 92
0 549.2 447.077 300 92
0 549.2 447.204 300 92
0 549.2 447.385 300 92
0 549.2 447.58 300 92
0 549.2 447.726 300 92
0 549.2 447.915 300 92
0 549.2 448.071 300 92
0 549.2 448.313 300 92
0 549.2 448.443 300 92
0 549.2 448.583 300 92
0 549.2 448.719 300 92
0 549.2 448.859 300 92
0 549.2 448.993 300 92
0 549.2 449.21 300 92
0 549.2 449.343 300 92
0 549.2 449.47 300 92
0 549.2 449.578 300 92
0 549.2 449.712 300 92
0 549.2 449.885 300 92
0 549.2 450.049 300 92
0 549.2 450.184 300 92
0 549.2 450.32 300 92
0 549.2 450.502 300 92
0 549.2 450.695 300 92
0 549.2 450.837 300 92
0 549.2 450.973 300 92
0 549.2 451.193 300 92
0 549.2 451.437 300 92
0 549.2 451.552 300 92
0 549.2 451.828 300 92
0 549.2 451.994 300 92
0 549.2 452.169 300 92
0 549.2 452.314 300 92
0 549.2 452.431 300 92
0 549.2 452.575 300 92
0 549.2 452.722 300 92
0 549.2 452.856 300 92
0 549.2 452.981 300 92
0 549.2 453.206 300 92
0 549.2 453.423 300 92
0 549.2 453.574 300 92
0 549.2 453.701 300 92
0 549.2 453.919 300 92
0 549.2 454.083 300 92
0 549.2 454.275 300 92
0 549.2 454.4 300 92
0 549.2 454.532 300 92
0 549.2 454.66 300 92
0 549.2 454.796 300 92
0 549.2 454.961 300 92
0 549.2 455.094 300 92
0 549.2 455.27 300 92
0 549.2 455.414 300 92
0 549.2 455.553 300 92
0 549.2 455.722 300 92
0 549.2 455.859 300 92
0 549.2 456.004 300 92
0 549.2 456.176 300 92
0 549.2 456.297 300 92
0 549.2 456.468 300 92
0 549.2 456.609 300 92
0 549.2 456.714 300 92
0 549.2 456.86 300 92
0 549.2 456.984 300 92
0 549.2 457.226 300 92
0 549.2 457.407 300 92
0 549.2 457.601 300 92
0 549.2 457.733 300 92
0 549.2 457.837 300 92
0 549.2 458.032 300 92
0 549.2 458.195 300 92
0 549.2 458.341 300 92
0 549.2 458.48 300 92
0 549.2 458.659 300 92
0 549.2 458.892 300 92
0 549.2 459.015 300 92
0 549.2 459.206 300 92
0 549.2 459.333 300 92
0 549.2 459.453 300 92
0 549.2 459.58 300 92
0 549.2 459.703 300 92
0 549.2 459.823 300 92
0 549.2 460.003 300 92
0 549.2 460.176 300 92
0 549.2 460.301 300 92
0 549.2 460.426 300 92
0 549.2 460.681 300 92
0 549.2 460.817 300 92
0 549.2 460.938 300 92
0 549.2 461.05 300 92
0 549.2 461.265 300 92
0 549.2 461.399 300 92
0 549.2 461.529 300 92
0 549.2 461.663 300 92
0 549.2 461.856 300 92
0 549.2 462 300 92
0 549.2 462.138 300 92
0 549.2 462.274 300 92
0 549.2 462.432 300 92
0 549.2 462.566 300 92
0 549.2 462.721 300 92
0 549.2 462.91 300 92
0 549.2 463.058 300 92
0 549.2 463.215 300 92
0 549.2 463.459 300 92
0 549.2 463.616 300 92
0 549.2 463.79 300 92
0 549.2 463.912 300 92
0 549.2 464.059 300 92
0 549.2 464.177 300 92
0 549.2 464.385 300 92
0 549.2 464.541 300 92
0 549.2 464.698 300 92
0 549.2 464.83 300 92
0 549.2 464.977 300 92
0 549.2 465.106 300 92
0 549.2 465.249 300 92
0 549.2 465.46 300 92
0 549.2 465.581 300 92
0 549.2 465.661 300 92
0 549.2 465.896 300 92
0 549.2 466.04 300 92
0 549.2 466.225 300 92
0 549.2 466.373 300 92
0 549.2 466.728 300 92
0 549.2 466.933 300 92
0 549.2 467.117 300 92
0 549.2 467.345 300 92
0 549.2 467.52 300 92
0 549.2 467.612 300 92
0 549.2 467.835 300 92
0 549.2 467.976 300 92
0 549.2 468.156 300 92
0 549.2 468.267 300 92
0 549.2 468.392 300 92
0 549.2 468.562 300 92
0 549.2 468.731 300 92
0 549.2 468.863 300 92
0 549.2 469.004 300 92
0 549.2 469.198 300 92
0 549.2 469.432 300 92
0 549.2 469.61 300 92
0 549.2 469.809 300 92
0 549.2 469.895 300 92
0 549.2 470.024 300 92
0 549.2 470.175 300 92
0 549.2 470.323 300 92
0 549.2 470.459 300 92
0 549.2 470.598 300 92
0 549.2 470.729 300 92
0 549.2 470.956 300 92
0 549.2 471.05 300 92
0 549.2 471.185 300 92
0 549.2 471.303 300 92
0 549.2 471.459 300 92
0 549.2 471.586 300 92
0 549.2 471.723 300 92
0 549.2 471.893 300 92
0 549.2 472.035 300 92
0 549.2 472.203 300 92
0 549.2 472.346 300 92
0 549.2 472.466 300 92
0 549.2 472.584 300 92
0 549.2 472.709 300 92
0 549.2 472.875 300 92
0 549.2 472.999 300 92
0 549.2 473.121 300 92
0 549.2 473.276 300 92
0 549.2 473.514 300 92
0 549.2 473.663 300 92
0 549.2 473.791 300 92
0 549.2 474 300 92
0 549.2 474.291 300 92
0 549.2 474.419 300 92
0 549.2 474.557 300 92
0 549.2 474.714 300 92
0 549.2 474.848 300 92
0 549.2 475.037 300 92
0 549.2 475.205 300 92
0 549.2 475.341 300 92
0 549.2 475.469 300 92
0 549.2 475.635 300 92
0 549.2 475.935 300 92
0 549.2 476.069 300 92
0 549.2 476.194 300 92
0 549.2 476.325 300 92
0 549.2 476.499 300 92
0 549.2 476.659 300 92
0 549.2 476.89 300 92
0 549.2 477.024 300 92
0 549.2 477.157 300 92
0 549.2 477.293 300 92
0 549.2 477.474 300 92
0 549.2 477.637 300 92
0 549.2 477.78 300 92
0 549.2 477.941 300 92
0 549.2 478.153 300 92
0 549.2 478.337 300 92
0 549.2 478.509 300 92
0 549.2 478.698 300 92
0 549.2 478.839 300 92
0 549.2 478.98 300 92
0 549.2 479.112 300 92
0 549.2 479.235 300 92
0 549.2 479.387 300 92
0 549.2 479.511 300 92
0 549.2 479.634 300 92
0 549.2 479.754 300 92
0 549.2 479.879 300 92
0 549.2 479.97 300 92
0 549.2 480.156 300 92
0 549.2 480.338 300 92
0 549.2 480.479 300 92
0 549.2 480.655 300 92
0 549.2 480.748 300 92
0 549.2 480.895 300 92
0 549.2 480.992 300 92
0 549.2 481.107 300 92
0 549.2 481.225 300 92
0 549.2 481.406 300 92
0 549.2 481.523 300 92
0 549.2 481.705 300 92
0 549.2 481.826 300 92
0 549.2 481.949 300 92
0 549.2 482.089 300 92
0 549.2 482.253 300 92
0 549.2 482.447 300 92
0 549.2 482.578 300 92
0 549.2 482.71 300 92
0 549.2 482.823 300 92
0 549.2 482.965 300 92
0 549.2 483.099 300 92
0 549.2 483.314 300 92
0 549.2 483.399 300 92
0 549.2 483.689 300 92
0 549.2 483.822 300 92
0 549.2 483.992 300 92
0 549.2 484.133 300 92
0 549.2 484.248 300 92
0 549.2 484.398 300 92
0 549.2 484.52 300 92
0 549.2 484.653 300 92
0 549.2 484.832 300 92
0 549.2 484.984 300 92
0 549.2 485.138 300 92
0 549.2 485.28 300 92
0 549.2 485.397 300 92
0 549.2 485.521 300 92
0 549.2 485.689 300 92
0 549.2 485.83 300 92
0 549.2 486.05 300 92
0 549.2 486.296 300 92
0 549.2 486.444 300 92
0 549.2 486.634 300 92
0 549.2 486.76 300 92
0 549.2 486.927 300 92
0 549.2 487.075 300 92
0 549.2 487.208 300 92
0 549.2 487.4 300 92
0 549.2 487.531 300 92
0 549.2 487.673 300 92
0 549.2 487.758 300 92
0 549.2 487.888 300 92
0 549.2 488.012 300 92
0 549.2 488.165 300 92
0 549.2 488.362 300 92
0 549.2 488.497 300 92
0 549.2 488.633 300 92
0 549.2 488.855 300 92
0 549.2 488.994 300 92
0 549.2 489.125 300 92
0 549.2 489.269 300 92
0 549.2 489.443 300 92
0 549.2 489.576 300 92
0 549.2 489.703 300 92
0 549.2 489.845 300 92
0 549.2 489.97 300 92
0 549.2 490.163 300 92
0 549.2 490.306 300 92
0 549.2 490.426 300 92
0 549.2 490.563 300 92
0 549.2 490.697 300 92
0 549.2 490.897 300 92
0 549.2 490.996 300 92
0 549.2 491.131 300 92
0 549.2 491.263 300 92
0 549.2 491.399 300 92
0 549.2 491.53 300 92
0 549.2 491.673 300 92
0 549.2 491.809 300 92
0 549.2 491.947 300 92
0 549.2 492.116 300 92
0 549.2 492.222 300 92
0 549.2 492.381 300 92
0 549.2 492.546 300 92
0 549.2 492.655 300 92
0 549.2 492.781 300 92
0 549.2 492.923 300 92
0 549.2 493.075 300 92
0 549.2 493.21 300 92
0 549.2 493.326 300 92
0 549.2 493.47 300 92
0 549.2 493.605 300 92
0 549.2 493.791 300 92
0 549.2 493.931 300 92
0 549.2 494.066 300 92
0 549.2 494.273 300 92
0 549.2 494.408 300 92
0 549.2 494.635 300 92
0 549.2 494.808 300 92
0 549.2 495.029 300 92
0 549.2 495.129 300 92
0 549.2 495.264 300 92
0 549.2 495.402 300 92
0 549.2 495.539 300 92
0 549.2 495.735 300 92
0 549.2 495.912 300 92
0 549.2 496.03 300 92
0 549.2 496.199 300 92
0 549.2 496.335 300 92
0 549.2 496.474 300 92
0 549.2 496.564 300 92
0 549.2 496.728 300 92
0 549.2 496.848 300 92
0 549.2 496.946 300 92
0 549.2 497.131 300 92
0 549.2 497.262 300 92
0 549.2 497.394 300 92
0 549.2 497.561 300 92
0 549.2 497.686 300 92
0 549.2 497.807 300 92
0 549.2 498.001 300 92
0 549.2 498.12 300 92
0 549.2 498.257 300 92
0 549.2 498.425 300 92
0 549.2 498.6 300 92
0 549.2 498.765 300 92
0 549.2 498.902 300 92
0 549.2 499.09 300 92
0 549.2 499.222 300 92
0 549.2 499.342 300 92
0 549.2 499.439 300 92
0 549.2 499.609 300 92
0 549.2 499.747 300 92
0 549.2 499.909 300 92
0 549.2 500.181 300 92
0 549.2 500.324 300 92
0 549.2 500.458 300 92
0 549.2 500.635 300 92
0 549.2 500.797 300 92
0 549.2 500.944 300 92
0 549.2 501.119 300 92
0 549.2 501.242 300 92
0 549.2 501.365 300 92
0 549.2 501.502 300 92
0 549.2 501.617 300 92
0 549.2 501.77 300 92
0 549.2 501.937 300 92
0 549.2 502.098 300 92
0 549.2 502.231 300 92
0 549.2 502.418 300 92
0 549.2 502.536 300 92
0 549.2 502.715 300 92
0 549.2 502.845 300 92
0 549.2 502.968 300 92
0 549.2 503.29 300 92
0 549.2 503.454 300 92
0 549.2 503.625 300 92
0 549.2 503.768 300 92
0 549.2 503.986 300 92
0 549.2 504.137 300 92
0 549.2 504.271 300 92
0 549.2 504.407 300 92
0 549.2 504.519 300 92
0 549.2 504.748 300 92
0 549.2 504.873 300 92
0 549.2 505.019 300 92
0 549.2 505.135 300 92
0 549.2 505.262 300 92
0 549.2 505.486 300 92
0 549.2 505.647 300 92
0 549.2 505.802 300 92
0 549.2 505.989 300 92
0 549.2 506.111 300 92
0 549.2 506.231 300 92
0 549.2 506.359 300 92
0 549.2 506.513 300 92
0 549.2 506.608 300 92
0 549.2 506.769 300 92
0 549.2 506.892 300 92
0 549.2 507.055 300 92
0 549.2 507.169 300 92
0 549.2 507.286 300 92
0 549.2 507.42 300 92
0 549.2 507.57 300 92
0 549.2 507.687 300 92
0 549.2 507.845 300 92
0 549.2 508.058 300 92
0 549.2 508.171 300 92
0 549.2 508.392 300 92
0 549.2 508.509 300 92
0 549.2 508.634 300 92
0 549.2 508.761 300 92
0 549.2 508.883 300 92
0 549.2 509.061 300 92
0 549.2 509.195 300 92
0 549.2 509.328 300 92
0 549.2 509.48 300 92
0 549.2 509.612 300 92
0 549.2 509.859 300 92
0 549.2 510.019 300 92
0 549.2 510.145 300 92
0 549.2 510.266 300 92
0 549.2 510.386 300 92
0 549.2 510.518 300 92
0 549.2 510.649 300 92
0 549.2 510.767 300 92
0 549.2 510.881 300 92
0 549.2 511.018 300 92
0 549.2 511.152 300 92
0 549.2 511.301 300 92
0 549.2 511.523 300 92
0 549.2 511.686 300 92
0 549.2 511.848 300 92
0 549.2 511.983 300 92
0 549.2 512.11 300 92
0 549.2 512.284 300 92
0 549.2 512.375 300 92
0 549.2 512.545 300 92
0 549.2 512.697 300 92
0 549.2 512.868 300 92
0 549.2 513.028 300 92
0 549.2 513.2 300 92
0 549.2 513.34 300 92
0 549.2 513.517 300 92
0 549.2 513.649 300 92
0 549.2 513.875 300 92
0 549.2 514.048 300 92
0 549.2 514.171 300 92
0 549.2 514.363 300 92
0 549.2 514.494 300 92
0 549.2 514.626 300 92
0 549.2 514.768 300 92
0 549.2 514.929 300 92
0 549.2 515.109 300 92
0 549.2 515.233 300 92
0 549.2 515.44 300 92
0 549.2 515.567 300 92
0 549.2 515.72 300 92
0 549.2 515.976 300 92
0 549.2 516.132 300 92
0 549.2 516.285 300 92
0 549.2 516.419 300 92
0 549.2 516.552 300 92
0 549.2 516.727 300 92
0 549.2 516.813 300 92
0 549.2 516.946 300 92
0 549.2 517.139 300 92
0 549.2 517.278 300 92
0 549.2 517.451 300 92
0 549.2 517.581 300 92
0 549.2 517.762 300 92
0 549.2 517.904 300 92
0 549.2 518.037 300 92
0 549.2 518.188 300 92
0 549.2 518.336 300 92
0 549.2 518.472 300 92
0 549.2 518.65 300 92
0 549.2 518.866 300 92
0 549.2 519.036 300 92
0 549.2 519.17 300 92
0 549.2 519.247 300 92
0 549.2 519.335 300 92
0 549.2 519.459 300 92
0 549.2 519.605 300 92
0 549.2 519.752 300 92
0 549.2 519.899 300 92
0 549.2 520.042 300 92
0 549.2 520.182 300 92
0 549.2 520.324 300 92
0 549.2 520.456 300 92
0 549.2 520.533 300 92
0 549.2 520.704 300 92
0 549.2 520.79 300 92
0 549.2 520.926 300 92
0 549.2 521.052 300 92
0 549.2 521.183 300 92
0 549.2 521.259 300 92
0 549.2 521.428 300 92
0 549.2 521.565 300 92
0 549.2 521.709 300 92
0 549.2 521.851 300 92
0 549.2 521.986 300 92
0 549.2 522.147 300 92
0 549.2 522.368 300 92
0 549.2 522.512 300 92
0 549.2 522.693 300 92
0 549.2 522.815 300 92
0 549.2 522.938 300 92
0 549.2 523.081 300 92
0 549.2 523.204 300 92
0 549.2 523.342 300 92
0 549.2 523.519 300 92
0 549.2 523.74 300 92
0 549.2 523.869 300 92
0 549.2 523.995 300 92
0 549.2 524.175 300 92
0 549.2 524.301 300 92
0 549.2 524.449 300 92
0 549.2 524.564 300 92
0 549.2 524.713 300 92
0 549.2 524.895 300 92
0 549.2 525.049 300 92
0 549.2 525.177 300 92
0 549.2 525.357 300 92
0 549.2 525.478 300 92
0 549.2 525.619 300 92
0 549.2 525.791 300 92
0 549.2 525.934 300 92
0 549.2 526.073 300 92
0 549.2 526.19 300 92
0 549.2 526.406 300 92
0 549.2 526.538 300 92
0 549.2 526.637 300 92
0 549.2 526.769 300 92
0 549.2 526.905 300 92
0 549.2 527.12 300 92
0 549.2 527.26 300 92
0 549.2 527.393 300 92
0 549.2 527.525 300 92
0 549.2 527.696 300 92
0 549.2 527.827 300 92
0 549.2 528.002 300 92
0 549.2 528.136 300 92
0 549.2 528.264 300 92
0 549.2 528.392 300 92
0 549.2 528.608 300 92
0 549.2 528.894 300 92
0 549.2 529.083 300 92
0 549.2 529.198 300 92
0 549.2 529.326 300 92
0 549.2 529.458 300 92
0 549.2 529.594 300 92
0 549.2 529.766 300 92
0 549.2 529.86 300 92
0 549.2 530.029 300 92
0 549.2 530.17 300 92
0 549.2 530.34 300 92
0 549.2 530.426 300 92
0 549.2 530.512 300 92
0 549.2 530.646 300 92
0 549.2 530.766 300 92
0 549.2 530.849 300 92
0 549.2 530.992 300 92
0 549.2 531.163 300 92
0 549.2 531.303 300 92
0 549.2 531.481 300 92
0 549.2 531.62 300 92
0 549.2 531.745 300 92
0 549.2 531.955 300 92
0 549.2 532.094 300 92
0 549.2 532.22 300 92
0 549.2 532.408 300 92
0 549.2 532.53 300 92
0 549.2 532.664 300 92
0 549.2 532.78 300 92
0 549.2 532.982 300 92
0 549.2 533.166 300 92
0 549.2 533.34 300 92
0 549.2 533.52 300 92
0 549.2 533.815 300 92
0 549.2 533.993 300 92
0 549.2 534.17 300 92
0 549.2 534.306 300 92
0 549.2 534.445 300 92
0 549.2 534.541 300 92
0 549.2 534.635 300 92
0 549.2 534.854 300 92
0 549.2 535.002 300 92
0 549.2 535.129 300 92
0 549.2 535.275 300 92
0 549.2 535.417 300 92
0 549.2 535.592 300 92
0 549.2 535.72 300 92
0 549.2 535.883 300 92
0 549.2 536.035 300 92
0 549.2 536.123 300 92
0 549.2 536.332 300 92
0 549.2 536.467 300 92
0 549.2 536.596 300 92
0 549.2 536.819 300 92
0 549.2 536.97 300 92
0 549.2 537.089 300 92
0 549.2 537.225 300 92
0 549.2 537.354 300 92
0 549.2 537.48 300 92
0 549.2 537.602 300 92
0 549.2 537.739 300 92
0 549.2 537.869 300 92
0 549.2 538.022 300 92
0 549.2 538.14 300 92
0 549.2 538.287 300 92
0 549.2 538.433 300 92
0 549.2 538.517 300 92
0 549.2 538.693 300 92
0 549.2 538.869 300 92
0 549.2 539.056 300 92
0 549.2 539.2 300 92
0 549.2 539.38 300 92
0 549.2 539.645 300 92
0 549.2 539.776 300 92
0 549.2 540 300 92
0 549.2 540.137 300 92
0 549.2 540.267 300 92
0 549.2 540.403 300 92
0 549.2 540.524 300 92
0 549.2 540.697 300 92
0 549.2 540.819 300 92
0 549.2 540.91 300 92
0 549.2 541.103 300 92
0 549.2 541.231 300 92
0 549.2 541.399 300 92
0 549.2 541.527 300 92
0 549.2 541.643 300 92
0 549.2 541.772 300 92
0 549.2 541.899 300 92
0 549.2 542.033 300 92
0 549.2 542.128 300 92
0 549.2 542.254 300 92
0 549.2 542.394 300 92
0 549.2 542.605 300 92
0 549.2 542.798 300 92
0 549.2 542.941 300 92
0 549.2 543.085 300 92
0 549.2 543.223 300 92
0 549.2 543.353 300 92
0 549.2 543.492 300 92
0 549.2 543.585 300 92
0 549.2 543.772 300 92
0 549.2 543.917 300 92
0 549.2 544.04 300 92
0 549.2 544.249 300 92
0 549.2 544.398 300 92
0 549.2 544.526 300 92
0 549.2 544.668 300 92
0 549.2 544.807 300 92
0 549.2 544.962 300 92
0 549.2 545.105 300 92
0 549.2 545.253 300 92
0 549.2 545.398 300 92
0 549.2 545.495 300 92
0 549.2 545.711 300 92
0 549.2 545.894 300 92
0 549.2 546.028 300 92
0 549.2 546.148 300 92
0 549.2 546.293 300 92
0 549.2 546.431 300 92
0 549.2 546.655 300 92
0 549.2 546.828 300 92
0 549.2 546.975 300 92
0 549.2 547.107 300 92
0 549.2 547.256 300 92
0 549.2 547.459 300 92
0 549.2 547.699 300 92
0 549.2 547.875 300 92
0 549.2 548 300 92
0 549.2 548.119 300 92
0 549.2 548.232 300 92
0 549.2 548.38 300 92
0 549.2 548.531 300 92
0 549.2 548.696 300 92
0 549.2 548.893 300 92
0 549.2 549.035 300 92
0 549.2 549.177 300 92
0 549.2 549.302 300 92
0 549.2 549.433 300 92
0 549.2 549.581 300 92
0 549.2 549.803 300 92
0 549.2 550.036 300 92
0 549.2 550.189 300 92
0 549.2 550.317 300 92
0 549.2 550.544 300 92
0 549.2 550.691 300 92
0 549.2 550.844 300 92
0 549.2 551.021 300 92
0 549.2 551.125 300 92
0 549.2 551.281 300 92
0 549.2 551.405 300 92
0 549.2 551.552 300 92
0 549.2 551.687 300 92
0 549.2 551.878 300 92
0 549.2 552.013 300 92
0 549.2 552.156 300 92
0 549.2 552.295 300 92
0 549.2 552.425 300 92
0 549.2 552.559 300 92
0 549.2 552.692 300 92
0 549.2 552.843 300 92
0 549.2 552.987 300 92
0 549.2 553.149 300 92
0 549.2 553.282 300 92
0 549.2 553.366 300 92
0 549.2 553.475 300 92
0 549.2 553.604 300 92
0 549.2 553.792 300 92
0 549.2 553.948 300 92
0 549.2 554.081 300 92
0 549.2 554.222 300 92
0 549.2 554.448 300 92
0 549.2 554.578 300 92
0 549.2 554.719 300 92
0 549.2 554.854 300 92
0 549.2 554.994 300 92
0 549.2 555.304 300 92
0 549.2 555.48 300 92
0 549.2 555.637 300 92
0 549.2 555.912 300 92
0 549.2 556.032 300 92
0 549.2 556.169 300 92
0 549.2 556.29 300 92
0 549.2 556.573 300 92
0 549.2 556.742 300 92
0 549.2 556.859 300 92
0 549.2 556.986 300 92
0 549.2 557.111 300 92
0 549.2 557.25 300 92
0 549.2 557.4 300 92
0 549.2 557.513 300 92
0 549.2 557.772 300 92
0 549.2 557.895 300 92
0 549.2 558.046 300 92
0 549.2 558.166 300 92
0 549.2 558.288 300 92
0 549.2 558.405 300 92
0 549.2 558.483 300 92
0 549.2 558.657 300 92
0 549.2 558.786 300 92
0 549.2 559.014 300 92
0 549.2 559.174 300 92
0 549.2 559.319 300 92
0 549.2 559.495 300 92
0 549.2 559.626 300 92
0 549.2 559.749 300 92
0 549.2 559.92 300 92
0 549.2 560.099 300 92
0 549.2 560.225 300 92
0 549.2 560.443 300 92
0 549.2 560.566 300 92
0 549.2 560.696 300 92
0 549.2 560.838 300 92
0 549.2 560.968 300 92
0 549.2 561.135 300 92
0 549.2 561.266 300 92
0 549.2 561.432 300 92
0 549.2 561.617 300 92
0 549.2 561.763 300 92
0 549.2 561.897 300 92
0 549.2 562.352 300 92
0 549.2 562.563 300 92
0 549.2 562.687 300 92
0 549.2 562.85 300 92
0 549.2 563.106 300 92
0 549.2 563.268 300 92
0 549.2 563.389 300 92
0 549.2 563.531 300 92
0 549.2 563.665 300 92
0 549.2 563.792 300 92
0 549.2 563.957 300 92
0 549.2 564.043 300 92
0 549.2 564.146 300 92
0 549.2 564.324 300 92
0 549.2 564.483 300 92
0 549.2 564.602 300 92
0 549.2 564.677 300 92
0 549.2 564.799 300 92
0 549.2 564.939 300 92
0 549.2 565.07 300 92
0 549.2 565.225 300 92
0 549.2 565.394 300 92
0 549.2 565.526 300 92
0 549.2 565.661 300 92
0 549.2 565.79 300 92
0 549.2 565.95 300 92
0 549.2 566.105 300 92
0 549.2 566.238 300 92
0 549.2 566.383 300 92
0 549.2 566.553 300 92
0 549.2 566.694 300 92
0 549.2 566.835 300 92
0 549.2 566.966 300 92
0 549.2 567.099 300 92
0 549.2 567.226 300 92
0 549.2 567.358 300 92
0 549.2 567.514 300 92
0 549.2 567.748 300 92
0 549.2 567.941 300 92
0 549.2 568.126 300 92
0 549.2 568.267 300 92
0 549.2 568.485 300 92
0 549.2 568.623 300 92
0 549.2 568.797 300 92
0 549.2 568.919 300 92
0 549.2 569.054 300 92
0 549.2 569.18 300 92
0 549.2 569.323 300 92
0 549.2 569.443 300 92
0 549.2 569.57 300 92
0 549.2 569.688 300 92
0 549.2 569.823 300 92
0 549.2 569.966 300 92
0 549.2 570.099 300 92
0 549.2 570.232 300 92
0 549.2 570.352 300 92
0 549.2 570.526 300 92
0 549.2 570.665 300 92
0 549.2 570.852 300 92
0 549.2 570.964 300 92
0 549.2 571.104 300 92
0 549.2 571.245 300 92
0 549.2 571.391 300 92
0 549.2 571.53 300 92
0 549.2 571.627 300 92
0 549.2 571.722 300 92
0 549.2 571.801 300 92
0 549.2 571.889 300 92
0 549.2 572.061 300 92
0 549.2 572.288 300 92
0 549.2 572.511 300 92
0 549.2 572.595 300 92
0 549.2 572.732 300 92
0 549.2 572.897 300 92
0 549.2 573.042 300 92
0 549.2 573.191 300 92
0 549.2 573.322 300 92
0 549.2 573.441 300 92
0 549.2 573.658 300 92
0 549.2 573.793 300 92
0 549.2 573.932 300 92
0 549.2 574.116 300 92
0 549.2 574.277 300 92
0 549.2 574.392 300 92
0 549.2 574.619 300 92
0 549.2 574.755 300 92
0 549.2 574.878 300 92
0 549.2 575.008 300 92
0 549.2 575.254 300 92
0 549.2 575.432 300 92
0 549.2 575.552 300 92
0 549.2 575.684 300 92
0 549.2 575.807 300 92
0 549.2 575.928 300 92
0 549.2 576.051 300 92
0 549.2 576.278 300 92
0 549.2 576.402 300 92
0 549.2 576.543 300 92
0 549.2 576.685 300 92
0 549.2 576.819 300 92
0 549.2 577.004 300 92
0 549.2 577.135 300 92
0 549.2 577.276 300 92
0 549.2 577.441 300 92
0 549.2 577.673 300 92
0 549.2 577.897 300 92
0 549.2 578.016 300 92
0 549.2 578.216 300 92
0 549.2 578.349 300 92
0 549.2 578.457 300 92
0 549.2 578.558 300 92
0 549.2 578.671 300 92
0 549.2 578.801 300 92
0 549.2 578.937 300 92
0 549.2 579.086 300 92
0 549.2 579.251 300 92
0 549.2 579.418 300 92
0 549.2 579.556 300 92
0 549.2 579.74 300 92
0 549.2 579.879 300 92
0 549.2 580 300 92
0 549.2 580.215 300 92
0 549.2 580.326 300 92
0 549.2 580.45 300 92
0 549.2 580.567 300 92
0 549.2 580.736 300 92
0 549.2 580.869 300 92
0 549.2 580.999 300 92
0 549.2 581.131 300 92
0 549.2 581.246 300 92
0 549.2 581.392 300 92
0 549.2 581.507 300 92
0 549.2 581.64 300 92
0 549.2 581.789 300 92
0 549.2 581.953 300 92
0 549.2 582.082 300 92
0 549.2 582.242 300 92
0 549.2 582.39 300 92
0 549.2 582.521 300 92
0 549.2 582.649 300 92
0 549.2 582.802 300 92
0 549.2 582.938 300 92
0 549.2 583.176 300 92
0 549.2 583.295 300 92
0 549.2 583.429 300 92
0 549.2 583.583 300 92
0 549.2 583.71 300 92
0 549.2 583.837 300 92
0 549.2 583.966 300 92
0 549.2 584.08 300 92
0 549.2 584.224 300 92
0 549.2 584.402 300 92
0 549.2 584.545 300 92
0 549.2 584.718 300 92
0 549.2 584.871 300 92
0 549.2 585.008 300 92
0 549.2 585.141 300 92
0 549.2 585.276 300 92
0 549.2 585.463 300 92
0 549.2 585.64 300 92
0 549.2 585.768 300 92
0 549.2 585.911 300 92
0 549.2 586.08 300 92
0 549.2 586.224 300 92
0 549.2 586.461 300 92
0 549.2 586.593 300 92
0 549.2 586.775 300 92
0 549.2 586.892 300 92
0 549.2 587.092 300 92
0 549.2 587.262 300 92
0 549.2 587.383 300 92
0 549.2 587.511 300 92
0 549.2 587.618 300 92
0 549.2 587.734 300 92
0 549.2 587.866 300 92
0 549.2 587.999 300 92
0 549.2 588.173 300 92
0 549.2 588.341 300 92
0 549.2 588.501 300 92
0 549.2 588.657 300 92
0 549.2 588.789 300 92
0 549.2 588.915 300 92
0 549.2 589.036 300 92
0 549.2 589.156 300 92
0 549.2 589.32 300 92
0 549.2 589.442 300 92
0 549.2 589.656 300 92
0 549.2 589.791 300 92
0 549.2 589.93 300 92
0 549.2 590.126 300 92
0 549.2 590.259 300 92
0 549.2 590.472 300 92
0 549.2 590.613 300 92
0 549.2 590.816 300 92
0 549.2 590.932 300 92
0 549.2 591.074 300 92
0 549.2 591.211 300 92
0 549.2 591.34 300 92
0 549.2 591.468 300 92
0 549.2 591.636 300 92
0 549.2 591.758 300 92
0 549.2 591.88 300 92
0 549.2 592.011 300 92
0 549.2 592.15 300 92
0 549.2 592.332 300 92
0 549.2 592.543 300 92
0 549.2 592.672 300 92
0 549.2 592.842 300 92
0 549.2 592.986 300 92
0 549.2 593.163 300 92
0 549.2 593.301 300 92
0 549.2 593.447 300 92
0 549.2 593.593 300 92
0 549.2 593.755 300 92
0 549.2 593.941 300 92
0 549.2 594.068 300 92
0 549.2 594.183 300 92
0 549.2 594.315 300 92
0 549.2 594.437 300 92
0 549.2 594.567 300 92
0 549.2 594.694 300 92
0 549.2 594.811 300 92
0 549.2 594.938 300 92
0 549.2 595.065 300 92
0 549.2 595.22 300 92
0 549.2 595.394 300 92
0 549.2 595.529 300 92
0 549.2 595.66 300 92
0 549.2 595.794 300 92
0 549.2 595.949 300 92
0 549.2 596.086 300 92
0 549.2 596.228 300 92
0 549.2 596.354 300 92
0 549.2 596.43 300 92
0 549.2 596.552 300 92
0 549.2 596.759 300 92
0 549.2 596.895 300 92
0 549.2 597.017 300 92
0 549.2 597.139 300 92
0 549.2 597.27 300 92
0 549.2 597.391 300 92
0 549.2 597.563 300 92
0 549.2 597.687 300 92
0 549.2 597.86 300 92
0 549.2 597.997 300 92
0 549.2 598.144 300 92
0 549.2 598.237 300 92
0 549.2 598.372 300 92
0 549.2 598.504 300 92
0 549.2 598.636 300 92
0 549.2 598.802 300 92
0 549.2 598.988 300 92
0 549.2 599.133 300 92
0 549.2 599.257 300 92
0 549.2 599.391 300 92
0 549.2 599.527 300 92
0 549.2 599.665 300 92
0 549.2 599.825 300 92
0 549.2 599.945 300 92
0 549.2 600.082 300 92
0 549.2 600.217 300 92
0 549.2 600.35 300 92
0 549.2 600.489 300 92
0 549.2 600.637 300 92
0 549.2 600.756 300 92
0 549.2 600.887 300 92
0 549.2 601.022 300 92
0 549.2 601.158 300 92
0 549.2 601.294 300 92
0 549.2 601.429 300 92
0 549.2 601.559 300 92
0 549.2 601.679 300 92
0 549.2 601.823 300 92
0 549.2 602.005 300 92
0 549.2 602.144 300 92
0 549.2 602.46 300 92
0 549.2 602.591 300 92
0 549.2 602.742 300 92
0 549.2 602.93 300 92
0 549.2 603.063 300 92
0 549.2 603.205 300 92
0 549.2 603.412 300 92
0 549.2 603.552 300 92
0 549.2 603.681 300 92
0 549.2 603.818 300 92
0 549.2 604.1 300 92
0 549.2 604.303 300 92
0 549.2 604.438 300 92
0 549.2 604.569 300 92
0 549.2 604.701 300 92
0 549.2 604.828 300 92
0 549.2 605.045 300 92
0 549.2 605.183 300 92
0 549.2 605.344 300 92
0 549.2 605.473 300 92
0 549.2 605.607 300 92
0 549.2 605.731 300 92
0 549.2 605.918 300 92
0 549.2 606.014 300 92
0 549.2 606.288 300 92
0 549.2 606.526 300 92
0 549.2 606.66 300 92
0 549.2 606.817 300 92
0 549.2 607.017 300 92
0 549.2 607.142 300 92
0 549.2 607.269 300 92
0 549.2 607.454 300 92
0 549.2 607.631 300 92
0 549.2 607.767 300 92
0 549.2 607.955 300 92
0 549.2 608.067 300 92
0 549.2 608.186 300 92
0 549.2 608.38 300 92
0 549.2 608.518 300 92
0 549.2 608.656 300 92
0 549.2 608.8 300 92
0 549.2 608.961 300 92
0 549.2 609.153 300 92
0 549.2 609.257 300 92
0 549.2 609.406 300 92
0 549.2 609.539 300 92
0 549.2 609.678 300 92
0 549.2 609.978 300 92
0 549.2 610.131 300 92
0 549.2 610.273 300 92
0 549.2 610.391 300 92
0 549.2 610.512 300 92
0 549.2 610.672 300 92
0 549.2 610.803 300 92
0 549.2 610.935 300 92
0 549.2 611.102 300 92
0 549.2 611.27 300 92
0 549.2 611.69 300 92
0 549.2 611.845 300 92
0 549.2 611.99 300 92
0 549.2 612.204 300 92
0 549.2 612.349 300 92
0 549.2 612.496 300 92
0 549.2 612.629 300 92
0 549.2 612.76 300 92
0 549.2 612.926 300 92
0 549.2 613.059 300 92
0 549.2 613.193 300 92
0 549.2 613.316 300 92
0 549.2 613.428 300 92
0 549.2 613.487 300 92
0 549.2 613.603 300 92
0 549.2 613.694 300 92
0 549.2 613.782 300 92
0 549.2 613.871 300 92
0 549.2 614.073 300 92
0 549.2 614.158 300 92
0 549.2 614.247 300 92
0 549.2 614.43 300 92
0 549.2 614.561 300 92
0 549.2 614.672 300 92
0 549.2 614.757 300 92
0 549.2 614.849 300 92
0 549.2 614.948 300 92
0 549.2 615.047 300 92
0 549.2 615.206 300 92
0 549.2 615.31 300 92
0 549.2 615.398 300 92
0 549.2 615.477 300 92
0 549.2 615.571 300 92
0 549.2 615.667 300 92
0 549.2 615.765 300 92
0 549.2 615.872 300 92
0 549.2 616.006 300 92
0 549.2 616.145 300 92
0 549.2 616.414 300 92
0 549.2 616.553 300 92
0 549.2 616.697 300 92
0 549.2 616.864 300 92
0 549.2 617.024 300 92
0 549.2 617.177 300 92
0 549.2 617.361 300 92
0 549.2 617.51 300 92
0 549.2 617.65 300 92
0 549.2 617.936 300 92
0 549.2 618.065 300 92
0 549.2 618.225 300 92
0 549.2 618.377 300 92
0 549.2 618.506 300 92
0 549.2 618.634 300 92
0 549.2 618.833 300 92
0 549.2 618.945 300 92
0 549.2 619.067 300 92
0 549.2 619.206 300 92
0 549.2 619.374 300 92
0 549.2 619.579 300 92
0 549.2 619.723 300 92
0 549.2 619.917 300 92
0 549.2 620.153 300 92
0 549.2 620.34 300 92
0 549.2 620.487 300 92
0 549.2 620.698 300 92
0 549.2 620.83 300 92
0 549.2 620.97 300 92
0 549.2 621.121 300 92
0 549.2 621.303 300 92
0 549.2 621.495 300 92
0 549.2 621.738 300 92
0 549.2 621.896 300 92
0 549.2 622.052 300 92
0 549.2 622.26 300 92
0 549.2 622.409 300 92
0 549.2 622.538 300 92
0 549.2 622.741 300 92
0 549.2 622.953 300 92
0 549.2 623.125 300 92
0 549.2 623.267 300 92
0 549.2 623.404 300 92
0 549.2 623.544 300 92
0 549.2 623.686 300 92
0 549.2 623.893 300 92
0 549.2 624.092 300 92
0 549.2 624.309 300 92
0 549.2 624.401 300 92
0 549.2 624.627 300 92
0 549.2 624.761 300 92
0 549.2 624.923 300 92
0 549.2 625.053 300 92
0 549.2 625.258 300 92
0 549.2 625.406 300 92
0 549.2 625.536 300 92
0 549.2 625.75 300 92
0 549.2 625.89 300 92
0 549.2 626.058 300 92
0 549.2 626.28 300 92
0 549.2 626.413 300 92
0 549.2 626.635 300 92
0 549.2 626.774 300 92
0 549.2 627.013 300 92
0 549.2 627.184 300 92
0 549.2 627.364 300 92
0 549.2 627.544 300 92
0 549.2 627.827 300 92
0 549.2 627.961 300 92
0 549.2 628.101 300 92
0 549.2 628.346 300 92
0 549.2 628.501 300 92
0 549.2 628.653 300 92
0 549.2 628.829 300 92
0 549.2 628.984 300 92
0 549.2 629.132 300 92
0 549.2 629.307 300 92
0 549.2 629.455 300 92
0 549.2 629.583 300 92
0 549.2 629.807 300 92
0 549.2 629.925 300 92
0 549.2 630.183 300 92
0 549.2 630.323 300 92
0 549.2 630.496 300 92
0 549.2 630.633 300 92
0 549.2 630.787 300 92
0 549.2 630.916 300 92
0 549.2 631.092 300 92
0 549.2 631.233 300 92
0 549.2 631.391 300 92
0 549.2 631.526 300 92
0 549.2 631.689 300 92
0 549.2 631.834 300 92
0 549.2 632.061 300 92
0 549.2 632.227 300 92
0 549.2 632.381 300 92
0 549.2 632.546 300 92
0 549.2 632.665 300 92
0 549.2 632.786 300 92
0 549.2 632.973 300 92
0 549.2 633.247 300 92
0 549.2 633.479 300 92
0 549.2 633.72 300 92
0 549.2 633.888 300 92
0 549.2 634 300 92
0 549.2 634.169 300 92
0 549.2 634.302 300 92
0 549.2 634.436 300 92
0 549.2 634.581 300 92
0 549.2 634.761 300 92
0 549.2 634.899 300 92
0 549.2 635.078 300 92
0 549.2 635.217 300 92
0 549.2 635.418 300 92
0 549.2 635.562 300 92
0 549.2 635.73 300 92
0 549.2 635.898 300 92
0 549.2 636.081 300 92
0 549.2 636.295 300 92
0 549.2 636.503 300 92
0 549.2 636.639 300 92
0 549.2 636.778 300 92
0 549.2 636.948 300 92
0 549.2 637.104 300 92
0 549.2 637.257 300 92
0 549.2 637.487 300 92
0 549.2 637.688 300 92
0 549.2 637.958 300 92
0 549.2 638.082 300 92
0 549.2 638.212 300 92
0 549.2 638.359 300 92
0 549.2 638.487 300 92
0 549.2 638.717 300 92
0 549.2 638.859 300 92
0 549.2 638.993 300 92
0 549.2 639.119 300 92
0 549.2 639.258 300 92
0 549.2 639.38 300 92
0 549.2 639.516 300 92
0 549.2 639.656 300 92
0 549.2 639.8 300 92
0 549.2 639.961 300 92
0 549.2 640.152 300 92
0 549.2 640.273 300 92
0 549.2 640.422 300 92
0 549.2 640.598 300 92
0 549.2 640.853 300 92
0 549.2 640.974 300 92
0 549.2 641.063 300 92
0 549.2 641.242 300 92
0 549.2 641.421 300 92
0 549.2 641.585 300 92
0 549.2 641.766 300 92
0 549.2 641.942 300 92
0 549.2 642.163 300 92
0 549.2 642.372 300 92
0 549.2 642.618 300 92
0 549.2 642.785 300 92
0 549.2 642.986 300 92
0 549.2 643.219 300 92
0 549.2 643.39 300 92
0 549.2 643.608 300 92
0 549.2 643.769 300 92
0 549.2 643.961 300 92
0 549.2 644.191 300 92
0 549.2 644.361 300 92
0 549.2 644.533 300 92
0 549.2 644.677 300 92
0 549.2 644.837 300 92
0 549.2 644.987 300 92
0 549.2 645.121 300 92
0 549.2 645.289 300 92
0 549.2 645.5 300 92
0 549.2 645.596 300 92
0 549.2 645.722 300 92
0 549.2 645.858 300 92
0 549.2 645.997 300 92
0 549.2 646.151 300 92
0 549.2 646.336 300 92
0 549.2 646.486 300 92
0 549.2 646.601 300 92
0 549.2 646.699 300 92
0 549.2 646.758 300 92
0 549.2 646.972 300 92
0 549.2 647.118 300 92
0 549.2 647.217 300 92
0 549.2 647.331 300 92
0 549.2 647.518 300 92
0 549.2 647.598 300 92
0 549.2 647.683 300 92
0 549.2 647.767 300 92
0 549.2 647.871 300 92
0 549.2 648.008 300 92
0 549.2 648.274 300 92
0 549.2 648.471 300 92
0 549.2 648.613 300 92
0 549.2 648.781 300 92
0 549.2 648.897 300 92
0 549.2 649.038 300 92
0 549.2 649.222 300 92
0 549.2 649.355 300 92
0 549.2 649.48 300 92
0 549.2 649.616 300 92
0 549.2 649.741 300 92
0 549.2 649.878 300 92
0 549.2 650.06 300 92
0 549.2 650.392 300 92
0 549.2 650.594 300 92
0 549.2 650.759 300 92
0 549.2 650.887 300 92
0 549.2 651.029 300 92
0 549.2 651.163 300 92
0 549.2 651.306 300 92
0 549.2 651.434 300 92
0 549.2 651.629 300 92
0 549.2 651.723 300 92
0 549.2 651.808 300 92
0 549.2 651.937 300 92
0 549.2 652.056 300 92
0 549.2 652.159 300 92
0 549.2 652.273 300 92
0 549.2 652.356 300 92
0 549.2 652.505 300 92
0 549.2 652.596 300 92
0 549.2 652.706 300 92
0 549.2 652.805 300 92
0 549.2 652.974 300 92
0 549.2 653.061 300 92
0 549.2 653.248 300 92
0 549.2 653.388 300 92
0 549.2 653.529 300 92
0 549.2 653.661 300 92
0 549.2 653.791 300 92
0 549.2 653.985 300 92
0 549.2 654.12 300 92
0 549.2 654.26 300 92
0 549.2 654.475 300 92
0 549.2 654.653 300 92
0 549.2 654.801 300 92
0 549.2 654.942 300 92
0 549.2 655.171 300 92
0 549.2 655.304 300 92
0 549.2 655.485 300 92
0 549.2 655.632 300 92
0 549.2 655.724 300 92
0 549.2 655.886 300 92
0 549.2 656.013 300 92
0 549.2 656.148 300 92
0 549.2 656.279 300 92
0 549.2 656.435 300 92
0 549.2 656.614 300 92
0 549.2 656.781 300 92
0 549.2 656.946 300 92
0 549.2 657.087 300 92
0 549.2 657.311 300 92
0 549.2 657.513 300 92
0 549.2 657.647 300 92
0 549.2 657.78 300 92
0 549.2 657.927 300 92
0 549.2 658.062 300 92
0 549.2 658.206 300 92
0 549.2 658.473 300 92
0 549.2 658.597 300 92
0 549.2 658.729 300 92
0 549.2 658.889 300 92
0 549.2 659.03 300 92
0 549.2 659.18 300 92
0 549.2 659.319 300 92
0 549.2 659.482 300 92
0 549.2 659.624 300 92
0 549.2 659.766 300 92
0 549.2 660.062 300 92
0 549.2 660.238 300 92
0 549.2 660.421 300 92
0 549.2 660.601 300 92
0 549.2 660.742 300 92
0 549.2 660.869 300 92
0 549.2 661.009 300 92
0 549.2 661.138 300 92
0 549.2 661.285 300 92
0 549.2 661.404 300 92
0 549.2 661.541 300 92
0 549.2 661.672 300 92
0 549.2 661.807 300 92
0 549.2 661.946 300 92
0 549.2 662.119 300 92
0 549.2 662.349 300 92
0 549.2 662.485 300 92
0 549.2 662.628 300 92
0 549.2 662.744 300 92
0 549.2 662.894 300 92
0 549.2 663.022 300 92
0 549.2 663.166 300 92
0 549.2 663.287 300 92
0 549.2 663.467 300 92
0 549.2 663.596 300 92
0 549.2 663.716 300 92
0 549.2 663.855 300 92
0 549.2 664.003 300 92
0 549.2 664.128 300 92
0 549.2 664.26 300 92
0 549.2 664.391 300 92
0 549.2 664.516 300 92
0 549.2 664.658 300 92
0 549.2 664.799 300 92
0 549.2 664.939 300 92
0 549.2 665.098 300 92
0 549.2 665.267 300 92
0 549.2 665.387 300 92
0 549.2 665.516 300 92
0 549.2 665.697 300 92
0 549.2 665.826 300 92
0 549.2 665.993 300 92
0 549.2 666.096 300 92
0 549.2 666.225 300 92
0 549.2 666.319 300 92
0 549.2 666.521 300 92
0 549.2 666.647 300 92
0 549.2 666.789 300 92
0 549.2 666.937 300 92
0 549.2 667.077 300 92
0 549.2 667.241 300 92
0 549.2 667.476 300 92
0 549.2 667.657 300 92
0 549.2 667.849 300 92
0 549.2 667.984 300 92
0 549.2 668.127 300 92
0 549.2 668.266 300 92
0 549.2 668.405 300 92
0 549.2 668.563 300 92
0 549.2 668.72 300 92
0 549.2 668.887 300 92
0 549.2 669.163 300 92
0 549.2 669.306 300 92
0 549.2 669.445 300 92
0 549.2 669.575 300 92
0 549.2 669.715 300 92
0 549.2 669.815 300 92
0 549.2 669.95 300 92
0 549.2 670.079 300 92
0 549.2 670.234 300 92
0 549.2 670.372 300 92
0 549.2 670.508 300 92
0 549.2 670.643 300 92
0 549.2 670.788 300 92
0 549.2 670.927 300 92
0 549.2 671.078 300 92
0 549.2 671.218 300 92
0 549.2 671.34 300 92
0 549.2 671.485 300 92
0 549.2 671.627 300 92
0 549.2 671.777 300 92
0 549.2 671.893 300 92
0 549.2 672.067 300 92
0 549.2 672.206 300 92
0 549.2 672.431 300 92
0 549.2 672.57 300 92
0 549.2 672.75 300 92
0 549.2 672.919 300 92
0 549.2 673.141 300 92
0 549.2 673.337 300 92
0 549.2 673.684 300 92
0 549.2 673.82 300 92
0 549.2 673.951 300 92
0 549.2 674.189 300 92
0 549.2 674.322 300 92
0 549.2 674.467 300 92
0 549.2 674.623 300 92
0 549.2 674.805 300 92
0 549.2 675.044 300 92
0 549.2 675.198 300 92
0 549.2 675.366 300 92
0 549.2 675.555 300 92
0 549.2 675.69 300 92
0 549.2 675.925 300 92
0 549.2 676.1 300 92
0 549.2 676.237 300 92
0 549.2 676.373 300 92
0 549.2 676.54 300 92
0 549.2 676.689 300 92
0 549.2 676.851 300 92
0 549.2 676.983 300 92
0 549.2 677.121 300 92
0 549.2 677.274 300 92
0 549.2 677.422 300 92
0 549.2 677.553 300 92
0 549.2 677.697 300 92
0 549.2 677.848 300 92
0 549.2 677.98 300 92
0 549.2 678.13 300 92
0 549.2 678.278 300 92
0 549.2 678.421 300 92
0 549.2 678.624 300 92
0 549.2 678.764 300 92
0 549.2 678.909 300 92
0 549.2 679.091 300 92
0 549.2 679.232 300 92
0 549.2 679.472 300 92
0 549.2 679.592 300 92
0 549.2 679.709 300 92
0 549.2 679.954 300 92
0 549.2 680.081 300 92
0 549.2 680.212 300 92
0 549.2 680.345 300 92
0 549.2 680.481 300 92
0 549.2 680.618 300 92
0 549.2 680.75 300 92
0 549.2 680.898 300 92
0 549.2 681.038 300 92
0 549.2 681.182 300 92
0 549.2 681.306 300 92
0 549.2 681.472 300 92
0 549.2 681.615 300 92
0 549.2 681.839 300 92
0 549.2 681.93 300 92
0 549.2 682.071 300 92
0 549.2 682.221 300 92
0 549.2 682.365 300 92
0 549.2 682.521 300 92
0 549.2 682.671 300 92
0 549.2 682.801 300 92
0 549.2 682.946 300 92
0 549.2 683.161 300 92
0 549.2 683.334 300 92
0 549.2 683.508 300 92
0 549.2 683.655 300 92
0 549.2 683.779 300 92
0 549.2 683.878 300 92
0 549.2 684.019 300 92
0 549.2 684.182 300 92
0 549.2 684.31 300 92
0 549.2 684.46 300 92
0 549.2 684.581 300 92
0 549.2 684.727 300 92
0 549.2 684.866 300 92
0 549.2 685.003 300 92
0 549.2 685.128 300 92
0 549.2 685.261 300 92
0 549.2 685.39 300 92
0 549.2 685.532 300 92
0 549.2 685.715 300 92
0 549.2 685.845 300 92
0 549.2 686.026 300 92
0 549.2 686.197 300 92
0 549.2 686.336 300 92
0 549.2 686.537 300 92
0 549.2 686.679 300 92
0 549.2 686.828 300 92
0 549.2 686.972 300 92
0 549.2 687.102 300 92
0 549.2 687.313 300 92
0 549.2 687.442 300 92
0 549.2 687.594 300 92
0 549.2 687.736 300 92
0 549.2 687.966 300 92
0 549.2 688.093 300 92
0 549.2 688.231 300 92
0 549.2 688.358 300 92
0 549.2 688.491 300 92
0 549.2 688.638 300 92
0 549.2 688.775 300 92
0 549.2 688.92 300 92
0 549.2 689.098 300 92
0 549.2 689.238 300 92
0 549.2 689.381 300 92
0 549.2 689.518 300 92
0 549.2 689.611 300 92
0 549.2 689.821 300 92
0 549.2 690.167 300 92
0 549.2 690.307 300 92
0 549.2 690.455 300 92
0 549.2 690.592 300 92
0 549.2 690.743 300 92
0 549.2 690.875 300 92
0 549.2 691.095 300 92
0 549.2 691.228 300 92
0 549.2 691.412 300 92
0 549.2 691.554 300 92
0 549.2 691.675 300 92
0 549.2 691.803 300 92
0 549.2 691.895 300 92
0 549.2 692.014 300 92
0 549.2 692.164 300 92
0 549.2 692.38 300 92
0 549.2 692.458 300 92
0 549.2 692.561 300 92
0 549.2 692.683 300 92
0 549.2 692.775 300 92
0 549.2 692.88 300 92
0 549.2 692.987 300 92
0 549.2 693.068 300 92
0 549.2 693.168 300 92
0 549.2 693.252 300 92
0 549.2 693.379 300 92
0 549.2 693.472 300 92
0 549.2 693.593 300 92
0 549.2 693.682 300 92
0 549.2 693.829 300 92
0 549.2 693.972 300 92
0 549.2 694.093 300 92
0 549.2 694.206 300 92
0 549.2 694.329 300 92
0 549.2 694.479 300 92
0 549.2 694.579 300 92
0 549.2 694.737 300 92
0 549.2 694.822 300 92
0 549.2 694.916 300 92
0 549.2 695.012 300 92
0 549.2 695.106 300 92
0 549.2 695.197 300 92
0 549.2 695.333 300 92
0 549.2 695.479 300 92
0 549.2 695.535 300 92
0 549.2 695.634 300 92
0 549.2 695.752 300 92
0 549.2 695.883 300 92
0 549.2 696.02 300 92
0 549.2 696.124 300 92
0 549.2 696.214 300 92
0 549.2 696.301 300 92
0 549.2 696.424 300 92
0 549.2 696.522 300 92
0 549.2 696.643 300 92
0 549.2 696.729 300 92
0 549.2 696.827 300 92
0 549.2 696.966 300 92
0 549.2 697.195 300 92
0 549.2 697.297 300 92
0 549.2 697.426 300 92
0 549.2 697.56 300 92
0 549.2 697.682 300 92
0 549.2 697.803 300 92
0 549.2 697.937 300 92
0 549.2 698.095 300 92
0 549.2 698.231 300 92
0 549.2 698.421 300 92
0 549.2 698.578 300 92
0 549.2 698.72 300 92
0 549.2 698.849 300 92
0 549.2 699.008 300 92
0 549.2 699.166 300 92
0 549.2 699.491 300 92
0 549.2 699.627 300 92
0 549.2 699.813 300 92
0 549.2 699.969 300 92
0 549.2 700.172 300 92
0 549.2 700.354 300 92
0 549.2 700.573 300 92
0 549.2 700.697 300 92
0 549.2 700.822 300 92
0 549.2 700.996 300 92
0 549.2 701.192 300 92
0 549.2 701.331 300 92
0 549.2 701.463 300 92
0 549.2 701.606 300 92
0 549.2 701.781 300 92
0 549.2 701.917 300 92
0 549.2 702.037 300 92
0 549.2 702.171 300 92
0 549.2 702.311 300 92
0 549.2 702.446 300 92
0 549.2 702.559 300 92
0 549.2 702.767 300 92
0 549.2 702.917 300 92
0 549.2 703.061 300 92
0 549.2 703.187 300 92
0 549.2 703.333 300 92
0 549.2 703.443 300 92
0 549.2 703.609 300 92
0 549.2 703.758 300 92
0 549.2 703.912 300 92
0 549.2 704.064 300 92
0 549.2 704.181 300 92
0 549.2 704.325 300 92
0 549.2 704.455 300 92
0 549.2 704.618 300 92
0 549.2 704.81 300 92
0 549.2 704.944 300 92
0 549.2 705.166 300 92
0 549.2 705.373 300 92
0 549.2 705.576 300 92
0 549.2 705.702 300 92
0 549.2 705.823 300 92
0 549.2 705.914 300 92
0 549.2 706.061 300 92
0 549.2 706.145 300 92
0 549.2 706.264 300 92
0 549.2 706.44 300 92
0 549.2 706.568 300 92
0 549.2 706.699 300 92
0 549.2 706.837 300 92
0 549.2 706.969 300 92
0 549.2 707.115 300 92
0 549.2 707.288 300 92
0 549.2 707.528 300 92
0 549.2 707.82 300 92
0 549.2 707.965 300 92
0 549.2 708.149 300 92
0 549.2 708.296 300 92
0 549.2 708.428 300 92
0 549.2 708.577 300 92
0 549.2 708.695 300 92
0 549.2 708.788 300 92
0 549.2 708.874 300 92
0 549.2 709.032 300 92
0 549.2 709.129 300 92
0 549.2 709.212 300 92
0 549.2 709.3 300 92
0 549.2 709.403 300 92
0 549.2 709.558 300 92
0 549.2 709.65 300 92
0 549.2 709.752 300 92
0 549.2 709.885 300 92
0 549.2 709.97 300 92
0 549.2 710.061 300 92
0 549.2 710.167 300 92
0 549.2 710.255 300 92
0 549.2 710.353 300 92
0 549.2 710.505 300 92
0 549.2 710.631 300 92
0 549.2 710.729 300 92
0 549.2 710.829 300 92
0 549.2 710.935 300 92
0 549.2 711.065 300 92
0 549.2 711.259 300 92
0 549.2 711.453 300 92
0 549.2 711.656 300 92
0 549.2 711.849 300 92
0 549.2 711.982 300 92
0 549.2 712.166 300 92
0 549.2 712.305 300 92
0 549.2 712.542 300 92
0 549.2 712.73 300 92
0 549.2 712.875 300 92
0 549.2 713.022 300 92
0 549.2 713.158 300 92
0 549.2 713.292 300 92
0 549.2 713.529 300 92
0 549.2 713.659 300 92
0 549.2 713.895 300 92
0 549.2 714.05 300 92
0 549.2 714.273 300 92
0 549.2 714.401 300 92
0 549.2 714.596 300 92
0 549.2 714.787 300 92
0 549.2 714.889 300 92
0 549.2 715.079 300 92
0 549.2 715.249 300 92
0 549.2 715.381 300 92
0 549.2 715.595 300 92
0 549.2 715.723 300 92
0 549.2 715.867 300 92
0 549.2 716.02 300 92
0 549.2 716.209 300 92
0 549.2 716.367 300 92
0 549.2 716.494 300 92
0 549.2 716.635 300 92
0 549.2 716.785 300 92
0 549.2 716.882 300 92
0 549.2 717.008 300 92
0 549.2 717.138 300 92
0 549.2 717.288 300 92
0 549.2 717.5 300 92
0 549.2 717.65 300 92
0 549.2 717.791 300 92
0 549.2 717.948 300 92
0 549.2 718.084 300 92
0 549.2 718.272 300 92
0 549.2 718.472 300 92
0 549.2 718.684 300 92
0 549.2 718.819 300 92
0 549.2 718.964 300 92
0 549.2 719.107 300 92
0 549.2 719.252 300 92
0 549.2 719.392 300 92
0 549.2 719.545 300 92
0 549.2 719.689 300 92
0 549.2 719.826 300 92
0 549.2 719.97 300 92
0 549.2 720.12 300 92
0 549.2 720.277 300 92
0 549.2 720.427 300 92
0 549.2 720.574 300 92
0 549.2 720.755 300 92
0 549.2 720.936 300 92
0 549.2 721.065 300 92
0 549.2 721.234 300 92
0 549.2 721.358 300 92
0 549.2 721.502 300 92
0 549.2 721.705 300 92
0 549.2 721.899 300 92
0 549.2 722.122 300 92
0 549.2 722.308 300 92
0 549.2 722.459 300 92
0 549.2 722.708 300 92
0 549.2 722.866 300 92
0 549.2 723.023 300 92
0 549.2 723.179 300 92
0 549.2 723.318 300 92
0 549.2 723.445 300 92
0 549.2 723.639 300 92
0 549.2 723.784 300 92
0 549.2 723.913 300 92
0 549.2 724.103 300 92
0 549.2 724.265 300 92
0 549.2 724.407 300 92
0 549.2 724.596 300 92
0 549.2 724.724 300 92
0 549.2 724.851 300 92
0 549.2 725.044 300 92
0 549.2 725.184 300 92
0 549.2 725.283 300 92
0 549.2 725.426 300 92
0 549.2 725.564 300 92
0 549.2 725.702 300 92
0 549.2 725.852 300 92
0 549.2 725.987 300 92
0 549.2 726.134 300 92
0 549.2 726.273 300 92
0 549.2 726.433 300 92
0 549.2 726.673 300 92
0 549.2 726.812 300 92
0 549.2 727.012 300 92
0 549.2 727.261 300 92
0 549.2 727.399 300 92
0 549.2 727.508 300 92
0 549.2 727.645 300 92
0 549.2 727.793 300 92
0 549.2 727.927 300 92
0 549.2 728.128 300 92
0 549.2 728.225 300 92
0 549.2 728.356 300 92
0 549.2 728.532 300 92
0 549.2 728.682 300 92
0 549.2 728.826 300 92
0 549.2 729.008 300 92
0 549.2 729.178 300 92
0 549.2 729.322 300 92
0 549.2 729.465 300 92
0 549.2 729.612 300 92
0 549.2 729.736 300 92
0 549.2 729.878 300 92
0 549.2 730.011 300 92
0 549.2 730.142 300 92
0 549.2 730.261 300 92
0 549.2 730.346 300 92
0 549.2 730.491 300 92
0 549.2 730.648 300 92
0 549.2 730.786 300 92
0 549.2 730.929 300 92
0 549.2 731.134 300 92
0 549.2 731.264 300 92
0 549.2 731.484 300 92
0 549.2 731.724 300 92
0 549.2 731.826 300 92
0 549.2 731.961 300 92
0 549.2 732.1 300 92
0 549.2 732.237 300 92
0 549.2 732.374 300 92
0 549.2 732.472 300 92
0 549.2 732.578 300 92
0 549.2 732.841 300 92
0 549.2 732.988 300 92
0 549.2 733.122 300 92
0 549.2 733.259 300 92
0 549.2 733.402 300 92
0 549.2 733.54 300 92
0 549.2 733.729 300 92
0 549.2 733.867 300 92
0 549.2 734.017 300 92
0 549.2 734.16 300 92
0 549.2 734.303 300 92
0 549.2 734.546 300 92
0 549.2 734.692 300 92
0 549.2 734.853 300 92
0 549.2 735.01 300 92
0 549.2 735.184 300 92
0 549.2 735.328 300 92
0 549.2 735.519 300 92
0 549.2 735.707 300 92
0 549.2 735.893 300 92
0 549.2 736.071 300 92
0 549.2 736.233 300 92
0 549.2 736.467 300 92
0 549.2 736.609 300 92
0 549.2 736.754 300 92
0 549.2 736.903 300 92
0 549.2 737.053 300 92
0 549.2 737.198 300 92
0 549.2 737.345 300 92
0 549.2 737.486 300 92
0 549.2 737.622 300 92
0 549.2 737.774 300 92
0 549.2 738.064 300 92
0 549.2 738.31 300 92
0 549.2 738.453 300 92
0 549.2 738.717 300 92
0 549.2 739.02 300 92
0 549.2 739.183 300 92
0 549.2 739.346 300 92
0 549.2 739.496 300 92
0 549.2 739.641 300 92
0 549.2 739.739 300 92
0 549.2 739.941 300 92
0 549.2 740.109 300 92
0 549.2 740.346 300 92
0 549.2 740.487 300 92
0 549.2 740.673 300 92
0 549.2 740.879 300 92
0 549.2 741.125 300 92
0 549.2 741.275 300 92
0 549.2 741.425 300 92
0 549.2 741.554 300 92
0 549.2 741.689 300 92
0 549.2 741.994 300 92
0 549.2 742.138 300 92
0 549.2 742.272 300 92
0 549.2 742.363 300 92
0 549.2 742.561 300 92
0 549.2 742.778 300 92
0 549.2 743.024 300 92
0 549.2 743.172 300 92
0 549.2 743.304 300 92
0 549.2 743.475 300 92
0 549.2 743.603 300 92
0 549.2 743.758 300 92
0 549.2 743.838 300 92
0 549.2 743.987 300 92
0 549.2 744.114 300 92
0 549.2 744.263 300 92
0 549.2 744.349 300 92
0 549.2 744.532 300 92
0 549.2 744.655 300 92
0 549.2 744.791 300 92
0 549.2 744.892 300 92
0 549.2 745.025 300 92
0 549.2 745.166 300 92
0 549.2 745.295 300 92
0 549.2 745.436 300 92
0 549.2 745.596 300 92
0 549.2 745.786 300 92
0 549.2 745.923 300 92
0 549.2 746.056 300 92
0 549.2 746.243 300 92
0 549.2 746.423 300 92
0 549.2 746.599 300 92
0 549.2 746.735 300 92
0 549.2 746.879 300 92
0 549.2 747.023 300 92
0 549.2 747.227 300 92
0 549.2 747.402 300 92
0 549.2 747.548 300 92
0 549.2 747.683 300 92
0 549.2 747.832 300 92
0 549.2 747.958 300 92
0 549.2 748.159 300 92
0 549.2 748.297 300 92
0 549.2 748.464 300 92
0 549.2 748.644 300 92
0 549.2 748.774 300 92
0 549.2 748.98 300 92
0 549.2 749.111 300 92
0 549.2 749.246 300 92
0 549.2 749.377 300 92
0 549.2 749.504 300 92
0 549.2 749.621 300 92
0 549.2 749.764 300 92
0 549.2 749.909 300 92
0 549.2 750.029 300 92
0 549.2 750.15 300 92
0 549.2 750.288 300 92
0 549.2 750.454 300 92
0 549.2 750.592 300 92
0 549.2 750.757 300 92
0 549.2 750.924 300 92
0 549.2 751.066 300 92
0 549.2 751.188 300 92
0 549.2 751.367 300 92
0 549.2 751.509 300 92
0 549.2 751.661 300 92
0 549.2 751.808 300 92
0 549.2 752.004 300 92
0 549.2 752.134 300 92
0 549.2 752.271 300 92
0 549.2 752.413 300 92
0 549.2 752.544 300 92
0 549.2 752.682 300 92
0 549.2 752.832 300 92
0 549.2 752.976 300 92
0 549.2 753.125 300 92
0 549.2 753.254 300 92
0 549.2 753.386 300 92
0 549.2 753.531 300 92
0 549.2 753.66 300 92
0 549.2 753.797 300 92
0 549.2 753.979 300 92
0 549.2 754.103 300 92
0 549.2 754.186 300 92
0 549.2 754.303 300 92
0 549.2 754.484 300 92
0 549.2 754.625 300 92
0 549.2 754.768 300 92
0 549.2 754.946 300 92
0 549.2 755.084 300 92
0 549.2 755.204 300 92
0 549.2 755.317 300 92
0 549.2 755.469 300 92
0 549.2 755.652 300 92
0 549.2 755.785 300 92
0 549.2 755.99 300 92
0 549.2 756.137 300 92
0 549.2 756.267 300 92
0 549.2 756.458 300 92
0 549.2 756.611 300 92
0 549.2 756.752 300 92
0 549.2 756.873 300 92
0 549.2 756.999 300 92
0 549.2 757.141 300 92
0 549.2 757.287 300 92
0 549.2 757.495 300 92
0 549.2 757.685 300 92
0 549.2 757.846 300 92
0 549.2 757.987 300 92
0 549.2 758.127 300 92
0 549.2 758.214 300 92
0 549.2 758.37 300 92
0 549.2 758.522 300 92
0 549.2 758.66 300 92
0 549.2 758.832 300 92
0 549.2 758.974 300 92
0 549.2 759.121 300 92
0 549.2 759.493 300 92
0 549.2 759.687 300 92
0 549.2 759.828 300 92
0 549.2 759.961 300 92
0 549.2 760.228 300 92
0 549.2 760.396 300 92
0 549.2 760.483 300 92
0 549.2 760.609 300 92
0 549.2 760.841 300 92
0 549.2 760.985 300 92
0 549.2 761.121 300 92
0 549.2 761.254 300 92
0 549.2 761.399 300 92
0 549.2 761.533 300 92
0 549.2 761.657 300 92
0 549.2 761.812 300 92
0 549.2 761.986 300 92
0 549.2 762.167 300 92
0 549.2 762.347 300 92
0 549.2 762.501 300 92
0 549.2 762.652 300 92
0 549.2 762.796 300 92
0 549.2 762.931 300 92
0 549.2 763.129 300 92
0 549.2 763.318 300 92
0 549.2 763.459 300 92
0 549.2 763.641 300 92
0 549.2 763.771 300 92
0 549.2 763.902 300 92
0 549.2 764.045 300 92
0 549.2 764.198 300 92
0 549.2 764.38 300 92
0 549.2 764.52 300 92
0 549.2 764.642 300 92
0 549.2 764.824 300 92
0 549.2 764.999 300 92
0 549.2 765.129 300 92
0 549.2 765.308 300 92
0 549.2 765.464 300 92
0 549.2 765.617 300 92
0 549.2 765.77 300 92
0 549.2 765.939 300 92
0 549.2 766.078 300 92
0 549.2 766.223 300 92
0 549.2 766.353 300 92
0 549.2 766.477 300 92
0 549.2 766.619 300 92
0 549.2 766.85 300 92
0 549.2 766.984 300 92
0 549.2 767.127 300 92
0 549.2 767.269 300 92
0 549.2 767.411 300 92
0 549.2 767.546 300 92
0 549.2 767.681 300 92
0 549.2 767.962 300 92
0 549.2 768.093 300 92
0 549.2 768.301 300 92
0 549.2 768.496 300 92
0 549.2 768.643 300 92
0 549.2 768.77 300 92
0 549.2 768.869 300 92
0 549.2 769.009 300 92
0 549.2 769.098 300 92
0 549.2 769.329 300 92
0 549.2 769.476 300 92
0 549.2 769.613 300 92
0 549.2 769.782 300 92
0 549.2 769.959 300 92
0 549.2 770.176 300 92
0 549.2 770.39 300 92
0 549.2 770.521 300 92
0 549.2 770.69 300 92
0 549.2 770.827 300 92
0 549.2 770.96 300 92
0 549.2 771.092 300 92
0 549.2 771.232 300 92
0 549.2 771.374 300 92
0 549.2 771.492 300 92
0 549.2 771.623 300 92
0 549.2 771.757 300 92
0 549.2 771.894 300 92
0 549.2 772.09 300 92
0 549.2 772.266 300 92
0 549.2 772.413 300 92
0 549.2 772.565 300 92
0 549.2 772.752 300 92
0 549.2 772.93 300 92
0 549.2 773.057 300 92
0 549.2 773.242 300 92
0 549.2 773.387 300 92
0 549.2 773.53 300 92
0 549.2 773.668 300 92
0 549.2 773.756 300 92
0 549.2 773.915 300 92
0 549.2 774.13 300 92
0 549.2 774.267 300 92
0 549.2 774.408 300 92
0 549.2 774.524 300 92
0 549.2 774.615 300 92
0 549.2 774.772 300 92
0 549.2 774.967 300 92
0 549.2 775.093 300 92
0 549.2 775.218 300 92
0 549.2 775.364 300 92
0 549.2 775.522 300 92
0 549.2 775.671 300 92
0 549.2 775.81 300 92
0 549.2 775.999 300 92
0 549.2 776.128 300 92
0 549.2 776.254 300 92
0 549.2 776.388 300 92
0 549.2 776.514 300 92
0 549.2 776.641 300 92
0 549.2 776.797 300 92
0 549.2 777.049 300 92
0 549.2 777.202 300 92
0 549.2 777.292 300 92
0 549.2 777.528 300 92
0 549.2 777.646 300 92
0 549.2 777.802 300 92
0 549.2 778.012 300 92
0 549.2 778.135 300 92
0 549.2 778.291 300 92
0 549.2 778.433 300 92
0 549.2 778.535 300 92
0 549.2 778.694 300 92
0 549.2 778.879 300 92
0 549.2 779.017 300 92
0 549.2 779.159 300 92
0 549.2 779.294 300 92
0 549.2 779.475 300 92
0 549.2 779.636 300 92
0 549.2 779.774 300 92
0 549.2 779.958 300 92
0 549.2 780.11 300 92
0 549.2 780.248 300 92
0 549.2 780.402 300 92
0 549.2 780.552 300 92
0 549.2 780.682 300 92
0 549.2 780.823 300 92
0 549.2 780.979 300 92
0 549.2 781.105 300 92
0 549.2 781.355 300 92
0 549.2 781.481 300 92
0 549.2 781.643 300 92
0 549.2 781.791 300 92
0 549.2 782.019 300 92
0 549.2 782.152 300 92
0 549.2 782.28 300 92
0 549.2 782.506 300 92
0 549.2 782.706 300 92
0 549.2 782.847 300 92
0 549.2 782.996 300 92
0 549.2 783.123 300 92
0 549.2 783.362 300 92
0 549.2 783.528 300 92
0 549.2 783.673 300 92
0 549.2 783.821 300 92
0 549.2 783.965 300 92
0 549.2 784.107 300 92
0 549.2 784.287 300 92
0 549.2 784.441 300 92
0 549.2 784.682 300 92
0 549.2 784.812 300 92
0 549.2 784.946 300 92
0 549.2 785.088 300 92
0 549.2 785.24 300 92
0 549.2 785.453 300 92
0 549.2 785.701 300 92
0 549.2 785.86 300 92
0 549.2 786.018 300 92
0 549.2 786.116 300 92
0 549.2 786.186 300 92
0 549.2 786.271 300 92
0 549.2 786.366 300 92
0 549.2 786.489 300 92
0 549.2 786.621 300 92
0 549.2 786.72 300 92
0 549.2 786.819 300 92
0 549.2 786.906 300 92
0 549.2 787.026 300 92
0 549.2 787.123 300 92
0 549.2 787.222 300 92
0 549.2 787.303 300 92
0 549.2 787.434 300 92
0 549.2 787.568 300 92
0 549.2 787.723 300 92
0 549.2 787.817 300 92
0 549.2 787.954 300 92
0 549.2 788.076 300 92
0 549.2 788.21 300 92
0 549.2 788.342 300 92
0 549.2 788.47 300 92
0 549.2 788.621 300 92
0 549.2 788.87 300 92
0 549.2 789.021 300 92
0 549.2 789.279 300 92
0 549.2 789.421 300 92
0 549.2 789.564 300 92
0 549.2 789.709 300 92
0 549.2 789.851 300 92
0 549.2 789.981 300 92
0 549.2 790.117 300 92
0 549.2 790.259 300 92
0 549.2 790.453 300 92
0 549.2 790.631 300 92
0 549.2 790.778 300 92
0 549.2 790.931 300 92
0 549.2 791.18 300 92
0 549.2 791.346 300 92
0 549.2 791.492 300 92
0 549.2 791.638 300 92
0 549.2 791.772 300 92
0 549.2 791.919 300 92
0 549.2 792.057 300 92
0 549.2 792.232 300 92
0 549.2 792.365 300 92
0 549.2 792.496 300 92
0 549.2 792.637 300 92
0 549.2 792.777 300 92
0 549.2 792.923 300 92
0 549.2 793.071 300 92
0 549.2 793.228 300 92
0 549.2 793.372 300 92
0 549.2 793.533 300 92
0 549.2 793.741 300 92
0 549.2 793.836 300 92
0 549.2 793.961 300 92
0 549.2 794.068 300 92
0 549.2 794.206 300 92
0 549.2 794.341 300 92
0 549.2 794.63 300 92
0 549.2 794.76 300 92
0 549.2 794.905 300 92
0 549.2 795.049 300 92
0 549.2 795.22 300 92
0 549.2 795.353 300 92
0 549.2 795.576 300 92
0 549.2 795.696 300 92
0 549.2 795.825 300 92
0 549.2 796.003 300 92
0 549.2 796.13 300 92
0 549.2 796.259 300 92
0 549.2 796.403 300 92
0 549.2 796.607 300 92
0 549.2 796.836 300 92
0 549.2 796.971 300 92
0 549.2 797.121 300 92
0 549.2 797.223 300 92
0 549.2 797.354 300 92
0 549.2 797.538 300 92
0 549.2 797.663 300 92
0 549.2 797.794 300 92
0 549.2 797.934 300 92
0 549.2 798.065 300 92
0 549.2 798.219 300 92
0 549.2 798.446 300 92
0 549.2 798.594 300 92
0 549.2 798.725 300 92
0 549.2 798.902 300 92
0 549.2 799.044 300 92
0 549.2 799.195 300 92
0 549.2 799.327 300 92
0 549.2 799.45 300 92
0 549.2 799.578 300 92
0 549.2 799.726 300 92
0 549.2 799.863 300 92
0 549.2 800.001 300 92
