0 773.2 0.013468 300 0
0 745.2 0.01668 1
0 700.4 0.019105 1
0 666.8 0.02307 1
0 661.2 0.037463 13
0 661.2 0.093214 300 72
0 655.6 0.10058 72
0 650 0.120475 72
0 644.4 0.140753 72
0 610.8 0.143276 72
0 582.8 0.148296 72
0 582.8 0.209368 300 72
0 582.8 0.284498 300 78
0 582.8 0.384343 300 78
0 577.2 0.398609 78
0 577.2 0.458797 300 78
0 577.2 0.554563 300 78
0 577.2 0.630466 300 84
0 577.2 0.710657 300 87
0 577.2 0.777009 300 87
0 577.2 0.853417 300 87
0 577.2 0.935817 300 87
0 577.2 1.04808 300 87
0 577.2 1.13074 300 87
0 577.2 1.2083 300 87
0 577.2 1.31991 300 87
0 577.2 1.36746 300 87
0 577.2 1.44119 300 87
0 577.2 1.54198 300 87
0 577.2 1.6259 300 88
0 577.2 1.74567 300 88
0 577.2 1.82366 300 88
0 577.2 1.93183 300 88
0 577.2 2.04184 300 88
0 577.2 2.11383 300 88
0 577.2 2.18187 300 88
0 577.2 2.26554 300 88
0 577.2 2.3433 300 89
0 577.2 2.44239 300 89
0 577.2 2.53694 300 89
0 577.2 2.61626 300 89
0 577.2 2.75546 300 89
0 577.2 2.83402 300 89
0 577.2 2.91799 300 89
0 577.2 3.01469 300 89
0 577.2 3.091 300 89
0 577.2 3.19271 300 89
0 577.2 3.35982 300 89
0 577.2 3.44022 300 89
0 571.6 3.46126 89
0 571.6 3.52398 300 89
0 571.6 3.59921 300 89
0 571.6 3.68419 300 89
0 571.6 3.76909 300 89
0 571.6 3.87636 300 89
0 571.6 3.96267 300 89
0 571.6 4.09019 300 89
0 571.6 4.16441 300 89
0 571.6 4.23897 300 89
0 571.6 4.3166 300 89
0 571.6 4.39607 300 89
0 571.6 4.48241 300 89
0 571.6 4.56699 300 89
0 571.6 4.64529 300 89
0 571.6 4.72165 300 90
0 571.6 4.86745 300 90
0 571.6 5.01576 300 90
0 571.6 5.10064 300 90
0 571.6 5.18214 300 90
0 571.6 5.35279 300 90
0 571.6 5.44587 300 90
0 571.6 5.5344 300 90
0 571.6 5.66974 300 90
0 571.6 5.73863 300 90
0 571.6 5.8355 300 90
0 571.6 5.95797 300 90
0 571.6 6.04057 300 90
0 571.6 6.12709 300 90
0 571.6 6.21077 300 90
0 571.6 6.32331 300 90
0 571.6 6.47007 300 90
0 571.6 6.61438 300 90
0 571.6 6.73933 300 90
0 571.6 6.87329 300 90
0 571.6 6.96431 300 90
0 571.6 7.05804 300 90
0 571.6 7.25399 300 90
0 571.6 7.5156 300 90
0 571.6 7.74464 300 90
0 571.6 7.92176 300 90
0 571.6 8.07743 300 90
0 571.6 8.2708 300 90
0 571.6 8.45443 300 90
0 571.6 8.64671 300 90
0 571.6 8.88149 300 90
0 571.6 9.07863 300 90
0 571.6 9.42178 300 90
0 571.6 9.57073 300 90
0 571.6 9.74608 300 90
0 571.6 10.0337 300 90
0 571.6 10.2105 300 90
0 571.6 10.4604 300 90
0 571.6 10.6331 300 90
0 571.6 10.8276 300 90
0 571.6 11.1066 300 90
0 571.6 11.2833 300 90
0 571.6 11.4881 300 90
0 571.6 11.7422 300 90
0 571.6 11.9892 300 90
0 571.6 12.2311 300 90
0 571.6 12.4112 300 90
0 571.6 12.6582 300 90
0 571.6 12.838 300 90
0 571.6 13.034 300 90
0 571.6 13.2045 300 90
0 571.6 13.3743 300 90
0 571.6 13.5766 300 90
0 571.6 13.846 300 90
0 571.6 14.0329 300 90
0 571.6 14.1326 300 90
0 571.6 14.274 300 90
0 571.6 14.4189 300 90
0 571.6 14.5133 300 90
0 571.6 14.5996 300 90
0 571.6 14.6742 300 90
0 571.6 14.8124 300 90
0 571.6 14.9726 300 90
0 571.6 15.0717 300 90
0 571.6 15.1577 300 90
0 571.6 15.2656 300 90
0 571.6 15.3749 300 90
0 571.6 15.4726 300 90
0 571.6 15.5827 300 90
0 571.6 15.6846 300 90
0 571.6 15.778 300 90
0 571.6 15.8692 300 90
0 571.6 15.9617 300 90
0 571.6 16.067 300 90
0 571.6 16.1688 300 90
0 571.6 16.2779 300 90
0 571.6 16.3801 300 90
0 571.6 16.4908 300 90
0 571.6 16.6179 300 90
0 571.6 16.7449 300 90
0 571.6 16.8849 300 90
0 571.6 16.9862 300 90
0 571.6 17.1339 300 90
0 571.6 17.2418 300 90
0 571.6 17.3874 300 90
0 571.6 17.6836 300 90
0 571.6 17.8402 300 90
0 571.6 17.9954 300 90
0 571.6 18.1431 300 90
0 571.6 18.3473 300 90
0 571.6 18.4879 300 90
0 571.6 18.7096 300 90
0 571.6 18.866 300 90
0 571.6 19.0589 300 90
0 571.6 19.2068 300 90
0 571.6 19.3525 300 90
0 571.6 19.4971 300 90
0 571.6 19.7433 300 90
0 571.6 19.9273 300 90
0 571.6 20.0195 300 90
0 571.6 20.1162 300 90
0 571.6 20.2495 300 90
0 571.6 20.3575 300 90
0 571.6 20.497 300 90
0 571.6 20.6111 300 90
0 571.6 20.8039 300 90
0 571.6 20.9119 300 90
0 571.6 21.0787 300 90
0 571.6 21.2733 300 90
0 571.6 21.4634 300 90
0 571.6 21.6046 300 90
0 571.6 21.8349 300 90
0 571.6 21.9799 300 90
0 571.6 22.1832 300 90
0 571.6 22.3397 300 90
0 571.6 22.4937 300 90
0 571.6 22.7054 300 90
0 571.6 22.8623 300 90
0 571.6 23.0783 300 90
0 571.6 23.2687 300 90
0 571.6 23.4288 300 90
0 571.6 23.5707 300 90
0 571.6 23.7061 300 90
0 571.6 23.8611 300 90
0 571.6 23.9642 300 90
0 571.6 24.1869 300 90
0 571.6 24.4339 300 90
0 571.6 24.6457 300 90
0 571.6 24.8117 300 90
0 571.6 25.1131 300 90
0 571.6 25.2586 300 90
0 571.6 25.402 300 90
0 571.6 25.5522 300 90
0 571.6 25.7183 300 90
0 571.6 25.9393 300 90
0 571.6 26.1008 300 90
0 571.6 26.2558 300 90
0 571.6 26.4158 300 90
0 571.6 26.6661 300 90
0 571.6 26.8068 300 90
0 571.6 26.9715 300 90
0 571.6 27.1725 300 90
0 571.6 27.291 300 90
0 571.6 27.3979 300 90
0 571.6 27.5406 300 90
0 571.6 27.672 300 90
0 571.6 27.9176 300 90
0 571.6 28.1138 300 90
0 571.6 28.286 300 90
0 571.6 28.5518 300 90
0 571.6 28.7083 300 90
0 571.6 29.0141 300 90
0 571.6 29.23 300 90
0 571.6 29.448 300 90
0 571.6 29.6276 300 90
0 571.6 29.8249 300 90
0 571.6 30.0047 300 90
0 571.6 30.202 300 90
0 571.6 30.383 300 90
0 571.6 30.568 300 90
0 571.6 30.7338 300 90
0 571.6 30.9719 300 90
0 571.6 31.1454 300 90
0 571.6 31.3171 300 90
0 571.6 31.4882 300 90
0 571.6 31.656 300 90
0 571.6 31.7655 300 90
0 571.6 31.9968 300 90
0 571.6 32.1748 300 90
0 571.6 32.3397 300 90
0 571.6 32.5164 300 90
0 571.6 32.6757 300 90
0 571.6 32.8462 300 90
0 571.6 33.0057 300 90
0 571.6 33.2351 300 90
0 571.6 33.3884 300 90
0 571.6 33.5454 300 90
0 571.6 33.7367 300 90
0 571.6 33.9613 300 90
0 571.6 34.0882 300 90
0 571.6 34.2263 300 90
0 571.6 34.3794 300 90
0 571.6 34.4745 300 90
0 571.6 34.6016 300 90
0 571.6 34.7006 300 90
0 571.6 34.8479 300 90
0 571.6 35.0075 300 90
0 571.6 35.1626 300 90
0 571.6 35.335 300 90
0 571.6 35.4353 300 90
0 571.6 35.5685 300 90
0 571.6 35.73 300 90
0 571.6 35.892 300 90
0 571.6 36.037 300 90
0 571.6 36.1775 300 90
0 571.6 36.3458 300 90
0 571.6 36.5175 300 90
0 571.6 36.6566 300 90
0 571.6 36.7943 300 90
0 571.6 36.9357 300 90
0 571.6 37.064 300 90
0 571.6 37.194 300 90
0 571.6 37.2901 300 90
0 571.6 37.4446 300 90
0 571.6 37.5667 300 90
0 571.6 37.655 300 90
0 571.6 37.8393 300 90
0 571.6 37.9825 300 90
0 571.6 38.1364 300 90
0 571.6 38.3262 300 90
0 571.6 38.4226 300 90
0 571.6 38.6165 300 90
0 571.6 38.7577 300 90
0 571.6 39 300 90
0 571.6 39.1567 300 90
0 571.6 39.315 300 90
0 571.6 39.4577 300 90
0 571.6 39.595 300 90
0 571.6 39.7368 300 90
0 571.6 39.994 300 90
0 571.6 40.1893 300 90
0 571.6 40.3391 300 90
0 571.6 40.7483 300 90
0 571.6 40.9334 300 90
0 571.6 41.1295 300 90
0 571.6 41.263 300 90
0 571.6 41.4573 300 90
0 571.6 41.6002 300 90
0 571.6 41.6969 300 90
0 571.6 41.8601 300 90
0 571.6 42.0066 300 90
0 571.6 42.1457 300 90
0 571.6 42.2837 300 90
0 571.6 42.5093 300 90
0 571.6 42.6609 300 90
0 571.6 42.7961 300 90
0 571.6 42.9408 300 90
0 571.6 43.0859 300 90
0 571.6 43.231 300 90
0 571.6 43.3505 300 90
0 571.6 43.4484 300 90
0 571.6 43.5733 300 90
0 571.6 43.6592 300 90
0 571.6 43.807 300 90
0 571.6 43.8998 300 90
0 571.6 44.0144 300 90
0 571.6 44.1646 300 90
0 571.6 44.386 300 90
0 571.6 44.5364 300 90
0 571.6 44.7314 300 90
0 571.6 44.9197 300 90
0 571.6 45.0563 300 90
0 571.6 45.1963 300 90
0 571.6 45.3241 300 90
0 571.6 45.4468 300 90
0 571.6 45.6165 300 90
0 571.6 45.7497 300 90
0 571.6 45.8787 300 90
0 571.6 46.0587 300 90
0 571.6 46.2028 300 90
0 571.6 46.3363 300 90
0 571.6 46.4823 300 90
0 571.6 46.598 300 90
0 571.6 46.7216 300 90
0 571.6 46.8902 300 90
0 571.6 47.1584 300 90
0 571.6 47.2999 300 90
0 571.6 47.4603 300 90
0 571.6 47.6458 300 90
0 571.6 47.8083 300 90
0 571.6 48.0133 300 90
0 571.6 48.193 300 90
0 571.6 48.3627 300 90
0 571.6 48.511 300 90
0 571.6 48.6694 300 90
0 571.6 48.8256 300 90
0 571.6 48.9819 300 90
0 571.6 49.1357 300 90
0 571.6 49.2666 300 90
0 571.6 49.4271 300 90
0 571.6 49.5714 300 90
0 571.6 49.7242 300 90
0 571.6 50.0311 300 90
0 571.6 50.2132 300 90
0 571.6 50.3517 300 90
0 571.6 50.4939 300 90
0 571.6 50.6984 300 90
0 571.6 50.8842 300 90
0 571.6 51.0515 300 90
0 571.6 51.2004 300 90
0 571.6 51.334 300 90
0 571.6 51.474 300 90
0 571.6 51.6537 300 90
0 571.6 51.81 300 90
0 571.6 51.9884 300 90
0 571.6 52.1602 300 90
0 571.6 52.4125 300 90
0 571.6 52.4878 300 90
0 571.6 52.6111 300 90
0 571.6 52.7387 300 90
0 571.6 52.8668 300 90
0 571.6 53.025 300 90
0 571.6 53.1536 300 90
0 571.6 53.2494 300 90
0 571.6 53.461 300 90
0 571.6 53.6971 300 90
0 571.6 53.8921 300 90
0 571.6 54.0644 300 90
0 571.6 54.2396 300 90
0 571.6 54.4434 300 90
0 571.6 54.6233 300 90
0 571.6 54.7578 300 90
0 571.6 54.8953 300 90
0 571.6 55.0272 300 90
0 571.6 55.1595 300 90
0 571.6 55.2845 300 90
0 571.6 55.3565 300 90
0 571.6 55.5235 300 90
0 571.6 55.6543 300 90
0 571.6 55.7855 300 90
0 571.6 55.9569 300 90
0 571.6 56.1753 300 90
0 571.6 56.3045 300 90
0 571.6 56.4341 300 90
0 571.6 56.5757 300 90
0 571.6 56.7392 300 90
0 571.6 56.8648 300 90
0 571.6 57.0497 300 90
0 571.6 57.4787 300 90
0 571.6 57.7261 300 90
0 571.6 58.1051 300 90
0 571.6 58.2212 300 90
0 571.6 58.3751 300 90
0 571.6 58.5063 300 90
0 571.6 58.6276 300 90
0 571.6 58.819 300 90
0 571.6 59.2036 300 90
0 571.6 59.374 300 90
0 571.6 59.5748 300 90
0 571.6 59.7255 300 90
0 571.6 59.8548 300 90
0 571.6 59.9703 300 90
0 571.6 60.1416 300 90
0 571.6 60.3116 300 90
0 571.6 60.4361 300 90
0 571.6 60.566 300 90
0 571.6 60.7003 300 90
0 571.6 60.9158 300 90
0 571.6 61.0071 300 90
0 571.6 61.1448 300 90
0 571.6 61.3344 300 90
0 571.6 61.4938 300 90
0 571.6 61.6166 300 90
0 571.6 61.738 300 90
0 571.6 61.9239 300 90
0 571.6 62.0165 300 90
0 571.6 62.2834 300 90
0 571.6 62.459 300 90
0 571.6 62.6128 300 90
0 571.6 62.7984 300 90
0 571.6 62.9975 300 90
0 571.6 63.1423 300 90
0 571.6 63.2772 300 90
0 571.6 63.429 300 90
0 571.6 63.6596 300 90
0 571.6 63.8821 300 90
0 571.6 64.0555 300 90
0 571.6 64.2056 300 90
0 571.6 64.2971 300 90
0 571.6 64.4482 300 90
0 571.6 64.5769 300 90
0 571.6 64.7158 300 90
0 571.6 64.8374 300 90
0 571.6 64.9597 300 90
0 571.6 65.0927 300 90
0 571.6 65.3071 300 90
0 571.6 65.4534 300 90
0 571.6 65.682 300 90
0 571.6 65.8243 300 90
0 571.6 66.047 300 90
0 571.6 66.1868 300 90
0 571.6 66.3172 300 90
0 571.6 66.5488 300 90
0 571.6 66.7781 300 90
0 571.6 66.9047 300 90
0 571.6 67.0988 300 90
0 571.6 67.2201 300 90
0 571.6 67.429 300 90
0 571.6 67.5618 300 90
0 571.6 67.755 300 90
0 571.6 67.8997 300 90
0 571.6 68.0611 300 90
0 571.6 68.2139 300 90
0 571.6 68.4337 300 90
0 571.6 68.5987 300 90
0 571.6 68.7526 300 90
0 571.6 68.8649 300 90
0 571.6 69.0265 300 90
0 571.6 69.1634 300 90
0 571.6 69.3159 300 90
0 571.6 69.4594 300 90
0 571.6 69.5906 300 90
0 571.6 69.7621 300 90
0 571.6 69.8764 300 90
0 571.6 70.0148 300 90
0 571.6 70.221 300 90
0 571.6 70.3454 300 90
0 571.6 70.4624 300 90
0 571.6 70.66 300 90
0 571.6 70.7908 300 90
0 571.6 70.9941 300 90
0 571.6 71.2743 300 90
0 571.6 71.5262 300 90
0 571.6 71.7013 300 90
0 571.6 71.8967 300 90
0 571.6 72.0372 300 90
0 571.6 72.192 300 90
0 571.6 72.307 300 90
0 571.6 72.4518 300 90
0 571.6 72.7525 300 90
0 571.6 72.8974 300 90
0 571.6 73.0638 300 90
0 571.6 73.2396 300 90
0 571.6 73.4108 300 90
0 571.6 73.5475 300 90
0 571.6 73.6903 300 90
0 571.6 73.8628 300 90
0 571.6 74.0472 300 90
0 571.6 74.2345 300 90
0 571.6 74.3602 300 90
0 571.6 74.534 300 90
0 571.6 74.672 300 90
0 571.6 74.7998 300 90
0 571.6 74.8901 300 90
0 571.6 75.0595 300 90
0 571.6 75.2282 300 90
0 571.6 75.353 300 90
0 571.6 75.469 300 90
0 571.6 75.6985 300 90
0 571.6 75.8274 300 90
0 571.6 75.9445 300 90
0 571.6 76.0908 300 90
0 571.6 76.2189 300 90
0 571.6 76.3555 300 90
0 571.6 76.5189 300 90
0 571.6 76.7118 300 90
0 571.6 76.8935 300 90
0 571.6 77.028 300 90
0 571.6 77.207 300 90
0 571.6 77.316 300 90
0 571.6 77.4418 300 90
0 571.6 77.6358 300 90
0 571.6 77.8314 300 90
0 571.6 78.0315 300 90
0 571.6 78.1936 300 90
0 571.6 78.3579 300 90
0 571.6 78.495 300 90
0 571.6 78.6442 300 90
0 571.6 78.8096 300 90
0 571.6 78.9998 300 90
0 571.6 79.2601 300 90
0 571.6 79.3482 300 90
0 571.6 79.4409 300 90
0 571.6 79.5675 300 90
0 571.6 79.7492 300 90
0 571.6 79.8643 300 90
0 571.6 79.9886 300 90
0 571.6 80.1096 300 90
0 571.6 80.3251 300 90
0 571.6 80.4478 300 90
0 571.6 80.5783 300 90
0 571.6 80.706 300 90
0 571.6 80.8372 300 90
0 571.6 81.2321 300 90
0 571.6 81.4022 300 90
0 571.6 81.5883 300 90
0 571.6 81.7655 300 90
0 571.6 81.8981 300 90
0 571.6 82.0342 300 90
0 571.6 82.1326 300 90
0 571.6 82.5438 300 90
0 571.6 82.7573 300 90
0 571.6 83.0067 300 90
0 571.6 83.16 300 90
0 571.6 83.3149 300 90
0 571.6 83.4322 300 90
0 571.6 83.6067 300 90
0 571.6 83.7916 300 90
0 571.6 83.8933 300 90
0 571.6 84.0048 300 90
0 571.6 84.0911 300 90
0 571.6 84.2133 300 90
0 571.6 84.3273 300 90
0 571.6 84.4486 300 90
0 571.6 84.5665 300 90
0 571.6 84.6987 300 90
0 571.6 84.8525 300 90
0 571.6 84.9948 300 90
0 571.6 85.2339 300 90
0 571.6 85.4081 300 90
0 571.6 85.578 300 90
0 571.6 85.6932 300 90
0 571.6 85.8205 300 90
0 571.6 85.8991 300 90
0 571.6 85.9846 300 90
0 571.6 86.1052 300 90
0 571.6 86.3204 300 90
0 571.6 86.484 300 90
0 571.6 86.6069 300 90
0 571.6 86.755 300 90
0 571.6 86.8894 300 90
0 571.6 87.0957 300 90
0 571.6 87.3313 300 90
0 571.6 87.463 300 90
0 571.6 87.6545 300 90
0 571.6 87.7875 300 90
0 571.6 87.8809 300 90
0 571.6 88.0182 300 90
0 571.6 88.2258 300 90
0 571.6 88.3551 300 90
0 571.6 88.4943 300 90
0 571.6 88.6226 300 90
0 571.6 88.7434 300 90
0 571.6 88.8755 300 90
0 571.6 89.0285 300 90
0 571.6 89.1612 300 90
0 571.6 89.3489 300 90
0 571.6 89.4953 300 90
0 571.6 89.6353 300 90
0 571.6 89.7252 300 90
0 571.6 89.8697 300 90
0 571.6 90.0079 300 90
0 571.6 90.1673 300 90
0 571.6 90.328 300 90
0 571.6 90.4749 300 90
0 571.6 90.62 300 90
0 571.6 90.733 300 90
0 571.6 90.865 300 90
0 571.6 90.9901 300 90
0 571.6 91.1051 300 90
0 571.6 91.2322 300 90
0 571.6 91.4637 300 90
0 571.6 91.6098 300 90
0 571.6 91.7549 300 90
0 571.6 91.8846 300 90
0 571.6 92.0955 300 90
0 571.6 92.3217 300 90
0 571.6 92.5238 300 90
0 571.6 92.6931 300 90
0 571.6 92.8418 300 90
0 571.6 93.0147 300 90
0 571.6 93.1736 300 90
0 571.6 93.3079 300 90
0 571.6 93.4321 300 90
0 571.6 93.6028 300 90
0 571.6 93.7547 300 90
0 571.6 93.8893 300 90
0 571.6 94.1263 300 90
0 571.6 94.2708 300 90
0 571.6 94.4359 300 90
0 571.6 94.6617 300 90
0 571.6 94.7657 300 90
0 571.6 94.8992 300 90
0 571.6 95.0556 300 90
0 571.6 95.202 300 90
0 571.6 95.3321 300 90
0 571.6 95.5171 300 90
0 571.6 95.7071 300 90
0 571.6 95.8376 300 90
0 571.6 96.0772 300 90
0 571.6 96.3014 300 90
0 571.6 96.388 300 90
0 571.6 96.5096 300 90
0 571.6 96.6515 300 90
0 571.6 96.779 300 90
0 571.6 96.9576 300 90
0 571.6 97.0912 300 90
0 571.6 97.2559 300 90
0 571.6 97.4313 300 90
0 571.6 97.5703 300 90
0 571.6 97.7269 300 90
0 571.6 97.875 300 90
0 571.6 98.1594 300 90
0 571.6 98.3013 300 90
0 571.6 98.5149 300 90
0 571.6 98.6536 300 90
0 571.6 98.7775 300 90
0 571.6 98.9671 300 90
0 571.6 99.0946 300 90
0 571.6 99.245 300 90
0 571.6 99.4951 300 90
0 571.6 99.6783 300 90
0 571.6 99.8186 300 90
0 571.6 99.9396 300 90
0 571.6 100.077 300 90
0 571.6 100.206 300 91
0 571.6 100.293 300 91
0 571.6 100.428 300 91
0 571.6 100.565 300 91
0 571.6 100.817 300 91
0 571.6 101.022 300 91
0 571.6 101.211 300 91
0 571.6 101.349 300 91
0 571.6 101.489 300 91
0 571.6 101.664 300 91
0 571.6 101.863 300 91
0 571.6 101.993 300 91
0 571.6 102.138 300 91
0 571.6 102.267 300 91
0 571.6 102.435 300 91
0 571.6 102.611 300 91
0 571.6 102.776 300 91
0 571.6 102.942 300 91
0 571.6 103.076 300 91
0 571.6 103.207 300 91
0 571.6 103.415 300 91
0 571.6 103.552 300 91
0 571.6 103.829 300 91
0 571.6 103.972 300 91
0 571.6 104.117 300 91
0 571.6 104.255 300 91
0 571.6 104.386 300 91
0 571.6 104.527 300 91
0 571.6 104.64 300 91
0 571.6 104.736 300 91
0 571.6 104.855 300 91
0 571.6 104.94 300 91
0 571.6 105.043 300 91
0 571.6 105.151 300 91
0 571.6 105.296 300 91
0 571.6 105.454 300 91
0 571.6 105.599 300 91
0 571.6 105.719 300 91
0 571.6 105.876 300 91
0 571.6 106.046 300 91
0 571.6 106.207 300 91
0 571.6 106.366 300 91
0 571.6 106.543 300 91
0 571.6 106.692 300 91
0 571.6 106.876 300 91
0 571.6 107.019 300 91
0 571.6 107.189 300 91
0 571.6 107.322 300 91
0 571.6 107.407 300 91
0 571.6 107.597 300 91
0 571.6 107.691 300 91
0 571.6 107.907 300 91
0 571.6 108.085 300 91
0 571.6 108.217 300 91
0 571.6 108.382 300 91
0 571.6 108.489 300 91
0 571.6 108.605 300 91
0 571.6 108.711 300 91
0 571.6 108.81 300 91
0 571.6 108.934 300 91
0 571.6 109.002 300 91
0 571.6 109.097 300 91
0 571.6 109.194 300 91
0 571.6 109.308 300 91
0 571.6 109.406 300 91
0 571.6 109.573 300 91
0 571.6 109.718 300 91
0 571.6 109.813 300 91
0 571.6 109.978 300 91
0 571.6 110.132 300 91
0 571.6 110.283 300 91
0 571.6 110.398 300 91
0 571.6 110.625 300 91
0 571.6 110.883 300 91
0 571.6 111.045 300 91
0 571.6 111.238 300 91
0 571.6 111.422 300 91
0 571.6 111.688 300 91
0 571.6 111.835 300 91
0 571.6 111.977 300 91
0 571.6 112.201 300 91
0 571.6 112.401 300 91
0 571.6 112.527 300 91
0 571.6 112.653 300 91
0 571.6 112.784 300 91
0 571.6 112.9 300 91
0 571.6 112.989 300 91
0 571.6 113.167 300 91
0 571.6 113.26 300 91
0 571.6 113.342 300 91
0 571.6 113.464 300 91
0 571.6 113.738 300 91
0 571.6 113.947 300 91
0 571.6 114.094 300 91
0 571.6 114.308 300 91
0 571.6 114.476 300 91
0 571.6 114.66 300 91
0 571.6 114.817 300 91
0 571.6 114.95 300 91
0 571.6 115.035 300 91
0 571.6 115.161 300 91
0 571.6 115.285 300 91
0 571.6 115.435 300 91
0 571.6 115.666 300 91
0 571.6 115.82 300 91
0 571.6 115.972 300 91
0 571.6 116.141 300 91
0 571.6 116.276 300 91
0 571.6 116.486 300 91
0 571.6 116.632 300 91
0 571.6 116.778 300 91
0 571.6 116.972 300 91
0 571.6 117.161 300 91
0 571.6 117.289 300 91
0 571.6 117.661 300 91
0 571.6 117.807 300 91
0 571.6 117.981 300 91
0 571.6 118.134 300 91
0 571.6 118.271 300 91
0 571.6 118.467 300 91
0 571.6 118.586 300 91
0 571.6 118.713 300 91
0 571.6 118.848 300 91
0 571.6 119.003 300 91
0 571.6 119.14 300 91
0 571.6 119.221 300 91
0 571.6 119.429 300 91
0 571.6 119.592 300 91
0 571.6 119.728 300 91
0 571.6 119.852 300 91
0 571.6 120.068 300 91
0 571.6 120.179 300 91
0 571.6 120.307 300 91
0 571.6 120.401 300 91
0 571.6 120.548 300 91
0 571.6 120.749 300 91
0 571.6 120.881 300 91
0 571.6 121.01 300 91
0 571.6 121.17 300 91
0 571.6 121.293 300 91
0 571.6 121.442 300 91
0 571.6 121.618 300 91
0 571.6 121.812 300 91
0 571.6 121.946 300 91
0 571.6 122.068 300 91
0 571.6 122.211 300 91
0 571.6 122.447 300 91
0 571.6 122.597 300 91
0 571.6 122.73 300 91
0 571.6 122.868 300 91
0 571.6 123.035 300 91
0 571.6 123.183 300 91
0 571.6 123.319 300 91
0 571.6 123.489 300 91
0 571.6 123.71 300 91
0 571.6 123.854 300 91
0 571.6 124.002 300 91
0 571.6 124.165 300 91
0 571.6 124.378 300 91
0 571.6 124.469 300 91
0 571.6 124.617 300 91
0 571.6 124.806 300 91
0 571.6 124.972 300 91
0 571.6 125.216 300 91
0 571.6 125.342 300 91
0 571.6 125.466 300 91
0 571.6 125.605 300 91
0 571.6 125.745 300 91
0 571.6 125.863 300 91
0 571.6 125.979 300 91
0 571.6 126.11 300 91
0 571.6 126.247 300 91
0 571.6 126.372 300 91
0 571.6 126.449 300 91
0 571.6 126.538 300 91
0 571.6 126.668 300 91
0 571.6 126.818 300 91
0 571.6 126.976 300 91
0 571.6 127.13 300 91
0 571.6 127.262 300 91
0 571.6 127.42 300 91
0 571.6 127.673 300 91
0 571.6 127.797 300 91
0 571.6 127.921 300 91
0 571.6 128.107 300 91
0 571.6 128.234 300 91
0 571.6 128.367 300 91
0 571.6 128.482 300 91
0 571.6 128.674 300 91
0 571.6 128.815 300 91
0 571.6 128.917 300 91
0 571.6 129.043 300 91
0 571.6 129.175 300 91
0 571.6 129.257 300 91
0 571.6 129.478 300 91
0 571.6 129.619 300 91
0 571.6 129.796 300 91
0 571.6 129.945 300 91
0 571.6 130.115 300 91
0 571.6 130.219 300 91
0 571.6 130.353 300 91
0 571.6 130.493 300 91
0 571.6 130.657 300 91
0 571.6 130.796 300 91
0 571.6 130.917 300 91
0 571.6 131.062 300 91
0 571.6 131.218 300 91
0 571.6 131.349 300 91
0 571.6 131.49 300 91
0 571.6 131.644 300 91
0 571.6 132.014 300 91
0 571.6 132.193 300 91
0 571.6 132.373 300 91
0 571.6 132.514 300 91
0 571.6 132.638 300 91
0 571.6 132.79 300 91
0 571.6 132.945 300 91
0 571.6 133.132 300 91
0 571.6 133.265 300 91
0 571.6 133.361 300 91
0 571.6 133.503 300 91
0 571.6 133.665 300 91
0 571.6 133.83 300 91
0 571.6 133.998 300 91
0 571.6 134.176 300 91
0 571.6 134.349 300 91
0 571.6 134.571 300 91
0 571.6 134.665 300 91
0 571.6 134.783 300 91
0 571.6 134.905 300 91
0 571.6 135.017 300 91
0 571.6 135.115 300 91
0 571.6 135.329 300 91
0 571.6 135.531 300 91
0 571.6 135.678 300 91
0 571.6 135.841 300 91
0 571.6 135.971 300 91
0 571.6 136.149 300 91
0 571.6 136.279 300 91
0 571.6 136.425 300 91
0 571.6 136.54 300 91
0 571.6 136.666 300 91
0 571.6 136.81 300 91
0 571.6 136.946 300 91
0 571.6 137.195 300 91
0 571.6 137.444 300 91
0 571.6 137.63 300 91
0 571.6 137.794 300 91
0 571.6 138.119 300 91
0 571.6 138.388 300 91
0 571.6 138.591 300 91
0 571.6 138.73 300 91
0 571.6 138.892 300 91
0 571.6 139.038 300 91
0 571.6 139.209 300 91
0 571.6 139.432 300 91
0 571.6 139.56 300 91
0 571.6 139.705 300 91
0 571.6 139.848 300 91
0 571.6 139.992 300 91
0 571.6 140.131 300 91
0 571.6 140.292 300 91
0 571.6 140.457 300 91
0 571.6 140.594 300 91
0 571.6 140.742 300 91
0 571.6 140.967 300 91
0 571.6 141.108 300 91
0 571.6 141.241 300 91
0 571.6 141.396 300 91
0 571.6 141.532 300 91
0 571.6 141.7 300 91
0 571.6 141.868 300 91
0 571.6 142.075 300 91
0 571.6 142.271 300 91
0 571.6 142.459 300 91
0 571.6 142.585 300 91
0 571.6 142.938 300 91
0 571.6 143.123 300 91
0 571.6 143.255 300 91
0 571.6 143.356 300 91
0 571.6 143.515 300 91
0 571.6 143.661 300 91
0 571.6 143.932 300 91
0 571.6 144.075 300 91
0 571.6 144.241 300 91
0 571.6 144.376 300 91
0 571.6 144.509 300 91
0 571.6 144.66 300 91
0 571.6 144.795 300 91
0 571.6 144.932 300 91
0 571.6 145.077 300 91
0 571.6 145.223 300 91
0 571.6 145.375 300 91
0 571.6 145.559 300 91
0 571.6 145.736 300 91
0 571.6 145.893 300 91
0 571.6 146.04 300 91
0 571.6 146.209 300 91
0 571.6 146.382 300 91
0 571.6 146.599 300 91
0 571.6 146.813 300 91
0 571.6 146.922 300 91
0 571.6 147.069 300 91
0 571.6 147.198 300 91
0 571.6 147.358 300 91
0 571.6 147.505 300 91
0 571.6 147.709 300 91
0 571.6 147.873 300 91
0 571.6 148.025 300 91
0 571.6 148.167 300 91
0 571.6 148.422 300 91
0 571.6 148.552 300 91
0 571.6 148.714 300 91
0 571.6 148.935 300 91
0 571.6 149.167 300 91
0 571.6 149.417 300 91
0 571.6 149.587 300 91
0 571.6 149.688 300 91
0 571.6 149.829 300 91
0 571.6 149.925 300 91
0 571.6 150.074 300 91
0 571.6 150.212 300 91
0 571.6 150.319 300 91
0 571.6 150.428 300 91
0 571.6 150.574 300 91
0 571.6 150.669 300 91
0 571.6 150.811 300 91
0 571.6 150.98 300 91
0 571.6 151.134 300 91
0 571.6 151.326 300 91
0 571.6 151.472 300 91
0 571.6 151.614 300 91
0 571.6 151.762 300 91
0 571.6 151.923 300 91
0 571.6 152.06 300 91
0 571.6 152.245 300 91
0 571.6 152.488 300 91
0 571.6 152.663 300 91
0 571.6 152.814 300 91
0 571.6 152.98 300 91
0 571.6 153.119 300 91
0 571.6 153.296 300 91
0 571.6 153.455 300 91
0 571.6 153.581 300 91
0 571.6 153.727 300 91
0 571.6 153.877 300 91
0 571.6 154.016 300 91
0 571.6 154.11 300 91
0 571.6 154.29 300 91
0 571.6 154.452 300 91
0 571.6 154.635 300 91
0 571.6 154.807 300 91
0 571.6 154.944 300 91
0 571.6 155.081 300 91
0 571.6 155.224 300 91
0 571.6 155.378 300 91
0 571.6 155.527 300 91
0 571.6 155.665 300 91
0 571.6 155.795 300 91
0 571.6 155.935 300 91
0 571.6 156.091 300 91
0 571.6 156.18 300 91
0 571.6 156.289 300 91
0 571.6 156.436 300 91
0 571.6 156.584 300 91
0 571.6 156.726 300 91
0 571.6 156.871 300 91
0 571.6 157.068 300 91
0 571.6 157.21 300 91
0 571.6 157.352 300 91
0 571.6 157.488 300 91
0 571.6 157.644 300 91
0 571.6 157.816 300 91
0 571.6 158.023 300 91
0 571.6 158.205 300 91
0 571.6 158.342 300 91
0 571.6 158.587 300 91
0 571.6 158.726 300 91
0 571.6 158.889 300 91
0 571.6 159.033 300 91
0 571.6 159.192 300 91
0 571.6 159.414 300 91
0 571.6 159.572 300 91
0 571.6 159.705 300 91
0 571.6 159.85 300 91
0 571.6 160.106 300 91
0 571.6 160.259 300 91
0 571.6 160.409 300 91
0 571.6 160.561 300 91
0 571.6 160.712 300 91
0 571.6 160.905 300 91
0 571.6 161.102 300 91
0 571.6 161.244 300 91
0 571.6 161.52 300 91
0 571.6 161.661 300 91
0 571.6 161.816 300 91
0 571.6 161.951 300 91
0 571.6 162.187 300 91
0 571.6 162.535 300 91
0 571.6 162.676 300 91
0 571.6 162.844 300 91
0 571.6 162.961 300 91
0 571.6 163.19 300 91
0 571.6 163.296 300 91
0 571.6 163.451 300 91
0 571.6 163.603 300 91
0 571.6 163.742 300 91
0 571.6 163.89 300 91
0 571.6 164.018 300 91
0 571.6 164.147 300 91
0 571.6 164.292 300 91
0 571.6 164.417 300 91
0 571.6 164.53 300 91
0 571.6 164.679 300 91
0 571.6 164.878 300 91
0 571.6 164.97 300 91
0 571.6 165.116 300 91
0 571.6 165.276 300 91
0 571.6 165.415 300 91
0 571.6 165.56 300 91
0 571.6 165.697 300 91
0 571.6 165.922 300 91
0 571.6 166.066 300 91
0 571.6 166.251 300 91
0 571.6 166.383 300 91
0 571.6 166.523 300 91
0 571.6 166.78 300 91
0 571.6 166.92 300 91
0 571.6 167.086 300 91
0 571.6 167.214 300 91
0 571.6 167.309 300 91
0 571.6 167.39 300 91
0 571.6 167.527 300 91
0 571.6 167.673 300 91
0 571.6 167.931 300 91
0 571.6 168.111 300 91
0 571.6 168.356 300 91
0 571.6 168.498 300 91
0 571.6 168.665 300 91
0 571.6 168.848 300 91
0 571.6 168.987 300 91
0 571.6 169.129 300 91
0 571.6 169.21 300 91
0 571.6 169.341 300 91
0 571.6 169.474 300 91
0 571.6 169.664 300 91
0 571.6 169.749 300 91
0 571.6 169.923 300 91
0 571.6 170.084 300 91
0 571.6 170.229 300 91
0 571.6 170.38 300 91
0 571.6 170.571 300 91
0 571.6 170.755 300 91
0 571.6 170.909 300 91
0 571.6 171.045 300 91
0 571.6 171.279 300 91
0 571.6 171.407 300 91
0 571.6 171.583 300 91
0 571.6 171.721 300 91
0 571.6 171.949 300 91
0 571.6 172.075 300 91
0 571.6 172.251 300 91
0 571.6 172.446 300 91
0 571.6 172.638 300 91
0 571.6 172.775 300 91
0 571.6 172.915 300 91
0 571.6 173.141 300 91
0 571.6 173.272 300 91
0 571.6 173.426 300 91
0 571.6 173.604 300 91
0 571.6 173.822 300 91
0 571.6 173.95 300 91
0 571.6 174.086 300 91
0 571.6 174.227 300 91
0 571.6 174.394 300 91
0 571.6 174.637 300 91
0 571.6 174.84 300 91
0 571.6 174.992 300 91
0 571.6 175.189 300 91
0 571.6 175.368 300 91
0 571.6 175.572 300 91
0 571.6 175.705 300 91
0 571.6 175.841 300 91
0 571.6 175.999 300 91
0 571.6 176.134 300 91
0 571.6 176.28 300 91
0 571.6 176.408 300 91
0 571.6 176.662 300 91
0 571.6 176.834 300 91
0 571.6 176.969 300 91
0 571.6 177.092 300 91
0 571.6 177.225 300 91
0 571.6 177.371 300 91
0 571.6 177.517 300 91
0 571.6 177.763 300 91
0 571.6 177.854 300 91
0 571.6 178.008 300 91
0 571.6 178.148 300 91
0 571.6 178.279 300 91
0 571.6 178.419 300 91
0 571.6 178.627 300 91
0 571.6 178.717 300 91
0 571.6 178.869 300 91
0 571.6 178.996 300 91
0 571.6 179.17 300 91
0 571.6 179.308 300 91
0 571.6 179.497 300 91
0 571.6 179.662 300 91
0 571.6 179.79 300 91
0 571.6 180.019 300 91
0 571.6 180.155 300 91
0 571.6 180.283 300 91
0 571.6 180.426 300 91
0 571.6 180.578 300 91
0 571.6 180.715 300 91
0 571.6 180.88 300 91
0 571.6 181.18 300 91
0 571.6 181.31 300 91
0 571.6 181.639 300 91
0 571.6 181.822 300 91
0 571.6 181.958 300 91
0 571.6 182.089 300 91
0 571.6 182.271 300 91
0 571.6 182.503 300 91
0 571.6 182.679 300 91
0 571.6 182.87 300 91
0 571.6 183.034 300 91
0 571.6 183.19 300 91
0 571.6 183.339 300 91
0 571.6 183.519 300 91
0 571.6 183.701 300 91
0 571.6 183.888 300 91
0 571.6 184.02 300 91
0 571.6 184.16 300 91
0 571.6 184.283 300 91
0 571.6 184.419 300 91
0 571.6 184.551 300 91
0 571.6 184.679 300 91
0 571.6 184.875 300 91
0 571.6 185.115 300 91
0 571.6 185.253 300 91
0 571.6 185.394 300 91
0 571.6 185.537 300 91
0 571.6 185.674 300 91
0 571.6 185.847 300 91
0 571.6 186.015 300 91
0 571.6 186.15 300 91
0 571.6 186.283 300 91
0 571.6 186.405 300 91
0 571.6 186.496 300 91
0 571.6 186.622 300 91
0 571.6 186.767 300 91
0 571.6 186.954 300 91
0 571.6 187.114 300 91
0 571.6 187.351 300 91
0 571.6 187.48 300 91
0 571.6 187.606 300 91
0 571.6 187.813 300 91
0 571.6 187.967 300 91
0 571.6 188.116 300 91
0 571.6 188.319 300 91
0 571.6 188.461 300 91
0 571.6 188.603 300 91
0 571.6 188.769 300 91
0 571.6 188.984 300 91
0 571.6 189.128 300 91
0 571.6 189.288 300 91
0 571.6 189.415 300 91
0 571.6 189.563 300 91
0 571.6 189.691 300 91
0 571.6 189.834 300 91
0 571.6 190.002 300 91
0 571.6 190.173 300 91
0 571.6 190.306 300 91
0 571.6 190.443 300 91
0 571.6 190.661 300 91
0 571.6 190.776 300 91
0 571.6 190.968 300 91
0 571.6 191.102 300 91
0 571.6 191.277 300 91
0 571.6 191.439 300 91
0 571.6 191.563 300 91
0 571.6 191.703 300 91
0 571.6 191.838 300 91
0 571.6 191.93 300 91
0 571.6 192.054 300 91
0 571.6 192.223 300 91
0 571.6 192.348 300 91
0 571.6 192.533 300 91
0 571.6 192.671 300 91
0 571.6 192.81 300 91
0 571.6 192.94 300 91
0 571.6 193.121 300 91
0 571.6 193.253 300 91
0 571.6 193.372 300 91
0 571.6 193.51 300 91
0 571.6 193.635 300 91
0 571.6 193.737 300 91
0 571.6 193.919 300 91
0 571.6 194.001 300 91
0 571.6 194.131 300 91
0 571.6 194.314 300 91
0 571.6 194.452 300 91
0 571.6 194.584 300 91
0 571.6 194.714 300 91
0 571.6 194.854 300 91
0 571.6 194.988 300 91
0 571.6 195.222 300 91
0 571.6 195.363 300 91
0 571.6 195.565 300 91
0 571.6 195.693 300 91
0 571.6 195.863 300 91
0 571.6 195.994 300 91
0 571.6 196.132 300 91
0 571.6 196.267 300 91
0 571.6 196.425 300 91
0 571.6 196.555 300 91
0 571.6 196.685 300 91
0 571.6 196.814 300 91
0 571.6 196.95 300 91
0 571.6 197.085 300 91
0 571.6 197.286 300 91
0 571.6 197.457 300 91
0 571.6 197.578 300 91
0 571.6 197.786 300 91
0 571.6 198.019 300 91
0 571.6 198.158 300 91
0 571.6 198.3 300 91
0 571.6 198.479 300 91
0 571.6 198.609 300 91
0 571.6 198.752 300 91
0 571.6 198.892 300 91
0 571.6 199.061 300 91
0 571.6 199.2 300 91
0 571.6 199.334 300 91
0 571.6 199.425 300 91
0 571.6 199.554 300 91
0 571.6 199.691 300 91
0 571.6 200.015 300 91
0 571.6 200.172 300 91
0 571.6 200.341 300 91
0 571.6 200.501 300 91
0 571.6 200.649 300 91
0 571.6 200.873 300 91
0 571.6 201.042 300 91
0 571.6 201.178 300 91
0 571.6 201.321 300 91
0 571.6 201.466 300 91
0 571.6 201.645 300 91
0 571.6 201.784 300 91
0 571.6 201.92 300 91
0 571.6 202.06 300 91
0 571.6 202.22 300 91
0 571.6 202.354 300 91
0 571.6 202.47 300 91
0 571.6 202.608 300 91
0 571.6 202.803 300 91
0 571.6 202.92 300 91
0 571.6 203.087 300 91
0 571.6 203.233 300 91
0 571.6 203.355 300 91
0 571.6 203.446 300 91
0 571.6 203.696 300 91
0 571.6 203.96 300 91
0 571.6 204.095 300 91
0 571.6 204.224 300 91
0 571.6 204.358 300 91
0 571.6 204.602 300 91
0 571.6 204.782 300 91
0 571.6 204.914 300 91
0 571.6 205.069 300 91
0 571.6 205.19 300 91
0 571.6 205.327 300 91
0 571.6 205.466 300 91
0 571.6 205.592 300 91
0 571.6 205.821 300 91
0 571.6 205.972 300 91
0 571.6 206.118 300 91
0 571.6 206.261 300 91
0 571.6 206.484 300 91
0 571.6 206.626 300 91
0 571.6 206.738 300 91
0 571.6 206.916 300 91
0 571.6 207.13 300 91
0 571.6 207.266 300 91
0 571.6 207.409 300 91
0 571.6 207.65 300 91
0 571.6 207.79 300 91
0 571.6 207.922 300 91
0 571.6 208.068 300 91
0 571.6 208.215 300 91
0 571.6 208.363 300 91
0 571.6 208.511 300 91
0 571.6 208.654 300 91
0 571.6 208.811 300 91
0 571.6 208.963 300 91
0 571.6 209.102 300 91
0 571.6 209.343 300 91
0 571.6 209.544 300 91
0 571.6 209.67 300 91
0 571.6 209.86 300 91
0 571.6 210.017 300 91
0 571.6 210.183 300 91
0 571.6 210.345 300 91
0 571.6 210.482 300 91
0 571.6 210.64 300 91
0 571.6 210.813 300 91
0 571.6 210.991 300 91
0 571.6 211.191 300 91
0 571.6 211.429 300 91
0 571.6 211.661 300 91
0 571.6 211.809 300 91
0 571.6 211.967 300 91
0 571.6 212.133 300 91
0 571.6 212.267 300 91
0 571.6 212.41 300 91
0 571.6 212.588 300 91
0 571.6 212.788 300 91
0 571.6 213.012 300 91
0 571.6 213.317 300 91
0 571.6 213.508 300 91
0 571.6 213.676 300 91
0 571.6 213.824 300 91
0 571.6 213.983 300 91
0 571.6 214.146 300 91
0 571.6 214.318 300 91
0 571.6 214.471 300 91
0 571.6 214.611 300 91
0 571.6 214.754 300 91
0 571.6 215 300 91
0 571.6 215.152 300 91
0 571.6 215.315 300 91
0 571.6 215.554 300 91
0 571.6 215.791 300 91
0 571.6 215.964 300 91
0 571.6 216.15 300 91
0 571.6 216.301 300 91
0 571.6 216.454 300 91
0 571.6 216.632 300 91
0 571.6 216.776 300 91
0 571.6 216.94 300 91
0 571.6 217.086 300 91
0 571.6 217.228 300 91
0 571.6 217.398 300 91
0 571.6 217.624 300 91
0 571.6 217.798 300 91
0 571.6 218.022 300 91
0 571.6 218.244 300 91
0 571.6 218.394 300 91
0 571.6 218.559 300 91
0 571.6 218.699 300 91
0 571.6 218.935 300 91
0 571.6 219.089 300 91
0 571.6 219.238 300 91
0 571.6 219.393 300 91
0 571.6 219.533 300 91
0 571.6 219.672 300 91
0 571.6 219.821 300 91
0 571.6 219.996 300 91
0 571.6 220.174 300 91
0 571.6 220.42 300 91
0 571.6 220.616 300 91
0 571.6 220.764 300 91
0 571.6 220.953 300 91
0 571.6 221.093 300 91
0 571.6 221.349 300 91
0 571.6 221.507 300 91
0 571.6 221.731 300 91
0 571.6 221.868 300 91
0 571.6 222.03 300 91
0 571.6 222.198 300 91
0 571.6 222.412 300 91
0 571.6 222.514 300 91
0 571.6 222.611 300 91
0 571.6 222.708 300 91
0 571.6 222.808 300 91
0 571.6 222.915 300 91
0 571.6 223.049 300 91
0 571.6 223.152 300 91
0 571.6 223.248 300 91
0 571.6 223.418 300 91
0 571.6 223.665 300 91
0 571.6 223.819 300 91
0 566 223.882 91
0 566 224.009 300 91
0 566 224.221 300 91
0 566 224.545 300 91
0 566 224.76 300 91
0 566 224.883 300 91
0 566 224.985 300 91
0 566 225.096 300 91
0 566 225.204 300 91
0 566 225.304 300 91
0 566 225.381 300 91
0 566 225.485 300 91
0 566 225.601 300 91
0 566 225.709 300 91
0 566 225.848 300 91
0 566 225.935 300 91
0 566 226.06 300 91
0 566 226.152 300 91
0 566 226.243 300 91
0 566 226.371 300 91
0 566 226.559 300 91
0 566 226.639 300 91
0 566 226.801 300 91
0 566 226.998 300 91
0 566 227.241 300 91
0 566 227.395 300 91
0 566 227.564 300 91
0 566 227.834 300 91
0 566 228.069 300 91
0 566 228.254 300 91
0 566 228.41 300 91
0 566 228.556 300 91
0 566 228.71 300 91
0 566 228.866 300 91
0 566 229.116 300 91
0 566 229.263 300 91
0 566 229.415 300 91
0 566 229.583 300 91
0 566 229.782 300 91
0 566 229.972 300 91
0 566 230.121 300 91
0 566 230.268 300 91
0 566 230.454 300 91
0 566 230.661 300 91
0 566 230.84 300 91
0 566 231.001 300 91
0 566 231.143 300 91
0 566 231.332 300 91
0 566 231.461 300 91
0 566 231.623 300 91
0 566 231.722 300 91
0 566 231.913 300 91
0 566 232.036 300 91
0 566 232.181 300 91
0 566 232.325 300 91
0 566 232.478 300 91
0 566 232.63 300 91
0 566 232.76 300 91
0 566 232.935 300 91
0 566 233.079 300 91
0 566 233.23 300 91
0 566 233.348 300 91
0 566 233.491 300 91
0 566 233.615 300 91
0 566 233.81 300 91
0 566 233.94 300 91
0 566 234.162 300 91
0 566 234.275 300 91
0 566 234.397 300 91
0 566 234.61 300 91
0 566 234.73 300 91
0 566 234.811 300 91
0 566 234.945 300 91
0 566 235.054 300 91
0 566 235.194 300 91
0 566 235.32 300 91
0 566 235.411 300 91
0 566 235.532 300 91
0 566 235.753 300 91
0 566 235.965 300 91
0 566 236.113 300 91
0 566 236.322 300 91
0 566 236.507 300 91
0 566 236.728 300 91
0 566 236.975 300 91
0 566 237.119 300 91
0 566 237.296 300 91
0 566 237.509 300 91
0 566 237.666 300 91
0 566 237.8 300 91
0 566 237.995 300 91
0 566 238.158 300 91
0 566 238.314 300 91
0 566 238.456 300 91
0 566 238.562 300 91
0 566 238.757 300 91
0 566 238.957 300 91
0 566 239.098 300 91
0 566 239.26 300 91
0 566 239.4 300 91
0 566 239.54 300 91
0 566 239.703 300 91
0 566 239.844 300 91
0 566 239.989 300 91
0 566 240.117 300 91
0 566 240.254 300 91
0 566 240.39 300 91
0 566 240.55 300 91
0 566 240.697 300 91
0 566 240.845 300 91
0 566 240.942 300 91
0 566 241.102 300 91
0 566 241.253 300 91
0 566 241.395 300 91
0 566 241.587 300 91
0 566 241.775 300 91
0 566 241.915 300 91
0 566 242.062 300 91
0 566 242.215 300 91
0 566 242.441 300 91
0 566 242.669 300 91
0 566 242.941 300 91
0 566 243.076 300 91
0 566 243.215 300 91
0 566 243.347 300 91
0 566 243.581 300 91
0 566 243.743 300 91
0 566 243.891 300 91
0 566 244.062 300 91
0 566 244.162 300 91
0 566 244.253 300 91
0 566 244.385 300 91
0 566 244.472 300 91
0 566 244.559 300 91
0 566 244.647 300 91
0 566 244.75 300 91
0 566 244.861 300 91
0 566 244.948 300 91
0 566 245.073 300 91
0 566 245.185 300 91
0 566 245.41 300 91
0 566 245.498 300 91
0 566 245.589 300 91
0 566 245.683 300 91
0 566 245.81 300 91
0 566 245.934 300 91
0 566 246.016 300 91
0 566 246.179 300 91
0 566 246.524 300 91
0 566 246.703 300 91
0 566 246.871 300 91
0 566 247.026 300 91
0 566 247.153 300 91
0 566 247.396 300 91
0 566 247.55 300 91
0 566 247.702 300 91
0 566 247.844 300 91
0 566 247.938 300 91
0 566 248.07 300 91
0 566 248.218 300 91
0 566 248.36 300 91
0 566 248.504 300 91
0 566 248.629 300 91
0 566 248.801 300 91
0 566 248.928 300 91
0 566 249.072 300 91
0 566 249.207 300 91
0 566 249.358 300 91
0 566 249.491 300 91
0 566 249.689 300 91
0 566 249.78 300 91
0 566 249.87 300 91
0 566 249.964 300 91
0 566 250.165 300 91
0 566 250.262 300 91
0 566 250.392 300 91
0 566 250.537 300 91
0 566 250.786 300 91
0 566 250.924 300 91
0 566 251.121 300 91
0 566 251.255 300 91
0 566 251.386 300 91
0 566 251.51 300 91
0 566 251.627 300 91
0 566 251.753 300 91
0 566 251.878 300 91
0 566 252.007 300 91
0 566 252.124 300 91
0 566 252.3 300 91
0 566 252.41 300 91
0 566 252.644 300 91
0 566 252.812 300 91
0 566 252.955 300 91
0 566 253.096 300 91
0 566 253.243 300 91
0 566 253.38 300 91
0 566 253.501 300 91
0 566 253.587 300 91
0 566 253.769 300 91
0 566 253.913 300 91
0 566 254.053 300 91
0 566 254.191 300 91
0 566 254.323 300 91
0 566 254.404 300 91
0 566 254.587 300 91
0 566 254.832 300 91
0 566 255.033 300 91
0 566 255.152 300 91
0 566 255.296 300 91
0 566 255.427 300 91
0 566 255.599 300 91
0 566 255.739 300 91
0 566 255.866 300 91
0 566 256.007 300 91
0 566 256.16 300 91
0 566 256.305 300 91
0 566 256.438 300 91
0 566 256.617 300 91
0 566 256.764 300 91
0 566 256.925 300 91
0 566 257.06 300 91
0 566 257.199 300 91
0 566 257.336 300 91
0 566 257.46 300 91
0 566 257.6 300 91
0 566 257.75 300 91
0 566 257.876 300 91
0 566 258.02 300 91
0 566 258.186 300 91
0 566 258.329 300 91
0 566 258.633 300 91
0 566 258.807 300 91
0 566 259.128 300 91
0 566 259.318 300 91
0 566 259.474 300 91
0 566 259.625 300 91
0 566 259.775 300 91
0 566 259.902 300 91
0 566 260.027 300 91
0 566 260.185 300 91
0 566 260.369 300 91
0 566 260.634 300 91
0 566 260.783 300 91
0 566 260.914 300 91
0 566 261.019 300 91
0 566 261.174 300 91
0 566 261.337 300 91
0 566 261.498 300 91
0 566 261.646 300 91
0 566 261.79 300 91
0 566 261.929 300 91
0 566 262.066 300 91
0 566 262.212 300 91
0 566 262.357 300 91
0 566 262.487 300 91
0 566 262.714 300 91
0 566 262.89 300 91
0 566 263.047 300 91
0 566 263.191 300 91
0 566 263.325 300 91
0 566 263.464 300 91
0 566 263.641 300 91
0 566 263.771 300 91
0 566 263.915 300 91
0 566 264.178 300 91
0 566 264.318 300 91
0 566 264.468 300 91
0 566 264.684 300 91
0 566 264.861 300 91
0 566 265.034 300 91
0 566 265.16 300 91
0 566 265.226 300 91
0 566 265.338 300 91
0 566 265.483 300 91
0 566 265.616 300 91
0 566 265.772 300 91
0 566 265.912 300 91
0 566 266.011 300 91
0 566 266.153 300 91
0 566 266.338 300 91
0 566 266.558 300 91
0 566 266.659 300 91
0 566 266.792 300 91
0 566 266.893 300 91
0 566 266.991 300 91
0 566 267.124 300 91
0 566 267.278 300 91
0 566 267.389 300 91
0 566 267.481 300 91
0 566 267.571 300 91
0 566 267.691 300 91
0 566 267.795 300 91
0 566 267.99 300 91
0 566 268.222 300 91
0 566 268.392 300 91
0 566 268.593 300 91
0 566 268.748 300 91
0 566 268.923 300 91
0 566 269.082 300 91
0 566 269.271 300 91
0 566 269.419 300 91
0 566 269.605 300 91
0 566 269.767 300 91
0 566 269.882 300 91
0 566 270.054 300 91
0 566 270.207 300 91
0 566 270.348 300 91
0 566 270.579 300 91
0 566 270.714 300 91
0 566 270.892 300 91
0 566 271.015 300 91
0 566 271.094 300 91
0 566 271.211 300 91
0 566 271.342 300 91
0 566 271.581 300 91
0 566 271.728 300 91
0 566 271.867 300 91
0 566 272.001 300 91
0 566 272.138 300 91
0 566 272.291 300 91
0 566 272.503 300 91
0 566 272.618 300 91
0 566 272.714 300 91
0 566 272.84 300 91
0 566 272.992 300 91
0 566 273.114 300 91
0 566 273.245 300 91
0 566 273.342 300 91
0 566 273.431 300 91
0 566 273.52 300 91
0 566 273.707 300 91
0 566 273.835 300 91
0 566 273.974 300 91
0 566 274.093 300 91
0 566 274.236 300 91
0 566 274.39 300 91
0 566 274.549 300 91
0 566 274.673 300 91
0 566 274.768 300 91
0 566 274.896 300 91
0 566 275 300 91
0 566 275.136 300 91
0 566 275.235 300 91
0 566 275.33 300 91
0 566 275.417 300 91
0 566 275.548 300 91
0 566 275.619 300 91
0 566 275.732 300 91
0 566 275.867 300 91
0 566 276.043 300 91
0 566 276.184 300 91
0 566 276.336 300 91
0 566 276.516 300 91
0 566 276.651 300 91
0 566 276.831 300 91
0 566 276.963 300 91
0 566 277.051 300 91
0 566 277.275 300 91
0 566 277.404 300 91
0 566 277.55 300 91
0 566 277.691 300 91
0 566 277.824 300 91
0 566 277.977 300 91
0 566 278.102 300 91
0 566 278.291 300 91
0 566 278.509 300 91
0 566 278.785 300 91
0 566 278.955 300 91
0 566 279.105 300 91
0 566 279.253 300 91
0 566 279.408 300 91
0 566 279.645 300 91
0 566 279.757 300 91
0 566 279.884 300 91
0 566 280.018 300 91
0 566 280.155 300 91
0 566 280.247 300 91
0 566 280.374 300 91
0 566 280.472 300 91
0 566 280.62 300 91
0 566 280.708 300 91
0 566 280.898 300 91
0 566 280.985 300 91
0 566 281.103 300 91
0 566 281.26 300 91
0 566 281.392 300 91
0 566 281.555 300 91
0 566 281.702 300 92
0 566 281.835 300 92
0 566 282.001 300 92
0 566 282.095 300 92
0 566 282.222 300 92
0 566 282.372 300 92
0 566 282.534 300 92
0 566 282.662 300 92
0 566 282.857 300 92
0 566 282.992 300 92
0 566 283.173 300 92
0 566 283.307 300 92
0 566 283.456 300 92
0 566 283.585 300 92
0 566 283.727 300 92
0 566 283.857 300 92
0 566 284.06 300 92
0 566 284.218 300 92
0 566 284.351 300 92
0 566 284.499 300 92
0 566 284.641 300 92
0 566 284.846 300 92
0 566 284.981 300 92
0 566 285.139 300 92
0 566 285.417 300 92
0 566 285.677 300 92
0 566 285.802 300 92
0 566 285.922 300 92
0 566 286.217 300 92
0 566 286.35 300 92
0 566 286.48 300 92
0 566 286.599 300 92
0 566 286.739 300 92
0 566 286.988 300 92
0 566 287.129 300 92
0 566 287.267 300 92
0 566 287.461 300 92
0 566 287.68 300 92
0 566 287.82 300 92
0 566 287.924 300 92
0 566 288.017 300 92
0 566 288.074 300 92
0 566 288.154 300 92
0 566 288.242 300 92
0 566 288.455 300 92
0 566 288.622 300 92
0 566 288.795 300 92
0 566 288.923 300 92
0 566 289.08 300 92
0 566 289.172 300 92
0 566 289.303 300 92
0 566 289.392 300 92
0 566 289.484 300 92
0 566 289.568 300 92
0 566 289.667 300 92
0 566 289.756 300 92
0 566 289.866 300 92
0 566 289.966 300 92
0 566 290.062 300 92
0 566 290.155 300 92
0 566 290.262 300 92
0 566 290.367 300 92
0 566 290.546 300 92
0 566 290.631 300 92
0 566 290.729 300 92
0 566 290.849 300 92
0 566 290.968 300 92
0 566 291.058 300 92
0 566 291.151 300 92
0 566 291.241 300 92
0 566 291.337 300 92
0 566 291.432 300 92
0 566 291.562 300 92
0 566 291.649 300 92
0 566 291.737 300 92
0 566 291.839 300 92
0 566 291.93 300 92
0 566 291.99 300 92
0 566 292.057 300 92
0 566 292.199 300 92
0 566 292.32 300 92
0 566 292.42 300 92
0 566 292.519 300 92
0 566 292.658 300 92
0 566 292.816 300 92
0 566 293.008 300 92
0 566 293.172 300 92
0 566 293.465 300 92
0 566 293.817 300 92
0 566 293.948 300 92
0 566 294.071 300 92
0 566 294.225 300 92
0 566 294.435 300 92
0 566 294.635 300 92
0 566 294.805 300 92
0 566 294.963 300 92
0 566 295.103 300 92
0 566 295.244 300 92
0 566 295.394 300 92
0 566 295.532 300 92
0 566 295.737 300 92
0 566 295.873 300 92
0 566 295.998 300 92
0 566 296.121 300 92
0 566 296.254 300 92
0 566 296.366 300 92
0 566 296.627 300 92
0 566 296.715 300 92
0 566 296.851 300 92
0 566 297.033 300 92
0 566 297.167 300 92
0 566 297.298 300 92
0 566 297.439 300 92
0 566 297.567 300 92
0 566 297.705 300 92
0 566 297.844 300 92
0 566 297.988 300 92
0 566 298.084 300 92
0 566 298.191 300 92
0 566 298.317 300 92
0 566 298.452 300 92
0 566 298.585 300 92
0 566 298.734 300 92
0 566 298.863 300 92
0 566 298.994 300 92
0 566 299.125 300 92
0 566 299.237 300 92
0 566 299.369 300 92
0 566 299.539 300 92
0 566 299.691 300 92
0 566 299.886 300 92
0 566 300.038 300 92
0 566 300.176 300 92
0 566 300.352 300 92
0 566 300.519 300 92
0 566 300.748 300 92
0 566 300.869 300 92
0 566 301.056 300 92
0 566 301.197 300 92
0 566 301.296 300 92
0 566 301.434 300 92
0 566 301.587 300 92
0 566 301.714 300 92
0 566 301.913 300 92
0 566 302.055 300 92
0 566 302.321 300 92
0 566 302.458 300 92
0 566 302.593 300 92
0 566 302.721 300 92
0 566 302.864 300 92
0 566 303.035 300 92
0 566 303.191 300 92
0 566 303.331 300 92
0 566 303.455 300 92
0 566 303.541 300 92
0 566 303.677 300 92
0 566 303.773 300 92
0 566 303.903 300 92
0 566 303.997 300 92
0 566 304.178 300 92
0 566 304.352 300 92
0 566 304.57 300 92
0 566 304.758 300 92
0 566 304.907 300 92
0 566 305.053 300 92
0 566 305.192 300 92
0 566 305.321 300 92
0 566 305.523 300 92
0 566 305.697 300 92
0 566 305.833 300 92
0 566 305.989 300 92
0 566 306.209 300 92
0 566 306.317 300 92
0 566 306.448 300 92
0 566 306.579 300 92
0 566 306.704 300 92
0 566 306.834 300 92
0 566 306.923 300 92
0 566 307.009 300 92
0 566 307.104 300 92
0 566 307.208 300 92
0 566 307.347 300 92
0 566 307.444 300 92
0 566 307.532 300 92
0 566 307.628 300 92
0 566 307.758 300 92
0 566 307.953 300 92
0 566 308.063 300 92
0 566 308.208 300 92
0 566 308.355 300 92
0 566 308.598 300 92
0 566 308.747 300 92
0 566 308.98 300 92
0 566 309.196 300 92
0 566 309.336 300 92
0 566 309.437 300 92
0 566 309.676 300 92
0 566 309.808 300 92
0 566 310.075 300 92
0 566 310.203 300 92
0 566 310.382 300 92
0 566 310.529 300 92
0 566 310.657 300 92
0 566 310.84 300 92
0 566 310.972 300 92
0 566 311.105 300 92
0 566 311.244 300 92
0 566 311.462 300 92
0 566 311.73 300 92
0 566 311.964 300 92
0 566 312.141 300 92
0 566 312.321 300 92
0 566 312.471 300 92
0 566 312.664 300 92
0 566 312.835 300 92
0 566 312.985 300 92
0 566 313.133 300 92
0 566 313.29 300 92
0 566 313.423 300 92
0 566 313.554 300 92
0 566 313.678 300 92
0 566 313.973 300 92
0 566 314.213 300 92
0 566 314.381 300 92
0 566 314.543 300 92
0 566 314.709 300 92
0 566 314.857 300 92
0 566 315.004 300 92
0 566 315.428 300 92
0 566 315.564 300 92
0 566 315.696 300 92
0 566 315.911 300 92
0 566 316.067 300 92
0 566 316.198 300 92
0 566 316.358 300 92
0 566 316.494 300 92
0 566 316.64 300 92
0 566 316.779 300 92
0 566 317 300 92
0 566 317.219 300 92
0 566 317.481 300 92
0 566 317.654 300 92
0 566 317.799 300 92
0 566 317.939 300 92
0 566 318.048 300 92
0 566 318.147 300 92
0 566 318.291 300 92
0 566 318.387 300 92
0 566 318.569 300 92
0 566 318.754 300 92
0 566 318.942 300 92
0 566 319.061 300 92
0 566 319.246 300 92
0 566 319.404 300 92
0 566 319.634 300 92
0 566 319.8 300 92
0 566 319.955 300 92
0 566 320.117 300 92
0 566 320.312 300 92
0 566 320.488 300 92
0 566 320.639 300 92
0 566 320.88 300 92
0 566 321.045 300 92
0 566 321.285 300 92
0 566 321.508 300 92
0 566 321.675 300 92
0 566 321.841 300 92
0 566 322.107 300 92
0 566 322.286 300 92
0 566 322.432 300 92
0 566 322.689 300 92
0 566 322.834 300 92
0 566 323.001 300 92
0 566 323.149 300 92
0 566 323.278 300 92
0 566 323.414 300 92
0 566 323.555 300 92
0 566 323.686 300 92
0 566 323.809 300 93
0 566 323.945 300 93
0 566 324.089 300 93
0 566 324.218 300 93
0 566 324.354 300 93
0 566 324.495 300 93
0 566 324.613 300 93
0 566 324.743 300 93
0 566 324.931 300 93
0 566 325.156 300 93
0 566 325.285 300 93
0 566 325.413 300 93
0 566 325.531 300 93
0 566 325.663 300 93
0 566 325.789 300 93
0 566 325.903 300 93
0 566 325.982 300 93
0 566 326.212 300 93
0 566 326.327 300 93
0 566 326.461 300 93
0 566 326.541 300 93
0 566 326.621 300 93
0 566 326.722 300 93
0 566 326.9 300 93
0 566 327.048 300 93
0 566 327.189 300 93
0 566 327.332 300 93
0 566 327.567 300 93
0 566 327.648 300 93
0 566 327.802 300 93
0 566 328.003 300 93
0 566 328.148 300 93
0 566 328.298 300 93
0 566 328.434 300 93
0 566 328.616 300 93
0 566 328.703 300 93
0 566 328.826 300 93
0 566 328.998 300 93
0 566 329.14 300 93
0 566 329.273 300 93
0 566 329.407 300 93
0 566 329.546 300 93
0 566 329.695 300 93
0 566 329.832 300 93
0 566 329.975 300 93
0 566 330.113 300 93
0 566 330.323 300 93
0 566 330.476 300 93
0 566 330.625 300 93
0 566 330.812 300 93
0 566 330.943 300 93
0 566 331.07 300 93
0 566 331.192 300 93
0 566 331.403 300 93
0 566 331.552 300 93
0 566 331.693 300 93
0 566 331.829 300 93
0 566 331.97 300 93
0 566 332.107 300 93
0 566 332.244 300 93
0 566 332.363 300 93
0 566 332.532 300 93
0 566 332.664 300 93
0 566 332.813 300 93
0 566 332.996 300 93
0 566 333.122 300 93
0 566 333.304 300 93
0 566 333.435 300 93
0 566 333.569 300 93
0 566 333.674 300 93
0 566 333.854 300 93
0 566 334.078 300 93
0 566 334.289 300 93
0 566 334.502 300 93
0 566 334.632 300 93
0 566 334.805 300 93
0 566 334.983 300 93
0 566 335.114 300 93
0 566 335.243 300 93
0 566 335.341 300 93
0 566 335.461 300 93
0 566 335.559 300 93
0 566 335.746 300 93
0 566 335.887 300 93
0 566 336.055 300 93
0 566 336.182 300 93
0 566 336.374 300 93
0 566 336.545 300 93
0 566 336.679 300 93
0 566 336.834 300 93
0 566 336.965 300 93
0 566 337.222 300 93
0 566 337.374 300 93
0 566 337.534 300 93
0 566 337.721 300 93
0 566 337.897 300 93
0 566 338.106 300 93
0 566 338.282 300 93
0 566 338.412 300 93
0 566 338.526 300 93
0 566 338.701 300 93
0 566 338.91 300 93
0 566 339.18 300 93
0 566 339.331 300 93
0 566 339.472 300 93
0 566 339.61 300 93
0 566 339.748 300 93
0 566 339.939 300 93
0 566 340.04 300 93
0 566 340.14 300 93
0 566 340.327 300 93
0 566 340.45 300 93
0 566 340.598 300 93
0 566 340.732 300 93
0 566 340.861 300 93
0 566 341.074 300 93
0 566 341.221 300 93
0 566 341.37 300 93
0 566 341.452 300 93
0 566 341.62 300 93
0 566 341.717 300 93
0 566 341.873 300 93
0 566 342.028 300 93
0 566 342.17 300 93
0 566 342.354 300 93
0 566 342.443 300 93
0 566 342.602 300 93
0 566 342.791 300 93
0 566 342.885 300 93
0 566 343.128 300 93
0 566 343.304 300 93
0 566 343.49 300 93
0 566 343.624 300 93
0 566 343.771 300 93
0 566 343.896 300 93
0 566 344.117 300 93
0 566 344.245 300 93
0 566 344.379 300 93
0 566 344.559 300 93
0 566 344.692 300 93
0 566 344.832 300 93
0 566 344.93 300 93
0 566 345.078 300 93
0 566 345.167 300 93
0 566 345.259 300 93
0 566 345.346 300 93
0 566 345.408 300 93
0 566 345.535 300 93
0 566 345.624 300 93
0 566 345.724 300 93
0 566 345.811 300 93
0 566 345.958 300 93
0 566 346.052 300 93
0 566 346.139 300 93
0 566 346.232 300 93
0 566 346.375 300 93
0 566 346.522 300 93
0 566 346.66 300 93
0 566 346.816 300 93
0 566 346.983 300 93
0 566 347.092 300 93
0 566 347.254 300 93
0 566 347.333 300 93
0 566 347.505 300 93
0 566 347.627 300 93
0 566 347.753 300 93
0 566 347.889 300 93
0 566 348.039 300 93
0 566 348.221 300 93
0 566 348.337 300 93
0 566 348.531 300 93
0 566 348.719 300 93
0 566 348.887 300 93
0 566 349.007 300 93
0 566 349.129 300 93
0 566 349.269 300 93
0 566 349.412 300 93
0 566 349.536 300 93
0 566 349.644 300 93
0 566 349.812 300 93
0 566 349.946 300 93
0 566 350.087 300 93
0 566 350.233 300 93
0 566 350.386 300 93
0 566 350.546 300 93
0 566 350.71 300 93
0 566 350.864 300 93
0 566 351.015 300 93
0 566 351.157 300 93
0 566 351.303 300 93
0 566 351.492 300 93
0 566 351.615 300 93
0 566 351.743 300 93
0 566 351.865 300 93
0 566 352.045 300 93
0 566 352.172 300 93
0 566 352.309 300 93
0 566 352.489 300 93
0 566 352.659 300 93
0 566 352.786 300 93
0 566 352.922 300 93
0 566 353.085 300 93
0 566 353.265 300 93
0 566 353.402 300 93
0 566 353.585 300 93
0 566 353.727 300 93
0 566 353.903 300 93
0 566 354.111 300 93
0 566 354.259 300 93
0 566 354.387 300 93
0 566 354.56 300 93
0 566 354.691 300 93
0 566 354.776 300 93
0 566 354.905 300 93
0 566 355.033 300 93
0 566 355.165 300 93
0 566 355.297 300 93
0 566 355.388 300 93
0 566 355.533 300 93
0 566 355.796 300 93
0 566 356 300 93
0 566 356.153 300 93
0 566 356.293 300 93
0 566 356.45 300 93
0 566 356.598 300 93
0 566 356.77 300 93
0 566 356.915 300 93
0 566 357.126 300 93
0 566 357.314 300 93
0 566 357.392 300 93
0 566 357.471 300 93
0 566 357.569 300 93
0 566 357.701 300 93
0 566 357.812 300 93
0 566 357.987 300 93
0 566 358.247 300 93
0 566 358.39 300 93
0 566 358.495 300 93
0 566 358.666 300 93
0 566 358.931 300 93
0 566 359.116 300 93
0 566 359.268 300 93
0 566 359.399 300 93
0 566 359.54 300 93
0 566 359.749 300 93
0 566 359.902 300 93
0 566 360.106 300 93
0 566 360.233 300 93
0 566 360.376 300 93
0 566 360.558 300 93
0 566 360.694 300 93
0 566 360.85 300 93
0 566 361.089 300 93
0 566 361.226 300 93
0 566 361.366 300 93
0 566 361.591 300 93
0 566 361.733 300 93
0 566 361.851 300 93
0 566 361.979 300 93
0 566 362.152 300 93
0 566 362.276 300 93
0 566 362.409 300 93
0 566 362.563 300 93
0 566 362.687 300 93
0 566 362.882 300 93
0 566 363.016 300 93
0 566 363.141 300 93
0 566 363.281 300 93
0 566 363.462 300 93
0 566 363.642 300 93
0 566 363.777 300 93
0 566 363.967 300 93
0 566 364.114 300 93
0 566 364.326 300 93
0 566 364.447 300 93
0 566 364.586 300 93
0 566 364.706 300 93
0 566 364.839 300 93
0 566 364.971 300 93
0 566 365.105 300 93
0 566 365.229 300 93
0 566 365.36 300 93
0 566 365.517 300 93
0 566 365.681 300 93
0 566 365.83 300 93
0 566 365.964 300 93
0 566 366.109 300 93
0 566 366.245 300 93
0 566 366.371 300 93
0 566 366.571 300 93
0 566 366.708 300 93
0 566 366.891 300 93
0 566 367.03 300 93
0 566 367.166 300 93
0 566 367.297 300 93
0 566 367.442 300 93
0 566 367.586 300 93
0 566 367.719 300 93
0 566 367.846 300 93
0 566 367.937 300 93
0 566 368.188 300 93
0 566 368.339 300 93
0 566 368.465 300 93
0 566 368.642 300 93
0 566 368.769 300 93
0 566 368.913 300 93
0 566 369.038 300 93
0 566 369.219 300 93
0 566 369.399 300 93
0 566 369.531 300 93
0 566 369.661 300 93
0 566 369.799 300 93
0 566 369.928 300 93
0 566 370.058 300 93
0 566 370.214 300 93
0 566 370.396 300 93
0 566 370.642 300 93
0 566 370.773 300 93
0 566 370.909 300 93
0 566 371.057 300 93
0 566 371.196 300 93
0 566 371.325 300 93
0 566 371.465 300 93
0 566 371.606 300 93
0 566 371.728 300 93
0 566 371.909 300 93
0 566 372.041 300 93
0 566 372.149 300 93
0 566 372.297 300 93
0 566 372.428 300 93
0 566 372.617 300 93
0 566 372.747 300 93
0 566 372.902 300 93
0 566 373.047 300 93
0 566 373.169 300 93
0 566 373.308 300 93
0 566 373.448 300 93
0 566 373.585 300 93
0 566 373.718 300 93
0 566 373.848 300 93
0 566 374.038 300 93
0 566 374.192 300 93
0 566 374.326 300 93
0 566 374.458 300 93
0 566 374.59 300 93
0 566 374.756 300 93
0 566 374.947 300 93
0 566 375.088 300 93
0 566 375.233 300 93
0 566 375.384 300 93
0 566 375.574 300 93
0 566 375.718 300 93
0 566 375.867 300 93
0 566 376.019 300 93
0 566 376.146 300 93
0 566 376.416 300 93
0 566 376.548 300 93
0 566 376.818 300 93
0 566 376.942 300 93
0 566 377.113 300 93
0 566 377.252 300 93
0 566 377.398 300 93
0 566 377.514 300 93
0 566 377.67 300 93
0 566 377.817 300 93
0 566 377.92 300 93
0 566 378.026 300 93
0 566 378.161 300 93
0 566 378.385 300 93
0 566 378.532 300 93
0 566 378.671 300 93
0 566 378.821 300 93
0 566 379 300 93
0 566 379.095 300 93
0 566 379.226 300 93
0 566 379.407 300 93
0 566 379.597 300 93
0 566 379.74 300 93
0 566 379.959 300 93
0 566 380.091 300 93
0 566 380.228 300 93
0 566 380.368 300 93
0 566 380.508 300 93
0 566 380.636 300 93
0 566 380.809 300 93
0 566 381.009 300 93
0 566 381.199 300 93
0 566 381.323 300 93
0 566 381.474 300 93
0 566 381.616 300 93
0 566 381.748 300 93
0 566 381.907 300 93
0 566 382.144 300 93
0 566 382.279 300 93
0 566 382.37 300 93
0 566 382.548 300 93
0 566 382.69 300 93
0 566 382.831 300 93
0 566 382.959 300 93
0 566 383.067 300 93
0 566 383.263 300 93
0 566 383.5 300 93
0 566 383.633 300 93
0 566 383.77 300 93
0 566 383.847 300 93
0 566 384.036 300 93
0 566 384.173 300 93
0 566 384.307 300 93
0 566 384.451 300 93
0 566 384.64 300 93
0 566 384.776 300 93
0 566 384.919 300 93
0 566 385.061 300 93
0 566 385.184 300 93
0 566 385.372 300 93
0 566 385.663 300 93
0 566 385.776 300 93
0 566 385.87 300 93
0 566 385.958 300 93
0 566 386.103 300 93
0 566 386.326 300 93
0 566 386.471 300 93
0 566 386.655 300 93
0 566 386.796 300 93
0 566 386.94 300 93
0 566 387.036 300 93
0 566 387.167 300 93
0 566 387.379 300 93
0 566 387.524 300 93
0 566 387.652 300 93
0 566 387.769 300 93
0 566 387.943 300 93
0 566 388.038 300 93
0 566 388.183 300 93
0 566 388.398 300 93
0 566 388.542 300 93
0 566 388.706 300 93
0 566 388.853 300 93
0 566 389.1 300 93
0 566 389.344 300 93
0 566 389.611 300 93
0 566 389.738 300 93
0 566 389.872 300 93
0 566 390 300 93
0 566 390.135 300 93
0 566 390.299 300 93
0 566 390.611 300 93
0 566 390.747 300 93
0 566 390.928 300 93
0 566 391.092 300 93
0 566 391.251 300 93
0 566 391.35 300 93
0 566 391.479 300 93
0 566 391.609 300 93
0 566 391.774 300 93
0 566 391.887 300 93
0 566 392.021 300 93
0 566 392.189 300 93
0 566 392.348 300 93
0 566 392.487 300 93
0 566 392.615 300 93
0 566 392.753 300 93
0 566 392.886 300 93
0 566 393.034 300 93
0 566 393.164 300 93
0 566 393.341 300 93
0 566 393.469 300 93
0 566 393.645 300 93
0 566 393.742 300 93
0 566 393.924 300 93
0 566 394.068 300 93
0 566 394.204 300 93
0 566 394.32 300 93
0 566 394.453 300 93
0 566 394.594 300 93
0 566 394.684 300 93
0 566 394.869 300 93
0 566 395.021 300 93
0 566 395.15 300 93
0 566 395.326 300 93
0 566 395.461 300 93
0 566 395.643 300 93
0 566 395.832 300 93
0 566 395.967 300 93
0 566 396.051 300 93
0 566 396.135 300 93
0 566 396.264 300 93
0 566 396.409 300 93
0 566 396.623 300 93
0 566 396.778 300 93
0 566 396.921 300 93
0 566 397.033 300 93
0 566 397.184 300 93
0 566 397.331 300 93
0 566 397.471 300 93
0 566 397.67 300 93
0 566 397.811 300 93
0 566 397.943 300 93
0 566 398.084 300 93
0 566 398.225 300 93
0 566 398.38 300 93
0 566 398.527 300 93
0 566 398.685 300 93
0 566 398.827 300 93
0 566 398.956 300 93
0 566 399.101 300 93
0 566 399.235 300 93
0 566 399.404 300 93
0 566 399.494 300 93
0 566 399.629 300 93
0 566 399.779 300 93
0 566 399.863 300 93
0 566 400.053 300 93
0 566 400.273 300 93
0 566 400.456 300 93
0 566 400.59 300 93
0 566 400.742 300 93
0 566 400.879 300 93
0 566 401.009 300 93
0 566 401.177 300 93
0 566 401.304 300 93
0 566 401.404 300 93
0 566 401.536 300 93
0 566 401.686 300 93
0 566 401.869 300 93
0 566 402.009 300 93
0 566 402.183 300 93
0 566 402.348 300 93
0 566 402.496 300 93
0 566 402.667 300 93
0 566 402.856 300 93
0 566 403.043 300 93
0 566 403.171 300 93
0 566 403.286 300 93
0 566 403.409 300 93
0 566 403.536 300 93
0 566 403.707 300 93
0 566 403.837 300 93
0 566 404.01 300 93
0 566 404.217 300 93
0 566 404.359 300 93
0 566 404.481 300 93
0 566 404.608 300 93
0 566 404.752 300 93
0 566 404.888 300 93
0 566 404.998 300 93
0 566 405.132 300 93
0 566 405.266 300 93
0 566 405.422 300 93
0 566 405.62 300 93
0 566 405.88 300 93
0 566 406.128 300 93
0 566 406.344 300 93
0 566 406.48 300 93
0 566 406.614 300 93
0 566 406.736 300 93
0 566 406.926 300 93
0 566 407.056 300 93
0 566 407.228 300 93
0 566 407.325 300 93
0 566 407.451 300 93
0 566 407.607 300 93
0 566 407.745 300 93
0 566 407.9 300 93
0 566 408.113 300 93
0 566 408.256 300 93
0 566 408.421 300 93
0 566 408.511 300 93
0 566 408.731 300 93
0 566 408.922 300 93
0 566 409.062 300 93
0 566 409.298 300 93
0 566 409.391 300 93
0 566 409.527 300 93
0 566 409.694 300 93
0 566 409.863 300 93
0 566 409.962 300 93
0 566 410.174 300 93
0 566 410.357 300 93
0 566 410.505 300 93
0 566 410.652 300 93
0 566 410.737 300 93
0 566 410.858 300 93
0 566 410.999 300 93
0 566 411.138 300 93
0 566 411.282 300 93
0 566 411.46 300 93
0 566 411.631 300 93
0 566 411.778 300 93
0 566 411.901 300 93
0 566 412.03 300 93
0 566 412.17 300 93
0 566 412.294 300 93
0 566 412.418 300 93
0 566 412.559 300 93
0 566 412.689 300 93
0 566 412.796 300 93
0 566 412.926 300 93
0 566 413.066 300 93
0 566 413.191 300 93
0 566 413.37 300 93
0 566 413.47 300 93
0 566 413.615 300 93
0 566 413.743 300 93
0 566 413.887 300 93
0 566 414.151 300 93
0 566 414.351 300 93
0 566 414.527 300 93
0 566 414.753 300 93
0 566 414.89 300 93
0 566 415.15 300 93
0 566 415.29 300 93
0 566 415.538 300 93
0 566 415.658 300 93
0 566 415.852 300 93
0 566 416.025 300 93
0 566 416.199 300 93
0 566 416.381 300 93
0 566 416.503 300 93
0 566 416.638 300 93
0 566 416.768 300 93
0 566 416.9 300 93
0 566 417.018 300 93
0 566 417.151 300 93
0 566 417.301 300 93
0 566 417.497 300 93
0 566 417.769 300 93
0 566 417.905 300 93
0 566 418.033 300 93
0 566 418.16 300 93
0 566 418.302 300 93
0 566 418.462 300 93
0 566 418.648 300 93
0 566 418.769 300 93
0 566 418.906 300 93
0 566 418.999 300 93
0 566 419.186 300 93
0 566 419.311 300 93
0 566 419.449 300 93
0 566 419.702 300 93
0 566 419.887 300 93
0 566 420.02 300 93
0 566 420.147 300 93
0 566 420.274 300 93
0 566 420.417 300 93
0 566 420.55 300 93
0 566 420.69 300 93
0 566 420.813 300 93
0 566 420.984 300 93
0 566 421.15 300 93
0 566 421.304 300 93
0 566 421.399 300 93
0 566 421.515 300 93
0 566 421.719 300 93
0 566 421.844 300 93
0 566 422.034 300 93
0 566 422.204 300 93
0 566 422.518 300 93
0 566 422.645 300 93
0 566 422.767 300 93
0 566 422.907 300 93
0 566 423.046 300 93
0 566 423.22 300 93
0 566 423.369 300 93
0 566 423.451 300 93
0 566 423.59 300 93
0 566 423.735 300 93
0 566 423.89 300 93
0 566 424.029 300 93
0 566 424.194 300 93
0 566 424.336 300 93
0 566 424.576 300 93
0 566 424.731 300 93
0 566 424.928 300 93
0 566 425.063 300 93
0 566 425.204 300 93
0 566 425.366 300 93
0 566 425.501 300 93
0 566 425.586 300 93
0 566 425.81 300 93
0 566 425.944 300 93
0 566 426.082 300 93
0 566 426.208 300 93
0 566 426.334 300 93
0 566 426.472 300 93
0 566 426.606 300 93
0 566 426.741 300 93
0 566 426.888 300 93
0 566 427.021 300 93
0 566 427.16 300 93
0 566 427.392 300 93
0 566 427.522 300 93
0 566 427.642 300 93
0 566 427.766 300 93
0 566 427.918 300 93
0 566 428.041 300 93
0 566 428.166 300 93
0 566 428.34 300 93
0 566 428.478 300 93
0 566 428.627 300 93
0 566 428.752 300 93
0 566 428.988 300 93
0 566 429.179 300 93
0 566 429.322 300 93
0 566 429.543 300 93
0 566 429.835 300 93
0 566 429.94 300 93
0 566 430.06 300 93
0 566 430.155 300 93
0 566 430.245 300 93
0 566 430.392 300 93
0 566 430.501 300 93
0 566 430.593 300 93
0 566 430.689 300 93
0 566 430.778 300 93
0 566 430.843 300 93
0 566 430.997 300 93
0 566 431.128 300 93
0 566 431.234 300 93
0 566 431.372 300 93
0 566 431.502 300 93
0 566 431.699 300 93
0 566 431.825 300 93
0 566 431.974 300 93
0 566 432.189 300 93
0 566 432.308 300 93
0 566 432.435 300 93
0 566 432.578 300 93
0 566 432.712 300 93
0 566 432.814 300 93
0 566 432.949 300 93
0 566 433.091 300 93
0 566 433.269 300 93
0 566 433.399 300 93
0 566 433.608 300 93
0 566 433.731 300 93
0 566 433.942 300 93
0 566 434.099 300 93
0 566 434.275 300 93
0 566 434.42 300 93
0 566 434.58 300 93
0 566 434.723 300 93
0 566 434.856 300 93
0 566 434.961 300 93
0 566 435.059 300 93
0 566 435.152 300 93
0 566 435.249 300 93
0 566 435.365 300 93
0 566 435.478 300 93
0 566 435.62 300 93
0 566 435.726 300 93
0 566 435.834 300 93
0 566 435.965 300 93
0 566 436.136 300 93
0 566 436.268 300 93
0 566 436.499 300 93
0 566 436.722 300 93
0 566 436.886 300 93
0 566 437.041 300 93
0 566 437.188 300 93
0 566 437.332 300 93
0 566 437.486 300 93
0 566 437.595 300 93
0 566 437.753 300 93
0 566 437.922 300 93
0 566 438.056 300 93
0 566 438.183 300 93
0 566 438.426 300 93
0 566 438.587 300 93
0 566 438.698 300 93
0 566 438.891 300 93
0 566 439.035 300 93
0 566 439.19 300 93
0 566 439.339 300 93
0 566 439.468 300 93
0 566 439.61 300 93
0 566 439.721 300 93
0 566 439.858 300 93
0 566 440.002 300 93
0 566 440.141 300 93
0 566 440.351 300 93
0 566 440.489 300 93
0 566 440.675 300 93
0 566 440.847 300 93
0 566 441.009 300 93
0 554.8 441.028 93
0 554.8 441.157 300 93
0 554.8 441.305 300 93
0 554.8 441.47 300 93
0 554.8 441.624 300 93
0 554.8 441.781 300 93
0 554.8 441.987 300 93
0 554.8 442.117 300 93
0 554.8 442.269 300 93
0 554.8 442.4 300 93
0 554.8 442.548 300 93
0 554.8 442.712 300 93
0 554.8 442.802 300 93
0 554.8 442.951 300 93
0 554.8 443.1 300 93
0 554.8 443.384 300 93
0 554.8 443.533 300 93
0 554.8 443.736 300 93
0 554.8 443.874 300 93
0 554.8 444.016 300 93
0 554.8 444.154 300 93
0 554.8 444.322 300 93
0 554.8 444.447 300 93
0 554.8 444.582 300 93
0 554.8 444.711 300 93
0 554.8 444.839 300 93
0 554.8 445.07 300 93
0 554.8 445.202 300 93
0 554.8 445.335 300 93
0 554.8 445.521 300 93
0 554.8 445.715 300 93
0 554.8 445.863 300 93
0 554.8 445.969 300 93
0 554.8 446.113 300 93
0 554.8 446.309 300 93
0 554.8 446.43 300 93
0 554.8 446.582 300 93
0 554.8 446.754 300 93
0 554.8 446.896 300 93
0 554.8 447.037 300 93
0 554.8 447.191 300 93
0 554.8 447.344 300 93
0 554.8 447.488 300 93
0 554.8 447.71 300 93
0 554.8 447.86 300 93
0 554.8 448.004 300 93
0 554.8 448.146 300 93
0 554.8 448.35 300 93
0 554.8 448.505 300 93
0 554.8 448.719 300 93
0 554.8 448.868 300 93
0 554.8 449.033 300 93
0 554.8 449.176 300 93
0 554.8 449.317 300 93
0 554.8 449.463 300 93
0 554.8 449.632 300 93
0 554.8 449.73 300 93
0 554.8 449.925 300 93
0 554.8 450.085 300 93
0 554.8 450.224 300 93
0 554.8 450.415 300 93
0 554.8 450.562 300 93
0 554.8 450.757 300 93
0 554.8 450.908 300 93
0 554.8 451.068 300 93
0 554.8 451.325 300 93
0 554.8 451.563 300 93
0 554.8 451.711 300 93
0 554.8 451.87 300 93
0 554.8 452.029 300 93
0 554.8 452.184 300 93
0 554.8 452.344 300 93
0 554.8 452.48 300 93
0 554.8 452.642 300 93
0 554.8 452.788 300 93
0 554.8 452.936 300 93
0 554.8 453.171 300 93
0 554.8 453.322 300 93
0 554.8 453.467 300 93
0 554.8 453.579 300 93
0 554.8 453.736 300 93
0 554.8 453.889 300 93
0 554.8 454.039 300 93
0 554.8 454.164 300 93
0 554.8 454.306 300 93
0 554.8 454.502 300 93
0 554.8 454.641 300 93
0 554.8 454.807 300 93
0 554.8 454.981 300 93
0 554.8 455.193 300 93
0 554.8 455.378 300 93
0 554.8 455.597 300 93
0 554.8 455.743 300 93
0 554.8 455.907 300 93
0 554.8 456.054 300 93
0 554.8 456.204 300 93
0 554.8 456.414 300 93
0 554.8 456.555 300 93
0 554.8 456.704 300 93
0 554.8 456.902 300 93
0 554.8 457.043 300 93
0 554.8 457.179 300 93
0 554.8 457.502 300 93
0 554.8 457.663 300 93
0 554.8 457.825 300 93
0 554.8 458.026 300 93
0 554.8 458.195 300 93
0 554.8 458.328 300 93
0 554.8 458.594 300 93
0 554.8 458.748 300 93
0 554.8 458.904 300 93
0 554.8 459.071 300 93
0 554.8 459.225 300 93
0 554.8 459.413 300 93
0 554.8 459.557 300 93
0 554.8 459.783 300 93
0 554.8 460.003 300 93
0 554.8 460.249 300 93
0 554.8 460.433 300 93
0 554.8 460.595 300 93
0 554.8 460.779 300 93
0 554.8 460.923 300 93
0 554.8 461.118 300 93
0 554.8 461.427 300 93
0 554.8 461.619 300 93
0 554.8 461.759 300 93
0 554.8 461.99 300 93
0 554.8 462.16 300 93
0 554.8 462.306 300 93
0 554.8 462.469 300 93
0 554.8 462.621 300 93
0 554.8 462.77 300 93
0 554.8 462.914 300 93
0 554.8 463.069 300 93
0 554.8 463.222 300 93
0 554.8 463.382 300 93
0 554.8 463.553 300 93
0 554.8 463.688 300 93
0 554.8 463.837 300 93
0 554.8 464.019 300 93
0 554.8 464.175 300 93
0 554.8 464.321 300 93
0 554.8 464.488 300 93
0 554.8 464.653 300 93
0 554.8 464.824 300 93
0 554.8 464.981 300 93
0 554.8 465.212 300 93
0 554.8 465.41 300 93
0 554.8 465.64 300 93
0 554.8 465.82 300 93
0 554.8 465.982 300 93
0 554.8 466.133 300 93
0 554.8 466.32 300 93
0 554.8 466.503 300 93
0 554.8 466.693 300 93
0 554.8 466.834 300 93
0 554.8 467.066 300 93
0 554.8 467.34 300 93
0 554.8 467.469 300 93
0 554.8 467.598 300 93
0 554.8 467.735 300 93
0 554.8 467.827 300 93
0 554.8 467.957 300 93
0 554.8 468.09 300 93
0 554.8 468.319 300 93
0 554.8 468.448 300 93
0 554.8 468.586 300 93
0 554.8 468.726 300 93
0 554.8 468.816 300 93
0 554.8 468.915 300 93
0 554.8 468.993 300 93
0 554.8 469.081 300 93
0 554.8 469.138 300 93
0 554.8 469.285 300 93
0 554.8 469.462 300 93
0 554.8 469.542 300 93
0 554.8 469.68 300 93
0 554.8 469.859 300 93
0 554.8 470.066 300 93
0 554.8 470.185 300 93
0 554.8 470.317 300 93
0 554.8 470.484 300 93
0 554.8 470.635 300 93
0 554.8 470.807 300 93
0 554.8 471.013 300 93
0 554.8 471.24 300 93
0 554.8 471.377 300 93
0 554.8 471.52 300 93
0 554.8 471.662 300 93
0 554.8 471.843 300 93
0 554.8 471.988 300 93
0 554.8 472.131 300 93
0 554.8 472.34 300 93
0 554.8 472.47 300 93
0 554.8 472.606 300 93
0 554.8 472.753 300 93
0 554.8 472.934 300 93
0 554.8 473.072 300 93
0 554.8 473.213 300 93
0 554.8 473.428 300 93
0 554.8 473.561 300 93
0 554.8 473.763 300 93
0 554.8 473.856 300 93
0 554.8 474.009 300 93
0 554.8 474.103 300 93
0 554.8 474.33 300 93
0 554.8 474.463 300 93
0 554.8 474.592 300 93
0 554.8 474.686 300 93
0 554.8 474.796 300 93
0 554.8 474.886 300 93
0 554.8 474.982 300 93
0 554.8 475.091 300 93
0 554.8 475.185 300 93
0 554.8 475.293 300 93
0 554.8 475.397 300 93
0 554.8 475.555 300 93
0 554.8 475.66 300 93
0 554.8 475.789 300 93
0 554.8 475.906 300 93
0 554.8 476.05 300 93
0 554.8 476.187 300 93
0 554.8 476.384 300 93
0 554.8 476.576 300 93
0 554.8 476.748 300 93
0 554.8 476.914 300 93
0 554.8 477.115 300 93
0 554.8 477.314 300 93
0 554.8 477.623 300 93
0 554.8 477.777 300 93
0 554.8 477.92 300 93
0 554.8 478.085 300 93
0 554.8 478.241 300 93
0 554.8 478.393 300 93
0 554.8 478.578 300 93
0 554.8 478.823 300 93
0 554.8 478.995 300 93
0 554.8 479.162 300 93
0 554.8 479.337 300 93
0 554.8 479.645 300 93
0 554.8 479.851 300 93
0 554.8 480.046 300 93
0 554.8 480.254 300 93
0 554.8 480.445 300 93
0 554.8 480.607 300 93
0 554.8 480.765 300 93
0 554.8 481.055 300 93
0 554.8 481.304 300 93
0 554.8 481.497 300 93
0 554.8 481.715 300 93
0 554.8 481.896 300 93
0 554.8 482.068 300 93
0 554.8 482.278 300 93
0 554.8 482.521 300 93
0 554.8 482.711 300 93
0 554.8 482.961 300 93
0 554.8 483.142 300 93
0 554.8 483.327 300 93
0 554.8 483.513 300 93
0 554.8 483.748 300 93
0 554.8 483.928 300 93
0 554.8 484.09 300 93
0 554.8 484.305 300 93
0 554.8 484.448 300 93
0 554.8 484.605 300 93
0 554.8 484.743 300 93
0 554.8 484.922 300 93
0 554.8 485.074 300 93
0 554.8 485.22 300 93
0 554.8 485.424 300 93
0 554.8 485.606 300 93
0 554.8 485.774 300 93
0 554.8 485.959 300 93
0 554.8 486.15 300 93
0 554.8 486.336 300 93
0 554.8 486.491 300 93
0 554.8 486.669 300 93
0 554.8 486.831 300 93
0 554.8 487.099 300 93
0 554.8 487.228 300 93
0 554.8 487.405 300 93
0 554.8 487.676 300 93
0 554.8 487.943 300 93
0 554.8 488.067 300 93
0 554.8 488.254 300 93
0 554.8 488.469 300 93
0 554.8 488.799 300 93
0 554.8 488.985 300 93
0 554.8 489.149 300 93
0 554.8 489.434 300 93
0 554.8 489.617 300 93
0 554.8 489.804 300 93
0 554.8 489.968 300 93
0 554.8 490.155 300 93
0 554.8 490.257 300 93
0 554.8 490.439 300 93
0 554.8 490.679 300 93
0 554.8 490.794 300 93
0 554.8 491.045 300 93
0 554.8 491.222 300 93
0 554.8 491.514 300 93
0 554.8 491.814 300 93
0 554.8 491.997 300 93
0 554.8 492.17 300 93
0 554.8 492.305 300 93
0 554.8 492.435 300 93
0 554.8 492.559 300 93
0 554.8 492.676 300 93
0 554.8 492.812 300 93
0 554.8 493.007 300 93
0 554.8 493.135 300 93
0 554.8 493.256 300 93
0 554.8 493.5 300 93
0 554.8 493.661 300 93
0 554.8 493.797 300 93
0 554.8 493.927 300 93
0 554.8 494.068 300 93
0 554.8 494.275 300 93
0 554.8 494.495 300 93
0 554.8 494.648 300 93
0 554.8 494.78 300 93
0 554.8 494.869 300 93
0 554.8 495.001 300 93
0 554.8 495.129 300 93
0 554.8 495.265 300 93
0 554.8 495.386 300 93
0 554.8 495.518 300 93
0 554.8 495.688 300 93
0 554.8 495.811 300 93
0 554.8 496.022 300 93
0 554.8 496.152 300 93
0 554.8 496.293 300 93
0 554.8 496.428 300 93
0 554.8 496.651 300 93
0 554.8 496.828 300 93
0 554.8 496.959 300 93
0 554.8 497.139 300 93
0 554.8 497.359 300 93
0 554.8 497.474 300 93
0 554.8 497.579 300 93
0 554.8 497.711 300 93
0 554.8 497.846 300 93
0 554.8 497.96 300 93
0 554.8 498.081 300 93
0 554.8 498.212 300 93
0 554.8 498.344 300 93
0 554.8 498.477 300 93
0 554.8 498.598 300 93
0 554.8 498.73 300 93
0 554.8 498.951 300 93
0 554.8 499.274 300 93
0 554.8 499.4 300 93
0 554.8 499.612 300 93
0 554.8 499.756 300 93
0 554.8 499.847 300 93
0 554.8 499.998 300 93
0 554.8 500.134 300 93
0 554.8 500.275 300 93
0 554.8 500.362 300 93
0 554.8 500.487 300 93
0 554.8 500.614 300 93
0 554.8 500.738 300 93
0 554.8 500.892 300 93
0 554.8 501.105 300 93
0 554.8 501.236 300 93
0 554.8 501.429 300 93
0 554.8 501.528 300 93
0 554.8 501.7 300 93
0 554.8 501.832 300 93
0 554.8 501.97 300 93
0 554.8 502.117 300 93
0 554.8 502.242 300 93
0 554.8 502.372 300 93
0 554.8 502.52 300 93
0 554.8 502.698 300 93
0 554.8 502.836 300 93
0 554.8 502.949 300 93
0 554.8 503.08 300 93
0 554.8 503.231 300 93
0 554.8 503.345 300 93
0 554.8 503.492 300 93
0 554.8 503.617 300 93
0 554.8 503.742 300 93
0 554.8 503.872 300 93
0 554.8 504.042 300 93
0 554.8 504.181 300 93
0 554.8 504.3 300 93
0 554.8 504.443 300 93
0 554.8 504.59 300 93
0 554.8 504.726 300 93
0 554.8 504.858 300 93
0 554.8 504.997 300 93
0 554.8 505.136 300 93
0 554.8 505.271 300 93
0 554.8 505.393 300 93
0 554.8 505.519 300 93
0 554.8 505.612 300 93
0 554.8 505.751 300 93
0 554.8 505.944 300 93
0 554.8 506.082 300 93
0 554.8 506.261 300 93
0 554.8 506.393 300 93
0 554.8 506.518 300 93
0 554.8 506.745 300 93
0 554.8 506.879 300 93
0 554.8 507.043 300 93
0 554.8 507.275 300 93
0 554.8 507.415 300 93
0 554.8 507.586 300 93
0 554.8 507.719 300 93
0 554.8 507.855 300 93
0 554.8 507.982 300 93
0 554.8 508.111 300 93
0 554.8 508.323 300 93
0 554.8 508.408 300 93
0 554.8 508.541 300 93
0 554.8 508.631 300 93
0 554.8 508.764 300 93
0 554.8 508.959 300 93
0 554.8 509.091 300 93
0 554.8 509.244 300 93
0 554.8 509.385 300 93
0 554.8 509.524 300 93
0 554.8 509.668 300 93
0 554.8 509.805 300 93
0 554.8 509.986 300 93
0 554.8 510.172 300 93
0 554.8 510.318 300 93
0 554.8 510.467 300 93
0 554.8 510.608 300 93
0 554.8 510.726 300 93
0 554.8 510.86 300 93
0 554.8 510.996 300 93
0 554.8 511.139 300 93
0 554.8 511.264 300 93
0 554.8 511.425 300 93
0 554.8 511.562 300 93
0 554.8 511.724 300 93
0 554.8 511.857 300 93
0 554.8 512.011 300 93
0 554.8 512.234 300 93
0 554.8 512.349 300 93
0 554.8 512.494 300 93
0 554.8 512.625 300 93
0 554.8 512.744 300 93
0 554.8 512.888 300 93
0 554.8 513.063 300 93
0 554.8 513.194 300 93
0 554.8 513.331 300 93
0 554.8 513.463 300 93
0 554.8 513.592 300 93
0 554.8 513.775 300 93
0 554.8 513.909 300 93
0 554.8 514.062 300 93
0 554.8 514.233 300 93
0 554.8 514.376 300 93
0 554.8 514.526 300 93
0 554.8 514.68 300 93
0 554.8 514.808 300 93
0 554.8 514.943 300 93
0 554.8 515.093 300 93
0 554.8 515.227 300 93
0 554.8 515.351 300 93
0 554.8 515.487 300 93
0 554.8 515.638 300 93
0 554.8 515.806 300 93
0 554.8 516.005 300 93
0 554.8 516.14 300 93
0 554.8 516.328 300 93
0 554.8 516.456 300 93
0 554.8 516.589 300 93
0 554.8 516.806 300 93
0 554.8 516.91 300 93
0 554.8 517.057 300 93
0 554.8 517.277 300 93
0 554.8 517.361 300 93
0 554.8 517.516 300 93
0 554.8 517.796 300 93
0 554.8 517.92 300 93
0 554.8 518.056 300 93
0 554.8 518.186 300 93
0 554.8 518.333 300 93
0 554.8 518.422 300 93
0 554.8 518.606 300 93
0 554.8 518.728 300 93
0 554.8 518.911 300 93
0 554.8 519.051 300 93
0 554.8 519.19 300 93
0 554.8 519.418 300 93
0 554.8 519.553 300 93
0 554.8 519.7 300 93
0 554.8 519.834 300 93
0 554.8 519.973 300 93
0 554.8 520.117 300 93
0 554.8 520.24 300 93
0 554.8 520.336 300 93
0 554.8 520.464 300 93
0 554.8 520.592 300 93
0 554.8 520.738 300 93
0 554.8 520.891 300 93
0 554.8 521.066 300 93
0 554.8 521.22 300 93
0 554.8 521.307 300 93
0 554.8 521.45 300 93
0 554.8 521.59 300 93
0 554.8 521.743 300 93
0 554.8 521.925 300 93
0 554.8 522.067 300 93
0 554.8 522.204 300 93
0 554.8 522.376 300 93
0 554.8 522.502 300 93
0 554.8 522.683 300 93
0 554.8 522.825 300 93
0 554.8 523.083 300 93
0 554.8 523.218 300 93
0 554.8 523.354 300 93
0 554.8 523.474 300 93
0 554.8 523.688 300 93
0 554.8 523.833 300 93
0 554.8 523.98 300 93
0 554.8 524.151 300 93
0 554.8 524.324 300 93
0 554.8 524.452 300 93
0 554.8 524.666 300 93
0 554.8 524.794 300 93
0 554.8 524.917 300 93
0 554.8 525.029 300 93
0 554.8 525.171 300 93
0 554.8 525.29 300 93
0 554.8 525.422 300 93
0 554.8 525.544 300 93
0 554.8 525.669 300 93
0 554.8 525.859 300 93
0 554.8 525.975 300 93
0 554.8 526.107 300 93
0 554.8 526.237 300 93
0 554.8 526.406 300 93
0 554.8 526.525 300 93
0 554.8 526.666 300 93
0 554.8 526.796 300 93
0 554.8 526.914 300 93
0 554.8 527.033 300 93
0 554.8 527.176 300 93
0 554.8 527.301 300 93
0 554.8 527.428 300 93
0 554.8 527.557 300 93
0 554.8 527.736 300 93
0 554.8 527.871 300 93
0 554.8 528.009 300 93
0 554.8 528.185 300 93
0 554.8 528.318 300 93
0 554.8 528.464 300 93
0 554.8 528.558 300 93
0 554.8 528.767 300 93
0 554.8 528.901 300 93
0 554.8 528.996 300 93
0 554.8 529.124 300 93
0 554.8 529.257 300 93
0 554.8 529.391 300 93
0 554.8 529.553 300 93
0 554.8 529.701 300 93
0 554.8 529.834 300 93
0 554.8 529.981 300 93
0 554.8 530.117 300 93
0 554.8 530.243 300 93
0 554.8 530.412 300 93
0 554.8 530.537 300 93
0 554.8 530.67 300 93
0 554.8 530.784 300 93
0 554.8 530.926 300 93
0 554.8 531.053 300 93
0 554.8 531.192 300 93
0 554.8 531.422 300 93
0 554.8 531.552 300 93
0 554.8 531.634 300 93
0 554.8 531.786 300 93
0 554.8 531.92 300 93
0 554.8 532.043 300 93
0 554.8 532.194 300 93
0 554.8 532.38 300 93
0 554.8 532.51 300 93
0 554.8 532.637 300 93
0 554.8 532.78 300 93
0 554.8 532.988 300 93
0 554.8 533.122 300 93
0 554.8 533.253 300 93
0 554.8 533.382 300 93
0 554.8 533.525 300 93
0 554.8 533.695 300 93
0 554.8 533.856 300 93
0 554.8 533.977 300 93
0 554.8 534.129 300 93
0 554.8 534.294 300 93
0 554.8 534.43 300 93
0 554.8 534.64 300 93
0 554.8 534.766 300 93
0 554.8 535.03 300 93
0 554.8 535.215 300 93
0 554.8 535.329 300 93
0 554.8 535.541 300 93
0 554.8 535.772 300 93
0 554.8 536.026 300 93
0 554.8 536.166 300 93
0 554.8 536.252 300 93
0 554.8 536.489 300 93
0 554.8 536.599 300 93
0 554.8 536.728 300 93
0 554.8 536.815 300 93
0 554.8 536.945 300 93
0 554.8 537.04 300 93
0 554.8 537.165 300 93
0 554.8 537.371 300 93
0 554.8 537.539 300 93
0 554.8 537.685 300 93
0 554.8 537.87 300 93
0 554.8 537.985 300 93
0 554.8 538.111 300 93
0 554.8 538.25 300 93
0 554.8 538.416 300 93
0 554.8 538.54 300 93
0 554.8 538.675 300 93
0 554.8 538.809 300 93
0 554.8 538.941 300 93
0 554.8 539.022 300 93
0 554.8 539.153 300 93
0 554.8 539.359 300 93
0 554.8 539.489 300 93
0 554.8 539.634 300 93
0 554.8 539.755 300 93
0 554.8 539.973 300 93
0 554.8 540.097 300 93
0 554.8 540.214 300 93
0 554.8 540.332 300 93
0 554.8 540.466 300 93
0 554.8 540.583 300 93
0 554.8 540.729 300 93
0 554.8 540.852 300 93
0 554.8 540.984 300 93
0 554.8 541.142 300 93
0 554.8 541.242 300 93
0 554.8 541.33 300 93
0 554.8 541.45 300 93
0 554.8 541.552 300 93
0 554.8 541.645 300 93
0 554.8 541.741 300 93
0 554.8 541.828 300 93
0 554.8 541.908 300 93
0 554.8 542.037 300 93
0 554.8 542.179 300 93
0 554.8 542.305 300 93
0 554.8 542.443 300 93
0 554.8 542.62 300 93
0 554.8 542.747 300 93
0 554.8 542.831 300 93
0 554.8 542.922 300 93
0 554.8 543.042 300 93
0 554.8 543.178 300 93
0 554.8 543.313 300 93
0 554.8 543.434 300 93
0 554.8 543.558 300 93
0 554.8 543.73 300 93
0 554.8 544.004 300 93
0 554.8 544.186 300 93
0 554.8 544.377 300 93
0 554.8 544.501 300 93
0 554.8 544.64 300 93
0 554.8 544.844 300 93
0 554.8 544.967 300 93
0 554.8 545.048 300 93
0 554.8 545.18 300 93
0 554.8 545.323 300 93
0 554.8 545.547 300 93
0 554.8 545.775 300 93
0 554.8 545.904 300 93
0 554.8 546.161 300 93
0 554.8 546.337 300 93
0 554.8 546.432 300 93
0 554.8 546.513 300 93
0 554.8 546.598 300 93
0 554.8 546.694 300 93
0 554.8 546.849 300 93
0 554.8 547.036 300 93
0 554.8 547.181 300 93
0 554.8 547.273 300 93
0 554.8 547.428 300 93
0 554.8 547.631 300 93
0 554.8 547.748 300 93
0 554.8 547.862 300 93
0 554.8 547.954 300 93
0 554.8 548.122 300 93
0 554.8 548.292 300 93
0 554.8 548.519 300 93
0 554.8 548.639 300 93
0 554.8 548.783 300 93
0 554.8 548.907 300 93
0 554.8 549.032 300 93
0 554.8 549.153 300 93
0 554.8 549.298 300 93
0 554.8 549.412 300 93
0 554.8 549.524 300 93
0 554.8 549.614 300 93
0 554.8 549.733 300 93
0 554.8 549.866 300 93
0 554.8 550.03 300 93
0 554.8 550.157 300 93
0 554.8 550.349 300 93
0 554.8 550.48 300 93
0 554.8 550.613 300 93
0 554.8 550.761 300 93
0 554.8 550.901 300 93
0 554.8 551.051 300 93
0 554.8 551.164 300 93
0 554.8 551.293 300 93
0 554.8 551.428 300 93
0 554.8 551.616 300 93
0 554.8 551.722 300 93
0 554.8 551.825 300 93
0 554.8 551.991 300 93
0 554.8 552.195 300 93
0 554.8 552.329 300 93
0 554.8 552.561 300 93
0 554.8 552.673 300 93
0 554.8 552.763 300 93
0 554.8 552.929 300 93
0 554.8 553.054 300 93
0 554.8 553.147 300 93
0 554.8 553.244 300 93
0 554.8 553.333 300 93
0 554.8 553.427 300 93
0 554.8 553.526 300 93
0 554.8 553.613 300 93
0 554.8 553.741 300 93
0 554.8 553.83 300 93
0 554.8 553.915 300 93
0 554.8 554.091 300 93
0 554.8 554.186 300 93
0 554.8 554.275 300 93
0 554.8 554.386 300 93
0 554.8 554.459 300 93
0 554.8 554.552 300 93
0 554.8 554.65 300 93
0 554.8 554.798 300 93
0 554.8 554.892 300 93
0 554.8 555.019 300 93
0 554.8 555.164 300 93
0 554.8 555.377 300 93
0 554.8 555.518 300 93
0 554.8 555.651 300 93
0 554.8 555.782 300 93
0 554.8 555.916 300 93
0 554.8 556.139 300 93
0 554.8 556.3 300 93
0 554.8 556.433 300 93
0 554.8 556.564 300 93
0 554.8 556.714 300 93
0 554.8 556.871 300 93
0 554.8 556.958 300 93
0 554.8 557.145 300 93
0 554.8 557.272 300 93
0 554.8 557.365 300 93
0 554.8 557.491 300 93
0 554.8 557.621 300 93
0 554.8 557.831 300 93
0 554.8 557.986 300 93
0 554.8 558.108 300 93
0 554.8 558.255 300 93
0 554.8 558.38 300 93
0 554.8 558.511 300 93
0 554.8 558.709 300 93
0 554.8 558.878 300 93
0 554.8 559.004 300 93
0 554.8 559.189 300 93
0 554.8 559.282 300 93
0 554.8 559.401 300 93
0 554.8 559.521 300 93
0 554.8 559.653 300 93
0 554.8 559.806 300 93
0 554.8 559.923 300 93
0 554.8 560.051 300 93
0 554.8 560.17 300 93
0 554.8 560.308 300 93
0 554.8 560.43 300 93
0 554.8 560.562 300 93
0 554.8 560.69 300 93
0 554.8 560.86 300 93
0 554.8 561.097 300 93
0 554.8 561.219 300 93
0 554.8 561.383 300 93
0 554.8 561.471 300 93
0 554.8 561.591 300 93
0 554.8 561.715 300 93
0 554.8 561.827 300 93
0 554.8 561.965 300 93
0 554.8 562.1 300 93
0 554.8 562.29 300 93
0 554.8 562.419 300 93
0 554.8 562.551 300 93
0 554.8 562.724 300 93
0 554.8 562.846 300 93
0 554.8 563.019 300 93
0 554.8 563.148 300 93
0 554.8 563.286 300 93
0 554.8 563.458 300 93
0 554.8 563.687 300 93
0 554.8 563.829 300 93
0 554.8 563.949 300 93
0 554.8 564.08 300 93
0 554.8 564.245 300 93
0 554.8 564.454 300 93
0 554.8 564.576 300 93
0 554.8 564.716 300 93
0 554.8 564.833 300 93
0 554.8 564.949 300 93
0 554.8 565.111 300 93
0 554.8 565.33 300 93
0 554.8 565.467 300 93
0 554.8 565.602 300 93
0 554.8 565.709 300 93
0 554.8 565.831 300 93
0 554.8 565.945 300 93
0 554.8 566.085 300 93
0 554.8 566.214 300 93
0 554.8 566.352 300 93
0 554.8 566.457 300 93
0 554.8 566.598 300 93
0 554.8 566.736 300 93
0 554.8 566.921 300 93
0 554.8 567.034 300 93
0 554.8 567.168 300 93
0 554.8 567.304 300 93
0 554.8 567.439 300 93
0 554.8 567.548 300 93
0 554.8 567.704 300 93
0 554.8 567.87 300 93
0 554.8 568.003 300 93
0 554.8 568.081 300 93
0 554.8 568.219 300 93
0 554.8 568.383 300 93
0 554.8 568.508 300 93
0 554.8 568.702 300 93
0 554.8 568.833 300 93
0 554.8 568.999 300 93
0 554.8 569.158 300 93
0 554.8 569.282 300 93
0 554.8 569.408 300 93
0 554.8 569.527 300 93
0 554.8 569.662 300 93
0 554.8 569.84 300 93
0 554.8 569.963 300 93
0 554.8 570.092 300 93
0 554.8 570.217 300 93
0 554.8 570.358 300 93
0 554.8 570.532 300 93
0 554.8 570.674 300 93
0 554.8 570.798 300 93
0 554.8 570.885 300 93
0 554.8 571.06 300 93
0 554.8 571.254 300 93
0 554.8 571.4 300 93
0 554.8 571.518 300 93
0 554.8 571.652 300 93
0 554.8 571.781 300 93
0 554.8 571.911 300 93
0 554.8 572.078 300 93
0 554.8 572.226 300 93
0 554.8 572.405 300 93
0 554.8 572.533 300 93
0 554.8 572.75 300 93
0 554.8 572.931 300 93
0 554.8 573.048 300 93
0 554.8 573.132 300 93
0 554.8 573.31 300 93
0 554.8 573.439 300 93
0 554.8 573.582 300 93
0 554.8 573.747 300 93
0 554.8 573.874 300 93
0 554.8 573.998 300 93
0 554.8 574.164 300 93
0 554.8 574.298 300 93
0 554.8 574.384 300 93
0 554.8 574.575 300 93
0 554.8 574.698 300 93
0 554.8 574.826 300 93
0 554.8 574.972 300 93
0 554.8 575.088 300 93
0 554.8 575.231 300 93
0 554.8 575.349 300 93
0 554.8 575.485 300 93
0 554.8 575.602 300 93
0 554.8 575.728 300 93
0 554.8 575.89 300 93
0 554.8 576.063 300 93
0 554.8 576.18 300 93
0 554.8 576.308 300 93
0 554.8 576.428 300 93
0 554.8 576.554 300 93
0 554.8 576.684 300 93
0 554.8 576.805 300 93
0 554.8 576.94 300 93
0 554.8 577.038 300 93
0 554.8 577.173 300 93
0 554.8 577.365 300 93
0 554.8 577.491 300 93
0 554.8 577.612 300 93
0 554.8 577.733 300 93
0 554.8 577.826 300 93
0 554.8 577.961 300 93
0 554.8 578.045 300 93
0 554.8 578.262 300 93
0 554.8 578.399 300 93
0 554.8 578.53 300 93
0 554.8 578.622 300 93
0 554.8 578.751 300 93
0 554.8 578.911 300 93
0 554.8 579.041 300 93
0 554.8 579.152 300 93
0 554.8 579.292 300 93
0 554.8 579.418 300 93
0 554.8 579.605 300 93
0 554.8 579.737 300 93
0 554.8 579.991 300 93
0 554.8 580.102 300 93
0 554.8 580.233 300 93
0 554.8 580.359 300 93
0 554.8 580.439 300 93
0 554.8 580.642 300 93
0 554.8 580.775 300 93
0 554.8 580.954 300 93
0 554.8 581.17 300 93
0 554.8 581.299 300 93
0 554.8 581.427 300 93
0 554.8 581.637 300 93
0 554.8 581.817 300 93
0 554.8 581.911 300 93
0 554.8 582.085 300 93
0 554.8 582.2 300 93
0 554.8 582.318 300 93
0 554.8 582.496 300 93
0 554.8 582.713 300 93
0 554.8 582.858 300 93
0 554.8 582.994 300 93
0 554.8 583.119 300 93
0 554.8 583.241 300 93
0 554.8 583.373 300 93
0 554.8 583.509 300 93
0 554.8 583.646 300 93
0 554.8 583.763 300 93
0 554.8 583.898 300 93
0 554.8 584.029 300 93
0 554.8 584.204 300 93
0 554.8 584.416 300 93
0 554.8 584.551 300 93
0 554.8 584.659 300 93
0 554.8 584.768 300 93
0 554.8 584.902 300 93
0 554.8 585.023 300 93
0 554.8 585.201 300 93
0 554.8 585.317 300 93
0 554.8 585.569 300 93
0 554.8 585.688 300 93
0 554.8 585.808 300 93
0 554.8 585.973 300 93
0 554.8 586.099 300 93
0 554.8 586.213 300 93
0 554.8 586.333 300 93
0 554.8 586.516 300 93
0 554.8 586.598 300 93
0 554.8 586.732 300 93
0 554.8 587.098 300 93
0 554.8 587.218 300 93
0 554.8 587.391 300 93
0 554.8 587.502 300 93
0 554.8 587.646 300 93
0 554.8 587.77 300 93
0 554.8 587.952 300 93
0 554.8 588.118 300 93
0 554.8 588.348 300 93
0 554.8 588.519 300 93
0 554.8 588.645 300 93
0 554.8 588.777 300 93
0 554.8 588.944 300 93
0 554.8 589.057 300 93
0 554.8 589.215 300 93
0 554.8 589.344 300 93
0 554.8 589.481 300 93
0 554.8 589.614 300 93
0 554.8 589.749 300 93
0 554.8 589.96 300 93
0 554.8 590.131 300 93
0 554.8 590.401 300 93
0 554.8 590.533 300 93
0 554.8 590.749 300 93
0 554.8 590.868 300 93
0 554.8 591.079 300 93
0 554.8 591.204 300 93
0 554.8 591.335 300 93
0 554.8 591.462 300 93
0 554.8 591.63 300 93
0 554.8 591.754 300 93
0 554.8 591.888 300 93
0 554.8 592.018 300 93
0 554.8 592.186 300 93
0 554.8 592.344 300 93
0 554.8 592.471 300 93
0 554.8 592.628 300 93
0 554.8 592.744 300 93
0 554.8 592.884 300 93
0 554.8 593.052 300 93
0 554.8 593.271 300 93
0 554.8 593.383 300 93
0 554.8 593.518 300 93
0 554.8 593.677 300 93
0 554.8 593.795 300 93
0 554.8 593.916 300 93
0 554.8 594.049 300 93
0 554.8 594.168 300 93
0 554.8 594.311 300 93
0 554.8 594.443 300 93
0 554.8 594.573 300 93
0 554.8 594.673 300 93
0 554.8 594.763 300 93
0 554.8 594.861 300 93
0 554.8 594.943 300 93
0 554.8 595.029 300 93
0 554.8 595.111 300 93
0 554.8 595.233 300 93
0 554.8 595.413 300 93
0 554.8 595.507 300 93
0 554.8 595.596 300 93
0 554.8 595.72 300 93
0 554.8 595.808 300 93
0 554.8 595.891 300 93
0 554.8 596.045 300 93
0 554.8 596.145 300 93
0 554.8 596.252 300 93
0 554.8 596.396 300 93
0 554.8 596.535 300 93
0 554.8 596.699 300 93
0 554.8 596.834 300 93
0 554.8 596.948 300 93
0 554.8 597.072 300 93
0 554.8 597.204 300 93
0 554.8 597.352 300 93
0 554.8 597.574 300 93
0 554.8 597.697 300 93
0 554.8 597.856 300 93
0 554.8 598.081 300 93
0 554.8 598.196 300 93
0 554.8 598.413 300 93
0 554.8 598.548 300 93
0 554.8 598.689 300 93
0 554.8 598.846 300 93
0 554.8 599.062 300 93
0 554.8 599.246 300 93
0 554.8 599.366 300 93
0 554.8 599.609 300 93
0 554.8 599.746 300 93
0 554.8 599.862 300 93
0 554.8 600.028 300 93
0 554.8 600.149 300 93
0 554.8 600.345 300 93
0 554.8 600.536 300 93
0 554.8 600.705 300 93
0 554.8 600.837 300 93
0 554.8 600.961 300 93
0 554.8 601.09 300 93
0 554.8 601.223 300 93
0 554.8 601.356 300 93
0 554.8 601.449 300 93
0 554.8 601.617 300 93
0 554.8 601.755 300 93
0 554.8 601.878 300 93
0 554.8 602.02 300 93
0 554.8 602.292 300 93
0 554.8 602.427 300 93
0 554.8 602.556 300 93
0 554.8 602.676 300 93
0 554.8 602.858 300 93
0 554.8 603.088 300 93
0 554.8 603.229 300 93
0 554.8 603.362 300 93
0 554.8 603.498 300 93
0 554.8 603.573 300 93
0 554.8 603.676 300 93
0 554.8 603.85 300 93
0 554.8 604.019 300 93
0 554.8 604.151 300 93
0 554.8 604.296 300 93
0 554.8 604.423 300 93
0 554.8 604.561 300 93
0 554.8 604.819 300 93
0 554.8 605.091 300 93
0 554.8 605.237 300 93
0 554.8 605.377 300 93
0 554.8 605.515 300 93
0 554.8 605.645 300 93
0 554.8 605.78 300 93
0 554.8 605.901 300 93
0 554.8 606.042 300 93
0 554.8 606.214 300 93
0 554.8 606.378 300 93
0 554.8 606.552 300 93
0 554.8 606.689 300 93
0 554.8 606.818 300 93
0 554.8 606.952 300 93
0 554.8 607.092 300 93
0 554.8 607.227 300 93
0 554.8 607.353 300 93
0 554.8 607.529 300 93
0 554.8 607.622 300 93
0 554.8 607.87 300 93
0 554.8 608.001 300 93
0 554.8 608.123 300 93
0 554.8 608.268 300 93
0 554.8 608.448 300 93
0 554.8 608.595 300 93
0 554.8 608.71 300 93
0 554.8 608.887 300 93
0 554.8 609.022 300 93
0 554.8 609.116 300 93
0 554.8 609.34 300 93
0 554.8 609.467 300 93
0 554.8 609.618 300 93
0 554.8 609.808 300 93
0 554.8 609.919 300 93
0 554.8 610.056 300 93
0 554.8 610.181 300 93
0 554.8 610.316 300 93
0 554.8 610.549 300 93
0 554.8 610.69 300 93
0 554.8 610.832 300 93
0 554.8 610.97 300 93
0 554.8 611.107 300 93
0 554.8 611.24 300 93
0 554.8 611.393 300 93
0 554.8 611.519 300 93
0 554.8 611.65 300 93
0 554.8 611.821 300 93
0 554.8 611.983 300 93
0 554.8 612.152 300 93
0 554.8 612.332 300 93
0 554.8 612.515 300 93
0 554.8 612.664 300 93
0 554.8 612.789 300 93
0 554.8 612.878 300 93
0 554.8 613.007 300 93
0 554.8 613.236 300 93
0 554.8 613.355 300 93
0 554.8 613.494 300 93
0 554.8 613.642 300 93
0 554.8 613.784 300 93
0 554.8 613.919 300 93
0 554.8 614.009 300 93
0 554.8 614.155 300 93
0 554.8 614.284 300 93
0 554.8 614.412 300 93
0 554.8 614.584 300 93
0 554.8 614.712 300 93
0 554.8 614.887 300 93
0 554.8 615.021 300 93
0 554.8 615.194 300 93
0 554.8 615.324 300 93
0 554.8 615.446 300 93
0 554.8 615.674 300 93
0 554.8 615.923 300 93
0 554.8 616.099 300 93
0 554.8 616.224 300 93
0 554.8 616.355 300 93
0 554.8 616.522 300 93
0 554.8 616.654 300 93
0 554.8 616.744 300 93
0 554.8 616.925 300 93
0 554.8 617.069 300 93
0 554.8 617.26 300 93
0 554.8 617.405 300 93
0 554.8 617.541 300 93
0 554.8 617.668 300 93
0 554.8 617.913 300 93
0 554.8 618.103 300 93
0 554.8 618.244 300 93
0 554.8 618.363 300 93
0 554.8 618.45 300 93
0 554.8 618.595 300 93
0 554.8 618.731 300 93
0 554.8 618.865 300 93
0 554.8 619.059 300 93
0 554.8 619.21 300 93
0 554.8 619.348 300 93
0 554.8 619.469 300 93
0 554.8 619.62 300 93
0 554.8 619.818 300 93
0 554.8 619.959 300 93
0 554.8 620.043 300 93
0 554.8 620.217 300 93
0 554.8 620.355 300 93
0 554.8 620.553 300 93
0 554.8 620.714 300 93
0 554.8 620.868 300 93
0 554.8 621.049 300 93
0 554.8 621.184 300 93
0 554.8 621.5 300 93
0 554.8 621.59 300 93
0 554.8 621.677 300 93
0 554.8 621.823 300 93
0 554.8 621.975 300 93
0 554.8 622.179 300 93
0 554.8 622.296 300 93
0 554.8 622.44 300 93
0 554.8 622.584 300 93
0 554.8 622.712 300 93
0 554.8 622.866 300 93
0 554.8 623.014 300 93
0 554.8 623.245 300 93
0 554.8 623.357 300 93
0 554.8 623.494 300 93
0 554.8 623.574 300 93
0 554.8 623.697 300 93
0 554.8 623.905 300 93
0 554.8 624.137 300 93
0 554.8 624.284 300 93
0 554.8 624.378 300 93
0 554.8 624.472 300 93
0 554.8 624.577 300 93
0 554.8 624.691 300 93
0 554.8 624.831 300 93
0 554.8 624.979 300 93
0 554.8 625.162 300 93
0 554.8 625.291 300 93
0 554.8 625.483 300 93
0 554.8 625.656 300 93
0 554.8 625.786 300 93
0 554.8 625.925 300 93
0 554.8 626.065 300 93
0 554.8 626.208 300 93
0 554.8 626.341 300 93
0 554.8 626.492 300 93
0 554.8 626.623 300 93
0 554.8 626.767 300 93
0 554.8 626.902 300 93
0 554.8 627.082 300 93
0 554.8 627.269 300 93
0 554.8 627.395 300 93
0 554.8 627.585 300 93
0 554.8 627.727 300 93
0 554.8 627.866 300 93
0 554.8 628.104 300 93
0 554.8 628.219 300 93
0 554.8 628.35 300 93
0 554.8 628.49 300 93
0 554.8 628.678 300 93
0 554.8 628.806 300 93
0 554.8 629.046 300 93
0 554.8 629.408 300 93
0 554.8 629.542 300 93
0 554.8 629.667 300 93
0 554.8 629.792 300 93
0 554.8 629.936 300 93
0 554.8 630.132 300 93
0 554.8 630.277 300 93
0 554.8 630.461 300 93
0 554.8 630.602 300 93
0 554.8 630.731 300 93
0 554.8 630.956 300 93
0 554.8 631.089 300 93
0 554.8 631.216 300 93
0 554.8 631.433 300 93
0 554.8 631.566 300 93
0 554.8 631.7 300 93
0 554.8 631.837 300 93
0 554.8 631.988 300 93
0 554.8 632.132 300 93
0 554.8 632.317 300 93
0 554.8 632.456 300 93
0 554.8 632.773 300 93
0 554.8 632.895 300 93
0 554.8 633.031 300 93
0 554.8 633.161 300 93
0 554.8 633.306 300 93
0 554.8 633.449 300 93
0 554.8 633.632 300 93
0 554.8 633.853 300 93
0 554.8 633.967 300 93
0 554.8 634.088 300 93
0 554.8 634.226 300 93
0 554.8 634.414 300 93
0 554.8 634.551 300 93
0 554.8 634.676 300 93
0 554.8 634.795 300 93
0 554.8 634.933 300 93
0 554.8 635.069 300 93
0 554.8 635.25 300 93
0 554.8 635.43 300 93
0 554.8 635.653 300 93
0 554.8 635.781 300 93
0 554.8 635.897 300 93
0 554.8 636.073 300 93
0 554.8 636.233 300 93
0 554.8 636.429 300 93
0 554.8 636.616 300 93
0 554.8 636.771 300 93
0 554.8 636.987 300 93
0 554.8 637.123 300 93
0 554.8 637.276 300 93
0 554.8 637.413 300 93
0 554.8 637.556 300 93
0 554.8 637.686 300 93
0 554.8 637.852 300 93
0 554.8 637.994 300 93
0 554.8 638.137 300 93
0 554.8 638.359 300 93
0 554.8 638.515 300 93
0 554.8 638.668 300 93
0 554.8 638.782 300 93
0 554.8 638.923 300 93
0 554.8 639.057 300 93
0 554.8 639.181 300 93
0 554.8 639.308 300 93
0 554.8 639.464 300 93
0 554.8 639.601 300 93
0 554.8 639.735 300 93
0 554.8 639.906 300 93
0 554.8 640.03 300 93
0 554.8 640.163 300 93
0 554.8 640.29 300 93
0 554.8 640.49 300 93
0 554.8 640.615 300 93
0 554.8 640.755 300 93
0 554.8 640.897 300 93
0 554.8 641.027 300 93
0 554.8 641.159 300 93
0 554.8 641.292 300 93
0 554.8 641.417 300 93
0 554.8 641.554 300 93
0 554.8 641.693 300 93
0 554.8 641.818 300 93
0 554.8 641.944 300 93
0 554.8 642.07 300 93
0 554.8 642.278 300 93
0 554.8 642.418 300 93
0 554.8 642.637 300 93
0 554.8 642.87 300 93
0 554.8 643.016 300 93
0 554.8 643.155 300 93
0 554.8 643.293 300 93
0 554.8 643.427 300 93
0 554.8 643.593 300 93
0 554.8 643.718 300 93
0 554.8 643.841 300 93
0 554.8 643.926 300 93
0 554.8 644.063 300 93
0 554.8 644.189 300 93
0 554.8 644.295 300 93
0 554.8 644.417 300 93
0 554.8 644.532 300 93
0 554.8 644.718 300 93
0 554.8 644.965 300 93
0 554.8 645.092 300 93
0 554.8 645.234 300 93
0 554.8 645.358 300 93
0 554.8 645.487 300 93
0 554.8 645.617 300 93
0 554.8 645.789 300 93
0 554.8 645.908 300 93
0 554.8 646.148 300 93
0 554.8 646.319 300 93
0 554.8 646.459 300 93
0 554.8 646.578 300 93
0 554.8 646.709 300 93
0 554.8 646.854 300 93
0 554.8 646.99 300 93
0 554.8 647.138 300 93
0 554.8 647.265 300 93
0 554.8 647.378 300 93
0 554.8 647.496 300 93
0 554.8 647.579 300 93
0 554.8 647.72 300 93
0 554.8 647.845 300 93
0 554.8 648.009 300 93
0 554.8 648.139 300 93
0 554.8 648.263 300 93
0 554.8 648.405 300 93
0 554.8 648.498 300 93
0 554.8 648.682 300 93
0 554.8 648.863 300 93
0 554.8 649.036 300 93
0 554.8 649.284 300 93
0 554.8 649.411 300 93
0 554.8 649.574 300 93
0 554.8 649.719 300 93
0 554.8 649.837 300 93
0 554.8 649.981 300 93
0 554.8 650.12 300 93
0 554.8 650.252 300 93
0 554.8 650.376 300 93
0 554.8 650.513 300 93
0 554.8 650.713 300 93
0 554.8 650.833 300 93
0 554.8 650.965 300 93
0 554.8 651.086 300 93
0 554.8 651.217 300 93
0 554.8 651.348 300 93
0 554.8 651.489 300 93
0 554.8 651.69 300 93
0 554.8 651.817 300 93
0 554.8 651.945 300 93
0 554.8 652.133 300 93
0 554.8 652.266 300 93
0 554.8 652.391 300 93
0 554.8 652.513 300 93
0 554.8 652.645 300 93
0 554.8 652.742 300 93
0 554.8 652.852 300 93
0 554.8 653.014 300 93
0 554.8 653.155 300 93
0 554.8 653.274 300 93
0 554.8 653.407 300 93
0 554.8 653.522 300 93
0 554.8 653.638 300 93
0 554.8 653.766 300 93
0 554.8 653.93 300 93
0 554.8 654.053 300 93
0 554.8 654.166 300 93
0 554.8 654.305 300 93
0 554.8 654.443 300 93
0 554.8 654.568 300 93
0 554.8 654.695 300 93
0 554.8 654.912 300 93
0 554.8 655.046 300 93
0 554.8 655.268 300 93
0 554.8 655.462 300 93
0 554.8 655.605 300 93
0 554.8 655.741 300 93
0 554.8 655.922 300 93
0 554.8 656.059 300 93
0 554.8 656.237 300 93
0 554.8 656.352 300 93
0 554.8 656.478 300 93
0 554.8 656.646 300 93
0 554.8 656.762 300 93
0 554.8 656.895 300 93
0 554.8 657.023 300 93
0 554.8 657.153 300 93
0 554.8 657.278 300 93
0 554.8 657.413 300 93
0 554.8 657.552 300 93
0 554.8 657.78 300 93
0 554.8 657.941 300 93
0 554.8 658.178 300 93
0 554.8 658.31 300 93
0 554.8 658.481 300 93
0 554.8 658.664 300 93
0 554.8 658.748 300 93
0 554.8 658.91 300 93
0 554.8 659.046 300 93
0 554.8 659.208 300 93
0 554.8 659.335 300 93
0 554.8 659.454 300 93
0 554.8 659.613 300 93
0 554.8 659.815 300 93
0 554.8 659.944 300 93
0 554.8 660.079 300 93
0 554.8 660.196 300 93
0 554.8 660.387 300 93
0 554.8 660.522 300 93
0 554.8 660.739 300 93
0 554.8 660.906 300 93
0 554.8 661.051 300 93
0 554.8 661.187 300 93
0 554.8 661.301 300 93
0 554.8 661.423 300 93
0 554.8 661.589 300 93
0 554.8 661.786 300 93
0 554.8 661.908 300 93
0 554.8 662.047 300 93
0 554.8 662.186 300 93
0 554.8 662.312 300 93
0 554.8 662.543 300 93
0 554.8 662.682 300 93
0 554.8 662.801 300 93
0 554.8 662.878 300 93
0 554.8 662.983 300 93
0 554.8 663.086 300 93
0 554.8 663.209 300 93
0 554.8 663.4 300 93
0 554.8 663.571 300 93
0 554.8 663.693 300 93
0 554.8 663.82 300 93
0 554.8 663.946 300 93
0 554.8 664.061 300 93
0 554.8 664.181 300 93
0 554.8 664.325 300 93
0 554.8 664.446 300 93
0 554.8 664.667 300 93
0 554.8 664.845 300 93
0 554.8 664.962 300 93
0 554.8 665.091 300 93
0 554.8 665.207 300 93
0 554.8 665.34 300 93
0 554.8 665.429 300 93
0 554.8 665.58 300 93
0 554.8 665.716 300 93
0 554.8 665.837 300 93
0 554.8 666.029 300 93
0 554.8 666.162 300 93
0 554.8 666.289 300 93
0 554.8 666.419 300 93
0 554.8 666.547 300 93
0 554.8 666.727 300 93
0 554.8 666.943 300 93
0 554.8 667.073 300 93
0 554.8 667.188 300 93
0 554.8 667.328 300 93
0 554.8 667.542 300 93
0 554.8 667.708 300 93
0 554.8 667.882 300 93
0 554.8 668.007 300 93
0 554.8 668.134 300 93
0 554.8 668.255 300 93
0 554.8 668.387 300 93
0 554.8 668.513 300 93
0 554.8 668.731 300 93
0 554.8 668.884 300 93
0 554.8 669.063 300 93
0 554.8 669.194 300 93
0 554.8 669.349 300 93
0 554.8 669.488 300 93
0 554.8 669.615 300 93
0 554.8 669.759 300 93
0 554.8 669.931 300 93
0 554.8 670.049 300 93
0 554.8 670.212 300 93
0 554.8 670.338 300 93
0 554.8 670.513 300 93
0 554.8 670.638 300 93
0 554.8 670.78 300 93
0 554.8 670.914 300 93
0 554.8 671.148 300 93
0 554.8 671.277 300 93
0 554.8 671.486 300 93
0 554.8 671.706 300 93
0 554.8 671.823 300 93
0 554.8 671.969 300 93
0 554.8 672.175 300 93
0 554.8 672.385 300 93
0 554.8 672.509 300 93
0 554.8 672.683 300 93
0 554.8 672.939 300 93
0 554.8 673.054 300 93
0 554.8 673.181 300 93
0 554.8 673.303 300 93
0 554.8 673.445 300 93
0 554.8 673.656 300 93
0 554.8 673.825 300 93
0 554.8 673.956 300 93
0 554.8 674.083 300 93
0 554.8 674.22 300 93
0 554.8 674.351 300 93
0 554.8 674.516 300 93
0 554.8 674.652 300 93
0 554.8 674.761 300 93
0 554.8 674.85 300 93
0 554.8 675.024 300 93
0 554.8 675.152 300 93
0 554.8 675.272 300 93
0 554.8 675.427 300 93
0 554.8 675.571 300 93
0 554.8 675.736 300 93
0 554.8 675.827 300 93
0 554.8 675.953 300 93
0 554.8 676.075 300 93
0 554.8 676.205 300 93
0 554.8 676.391 300 93
0 554.8 676.543 300 93
0 554.8 676.665 300 93
0 554.8 676.794 300 93
0 554.8 676.888 300 93
0 554.8 677.044 300 93
0 554.8 677.283 300 93
0 554.8 677.424 300 93
0 554.8 677.517 300 93
0 554.8 677.635 300 93
0 554.8 677.846 300 93
0 554.8 678.078 300 93
0 554.8 678.303 300 93
0 554.8 678.432 300 93
0 554.8 678.513 300 93
0 554.8 678.692 300 93
0 554.8 678.827 300 93
0 554.8 678.951 300 93
0 554.8 679.087 300 93
0 554.8 679.233 300 93
0 554.8 679.358 300 93
0 554.8 679.531 300 93
0 554.8 679.779 300 93
0 554.8 679.916 300 93
0 554.8 680.031 300 93
0 554.8 680.171 300 93
0 554.8 680.296 300 93
0 554.8 680.411 300 93
0 554.8 680.582 300 93
0 554.8 680.728 300 93
0 554.8 680.865 300 93
0 554.8 681.048 300 93
0 554.8 681.182 300 93
0 554.8 681.347 300 93
0 554.8 681.46 300 93
0 554.8 681.595 300 93
0 554.8 681.726 300 93
0 554.8 681.86 300 93
0 554.8 681.977 300 93
0 554.8 682.093 300 93
0 554.8 682.214 300 93
0 554.8 682.353 300 93
0 554.8 682.502 300 93
0 554.8 682.708 300 93
0 554.8 682.829 300 93
0 554.8 682.952 300 93
0 554.8 683.08 300 93
0 554.8 683.208 300 93
0 554.8 683.335 300 93
0 554.8 683.453 300 93
0 554.8 683.625 300 93
0 554.8 683.761 300 93
0 554.8 683.893 300 93
0 554.8 684.037 300 93
0 554.8 684.17 300 93
0 554.8 684.305 300 93
0 554.8 684.55 300 93
0 554.8 684.682 300 93
0 554.8 684.902 300 93
0 554.8 685.032 300 93
0 554.8 685.156 300 93
0 554.8 685.282 300 93
0 554.8 685.434 300 93
0 554.8 685.566 300 93
0 554.8 685.645 300 93
0 554.8 685.739 300 93
0 554.8 685.873 300 93
0 554.8 686.005 300 93
0 554.8 686.229 300 93
0 554.8 686.345 300 93
0 554.8 686.466 300 93
0 554.8 686.588 300 93
0 554.8 686.715 300 93
0 554.8 686.862 300 93
0 554.8 687.005 300 93
0 554.8 687.216 300 93
0 554.8 687.353 300 93
0 554.8 687.472 300 93
0 554.8 687.705 300 93
0 554.8 687.82 300 93
0 554.8 687.945 300 93
0 554.8 688.026 300 93
0 554.8 688.145 300 93
0 554.8 688.281 300 93
0 554.8 688.416 300 93
0 554.8 688.581 300 93
0 554.8 688.692 300 93
0 554.8 688.811 300 93
0 554.8 689.008 300 93
0 554.8 689.107 300 93
0 554.8 689.232 300 93
0 554.8 689.36 300 93
0 554.8 689.488 300 93
0 554.8 689.62 300 93
0 554.8 689.743 300 93
0 554.8 689.876 300 93
0 554.8 690.007 300 93
0 554.8 690.141 300 93
0 554.8 690.234 300 93
0 554.8 690.32 300 93
0 554.8 690.409 300 93
0 554.8 690.61 300 93
0 554.8 690.692 300 93
0 554.8 690.864 300 93
0 554.8 691.067 300 93
0 554.8 691.219 300 93
0 554.8 691.365 300 93
0 554.8 691.488 300 93
0 554.8 691.595 300 93
0 554.8 691.74 300 93
0 554.8 691.875 300 93
0 554.8 692.065 300 93
0 554.8 692.261 300 93
0 554.8 692.397 300 93
0 554.8 692.506 300 93
0 554.8 692.633 300 93
0 554.8 692.713 300 93
0 554.8 692.858 300 93
0 554.8 692.992 300 93
0 554.8 693.142 300 93
0 554.8 693.267 300 93
0 554.8 693.434 300 93
0 554.8 693.574 300 93
0 554.8 693.705 300 93
0 554.8 693.849 300 93
0 554.8 693.971 300 93
0 554.8 694.115 300 93
0 554.8 694.258 300 93
0 554.8 694.394 300 93
0 554.8 694.512 300 93
0 554.8 694.623 300 93
0 554.8 694.748 300 93
0 554.8 694.883 300 93
0 554.8 695.01 300 93
0 554.8 695.131 300 93
0 554.8 695.281 300 93
0 554.8 695.455 300 93
0 554.8 695.626 300 93
0 554.8 695.77 300 93
0 554.8 695.89 300 93
0 554.8 696.025 300 93
0 554.8 696.157 300 93
0 554.8 696.279 300 93
0 554.8 696.402 300 93
0 554.8 696.535 300 93
0 554.8 696.652 300 93
0 554.8 696.871 300 93
0 554.8 696.957 300 93
0 554.8 697.067 300 93
0 554.8 697.186 300 93
0 554.8 697.303 300 93
0 554.8 697.44 300 93
0 554.8 697.587 300 93
0 554.8 697.722 300 93
0 554.8 697.803 300 93
0 554.8 697.932 300 93
0 554.8 698.056 300 93
0 554.8 698.187 300 93
0 554.8 698.319 300 93
0 554.8 698.444 300 93
0 554.8 698.578 300 93
0 554.8 698.706 300 93
0 554.8 698.862 300 93
0 554.8 698.988 300 93
0 554.8 699.126 300 93
0 554.8 699.242 300 93
0 554.8 699.363 300 93
0 554.8 699.539 300 93
0 554.8 699.732 300 93
0 554.8 699.859 300 93
0 554.8 699.984 300 93
0 554.8 700.111 300 93
0 554.8 700.245 300 93
0 554.8 700.421 300 93
0 554.8 700.547 300 93
0 554.8 700.669 300 93
0 554.8 700.804 300 93
0 554.8 700.974 300 93
0 554.8 701.107 300 93
0 554.8 701.222 300 93
0 554.8 701.349 300 93
0 554.8 701.481 300 93
0 554.8 701.61 300 93
0 554.8 701.733 300 93
0 554.8 701.934 300 93
0 554.8 702.182 300 93
0 554.8 702.306 300 93
0 554.8 702.419 300 93
0 554.8 702.54 300 93
0 554.8 702.666 300 93
0 554.8 702.897 300 93
0 554.8 703.092 300 93
0 554.8 703.236 300 93
0 554.8 703.415 300 93
0 554.8 703.553 300 93
0 554.8 703.687 300 93
0 554.8 703.808 300 93
0 554.8 703.908 300 93
0 554.8 704.155 300 93
0 554.8 704.271 300 93
0 554.8 704.404 300 93
0 554.8 704.518 300 93
0 554.8 704.659 300 93
0 554.8 704.785 300 93
0 554.8 704.874 300 93
0 554.8 705.038 300 93
0 554.8 705.162 300 93
0 554.8 705.372 300 93
0 554.8 705.51 300 93
0 554.8 705.636 300 93
0 554.8 705.744 300 93
0 554.8 705.891 300 93
0 554.8 706.016 300 93
0 554.8 706.198 300 93
0 554.8 706.323 300 93
0 554.8 706.449 300 93
0 554.8 706.539 300 93
0 554.8 706.688 300 93
0 554.8 706.816 300 93
0 554.8 706.99 300 93
0 554.8 707.169 300 93
0 554.8 707.305 300 93
0 554.8 707.478 300 93
0 554.8 707.605 300 93
0 554.8 707.758 300 93
0 554.8 707.89 300 93
0 554.8 708.054 300 93
0 554.8 708.201 300 93
0 554.8 708.402 300 93
0 554.8 708.531 300 93
0 554.8 708.66 300 93
0 554.8 708.793 300 93
0 554.8 709.071 300 93
0 554.8 709.204 300 93
0 554.8 709.335 300 93
0 554.8 709.47 300 93
0 554.8 709.593 300 93
0 554.8 709.71 300 93
0 554.8 709.878 300 93
0 554.8 710.004 300 93
0 554.8 710.119 300 93
0 554.8 710.239 300 93
0 554.8 710.378 300 93
0 554.8 710.507 300 93
0 554.8 710.683 300 93
0 554.8 710.816 300 93
0 554.8 710.945 300 93
0 554.8 711.104 300 93
0 554.8 711.242 300 93
0 554.8 711.371 300 93
0 554.8 711.612 300 93
0 554.8 711.782 300 93
0 554.8 711.896 300 93
0 554.8 712.027 300 93
0 554.8 712.233 300 93
0 554.8 712.352 300 93
0 554.8 712.469 300 93
0 554.8 712.616 300 93
0 554.8 712.783 300 93
0 554.8 713.02 300 93
0 554.8 713.15 300 93
0 554.8 713.283 300 93
0 554.8 713.433 300 93
0 554.8 713.608 300 93
0 554.8 713.761 300 93
0 554.8 713.903 300 93
0 554.8 713.992 300 93
0 554.8 714.197 300 93
0 554.8 714.412 300 93
0 554.8 714.646 300 93
0 554.8 714.784 300 93
0 554.8 714.904 300 93
0 554.8 715.094 300 93
0 554.8 715.216 300 93
0 554.8 715.301 300 93
0 554.8 715.441 300 93
0 554.8 715.579 300 93
0 554.8 715.71 300 93
0 554.8 715.846 300 93
0 554.8 716.035 300 93
0 554.8 716.229 300 93
0 554.8 716.365 300 93
0 554.8 716.555 300 93
0 554.8 716.643 300 93
0 554.8 716.867 300 93
0 554.8 716.99 300 93
0 554.8 717.155 300 93
0 554.8 717.28 300 93
0 554.8 717.371 300 93
0 554.8 717.52 300 93
0 554.8 717.659 300 93
0 554.8 717.907 300 93
0 554.8 718.052 300 93
0 554.8 718.195 300 93
0 554.8 718.331 300 93
0 554.8 718.543 300 93
0 554.8 718.663 300 93
0 554.8 718.847 300 93
0 554.8 718.955 300 93
0 554.8 719.066 300 93
0 554.8 719.21 300 93
0 554.8 719.343 300 93
0 554.8 719.472 300 93
0 554.8 719.687 300 93
0 554.8 719.822 300 93
0 554.8 719.968 300 93
0 554.8 720.135 300 93
0 554.8 720.261 300 93
0 554.8 720.417 300 93
0 554.8 720.511 300 93
0 554.8 720.574 300 93
0 554.8 720.671 300 93
0 554.8 720.761 300 93
0 554.8 720.851 300 93
0 554.8 721.005 300 93
0 554.8 721.1 300 93
0 554.8 721.228 300 93
0 554.8 721.323 300 93
0 554.8 721.445 300 93
0 554.8 721.556 300 93
0 554.8 721.736 300 93
0 554.8 721.907 300 93
0 554.8 722.038 300 93
0 554.8 722.297 300 93
0 554.8 722.419 300 93
0 554.8 722.559 300 93
0 554.8 722.688 300 93
0 554.8 722.818 300 93
0 554.8 722.987 300 93
0 554.8 723.213 300 93
0 554.8 723.362 300 93
0 554.8 723.49 300 93
0 554.8 723.631 300 93
0 554.8 723.798 300 93
0 554.8 723.92 300 93
0 554.8 724.105 300 93
0 554.8 724.248 300 93
0 554.8 724.378 300 93
0 554.8 724.52 300 93
0 554.8 724.62 300 93
0 554.8 724.759 300 93
0 554.8 724.927 300 93
0 554.8 725.058 300 93
0 554.8 725.217 300 93
0 554.8 725.447 300 93
0 554.8 725.57 300 93
0 554.8 725.706 300 93
0 554.8 725.884 300 93
0 554.8 726.049 300 93
0 554.8 726.173 300 93
0 554.8 726.341 300 93
0 554.8 726.45 300 93
0 554.8 726.585 300 93
0 554.8 726.799 300 93
0 554.8 726.934 300 93
0 554.8 727.163 300 93
0 554.8 727.305 300 93
0 554.8 727.45 300 93
0 554.8 727.587 300 93
0 554.8 727.72 300 93
0 554.8 727.854 300 93
0 554.8 727.982 300 93
0 554.8 728.158 300 93
0 554.8 728.332 300 93
0 554.8 728.513 300 93
0 554.8 728.774 300 93
0 554.8 728.908 300 93
0 554.8 729.041 300 93
0 554.8 729.18 300 93
0 554.8 729.388 300 93
0 554.8 729.528 300 93
0 554.8 729.696 300 93
0 554.8 729.843 300 93
0 554.8 730.042 300 93
0 554.8 730.175 300 93
0 554.8 730.334 300 93
0 554.8 730.468 300 93
0 554.8 730.651 300 93
0 554.8 730.774 300 93
0 554.8 730.95 300 93
0 554.8 731.119 300 93
0 554.8 731.245 300 93
0 554.8 731.38 300 93
0 554.8 731.58 300 93
0 554.8 731.694 300 93
0 554.8 731.893 300 93
0 554.8 732.019 300 93
0 554.8 732.147 300 93
0 554.8 732.271 300 93
0 554.8 732.41 300 93
0 554.8 732.634 300 93
0 554.8 732.757 300 93
0 554.8 732.88 300 93
0 554.8 733.008 300 93
0 554.8 733.161 300 93
0 554.8 733.28 300 93
0 554.8 733.467 300 93
0 554.8 733.6 300 93
0 554.8 733.733 300 93
0 554.8 733.858 300 93
0 554.8 733.993 300 93
0 554.8 734.121 300 93
0 554.8 734.302 300 93
0 554.8 734.479 300 93
0 554.8 734.625 300 93
0 554.8 734.761 300 93
0 554.8 734.944 300 93
0 554.8 735.106 300 93
0 554.8 735.239 300 93
0 554.8 735.397 300 93
0 554.8 735.536 300 93
0 554.8 735.671 300 93
0 554.8 735.858 300 93
0 554.8 735.996 300 93
0 554.8 736.165 300 93
0 554.8 736.302 300 93
0 554.8 736.449 300 93
0 554.8 736.623 300 93
0 554.8 736.817 300 93
0 554.8 737.058 300 93
0 554.8 737.187 300 93
0 554.8 737.408 300 93
0 554.8 737.604 300 93
0 554.8 737.796 300 93
0 554.8 737.935 300 93
0 554.8 738.072 300 93
0 554.8 738.214 300 93
0 554.8 738.346 300 93
0 554.8 738.471 300 93
0 554.8 738.594 300 93
0 554.8 738.73 300 93
0 554.8 738.876 300 93
0 554.8 739.039 300 93
0 554.8 739.23 300 93
0 554.8 739.347 300 93
0 554.8 739.497 300 93
0 554.8 739.754 300 93
0 554.8 739.882 300 93
0 554.8 740.074 300 93
0 554.8 740.237 300 93
0 554.8 740.376 300 93
0 554.8 740.645 300 93
0 554.8 740.802 300 93
0 554.8 740.942 300 93
0 554.8 741.125 300 93
0 554.8 741.254 300 93
0 554.8 741.391 300 93
0 554.8 741.564 300 93
0 554.8 741.686 300 93
0 554.8 741.947 300 93
0 554.8 742.094 300 93
0 554.8 742.269 300 93
0 554.8 742.464 300 93
0 554.8 742.61 300 93
0 554.8 742.747 300 93
0 554.8 742.893 300 93
0 554.8 743.116 300 93
0 554.8 743.24 300 93
0 554.8 743.384 300 93
0 554.8 743.5 300 93
0 554.8 743.644 300 93
0 554.8 743.788 300 93
0 554.8 743.908 300 93
0 554.8 743.981 300 93
0 554.8 744.209 300 93
0 554.8 744.426 300 93
0 554.8 744.54 300 93
0 554.8 744.673 300 93
0 554.8 744.799 300 93
0 554.8 744.931 300 93
0 554.8 745.058 300 93
0 554.8 745.191 300 93
0 554.8 745.32 300 93
0 554.8 745.459 300 93
0 554.8 745.599 300 93
0 554.8 745.727 300 93
0 554.8 745.857 300 93
0 554.8 746.063 300 93
0 554.8 746.343 300 93
0 554.8 746.498 300 93
0 554.8 746.613 300 93
0 554.8 746.756 300 93
0 554.8 746.931 300 93
0 554.8 747.066 300 93
0 554.8 747.192 300 93
0 554.8 747.373 300 93
0 554.8 747.5 300 93
0 554.8 747.693 300 93
0 554.8 747.788 300 93
0 554.8 748.02 300 93
0 554.8 748.168 300 93
0 554.8 748.311 300 93
0 554.8 748.529 300 93
0 554.8 748.653 300 93
0 554.8 748.827 300 93
0 554.8 748.951 300 93
0 554.8 749.076 300 93
0 554.8 749.256 300 93
0 554.8 749.381 300 93
0 554.8 749.59 300 93
0 554.8 749.735 300 93
0 554.8 749.858 300 93
0 554.8 749.995 300 93
0 554.8 750.127 300 93
0 554.8 750.248 300 93
0 554.8 750.429 300 93
0 554.8 750.561 300 93
0 554.8 750.733 300 93
0 554.8 750.829 300 93
0 554.8 750.953 300 93
0 554.8 751.154 300 93
0 554.8 751.401 300 93
0 554.8 751.548 300 93
0 554.8 751.684 300 93
0 554.8 751.808 300 93
0 554.8 751.955 300 93
0 554.8 752.086 300 93
0 554.8 752.214 300 93
0 554.8 752.324 300 93
0 554.8 752.451 300 93
0 554.8 752.585 300 93
0 554.8 752.748 300 93
0 554.8 752.896 300 93
0 554.8 753.042 300 93
0 554.8 753.223 300 93
0 554.8 753.328 300 93
0 554.8 753.412 300 93
0 554.8 753.539 300 93
0 554.8 753.662 300 93
0 554.8 753.754 300 93
0 554.8 753.871 300 93
0 554.8 753.969 300 93
0 554.8 754.081 300 93
0 554.8 754.173 300 93
0 554.8 754.268 300 93
0 554.8 754.36 300 93
0 554.8 754.456 300 93
0 554.8 754.576 300 93
0 554.8 754.717 300 93
0 554.8 754.843 300 93
0 554.8 754.928 300 93
0 554.8 755.041 300 93
0 554.8 755.169 300 93
0 554.8 755.383 300 93
0 554.8 755.526 300 93
0 554.8 755.645 300 93
0 554.8 755.824 300 93
0 554.8 755.956 300 93
0 554.8 756.097 300 93
0 554.8 756.26 300 93
0 554.8 756.443 300 93
0 554.8 756.555 300 93
0 554.8 756.683 300 93
0 554.8 756.868 300 93
0 554.8 757.001 300 93
0 554.8 757.149 300 93
0 554.8 757.312 300 93
0 554.8 757.449 300 93
0 554.8 757.578 300 93
0 554.8 757.707 300 93
0 554.8 757.83 300 93
0 554.8 757.974 300 93
0 554.8 758.19 300 93
0 554.8 758.315 300 93
0 554.8 758.443 300 93
0 554.8 758.579 300 93
0 554.8 758.716 300 93
0 554.8 758.931 300 93
0 554.8 759.096 300 93
0 554.8 759.227 300 93
0 554.8 759.527 300 93
0 554.8 759.713 300 93
0 554.8 759.904 300 93
0 554.8 760.042 300 93
0 554.8 760.163 300 93
0 554.8 760.278 300 93
0 554.8 760.486 300 93
0 554.8 760.594 300 93
0 554.8 760.685 300 93
0 554.8 760.918 300 93
0 554.8 761.099 300 93
0 554.8 761.293 300 93
0 554.8 761.426 300 93
0 554.8 761.561 300 93
0 554.8 761.681 300 93
0 554.8 761.928 300 93
0 554.8 762.127 300 93
0 554.8 762.276 300 93
0 554.8 762.434 300 93
0 554.8 762.566 300 93
0 554.8 762.737 300 93
0 554.8 762.878 300 93
0 554.8 763.082 300 93
0 554.8 763.168 300 93
0 554.8 763.347 300 93
0 554.8 763.513 300 93
0 554.8 763.651 300 93
0 554.8 763.78 300 93
0 554.8 763.95 300 93
0 554.8 764.026 300 93
0 554.8 764.229 300 93
0 554.8 764.429 300 93
0 554.8 764.568 300 93
0 554.8 764.73 300 93
0 554.8 764.862 300 93
0 554.8 764.942 300 93
0 554.8 765.085 300 93
0 554.8 765.205 300 93
0 554.8 765.359 300 93
0 554.8 765.493 300 93
0 554.8 765.687 300 93
0 554.8 765.814 300 93
0 554.8 765.971 300 93
0 554.8 766.098 300 93
0 554.8 766.228 300 93
0 554.8 766.395 300 93
0 554.8 766.48 300 93
0 554.8 766.598 300 93
0 554.8 766.717 300 93
0 554.8 766.857 300 93
0 554.8 767.016 300 93
0 554.8 767.169 300 93
0 554.8 767.318 300 93
0 554.8 767.436 300 93
0 554.8 767.617 300 93
0 554.8 767.757 300 93
0 554.8 767.9 300 93
0 554.8 768.02 300 93
0 554.8 768.147 300 93
0 554.8 768.311 300 93
0 554.8 768.43 300 93
0 554.8 768.56 300 93
0 554.8 768.701 300 93
0 554.8 768.877 300 93
0 554.8 769.028 300 93
0 554.8 769.27 300 93
0 554.8 769.388 300 93
0 554.8 769.522 300 93
0 554.8 769.649 300 93
0 554.8 769.795 300 93
0 554.8 769.944 300 93
0 554.8 770.042 300 93
0 554.8 770.172 300 93
0 554.8 770.292 300 93
0 554.8 770.403 300 93
0 554.8 770.542 300 93
0 554.8 770.807 300 93
0 554.8 770.978 300 93
0 554.8 771.196 300 93
0 554.8 771.322 300 93
0 554.8 771.473 300 93
0 554.8 771.623 300 93
0 554.8 771.772 300 93
0 554.8 771.894 300 93
0 554.8 772.069 300 93
0 554.8 772.202 300 93
0 554.8 772.351 300 93
0 554.8 772.489 300 93
0 554.8 772.614 300 93
0 554.8 772.779 300 93
0 554.8 772.897 300 93
0 554.8 773.033 300 93
0 554.8 773.212 300 93
0 554.8 773.365 300 93
0 554.8 773.492 300 93
0 554.8 773.639 300 93
0 554.8 773.775 300 93
0 554.8 773.9 300 93
0 554.8 774.072 300 93
0 554.8 774.202 300 93
0 554.8 774.35 300 93
0 554.8 774.529 300 93
0 554.8 774.675 300 93
0 554.8 774.891 300 93
0 554.8 775.023 300 93
0 554.8 775.116 300 93
0 554.8 775.257 300 93
0 554.8 775.443 300 93
0 554.8 775.603 300 93
0 554.8 775.78 300 93
0 554.8 775.951 300 93
0 554.8 776.075 300 93
0 554.8 776.24 300 93
0 554.8 776.363 300 93
0 554.8 776.493 300 93
0 554.8 776.621 300 93
0 554.8 776.754 300 93
0 554.8 776.885 300 93
0 554.8 777.068 300 93
0 554.8 777.202 300 93
0 554.8 777.347 300 93
0 554.8 777.451 300 93
0 554.8 777.619 300 93
0 554.8 777.713 300 93
0 554.8 777.873 300 93
0 554.8 778.014 300 93
0 554.8 778.129 300 93
0 554.8 778.265 300 93
0 554.8 778.397 300 93
0 554.8 778.522 300 93
0 554.8 778.839 300 93
0 554.8 778.957 300 93
0 554.8 779.121 300 93
0 554.8 779.256 300 93
0 554.8 779.39 300 93
0 554.8 779.519 300 93
0 554.8 779.647 300 93
0 554.8 779.778 300 93
0 554.8 779.903 300 93
0 554.8 780.051 300 93
0 554.8 780.194 300 93
0 554.8 780.337 300 93
0 554.8 780.482 300 93
0 554.8 780.625 300 93
0 554.8 780.768 300 93
0 554.8 781.017 300 93
0 554.8 781.143 300 93
0 554.8 781.28 300 93
0 554.8 781.604 300 93
0 554.8 781.727 300 93
0 554.8 781.865 300 93
0 554.8 781.998 300 93
0 554.8 782.132 300 93
0 554.8 782.244 300 93
0 554.8 782.443 300 93
0 554.8 782.576 300 93
0 554.8 782.852 300 93
0 554.8 782.985 300 93
0 554.8 783.113 300 93
0 554.8 783.244 300 93
0 554.8 783.328 300 93
0 554.8 783.459 300 93
0 554.8 783.601 300 93
0 554.8 783.763 300 93
0 554.8 783.903 300 93
0 554.8 784.025 300 93
0 554.8 784.155 300 93
0 554.8 784.332 300 93
0 554.8 784.515 300 93
0 554.8 784.639 300 93
0 554.8 784.779 300 93
0 554.8 784.903 300 93
0 554.8 785.042 300 93
0 554.8 785.13 300 93
0 554.8 785.26 300 93
0 554.8 785.387 300 93
0 554.8 785.519 300 93
0 554.8 785.652 300 93
0 554.8 785.772 300 93
0 554.8 785.91 300 93
0 554.8 786.084 300 93
0 554.8 786.221 300 93
0 554.8 786.356 300 93
0 554.8 786.495 300 93
0 554.8 786.626 300 93
0 554.8 786.752 300 93
0 554.8 786.85 300 93
0 554.8 787.016 300 93
0 554.8 787.153 300 93
0 554.8 787.282 300 93
0 554.8 787.443 300 93
0 554.8 787.62 300 93
0 554.8 787.74 300 93
0 554.8 787.936 300 93
0 554.8 788.075 300 93
0 554.8 788.214 300 93
0 554.8 788.335 300 93
0 554.8 788.449 300 93
0 554.8 788.653 300 93
0 554.8 788.875 300 93
0 554.8 789.012 300 93
0 554.8 789.132 300 93
0 554.8 789.312 300 93
0 554.8 789.438 300 93
0 554.8 789.571 300 93
0 554.8 789.787 300 93
0 554.8 789.946 300 93
0 554.8 790.069 300 93
0 554.8 790.197 300 93
0 554.8 790.324 300 93
0 554.8 790.462 300 93
0 554.8 790.587 300 93
0 554.8 790.774 300 93
0 554.8 790.908 300 93
0 554.8 791.041 300 93
0 554.8 791.202 300 93
0 554.8 791.329 300 93
0 554.8 791.446 300 93
0 554.8 791.573 300 93
0 554.8 791.701 300 93
0 554.8 791.813 300 93
0 554.8 791.945 300 93
0 554.8 792.077 300 93
0 554.8 792.221 300 93
0 554.8 792.453 300 93
0 554.8 792.589 300 93
0 554.8 792.724 300 93
0 554.8 792.859 300 93
0 554.8 792.989 300 93
0 554.8 793.125 300 93
0 554.8 793.265 300 93
0 554.8 793.473 300 93
0 554.8 793.58 300 93
0 554.8 793.796 300 93
0 554.8 793.926 300 93
0 554.8 794.091 300 93
0 554.8 794.231 300 93
0 554.8 794.314 300 93
0 554.8 794.396 300 93
0 554.8 794.532 300 93
0 554.8 794.67 300 93
0 554.8 794.789 300 93
0 554.8 794.919 300 93
0 554.8 795.038 300 93
0 554.8 795.177 300 93
0 554.8 795.317 300 93
0 554.8 795.47 300 93
0 554.8 795.594 300 93
0 554.8 795.75 300 93
0 554.8 795.907 300 93
0 554.8 796.087 300 93
0 554.8 796.276 300 93
0 554.8 796.413 300 93
0 554.8 796.605 300 93
0 554.8 796.861 300 93
0 554.8 797.078 300 93
0 554.8 797.198 300 93
0 554.8 797.336 300 93
0 554.8 797.468 300 93
0 554.8 797.641 300 93
0 554.8 797.772 300 93
0 554.8 797.903 300 93
0 554.8 798.041 300 93
0 554.8 798.178 300 93
0 554.8 798.314 300 93
0 554.8 798.446 300 93
0 554.8 798.578 300 93
0 554.8 798.665 300 93
0 554.8 798.8 300 93
0 554.8 798.922 300 93
0 554.8 799.061 300 93
0 554.8 799.204 300 93
0 554.8 799.329 300 93
0 554.8 799.457 300 93
0 554.8 799.575 300 93
0 554.8 799.81 300 93
0 554.8 799.973 300 93
