0 773.2 0.016189 300 0
0 745.2 0.020623 1
0 672.4 0.024312 1
0 672.4 0.100982 300 89
0 661.2 0.110163 89
0 650 0.114599 89
0 650 0.172413 300 89
0 582.8 0.17882 89
0 582.8 0.247491 300 89
0 582.8 0.335089 300 89
0 582.8 0.412879 300 89
0 582.8 0.517211 300 89
0 582.8 0.60398 300 89
0 582.8 0.685781 300 89
0 582.8 0.755065 300 89
0 582.8 0.866199 300 89
0 582.8 0.945087 300 89
0 582.8 1.02824 300 89
0 582.8 1.10477 300 89
0 582.8 1.21426 300 89
0 582.8 1.29156 300 89
0 582.8 1.36577 300 89
0 582.8 1.47474 300 89
0 582.8 1.55526 300 89
0 582.8 1.62715 300 89
0 582.8 1.72714 300 89
0 582.8 1.81358 300 89
0 582.8 1.8942 300 89
0 582.8 1.97179 300 89
0 577.2 1.98329 89
0 577.2 2.06601 300 89
0 577.2 2.18872 300 89
0 577.2 2.27378 300 89
0 577.2 2.37688 300 89
0 577.2 2.49814 300 89
0 577.2 2.57088 300 89
0 577.2 2.64738 300 89
0 577.2 2.73028 300 89
0 577.2 2.83507 300 89
0 577.2 2.9168 300 89
0 577.2 2.98922 300 89
0 577.2 3.07493 300 89
0 577.2 3.21613 300 89
0 577.2 3.34407 300 89
0 577.2 3.43697 300 89
0 577.2 3.51239 300 89
0 577.2 3.6501 300 89
0 577.2 3.73178 300 89
0 577.2 3.79901 300 89
0 577.2 3.94089 300 89
0 577.2 4.0203 300 89
0 577.2 4.12667 300 89
0 577.2 4.26175 300 89
0 577.2 4.38953 300 89
0 577.2 4.49051 300 89
0 577.2 4.56714 300 89
0 577.2 4.6411 300 89
0 577.2 4.72089 300 89
0 577.2 4.80452 300 89
0 577.2 4.89342 300 89
0 577.2 4.97028 300 89
0 577.2 5.11803 300 89
0 577.2 5.20147 300 89
0 577.2 5.29004 300 89
0 577.2 5.37562 300 89
0 577.2 5.45597 300 89
0 566 5.4718 89
0 566 5.55361 300 89
0 566 5.64429 300 89
0 566 5.76915 300 89
0 566 5.84913 300 89
0 566 5.92929 300 89
0 566 6.03258 300 89
0 566 6.11545 300 89
0 566 6.20893 300 89
0 566 6.28827 300 89
0 566 6.37622 300 89
0 566 6.47135 300 89
0 566 6.56963 300 89
0 566 6.66347 300 89
0 566 6.75587 300 89
0 566 6.85323 300 89
0 566 6.95025 300 89
0 566 7.05628 300 89
0 566 7.16878 300 89
0 566 7.36756 300 89
0 566 7.53448 300 90
0 566 7.68222 300 90
0 566 7.83103 300 90
0 566 7.98208 300 90
0 566 8.11084 300 90
0 566 8.39258 300 90
0 566 8.54575 300 90
0 566 8.68124 300 90
0 566 8.83958 300 90
0 566 9.02076 300 90
0 566 9.19385 300 90
0 566 9.42292 300 90
0 566 9.55877 300 90
0 566 9.68691 300 90
0 566 9.8183 300 90
0 566 9.96376 300 90
0 566 10.1252 300 90
0 566 10.2434 300 90
0 566 10.3875 300 90
0 566 10.6998 300 90
0 566 10.8429 300 90
0 566 10.9858 300 90
0 566 11.3162 300 90
0 566 11.4279 300 90
0 566 11.5635 300 90
0 566 11.7149 300 90
0 566 11.8899 300 90
0 566 12.0346 300 90
0 566 12.1842 300 90
0 566 12.3414 300 90
0 566 12.5008 300 90
0 566 12.6322 300 91
0 566 12.8235 300 91
0 566 12.9689 300 91
0 566 13.0911 300 91
0 566 13.2201 300 91
0 566 13.3112 300 91
0 566 13.4836 300 91
0 566 13.6899 300 91
0 566 13.85 300 91
0 566 13.9963 300 91
0 566 14.1357 300 91
0 566 14.322 300 91
0 566 14.4761 300 91
0 566 14.6403 300 91
0 566 14.8085 300 91
0 566 14.981 300 91
0 566 15.0816 300 91
0 566 15.1881 300 91
0 566 15.3382 300 91
0 566 15.4974 300 91
0 566 15.6477 300 91
0 566 15.8816 300 91
0 566 16.0353 300 91
0 566 16.1827 300 91
0 566 16.3582 300 91
0 566 16.4957 300 91
0 566 16.6594 300 91
0 566 16.9519 300 91
0 566 17.1948 300 91
0 566 17.3553 300 91
0 566 17.5147 300 91
0 566 17.6709 300 91
0 566 17.8216 300 91
0 566 17.9843 300 91
0 566 18.1405 300 91
0 566 18.2999 300 91
0 566 18.5306 300 91
0 566 18.623 300 91
0 566 18.7716 300 91
0 566 18.9338 300 91
0 566 19.2828 300 91
0 566 19.4242 300 91
0 566 19.6301 300 91
0 566 19.8539 300 91
0 566 19.976 300 91
0 566 20.1234 300 91
0 566 20.3544 300 91
0 566 20.4982 300 91
0 566 20.7496 300 91
0 566 20.8945 300 91
0 566 21.1437 300 91
0 566 21.3147 300 91
0 566 21.4587 300 91
0 566 21.6156 300 91
0 566 21.7596 300 91
0 566 21.8993 300 91
0 566 22.0836 300 91
0 566 22.2158 300 91
0 566 22.3765 300 91
0 566 22.5692 300 91
0 566 22.8323 300 91
0 566 23.1239 300 91
0 566 23.2723 300 91
0 566 23.4351 300 91
0 566 23.5821 300 91
0 566 23.7268 300 91
0 566 23.9951 300 91
0 566 24.1299 300 91
0 566 24.224 300 91
0 566 24.374 300 91
0 566 24.5273 300 91
0 566 24.7356 300 91
0 566 24.8863 300 91
0 566 25.008 300 91
0 566 25.1697 300 91
0 566 25.3275 300 91
0 566 25.5417 300 91
0 566 25.6977 300 91
0 566 25.8482 300 91
0 566 25.9522 300 91
0 566 26.1481 300 91
0 566 26.302 300 91
0 566 26.4907 300 91
0 566 26.5925 300 91
0 566 26.7251 300 91
0 566 26.8506 300 91
0 566 27.0293 300 91
0 566 27.1799 300 91
0 566 27.4181 300 91
0 566 27.5853 300 91
0 566 27.7499 300 91
0 566 27.8877 300 91
0 566 28.0517 300 91
0 566 28.2044 300 91
0 566 28.3477 300 91
0 566 28.4401 300 91
0 566 28.5861 300 91
0 566 28.7274 300 91
0 566 28.9 300 91
0 566 29.0701 300 91
0 566 29.2741 300 91
0 566 29.426 300 91
0 566 29.5677 300 91
0 566 29.7285 300 91
0 566 29.9057 300 91
0 566 30.0494 300 91
0 566 30.1486 300 91
0 566 30.2967 300 91
0 566 30.4405 300 91
0 566 30.576 300 91
0 566 30.8309 300 91
0 566 30.9718 300 91
0 566 31.1357 300 91
0 566 31.3624 300 91
0 566 31.5184 300 91
0 566 31.6257 300 91
0 566 31.7913 300 91
0 566 31.9267 300 91
0 566 32.063 300 91
0 566 32.2115 300 91
0 566 32.366 300 91
0 566 32.4719 300 91
0 566 32.6316 300 91
0 566 32.7958 300 91
0 566 32.9029 300 91
0 566 33.1161 300 91
0 566 33.4085 300 91
0 566 33.5843 300 91
0 566 33.7392 300 91
0 566 33.8816 300 91
0 566 34.0294 300 91
0 566 34.247 300 91
0 566 34.3943 300 91
0 566 34.5235 300 91
0 566 34.7102 300 91
0 566 35.0016 300 91
0 566 35.1566 300 91
0 566 35.3046 300 91
0 566 35.4986 300 91
0 566 35.6372 300 91
0 566 35.7649 300 91
0 566 35.9475 300 91
0 566 36.1054 300 91
0 566 36.2642 300 91
0 566 36.5175 300 91
0 566 36.6789 300 91
0 566 36.833 300 91
0 566 37.0883 300 91
0 566 37.2368 300 91
0 566 37.4377 300 91
0 566 37.6097 300 91
0 566 37.7482 300 91
0 566 37.9448 300 91
0 566 38.1381 300 91
0 566 38.2821 300 91
0 566 38.4687 300 91
0 566 38.6009 300 91
0 566 38.752 300 91
0 566 38.8981 300 91
0 566 39.0164 300 91
0 566 39.2118 300 91
0 566 39.3841 300 91
0 566 39.5232 300 91
0 566 39.7235 300 91
0 566 39.9494 300 91
0 566 40.1273 300 91
0 566 40.2599 300 91
0 566 40.4015 300 91
0 566 40.5352 300 91
0 566 40.7481 300 91
0 566 40.8798 300 91
0 566 41.0165 300 91
0 566 41.1519 300 91
0 566 41.3043 300 91
0 566 41.4485 300 91
0 566 41.5914 300 91
0 566 41.7413 300 91
0 566 41.8675 300 91
0 566 42.0409 300 91
0 566 42.219 300 91
0 566 42.3482 300 91
0 566 42.5225 300 91
0 566 42.6656 300 91
0 566 42.8522 300 91
0 566 43.029 300 91
0 566 43.2158 300 91
0 566 43.426 300 91
0 566 43.6566 300 91
0 566 43.783 300 91
0 566 43.9267 300 91
0 566 44.0607 300 91
0 566 44.1894 300 91
0 566 44.323 300 91
0 566 44.516 300 91
0 566 44.6506 300 91
0 566 44.8838 300 91
0 566 45.0726 300 91
0 566 45.1652 300 91
0 566 45.2869 300 91
0 566 45.4079 300 91
0 566 45.6078 300 91
0 566 45.743 300 91
0 566 45.9687 300 91
0 566 46.1081 300 91
0 566 46.2328 300 91
0 566 46.3782 300 91
0 566 46.5318 300 91
0 566 46.7198 300 91
0 566 46.8298 300 91
0 566 47.0159 300 91
0 566 47.1489 300 91
0 566 47.2907 300 91
0 566 47.4187 300 91
0 566 47.546 300 91
0 566 47.6852 300 91
0 566 47.8164 300 91
0 566 47.9481 300 91
0 566 48.0717 300 91
0 566 48.2138 300 91
0 566 48.36 300 91
0 566 48.5437 300 91
0 566 48.7194 300 91
0 566 48.8831 300 91
0 566 49.014 300 91
0 566 49.1407 300 91
0 566 49.2598 300 91
0 566 49.3931 300 91
0 566 49.5245 300 91
0 566 49.6508 300 91
0 566 49.7848 300 91
0 566 49.9073 300 91
0 566 50.053 300 91
0 566 50.2813 300 91
0 566 50.4959 300 91
0 566 50.622 300 91
0 566 50.8534 300 91
0 566 50.9865 300 91
0 566 51.0726 300 91
0 566 51.3198 300 91
0 566 51.4459 300 91
0 566 51.5884 300 91
0 566 51.7226 300 91
0 566 51.8421 300 91
0 566 51.9268 300 91
0 566 52.0367 300 91
0 566 52.1548 300 91
0 566 52.2859 300 91
0 566 52.3952 300 91
0 566 52.5142 300 91
0 566 52.6977 300 91
0 566 52.8248 300 91
0 566 52.966 300 91
0 566 53.1447 300 91
0 566 53.3169 300 91
0 566 53.4431 300 91
0 566 53.5696 300 91
0 566 53.7027 300 91
0 566 53.8299 300 91
0 566 54.0556 300 91
0 566 54.233 300 91
0 566 54.3463 300 91
0 566 54.547 300 91
0 566 54.6706 300 91
0 566 54.7999 300 91
0 566 55.0122 300 91
0 566 55.1745 300 91
0 566 55.3927 300 91
0 566 55.5126 300 91
0 566 55.6476 300 91
0 566 55.8301 300 91
0 566 55.9929 300 91
0 566 56.1366 300 91
0 566 56.3067 300 91
0 566 56.4618 300 91
0 566 56.5925 300 91
0 566 56.7258 300 91
0 566 56.8576 300 91
0 566 56.9779 300 91
0 566 57.1789 300 91
0 566 57.3212 300 91
0 566 57.5538 300 91
0 566 57.6912 300 91
0 566 57.8318 300 91
0 566 58.0548 300 91
0 566 58.1922 300 91
0 566 58.3825 300 91
0 566 58.5281 300 91
0 566 58.6326 300 91
0 566 58.7948 300 91
0 566 58.9206 300 91
0 566 59.0513 300 91
0 566 59.1921 300 91
0 566 59.3029 300 92
0 566 59.4424 300 92
0 566 59.5642 300 92
0 566 59.6869 300 92
0 566 59.8649 300 92
0 566 59.9828 300 92
0 566 60.114 300 92
0 566 60.2241 300 92
0 566 60.3287 300 92
0 566 60.4463 300 92
0 566 60.5815 300 92
0 566 60.7368 300 92
0 566 60.9196 300 92
0 566 61.0616 300 92
0 566 61.1857 300 92
0 566 61.3116 300 92
0 566 61.4392 300 92
0 566 61.529 300 92
0 566 61.6513 300 92
0 566 61.8025 300 92
0 566 61.9211 300 92
0 566 62.0373 300 92
0 566 62.1603 300 92
0 566 62.294 300 92
0 566 62.4704 300 92
0 566 62.6337 300 92
0 566 62.8005 300 92
0 566 62.9048 300 92
0 566 63.1096 300 92
0 566 63.2273 300 92
0 566 63.3649 300 92
0 566 63.5207 300 92
0 566 63.6661 300 92
0 566 63.8029 300 92
0 566 63.9203 300 92
0 566 64.0271 300 92
0 566 64.2193 300 92
0 566 64.4026 300 92
0 566 64.5328 300 92
0 566 64.6991 300 92
0 566 64.9177 300 92
0 566 65.0852 300 92
0 566 65.2178 300 92
0 566 65.3362 300 92
0 566 65.4639 300 92
0 566 65.6428 300 92
0 566 65.8597 300 92
0 566 66.0272 300 92
0 566 66.1562 300 92
0 566 66.3305 300 92
0 566 66.451 300 92
0 566 66.5975 300 92
0 566 66.7295 300 92
0 566 66.9035 300 92
0 566 67.1081 300 92
0 566 67.3329 300 92
0 566 67.4508 300 92
0 566 67.5832 300 92
0 566 67.7006 300 92
0 566 67.7878 300 92
0 566 67.9304 300 92
0 566 68.0809 300 92
0 566 68.2046 300 92
0 566 68.3218 300 92
0 566 68.4393 300 92
0 566 68.6198 300 92
0 566 68.7515 300 92
0 566 68.8715 300 92
0 566 69.0896 300 92
0 566 69.2035 300 92
0 566 69.3233 300 92
0 566 69.4568 300 92
0 566 69.5851 300 92
0 566 69.7187 300 92
0 566 69.8427 300 92
0 566 69.9655 300 92
0 566 70.1106 300 92
0 566 70.2215 300 92
0 566 70.3819 300 92
0 566 70.5694 300 92
0 566 70.7711 300 92
0 566 70.8891 300 92
0 566 70.9974 300 92
0 566 71.1244 300 92
0 566 71.2441 300 92
0 566 71.3649 300 92
0 566 71.5817 300 92
0 566 71.6958 300 92
0 566 71.8212 300 92
0 566 71.976 300 92
0 566 72.1237 300 92
0 566 72.2653 300 92
0 566 72.4171 300 92
0 566 72.5519 300 92
0 566 72.763 300 92
0 566 72.906 300 92
0 566 73.0335 300 92
0 566 73.1692 300 92
0 566 73.2847 300 92
0 566 73.4208 300 92
0 566 73.5316 300 92
0 566 73.6412 300 92
0 566 73.7498 300 92
0 566 73.8347 300 92
0 566 74.0332 300 92
0 566 74.1543 300 92
0 566 74.3137 300 92
0 566 74.4436 300 92
0 566 74.5565 300 92
0 566 74.6529 300 92
0 566 74.8006 300 92
0 566 74.9712 300 92
0 566 75.0956 300 92
0 566 75.2216 300 92
0 566 75.383 300 92
0 566 75.5071 300 92
0 566 75.6579 300 92
0 566 75.7779 300 92
0 566 75.8644 300 92
0 566 75.9878 300 92
0 566 76.1591 300 92
0 566 76.2791 300 92
0 566 76.451 300 92
0 566 76.5917 300 92
0 566 76.7265 300 92
0 566 76.8569 300 92
0 566 76.9838 300 92
0 566 77.125 300 92
0 566 77.2402 300 92
0 566 77.3854 300 92
0 566 77.517 300 92
0 566 77.6345 300 92
0 566 77.7679 300 92
0 566 77.9612 300 92
0 566 78.0788 300 92
0 566 78.1997 300 92
0 566 78.3239 300 92
0 566 78.4035 300 92
0 566 78.4881 300 92
0 566 78.6139 300 92
0 566 78.7265 300 92
0 566 78.8477 300 92
0 566 78.9761 300 92
0 566 79.1048 300 92
0 566 79.2255 300 92
0 566 79.3145 300 92
0 566 79.4278 300 92
0 566 79.5372 300 92
0 566 79.7386 300 92
0 566 79.9024 300 92
0 566 80.0119 300 92
0 566 80.1471 300 92
0 566 80.2628 300 92
0 566 80.3695 300 92
0 566 80.4857 300 92
0 566 80.6351 300 92
0 566 80.7693 300 92
0 566 80.8491 300 92
0 566 80.9722 300 92
0 566 81.1827 300 92
0 566 81.3112 300 92
0 566 81.4232 300 92
0 566 81.5537 300 92
0 566 81.7264 300 92
0 566 81.8531 300 92
0 566 81.9837 300 92
0 566 82.1201 300 92
0 566 82.3474 300 92
0 566 82.4863 300 92
0 566 82.564 300 92
0 566 82.6919 300 92
0 566 82.837 300 92
0 566 82.9506 300 92
0 566 83.2366 300 92
0 566 83.3605 300 92
0 566 83.4798 300 92
0 566 83.6077 300 92
0 566 83.7145 300 92
0 566 83.8642 300 92
0 566 84.031 300 92
0 566 84.1474 300 92
0 566 84.2699 300 92
0 566 84.3853 300 92
0 566 84.5363 300 92
0 566 84.679 300 92
0 566 84.8365 300 92
0 566 84.9184 300 92
0 566 85.0369 300 92
0 566 85.2129 300 92
0 566 85.3707 300 92
0 566 85.4782 300 92
0 566 85.6689 300 92
0 566 85.841 300 92
0 566 85.961 300 92
0 566 86.0794 300 92
0 566 86.2433 300 92
0 566 86.3682 300 92
0 566 86.5028 300 92
0 566 86.6211 300 92
0 566 86.8122 300 92
0 566 86.9248 300 92
0 566 87.048 300 92
0 566 87.2259 300 92
0 566 87.4313 300 92
0 566 87.5523 300 92
0 566 87.6338 300 92
0 566 87.7138 300 92
0 566 87.8373 300 92
0 566 88.1428 300 92
0 566 88.26 300 92
0 566 88.441 300 92
0 566 88.544 300 92
0 566 88.675 300 92
0 566 88.8015 300 92
0 566 88.922 300 92
0 566 89.0562 300 92
0 566 89.1847 300 92
0 566 89.3023 300 92
0 566 89.4468 300 92
0 566 89.5281 300 92
0 566 89.737 300 92
0 566 89.8637 300 92
0 566 89.99 300 92
0 566 90.1047 300 92
0 566 90.2627 300 92
0 566 90.4102 300 92
0 566 90.5158 300 92
0 566 90.6382 300 92
0 566 90.8267 300 92
0 566 90.9573 300 92
0 566 91.0767 300 92
0 566 91.2101 300 92
0 566 91.3319 300 92
0 566 91.4972 300 92
0 566 91.6778 300 92
0 566 91.8098 300 92
0 566 91.9631 300 92
0 566 92.1246 300 92
0 566 92.2615 300 92
0 566 92.4407 300 92
0 566 92.572 300 92
0 566 92.6993 300 92
0 566 92.8871 300 92
0 566 93.1161 300 92
0 566 93.3222 300 92
0 566 93.5442 300 92
0 566 93.6999 300 92
0 566 93.8163 300 92
0 566 93.9353 300 92
0 566 94.1543 300 92
0 566 94.2897 300 92
0 566 94.3779 300 92
0 566 94.5063 300 92
0 566 94.678 300 92
0 566 94.8128 300 92
0 566 95.0154 300 92
0 566 95.1308 300 92
0 566 95.202 300 92
0 566 95.3429 300 92
0 566 95.467 300 92
0 566 95.6379 300 92
0 566 95.8524 300 92
0 566 95.9759 300 92
0 566 96.0943 300 92
0 566 96.2168 300 92
0 566 96.3797 300 92
0 566 96.5148 300 92
0 566 96.6483 300 92
0 566 96.7728 300 92
0 566 96.8902 300 92
0 566 97.1068 300 92
0 566 97.2267 300 92
0 566 97.3656 300 92
0 566 97.5447 300 92
0 566 97.677 300 92
0 566 97.8128 300 92
0 566 97.9361 300 92
0 566 98.057 300 92
0 566 98.2301 300 92
0 566 98.3566 300 92
0 566 98.5172 300 92
0 566 98.6418 300 92
0 566 98.802 300 92
0 566 98.9348 300 92
0 566 99.092 300 92
0 566 99.218 300 92
0 566 99.3983 300 92
0 566 99.6542 300 92
0 566 99.7844 300 92
0 566 99.919 300 92
0 566 100.058 300 92
0 566 100.183 300 92
0 566 100.378 300 92
0 566 100.49 300 92
0 566 100.61 300 92
0 566 100.75 300 92
0 566 100.923 300 92
0 566 101.136 300 92
0 566 101.265 300 92
0 566 101.403 300 92
0 566 101.541 300 92
0 566 101.699 300 92
0 566 101.782 300 92
0 566 101.94 300 92
0 566 102.024 300 92
0 566 102.163 300 92
0 566 102.335 300 92
0 566 102.46 300 92
0 566 102.587 300 92
0 566 102.708 300 92
0 566 102.839 300 92
0 566 103.11 300 92
0 566 103.243 300 92
0 566 103.375 300 92
0 566 103.497 300 92
0 566 103.624 300 92
0 566 103.784 300 92
0 566 103.911 300 92
0 566 104.133 300 92
0 566 104.253 300 92
0 566 104.391 300 92
0 566 104.509 300 92
0 566 104.683 300 92
0 566 104.862 300 92
0 566 105.054 300 92
0 566 105.182 300 92
0 566 105.283 300 92
0 566 105.408 300 92
0 566 105.541 300 92
0 566 105.68 300 92
0 566 105.818 300 92
0 566 105.938 300 92
0 566 106.07 300 92
0 566 106.34 300 92
0 566 106.505 300 92
0 566 106.652 300 92
0 566 106.777 300 92
0 566 106.928 300 92
0 566 107.041 300 92
0 566 107.193 300 92
0 566 107.341 300 92
0 566 107.426 300 92
0 566 107.562 300 92
0 566 107.687 300 92
0 566 107.826 300 92
0 566 107.963 300 92
0 566 108.041 300 92
0 566 108.202 300 92
0 566 108.301 300 92
0 566 108.474 300 92
0 566 108.566 300 92
0 566 108.775 300 92
0 566 108.899 300 92
0 566 109.054 300 92
0 566 109.188 300 92
0 566 109.303 300 92
0 566 109.473 300 92
0 566 109.608 300 92
0 566 109.798 300 92
0 566 109.93 300 92
0 566 110.111 300 92
0 566 110.355 300 92
0 566 110.486 300 92
0 566 110.575 300 92
0 566 110.703 300 92
0 566 110.841 300 92
0 566 110.985 300 92
0 566 111.112 300 92
0 566 111.252 300 92
0 566 111.385 300 92
0 566 111.56 300 92
0 566 111.696 300 92
0 566 111.831 300 92
0 566 111.958 300 92
0 566 112.09 300 92
0 566 112.206 300 92
0 566 112.314 300 92
0 566 112.423 300 92
0 566 112.549 300 92
0 566 112.688 300 92
0 566 112.818 300 92
0 566 112.943 300 92
0 566 113.099 300 92
0 566 113.276 300 92
0 566 113.429 300 92
0 566 113.557 300 92
0 566 113.679 300 92
0 566 113.904 300 92
0 566 114.031 300 92
0 566 114.165 300 92
0 566 114.295 300 92
0 566 114.426 300 92
0 566 114.55 300 92
0 566 114.684 300 92
0 566 114.818 300 92
0 566 114.934 300 92
0 566 115.058 300 92
0 566 115.226 300 92
0 566 115.342 300 92
0 566 115.462 300 92
0 566 115.591 300 92
0 566 115.776 300 92
0 566 115.887 300 92
0 566 116.007 300 92
0 566 116.131 300 92
0 566 116.254 300 92
0 566 116.423 300 92
0 566 116.539 300 92
0 566 116.688 300 92
0 566 116.815 300 92
0 566 116.949 300 92
0 566 117.081 300 92
0 566 117.241 300 92
0 566 117.368 300 92
0 566 117.497 300 92
0 566 117.647 300 92
0 566 117.778 300 92
0 566 117.894 300 92
0 566 118.016 300 92
0 566 118.144 300 92
0 566 118.308 300 92
0 566 118.512 300 92
0 566 118.69 300 92
0 566 118.814 300 92
0 566 118.982 300 92
0 566 119.1 300 92
0 566 119.313 300 92
0 566 119.443 300 92
0 566 119.629 300 92
0 566 119.872 300 92
0 566 119.992 300 92
0 566 120.164 300 92
0 566 120.29 300 92
0 566 120.406 300 92
0 566 120.538 300 92
0 566 120.657 300 92
0 549.2 120.74 92
0 549.2 120.823 300 92
0 549.2 120.951 300 92
0 549.2 121.085 300 92
0 549.2 121.192 300 92
0 549.2 121.325 300 92
0 549.2 121.496 300 92
0 549.2 121.582 300 92
0 549.2 121.757 300 92
0 549.2 121.896 300 92
0 549.2 122.008 300 92
0 549.2 122.168 300 92
0 549.2 122.328 300 92
0 549.2 122.463 300 92
0 549.2 122.607 300 92
0 549.2 122.735 300 92
0 549.2 122.981 300 92
0 549.2 123.12 300 92
0 549.2 123.241 300 92
0 549.2 123.366 300 92
0 549.2 123.555 300 92
0 549.2 123.683 300 92
0 549.2 123.803 300 92
0 549.2 123.929 300 92
0 549.2 124.14 300 92
0 549.2 124.299 300 92
0 549.2 124.432 300 92
0 549.2 124.61 300 92
0 549.2 124.73 300 92
0 549.2 124.852 300 92
0 549.2 124.974 300 92
0 549.2 125.093 300 92
0 549.2 125.28 300 92
0 549.2 125.416 300 92
0 549.2 125.544 300 92
0 549.2 125.632 300 92
0 549.2 125.801 300 92
0 549.2 126.035 300 92
0 549.2 126.246 300 92
0 549.2 126.362 300 92
0 549.2 126.495 300 92
0 549.2 126.61 300 92
0 549.2 126.746 300 92
0 549.2 126.866 300 92
0 549.2 126.984 300 92
0 549.2 127.107 300 92
0 549.2 127.265 300 92
0 549.2 127.387 300 92
0 549.2 127.512 300 92
0 549.2 127.626 300 92
0 549.2 127.799 300 92
0 549.2 127.962 300 92
0 549.2 128.095 300 92
0 549.2 128.211 300 92
0 549.2 128.375 300 92
0 549.2 128.501 300 92
0 549.2 128.626 300 92
0 549.2 128.795 300 92
0 549.2 128.922 300 92
0 549.2 129.048 300 92
0 549.2 129.221 300 92
0 549.2 129.351 300 92
0 549.2 129.477 300 92
0 549.2 129.637 300 92
0 549.2 129.808 300 92
0 549.2 129.979 300 92
0 549.2 130.1 300 92
0 549.2 130.223 300 92
0 549.2 130.36 300 92
0 549.2 130.489 300 92
0 549.2 130.67 300 92
0 549.2 130.809 300 92
0 549.2 130.923 300 92
0 549.2 131.13 300 92
0 549.2 131.26 300 92
0 549.2 131.43 300 92
0 549.2 131.554 300 92
0 549.2 131.669 300 92
0 549.2 131.793 300 92
0 549.2 131.962 300 92
0 549.2 132.076 300 92
0 549.2 132.209 300 92
0 549.2 132.318 300 92
0 549.2 132.497 300 92
0 549.2 132.626 300 92
0 549.2 132.793 300 92
0 549.2 132.934 300 92
0 549.2 133.044 300 92
0 549.2 133.208 300 92
0 549.2 133.347 300 92
0 549.2 133.509 300 92
0 549.2 133.664 300 92
0 549.2 133.791 300 92
0 549.2 133.918 300 92
0 549.2 134.055 300 92
0 549.2 134.176 300 92
0 549.2 134.316 300 92
0 549.2 134.439 300 92
0 549.2 134.614 300 92
0 549.2 134.728 300 92
0 549.2 134.858 300 92
0 549.2 134.98 300 92
0 549.2 135.085 300 92
0 549.2 135.209 300 92
0 549.2 135.391 300 92
0 549.2 135.547 300 92
0 549.2 135.677 300 92
0 549.2 135.812 300 92
0 549.2 135.945 300 92
0 549.2 136.066 300 92
0 549.2 136.228 300 92
0 549.2 136.43 300 92
0 549.2 136.673 300 92
0 549.2 136.849 300 92
0 549.2 137.086 300 92
0 549.2 137.257 300 92
0 549.2 137.351 300 92
0 549.2 137.436 300 92
0 549.2 137.606 300 92
0 549.2 137.735 300 92
0 549.2 137.873 300 92
0 549.2 138.053 300 92
0 549.2 138.163 300 92
0 549.2 138.28 300 92
0 549.2 138.407 300 92
0 549.2 138.531 300 92
0 549.2 138.646 300 92
0 549.2 138.788 300 92
0 549.2 138.909 300 92
0 549.2 139.052 300 92
0 549.2 139.199 300 92
0 549.2 139.335 300 92
0 549.2 139.473 300 92
0 549.2 139.608 300 92
0 549.2 139.737 300 92
0 549.2 139.819 300 92
0 549.2 139.981 300 92
0 549.2 140.105 300 92
0 549.2 140.287 300 92
0 549.2 140.424 300 92
0 549.2 140.52 300 92
0 549.2 140.653 300 92
0 549.2 140.771 300 92
0 549.2 140.899 300 92
0 549.2 141.026 300 92
0 549.2 141.151 300 92
0 549.2 141.315 300 92
0 549.2 141.441 300 92
0 549.2 141.559 300 92
0 549.2 141.719 300 92
0 549.2 141.852 300 92
0 549.2 141.98 300 92
0 549.2 142.179 300 92
0 549.2 142.31 300 92
0 549.2 142.477 300 92
0 549.2 142.608 300 92
0 549.2 142.758 300 92
0 549.2 142.976 300 92
0 549.2 143.154 300 92
0 549.2 143.35 300 92
0 549.2 143.463 300 92
0 549.2 143.644 300 92
0 549.2 143.827 300 92
0 549.2 143.995 300 92
0 549.2 144.119 300 92
0 549.2 144.239 300 92
0 549.2 144.371 300 92
0 549.2 144.501 300 92
0 549.2 144.634 300 92
0 549.2 144.776 300 92
0 549.2 144.994 300 92
0 549.2 145.172 300 92
0 549.2 145.336 300 92
0 549.2 145.472 300 92
0 549.2 145.601 300 92
0 549.2 145.685 300 92
0 549.2 145.815 300 92
0 549.2 145.953 300 92
0 549.2 146.069 300 92
0 549.2 146.186 300 92
0 549.2 146.345 300 92
0 549.2 146.508 300 92
0 549.2 146.582 300 92
0 549.2 146.729 300 92
0 549.2 146.812 300 92
0 549.2 146.949 300 92
0 549.2 147.074 300 92
0 549.2 147.244 300 92
0 549.2 147.459 300 92
0 549.2 147.573 300 92
0 549.2 147.697 300 92
0 549.2 147.82 300 92
0 549.2 147.933 300 92
0 549.2 148.082 300 92
0 549.2 148.217 300 92
0 549.2 148.342 300 92
0 549.2 148.442 300 92
0 549.2 148.577 300 92
0 549.2 148.701 300 92
0 549.2 148.879 300 92
0 549.2 149.002 300 92
0 549.2 149.081 300 92
0 549.2 149.218 300 92
0 549.2 149.351 300 92
0 549.2 149.484 300 92
0 549.2 149.617 300 92
0 549.2 149.741 300 92
0 549.2 149.879 300 92
0 549.2 149.975 300 92
0 549.2 150.096 300 92
0 549.2 150.225 300 92
0 549.2 150.363 300 92
0 549.2 150.476 300 92
0 549.2 150.652 300 92
0 549.2 150.782 300 92
0 549.2 150.998 300 92
0 549.2 151.125 300 92
0 549.2 151.246 300 92
0 549.2 151.377 300 92
0 549.2 151.506 300 92
0 549.2 151.634 300 92
0 549.2 151.748 300 92
0 549.2 151.922 300 92
0 549.2 152.085 300 92
0 549.2 152.221 300 92
0 549.2 152.347 300 92
0 549.2 152.592 300 92
0 549.2 152.766 300 92
0 549.2 152.882 300 92
0 549.2 153.011 300 92
0 549.2 153.094 300 92
0 549.2 153.273 300 92
0 549.2 153.453 300 92
0 549.2 153.614 300 92
0 549.2 153.737 300 92
0 549.2 153.949 300 92
0 549.2 154.128 300 92
0 549.2 154.248 300 92
0 549.2 154.378 300 92
0 549.2 154.529 300 92
0 549.2 154.664 300 92
0 549.2 154.806 300 92
0 549.2 154.924 300 92
0 549.2 155.051 300 92
0 549.2 155.272 300 92
0 549.2 155.394 300 92
0 549.2 155.517 300 92
0 549.2 155.631 300 92
0 549.2 155.761 300 92
0 549.2 155.895 300 92
0 549.2 156.031 300 92
0 549.2 156.115 300 92
0 549.2 156.256 300 92
0 549.2 156.381 300 92
0 549.2 156.509 300 92
0 549.2 156.631 300 92
0 549.2 156.754 300 92
0 549.2 156.837 300 92
0 549.2 156.963 300 92
0 549.2 157.097 300 92
0 549.2 157.235 300 92
0 549.2 157.356 300 92
0 549.2 157.436 300 92
0 549.2 157.58 300 92
0 549.2 157.718 300 92
0 549.2 157.849 300 92
0 549.2 157.989 300 92
0 549.2 158.113 300 92
0 549.2 158.285 300 92
0 549.2 158.404 300 92
0 549.2 158.526 300 92
0 549.2 158.648 300 92
0 549.2 158.83 300 92
0 549.2 158.966 300 92
0 549.2 159.097 300 92
0 549.2 159.234 300 92
0 549.2 159.363 300 92
0 549.2 159.489 300 92
0 549.2 159.619 300 92
0 549.2 159.739 300 92
0 549.2 159.875 300 92
0 549.2 160.005 300 92
0 549.2 160.171 300 92
0 549.2 160.298 300 92
0 549.2 160.479 300 92
0 549.2 160.605 300 92
0 549.2 160.728 300 92
0 549.2 160.861 300 92
0 549.2 161.034 300 92
0 549.2 161.223 300 92
0 549.2 161.355 300 92
0 549.2 161.482 300 92
0 549.2 161.598 300 92
0 549.2 161.76 300 92
0 549.2 161.937 300 92
0 549.2 162.085 300 92
0 549.2 162.226 300 92
0 549.2 162.334 300 92
0 549.2 162.464 300 92
0 549.2 162.586 300 92
0 549.2 162.674 300 92
0 549.2 162.804 300 92
0 549.2 162.972 300 92
0 549.2 163.085 300 92
0 549.2 163.179 300 92
0 549.2 163.297 300 92
0 549.2 163.455 300 92
0 549.2 163.588 300 92
0 549.2 163.727 300 92
0 549.2 163.853 300 92
0 549.2 163.984 300 92
0 549.2 164.273 300 92
0 549.2 164.433 300 92
0 549.2 164.555 300 92
0 549.2 164.758 300 92
0 549.2 164.873 300 92
0 549.2 164.996 300 92
0 549.2 165.191 300 92
0 549.2 165.351 300 92
0 549.2 165.521 300 92
0 549.2 165.646 300 92
0 549.2 165.774 300 92
0 549.2 165.995 300 92
0 549.2 166.127 300 92
0 549.2 166.261 300 92
0 549.2 166.397 300 92
0 549.2 166.507 300 92
0 549.2 166.688 300 92
0 549.2 166.806 300 92
0 549.2 166.974 300 92
0 549.2 167.158 300 92
0 549.2 167.28 300 92
0 549.2 167.408 300 92
0 549.2 167.526 300 92
0 549.2 167.654 300 92
0 549.2 167.774 300 92
0 549.2 167.918 300 92
0 549.2 168.177 300 92
0 549.2 168.302 300 92
0 549.2 168.468 300 92
0 549.2 168.587 300 92
0 549.2 168.724 300 92
0 549.2 168.93 300 92
0 549.2 169.088 300 92
0 549.2 169.207 300 92
0 549.2 169.332 300 92
0 549.2 169.456 300 92
0 549.2 169.596 300 92
0 549.2 169.729 300 92
0 549.2 169.904 300 92
0 549.2 170.016 300 92
0 549.2 170.172 300 92
0 549.2 170.314 300 92
0 549.2 170.44 300 92
0 549.2 170.686 300 92
0 549.2 170.904 300 92
0 549.2 171.035 300 92
0 549.2 171.206 300 92
0 549.2 171.323 300 92
0 549.2 171.414 300 92
0 549.2 171.557 300 92
0 549.2 171.68 300 92
0 549.2 171.853 300 92
0 549.2 171.971 300 92
0 549.2 172.15 300 92
0 549.2 172.296 300 92
0 549.2 172.463 300 92
0 549.2 172.587 300 92
0 549.2 172.715 300 92
0 549.2 172.91 300 92
0 549.2 173.043 300 92
0 549.2 173.173 300 92
0 549.2 173.288 300 92
0 549.2 173.414 300 92
0 549.2 173.548 300 92
0 549.2 173.673 300 92
0 549.2 173.81 300 92
0 549.2 173.985 300 92
0 549.2 174.165 300 92
0 549.2 174.278 300 92
0 549.2 174.511 300 92
0 549.2 174.662 300 92
0 549.2 174.796 300 92
0 549.2 174.926 300 92
0 549.2 175.055 300 92
0 549.2 175.175 300 92
0 549.2 175.307 300 92
0 549.2 175.537 300 92
0 549.2 175.662 300 92
0 549.2 175.783 300 92
0 549.2 175.937 300 92
0 549.2 176.064 300 92
0 549.2 176.287 300 92
0 549.2 176.407 300 92
0 549.2 176.54 300 92
0 549.2 176.674 300 92
0 549.2 176.808 300 92
0 549.2 176.994 300 92
0 549.2 177.149 300 92
0 549.2 177.41 300 92
0 549.2 177.602 300 92
0 549.2 177.776 300 92
0 549.2 177.862 300 92
0 549.2 178.044 300 92
0 549.2 178.162 300 92
0 549.2 178.297 300 92
0 549.2 178.427 300 92
0 549.2 178.542 300 92
0 549.2 178.722 300 92
0 549.2 178.891 300 92
0 549.2 179.022 300 92
0 549.2 179.182 300 92
0 549.2 179.312 300 92
0 549.2 179.441 300 92
0 549.2 179.554 300 92
0 549.2 179.764 300 92
0 549.2 179.898 300 92
0 549.2 180.029 300 92
0 549.2 180.174 300 92
0 549.2 180.274 300 92
0 549.2 180.405 300 92
0 549.2 180.571 300 92
0 549.2 180.769 300 92
0 549.2 180.906 300 92
0 549.2 181.041 300 92
0 549.2 181.176 300 92
0 549.2 181.424 300 92
0 549.2 181.545 300 92
0 549.2 181.757 300 92
0 549.2 181.968 300 92
0 549.2 182.115 300 92
0 549.2 182.255 300 92
0 549.2 182.371 300 92
0 549.2 182.551 300 92
0 549.2 182.68 300 92
0 549.2 182.848 300 92
0 549.2 182.979 300 92
0 549.2 183.122 300 92
0 549.2 183.263 300 92
0 549.2 183.401 300 92
0 549.2 183.532 300 92
0 549.2 183.686 300 92
0 549.2 183.855 300 92
0 549.2 183.99 300 92
0 549.2 184.105 300 92
0 549.2 184.229 300 92
0 549.2 184.346 300 92
0 549.2 184.519 300 92
0 549.2 184.643 300 92
0 549.2 184.82 300 92
0 549.2 184.941 300 92
0 549.2 185.079 300 92
0 549.2 185.213 300 92
0 549.2 185.473 300 92
0 549.2 185.606 300 92
0 549.2 185.723 300 92
0 549.2 185.851 300 92
0 549.2 185.981 300 92
0 549.2 186.176 300 92
0 549.2 186.37 300 92
0 549.2 186.531 300 92
0 549.2 186.67 300 92
0 549.2 186.806 300 92
0 549.2 186.893 300 92
0 549.2 187.036 300 92
0 549.2 187.166 300 92
0 549.2 187.386 300 92
0 549.2 187.522 300 92
0 549.2 187.74 300 92
0 549.2 187.883 300 92
0 549.2 188.012 300 92
0 549.2 188.157 300 92
0 549.2 188.366 300 92
0 549.2 188.489 300 92
0 549.2 188.617 300 92
0 549.2 188.746 300 92
0 549.2 188.887 300 92
0 549.2 189.013 300 92
0 549.2 189.256 300 92
0 549.2 189.439 300 92
0 549.2 189.674 300 92
0 549.2 189.809 300 92
0 549.2 189.95 300 92
0 549.2 190.147 300 92
0 549.2 190.295 300 92
0 549.2 190.433 300 92
0 549.2 190.556 300 92
0 549.2 190.689 300 92
0 549.2 190.873 300 92
0 549.2 191.073 300 92
0 549.2 191.205 300 92
0 549.2 191.327 300 92
0 549.2 191.462 300 92
0 549.2 191.681 300 92
0 549.2 191.814 300 92
0 549.2 191.941 300 92
0 549.2 192.071 300 92
0 549.2 192.31 300 92
0 549.2 192.446 300 92
0 549.2 192.571 300 92
0 549.2 192.705 300 92
0 549.2 192.829 300 92
0 549.2 193.047 300 92
0 549.2 193.129 300 92
0 549.2 193.244 300 92
0 549.2 193.416 300 92
0 549.2 193.578 300 92
0 549.2 193.708 300 92
0 549.2 193.846 300 92
0 549.2 193.97 300 92
0 549.2 194.095 300 92
0 549.2 194.23 300 92
0 549.2 194.358 300 92
0 549.2 194.567 300 92
0 549.2 194.701 300 92
0 549.2 194.822 300 92
0 549.2 194.962 300 92
0 549.2 195.124 300 92
0 549.2 195.258 300 92
0 549.2 195.506 300 92
0 549.2 195.624 300 92
0 549.2 195.744 300 92
0 549.2 195.871 300 92
0 549.2 196.036 300 92
0 549.2 196.247 300 92
0 549.2 196.425 300 92
0 549.2 196.566 300 92
0 549.2 196.662 300 92
0 549.2 196.795 300 92
0 549.2 196.928 300 92
0 549.2 197.051 300 92
0 549.2 197.171 300 92
0 549.2 197.303 300 92
0 549.2 197.441 300 92
0 549.2 197.565 300 92
0 549.2 197.693 300 92
0 549.2 197.82 300 92
0 549.2 197.952 300 92
0 549.2 198.099 300 92
0 549.2 198.298 300 92
0 549.2 198.423 300 92
0 549.2 198.5 300 92
0 549.2 198.638 300 92
0 549.2 198.769 300 92
0 549.2 199.006 300 92
0 549.2 199.129 300 92
0 549.2 199.266 300 92
0 549.2 199.412 300 92
0 549.2 199.492 300 92
0 549.2 199.67 300 92
0 549.2 199.794 300 92
0 549.2 199.93 300 92
0 549.2 200.055 300 92
0 549.2 200.186 300 92
0 549.2 200.361 300 92
0 549.2 200.483 300 92
0 549.2 200.662 300 92
0 549.2 200.753 300 92
0 549.2 200.869 300 92
0 549.2 201.083 300 92
0 549.2 201.217 300 92
0 549.2 201.382 300 92
0 549.2 201.559 300 92
0 549.2 201.689 300 92
0 549.2 201.815 300 92
0 549.2 201.945 300 92
0 549.2 202.082 300 92
0 549.2 202.217 300 92
0 549.2 202.332 300 92
0 549.2 202.506 300 92
0 549.2 202.727 300 92
0 549.2 202.964 300 92
0 549.2 203.084 300 92
0 549.2 203.238 300 92
0 549.2 203.398 300 92
0 549.2 203.485 300 92
0 549.2 203.616 300 92
0 549.2 203.803 300 92
0 549.2 203.925 300 92
0 549.2 204.049 300 92
0 549.2 204.233 300 92
0 549.2 204.363 300 92
0 549.2 204.48 300 92
0 549.2 204.66 300 92
0 549.2 204.812 300 92
0 549.2 204.949 300 92
0 549.2 205.071 300 92
0 549.2 205.191 300 92
0 549.2 205.306 300 92
0 549.2 205.396 300 92
0 549.2 205.532 300 92
0 549.2 205.77 300 92
0 549.2 205.898 300 92
0 549.2 206.038 300 92
0 549.2 206.231 300 92
0 549.2 206.414 300 92
0 549.2 206.577 300 92
0 549.2 206.703 300 92
0 549.2 206.833 300 92
0 549.2 206.968 300 92
0 549.2 207.08 300 92
0 549.2 207.203 300 92
0 549.2 207.346 300 92
0 549.2 207.476 300 92
0 549.2 207.617 300 92
0 549.2 207.752 300 92
0 549.2 207.902 300 92
0 549.2 208.07 300 92
0 549.2 208.21 300 92
0 549.2 208.341 300 92
0 549.2 208.539 300 92
0 549.2 208.681 300 92
0 549.2 208.853 300 92
0 549.2 208.996 300 92
0 549.2 209.128 300 92
0 549.2 209.266 300 92
0 549.2 209.471 300 92
0 549.2 209.715 300 92
0 549.2 209.843 300 92
0 549.2 209.975 300 92
0 549.2 210.186 300 92
0 549.2 210.394 300 92
0 549.2 210.516 300 92
0 549.2 210.645 300 92
0 549.2 210.765 300 92
0 549.2 210.935 300 92
0 549.2 211.104 300 92
0 549.2 211.268 300 92
0 549.2 211.402 300 92
0 549.2 211.488 300 92
0 549.2 211.762 300 92
0 549.2 211.899 300 92
0 549.2 212.017 300 92
0 549.2 212.144 300 92
0 549.2 212.3 300 92
0 549.2 212.437 300 92
0 549.2 212.636 300 92
0 549.2 212.753 300 92
0 549.2 212.879 300 92
0 549.2 213.017 300 92
0 549.2 213.16 300 92
0 549.2 213.293 300 92
0 549.2 213.473 300 92
0 549.2 213.599 300 92
0 549.2 213.795 300 92
0 549.2 213.894 300 92
0 549.2 214.024 300 92
0 549.2 214.152 300 92
0 549.2 214.333 300 92
0 549.2 214.491 300 92
0 549.2 214.604 300 92
0 549.2 214.785 300 92
0 549.2 214.863 300 92
0 549.2 215.007 300 92
0 549.2 215.171 300 92
0 549.2 215.29 300 92
0 549.2 215.407 300 92
0 549.2 215.541 300 92
0 549.2 215.66 300 92
0 549.2 215.798 300 92
0 549.2 216.023 300 92
0 549.2 216.15 300 92
0 549.2 216.276 300 92
0 549.2 216.404 300 92
0 549.2 216.511 300 92
0 549.2 216.64 300 92
0 549.2 216.706 300 92
0 549.2 216.794 300 92
0 549.2 216.916 300 92
0 549.2 217.042 300 92
0 549.2 217.224 300 92
0 549.2 217.347 300 92
0 549.2 217.506 300 92
0 549.2 217.69 300 92
0 549.2 217.9 300 92
0 549.2 218.026 300 92
0 549.2 218.142 300 92
0 549.2 218.235 300 92
0 549.2 218.327 300 92
0 549.2 218.492 300 92
0 549.2 218.662 300 92
0 549.2 218.824 300 92
0 549.2 218.95 300 92
0 549.2 219.077 300 92
0 549.2 219.21 300 92
0 549.2 219.349 300 92
0 549.2 219.488 300 92
0 549.2 219.659 300 92
0 549.2 219.803 300 92
0 549.2 219.93 300 92
0 549.2 220.098 300 92
0 549.2 220.22 300 92
0 549.2 220.348 300 92
0 549.2 220.51 300 92
0 549.2 220.606 300 92
0 549.2 220.666 300 92
0 549.2 220.857 300 92
0 549.2 220.944 300 92
0 549.2 221.032 300 92
0 549.2 221.145 300 92
0 549.2 221.231 300 92
0 549.2 221.325 300 92
0 549.2 221.408 300 92
0 549.2 221.517 300 92
0 549.2 221.632 300 92
0 549.2 221.742 300 92
0 549.2 221.832 300 92
0 549.2 221.92 300 92
0 549.2 222.071 300 92
0 549.2 222.19 300 92
0 549.2 222.345 300 92
0 549.2 222.432 300 92
0 549.2 222.526 300 92
0 549.2 222.666 300 92
0 549.2 222.752 300 92
0 549.2 222.838 300 92
0 549.2 222.916 300 92
0 549.2 223.001 300 92
0 549.2 223.091 300 92
0 549.2 223.189 300 92
0 549.2 223.295 300 92
0 549.2 223.434 300 92
0 549.2 223.583 300 92
0 549.2 223.676 300 92
0 549.2 223.763 300 92
0 549.2 223.885 300 92
0 549.2 224.021 300 92
0 549.2 224.184 300 92
0 549.2 224.316 300 92
0 549.2 224.439 300 92
0 549.2 224.643 300 92
0 549.2 224.742 300 92
0 549.2 224.852 300 92
0 549.2 224.969 300 92
0 549.2 225.099 300 92
0 549.2 225.228 300 92
0 549.2 225.445 300 92
0 549.2 225.567 300 92
0 549.2 225.706 300 92
0 549.2 225.878 300 92
0 549.2 226.002 300 92
0 549.2 226.16 300 92
0 549.2 226.361 300 92
0 549.2 226.484 300 92
0 549.2 226.609 300 92
0 549.2 226.743 300 92
0 549.2 226.933 300 92
0 549.2 227.051 300 92
0 549.2 227.329 300 92
0 549.2 227.459 300 92
0 549.2 227.595 300 92
0 549.2 227.764 300 92
0 549.2 227.898 300 92
0 549.2 228.124 300 92
0 549.2 228.247 300 92
0 549.2 228.38 300 92
0 549.2 228.609 300 92
0 549.2 228.697 300 92
0 549.2 228.821 300 92
0 549.2 228.902 300 92
0 549.2 228.96 300 92
0 549.2 229.045 300 92
0 549.2 229.132 300 92
0 549.2 229.213 300 92
0 549.2 229.339 300 92
0 549.2 229.428 300 92
0 549.2 229.513 300 92
0 549.2 229.595 300 92
0 549.2 229.675 300 92
0 549.2 229.772 300 92
0 549.2 229.873 300 92
0 549.2 229.99 300 92
0 549.2 230.067 300 92
0 549.2 230.172 300 92
0 549.2 230.267 300 92
0 549.2 230.438 300 92
0 549.2 230.644 300 92
0 549.2 230.775 300 92
0 549.2 230.902 300 92
0 549.2 231.028 300 92
0 549.2 231.153 300 92
0 549.2 231.339 300 92
0 549.2 231.517 300 92
0 549.2 231.646 300 92
0 549.2 231.777 300 92
0 549.2 231.981 300 92
0 549.2 232.103 300 92
0 549.2 232.228 300 92
0 549.2 232.4 300 92
0 549.2 232.569 300 92
0 549.2 232.688 300 92
0 549.2 232.785 300 92
0 549.2 232.941 300 92
0 549.2 233.101 300 92
0 549.2 233.265 300 92
0 549.2 233.405 300 92
0 549.2 233.61 300 92
0 549.2 233.821 300 92
0 549.2 233.953 300 92
0 549.2 234.094 300 92
0 549.2 234.185 300 92
0 549.2 234.322 300 92
0 549.2 234.461 300 92
0 549.2 234.663 300 92
0 549.2 234.79 300 92
0 549.2 234.909 300 92
0 549.2 235.049 300 92
0 549.2 235.179 300 92
0 549.2 235.317 300 92
0 549.2 235.458 300 92
0 549.2 235.599 300 92
0 549.2 235.733 300 92
0 549.2 235.879 300 92
0 549.2 236.084 300 92
0 549.2 236.213 300 92
0 549.2 236.343 300 92
0 549.2 236.502 300 92
0 549.2 236.625 300 92
0 549.2 236.746 300 92
0 549.2 236.95 300 92
0 549.2 237.129 300 92
0 549.2 237.261 300 92
0 549.2 237.391 300 92
0 549.2 237.558 300 92
0 549.2 237.684 300 92
0 549.2 237.805 300 92
0 549.2 237.927 300 92
0 549.2 238.047 300 92
0 549.2 238.162 300 92
0 549.2 238.284 300 92
0 549.2 238.418 300 92
0 549.2 238.56 300 92
0 549.2 238.841 300 92
0 549.2 239.01 300 92
0 549.2 239.123 300 92
0 549.2 239.331 300 92
0 549.2 239.473 300 92
0 549.2 239.668 300 92
0 549.2 239.894 300 92
0 549.2 240.027 300 92
0 549.2 240.238 300 92
0 549.2 240.368 300 92
0 549.2 240.505 300 92
0 549.2 240.64 300 92
0 549.2 240.777 300 92
0 549.2 240.967 300 92
0 549.2 241.098 300 92
0 549.2 241.219 300 92
0 549.2 241.443 300 92
0 549.2 241.569 300 92
0 549.2 241.695 300 92
0 549.2 241.874 300 92
0 549.2 242.05 300 92
0 549.2 242.18 300 92
0 549.2 242.308 300 92
0 549.2 242.436 300 92
0 549.2 242.508 300 92
0 549.2 242.651 300 92
0 549.2 242.789 300 92
0 549.2 242.937 300 92
0 549.2 243.064 300 92
0 549.2 243.148 300 92
0 549.2 243.279 300 92
0 549.2 243.396 300 92
0 549.2 243.524 300 92
0 549.2 243.674 300 92
0 549.2 243.843 300 92
0 549.2 243.968 300 92
0 549.2 244.103 300 92
0 549.2 244.24 300 92
0 549.2 244.352 300 92
0 549.2 244.472 300 92
0 549.2 244.604 300 92
0 549.2 244.734 300 92
0 549.2 244.87 300 92
0 549.2 244.95 300 92
0 549.2 245.162 300 92
0 549.2 245.296 300 92
0 549.2 245.42 300 92
0 549.2 245.551 300 92
0 549.2 245.667 300 92
0 549.2 245.794 300 92
0 549.2 245.914 300 92
0 549.2 246.081 300 92
0 549.2 246.215 300 92
0 549.2 246.338 300 92
0 549.2 246.538 300 92
0 549.2 246.681 300 92
0 549.2 246.807 300 92
0 549.2 246.931 300 92
0 549.2 247.186 300 92
0 549.2 247.312 300 92
0 549.2 247.456 300 92
0 549.2 247.589 300 92
0 549.2 247.713 300 92
0 549.2 247.841 300 92
0 549.2 247.964 300 92
0 549.2 248.086 300 92
0 549.2 248.225 300 92
0 549.2 248.364 300 92
0 549.2 248.5 300 92
0 549.2 248.676 300 92
0 549.2 248.814 300 92
0 549.2 248.941 300 92
0 549.2 249.084 300 92
0 549.2 249.223 300 92
0 549.2 249.416 300 92
0 549.2 249.537 300 92
0 549.2 249.684 300 92
0 549.2 249.896 300 92
0 549.2 250.022 300 92
0 549.2 250.111 300 92
0 549.2 250.247 300 92
0 549.2 250.385 300 92
0 549.2 250.522 300 92
0 549.2 250.662 300 92
0 549.2 250.79 300 92
0 549.2 250.924 300 92
0 549.2 251.073 300 92
0 549.2 251.201 300 92
0 549.2 251.366 300 92
0 549.2 251.576 300 92
0 549.2 251.689 300 92
0 549.2 251.848 300 92
0 549.2 251.962 300 92
0 549.2 252.128 300 92
0 549.2 252.355 300 92
0 549.2 252.531 300 92
0 549.2 252.668 300 92
0 549.2 252.798 300 92
0 549.2 252.94 300 92
0 549.2 253.153 300 92
0 549.2 253.279 300 92
0 549.2 253.395 300 92
0 549.2 253.567 300 92
0 549.2 253.694 300 92
0 549.2 253.864 300 92
0 549.2 254.003 300 92
0 549.2 254.17 300 92
0 549.2 254.3 300 92
0 549.2 254.434 300 92
0 549.2 254.58 300 92
0 549.2 254.703 300 92
0 549.2 254.843 300 92
0 549.2 254.974 300 92
0 549.2 255.205 300 92
0 549.2 255.385 300 92
0 549.2 255.508 300 92
0 549.2 255.635 300 92
0 549.2 255.735 300 92
0 549.2 255.868 300 92
0 549.2 256.094 300 92
0 549.2 256.184 300 92
0 549.2 256.401 300 92
0 549.2 256.577 300 92
0 549.2 256.705 300 92
0 549.2 256.838 300 92
0 549.2 256.975 300 92
0 549.2 257.166 300 92
0 549.2 257.325 300 92
0 549.2 257.505 300 92
0 549.2 257.661 300 92
0 549.2 257.798 300 92
0 549.2 257.962 300 92
0 549.2 258.088 300 92
0 549.2 258.214 300 92
0 549.2 258.327 300 92
0 549.2 258.466 300 92
0 549.2 258.574 300 92
0 549.2 258.743 300 92
0 549.2 258.891 300 92
0 549.2 259.031 300 92
0 549.2 259.173 300 92
0 549.2 259.347 300 92
0 549.2 259.562 300 92
0 549.2 259.703 300 92
0 549.2 259.914 300 92
0 549.2 260.043 300 92
0 549.2 260.171 300 92
0 549.2 260.293 300 92
0 549.2 260.425 300 92
0 549.2 260.555 300 92
0 549.2 260.733 300 92
0 549.2 260.9 300 92
0 549.2 261.034 300 92
0 549.2 261.158 300 92
0 549.2 261.36 300 92
0 549.2 261.5 300 92
0 549.2 261.631 300 92
0 549.2 261.716 300 92
0 549.2 261.838 300 92
0 549.2 261.916 300 92
0 549.2 262.06 300 92
0 549.2 262.193 300 92
0 549.2 262.325 300 92
0 549.2 262.45 300 92
0 549.2 262.628 300 92
0 549.2 262.816 300 92
0 549.2 262.994 300 92
0 549.2 263.206 300 92
0 549.2 263.343 300 92
0 549.2 263.476 300 92
0 549.2 263.615 300 92
0 549.2 263.746 300 92
0 549.2 263.881 300 92
0 549.2 264.007 300 92
0 549.2 264.138 300 92
0 549.2 264.275 300 92
0 549.2 264.447 300 92
0 549.2 264.547 300 92
0 549.2 264.726 300 92
0 549.2 264.918 300 92
0 549.2 265.102 300 92
0 549.2 265.278 300 92
0 549.2 265.404 300 92
0 549.2 265.498 300 92
0 549.2 265.713 300 92
0 549.2 265.875 300 92
0 549.2 266.103 300 92
0 549.2 266.274 300 92
0 549.2 266.399 300 92
0 549.2 266.58 300 92
0 549.2 266.71 300 92
0 549.2 266.834 300 92
0 549.2 267.049 300 92
0 549.2 267.181 300 92
0 549.2 267.352 300 92
0 549.2 267.463 300 92
0 549.2 267.598 300 92
0 549.2 267.775 300 92
0 549.2 267.89 300 92
0 549.2 268.022 300 92
0 549.2 268.149 300 92
0 549.2 268.266 300 92
0 549.2 268.394 300 92
0 549.2 268.603 300 92
0 549.2 268.779 300 92
0 549.2 268.927 300 92
0 549.2 269.048 300 92
0 549.2 269.175 300 92
0 549.2 269.35 300 92
0 549.2 269.481 300 92
0 549.2 269.621 300 92
0 549.2 269.71 300 92
0 549.2 269.84 300 92
0 549.2 269.996 300 92
0 549.2 270.287 300 92
0 549.2 270.421 300 92
0 549.2 270.554 300 92
0 549.2 270.685 300 92
0 549.2 270.794 300 92
0 549.2 270.933 300 92
0 549.2 271.062 300 92
0 549.2 271.204 300 92
0 549.2 271.44 300 92
0 549.2 271.523 300 92
0 549.2 271.657 300 92
0 549.2 271.857 300 92
0 549.2 271.99 300 92
0 549.2 272.124 300 92
0 549.2 272.259 300 92
0 549.2 272.375 300 92
0 549.2 272.495 300 92
0 549.2 272.579 300 92
0 549.2 272.703 300 92
0 549.2 272.915 300 92
0 549.2 273.045 300 92
0 549.2 273.166 300 92
0 549.2 273.298 300 92
0 549.2 273.44 300 92
0 549.2 273.573 300 92
0 549.2 273.722 300 92
0 549.2 273.85 300 92
0 549.2 274.018 300 92
0 549.2 274.142 300 92
0 549.2 274.273 300 92
0 549.2 274.403 300 92
0 549.2 274.497 300 92
0 549.2 274.629 300 92
0 549.2 274.753 300 92
0 549.2 274.969 300 92
0 549.2 275.1 300 92
0 549.2 275.326 300 92
0 549.2 275.46 300 92
0 549.2 275.582 300 92
0 549.2 275.764 300 92
0 549.2 276.005 300 92
0 549.2 276.104 300 92
0 549.2 276.249 300 92
0 549.2 276.37 300 92
0 549.2 276.495 300 92
0 549.2 276.627 300 92
0 549.2 276.816 300 92
0 549.2 276.971 300 92
0 549.2 277.109 300 92
0 549.2 277.334 300 92
0 549.2 277.471 300 92
0 549.2 277.6 300 92
0 549.2 277.765 300 92
0 549.2 277.909 300 92
0 549.2 278.114 300 92
0 549.2 278.305 300 92
0 549.2 278.451 300 92
0 549.2 278.588 300 92
0 549.2 278.763 300 92
0 549.2 278.9 300 92
0 549.2 279.022 300 92
0 549.2 279.154 300 92
0 549.2 279.292 300 92
0 549.2 279.412 300 92
0 549.2 279.549 300 92
0 549.2 279.673 300 92
0 549.2 279.842 300 92
0 549.2 279.932 300 92
0 549.2 280.104 300 92
0 549.2 280.236 300 92
0 549.2 280.368 300 92
0 549.2 280.449 300 92
0 549.2 280.572 300 92
0 549.2 280.696 300 92
0 549.2 280.784 300 92
0 549.2 280.918 300 92
0 549.2 281.028 300 92
0 549.2 281.206 300 92
0 549.2 281.343 300 92
0 549.2 281.474 300 92
0 549.2 281.616 300 92
0 549.2 281.74 300 92
0 549.2 281.87 300 92
0 549.2 282.084 300 92
0 549.2 282.217 300 92
0 549.2 282.346 300 92
0 549.2 282.514 300 92
0 549.2 282.652 300 92
0 549.2 282.784 300 92
0 549.2 282.908 300 92
0 549.2 283.023 300 92
0 549.2 283.314 300 92
0 549.2 283.48 300 92
0 549.2 283.714 300 92
0 549.2 283.867 300 92
0 549.2 284.023 300 92
0 549.2 284.212 300 92
0 549.2 284.354 300 92
0 549.2 284.53 300 92
0 549.2 284.67 300 92
0 549.2 284.81 300 92
0 549.2 285.005 300 92
0 549.2 285.135 300 92
0 549.2 285.266 300 92
0 549.2 285.408 300 92
0 549.2 285.541 300 92
0 549.2 285.691 300 92
0 549.2 285.83 300 92
0 549.2 285.963 300 92
0 549.2 286.089 300 92
0 549.2 286.24 300 92
0 549.2 286.382 300 92
0 549.2 286.509 300 92
0 549.2 286.73 300 92
0 549.2 286.858 300 92
0 549.2 286.99 300 92
0 549.2 287.118 300 92
0 549.2 287.314 300 92
0 549.2 287.469 300 92
0 549.2 287.604 300 92
0 549.2 287.727 300 92
0 549.2 287.844 300 92
0 549.2 287.972 300 92
0 549.2 288.107 300 92
0 549.2 288.234 300 92
0 549.2 288.393 300 92
0 549.2 288.527 300 92
0 549.2 288.661 300 92
0 549.2 288.791 300 92
0 549.2 288.918 300 92
0 549.2 289.038 300 92
0 549.2 289.155 300 92
0 549.2 289.307 300 92
0 549.2 289.451 300 92
0 549.2 289.566 300 92
0 549.2 289.706 300 92
0 549.2 289.844 300 92
0 549.2 289.984 300 92
0 549.2 290.104 300 92
0 549.2 290.233 300 92
0 549.2 290.373 300 92
0 549.2 290.522 300 92
0 549.2 290.751 300 92
0 549.2 290.949 300 92
0 549.2 291.063 300 92
0 549.2 291.155 300 92
0 549.2 291.242 300 92
0 549.2 291.351 300 92
0 549.2 291.486 300 92
0 549.2 291.583 300 92
0 549.2 291.675 300 92
0 549.2 291.782 300 92
0 549.2 291.877 300 92
0 549.2 291.972 300 92
0 549.2 292.039 300 92
0 549.2 292.139 300 92
0 549.2 292.232 300 92
0 549.2 292.329 300 92
0 549.2 292.52 300 92
0 549.2 292.75 300 92
0 549.2 292.956 300 92
0 549.2 293.126 300 92
0 549.2 293.294 300 92
0 549.2 293.437 300 92
0 549.2 293.563 300 92
0 549.2 293.716 300 92
0 549.2 293.926 300 92
0 549.2 294.198 300 92
0 549.2 294.341 300 92
0 549.2 294.503 300 92
0 549.2 294.692 300 92
0 549.2 294.913 300 92
0 549.2 295.105 300 92
0 549.2 295.25 300 92
0 549.2 295.412 300 92
0 549.2 295.61 300 92
0 549.2 295.752 300 92
0 549.2 295.926 300 92
0 549.2 296.118 300 92
0 549.2 296.263 300 92
0 549.2 296.394 300 92
0 549.2 296.535 300 92
0 549.2 296.733 300 92
0 549.2 296.89 300 92
0 549.2 296.989 300 92
0 549.2 297.167 300 92
0 549.2 297.25 300 92
0 549.2 297.517 300 92
0 549.2 297.787 300 92
0 549.2 297.915 300 92
0 549.2 298.058 300 92
0 549.2 298.152 300 92
0 549.2 298.289 300 92
0 549.2 298.486 300 92
0 549.2 298.613 300 92
0 549.2 298.742 300 92
0 549.2 298.89 300 92
0 549.2 299.04 300 92
0 549.2 299.138 300 92
0 549.2 299.313 300 92
0 549.2 299.514 300 92
0 549.2 299.682 300 92
0 549.2 299.942 300 92
0 549.2 300.124 300 92
0 549.2 300.303 300 92
0 549.2 300.494 300 92
0 549.2 300.65 300 92
0 549.2 300.751 300 92
0 549.2 300.883 300 92
0 549.2 301.068 300 92
0 549.2 301.222 300 92
0 549.2 301.358 300 92
0 549.2 301.549 300 92
0 549.2 301.747 300 92
0 549.2 301.943 300 92
0 549.2 302.106 300 92
0 549.2 302.3 300 92
0 549.2 302.447 300 92
0 549.2 302.567 300 92
0 549.2 302.733 300 92
0 549.2 302.821 300 92
0 549.2 302.949 300 92
0 549.2 303.143 300 92
0 549.2 303.272 300 92
0 549.2 303.45 300 92
0 549.2 303.651 300 92
0 549.2 303.792 300 92
0 549.2 303.983 300 92
0 549.2 304.222 300 92
0 549.2 304.384 300 92
0 549.2 304.511 300 92
0 549.2 304.727 300 92
0 549.2 304.867 300 92
0 549.2 305.032 300 92
0 549.2 305.169 300 92
0 549.2 305.357 300 92
0 549.2 305.501 300 92
0 549.2 305.637 300 92
0 549.2 305.779 300 92
0 549.2 305.946 300 92
0 549.2 306.081 300 92
0 549.2 306.262 300 92
0 549.2 306.412 300 92
0 549.2 306.549 300 92
0 549.2 306.651 300 92
0 549.2 306.83 300 92
0 549.2 306.962 300 92
0 549.2 307.075 300 92
0 549.2 307.22 300 92
0 549.2 307.372 300 92
0 549.2 307.528 300 92
0 549.2 307.662 300 92
0 549.2 307.86 300 92
0 549.2 307.998 300 92
0 549.2 308.117 300 92
0 549.2 308.182 300 92
0 549.2 308.271 300 92
0 549.2 308.388 300 92
0 549.2 308.499 300 92
0 549.2 308.661 300 92
0 549.2 308.774 300 92
0 549.2 308.935 300 92
0 549.2 309.155 300 92
0 549.2 309.296 300 92
0 549.2 309.427 300 92
0 549.2 309.551 300 92
0 549.2 309.699 300 92
0 549.2 309.828 300 92
0 549.2 309.966 300 92
0 549.2 310.129 300 92
0 549.2 310.284 300 92
0 549.2 310.42 300 92
0 549.2 310.556 300 92
0 549.2 310.702 300 92
0 549.2 310.845 300 92
0 549.2 310.978 300 92
0 549.2 311.154 300 92
0 549.2 311.272 300 92
0 549.2 311.396 300 92
0 549.2 311.532 300 92
0 549.2 311.691 300 92
0 549.2 311.825 300 92
0 549.2 312.011 300 92
0 549.2 312.172 300 92
0 549.2 312.328 300 92
0 549.2 312.515 300 92
0 549.2 312.66 300 92
0 549.2 312.81 300 92
0 549.2 313.061 300 92
0 549.2 313.204 300 92
0 549.2 313.455 300 92
0 549.2 313.629 300 92
0 549.2 313.755 300 92
0 549.2 313.882 300 92
0 549.2 314.026 300 92
0 549.2 314.191 300 92
0 549.2 314.314 300 92
0 549.2 314.422 300 92
0 549.2 314.594 300 92
0 549.2 314.725 300 92
0 549.2 314.866 300 92
0 549.2 314.938 300 92
0 549.2 315.088 300 92
0 549.2 315.268 300 92
0 549.2 315.429 300 92
0 549.2 315.527 300 92
0 549.2 315.649 300 92
0 549.2 315.881 300 92
0 549.2 316.13 300 92
0 549.2 316.284 300 92
0 549.2 316.48 300 92
0 549.2 316.619 300 92
0 549.2 316.773 300 92
0 549.2 316.907 300 92
0 549.2 317.034 300 92
0 549.2 317.156 300 92
0 549.2 317.294 300 92
0 549.2 317.436 300 92
0 549.2 317.623 300 92
0 549.2 317.805 300 92
0 549.2 317.94 300 92
0 549.2 318.139 300 92
0 549.2 318.286 300 92
0 549.2 318.477 300 92
0 549.2 318.624 300 92
0 549.2 318.803 300 92
0 549.2 318.934 300 92
0 549.2 319.075 300 92
0 549.2 319.207 300 92
0 549.2 319.352 300 92
0 549.2 319.5 300 92
0 549.2 319.626 300 92
0 549.2 319.836 300 92
0 549.2 319.983 300 92
0 549.2 320.132 300 92
0 549.2 320.28 300 92
0 549.2 320.465 300 92
0 549.2 320.623 300 92
0 549.2 320.813 300 92
0 549.2 320.921 300 92
0 549.2 321.121 300 92
0 549.2 321.264 300 92
0 549.2 321.418 300 92
0 549.2 321.558 300 92
0 549.2 321.696 300 92
0 549.2 321.839 300 92
0 549.2 321.987 300 92
0 549.2 322.166 300 92
0 549.2 322.405 300 92
0 549.2 322.547 300 92
0 549.2 322.687 300 92
0 549.2 322.823 300 92
0 549.2 323.052 300 92
0 549.2 323.204 300 92
0 549.2 323.341 300 92
0 549.2 323.507 300 92
0 549.2 323.679 300 92
0 549.2 323.813 300 92
0 549.2 324.034 300 92
0 549.2 324.188 300 92
0 549.2 324.483 300 92
0 549.2 324.616 300 92
0 549.2 324.737 300 92
0 549.2 324.862 300 92
0 549.2 324.987 300 92
0 549.2 325.182 300 92
0 549.2 325.35 300 92
0 549.2 325.484 300 92
0 549.2 325.623 300 92
0 549.2 325.77 300 92
0 549.2 325.86 300 92
0 549.2 326.18 300 92
0 549.2 326.334 300 92
0 549.2 326.577 300 92
0 549.2 326.66 300 92
0 549.2 326.971 300 92
0 549.2 327.104 300 92
0 549.2 327.18 300 92
0 549.2 327.327 300 92
0 549.2 327.449 300 92
0 549.2 327.571 300 92
0 549.2 327.709 300 92
0 549.2 327.9 300 92
0 549.2 328.153 300 92
0 549.2 328.309 300 92
0 549.2 328.443 300 92
0 549.2 328.62 300 92
0 549.2 328.766 300 92
0 549.2 328.969 300 92
0 549.2 329.07 300 92
0 549.2 329.293 300 92
0 549.2 329.437 300 92
0 549.2 329.557 300 92
0 549.2 329.678 300 92
0 549.2 329.788 300 92
0 549.2 329.956 300 92
0 549.2 330.093 300 92
0 549.2 330.226 300 92
0 549.2 330.371 300 92
0 549.2 330.466 300 92
0 549.2 330.679 300 92
0 549.2 330.829 300 92
0 549.2 330.98 300 92
0 549.2 331.143 300 92
0 549.2 331.289 300 92
0 549.2 331.52 300 92
0 549.2 331.683 300 92
0 549.2 331.853 300 92
0 549.2 332.064 300 92
0 549.2 332.22 300 92
0 549.2 332.309 300 92
0 549.2 332.451 300 92
0 549.2 332.576 300 92
0 549.2 332.79 300 92
0 549.2 332.935 300 92
0 549.2 333.068 300 92
0 549.2 333.216 300 92
0 549.2 333.359 300 92
0 549.2 333.466 300 92
0 549.2 333.601 300 92
0 549.2 333.808 300 92
0 549.2 334.01 300 92
0 549.2 334.106 300 92
0 549.2 334.238 300 92
0 549.2 334.341 300 92
0 549.2 334.474 300 92
0 549.2 334.625 300 92
0 549.2 334.764 300 92
0 549.2 334.857 300 92
0 549.2 335.032 300 92
0 549.2 335.214 300 92
0 549.2 335.339 300 92
0 549.2 335.467 300 92
0 549.2 335.642 300 92
0 549.2 335.877 300 92
0 549.2 336.144 300 92
0 549.2 336.282 300 92
0 549.2 336.446 300 92
0 549.2 336.628 300 92
0 549.2 336.794 300 92
0 549.2 336.931 300 92
0 549.2 337.068 300 92
0 549.2 337.194 300 92
0 549.2 337.44 300 92
0 549.2 337.624 300 92
0 549.2 337.768 300 92
0 549.2 337.896 300 92
0 549.2 338.035 300 92
0 549.2 338.228 300 92
0 549.2 338.387 300 92
0 549.2 338.633 300 92
0 549.2 338.816 300 92
0 549.2 338.987 300 92
0 549.2 339.252 300 92
0 549.2 339.373 300 92
0 549.2 339.492 300 92
0 549.2 339.719 300 92
0 549.2 339.871 300 92
0 549.2 340.034 300 92
0 549.2 340.175 300 92
0 549.2 340.342 300 92
0 549.2 340.509 300 92
0 549.2 340.678 300 92
0 549.2 340.816 300 92
0 549.2 341.011 300 92
0 549.2 341.153 300 92
0 549.2 341.28 300 92
0 549.2 341.415 300 92
0 549.2 341.558 300 92
0 549.2 341.764 300 92
0 549.2 341.894 300 92
0 549.2 342.034 300 92
0 549.2 342.194 300 92
0 549.2 342.323 300 92
0 549.2 342.557 300 92
0 549.2 342.706 300 92
0 549.2 342.834 300 92
0 549.2 343.068 300 92
0 549.2 343.178 300 92
0 549.2 343.261 300 92
0 549.2 343.383 300 92
0 549.2 343.476 300 92
0 549.2 343.57 300 92
0 549.2 343.686 300 92
0 549.2 343.776 300 92
0 549.2 343.87 300 92
0 549.2 343.957 300 92
0 549.2 344.05 300 92
0 549.2 344.175 300 92
0 549.2 344.27 300 92
0 549.2 344.39 300 92
0 549.2 344.546 300 92
0 549.2 344.744 300 92
0 549.2 344.88 300 92
0 549.2 345.066 300 92
0 549.2 345.172 300 92
0 549.2 345.367 300 92
0 549.2 345.542 300 92
0 549.2 345.776 300 92
0 549.2 345.91 300 92
0 549.2 346.054 300 92
0 549.2 346.227 300 92
0 549.2 346.357 300 92
0 549.2 346.503 300 92
0 549.2 346.684 300 92
0 549.2 346.824 300 92
0 549.2 347.081 300 92
0 549.2 347.284 300 92
0 549.2 347.432 300 92
0 549.2 347.661 300 92
0 549.2 347.812 300 92
0 549.2 347.95 300 92
0 549.2 348.087 300 92
0 549.2 348.225 300 92
0 549.2 348.343 300 92
0 549.2 348.473 300 92
0 549.2 348.604 300 92
0 549.2 348.799 300 92
0 549.2 348.927 300 92
0 549.2 349.044 300 92
0 549.2 349.172 300 92
0 549.2 349.317 300 92
0 549.2 349.48 300 92
0 549.2 349.597 300 92
0 549.2 349.757 300 92
0 549.2 349.884 300 92
0 549.2 350.097 300 92
0 549.2 350.185 300 92
0 549.2 350.318 300 92
0 549.2 350.473 300 92
0 549.2 350.764 300 92
0 549.2 350.884 300 92
0 549.2 351.032 300 92
0 549.2 351.287 300 92
0 549.2 351.5 300 92
0 549.2 351.663 300 92
0 549.2 351.795 300 92
0 549.2 351.952 300 92
0 549.2 352.088 300 92
0 549.2 352.281 300 92
0 549.2 352.42 300 92
0 549.2 352.567 300 92
0 549.2 352.765 300 92
0 549.2 352.939 300 92
0 549.2 353.113 300 92
0 549.2 353.352 300 92
0 549.2 353.491 300 92
0 549.2 353.633 300 92
0 549.2 353.777 300 92
0 549.2 354.018 300 92
0 549.2 354.209 300 92
0 549.2 354.385 300 92
0 549.2 354.502 300 92
0 549.2 354.643 300 92
0 549.2 354.767 300 92
0 549.2 354.995 300 92
0 549.2 355.087 300 92
0 549.2 355.226 300 92
0 549.2 355.379 300 92
0 549.2 355.506 300 92
0 549.2 355.737 300 92
0 549.2 355.825 300 92
0 549.2 355.996 300 92
0 549.2 356.085 300 92
0 549.2 356.24 300 92
0 549.2 356.502 300 92
0 549.2 356.706 300 92
0 549.2 356.896 300 92
0 549.2 357.035 300 92
0 549.2 357.242 300 92
0 549.2 357.385 300 92
0 549.2 357.534 300 92
0 549.2 357.824 300 92
0 549.2 358.131 300 92
0 549.2 358.364 300 92
0 549.2 358.505 300 92
0 549.2 358.671 300 92
0 549.2 358.851 300 92
0 549.2 358.982 300 92
0 549.2 359.135 300 92
0 549.2 359.343 300 92
0 549.2 359.465 300 92
0 549.2 359.591 300 92
0 549.2 359.727 300 92
0 549.2 359.847 300 92
0 549.2 360.114 300 92
0 549.2 360.225 300 92
0 549.2 360.385 300 92
0 549.2 360.474 300 92
0 549.2 360.608 300 92
0 549.2 360.757 300 92
0 549.2 360.899 300 92
0 549.2 361.042 300 92
0 549.2 361.181 300 92
0 549.2 361.312 300 92
0 549.2 361.438 300 92
0 549.2 361.68 300 92
0 549.2 361.768 300 92
0 549.2 361.908 300 92
0 549.2 362.031 300 92
0 549.2 362.149 300 92
0 549.2 362.286 300 92
0 549.2 362.38 300 92
0 549.2 362.497 300 92
0 549.2 362.642 300 92
0 549.2 362.771 300 92
0 549.2 362.903 300 92
0 549.2 363.039 300 92
0 549.2 363.227 300 92
0 549.2 363.368 300 92
0 549.2 363.602 300 92
0 549.2 363.776 300 92
0 549.2 363.964 300 92
0 549.2 364.103 300 92
0 549.2 364.222 300 92
0 549.2 364.349 300 92
0 549.2 364.477 300 92
0 549.2 364.609 300 92
0 549.2 364.754 300 92
0 549.2 364.903 300 92
0 549.2 365.107 300 92
0 549.2 365.266 300 92
0 549.2 365.414 300 92
0 549.2 365.562 300 92
0 549.2 365.685 300 92
0 549.2 365.776 300 92
0 549.2 365.872 300 92
0 549.2 366 300 92
0 549.2 366.217 300 92
0 549.2 366.346 300 92
0 549.2 366.494 300 92
0 549.2 366.646 300 92
0 549.2 366.781 300 92
0 549.2 366.905 300 92
0 549.2 367.032 300 92
0 549.2 367.162 300 92
0 549.2 367.254 300 92
0 549.2 367.388 300 92
0 549.2 367.626 300 92
0 549.2 367.785 300 92
0 549.2 367.936 300 92
0 549.2 368.123 300 92
0 549.2 368.26 300 92
0 549.2 368.446 300 92
0 549.2 368.57 300 92
0 549.2 368.739 300 92
0 549.2 368.882 300 92
0 549.2 369.007 300 92
0 549.2 369.138 300 92
0 549.2 369.27 300 92
0 549.2 369.402 300 92
0 549.2 369.53 300 92
0 549.2 369.686 300 92
0 549.2 369.833 300 92
0 549.2 370.108 300 92
0 549.2 370.251 300 92
0 549.2 370.397 300 92
0 549.2 370.564 300 92
0 549.2 370.66 300 92
0 549.2 370.805 300 92
0 549.2 370.915 300 92
0 549.2 371.035 300 92
0 549.2 371.209 300 92
0 549.2 371.349 300 92
0 549.2 371.491 300 92
0 549.2 371.777 300 92
0 549.2 371.995 300 92
0 549.2 372.131 300 92
0 549.2 372.268 300 92
0 549.2 372.412 300 92
0 549.2 372.537 300 92
0 549.2 372.675 300 92
0 549.2 372.822 300 92
0 549.2 372.948 300 92
0 549.2 373.109 300 92
0 549.2 373.245 300 92
0 549.2 373.417 300 92
0 549.2 373.539 300 92
0 549.2 373.663 300 92
0 549.2 373.875 300 92
0 549.2 374 300 92
0 549.2 374.25 300 92
0 549.2 374.39 300 92
0 549.2 374.526 300 92
0 549.2 374.664 300 92
0 549.2 374.814 300 92
0 549.2 374.958 300 92
0 549.2 375.165 300 92
0 549.2 375.363 300 92
0 549.2 375.51 300 92
0 549.2 375.638 300 92
0 549.2 375.812 300 92
0 549.2 375.965 300 92
0 549.2 376.102 300 92
0 549.2 376.232 300 92
0 549.2 376.313 300 92
0 549.2 376.444 300 92
0 549.2 376.576 300 92
0 549.2 376.7 300 92
0 549.2 376.846 300 92
0 549.2 377.139 300 92
0 549.2 377.289 300 92
0 549.2 377.413 300 92
0 549.2 377.613 300 92
0 549.2 377.758 300 92
0 549.2 377.883 300 92
0 549.2 377.984 300 92
0 549.2 378.065 300 92
0 549.2 378.199 300 92
0 549.2 378.313 300 92
0 549.2 378.472 300 92
0 549.2 378.644 300 92
0 549.2 378.826 300 92
0 549.2 378.988 300 92
0 549.2 379.134 300 92
0 549.2 379.352 300 92
0 549.2 379.484 300 92
0 549.2 379.617 300 92
0 549.2 379.746 300 92
0 549.2 379.91 300 92
0 549.2 380.056 300 92
0 549.2 380.192 300 92
0 549.2 380.345 300 92
0 549.2 380.521 300 92
0 549.2 380.675 300 92
0 549.2 380.845 300 92
0 549.2 381.015 300 92
0 549.2 381.168 300 92
0 549.2 381.27 300 92
0 549.2 381.469 300 92
0 549.2 381.596 300 92
0 549.2 381.767 300 92
0 549.2 381.907 300 92
0 549.2 382.046 300 92
0 549.2 382.175 300 92
0 549.2 382.402 300 92
0 549.2 382.549 300 92
0 549.2 382.679 300 92
0 549.2 382.849 300 92
0 549.2 383.002 300 92
0 549.2 383.187 300 92
0 549.2 383.306 300 92
0 549.2 383.456 300 92
0 549.2 383.643 300 92
0 549.2 383.83 300 92
0 549.2 384.006 300 92
0 549.2 384.165 300 92
0 549.2 384.334 300 92
0 549.2 384.483 300 92
0 549.2 384.622 300 92
0 549.2 384.776 300 92
0 549.2 384.917 300 92
0 549.2 385.073 300 92
0 549.2 385.214 300 92
0 549.2 385.346 300 92
0 549.2 385.534 300 92
0 549.2 385.664 300 92
0 549.2 385.752 300 92
0 549.2 385.97 300 92
0 549.2 386.214 300 92
0 549.2 386.342 300 92
0 549.2 386.476 300 92
0 549.2 386.636 300 92
0 549.2 386.815 300 92
0 549.2 386.951 300 92
0 549.2 387.115 300 92
0 549.2 387.247 300 92
0 549.2 387.43 300 92
0 549.2 387.551 300 92
0 549.2 387.69 300 92
0 549.2 387.826 300 92
0 549.2 387.988 300 92
0 549.2 388.087 300 92
0 549.2 388.229 300 92
0 549.2 388.497 300 92
0 549.2 388.775 300 92
0 549.2 388.903 300 92
0 549.2 389.063 300 92
0 549.2 389.252 300 92
0 549.2 389.4 300 92
0 549.2 389.549 300 92
0 549.2 389.733 300 92
0 549.2 389.883 300 92
0 549.2 390.017 300 92
0 549.2 390.153 300 92
0 549.2 390.341 300 92
0 549.2 390.554 300 92
0 549.2 390.663 300 92
0 549.2 390.737 300 92
0 549.2 390.853 300 92
0 549.2 390.961 300 92
0 549.2 391.051 300 92
0 549.2 391.15 300 92
0 549.2 391.254 300 92
0 549.2 391.35 300 92
0 549.2 391.443 300 92
0 549.2 391.528 300 92
0 549.2 391.736 300 92
0 549.2 391.877 300 92
0 549.2 391.969 300 92
0 549.2 392.111 300 92
0 549.2 392.235 300 92
0 549.2 392.325 300 92
0 549.2 392.468 300 92
0 549.2 392.689 300 92
0 549.2 392.839 300 92
0 549.2 393 300 92
0 549.2 393.192 300 92
0 549.2 393.333 300 92
0 549.2 393.457 300 92
0 549.2 393.608 300 92
0 549.2 393.746 300 92
0 549.2 393.883 300 92
0 549.2 394.036 300 92
0 549.2 394.171 300 92
0 549.2 394.339 300 92
0 549.2 394.476 300 92
0 549.2 394.616 300 92
0 549.2 394.743 300 92
0 549.2 394.89 300 92
0 549.2 395.023 300 92
0 549.2 395.166 300 92
0 549.2 395.299 300 92
0 549.2 395.482 300 92
0 549.2 395.614 300 92
0 549.2 395.734 300 92
0 549.2 395.838 300 92
0 549.2 395.969 300 92
0 549.2 396.097 300 92
0 549.2 396.329 300 92
0 549.2 396.468 300 92
0 549.2 396.642 300 92
0 549.2 396.836 300 92
0 549.2 396.981 300 92
0 549.2 397.134 300 92
0 549.2 397.314 300 92
0 549.2 397.463 300 92
0 549.2 397.588 300 92
0 549.2 397.73 300 92
0 549.2 397.9 300 92
0 549.2 398.049 300 92
0 549.2 398.192 300 92
0 549.2 398.325 300 92
0 549.2 398.499 300 92
0 549.2 398.674 300 92
0 549.2 398.862 300 92
0 549.2 399.042 300 92
0 549.2 399.131 300 92
0 549.2 399.271 300 92
0 549.2 399.352 300 92
0 549.2 399.486 300 92
0 549.2 399.648 300 92
0 549.2 399.78 300 92
0 549.2 399.93 300 92
0 549.2 400.063 300 92
0 549.2 400.284 300 92
0 549.2 400.42 300 92
0 549.2 400.559 300 92
0 549.2 400.7 300 92
0 549.2 400.831 300 92
0 549.2 400.967 300 92
0 549.2 401.107 300 92
0 549.2 401.247 300 92
0 549.2 401.383 300 92
0 549.2 401.559 300 92
0 549.2 401.764 300 92
0 549.2 401.897 300 92
0 549.2 402.03 300 92
0 549.2 402.457 300 92
0 549.2 402.6 300 92
0 549.2 402.74 300 92
0 549.2 402.862 300 92
0 549.2 403.017 300 92
0 549.2 403.251 300 92
0 549.2 403.44 300 92
0 549.2 403.573 300 92
0 549.2 403.76 300 92
0 549.2 403.879 300 92
0 549.2 403.998 300 92
0 549.2 404.091 300 92
0 549.2 404.335 300 92
0 549.2 404.644 300 92
0 549.2 404.785 300 92
0 549.2 404.965 300 92
0 549.2 405.196 300 92
0 549.2 405.387 300 92
0 549.2 405.518 300 92
0 549.2 405.774 300 92
0 549.2 405.921 300 92
0 549.2 406.058 300 92
0 549.2 406.266 300 92
0 549.2 406.394 300 92
0 549.2 406.524 300 92
0 549.2 406.723 300 92
0 549.2 406.899 300 92
0 549.2 407.029 300 92
0 549.2 407.184 300 92
0 549.2 407.325 300 92
0 549.2 407.45 300 92
0 549.2 407.621 300 92
0 549.2 407.771 300 92
0 549.2 407.908 300 92
0 549.2 408.064 300 92
0 549.2 408.181 300 92
0 549.2 408.31 300 92
0 549.2 408.403 300 92
0 549.2 408.521 300 92
0 549.2 408.653 300 92
0 549.2 408.807 300 92
0 549.2 409.032 300 92
0 549.2 409.249 300 92
0 549.2 409.458 300 92
0 549.2 409.591 300 92
0 549.2 409.73 300 92
0 549.2 410.015 300 92
0 549.2 410.197 300 92
0 549.2 410.338 300 92
0 549.2 410.486 300 92
0 549.2 410.675 300 92
0 549.2 410.832 300 92
0 549.2 410.979 300 92
0 549.2 411.117 300 92
0 549.2 411.386 300 92
0 549.2 411.518 300 92
0 549.2 411.73 300 92
0 549.2 411.863 300 92
0 549.2 411.959 300 92
0 549.2 412.031 300 92
0 549.2 412.129 300 92
0 549.2 412.23 300 92
0 549.2 412.319 300 92
0 549.2 412.437 300 92
0 549.2 412.525 300 92
0 549.2 412.601 300 92
0 549.2 412.664 300 92
0 549.2 412.765 300 92
0 549.2 412.874 300 92
0 549.2 413.057 300 92
0 549.2 413.213 300 92
0 549.2 413.351 300 92
0 549.2 413.513 300 92
0 549.2 413.665 300 92
0 549.2 413.839 300 92
0 549.2 414.002 300 92
0 549.2 414.176 300 92
0 549.2 414.308 300 92
0 549.2 414.476 300 92
0 549.2 414.664 300 92
0 549.2 414.806 300 92
0 549.2 414.909 300 92
0 549.2 415.072 300 92
0 549.2 415.299 300 92
0 549.2 415.473 300 92
0 549.2 415.629 300 92
0 549.2 415.777 300 92
0 549.2 415.937 300 92
0 549.2 416.086 300 92
0 549.2 416.222 300 92
0 549.2 416.38 300 92
0 549.2 416.523 300 92
0 549.2 416.75 300 92
0 549.2 416.931 300 92
0 549.2 417.174 300 92
0 549.2 417.279 300 92
0 549.2 417.418 300 92
0 549.2 417.582 300 92
0 549.2 417.728 300 92
0 549.2 417.878 300 92
0 549.2 418.037 300 92
0 549.2 418.225 300 92
0 549.2 418.391 300 92
0 549.2 418.589 300 92
0 549.2 418.743 300 92
0 549.2 418.889 300 92
0 549.2 419.087 300 92
0 549.2 419.234 300 92
0 549.2 419.386 300 92
0 549.2 419.612 300 92
0 549.2 419.847 300 92
0 549.2 419.99 300 92
0 549.2 420.13 300 92
0 549.2 420.286 300 92
0 549.2 420.488 300 92
0 549.2 420.646 300 92
0 549.2 420.802 300 92
0 549.2 420.962 300 92
0 549.2 421.172 300 92
0 549.2 421.323 300 92
0 549.2 421.457 300 92
0 549.2 421.588 300 92
0 549.2 421.731 300 92
0 549.2 421.962 300 92
0 549.2 422.099 300 92
0 549.2 422.235 300 92
0 549.2 422.374 300 92
0 549.2 422.513 300 92
0 549.2 422.671 300 92
0 549.2 422.829 300 92
0 549.2 422.998 300 92
0 549.2 423.205 300 92
0 549.2 423.382 300 92
0 549.2 423.516 300 92
0 549.2 423.675 300 92
0 549.2 423.853 300 92
0 549.2 423.999 300 92
0 549.2 424.132 300 92
0 549.2 424.263 300 92
0 549.2 424.443 300 92
0 549.2 424.581 300 92
0 549.2 424.769 300 92
0 549.2 424.898 300 92
0 549.2 425.106 300 92
0 549.2 425.239 300 92
0 549.2 425.374 300 92
0 549.2 425.511 300 92
0 549.2 425.717 300 92
0 549.2 425.939 300 92
0 549.2 426.08 300 92
0 549.2 426.243 300 92
0 549.2 426.408 300 92
0 549.2 426.588 300 92
0 549.2 426.739 300 92
0 549.2 426.929 300 92
0 549.2 427.068 300 92
0 549.2 427.288 300 92
0 549.2 427.529 300 92
0 549.2 427.681 300 92
0 549.2 427.823 300 92
0 549.2 427.997 300 92
0 549.2 428.152 300 92
0 549.2 428.327 300 92
0 549.2 428.498 300 92
0 549.2 428.633 300 92
0 549.2 428.764 300 92
0 549.2 428.901 300 92
0 549.2 429.049 300 92
0 549.2 429.221 300 92
0 549.2 429.355 300 92
0 549.2 429.546 300 92
0 549.2 429.664 300 92
0 549.2 429.749 300 92
0 549.2 429.84 300 92
0 549.2 429.927 300 92
0 549.2 430.016 300 92
0 549.2 430.108 300 92
0 549.2 430.217 300 92
0 549.2 430.308 300 92
0 549.2 430.398 300 92
0 549.2 430.484 300 92
0 549.2 430.579 300 92
0 549.2 430.674 300 92
0 549.2 430.771 300 92
0 549.2 430.868 300 92
0 549.2 430.962 300 92
0 549.2 431.052 300 92
0 549.2 431.165 300 92
0 549.2 431.258 300 92
0 549.2 431.392 300 92
0 549.2 431.531 300 92
0 549.2 431.682 300 92
0 549.2 431.822 300 92
0 549.2 431.971 300 92
0 549.2 432.143 300 92
0 549.2 432.292 300 92
0 549.2 432.445 300 92
0 549.2 432.678 300 92
0 549.2 432.855 300 92
0 549.2 433.051 300 92
0 549.2 433.212 300 92
0 549.2 433.361 300 92
0 549.2 433.608 300 92
0 549.2 433.879 300 92
0 549.2 434.114 300 92
0 549.2 434.264 300 92
0 549.2 434.416 300 92
0 549.2 434.557 300 92
0 549.2 434.734 300 92
0 549.2 434.894 300 92
0 549.2 435.015 300 92
0 549.2 435.109 300 92
0 549.2 435.199 300 92
0 549.2 435.363 300 92
0 549.2 435.515 300 92
0 549.2 435.664 300 92
0 549.2 435.83 300 92
0 549.2 435.983 300 92
0 549.2 436.134 300 92
0 549.2 436.278 300 92
0 549.2 436.433 300 92
0 549.2 436.535 300 92
0 549.2 436.633 300 92
0 549.2 436.759 300 92
0 549.2 436.862 300 92
0 549.2 437.099 300 92
0 549.2 437.242 300 92
0 549.2 437.372 300 92
0 549.2 437.512 300 92
0 549.2 437.651 300 92
0 549.2 437.798 300 92
0 549.2 437.973 300 92
0 549.2 438.06 300 92
0 549.2 438.195 300 92
0 549.2 438.278 300 92
0 549.2 438.476 300 92
0 549.2 438.718 300 92
0 549.2 438.888 300 92
0 549.2 439.103 300 92
0 549.2 439.261 300 92
0 549.2 439.465 300 92
0 549.2 439.637 300 92
0 549.2 439.943 300 92
0 549.2 440.049 300 92
0 549.2 440.186 300 92
0 549.2 440.315 300 92
0 549.2 440.457 300 92
0 549.2 440.589 300 92
0 549.2 440.734 300 92
0 549.2 440.969 300 92
0 549.2 441.091 300 92
0 549.2 441.351 300 92
0 549.2 441.542 300 92
0 549.2 441.771 300 92
0 549.2 441.884 300 92
0 549.2 442.128 300 92
0 549.2 442.288 300 92
0 549.2 442.418 300 92
0 549.2 442.606 300 92
0 549.2 442.757 300 92
0 549.2 442.89 300 92
0 549.2 443.106 300 92
0 549.2 443.244 300 92
0 549.2 443.416 300 92
0 549.2 443.514 300 92
0 549.2 443.601 300 92
0 549.2 443.761 300 92
0 549.2 443.891 300 92
0 549.2 444.009 300 92
0 549.2 444.134 300 92
0 549.2 444.268 300 92
0 549.2 444.416 300 92
0 549.2 444.672 300 92
0 549.2 444.815 300 92
0 549.2 444.94 300 92
0 549.2 445.065 300 92
0 549.2 445.157 300 92
0 549.2 445.279 300 92
0 549.2 445.411 300 92
0 549.2 445.548 300 92
0 549.2 445.737 300 92
0 549.2 445.922 300 92
0 549.2 446.02 300 92
0 549.2 446.186 300 92
0 549.2 446.321 300 92
0 549.2 446.447 300 92
0 549.2 446.585 300 92
0 549.2 446.712 300 92
0 549.2 446.88 300 92
0 549.2 447.114 300 92
0 549.2 447.265 300 92
0 549.2 447.415 300 92
0 549.2 447.553 300 92
0 549.2 447.701 300 92
0 549.2 447.84 300 92
0 549.2 447.981 300 92
0 549.2 448.13 300 92
0 549.2 448.253 300 92
0 549.2 448.407 300 92
0 549.2 448.529 300 92
0 549.2 448.668 300 92
0 549.2 448.813 300 92
0 549.2 448.943 300 92
0 549.2 449.076 300 92
0 549.2 449.244 300 92
0 549.2 449.37 300 92
0 549.2 449.512 300 92
0 549.2 449.656 300 92
0 549.2 449.785 300 92
0 549.2 449.908 300 92
0 549.2 450.093 300 92
0 549.2 450.22 300 92
0 549.2 450.316 300 92
0 549.2 450.408 300 92
0 549.2 450.498 300 92
0 549.2 450.624 300 92
0 549.2 450.731 300 92
0 549.2 450.862 300 92
0 549.2 450.985 300 92
0 549.2 451.17 300 92
0 549.2 451.311 300 92
0 549.2 451.424 300 92
0 549.2 451.549 300 92
0 549.2 451.686 300 92
0 549.2 451.815 300 92
0 549.2 451.948 300 92
0 549.2 452.075 300 92
0 549.2 452.206 300 92
0 549.2 452.379 300 92
0 549.2 452.507 300 92
0 549.2 452.636 300 92
0 549.2 452.765 300 92
0 549.2 452.897 300 92
0 549.2 453.045 300 92
0 549.2 453.157 300 92
0 549.2 453.346 300 92
0 549.2 453.503 300 92
0 549.2 453.635 300 92
0 549.2 453.73 300 92
0 549.2 453.862 300 92
0 549.2 453.999 300 92
0 549.2 454.145 300 92
0 549.2 454.286 300 92
0 549.2 454.423 300 92
0 549.2 454.612 300 92
0 549.2 454.751 300 92
0 549.2 454.878 300 92
0 549.2 455.024 300 92
0 549.2 455.102 300 92
0 549.2 455.231 300 92
0 549.2 455.421 300 92
0 549.2 455.563 300 92
0 549.2 455.806 300 92
0 549.2 455.937 300 92
0 549.2 456.079 300 92
0 549.2 456.217 300 92
0 549.2 456.353 300 92
0 549.2 456.497 300 92
0 549.2 456.638 300 92
0 549.2 456.838 300 92
0 549.2 457.126 300 92
0 549.2 457.291 300 92
0 549.2 457.45 300 92
0 549.2 457.561 300 92
0 549.2 457.707 300 92
0 549.2 457.859 300 92
0 549.2 458.002 300 92
0 549.2 458.149 300 92
0 549.2 458.307 300 92
0 549.2 458.495 300 92
0 549.2 458.631 300 92
0 549.2 458.819 300 92
0 549.2 458.963 300 92
0 549.2 459.093 300 92
0 549.2 459.229 300 92
0 549.2 459.363 300 92
0 549.2 459.499 300 92
0 549.2 459.602 300 92
0 549.2 459.75 300 92
0 549.2 459.89 300 92
0 549.2 460.075 300 92
0 549.2 460.2 300 92
0 549.2 460.339 300 92
0 549.2 460.482 300 92
0 549.2 460.676 300 92
0 549.2 460.805 300 92
0 549.2 461.023 300 92
0 549.2 461.232 300 92
0 549.2 461.383 300 92
0 549.2 461.595 300 92
0 549.2 461.762 300 92
0 549.2 461.955 300 92
0 549.2 462.097 300 92
0 549.2 462.406 300 92
0 549.2 462.556 300 92
0 549.2 462.713 300 92
0 549.2 462.873 300 92
0 549.2 463.047 300 92
0 549.2 463.245 300 92
0 549.2 463.37 300 92
0 549.2 463.522 300 92
0 549.2 463.671 300 92
0 549.2 463.833 300 92
0 549.2 463.97 300 92
0 549.2 464.163 300 92
0 549.2 464.303 300 92
0 549.2 464.445 300 92
0 549.2 464.586 300 92
0 549.2 464.725 300 92
0 549.2 464.85 300 92
0 549.2 465.05 300 92
0 549.2 465.191 300 92
0 549.2 465.337 300 92
0 549.2 465.476 300 92
0 549.2 465.621 300 92
0 549.2 465.753 300 92
0 549.2 465.85 300 92
0 549.2 466.158 300 92
0 549.2 466.33 300 92
0 549.2 466.59 300 92
0 549.2 466.725 300 92
0 549.2 466.873 300 92
0 549.2 467.005 300 92
0 549.2 467.134 300 92
0 549.2 467.331 300 92
0 549.2 467.47 300 92
0 549.2 467.607 300 92
0 549.2 467.793 300 92
0 549.2 467.932 300 92
0 549.2 468.163 300 92
0 549.2 468.318 300 92
0 549.2 468.458 300 92
0 549.2 468.603 300 92
0 549.2 468.774 300 92
0 549.2 468.931 300 92
0 549.2 469.099 300 92
0 549.2 469.235 300 92
0 549.2 469.325 300 92
0 549.2 469.404 300 92
0 549.2 469.637 300 92
0 549.2 469.804 300 92
0 549.2 470.033 300 92
0 549.2 470.171 300 92
0 549.2 470.307 300 92
0 549.2 470.509 300 92
0 549.2 470.639 300 92
0 549.2 470.796 300 92
0 549.2 471.037 300 92
0 549.2 471.105 300 92
0 549.2 471.287 300 92
0 549.2 471.418 300 92
0 549.2 471.561 300 92
0 549.2 471.709 300 92
0 549.2 471.855 300 92
0 549.2 472.044 300 92
0 549.2 472.185 300 92
0 549.2 472.394 300 92
0 549.2 472.57 300 92
0 549.2 472.708 300 92
0 549.2 472.959 300 92
0 549.2 473.181 300 92
0 549.2 473.333 300 92
0 549.2 473.461 300 92
0 549.2 473.557 300 92
0 549.2 473.65 300 92
0 549.2 473.746 300 92
0 549.2 473.835 300 92
0 549.2 473.964 300 92
0 549.2 474.065 300 92
0 549.2 474.181 300 92
0 549.2 474.268 300 92
0 549.2 474.357 300 92
0 549.2 474.512 300 92
0 549.2 474.638 300 92
0 549.2 474.814 300 92
0 549.2 474.943 300 92
0 549.2 475.073 300 92
0 549.2 475.204 300 92
0 549.2 475.42 300 92
0 549.2 475.608 300 92
0 549.2 475.749 300 92
0 549.2 475.949 300 92
0 549.2 476.143 300 92
0 549.2 476.276 300 92
0 549.2 476.416 300 92
0 549.2 476.541 300 92
0 549.2 476.743 300 92
0 549.2 476.857 300 92
0 549.2 476.997 300 92
0 549.2 477.163 300 92
0 549.2 477.302 300 92
0 549.2 477.441 300 92
0 549.2 477.587 300 92
0 549.2 477.77 300 92
0 549.2 477.948 300 92
0 549.2 478.088 300 92
0 549.2 478.275 300 92
0 549.2 478.41 300 92
0 549.2 478.633 300 92
0 549.2 478.887 300 92
0 549.2 479.161 300 92
0 549.2 479.307 300 92
0 549.2 479.453 300 92
0 549.2 479.61 300 92
0 549.2 479.824 300 92
0 549.2 479.984 300 92
0 549.2 480.121 300 92
0 549.2 480.252 300 92
0 549.2 480.379 300 92
0 549.2 480.528 300 92
0 549.2 480.652 300 92
0 549.2 480.925 300 92
0 549.2 481.056 300 92
0 549.2 481.205 300 92
0 549.2 481.339 300 92
0 549.2 481.488 300 92
0 549.2 481.613 300 92
0 549.2 481.743 300 92
0 549.2 481.879 300 92
0 549.2 482.002 300 92
0 549.2 482.151 300 92
0 549.2 482.295 300 92
0 549.2 482.423 300 92
0 549.2 482.633 300 92
0 549.2 482.84 300 92
0 549.2 482.974 300 92
0 549.2 483.092 300 92
0 549.2 483.195 300 92
0 549.2 483.321 300 92
0 549.2 483.452 300 92
0 549.2 483.589 300 92
0 549.2 483.726 300 92
0 549.2 483.873 300 92
0 549.2 484.059 300 92
0 549.2 484.196 300 92
0 549.2 484.339 300 92
0 549.2 484.418 300 92
0 549.2 484.548 300 92
0 549.2 484.711 300 92
0 549.2 484.863 300 92
0 549.2 485.041 300 92
0 549.2 485.182 300 92
0 549.2 485.324 300 92
0 549.2 485.442 300 92
0 549.2 485.577 300 92
0 549.2 485.714 300 92
0 549.2 485.84 300 92
0 549.2 485.978 300 92
0 549.2 486.14 300 92
0 549.2 486.264 300 92
0 549.2 486.388 300 92
0 549.2 486.47 300 92
0 549.2 486.592 300 92
0 549.2 486.685 300 92
0 549.2 486.79 300 92
0 549.2 486.886 300 92
0 549.2 486.978 300 92
0 549.2 487.072 300 92
0 549.2 487.166 300 92
0 549.2 487.289 300 92
0 549.2 487.381 300 92
0 549.2 487.457 300 92
0 549.2 487.573 300 92
0 549.2 487.727 300 92
0 549.2 487.824 300 92
0 549.2 487.911 300 92
0 549.2 487.993 300 92
0 549.2 488.081 300 92
0 549.2 488.166 300 92
0 549.2 488.25 300 92
0 549.2 488.346 300 92
0 549.2 488.427 300 92
0 549.2 488.526 300 92
0 549.2 488.636 300 92
0 549.2 488.786 300 92
0 549.2 488.942 300 92
0 549.2 489.077 300 92
0 549.2 489.206 300 92
0 549.2 489.298 300 92
0 549.2 489.419 300 92
0 549.2 489.531 300 92
0 549.2 489.672 300 92
0 549.2 489.792 300 92
0 549.2 489.935 300 92
0 549.2 490.06 300 92
0 549.2 490.154 300 92
0 549.2 490.281 300 92
0 549.2 490.471 300 92
0 549.2 490.612 300 92
0 549.2 490.736 300 92
0 549.2 490.865 300 92
0 549.2 490.994 300 92
0 549.2 491.12 300 92
0 549.2 491.247 300 92
0 549.2 491.416 300 92
0 549.2 491.549 300 92
0 549.2 491.662 300 92
0 549.2 491.788 300 92
0 549.2 491.93 300 92
0 549.2 492.118 300 92
0 549.2 492.242 300 92
0 549.2 492.362 300 92
0 549.2 492.523 300 92
0 549.2 492.654 300 92
0 549.2 492.768 300 92
0 549.2 492.957 300 92
0 549.2 493.198 300 92
0 549.2 493.354 300 92
0 549.2 493.534 300 92
0 549.2 493.712 300 92
0 549.2 493.893 300 92
0 549.2 494.025 300 92
0 549.2 494.149 300 92
0 549.2 494.293 300 92
0 549.2 494.554 300 92
0 549.2 494.686 300 92
0 549.2 494.819 300 92
0 549.2 494.955 300 92
0 549.2 495.064 300 92
0 549.2 495.243 300 92
0 549.2 495.419 300 92
0 549.2 495.539 300 92
0 549.2 495.705 300 92
0 549.2 495.823 300 92
0 549.2 495.949 300 92
0 549.2 496.07 300 92
0 549.2 496.232 300 92
0 549.2 496.35 300 92
0 549.2 496.494 300 92
0 549.2 496.612 300 92
0 549.2 496.78 300 92
0 549.2 496.891 300 92
0 549.2 497.025 300 92
0 549.2 497.178 300 92
0 549.2 497.294 300 92
0 549.2 497.429 300 92
0 549.2 497.634 300 92
0 549.2 497.754 300 92
0 549.2 497.848 300 92
0 549.2 497.98 300 92
0 549.2 498.158 300 92
0 549.2 498.324 300 92
0 549.2 498.452 300 92
0 549.2 498.621 300 92
0 549.2 498.709 300 92
0 549.2 498.854 300 92
0 549.2 499.04 300 92
0 549.2 499.217 300 92
0 549.2 499.359 300 92
0 549.2 499.536 300 92
0 549.2 499.697 300 92
0 549.2 499.93 300 92
0 549.2 500.077 300 92
0 549.2 500.209 300 92
0 549.2 500.333 300 92
0 549.2 500.465 300 92
0 549.2 500.635 300 92
0 549.2 500.839 300 92
0 549.2 500.983 300 92
0 549.2 501.095 300 92
0 549.2 501.23 300 92
0 549.2 501.361 300 92
0 549.2 501.498 300 92
0 549.2 501.618 300 92
0 549.2 501.761 300 92
0 549.2 501.931 300 92
0 549.2 502.07 300 92
0 549.2 502.197 300 92
0 549.2 502.383 300 92
0 549.2 502.505 300 92
0 549.2 502.645 300 92
0 549.2 502.828 300 92
0 549.2 503.045 300 92
0 549.2 503.178 300 92
0 549.2 503.317 300 92
0 549.2 503.454 300 92
0 549.2 503.676 300 92
0 549.2 503.879 300 92
0 549.2 504.002 300 92
0 549.2 504.139 300 92
0 549.2 504.272 300 92
0 549.2 504.365 300 92
0 549.2 504.575 300 92
0 549.2 504.747 300 92
0 549.2 504.945 300 92
0 549.2 505.114 300 92
0 549.2 505.258 300 92
0 549.2 505.481 300 92
0 549.2 505.653 300 92
0 549.2 505.776 300 92
0 549.2 505.911 300 92
0 549.2 506.041 300 92
0 549.2 506.126 300 92
0 549.2 506.306 300 92
0 549.2 506.44 300 92
0 549.2 506.582 300 92
0 549.2 506.731 300 92
0 549.2 506.862 300 92
0 549.2 507.002 300 92
0 549.2 507.135 300 92
0 549.2 507.266 300 92
0 549.2 507.46 300 92
0 549.2 507.595 300 92
0 549.2 507.741 300 92
0 549.2 507.899 300 92
0 549.2 508.034 300 92
0 549.2 508.21 300 92
0 549.2 508.344 300 92
0 549.2 508.481 300 92
0 549.2 508.656 300 92
0 549.2 508.784 300 92
0 549.2 508.911 300 92
0 549.2 509.039 300 92
0 549.2 509.169 300 92
0 549.2 509.299 300 92
0 549.2 509.455 300 92
0 549.2 509.575 300 92
0 549.2 509.701 300 92
0 549.2 509.84 300 92
0 549.2 510.031 300 92
0 549.2 510.149 300 92
0 549.2 510.295 300 92
0 549.2 510.467 300 92
0 549.2 510.609 300 92
0 549.2 510.754 300 92
0 549.2 510.89 300 92
0 549.2 511.082 300 92
0 549.2 511.219 300 92
0 549.2 511.365 300 92
0 549.2 511.507 300 92
0 549.2 511.634 300 92
0 549.2 511.819 300 92
0 549.2 511.974 300 92
0 549.2 512.11 300 92
0 549.2 512.255 300 92
0 549.2 512.367 300 92
0 549.2 512.503 300 92
0 549.2 512.634 300 92
0 549.2 512.78 300 92
0 549.2 512.923 300 92
0 549.2 513.078 300 92
0 549.2 513.215 300 92
0 549.2 513.355 300 92
0 549.2 513.586 300 92
0 549.2 513.761 300 92
0 549.2 513.915 300 92
0 549.2 514.045 300 92
0 549.2 514.181 300 92
0 549.2 514.306 300 92
0 549.2 514.447 300 92
0 549.2 514.611 300 92
0 549.2 514.761 300 92
0 549.2 514.873 300 92
0 549.2 514.967 300 92
0 549.2 515.054 300 92
0 549.2 515.149 300 92
0 549.2 515.287 300 92
0 549.2 515.389 300 92
0 549.2 515.577 300 92
0 549.2 515.676 300 92
0 549.2 515.743 300 92
0 549.2 515.875 300 92
0 549.2 515.993 300 92
0 549.2 516.122 300 92
0 549.2 516.259 300 92
0 549.2 516.329 300 92
0 549.2 516.456 300 92
0 549.2 516.597 300 92
0 549.2 516.71 300 92
0 549.2 516.979 300 92
0 549.2 517.104 300 92
0 549.2 517.233 300 92
0 549.2 517.385 300 92
0 549.2 517.652 300 92
0 549.2 517.793 300 92
0 549.2 517.967 300 92
0 549.2 518.091 300 92
0 549.2 518.224 300 92
0 549.2 518.479 300 92
0 549.2 518.617 300 92
0 549.2 518.806 300 92
0 549.2 518.941 300 92
0 549.2 519.061 300 92
0 549.2 519.191 300 92
0 549.2 519.309 300 92
0 549.2 519.444 300 92
0 549.2 519.574 300 92
0 549.2 519.686 300 92
0 549.2 519.813 300 92
0 549.2 519.94 300 92
0 549.2 520.072 300 92
0 549.2 520.252 300 92
0 549.2 520.385 300 92
0 549.2 520.486 300 92
0 549.2 520.584 300 92
0 549.2 520.707 300 92
0 549.2 520.873 300 92
0 549.2 521.094 300 92
0 549.2 521.224 300 92
0 549.2 521.308 300 92
0 549.2 521.447 300 92
0 549.2 521.582 300 92
0 549.2 521.725 300 92
0 549.2 521.865 300 92
0 549.2 522.038 300 92
0 549.2 522.168 300 92
0 549.2 522.347 300 92
0 549.2 522.479 300 92
0 549.2 522.571 300 92
0 549.2 522.707 300 92
0 549.2 522.834 300 92
0 549.2 522.919 300 92
0 549.2 523.085 300 92
0 549.2 523.211 300 92
0 549.2 523.351 300 92
0 549.2 523.464 300 92
0 549.2 523.581 300 92
0 549.2 523.749 300 92
0 549.2 523.875 300 92
0 549.2 524.011 300 92
0 549.2 524.093 300 92
0 549.2 524.217 300 92
0 549.2 524.351 300 92
0 549.2 524.479 300 92
0 549.2 524.623 300 92
0 549.2 524.747 300 92
0 549.2 524.881 300 92
0 549.2 525.002 300 92
0 549.2 525.129 300 92
0 549.2 525.207 300 92
0 549.2 525.333 300 92
0 549.2 525.454 300 92
0 549.2 525.614 300 92
0 549.2 525.786 300 92
0 549.2 525.914 300 92
0 549.2 526.033 300 92
0 549.2 526.159 300 92
0 549.2 526.288 300 92
0 549.2 526.413 300 92
0 549.2 526.495 300 92
0 549.2 526.675 300 92
0 549.2 526.93 300 92
0 549.2 527.057 300 92
0 549.2 527.197 300 92
0 549.2 527.321 300 92
0 549.2 527.446 300 92
0 549.2 527.576 300 92
0 549.2 527.696 300 92
0 549.2 527.867 300 92
0 549.2 528.03 300 92
0 549.2 528.143 300 92
0 549.2 528.35 300 92
0 549.2 528.465 300 92
0 549.2 528.602 300 92
0 549.2 528.722 300 92
0 549.2 528.845 300 92
0 549.2 528.986 300 92
0 549.2 529.109 300 92
0 549.2 529.25 300 92
0 549.2 529.386 300 92
0 549.2 529.554 300 92
0 549.2 529.714 300 92
0 549.2 529.84 300 92
0 549.2 529.961 300 92
0 549.2 530.099 300 92
0 549.2 530.229 300 92
0 549.2 530.408 300 92
0 549.2 530.555 300 92
0 549.2 530.653 300 92
0 549.2 530.777 300 92
0 549.2 530.897 300 92
0 549.2 531.055 300 92
0 549.2 531.181 300 92
0 549.2 531.314 300 92
0 549.2 531.525 300 92
0 549.2 531.652 300 92
0 549.2 531.841 300 92
0 549.2 531.967 300 92
0 549.2 532.154 300 92
0 549.2 532.282 300 92
0 549.2 532.408 300 92
0 549.2 532.54 300 92
0 549.2 532.668 300 92
0 549.2 532.796 300 92
0 549.2 533.005 300 92
0 549.2 533.148 300 92
0 549.2 533.266 300 92
0 549.2 533.433 300 92
0 549.2 533.603 300 92
0 549.2 533.69 300 92
0 549.2 533.822 300 92
0 549.2 533.95 300 92
0 549.2 534.071 300 92
0 549.2 534.198 300 92
0 549.2 534.32 300 92
0 549.2 534.501 300 92
0 549.2 534.619 300 92
0 549.2 534.788 300 92
0 549.2 534.948 300 92
0 549.2 535.088 300 92
0 549.2 535.21 300 92
0 549.2 535.334 300 92
0 549.2 535.511 300 92
0 549.2 535.641 300 92
0 549.2 535.763 300 92
0 549.2 535.899 300 92
0 549.2 536.042 300 92
0 549.2 536.199 300 92
0 549.2 536.378 300 92
0 549.2 536.519 300 92
0 549.2 536.639 300 92
0 549.2 536.793 300 92
0 549.2 536.921 300 92
0 549.2 537.043 300 92
0 549.2 537.203 300 92
0 549.2 537.379 300 92
0 549.2 537.511 300 92
0 549.2 537.629 300 92
0 549.2 537.742 300 92
0 549.2 537.906 300 92
0 549.2 538.082 300 92
0 549.2 538.193 300 92
0 549.2 538.317 300 92
0 549.2 538.525 300 92
0 549.2 538.655 300 92
0 549.2 538.789 300 92
0 549.2 539.02 300 92
0 549.2 539.148 300 92
0 549.2 539.297 300 92
0 549.2 539.414 300 92
0 549.2 539.531 300 92
0 549.2 539.695 300 92
0 549.2 539.82 300 92
0 549.2 539.947 300 92
0 549.2 540.123 300 92
0 549.2 540.233 300 92
0 549.2 540.399 300 92
0 549.2 540.538 300 92
0 549.2 540.664 300 92
0 549.2 540.831 300 92
0 549.2 541.002 300 92
0 549.2 541.133 300 92
0 549.2 541.252 300 92
0 549.2 541.373 300 92
0 549.2 541.513 300 92
0 549.2 541.628 300 92
0 549.2 541.765 300 92
0 549.2 541.927 300 92
0 549.2 542.037 300 92
0 549.2 542.143 300 92
0 549.2 542.275 300 92
0 549.2 542.398 300 92
0 549.2 542.503 300 92
0 549.2 542.62 300 92
0 549.2 542.8 300 92
0 549.2 542.907 300 92
0 549.2 543.04 300 92
0 549.2 543.157 300 92
0 549.2 543.28 300 92
0 549.2 543.41 300 92
0 549.2 543.54 300 92
0 549.2 543.66 300 92
0 549.2 543.775 300 92
0 549.2 543.975 300 92
0 549.2 544.194 300 92
0 549.2 544.33 300 92
0 549.2 544.448 300 92
0 549.2 544.598 300 92
0 549.2 544.783 300 92
0 549.2 544.873 300 92
0 549.2 544.997 300 92
0 549.2 545.129 300 92
0 549.2 545.261 300 92
0 549.2 545.398 300 92
0 549.2 545.517 300 92
0 549.2 545.641 300 92
0 549.2 545.773 300 92
0 549.2 545.906 300 92
0 549.2 546.028 300 92
0 549.2 546.153 300 92
0 549.2 546.294 300 92
0 549.2 546.422 300 92
0 549.2 546.634 300 92
0 549.2 546.759 300 92
0 549.2 546.876 300 92
0 549.2 547 300 92
0 549.2 547.128 300 92
0 549.2 547.219 300 92
0 549.2 547.349 300 92
0 549.2 547.47 300 92
0 549.2 547.591 300 92
0 549.2 547.779 300 92
0 549.2 547.887 300 92
0 549.2 548.015 300 92
0 549.2 548.148 300 92
0 549.2 548.301 300 92
0 549.2 548.517 300 92
0 549.2 548.646 300 92
0 549.2 548.728 300 92
0 549.2 548.86 300 92
0 549.2 548.996 300 92
0 549.2 549.085 300 92
0 549.2 549.192 300 92
0 549.2 549.279 300 92
0 549.2 549.361 300 92
0 549.2 549.481 300 92
0 549.2 549.747 300 92
0 549.2 549.879 300 92
0 549.2 550.009 300 92
0 549.2 550.172 300 92
0 549.2 550.282 300 92
0 549.2 550.413 300 92
0 549.2 550.546 300 92
0 549.2 550.685 300 92
0 549.2 550.925 300 92
0 549.2 551.141 300 92
0 549.2 551.26 300 92
0 549.2 551.354 300 92
0 549.2 551.444 300 92
0 549.2 551.524 300 92
0 549.2 551.61 300 92
0 549.2 551.693 300 92
0 549.2 551.789 300 92
0 549.2 551.877 300 92
0 549.2 551.963 300 92
0 549.2 552.041 300 92
0 549.2 552.132 300 92
0 549.2 552.239 300 92
0 549.2 552.325 300 92
0 549.2 552.413 300 92
0 549.2 552.499 300 92
0 549.2 552.586 300 92
0 549.2 552.679 300 92
0 549.2 552.777 300 92
0 549.2 552.919 300 92
0 549.2 553.037 300 92
0 549.2 553.215 300 92
0 549.2 553.347 300 92
0 549.2 553.543 300 92
0 549.2 553.693 300 92
0 549.2 553.793 300 92
0 549.2 553.919 300 92
0 549.2 554.025 300 92
0 549.2 554.148 300 92
0 549.2 554.284 300 92
0 549.2 554.463 300 92
0 549.2 554.584 300 92
0 549.2 554.794 300 92
0 549.2 554.921 300 92
0 549.2 555.052 300 92
0 549.2 555.198 300 92
0 549.2 555.37 300 92
0 549.2 555.508 300 92
0 549.2 555.654 300 92
0 549.2 555.8 300 92
0 549.2 555.936 300 92
0 549.2 556.064 300 92
0 549.2 556.26 300 92
0 549.2 556.384 300 92
0 549.2 556.566 300 92
0 549.2 556.712 300 92
0 549.2 556.939 300 92
0 549.2 557.021 300 92
0 549.2 557.148 300 92
0 549.2 557.26 300 92
0 549.2 557.423 300 92
0 549.2 557.549 300 92
0 549.2 557.682 300 92
0 549.2 557.824 300 92
0 549.2 557.962 300 92
0 549.2 558.108 300 92
0 549.2 558.257 300 92
0 549.2 558.379 300 92
0 549.2 558.528 300 92
0 549.2 558.646 300 92
0 549.2 558.735 300 92
0 549.2 558.916 300 92
0 549.2 559.01 300 92
0 549.2 559.098 300 92
0 549.2 559.205 300 92
0 549.2 559.358 300 92
0 549.2 559.445 300 92
0 549.2 559.57 300 92
0 549.2 559.709 300 92
0 549.2 559.9 300 92
0 549.2 560.015 300 92
0 549.2 560.186 300 92
0 549.2 560.312 300 92
0 549.2 560.445 300 92
0 549.2 560.571 300 92
0 549.2 560.756 300 92
0 549.2 560.888 300 92
0 549.2 561.044 300 92
0 549.2 561.168 300 92
0 549.2 561.293 300 92
0 549.2 561.422 300 92
0 549.2 561.523 300 92
0 549.2 561.666 300 92
0 549.2 561.78 300 92
0 549.2 561.914 300 92
0 549.2 562.043 300 92
0 549.2 562.258 300 92
0 549.2 562.447 300 92
0 549.2 562.638 300 92
0 549.2 562.759 300 92
0 549.2 562.892 300 92
0 549.2 562.983 300 92
0 549.2 563.124 300 92
0 549.2 563.258 300 92
0 549.2 563.432 300 92
0 549.2 563.593 300 92
0 549.2 563.734 300 92
0 549.2 563.816 300 92
0 549.2 563.985 300 92
0 549.2 564.228 300 92
0 549.2 564.41 300 92
0 549.2 564.547 300 92
0 549.2 564.723 300 92
0 549.2 564.962 300 92
0 549.2 565.111 300 92
0 549.2 565.227 300 92
0 549.2 565.364 300 92
0 549.2 565.528 300 92
0 549.2 565.668 300 92
0 549.2 565.794 300 92
0 549.2 565.943 300 92
0 549.2 566.06 300 92
0 549.2 566.208 300 92
0 549.2 566.392 300 92
0 549.2 566.525 300 92
0 549.2 566.641 300 92
0 549.2 566.824 300 92
0 549.2 566.947 300 92
0 549.2 567.031 300 92
0 549.2 567.174 300 92
0 549.2 567.313 300 92
0 549.2 567.534 300 92
0 549.2 567.674 300 92
0 549.2 567.811 300 92
0 549.2 567.998 300 92
0 549.2 568.132 300 92
0 549.2 568.269 300 92
0 549.2 568.411 300 92
0 549.2 568.538 300 92
0 549.2 568.753 300 92
0 549.2 568.854 300 92
0 549.2 568.955 300 92
0 549.2 569.053 300 92
0 549.2 569.137 300 92
0 549.2 569.213 300 92
0 549.2 569.302 300 92
0 549.2 569.39 300 92
0 549.2 569.498 300 92
0 549.2 569.66 300 92
0 549.2 569.926 300 92
0 549.2 570.068 300 92
0 549.2 570.362 300 92
0 549.2 570.506 300 92
0 549.2 570.65 300 92
0 549.2 570.793 300 92
0 549.2 570.943 300 92
0 549.2 571.185 300 92
0 549.2 571.319 300 92
0 549.2 571.463 300 92
0 549.2 571.611 300 92
0 549.2 571.738 300 92
0 549.2 571.889 300 92
0 549.2 572.031 300 92
0 549.2 572.172 300 92
0 549.2 572.367 300 92
0 549.2 572.516 300 92
0 549.2 572.67 300 92
0 549.2 572.832 300 92
0 549.2 572.981 300 92
0 549.2 573.101 300 92
0 549.2 573.314 300 92
0 549.2 573.438 300 92
0 549.2 573.546 300 92
0 549.2 573.735 300 92
0 549.2 573.947 300 92
0 549.2 574.07 300 92
0 549.2 574.192 300 92
0 549.2 574.32 300 92
0 549.2 574.449 300 92
0 549.2 574.61 300 92
0 549.2 574.811 300 92
0 549.2 574.986 300 92
0 549.2 575.172 300 92
0 549.2 575.324 300 92
0 549.2 575.539 300 92
0 549.2 575.687 300 92
0 549.2 575.839 300 92
0 549.2 575.994 300 92
0 549.2 576.218 300 92
0 549.2 576.398 300 92
0 549.2 576.544 300 92
0 549.2 576.704 300 92
0 549.2 576.849 300 92
0 549.2 577.027 300 92
0 549.2 577.171 300 92
0 549.2 577.327 300 92
0 549.2 577.547 300 92
0 549.2 577.735 300 92
0 549.2 577.862 300 92
0 549.2 577.96 300 92
0 549.2 578.117 300 92
0 549.2 578.25 300 92
0 549.2 578.396 300 92
0 549.2 578.638 300 92
0 549.2 578.781 300 92
0 549.2 578.877 300 92
0 549.2 578.999 300 92
0 549.2 579.13 300 92
0 549.2 579.373 300 92
0 549.2 579.501 300 92
0 549.2 579.655 300 92
0 549.2 579.941 300 92
0 549.2 580.07 300 92
0 549.2 580.192 300 92
0 549.2 580.461 300 92
0 549.2 580.593 300 92
0 549.2 580.744 300 92
0 549.2 580.835 300 92
0 549.2 581.011 300 92
0 549.2 581.15 300 92
0 549.2 581.288 300 92
0 549.2 581.503 300 92
0 549.2 581.684 300 92
0 549.2 581.837 300 92
0 549.2 581.993 300 92
0 549.2 582.083 300 92
0 549.2 582.228 300 92
0 549.2 582.532 300 92
0 549.2 582.708 300 92
0 549.2 582.858 300 92
0 549.2 583.222 300 92
0 549.2 583.393 300 92
0 549.2 583.493 300 92
0 549.2 583.647 300 92
0 549.2 583.781 300 92
0 549.2 583.929 300 92
0 549.2 584.081 300 92
0 549.2 584.316 300 92
0 549.2 584.586 300 92
0 549.2 584.753 300 92
0 549.2 584.853 300 92
0 549.2 584.986 300 92
0 549.2 585.134 300 92
0 549.2 585.279 300 92
0 549.2 585.431 300 92
0 549.2 585.583 300 92
0 549.2 585.73 300 92
0 549.2 585.865 300 92
0 549.2 586.01 300 92
0 549.2 586.141 300 92
0 549.2 586.268 300 92
0 549.2 586.417 300 92
0 549.2 586.555 300 92
0 549.2 586.697 300 92
0 549.2 586.835 300 92
0 549.2 587.046 300 92
0 549.2 587.217 300 92
0 549.2 587.389 300 92
0 549.2 587.531 300 92
0 549.2 587.798 300 92
0 549.2 587.921 300 92
0 549.2 588.077 300 92
0 549.2 588.264 300 92
0 549.2 588.4 300 92
0 549.2 588.486 300 92
0 549.2 588.689 300 92
0 549.2 588.852 300 92
0 549.2 589.049 300 92
0 549.2 589.24 300 92
0 549.2 589.469 300 92
0 549.2 589.663 300 92
0 549.2 589.806 300 92
0 549.2 589.952 300 92
0 549.2 590.096 300 92
0 549.2 590.254 300 92
0 549.2 590.4 300 92
0 549.2 590.502 300 92
0 549.2 590.67 300 92
0 549.2 590.826 300 92
0 549.2 590.972 300 92
0 549.2 591.107 300 92
0 549.2 591.329 300 92
0 549.2 591.411 300 92
0 549.2 591.549 300 92
0 549.2 591.685 300 92
0 549.2 591.786 300 92
0 549.2 591.921 300 92
0 549.2 592.115 300 92
0 549.2 592.28 300 92
0 549.2 592.432 300 92
0 549.2 592.585 300 92
0 549.2 592.74 300 92
0 549.2 592.873 300 92
0 549.2 592.999 300 92
0 549.2 593.122 300 92
0 549.2 593.222 300 92
0 549.2 593.316 300 92
0 549.2 593.414 300 92
0 549.2 593.513 300 92
0 549.2 593.58 300 92
0 549.2 593.713 300 92
0 549.2 593.928 300 92
0 549.2 594.104 300 92
0 549.2 594.248 300 92
0 549.2 594.457 300 92
0 549.2 594.821 300 92
0 549.2 594.968 300 92
0 549.2 595.156 300 92
0 549.2 595.306 300 92
0 549.2 595.583 300 92
0 549.2 595.804 300 92
0 549.2 596.009 300 92
0 549.2 596.154 300 92
0 549.2 596.304 300 92
0 549.2 596.426 300 92
0 549.2 596.578 300 92
0 549.2 596.75 300 92
0 549.2 596.833 300 92
0 549.2 596.941 300 92
0 549.2 597.066 300 92
0 549.2 597.23 300 92
0 549.2 597.407 300 92
0 549.2 597.548 300 92
0 549.2 597.685 300 92
0 549.2 597.891 300 92
0 549.2 598.049 300 92
0 549.2 598.194 300 92
0 549.2 598.314 300 92
0 549.2 598.419 300 92
0 549.2 598.521 300 92
0 549.2 598.623 300 92
0 549.2 598.719 300 92
0 549.2 598.816 300 92
0 549.2 598.915 300 92
0 549.2 599.038 300 92
0 549.2 599.173 300 92
0 549.2 599.391 300 92
0 549.2 599.564 300 92
0 549.2 599.735 300 92
0 549.2 599.92 300 92
0 549.2 600.076 300 92
0 549.2 600.218 300 92
0 549.2 600.312 300 92
0 549.2 600.475 300 92
0 549.2 600.627 300 92
0 549.2 600.805 300 92
0 549.2 600.972 300 92
0 549.2 601.104 300 92
0 549.2 601.273 300 92
0 549.2 601.408 300 92
0 549.2 601.553 300 92
0 549.2 601.687 300 92
0 549.2 601.778 300 92
0 549.2 601.926 300 92
0 549.2 602.044 300 92
0 549.2 602.174 300 92
0 549.2 602.305 300 92
0 549.2 602.462 300 92
0 549.2 602.618 300 92
0 549.2 602.752 300 92
0 549.2 602.895 300 92
0 549.2 603.092 300 92
0 549.2 603.279 300 92
0 549.2 603.425 300 92
0 549.2 603.571 300 92
0 549.2 603.714 300 92
0 549.2 603.845 300 92
0 549.2 603.991 300 92
0 549.2 604.132 300 92
0 549.2 604.319 300 92
0 549.2 604.449 300 92
0 549.2 604.585 300 92
0 549.2 604.734 300 92
0 549.2 604.874 300 92
0 549.2 604.999 300 92
0 549.2 605.127 300 92
0 549.2 605.344 300 92
0 549.2 605.529 300 92
0 549.2 605.654 300 92
0 549.2 605.802 300 92
0 549.2 605.94 300 92
0 549.2 606.141 300 92
0 549.2 606.288 300 92
0 549.2 606.473 300 92
0 549.2 606.665 300 92
0 549.2 606.857 300 92
0 549.2 607.007 300 92
0 549.2 607.152 300 92
0 549.2 607.285 300 92
0 549.2 607.429 300 92
0 549.2 607.569 300 92
0 549.2 607.716 300 92
0 549.2 607.869 300 92
0 549.2 608.104 300 92
0 549.2 608.239 300 92
0 549.2 608.394 300 92
0 549.2 608.547 300 92
0 549.2 608.699 300 92
0 549.2 608.893 300 92
0 549.2 609.044 300 92
0 549.2 609.293 300 92
0 549.2 609.442 300 92
0 549.2 609.6 300 92
0 549.2 609.761 300 92
0 549.2 609.926 300 92
0 549.2 610.056 300 92
0 549.2 610.198 300 92
0 549.2 610.4 300 92
0 549.2 610.541 300 92
0 549.2 610.779 300 92
0 549.2 610.922 300 92
0 549.2 611.051 300 92
0 549.2 611.205 300 92
0 549.2 611.336 300 92
0 549.2 611.438 300 92
0 549.2 611.581 300 92
0 549.2 611.722 300 92
0 549.2 611.867 300 92
0 549.2 612.01 300 92
0 549.2 612.154 300 92
0 549.2 612.25 300 92
0 549.2 612.436 300 92
0 549.2 612.586 300 92
0 549.2 612.823 300 92
0 549.2 612.959 300 92
0 549.2 613.101 300 92
0 549.2 613.245 300 92
0 549.2 613.476 300 92
0 549.2 613.654 300 92
0 549.2 613.78 300 92
0 549.2 613.922 300 92
0 549.2 614.117 300 92
0 549.2 614.247 300 92
0 549.2 614.419 300 92
0 549.2 614.648 300 92
0 549.2 614.772 300 92
0 549.2 614.985 300 92
0 549.2 615.118 300 92
0 549.2 615.512 300 92
0 549.2 615.705 300 92
0 549.2 615.837 300 92
0 549.2 615.92 300 92
0 549.2 616.057 300 92
0 549.2 616.172 300 92
0 549.2 616.349 300 92
0 549.2 616.465 300 92
0 549.2 616.604 300 92
0 549.2 616.744 300 92
0 549.2 616.896 300 92
0 549.2 617.05 300 92
0 549.2 617.199 300 92
0 549.2 617.369 300 92
0 549.2 617.466 300 92
0 549.2 617.594 300 92
0 549.2 617.723 300 92
0 549.2 617.901 300 92
0 549.2 618.104 300 92
0 549.2 618.234 300 92
0 549.2 618.417 300 92
0 549.2 618.747 300 92
0 549.2 618.879 300 92
0 549.2 619.073 300 92
0 549.2 619.209 300 92
0 549.2 619.389 300 92
0 549.2 619.539 300 92
0 549.2 619.665 300 92
0 549.2 619.81 300 92
0 549.2 619.909 300 92
0 549.2 620.045 300 92
0 549.2 620.277 300 92
0 549.2 620.418 300 92
0 549.2 620.568 300 92
0 549.2 620.728 300 92
0 549.2 620.879 300 92
0 549.2 621.048 300 92
0 549.2 621.293 300 92
0 549.2 621.452 300 92
0 549.2 621.695 300 92
0 549.2 621.958 300 92
0 549.2 622.113 300 92
0 549.2 622.264 300 92
0 549.2 622.429 300 92
0 549.2 622.577 300 92
0 549.2 622.715 300 92
0 549.2 622.949 300 92
0 549.2 623.114 300 92
0 549.2 623.366 300 92
0 549.2 623.504 300 92
0 549.2 623.639 300 92
0 549.2 623.785 300 92
0 549.2 624.004 300 92
0 549.2 624.135 300 92
0 549.2 624.266 300 92
0 549.2 624.406 300 92
0 549.2 624.548 300 92
0 549.2 624.654 300 92
0 549.2 624.867 300 92
0 549.2 625.03 300 92
0 549.2 625.137 300 92
0 549.2 625.389 300 92
0 549.2 625.615 300 92
0 549.2 625.757 300 92
0 549.2 625.907 300 92
0 549.2 626.023 300 92
0 549.2 626.11 300 92
0 549.2 626.212 300 92
0 549.2 626.317 300 92
0 549.2 626.418 300 92
0 549.2 626.587 300 92
0 549.2 626.688 300 92
0 549.2 626.774 300 92
0 549.2 626.883 300 92
0 549.2 627.004 300 92
0 549.2 627.126 300 92
0 549.2 627.225 300 92
0 549.2 627.316 300 92
0 549.2 627.417 300 92
0 549.2 627.519 300 92
0 549.2 627.624 300 92
0 549.2 627.736 300 92
0 549.2 627.807 300 92
0 549.2 627.916 300 92
0 549.2 628.077 300 92
0 549.2 628.18 300 92
0 549.2 628.287 300 92
0 549.2 628.479 300 92
0 549.2 628.606 300 92
0 549.2 628.739 300 92
0 549.2 628.892 300 92
0 549.2 629.083 300 92
0 549.2 629.214 300 92
0 549.2 629.357 300 92
0 549.2 629.477 300 92
0 549.2 629.638 300 92
0 549.2 629.808 300 92
0 549.2 629.999 300 92
0 549.2 630.291 300 92
0 549.2 630.489 300 92
0 549.2 630.668 300 92
0 549.2 630.846 300 92
0 549.2 631.108 300 92
0 549.2 631.416 300 92
0 549.2 631.614 300 92
0 549.2 631.819 300 92
0 549.2 631.994 300 92
0 549.2 632.201 300 92
0 549.2 632.328 300 92
0 549.2 632.539 300 92
0 549.2 632.785 300 92
0 549.2 633.017 300 92
0 549.2 633.323 300 92
0 549.2 633.543 300 92
0 549.2 633.794 300 92
0 549.2 634.006 300 92
0 549.2 634.209 300 92
0 549.2 634.399 300 92
0 549.2 634.591 300 92
0 549.2 634.777 300 92
0 549.2 634.979 300 92
0 549.2 635.266 300 92
0 549.2 635.499 300 92
0 549.2 635.901 300 92
0 549.2 636.199 300 92
0 549.2 636.382 300 92
0 549.2 636.597 300 92
0 549.2 636.841 300 92
0 549.2 637.056 300 92
0 549.2 637.293 300 92
0 549.2 637.552 300 92
0 549.2 637.763 300 92
0 549.2 637.979 300 92
0 549.2 638.206 300 92
0 549.2 638.43 300 92
0 549.2 638.612 300 92
0 549.2 638.88 300 92
0 549.2 639.053 300 92
0 549.2 639.231 300 92
0 549.2 639.406 300 92
0 549.2 639.597 300 92
0 549.2 639.85 300 92
0 549.2 640.091 300 92
0 549.2 640.365 300 92
0 549.2 640.545 300 92
0 549.2 640.686 300 92
0 549.2 640.815 300 92
0 549.2 640.981 300 92
0 549.2 641.155 300 92
0 549.2 641.339 300 92
0 549.2 641.544 300 92
0 549.2 641.693 300 92
0 549.2 641.85 300 92
0 549.2 642.08 300 92
0 549.2 642.209 300 92
0 549.2 642.35 300 92
0 549.2 642.55 300 92
0 549.2 642.64 300 92
0 549.2 642.771 300 92
0 549.2 642.911 300 92
0 549.2 643.044 300 92
0 549.2 643.176 300 92
0 549.2 643.389 300 92
0 549.2 643.56 300 92
0 549.2 643.699 300 92
0 549.2 643.919 300 92
0 549.2 644.07 300 92
0 549.2 644.219 300 92
0 549.2 644.358 300 92
0 549.2 644.508 300 92
0 549.2 644.707 300 92
0 549.2 644.855 300 92
0 549.2 645.041 300 92
0 549.2 645.164 300 92
0 549.2 645.298 300 92
0 549.2 645.5 300 92
0 549.2 645.635 300 92
0 549.2 645.876 300 92
0 549.2 646.097 300 92
0 549.2 646.341 300 92
0 549.2 646.475 300 92
0 549.2 646.623 300 92
0 549.2 646.809 300 92
0 549.2 646.952 300 92
0 549.2 647.155 300 92
0 549.2 647.448 300 92
0 549.2 647.695 300 92
0 549.2 647.79 300 92
0 549.2 648.011 300 92
0 549.2 648.154 300 92
0 549.2 648.282 300 92
0 549.2 648.422 300 92
0 549.2 648.565 300 92
0 549.2 648.714 300 92
0 549.2 648.958 300 92
0 549.2 649.116 300 92
0 549.2 649.307 300 92
0 549.2 649.438 300 92
0 549.2 649.572 300 92
0 549.2 649.677 300 92
0 549.2 649.818 300 92
0 549.2 649.954 300 92
0 549.2 650.182 300 92
0 549.2 650.326 300 92
0 549.2 650.452 300 92
0 549.2 650.575 300 92
0 549.2 650.779 300 92
0 549.2 650.923 300 92
0 549.2 651.073 300 92
0 549.2 651.165 300 92
0 549.2 651.387 300 92
0 549.2 651.526 300 92
0 549.2 651.83 300 92
0 549.2 652.076 300 92
0 549.2 652.212 300 92
0 549.2 652.35 300 92
0 549.2 652.518 300 92
0 549.2 652.716 300 92
0 549.2 652.845 300 92
0 549.2 652.983 300 92
0 549.2 653.126 300 92
0 549.2 653.271 300 92
0 549.2 653.406 300 92
0 549.2 653.519 300 92
0 549.2 653.784 300 92
0 549.2 653.927 300 92
0 549.2 654.055 300 92
0 549.2 654.22 300 92
0 549.2 654.341 300 92
0 549.2 654.471 300 92
0 549.2 654.68 300 92
0 549.2 654.87 300 92
0 549.2 655.023 300 92
0 549.2 655.2 300 92
0 549.2 655.337 300 92
0 549.2 655.481 300 92
0 549.2 655.617 300 92
0 549.2 655.822 300 92
0 549.2 655.963 300 92
0 549.2 656.181 300 92
0 549.2 656.322 300 92
0 549.2 656.446 300 92
0 549.2 656.644 300 92
0 549.2 656.796 300 92
0 549.2 656.914 300 92
0 549.2 657.08 300 92
0 549.2 657.201 300 92
0 549.2 657.346 300 92
0 549.2 657.458 300 92
0 549.2 657.585 300 92
0 549.2 657.715 300 92
0 549.2 657.841 300 92
0 549.2 657.964 300 92
0 549.2 658.085 300 92
0 549.2 658.214 300 92
0 549.2 658.362 300 92
0 549.2 658.497 300 92
0 549.2 658.681 300 92
0 549.2 658.838 300 92
0 549.2 658.974 300 92
0 549.2 659.149 300 92
0 549.2 659.313 300 92
0 549.2 659.616 300 92
0 549.2 659.761 300 92
0 549.2 659.845 300 92
0 549.2 660.033 300 92
0 549.2 660.214 300 92
0 549.2 660.43 300 92
0 549.2 660.578 300 92
0 549.2 660.766 300 92
0 549.2 660.92 300 92
0 549.2 661.063 300 92
0 549.2 661.192 300 92
0 549.2 661.337 300 92
0 549.2 661.456 300 92
0 549.2 661.574 300 92
0 549.2 661.694 300 92
0 549.2 661.885 300 92
0 549.2 662.012 300 92
0 549.2 662.155 300 92
0 549.2 662.331 300 92
0 549.2 662.446 300 92
0 549.2 662.592 300 92
0 549.2 662.774 300 92
0 549.2 662.902 300 92
0 549.2 663.03 300 92
0 549.2 663.173 300 92
0 549.2 663.313 300 92
0 549.2 663.44 300 92
0 549.2 663.587 300 92
0 549.2 663.732 300 92
0 549.2 663.853 300 92
0 549.2 663.949 300 92
0 549.2 664.049 300 92
0 549.2 664.178 300 92
0 549.2 664.264 300 92
0 549.2 664.36 300 92
0 549.2 664.46 300 92
0 549.2 664.555 300 92
0 549.2 664.713 300 92
0 549.2 664.835 300 92
0 549.2 664.972 300 92
0 549.2 665.183 300 92
0 549.2 665.319 300 92
0 549.2 665.456 300 92
0 549.2 665.575 300 92
0 549.2 665.748 300 92
0 549.2 665.878 300 92
0 549.2 666.009 300 92
0 549.2 666.141 300 92
0 549.2 666.262 300 92
0 549.2 666.397 300 92
0 549.2 666.528 300 92
0 549.2 666.648 300 92
0 549.2 666.761 300 92
0 549.2 666.914 300 92
0 549.2 667.065 300 92
0 549.2 667.205 300 92
0 549.2 667.358 300 92
0 549.2 667.496 300 92
0 549.2 667.615 300 92
0 549.2 667.749 300 92
0 549.2 667.877 300 92
0 549.2 668.01 300 92
0 549.2 668.145 300 92
0 549.2 668.326 300 92
0 549.2 668.452 300 92
0 549.2 668.664 300 92
0 549.2 668.785 300 92
0 549.2 669.1 300 92
0 549.2 669.274 300 92
0 549.2 669.408 300 92
0 549.2 669.571 300 92
0 549.2 669.691 300 92
0 549.2 669.789 300 92
0 549.2 670.004 300 92
0 549.2 670.073 300 92
0 549.2 670.218 300 92
0 549.2 670.394 300 92
0 549.2 670.469 300 92
0 549.2 670.584 300 92
0 549.2 670.726 300 92
0 549.2 670.855 300 92
0 549.2 670.977 300 92
0 549.2 671.112 300 92
0 549.2 671.208 300 92
0 549.2 671.352 300 92
0 549.2 671.497 300 92
0 549.2 671.586 300 92
0 549.2 671.709 300 92
0 549.2 671.886 300 92
0 549.2 672.095 300 92
0 549.2 672.38 300 92
0 549.2 672.599 300 92
0 549.2 672.733 300 92
0 549.2 672.874 300 92
0 549.2 672.979 300 92
0 549.2 673.052 300 92
0 549.2 673.163 300 92
0 549.2 673.275 300 92
0 549.2 673.404 300 92
0 549.2 673.492 300 92
0 549.2 673.594 300 92
0 549.2 673.745 300 92
0 549.2 673.934 300 92
0 549.2 674.062 300 92
0 549.2 674.251 300 92
0 549.2 674.379 300 92
0 549.2 674.497 300 92
0 549.2 674.636 300 92
0 549.2 674.721 300 92
0 549.2 674.856 300 92
0 549.2 675.069 300 92
0 549.2 675.236 300 92
0 549.2 675.355 300 92
0 549.2 675.485 300 92
0 549.2 675.611 300 92
0 549.2 675.81 300 92
0 549.2 675.935 300 92
0 549.2 676.07 300 92
0 549.2 676.262 300 92
0 549.2 676.439 300 92
0 549.2 676.614 300 92
0 549.2 676.837 300 92
0 549.2 676.977 300 92
0 549.2 677.105 300 92
0 549.2 677.299 300 92
0 549.2 677.507 300 92
0 549.2 677.69 300 92
0 549.2 677.813 300 92
0 549.2 677.935 300 92
0 549.2 678.072 300 92
0 549.2 678.19 300 92
0 549.2 678.402 300 92
0 549.2 678.528 300 92
0 549.2 678.662 300 92
0 549.2 678.785 300 92
0 549.2 678.926 300 92
0 549.2 679.052 300 92
0 549.2 679.188 300 92
0 549.2 679.375 300 92
0 549.2 679.507 300 92
0 549.2 679.647 300 92
0 549.2 679.793 300 92
0 549.2 679.938 300 92
0 549.2 680.119 300 92
0 549.2 680.288 300 92
0 549.2 680.474 300 92
0 549.2 680.651 300 92
0 549.2 680.862 300 92
0 549.2 680.989 300 92
0 549.2 681.131 300 92
0 549.2 681.281 300 92
0 549.2 681.413 300 92
0 549.2 681.555 300 92
0 549.2 681.687 300 92
0 549.2 681.823 300 92
0 549.2 681.97 300 92
0 549.2 682.204 300 92
0 549.2 682.425 300 92
0 549.2 682.563 300 92
0 549.2 682.685 300 92
0 549.2 682.767 300 92
0 549.2 682.887 300 92
0 549.2 683.116 300 92
0 549.2 683.434 300 92
0 549.2 683.619 300 92
0 549.2 683.746 300 92
0 549.2 684.018 300 92
0 549.2 684.21 300 92
0 549.2 684.379 300 92
0 549.2 684.534 300 92
0 549.2 684.731 300 92
0 549.2 684.908 300 92
0 549.2 685.058 300 92
0 549.2 685.217 300 92
0 549.2 685.437 300 92
0 549.2 685.618 300 92
0 549.2 685.742 300 92
0 549.2 685.855 300 92
0 549.2 685.982 300 92
0 549.2 686.11 300 92
0 549.2 686.305 300 92
0 549.2 686.453 300 92
0 549.2 686.609 300 92
0 549.2 686.788 300 92
0 549.2 686.88 300 92
0 549.2 687.001 300 92
0 549.2 687.067 300 92
0 549.2 687.165 300 92
0 549.2 687.3 300 92
0 549.2 687.392 300 92
0 549.2 687.478 300 92
0 549.2 687.569 300 92
0 549.2 687.632 300 92
0 549.2 687.721 300 92
0 549.2 687.806 300 92
0 549.2 687.901 300 92
0 549.2 687.99 300 92
0 549.2 688.08 300 92
0 549.2 688.166 300 92
0 549.2 688.258 300 92
0 549.2 688.365 300 92
0 549.2 688.54 300 92
0 549.2 688.68 300 92
0 549.2 688.854 300 92
0 549.2 689.02 300 92
0 549.2 689.109 300 92
0 549.2 689.247 300 92
0 549.2 689.387 300 92
0 549.2 689.524 300 92
0 549.2 689.602 300 92
0 549.2 689.724 300 92
0 549.2 689.894 300 92
0 549.2 690.018 300 92
0 549.2 690.253 300 92
0 549.2 690.393 300 92
0 549.2 690.593 300 92
0 549.2 690.737 300 92
0 549.2 690.892 300 92
0 549.2 691.093 300 92
0 549.2 691.241 300 92
0 549.2 691.368 300 92
0 549.2 691.508 300 92
0 549.2 691.631 300 92
0 549.2 691.791 300 92
0 549.2 691.93 300 92
0 549.2 692.042 300 92
0 549.2 692.184 300 92
0 549.2 692.359 300 92
0 549.2 692.586 300 92
0 549.2 692.855 300 92
0 549.2 692.99 300 92
0 549.2 693.194 300 92
0 549.2 693.332 300 92
0 549.2 693.574 300 92
0 549.2 693.695 300 92
0 549.2 693.837 300 92
0 549.2 693.972 300 92
0 549.2 694.113 300 92
0 549.2 694.301 300 92
0 549.2 694.443 300 92
0 549.2 694.585 300 92
0 549.2 694.732 300 92
0 549.2 694.869 300 92
0 549.2 695.063 300 92
0 549.2 695.185 300 92
0 549.2 695.332 300 92
0 549.2 695.462 300 92
0 549.2 695.599 300 92
0 549.2 695.783 300 92
0 549.2 695.911 300 92
0 549.2 696.047 300 92
0 549.2 696.169 300 92
0 549.2 696.376 300 92
0 549.2 696.517 300 92
0 549.2 696.639 300 92
0 549.2 696.778 300 92
0 549.2 697.024 300 92
0 549.2 697.34 300 92
0 549.2 697.456 300 92
0 549.2 697.594 300 92
0 549.2 697.711 300 92
0 549.2 697.835 300 92
0 549.2 698.005 300 92
0 549.2 698.135 300 92
0 549.2 698.311 300 92
0 549.2 698.515 300 92
0 549.2 698.641 300 92
0 549.2 698.774 300 92
0 549.2 699.003 300 92
0 549.2 699.128 300 92
0 549.2 699.232 300 92
0 549.2 699.352 300 92
0 549.2 699.482 300 92
0 549.2 699.641 300 92
0 549.2 699.772 300 92
0 549.2 699.945 300 92
0 549.2 700.073 300 92
0 549.2 700.292 300 92
0 549.2 700.42 300 92
0 549.2 700.549 300 92
0 549.2 700.693 300 92
0 549.2 700.805 300 92
0 549.2 700.949 300 92
0 549.2 701.082 300 92
0 549.2 701.226 300 92
0 549.2 701.362 300 92
0 549.2 701.639 300 92
0 549.2 701.767 300 92
0 549.2 701.906 300 92
0 549.2 702.027 300 92
0 549.2 702.159 300 92
0 549.2 702.347 300 92
0 549.2 702.476 300 92
0 549.2 702.609 300 92
0 549.2 702.752 300 92
0 549.2 702.892 300 92
0 549.2 703.018 300 92
0 549.2 703.14 300 92
0 549.2 703.208 300 92
0 549.2 703.284 300 92
0 549.2 703.37 300 92
0 549.2 703.481 300 92
0 549.2 703.563 300 92
0 549.2 703.619 300 92
0 549.2 703.697 300 92
0 549.2 703.778 300 92
0 549.2 703.885 300 92
0 549.2 703.973 300 92
0 549.2 704.06 300 92
0 549.2 704.153 300 92
0 549.2 704.24 300 92
0 549.2 704.349 300 92
0 549.2 704.541 300 92
0 549.2 704.702 300 92
0 549.2 704.827 300 92
0 549.2 704.961 300 92
0 549.2 705.081 300 92
0 549.2 705.198 300 92
0 549.2 705.318 300 92
0 549.2 705.488 300 92
0 549.2 705.67 300 92
0 549.2 705.783 300 92
0 549.2 705.9 300 92
0 549.2 706.031 300 92
0 549.2 706.129 300 92
0 549.2 706.384 300 92
0 549.2 706.514 300 92
0 549.2 706.653 300 92
0 549.2 706.784 300 92
0 549.2 706.902 300 92
0 549.2 707.067 300 92
0 549.2 707.182 300 92
0 549.2 707.323 300 92
0 549.2 707.457 300 92
0 549.2 707.585 300 92
0 549.2 707.702 300 92
0 549.2 707.833 300 92
0 549.2 708.019 300 92
0 549.2 708.138 300 92
0 549.2 708.281 300 92
0 549.2 708.423 300 92
0 549.2 708.557 300 92
0 549.2 708.672 300 92
0 549.2 708.819 300 92
0 549.2 708.939 300 92
0 549.2 709.063 300 92
0 549.2 709.187 300 92
0 549.2 709.314 300 92
0 549.2 709.481 300 92
0 549.2 709.609 300 92
0 549.2 709.737 300 92
0 549.2 709.884 300 92
0 549.2 710.029 300 92
0 549.2 710.161 300 92
0 549.2 710.305 300 92
0 549.2 710.459 300 92
0 549.2 710.612 300 92
0 549.2 710.737 300 92
0 549.2 710.866 300 92
0 549.2 711.002 300 92
0 549.2 711.127 300 92
0 549.2 711.299 300 92
0 549.2 711.427 300 92
0 549.2 711.557 300 92
0 549.2 711.679 300 92
0 549.2 711.808 300 92
0 549.2 712.004 300 92
0 549.2 712.145 300 92
0 549.2 712.264 300 92
0 549.2 712.388 300 92
0 549.2 712.528 300 92
0 549.2 712.673 300 92
0 549.2 712.808 300 92
0 549.2 712.946 300 92
0 549.2 713.073 300 92
0 549.2 713.28 300 92
0 549.2 713.442 300 92
0 549.2 713.572 300 92
0 549.2 713.706 300 92
0 549.2 713.884 300 92
0 549.2 714.063 300 92
0 549.2 714.248 300 92
0 549.2 714.394 300 92
0 549.2 714.528 300 92
0 549.2 714.678 300 92
0 549.2 714.796 300 92
0 549.2 714.885 300 92
0 549.2 715.024 300 92
0 549.2 715.147 300 92
0 549.2 715.452 300 92
0 549.2 715.568 300 92
0 549.2 715.785 300 92
0 549.2 716.028 300 92
0 549.2 716.251 300 92
0 549.2 716.435 300 92
0 549.2 716.596 300 92
0 549.2 716.739 300 92
0 549.2 716.879 300 92
0 549.2 717.063 300 92
0 549.2 717.175 300 92
0 549.2 717.302 300 92
0 549.2 717.437 300 92
0 549.2 717.55 300 92
0 549.2 717.659 300 92
0 549.2 717.776 300 92
0 549.2 717.929 300 92
0 549.2 718.049 300 92
0 549.2 718.226 300 92
0 549.2 718.356 300 92
0 549.2 718.571 300 92
0 549.2 718.708 300 92
0 549.2 718.837 300 92
0 549.2 719.041 300 92
0 549.2 719.151 300 92
0 549.2 719.325 300 92
0 549.2 719.505 300 92
0 549.2 719.736 300 92
0 549.2 719.861 300 92
0 549.2 719.972 300 92
0 549.2 720.102 300 92
0 549.2 720.277 300 92
0 549.2 720.396 300 92
0 549.2 720.574 300 92
0 549.2 720.705 300 92
0 549.2 720.821 300 92
0 549.2 720.974 300 92
0 549.2 721.098 300 92
0 549.2 721.239 300 92
0 549.2 721.367 300 92
0 549.2 721.581 300 92
0 549.2 721.72 300 92
0 549.2 721.882 300 92
0 549.2 722.025 300 92
0 549.2 722.172 300 92
0 549.2 722.305 300 92
0 549.2 722.429 300 92
0 549.2 722.577 300 92
0 549.2 722.719 300 92
0 549.2 722.852 300 92
0 549.2 722.985 300 92
0 549.2 723.155 300 92
0 549.2 723.278 300 92
0 549.2 723.596 300 92
0 549.2 723.732 300 92
0 549.2 723.91 300 92
0 549.2 724.065 300 92
0 549.2 724.179 300 92
0 549.2 724.338 300 92
0 549.2 724.527 300 92
0 549.2 724.68 300 92
0 549.2 724.814 300 92
0 549.2 725.083 300 92
0 549.2 725.171 300 92
0 549.2 725.302 300 92
0 549.2 725.5 300 92
0 549.2 725.671 300 92
0 549.2 725.802 300 92
0 549.2 725.963 300 92
0 549.2 726.26 300 92
0 549.2 726.356 300 92
0 549.2 726.524 300 92
0 549.2 726.918 300 92
0 549.2 727.125 300 92
0 549.2 727.303 300 92
0 549.2 727.569 300 92
0 549.2 727.723 300 92
0 549.2 727.871 300 92
0 549.2 728.031 300 92
0 549.2 728.219 300 92
0 549.2 728.36 300 92
0 549.2 728.496 300 92
0 549.2 728.604 300 92
0 549.2 728.744 300 92
0 549.2 728.926 300 92
0 549.2 729.082 300 92
0 549.2 729.217 300 92
0 549.2 729.354 300 92
0 549.2 729.498 300 92
0 549.2 729.644 300 92
0 549.2 729.813 300 92
0 549.2 729.938 300 92
0 549.2 730.062 300 92
0 549.2 730.154 300 92
0 549.2 730.288 300 92
0 549.2 730.428 300 92
0 549.2 730.606 300 92
0 549.2 730.728 300 92
0 549.2 730.821 300 92
0 549.2 730.913 300 92
0 549.2 731.038 300 92
0 549.2 731.133 300 92
0 549.2 731.222 300 92
0 549.2 731.37 300 92
0 549.2 731.46 300 92
0 549.2 731.531 300 92
0 549.2 731.616 300 92
0 549.2 731.718 300 92
0 549.2 731.802 300 92
0 549.2 731.892 300 92
0 549.2 731.956 300 92
0 549.2 732.078 300 92
0 549.2 732.176 300 92
0 549.2 732.27 300 92
0 549.2 732.388 300 92
0 549.2 732.5 300 92
0 549.2 732.636 300 92
0 549.2 732.697 300 92
0 549.2 732.778 300 92
0 549.2 732.875 300 92
0 549.2 733.073 300 92
0 549.2 733.174 300 92
0 549.2 733.231 300 92
0 549.2 733.333 300 92
0 549.2 733.422 300 92
0 549.2 733.556 300 92
0 549.2 733.644 300 92
0 549.2 733.735 300 92
0 549.2 733.852 300 92
0 549.2 733.937 300 92
0 549.2 733.988 300 92
0 549.2 734.086 300 92
0 549.2 734.185 300 92
0 549.2 734.245 300 92
0 549.2 734.327 300 92
0 549.2 734.496 300 92
0 549.2 734.713 300 92
0 549.2 734.841 300 92
0 549.2 734.949 300 92
0 549.2 735.026 300 92
0 549.2 735.195 300 92
0 549.2 735.479 300 92
0 549.2 735.677 300 92
0 549.2 735.833 300 92
0 549.2 736.003 300 92
0 549.2 736.129 300 92
0 549.2 736.28 300 92
0 549.2 736.43 300 92
0 549.2 736.621 300 92
0 549.2 736.765 300 92
0 549.2 736.955 300 92
0 549.2 737.104 300 92
0 549.2 737.202 300 92
0 549.2 737.306 300 92
0 549.2 737.461 300 92
0 549.2 737.62 300 92
0 549.2 737.744 300 92
0 549.2 737.883 300 92
0 549.2 738.002 300 92
0 549.2 738.192 300 92
0 549.2 738.329 300 92
0 549.2 738.45 300 92
0 549.2 738.652 300 92
0 549.2 738.774 300 92
0 549.2 738.948 300 92
0 549.2 739.085 300 92
0 549.2 739.235 300 92
0 549.2 739.34 300 92
0 549.2 739.485 300 92
0 549.2 739.662 300 92
0 549.2 739.865 300 92
0 549.2 740.003 300 92
0 549.2 740.174 300 92
0 549.2 740.304 300 92
0 549.2 740.445 300 92
0 549.2 740.572 300 92
0 549.2 740.705 300 92
0 549.2 740.827 300 92
0 549.2 741.016 300 92
0 549.2 741.136 300 92
0 549.2 741.332 300 92
0 549.2 741.467 300 92
0 549.2 741.696 300 92
0 549.2 741.809 300 92
0 549.2 741.997 300 92
0 549.2 742.166 300 92
0 549.2 742.314 300 92
0 549.2 742.437 300 92
0 549.2 742.672 300 92
0 549.2 742.902 300 92
0 549.2 743.036 300 92
0 549.2 743.194 300 92
0 549.2 743.339 300 92
0 549.2 743.512 300 92
0 549.2 743.65 300 92
0 549.2 743.82 300 92
0 549.2 743.946 300 92
0 549.2 744.091 300 92
0 549.2 744.224 300 92
0 549.2 744.366 300 92
0 549.2 744.507 300 92
0 549.2 744.626 300 92
0 549.2 744.752 300 92
0 549.2 744.933 300 92
0 549.2 745.059 300 92
0 549.2 745.275 300 92
0 549.2 745.413 300 92
0 549.2 745.588 300 92
0 549.2 745.722 300 92
0 549.2 745.861 300 92
0 549.2 746.038 300 92
0 549.2 746.181 300 92
0 549.2 746.311 300 92
0 549.2 746.451 300 92
0 549.2 746.619 300 92
0 549.2 746.75 300 92
0 549.2 746.93 300 92
0 549.2 747.057 300 92
0 549.2 747.189 300 92
0 549.2 747.361 300 92
0 549.2 747.544 300 92
0 549.2 747.753 300 92
0 549.2 747.892 300 92
0 549.2 748.022 300 92
0 549.2 748.152 300 92
0 549.2 748.36 300 92
0 549.2 748.472 300 92
0 549.2 748.612 300 92
0 549.2 748.846 300 92
0 549.2 748.999 300 92
0 549.2 749.157 300 92
0 549.2 749.396 300 92
0 549.2 749.628 300 92
0 549.2 749.804 300 92
0 549.2 749.989 300 92
0 549.2 750.155 300 92
0 549.2 750.371 300 92
0 549.2 750.504 300 92
0 549.2 750.73 300 92
0 549.2 750.859 300 92
0 549.2 750.997 300 92
0 549.2 751.083 300 92
0 549.2 751.262 300 92
0 549.2 751.385 300 92
0 549.2 751.536 300 92
0 549.2 751.738 300 92
0 549.2 751.903 300 92
0 549.2 752.112 300 92
0 549.2 752.298 300 92
0 549.2 752.39 300 92
0 549.2 752.508 300 92
0 549.2 752.643 300 92
0 549.2 752.778 300 92
0 549.2 752.921 300 92
0 549.2 753.069 300 92
0 549.2 753.306 300 92
0 549.2 753.442 300 92
0 549.2 753.583 300 92
0 549.2 753.755 300 92
0 549.2 753.913 300 92
0 549.2 754.071 300 92
0 549.2 754.211 300 92
0 549.2 754.439 300 92
0 549.2 754.577 300 92
0 549.2 754.712 300 92
0 549.2 754.836 300 92
0 549.2 754.959 300 92
0 549.2 755.093 300 92
0 549.2 755.259 300 92
0 549.2 755.391 300 92
0 549.2 755.56 300 92
0 549.2 755.771 300 92
0 549.2 755.953 300 92
0 549.2 756.101 300 92
0 549.2 756.257 300 92
0 549.2 756.354 300 92
0 549.2 756.486 300 92
0 549.2 756.672 300 92
0 549.2 756.847 300 92
0 549.2 757.013 300 92
0 549.2 757.221 300 92
0 549.2 757.358 300 92
0 549.2 757.493 300 92
0 549.2 757.586 300 92
0 549.2 757.715 300 92
0 549.2 757.92 300 92
0 549.2 758.087 300 92
0 549.2 758.247 300 92
0 549.2 758.398 300 92
0 549.2 758.523 300 92
0 549.2 758.641 300 92
0 549.2 758.773 300 92
0 549.2 758.913 300 92
0 549.2 759.101 300 92
0 549.2 759.237 300 92
0 549.2 759.391 300 92
0 549.2 759.535 300 92
0 549.2 759.716 300 92
0 549.2 759.846 300 92
0 549.2 760.045 300 92
0 549.2 760.27 300 92
0 549.2 760.429 300 92
0 549.2 760.62 300 92
0 549.2 760.767 300 92
0 549.2 760.862 300 92
0 549.2 761.045 300 92
0 549.2 761.183 300 92
0 549.2 761.273 300 92
0 549.2 761.416 300 92
0 549.2 761.56 300 92
0 549.2 761.703 300 92
0 549.2 761.894 300 92
0 549.2 762.039 300 92
0 549.2 762.167 300 92
0 549.2 762.328 300 92
0 549.2 762.514 300 92
0 549.2 762.776 300 92
0 549.2 762.912 300 92
0 549.2 763.008 300 92
0 549.2 763.216 300 92
0 549.2 763.311 300 92
0 549.2 763.395 300 92
0 549.2 763.523 300 92
0 549.2 763.66 300 92
0 549.2 763.785 300 92
0 549.2 763.905 300 92
0 549.2 764.058 300 92
0 549.2 764.18 300 92
0 549.2 764.269 300 92
0 549.2 764.385 300 92
0 549.2 764.667 300 92
0 549.2 764.782 300 92
0 549.2 765.005 300 92
0 549.2 765.08 300 92
0 549.2 765.211 300 92
0 549.2 765.402 300 92
0 549.2 765.546 300 92
0 549.2 765.68 300 92
0 549.2 765.798 300 92
0 549.2 765.94 300 92
0 549.2 766.067 300 92
0 549.2 766.23 300 92
0 549.2 766.354 300 92
0 549.2 766.522 300 92
0 549.2 766.703 300 92
0 549.2 766.831 300 92
0 549.2 766.962 300 92
0 549.2 767.098 300 92
0 549.2 767.235 300 92
0 549.2 767.377 300 92
0 549.2 767.554 300 92
0 549.2 767.641 300 92
0 549.2 767.77 300 92
0 549.2 767.937 300 92
0 549.2 768.074 300 92
0 549.2 768.19 300 92
0 549.2 768.304 300 92
0 549.2 768.451 300 92
0 549.2 768.636 300 92
0 549.2 768.764 300 92
0 549.2 768.956 300 92
0 549.2 769.085 300 92
0 549.2 769.221 300 92
0 549.2 769.369 300 92
0 549.2 769.452 300 92
0 549.2 769.624 300 92
0 549.2 769.745 300 92
0 549.2 769.867 300 92
0 549.2 769.993 300 92
0 549.2 770.129 300 92
0 549.2 770.254 300 92
0 549.2 770.377 300 92
0 549.2 770.524 300 92
0 549.2 770.671 300 92
0 549.2 770.851 300 92
0 549.2 770.978 300 92
0 549.2 771.172 300 92
0 549.2 771.314 300 92
0 549.2 771.488 300 92
0 549.2 771.654 300 92
0 549.2 771.785 300 92
0 549.2 771.926 300 92
0 549.2 772.051 300 92
0 549.2 772.138 300 92
0 549.2 772.272 300 92
0 549.2 772.431 300 92
0 549.2 772.562 300 92
0 549.2 772.706 300 92
0 549.2 772.843 300 92
0 549.2 772.972 300 92
0 549.2 773.114 300 92
0 549.2 773.249 300 92
0 549.2 773.388 300 92
0 549.2 773.534 300 92
0 549.2 773.656 300 92
0 549.2 773.735 300 92
0 549.2 773.904 300 92
0 549.2 774.135 300 92
0 549.2 774.298 300 92
0 549.2 774.387 300 92
0 549.2 774.636 300 92
0 549.2 774.816 300 92
0 549.2 774.985 300 92
0 549.2 775.158 300 92
0 549.2 775.331 300 92
0 549.2 775.464 300 92
0 549.2 775.603 300 92
0 549.2 775.732 300 92
0 549.2 775.827 300 92
0 549.2 776.097 300 92
0 549.2 776.225 300 92
0 549.2 776.441 300 92
0 549.2 776.564 300 92
0 549.2 776.691 300 92
0 549.2 776.843 300 92
0 549.2 776.986 300 92
0 549.2 777.159 300 92
0 549.2 777.288 300 92
0 549.2 777.418 300 92
0 549.2 777.59 300 92
0 549.2 777.777 300 92
0 549.2 778.025 300 92
0 549.2 778.155 300 92
0 549.2 778.335 300 92
0 549.2 778.533 300 92
0 549.2 778.76 300 92
0 549.2 778.904 300 92
0 549.2 779.101 300 92
0 549.2 779.214 300 92
0 549.2 779.361 300 92
0 549.2 779.493 300 92
0 549.2 779.606 300 92
0 549.2 779.795 300 92
0 549.2 779.923 300 92
0 549.2 780.052 300 92
0 549.2 780.176 300 92
0 549.2 780.263 300 92
0 549.2 780.388 300 92
0 549.2 780.507 300 92
0 549.2 780.715 300 92
0 549.2 780.918 300 92
0 549.2 781.054 300 92
0 549.2 781.264 300 92
0 549.2 781.483 300 92
0 549.2 781.642 300 92
0 549.2 781.808 300 92
0 549.2 781.954 300 92
0 549.2 782.084 300 92
0 549.2 782.283 300 92
0 549.2 782.402 300 92
0 549.2 782.542 300 92
0 549.2 782.725 300 92
0 549.2 782.883 300 92
0 549.2 783.021 300 92
0 549.2 783.182 300 92
0 549.2 783.399 300 92
0 549.2 783.498 300 92
0 549.2 783.584 300 92
0 549.2 783.722 300 92
0 549.2 783.814 300 92
0 549.2 783.973 300 92
0 549.2 784.12 300 92
0 549.2 784.323 300 92
0 549.2 784.488 300 92
0 549.2 784.581 300 92
0 549.2 784.718 300 92
0 549.2 784.909 300 92
0 549.2 785.089 300 92
0 549.2 785.211 300 92
0 549.2 785.329 300 92
0 549.2 785.466 300 92
0 549.2 785.613 300 92
0 549.2 785.732 300 92
0 549.2 785.864 300 92
0 549.2 785.997 300 92
0 549.2 786.118 300 92
0 549.2 786.247 300 92
0 549.2 786.376 300 92
0 549.2 786.514 300 92
0 549.2 786.66 300 92
0 549.2 786.82 300 92
0 549.2 786.936 300 92
0 549.2 787.071 300 92
0 549.2 787.283 300 92
0 549.2 787.387 300 92
0 549.2 787.465 300 92
0 549.2 787.556 300 92
0 549.2 787.696 300 92
0 549.2 787.792 300 92
0 549.2 787.849 300 92
0 549.2 787.904 300 92
0 549.2 788.002 300 92
0 549.2 788.093 300 92
0 549.2 788.188 300 92
0 549.2 788.288 300 92
0 549.2 788.392 300 92
0 549.2 788.519 300 92
0 549.2 788.603 300 92
0 549.2 788.737 300 92
0 549.2 788.837 300 92
0 549.2 788.956 300 92
0 549.2 789.067 300 92
0 549.2 789.23 300 92
0 549.2 789.372 300 92
0 549.2 789.494 300 92
0 549.2 789.63 300 92
0 549.2 789.719 300 92
0 549.2 789.872 300 92
0 549.2 790.063 300 92
0 549.2 790.196 300 92
0 549.2 790.336 300 92
0 549.2 790.514 300 92
0 549.2 790.654 300 92
0 549.2 790.813 300 92
0 549.2 790.929 300 92
0 549.2 791.052 300 92
0 549.2 791.186 300 92
0 549.2 791.267 300 92
0 549.2 791.405 300 92
0 549.2 791.498 300 92
0 549.2 791.629 300 92
0 549.2 791.763 300 92
0 549.2 791.893 300 92
0 549.2 792.036 300 92
0 549.2 792.171 300 92
0 549.2 792.315 300 92
0 549.2 792.454 300 92
0 549.2 792.547 300 92
0 549.2 792.697 300 92
0 549.2 792.822 300 92
0 549.2 792.941 300 92
0 549.2 793.114 300 92
0 549.2 793.318 300 92
0 549.2 793.522 300 92
0 549.2 793.655 300 92
0 549.2 793.774 300 92
0 549.2 793.944 300 92
0 549.2 794.064 300 92
0 549.2 794.309 300 92
0 549.2 794.46 300 92
0 549.2 794.596 300 92
0 549.2 794.735 300 92
0 549.2 794.854 300 92
0 549.2 795.043 300 92
0 549.2 795.205 300 92
0 549.2 795.38 300 92
0 549.2 795.517 300 92
0 549.2 795.631 300 92
0 549.2 795.756 300 92
0 549.2 795.903 300 92
0 549.2 796.039 300 92
0 549.2 796.215 300 92
0 549.2 796.347 300 92
0 549.2 796.487 300 92
0 549.2 796.589 300 92
0 549.2 796.724 300 92
0 549.2 796.84 300 92
0 549.2 796.978 300 92
0 549.2 797.112 300 92
0 549.2 797.228 300 92
0 549.2 797.477 300 92
0 549.2 797.716 300 92
0 549.2 797.84 300 92
0 549.2 797.977 300 92
0 549.2 798.163 300 92
0 549.2 798.236 300 92
0 549.2 798.355 300 92
0 549.2 798.438 300 92
0 549.2 798.524 300 92
0 549.2 798.622 300 92
0 549.2 798.863 300 92
0 549.2 798.955 300 92
0 549.2 799.084 300 92
0 549.2 799.207 300 92
0 549.2 799.328 300 92
0 549.2 799.442 300 92
0 549.2 799.567 300 92
0 549.2 799.749 300 92
0 549.2 799.912 300 92
0 549.2 800.007 300 92
